test_id,rate_hz,seq,station_id,sent_at,elapsed_s,generation_delta_time,payload_bytes,raw_hex,tx_ok,tx_ack,tx_latency_ms,serial_error
2730,10,1,2862612481,2026-07-14T15:24:39.707137+00:00,0.000374,13723,41,0202aaa00001359b005a5811460e29efbf1ffffffc2246cd1e00000fc0007ebfe9ed0737feebfff600,1,TX 41 seq=15717 rx_latency=1ms tx_dur=1ms,14.587,
2730,10,2,2862612482,2026-07-14T15:24:45.377903+00:00,5.671076,19393,41,0202aaa000024bc1005a5811460e29efbf1ffffffc2246cd1e00000fc0007ebfe9ed0737feebfff600,1,TX 41 seq=15718 rx_latency=1ms tx_dur=1ms,21.101,
2730,10,3,2862612483,2026-07-14T15:24:45.399838+00:00,5.692988,19415,41,0202aaa000034bd7005a5811460e29efbf1ffffffc2246cd1e00000fc0007ebfe9ed0737feebfff600,1,TX 41 seq=15719 rx_latency=1ms tx_dur=1ms,20.885,
2730,10,4,2862612484,2026-07-14T15:24:45.421488+00:00,5.714636,19437,41,0202aaa000044bed005a5811460e29efbf1ffffffc2246cd1e00000fc0007ebfe9ed0737feebfff600,1,TX 41 seq=15720 rx_latency=1ms tx_dur=1ms,20.797,
2730,10,5,2862612485,2026-07-14T15:24:45.442986+00:00,5.736132,19458,41,0202aaa000054c02005a5811460e29efbf1ffffffc2246cd1e00000fc0007ebfe9ed0737feebfff600,1,TX 41 seq=15721 rx_latency=1ms tx_dur=1ms,21.706,
2730,10,6,2862612486,2026-07-14T15:24:45.465394+00:00,5.758540,19481,41,0202aaa000064c19005a5811460e29efbf1ffffffc2246cd1e00000fc0007ebfe9ed0737feebfff600,1,TX 41 seq=15722 rx_latency=1ms tx_dur=1ms,20.900,
2730,10,7,2862612487,2026-07-14T15:24:45.486986+00:00,5.780132,19502,41,0202aaa000074c2e005a5811460e29efbf1ffffffc2246cd1e00000fc0007ebfe9ed0737feebfff600,1,TX 41 seq=15723 rx_latency=1ms tx_dur=1ms,21.457,
2730,10,8,2862612488,2026-07-14T15:24:45.509126+00:00,5.802269,19525,41,0202aaa000084c45005a5811460e29efbf1ffffffc2246cd1e00000fc0007ebfe9ed0737feebfff600,1,TX 41 seq=15724 rx_latency=1ms tx_dur=1ms,22.049,
2730,10,9,2862612489,2026-07-14T15:24:45.531858+00:00,5.825005,19547,41,0202aaa000094c5b005a5811460e29efbf1ffffffc2246cd1e00000fc0007ebfe9ed0737feebfff600,1,TX 41 seq=15725 rx_latency=1ms tx_dur=1ms,20.273,
2730,10,10,2862612490,2026-07-14T15:24:45.552881+00:00,5.846026,19568,41,0202aaa0000a4c70005a5811460e29efbf1ffffffc2246cd1e00000fc0007ebfe9ed0737feebfff600,1,TX 41 seq=15726 rx_latency=1ms tx_dur=1ms,22.019,
2730,10,11,2862612491,2026-07-14T15:24:45.575597+00:00,5.868742,19591,41,0202aaa0000b4c87005a5811460e29efbf1ffffffc2246cd1e00000fc0007ebfe9ed0737feebfff600,1,TX 41 seq=15727 rx_latency=1ms tx_dur=1ms,21.447,
2730,10,12,2862612492,2026-07-14T15:24:45.597775+00:00,5.890919,19613,41,0202aaa0000c4c9d005a5811460e29efbf1ffffffc2246cd1e00000fc0007ebfe9ed0737feebfff600,1,TX 41 seq=15728 rx_latency=1ms tx_dur=1ms,20.574,
2730,10,13,2862612493,2026-07-14T15:24:45.619033+00:00,5.912178,19635,41,0202aaa0000d4cb3005a5811460e29efbf1ffffffc2246cd1e00000fc0007ebfe9ed0737feebfff600,1,TX 41 seq=15729 rx_latency=1ms tx_dur=1ms,21.929,
2730,10,14,2862612494,2026-07-14T15:24:45.641642+00:00,5.934786,19657,41,0202aaa0000e4cc9005a5811460e29efbf1ffffffc2246cd1e00000fc0007ebfe9ed0737feebfff600,1,TX 41 seq=15730 rx_latency=1ms tx_dur=1ms,20.935,
2730,10,15,2862612495,2026-07-14T15:24:45.663244+00:00,5.956388,19679,41,0202aaa0000f4cdf005a5811460e29efbf1ffffffc2246cd1e00000fc0007ebfe9ed0737feebfff600,1,TX 41 seq=15731 rx_latency=1ms tx_dur=1ms,21.478,
2730,10,16,2862612496,2026-07-14T15:24:45.685401+00:00,5.978546,19701,41,0202aaa000104cf5005a5811460e29efbf1ffffffc2246cd1e00000fc0007ebfe9ed0737feebfff600,1,TX 41 seq=15732 rx_latency=1ms tx_dur=1ms,20.924,
2730,10,17,2862612497,2026-07-14T15:24:45.707002+00:00,6.000147,19722,41,0202aaa000114d0a005a5811460e29efbf1ffffffc2246cd1e00000fc0007ebfe9ed0737feebfff600,1,TX 41 seq=15733 rx_latency=1ms tx_dur=1ms,21.463,
2730,10,18,2862612498,2026-07-14T15:24:45.729155+00:00,6.022300,19745,41,0202aaa000124d21005a5811460e29efbf1ffffffc2246cd1e00000fc0007ebfe9ed0737feebfff600,1,TX 41 seq=15734 rx_latency=1ms tx_dur=1ms,22.037,
2730,10,19,2862612499,2026-07-14T15:24:45.751865+00:00,6.045009,19767,41,0202aaa000134d37005a5811460e29efbf1ffffffc2246cd1e00000fc0007ebfe9ed0737feebfff600,1,TX 41 seq=15735 rx_latency=1ms tx_dur=1ms,20.324,
2730,10,20,2862612500,2026-07-14T15:24:45.772899+00:00,6.066043,19788,41,0202aaa000144d4c005a5811460e29efbf1ffffffc2246cd1e00000fc0007ebfe9ed0737feebfff600,1,TX 41 seq=15736 rx_latency=1ms tx_dur=1ms,22.044,
2730,10,21,2862612501,2026-07-14T15:24:45.795648+00:00,6.088794,19811,41,0202aaa000154d63005a5811460e29efbf1ffffffc2246cd1e00000fc0007ebfe9ed0737feebfff600,1,TX 41 seq=15737 rx_latency=1ms tx_dur=1ms,21.396,
2730,10,22,2862612502,2026-07-14T15:24:45.817790+00:00,6.110937,19833,41,0202aaa000164d79005a5811460e29efbf1ffffffc2246cd1e00000fc0007ebfe9ed0737feebfff600,1,TX 41 seq=15738 rx_latency=1ms tx_dur=1ms,20.579,
2730,10,23,2862612503,2026-07-14T15:24:45.839058+00:00,6.132202,19855,41,0202aaa000174d8f005a5811460e29efbf1ffffffc2246cd1e00000fc0007ebfe9ed0737feebfff600,1,TX 41 seq=15739 rx_latency=1ms tx_dur=1ms,21.933,
2730,10,24,2862612504,2026-07-14T15:24:45.861669+00:00,6.154812,19877,41,0202aaa000184da5005a5811460e29efbf1ffffffc2246cd1e00000fc0007ebfe9ed0737feebfff600,1,TX 41 seq=15740 rx_latency=1ms tx_dur=1ms,20.936,
2730,10,25,2862612505,2026-07-14T15:24:45.883269+00:00,6.176413,19899,41,0202aaa000194dbb005a5811460e29efbf1ffffffc2246cd1e00000fc0007ebfe9ed0737feebfff600,1,TX 41 seq=15741 rx_latency=1ms tx_dur=1ms,21.488,
2730,10,26,2862612506,2026-07-14T15:24:45.905420+00:00,6.198563,19921,41,0202aaa0001a4dd1005a5811460e29efbf1ffffffc2246cd1e00000fc0007ebfe9ed0737feebfff600,1,TX 41 seq=15742 rx_latency=1ms tx_dur=1ms,20.945,
2730,10,27,2862612507,2026-07-14T15:24:45.927031+00:00,6.220175,19943,41,0202aaa0001b4de7005a5811460e29efbf1ffffffc2246cd1e00000fc0007ebfe9ed0737feebfff600,1,TX 41 seq=15743 rx_latency=1ms tx_dur=1ms,21.475,
2730,10,28,2862612508,2026-07-14T15:24:45.949188+00:00,6.242331,19965,41,0202aaa0001c4dfd005a5811460e29efbf1ffffffc2246cd1e00000fc0007ebfe9ed0737feebfff600,1,TX 41 seq=15744 rx_latency=1ms tx_dur=1ms,20.930,
2730,10,29,2862612509,2026-07-14T15:24:45.970786+00:00,6.263930,19986,41,0202aaa0001d4e12005a5811460e29efbf1ffffffc2246cd1e00000fc0007ebfe9ed0737feebfff600,1,TX 41 seq=15745 rx_latency=1ms tx_dur=1ms,21.477,
2730,10,30,2862612510,2026-07-14T15:24:45.992931+00:00,6.286076,20008,41,0202aaa0001e4e28005a5811460e29efbf1ffffffc2246cd1e00000fc0007ebfe9ed0737feebfff600,1,TX 41 seq=15746 rx_latency=1ms tx_dur=1ms,22.049,
2730,10,31,2862612511,2026-07-14T15:24:46.015644+00:00,6.308788,20031,41,0202aaa0001f4e3f005a5811460e29efbf1ffffffc2246cd1e00000fc0007ebfe9ed0737feebfff600,1,TX 41 seq=15747 rx_latency=1ms tx_dur=1ms,21.417,
2730,10,32,2862612512,2026-07-14T15:24:46.037786+00:00,6.330930,20053,41,0202aaa000204e55005a5811460e29efbf1ffffffc2246cd1e00000fc0007ebfe9ed0737feebfff600,1,TX 41 seq=15748 rx_latency=1ms tx_dur=1ms,20.626,
2730,10,33,2862612513,2026-07-14T15:24:46.059082+00:00,6.352225,20075,41,0202aaa000214e6b005a5811460e29efbf1ffffffc2246cd1e00000fc0007ebfe9ed0737feebfff600,1,TX 41 seq=15749 rx_latency=1ms tx_dur=1ms,21.938,
2730,10,34,2862612514,2026-07-14T15:24:46.081688+00:00,6.374831,20097,41,0202aaa000224e81005a5811460e29efbf1ffffffc2246cd1e00000fc0007ebfe9ed0737feebfff600,1,TX 41 seq=15750 rx_latency=1ms tx_dur=1ms,20.945,
2730,10,35,2862612515,2026-07-14T15:24:46.103301+00:00,6.396445,20119,41,0202aaa000234e97005a5811460e29efbf1ffffffc2246cd1e00000fc0007ebfe9ed0737feebfff600,1,TX 41 seq=15751 rx_latency=1ms tx_dur=1ms,21.478,
2730,10,36,2862612516,2026-07-14T15:24:46.125449+00:00,6.418592,20141,41,0202aaa000244ead005a5811460e29efbf1ffffffc2246cd1e00000fc0007ebfe9ed0737feebfff600,1,TX 41 seq=15752 rx_latency=1ms tx_dur=1ms,20.946,
2730,10,37,2862612517,2026-07-14T15:24:46.147057+00:00,6.440201,20163,41,0202aaa000254ec3005a5811460e29efbf1ffffffc2246cd1e00000fc0007ebfe9ed0737feebfff600,1,TX 41 seq=15753 rx_latency=1ms tx_dur=1ms,21.473,
2730,10,38,2862612518,2026-07-14T15:24:46.169200+00:00,6.462344,20185,41,0202aaa000264ed9005a5811460e29efbf1ffffffc2246cd1e00000fc0007ebfe9ed0737feebfff600,1,TX 41 seq=15754 rx_latency=1ms tx_dur=1ms,20.953,
2730,10,39,2862612519,2026-07-14T15:24:46.190811+00:00,6.483956,20206,41,0202aaa000274eee005a5811460e29efbf1ffffffc2246cd1e00000fc0007ebfe9ed0737feebfff600,1,TX 41 seq=15755 rx_latency=1ms tx_dur=1ms,21.472,
2730,10,40,2862612520,2026-07-14T15:24:46.213014+00:00,6.506160,20229,41,0202aaa000284f05005a5811460e29efbf1ffffffc2246cd1e00000fc0007ebfe9ed0737feebfff600,1,TX 41 seq=15756 rx_latency=1ms tx_dur=1ms,21.984,
2730,10,41,2862612521,2026-07-14T15:24:46.235675+00:00,6.528819,20251,41,0202aaa000294f1b005a5811460e29efbf1ffffffc2246cd1e00000fc0007ebfe9ed0737feebfff600,1,TX 41 seq=15757 rx_latency=1ms tx_dur=1ms,21.424,
2730,10,42,2862612522,2026-07-14T15:24:46.257820+00:00,6.550965,20273,41,0202aaa0002a4f31005a5811460e29efbf1ffffffc2246cd1e00000fc0007ebfe9ed0737feebfff600,1,TX 41 seq=15758 rx_latency=1ms tx_dur=1ms,20.624,
2730,10,43,2862612523,2026-07-14T15:24:46.279115+00:00,6.572260,20295,41,0202aaa0002b4f47005a5811460e29efbf1ffffffc2246cd1e00000fc0007ebfe9ed0737feebfff600,1,TX 41 seq=15759 rx_latency=1ms tx_dur=1ms,21.935,
2730,10,44,2862612524,2026-07-14T15:24:46.301721+00:00,6.594865,20317,41,0202aaa0002c4f5d005a5811460e29efbf1ffffffc2246cd1e00000fc0007ebfe9ed0737feebfff600,1,TX 41 seq=15760 rx_latency=1ms tx_dur=1ms,21.286,
2730,10,45,2862612525,2026-07-14T15:24:46.323690+00:00,6.616836,20339,41,0202aaa0002d4f73005a5811460e29efbf1ffffffc2246cd1e00000fc0007ebfe9ed0737feebfff600,1,TX 41 seq=15761 rx_latency=1ms tx_dur=1ms,21.192,
2730,10,46,2862612526,2026-07-14T15:24:46.345607+00:00,6.638751,20361,41,0202aaa0002e4f89005a5811460e29efbf1ffffffc2246cd1e00000fc0007ebfe9ed0737feebfff600,1,TX 41 seq=15762 rx_latency=1ms tx_dur=1ms,20.941,
2730,10,47,2862612527,2026-07-14T15:24:46.367213+00:00,6.660356,20383,41,0202aaa0002f4f9f005a5811460e29efbf1ffffffc2246cd1e00000fc0007ebfe9ed0737feebfff600,1,TX 41 seq=15763 rx_latency=1ms tx_dur=1ms,21.472,
2730,10,48,2862612528,2026-07-14T15:24:46.389359+00:00,6.682502,20405,41,0202aaa000304fb5005a5811460e29efbf1ffffffc2246cd1e00000fc0007ebfe9ed0737feebfff600,1,TX 41 seq=15764 rx_latency=1ms tx_dur=1ms,20.943,
2730,10,49,2862612529,2026-07-14T15:24:46.410970+00:00,6.704113,20426,41,0202aaa000314fca005a5811460e29efbf1ffffffc2246cd1e00000fc0007ebfe9ed0737feebfff600,1,TX 41 seq=15765 rx_latency=1ms tx_dur=1ms,21.474,
2730,10,50,2862612530,2026-07-14T15:24:46.433113+00:00,6.726257,20449,41,0202aaa000324fe1005a5811460e29efbf1ffffffc2246cd1e00000fc0007ebfe9ed0737feebfff600,1,TX 41 seq=15766 rx_latency=1ms tx_dur=1ms,22.062,
2730,10,51,2862612531,2026-07-14T15:24:46.455840+00:00,6.748982,20471,41,0202aaa000334ff7005a5811460e29efbf1ffffffc2246cd1e00000fc0007ebfe9ed0737feebfff600,1,TX 41 seq=15767 rx_latency=1ms tx_dur=1ms,20.311,
2730,10,52,2862612532,2026-07-14T15:24:46.476872+00:00,6.770017,20492,41,0202aaa00034500c005a5811460e29efbf1ffffffc2246cd1e00000fc0007ebfe9ed0737feebfff600,1,TX 41 seq=15768 rx_latency=1ms tx_dur=1ms,22.042,
2730,10,53,2862612533,2026-07-14T15:24:46.499582+00:00,6.792726,20515,41,0202aaa000355023005a5811460e29efbf1ffffffc2246cd1e00000fc0007ebfe9ed0737feebfff600,1,TX 41 seq=15769 rx_latency=1ms tx_dur=1ms,21.457,
2730,10,54,2862612534,2026-07-14T15:24:46.521759+00:00,6.814903,20537,41,0202aaa000365039005a5811460e29efbf1ffffffc2246cd1e00000fc0007ebfe9ed0737feebfff600,1,TX 41 seq=15770 rx_latency=1ms tx_dur=1ms,20.590,
2730,10,55,2862612535,2026-07-14T15:24:46.543030+00:00,6.836176,20559,41,0202aaa00037504f005a5811460e29efbf1ffffffc2246cd1e00000fc0007ebfe9ed0737feebfff600,1,TX 41 seq=15771 rx_latency=1ms tx_dur=1ms,21.942,
2730,10,56,2862612536,2026-07-14T15:24:46.565685+00:00,6.858839,20581,41,0202aaa000385065005a5811460e29efbf1ffffffc2246cd1e00000fc0007ebfe9ed0737feebfff600,1,TX 41 seq=15772 rx_latency=1ms tx_dur=1ms,20.532,
2730,10,57,2862612537,2026-07-14T15:24:46.586942+00:00,6.880090,20602,41,0202aaa00039507a005a5811460e29efbf1ffffffc2246cd1e00000fc0007ebfe9ed0737feebfff600,1,TX 41 seq=15773 rx_latency=1ms tx_dur=1ms,22.161,
2730,10,58,2862612538,2026-07-14T15:24:46.609795+00:00,6.902940,20625,41,0202aaa0003a5091005a5811460e29efbf1ffffffc2246cd1e00000fc0007ebfe9ed0737feebfff600,1,TX 41 seq=15774 rx_latency=1ms tx_dur=1ms,20.561,
2730,10,59,2862612539,2026-07-14T15:24:46.631042+00:00,6.924187,20647,41,0202aaa0003b50a7005a5811460e29efbf1ffffffc2246cd1e00000fc0007ebfe9ed0737feebfff600,1,TX 41 seq=15775 rx_latency=1ms tx_dur=1ms,21.935,
2730,10,60,2862612540,2026-07-14T15:24:46.653685+00:00,6.946831,20669,41,0202aaa0003c50bd005a5811460e29efbf1ffffffc2246cd1e00000fc0007ebfe9ed0737feebfff600,1,TX 41 seq=15776 rx_latency=1ms tx_dur=1ms,20.884,
2730,10,61,2862612541,2026-07-14T15:24:46.675255+00:00,6.968400,20691,41,0202aaa0003d50d3005a5811460e29efbf1ffffffc2246cd1e00000fc0007ebfe9ed0737feebfff600,1,TX 41 seq=15777 rx_latency=1ms tx_dur=1ms,21.469,
2730,10,62,2862612542,2026-07-14T15:24:46.697399+00:00,6.990544,20713,41,0202aaa0003e50e9005a5811460e29efbf1ffffffc2246cd1e00000fc0007ebfe9ed0737feebfff600,1,TX 41 seq=15778 rx_latency=1ms tx_dur=1ms,20.948,
2730,10,63,2862612543,2026-07-14T15:24:46.719009+00:00,7.012153,20735,41,0202aaa0003f50ff005a5811460e29efbf1ffffffc2246cd1e00000fc0007ebfe9ed0737feebfff600,1,TX 41 seq=15779 rx_latency=1ms tx_dur=1ms,21.491,
2730,10,64,2862612544,2026-07-14T15:24:46.741201+00:00,7.034352,20757,41,0202aaa000405115005a5811460e29efbf1ffffffc2246cd1e00000fc0007ebfe9ed0737feebfff600,1,TX 41 seq=15780 rx_latency=1ms tx_dur=1ms,21.647,
2730,10,65,2862612545,2026-07-14T15:24:46.763568+00:00,7.056714,20779,41,0202aaa00041512b005a5811460e29efbf1ffffffc2246cd1e00000fc0007ebfe9ed0737feebfff600,1,TX 41 seq=15781 rx_latency=1ms tx_dur=1ms,20.961,
2730,10,66,2862612546,2026-07-14T15:24:46.785279+00:00,7.078424,20801,41,0202aaa000425141005a5811460e29efbf1ffffffc2246cd1e00000fc0007ebfe9ed0737feebfff600,1,TX 41 seq=15782 rx_latency=1ms tx_dur=1ms,20.814,
2730,10,67,2862612547,2026-07-14T15:24:46.806774+00:00,7.099918,20822,41,0202aaa000435156005a5811460e29efbf1ffffffc2246cd1e00000fc0007ebfe9ed0737feebfff600,1,TX 41 seq=15783 rx_latency=1ms tx_dur=1ms,21.719,
2730,10,68,2862612548,2026-07-14T15:24:46.829163+00:00,7.122307,20845,41,0202aaa00044516d005a5811460e29efbf1ffffffc2246cd1e00000fc0007ebfe9ed0737feebfff600,1,TX 41 seq=15784 rx_latency=1ms tx_dur=1ms,20.948,
2730,10,69,2862612549,2026-07-14T15:24:46.850785+00:00,7.143929,20866,41,0202aaa000455182005a5811460e29efbf1ffffffc2246cd1e00000fc0007ebfe9ed0737feebfff600,1,TX 41 seq=15785 rx_latency=1ms tx_dur=1ms,21.462,
2730,10,70,2862612550,2026-07-14T15:24:46.872924+00:00,7.166068,20888,41,0202aaa000465198005a5811460e29efbf1ffffffc2246cd1e00000fc0007ebfe9ed0737feebfff600,1,TX 41 seq=15786 rx_latency=1ms tx_dur=1ms,22.025,
2730,10,71,2862612551,2026-07-14T15:24:46.895633+00:00,7.188778,20911,41,0202aaa0004751af005a5811460e29efbf1ffffffc2246cd1e00000fc0007ebfe9ed0737feebfff600,1,TX 41 seq=15787 rx_latency=1ms tx_dur=1ms,21.424,
2730,10,72,2862612552,2026-07-14T15:24:46.917797+00:00,7.210942,20933,41,0202aaa0004851c5005a5811460e29efbf1ffffffc2246cd1e00000fc0007ebfe9ed0737feebfff600,1,TX 41 seq=15788 rx_latency=1ms tx_dur=1ms,20.607,
2730,10,73,2862612553,2026-07-14T15:24:46.939077+00:00,7.232220,20955,41,0202aaa0004951db005a5811460e29efbf1ffffffc2246cd1e00000fc0007ebfe9ed0737feebfff600,1,TX 41 seq=15789 rx_latency=1ms tx_dur=1ms,21.945,
2730,10,74,2862612554,2026-07-14T15:24:47.006989+00:00,7.300135,21022,41,0202aaa0004a521e005a5811460e29efbf1ffffffc2246cd1e00000fc0007ebfe9ed0737feebfff600,1,TX 41 seq=15790 rx_latency=1ms tx_dur=1ms,15.992,
2730,10,75,2862612555,2026-07-14T15:24:47.106990+00:00,7.400136,21122,41,0202aaa0004b5282005a5811460e29efbf1ffffffc2246cd1e00000fc0007ebfe9ed0737feebfff600,1,TX 41 seq=15791 rx_latency=1ms tx_dur=1ms,17.708,
2730,10,76,2862612556,2026-07-14T15:24:47.206989+00:00,7.500134,21222,41,0202aaa0004c52e6005a5811460e29efbf1ffffffc2246cd1e00000fc0007ebfe9ed0737feebfff600,1,TX 41 seq=15792 rx_latency=1ms tx_dur=1ms,19.444,
2730,10,77,2862612557,2026-07-14T15:24:47.306991+00:00,7.600140,21322,41,0202aaa0004d534a005a5811460e29efbf1ffffffc2246cd1e00000fc0007ebfe9ed0737feebfff600,1,TX 41 seq=15793 rx_latency=1ms tx_dur=1ms,22.082,
2730,10,78,2862612558,2026-07-14T15:24:47.406990+00:00,7.700136,21422,41,0202aaa0004e53ae005a5811460e29efbf1ffffffc2246cd1e00000fc0007ebfe9ed0737feebfff600,1,TX 41 seq=15794 rx_latency=1ms tx_dur=1ms,23.798,
2730,10,79,2862612559,2026-07-14T15:24:47.506993+00:00,7.800143,21522,41,0202aaa0004f5412005a5811460e29efbf1ffffffc2246cd1e00000fc0007ebfe9ed0737feebfff600,1,TX 41 seq=15795 rx_latency=1ms tx_dur=1ms,15.539,
2730,10,80,2862612560,2026-07-14T15:24:47.606965+00:00,7.900100,21622,41,0202aaa000505476005a5811460e29efbf1ffffffc2246cd1e00000fc0007ebfe9ed0737feebfff600,1,TX 41 seq=15796 rx_latency=1ms tx_dur=1ms,18.310,
2730,10,81,2862612561,2026-07-14T15:24:47.706962+00:00,8.000093,21722,41,0202aaa0005154da005a5811460e29efbf1ffffffc2246cd1e00000fc0007ebfe9ed0737feebfff600,1,TX 41 seq=15797 rx_latency=1ms tx_dur=1ms,19.830,
2730,10,82,2862612562,2026-07-14T15:24:47.806960+00:00,8.100087,21822,41,0202aaa00052553e005a5811460e29efbf1ffffffc2246cd1e00000fc0007ebfe9ed0737feebfff600,1,TX 41 seq=15798 rx_latency=1ms tx_dur=1ms,21.499,
2730,10,83,2862612563,2026-07-14T15:24:47.906958+00:00,8.200082,21922,41,0202aaa0005355a2005a5811460e29efbf1ffffffc2246cd1e00000fc0007ebfe9ed0737feebfff600,1,TX 41 seq=15799 rx_latency=1ms tx_dur=1ms,13.537,
2730,10,84,2862612564,2026-07-14T15:24:48.006957+00:00,8.300081,22022,41,0202aaa000545606005a5811460e29efbf1ffffffc2246cd1e00000fc0007ebfe9ed0737feebfff600,1,TX 41 seq=15800 rx_latency=1ms tx_dur=1ms,16.266,
2730,10,85,2862612565,2026-07-14T15:24:48.106960+00:00,8.400087,22122,41,0202aaa00055566a005a5811460e29efbf1ffffffc2246cd1e00000fc0007ebfe9ed0737feebfff600,1,TX 41 seq=15801 rx_latency=1ms tx_dur=1ms,17.764,
2730,10,86,2862612566,2026-07-14T15:24:48.206958+00:00,8.500083,22222,41,0202aaa0005656ce005a5811460e29efbf1ffffffc2246cd1e00000fc0007ebfe9ed0737feebfff600,1,TX 41 seq=15802 rx_latency=1ms tx_dur=1ms,19.430,
2730,10,87,2862612567,2026-07-14T15:24:48.306957+00:00,8.600082,22322,41,0202aaa000575732005a5811460e29efbf1ffffffc2246cd1e00000fc0007ebfe9ed0737feebfff600,1,TX 41 seq=15803 rx_latency=1ms tx_dur=1ms,22.148,
2730,10,88,2862612568,2026-07-14T15:24:48.406958+00:00,8.700082,22422,41,0202aaa000585796005a5811460e29efbf1ffffffc2246cd1e00000fc0007ebfe9ed0737feebfff600,1,TX 41 seq=15804 rx_latency=1ms tx_dur=1ms,14.176,
2730,10,89,2862612569,2026-07-14T15:24:48.506973+00:00,8.800108,22522,41,0202aaa0005957fa005a5811460e29efbf1ffffffc2246cd1e00000fc0007ebfe9ed0737feebfff600,1,TX 41 seq=15805 rx_latency=1ms tx_dur=1ms,15.646,
2730,10,90,2862612570,2026-07-14T15:24:48.607002+00:00,8.900169,22622,41,0202aaa0005a585e005a5811460e29efbf1ffffffc2246cd1e00000fc0007ebfe9ed0737feebfff600,1,TX 41 seq=15806 rx_latency=1ms tx_dur=1ms,17.234,
2730,10,91,2862612571,2026-07-14T15:24:48.706921+00:00,9.000072,22722,41,0202aaa0005b58c2005a5811460e29efbf1ffffffc2246cd1e00000fc0007ebfe9ed0737feebfff600,1,TX 41 seq=15807 rx_latency=1ms tx_dur=1ms,20.152,
2730,10,92,2862612572,2026-07-14T15:24:48.806992+00:00,9.100142,22822,41,0202aaa0005c5926005a5811460e29efbf1ffffffc2246cd1e00000fc0007ebfe9ed0737feebfff600,1,TX 41 seq=15808 rx_latency=1ms tx_dur=1ms,21.863,
2730,10,93,2862612573,2026-07-14T15:24:48.906982+00:00,9.200126,22922,41,0202aaa0005d598a005a5811460e29efbf1ffffffc2246cd1e00000fc0007ebfe9ed0737feebfff600,1,TX 41 seq=15809 rx_latency=1ms tx_dur=1ms,23.666,
2730,10,94,2862612574,2026-07-14T15:24:49.006991+00:00,9.300140,23022,41,0202aaa0005e59ee005a5811460e29efbf1ffffffc2246cd1e00000fc0007ebfe9ed0737feebfff600,1,TX 41 seq=15810 rx_latency=1ms tx_dur=1ms,15.267,
2730,10,95,2862612575,2026-07-14T15:24:49.106994+00:00,9.400147,23122,41,0202aaa0005f5a52005a5811460e29efbf1ffffffc2246cd1e00000fc0007ebfe9ed0737feebfff600,1,TX 41 seq=15811 rx_latency=1ms tx_dur=1ms,18.081,
2730,10,96,2862612576,2026-07-14T15:24:49.206986+00:00,9.500129,23222,41,0202aaa000605ab6005a5811460e29efbf1ffffffc2246cd1e00000fc0007ebfe9ed0737feebfff600,1,TX 41 seq=15812 rx_latency=1ms tx_dur=1ms,19.809,
2730,10,97,2862612577,2026-07-14T15:24:49.306993+00:00,9.600139,23322,41,0202aaa000615b1a005a5811460e29efbf1ffffffc2246cd1e00000fc0007ebfe9ed0737feebfff600,1,TX 41 seq=15813 rx_latency=1ms tx_dur=1ms,21.558,
2730,10,98,2862612578,2026-07-14T15:24:49.406984+00:00,9.700126,23422,41,0202aaa000625b7e005a5811460e29efbf1ffffffc2246cd1e00000fc0007ebfe9ed0737feebfff600,1,TX 41 seq=15814 rx_latency=1ms tx_dur=1ms,24.147,
2730,10,99,2862612579,2026-07-14T15:24:49.506991+00:00,9.800139,23522,41,0202aaa000635be2005a5811460e29efbf1ffffffc2246cd1e00000fc0007ebfe9ed0737feebfff600,1,TX 41 seq=15815 rx_latency=1ms tx_dur=1ms,15.939,
2730,10,100,2862612580,2026-07-14T15:24:49.606994+00:00,9.900153,23622,41,0202aaa000645c46005a5811460e29efbf1ffffffc2246cd1e00000fc0007ebfe9ed0737feebfff600,1,TX 41 seq=15816 rx_latency=1ms tx_dur=1ms,17.611,
2730,10,101,2862612581,2026-07-14T15:24:49.707009+00:00,10.000191,23722,41,0202aaa000655caa005a5811460e29efbf1ffffffc2246cd1e00000fc0007ebfe9ed0737feebfff600,1,TX 41 seq=15817 rx_latency=1ms tx_dur=1ms,19.268,
2730,10,102,2862612582,2026-07-14T15:24:49.806942+00:00,10.100092,23822,41,0202aaa000665d0e005a5811460e29efbf1ffffffc2246cd1e00000fc0007ebfe9ed0737feebfff600,1,TX 41 seq=15818 rx_latency=1ms tx_dur=1ms,22.108,
2730,10,103,2862612583,2026-07-14T15:24:49.907005+00:00,10.200176,23922,41,0202aaa000675d72005a5811460e29efbf1ffffffc2246cd1e00000fc0007ebfe9ed0737feebfff600,1,TX 41 seq=15819 rx_latency=1ms tx_dur=1ms,23.619,
2730,10,104,2862612584,2026-07-14T15:24:50.006922+00:00,10.300069,24022,41,0202aaa000685dd6005a5811460e29efbf1ffffffc2246cd1e00000fc0007ebfe9ed0737feebfff600,1,TX 41 seq=15820 rx_latency=1ms tx_dur=1ms,15.565,
2730,10,105,2862612585,2026-07-14T15:24:50.106993+00:00,10.400143,24122,41,0202aaa000695e3a005a5811460e29efbf1ffffffc2246cd1e00000fc0007ebfe9ed0737feebfff600,1,TX 41 seq=15821 rx_latency=1ms tx_dur=1ms,17.222,
2730,10,106,2862612586,2026-07-14T15:24:50.206989+00:00,10.500141,24222,41,0202aaa0006a5e9e005a5811460e29efbf1ffffffc2246cd1e00000fc0007ebfe9ed0737feebfff600,1,TX 41 seq=15822 rx_latency=1ms tx_dur=1ms,19.820,
2730,10,107,2862612587,2026-07-14T15:24:50.306990+00:00,10.600140,24322,41,0202aaa0006b5f02005a5811460e29efbf1ffffffc2246cd1e00000fc0007ebfe9ed0737feebfff600,1,TX 41 seq=15823 rx_latency=1ms tx_dur=1ms,21.577,
2730,10,108,2862612588,2026-07-14T15:24:50.406986+00:00,10.700130,24422,41,0202aaa0006c5f66005a5811460e29efbf1ffffffc2246cd1e00000fc0007ebfe9ed0737feebfff600,1,TX 41 seq=15824 rx_latency=1ms tx_dur=1ms,23.254,
2730,10,109,2862612589,2026-07-14T15:24:50.506989+00:00,10.800138,24522,41,0202aaa0006d5fca005a5811460e29efbf1ffffffc2246cd1e00000fc0007ebfe9ed0737feebfff600,1,TX 41 seq=15825 rx_latency=1ms tx_dur=1ms,16.177,
2730,10,110,2862612590,2026-07-14T15:24:50.606990+00:00,10.900137,24622,41,0202aaa0006e602e005a5811460e29efbf1ffffffc2246cd1e00000fc0007ebfe9ed0737feebfff600,1,TX 41 seq=15826 rx_latency=1ms tx_dur=1ms,17.706,
2730,10,111,2862612591,2026-07-14T15:24:50.706993+00:00,11.000145,24722,41,0202aaa0006f6092005a5811460e29efbf1ffffffc2246cd1e00000fc0007ebfe9ed0737feebfff600,1,TX 41 seq=15827 rx_latency=1ms tx_dur=1ms,19.396,
2730,10,112,2862612592,2026-07-14T15:24:50.806992+00:00,11.100139,24822,41,0202aaa0007060f6005a5811460e29efbf1ffffffc2246cd1e00000fc0007ebfe9ed0737feebfff600,1,TX 41 seq=15828 rx_latency=1ms tx_dur=1ms,21.149,
2730,10,113,2862612593,2026-07-14T15:24:50.906996+00:00,11.200159,24922,41,0202aaa00071615a005a5811460e29efbf1ffffffc2246cd1e00000fc0007ebfe9ed0737feebfff600,1,TX 41 seq=15829 rx_latency=1ms tx_dur=1ms,23.982,
2730,10,114,2862612594,2026-07-14T15:24:51.007005+00:00,11.300183,25022,41,0202aaa0007261be005a5811460e29efbf1ffffffc2246cd1e00000fc0007ebfe9ed0737feebfff600,1,TX 41 seq=15830 rx_latency=1ms tx_dur=1ms,15.402,
2730,10,115,2862612595,2026-07-14T15:24:51.106994+00:00,11.400150,25122,41,0202aaa000736222005a5811460e29efbf1ffffffc2246cd1e00000fc0007ebfe9ed0737feebfff600,1,TX 41 seq=15831 rx_latency=1ms tx_dur=1ms,17.226,
2730,10,116,2862612596,2026-07-14T15:24:51.206984+00:00,11.500130,25222,41,0202aaa000746286005a5811460e29efbf1ffffffc2246cd1e00000fc0007ebfe9ed0737feebfff600,1,TX 41 seq=15832 rx_latency=1ms tx_dur=1ms,20.064,
2730,10,117,2862612597,2026-07-14T15:24:51.306990+00:00,11.600141,25322,41,0202aaa0007562ea005a5811460e29efbf1ffffffc2246cd1e00000fc0007ebfe9ed0737feebfff600,1,TX 41 seq=15833 rx_latency=1ms tx_dur=1ms,21.828,
2730,10,118,2862612598,2026-07-14T15:24:51.406989+00:00,11.700143,25422,41,0202aaa00076634e005a5811460e29efbf1ffffffc2246cd1e00000fc0007ebfe9ed0737feebfff600,1,TX 41 seq=15834 rx_latency=1ms tx_dur=1ms,23.263,
2730,10,119,2862612599,2026-07-14T15:24:51.507005+00:00,11.800175,25522,41,0202aaa0007763b2005a5811460e29efbf1ffffffc2246cd1e00000fc0007ebfe9ed0737feebfff600,1,TX 41 seq=15835 rx_latency=1ms tx_dur=1ms,15.017,
2730,10,120,2862612600,2026-07-14T15:24:51.606993+00:00,11.900149,25622,41,0202aaa000786416005a5811460e29efbf1ffffffc2246cd1e00000fc0007ebfe9ed0737feebfff600,1,TX 41 seq=15836 rx_latency=1ms tx_dur=1ms,17.874,
2730,10,121,2862612601,2026-07-14T15:24:51.706999+00:00,12.000158,25722,41,0202aaa00079647a005a5811460e29efbf1ffffffc2246cd1e00000fc0007ebfe9ed0737feebfff600,1,TX 41 seq=15837 rx_latency=1ms tx_dur=1ms,19.621,
2730,10,122,2862612602,2026-07-14T15:24:51.806985+00:00,12.100131,25822,41,0202aaa0007a64de005a5811460e29efbf1ffffffc2246cd1e00000fc0007ebfe9ed0737feebfff600,1,TX 41 seq=15838 rx_latency=1ms tx_dur=1ms,21.347,
2730,10,123,2862612603,2026-07-14T15:24:51.907002+00:00,12.200166,25922,41,0202aaa0007b6542005a5811460e29efbf1ffffffc2246cd1e00000fc0007ebfe9ed0737feebfff600,1,TX 41 seq=15839 rx_latency=1ms tx_dur=1ms,23.940,
2730,10,124,2862612604,2026-07-14T15:24:52.006988+00:00,12.300139,26022,41,0202aaa0007c65a6005a5811460e29efbf1ffffffc2246cd1e00000fc0007ebfe9ed0737feebfff600,1,TX 41 seq=15840 rx_latency=1ms tx_dur=1ms,15.754,
2730,10,125,2862612605,2026-07-14T15:24:52.106992+00:00,12.400141,26122,41,0202aaa0007d660a005a5811460e29efbf1ffffffc2246cd1e00000fc0007ebfe9ed0737feebfff600,1,TX 41 seq=15841 rx_latency=1ms tx_dur=1ms,17.631,
2730,10,126,2862612606,2026-07-14T15:24:52.206984+00:00,12.500130,26222,41,0202aaa0007e666e005a5811460e29efbf1ffffffc2246cd1e00000fc0007ebfe9ed0737feebfff600,1,TX 41 seq=15842 rx_latency=1ms tx_dur=1ms,19.326,
2730,10,127,2862612607,2026-07-14T15:24:52.306992+00:00,12.600143,26322,41,0202aaa0007f66d2005a5811460e29efbf1ffffffc2246cd1e00000fc0007ebfe9ed0737feebfff600,1,TX 41 seq=15843 rx_latency=1ms tx_dur=1ms,21.959,
2730,10,128,2862612608,2026-07-14T15:24:52.406987+00:00,12.700132,26422,41,0202aaa000806736005a5811460e29efbf1ffffffc2246cd1e00000fc0007ebfe9ed0737feebfff600,1,TX 41 seq=15844 rx_latency=1ms tx_dur=1ms,23.647,
2730,10,129,2862612609,2026-07-14T15:24:52.506992+00:00,12.800141,26522,41,0202aaa00081679a005a5811460e29efbf1ffffffc2246cd1e00000fc0007ebfe9ed0737feebfff600,1,TX 41 seq=15845 rx_latency=1ms tx_dur=1ms,15.446,
2730,10,130,2862612610,2026-07-14T15:24:52.606990+00:00,12.900144,26622,41,0202aaa0008267fe005a5811460e29efbf1ffffffc2246cd1e00000fc0007ebfe9ed0737feebfff600,1,TX 41 seq=15846 rx_latency=1ms tx_dur=1ms,17.148,
2730,10,131,2862612611,2026-07-14T15:24:52.706992+00:00,13.000145,26722,41,0202aaa000836862005a5811460e29efbf1ffffffc2246cd1e00000fc0007ebfe9ed0737feebfff600,1,TX 41 seq=15847 rx_latency=1ms tx_dur=1ms,19.786,
2730,10,132,2862612612,2026-07-14T15:24:52.806986+00:00,13.100133,26822,41,0202aaa0008468c6005a5811460e29efbf1ffffffc2246cd1e00000fc0007ebfe9ed0737feebfff600,1,TX 41 seq=15848 rx_latency=1ms tx_dur=1ms,21.502,
2730,10,133,2862612613,2026-07-14T15:24:52.906991+00:00,13.200141,26922,41,0202aaa00085692a005a5811460e29efbf1ffffffc2246cd1e00000fc0007ebfe9ed0737feebfff600,1,TX 41 seq=15849 rx_latency=1ms tx_dur=1ms,23.264,
2730,10,134,2862612614,2026-07-14T15:24:53.006983+00:00,13.300125,27022,41,0202aaa00086698e005a5811460e29efbf1ffffffc2246cd1e00000fc0007ebfe9ed0737feebfff600,1,TX 41 seq=15850 rx_latency=1ms tx_dur=1ms,16.149,
2730,10,135,2862612615,2026-07-14T15:24:53.106997+00:00,13.400158,27122,41,0202aaa0008769f2005a5811460e29efbf1ffffffc2246cd1e00000fc0007ebfe9ed0737feebfff600,1,TX 41 seq=15851 rx_latency=1ms tx_dur=1ms,17.619,
2730,10,136,2862612616,2026-07-14T15:24:53.206986+00:00,13.500135,27222,41,0202aaa000886a56005a5811460e29efbf1ffffffc2246cd1e00000fc0007ebfe9ed0737feebfff600,1,TX 41 seq=15852 rx_latency=1ms tx_dur=1ms,19.347,
2730,10,137,2862612617,2026-07-14T15:24:53.306992+00:00,13.600142,27322,41,0202aaa000896aba005a5811460e29efbf1ffffffc2246cd1e00000fc0007ebfe9ed0737feebfff600,1,TX 41 seq=15853 rx_latency=1ms tx_dur=1ms,22.204,
2730,10,138,2862612618,2026-07-14T15:24:53.406987+00:00,13.700132,27422,41,0202aaa0008a6b1e005a5811460e29efbf1ffffffc2246cd1e00000fc0007ebfe9ed0737feebfff600,1,TX 41 seq=15854 rx_latency=1ms tx_dur=1ms,23.912,
2730,10,139,2862612619,2026-07-14T15:24:53.506993+00:00,13.800142,27522,41,0202aaa0008b6b82005a5811460e29efbf1ffffffc2246cd1e00000fc0007ebfe9ed0737feebfff600,1,TX 41 seq=15855 rx_latency=1ms tx_dur=1ms,15.483,
2730,10,140,2862612620,2026-07-14T15:24:53.606993+00:00,13.900143,27622,41,0202aaa0008c6be6005a5811460e29efbf1ffffffc2246cd1e00000fc0007ebfe9ed0737feebfff600,1,TX 41 seq=15856 rx_latency=1ms tx_dur=1ms,17.198,
2730,10,141,2862612621,2026-07-14T15:24:53.706987+00:00,14.000133,27722,41,0202aaa0008d6c4a005a5811460e29efbf1ffffffc2246cd1e00000fc0007ebfe9ed0737feebfff600,1,TX 41 seq=15857 rx_latency=1ms tx_dur=1ms,20.055,
2730,10,142,2862612622,2026-07-14T15:24:53.806985+00:00,14.100130,27822,41,0202aaa0008e6cae005a5811460e29efbf1ffffffc2246cd1e00000fc0007ebfe9ed0737feebfff600,1,TX 41 seq=15858 rx_latency=1ms tx_dur=1ms,21.729,
2730,10,143,2862612623,2026-07-14T15:24:53.906970+00:00,14.200119,27922,41,0202aaa0008f6d12005a5811460e29efbf1ffffffc2246cd1e00000fc0007ebfe9ed0737feebfff600,1,TX 41 seq=15859 rx_latency=1ms tx_dur=1ms,23.301,
2730,10,144,2862612624,2026-07-14T15:24:54.006990+00:00,14.300137,28022,41,0202aaa000906d76005a5811460e29efbf1ffffffc2246cd1e00000fc0007ebfe9ed0737feebfff600,1,TX 41 seq=15860 rx_latency=1ms tx_dur=1ms,16.163,
2730,10,145,2862612625,2026-07-14T15:24:54.106992+00:00,14.400142,28122,41,0202aaa000916dda005a5811460e29efbf1ffffffc2246cd1e00000fc0007ebfe9ed0737feebfff600,1,TX 41 seq=15861 rx_latency=1ms tx_dur=1ms,17.924,
2730,10,146,2862612626,2026-07-14T15:24:54.206991+00:00,14.500146,28222,41,0202aaa000926e3e005a5811460e29efbf1ffffffc2246cd1e00000fc0007ebfe9ed0737feebfff600,1,TX 41 seq=15862 rx_latency=1ms tx_dur=1ms,19.528,
2730,10,147,2862612627,2026-07-14T15:24:54.306962+00:00,14.600113,28322,41,0202aaa000936ea2005a5811460e29efbf1ffffffc2246cd1e00000fc0007ebfe9ed0737feebfff600,1,TX 41 seq=15863 rx_latency=1ms tx_dur=1ms,22.246,
2730,10,148,2862612628,2026-07-14T15:24:54.406991+00:00,14.700139,28422,41,0202aaa000946f06005a5811460e29efbf1ffffffc2246cd1e00000fc0007ebfe9ed0737feebfff600,1,TX 41 seq=15864 rx_latency=1ms tx_dur=1ms,23.960,
2730,10,149,2862612629,2026-07-14T15:24:54.506992+00:00,14.800142,28522,41,0202aaa000956f6a005a5811460e29efbf1ffffffc2246cd1e00000fc0007ebfe9ed0737feebfff600,1,TX 41 seq=15865 rx_latency=1ms tx_dur=1ms,15.705,
2730,10,150,2862612630,2026-07-14T15:24:54.607008+00:00,14.900191,28622,41,0202aaa000966fce005a5811460e29efbf1ffffffc2246cd1e00000fc0007ebfe9ed0737feebfff600,1,TX 41 seq=15866 rx_latency=1ms tx_dur=1ms,17.327,
2730,10,151,2862612631,2026-07-14T15:24:54.706989+00:00,15.000142,28722,41,0202aaa000977032005a5811460e29efbf1ffffffc2246cd1e00000fc0007ebfe9ed0737feebfff600,1,TX 41 seq=15867 rx_latency=1ms tx_dur=1ms,20.230,
2730,10,152,2862612632,2026-07-14T15:24:54.806994+00:00,15.100146,28822,41,0202aaa000987096005a5811460e29efbf1ffffffc2246cd1e00000fc0007ebfe9ed0737feebfff600,1,TX 41 seq=15868 rx_latency=1ms tx_dur=1ms,21.777,
2730,10,153,2862612633,2026-07-14T15:24:54.906987+00:00,15.200135,28922,41,0202aaa0009970fa005a5811460e29efbf1ffffffc2246cd1e00000fc0007ebfe9ed0737feebfff600,1,TX 41 seq=15869 rx_latency=1ms tx_dur=1ms,23.463,
2730,10,154,2862612634,2026-07-14T15:24:55.006993+00:00,15.300141,29022,41,0202aaa0009a715e005a5811460e29efbf1ffffffc2246cd1e00000fc0007ebfe9ed0737feebfff600,1,TX 41 seq=15870 rx_latency=1ms tx_dur=1ms,15.278,
2730,10,155,2862612635,2026-07-14T15:24:55.106991+00:00,15.400139,29122,41,0202aaa0009b71c2005a5811460e29efbf1ffffffc2246cd1e00000fc0007ebfe9ed0737feebfff600,1,TX 41 seq=15871 rx_latency=1ms tx_dur=1ms,18.122,
2730,10,156,2862612636,2026-07-14T15:24:55.206996+00:00,15.500157,29222,41,0202aaa0009c7226005a5811460e29efbf1ffffffc2246cd1e00000fc0007ebfe9ed0737feebfff600,1,TX 41 seq=15872 rx_latency=1ms tx_dur=1ms,19.596,
2730,10,157,2862612637,2026-07-14T15:24:55.306987+00:00,15.600135,29322,41,0202aaa0009d728a005a5811460e29efbf1ffffffc2246cd1e00000fc0007ebfe9ed0737feebfff600,1,TX 41 seq=15873 rx_latency=1ms tx_dur=1ms,21.321,
2730,10,158,2862612638,2026-07-14T15:24:55.406992+00:00,15.700139,29422,41,0202aaa0009e72ee005a5811460e29efbf1ffffffc2246cd1e00000fc0007ebfe9ed0737feebfff600,1,TX 41 seq=15874 rx_latency=1ms tx_dur=1ms,24.204,
2730,10,159,2862612639,2026-07-14T15:24:55.506985+00:00,15.800130,29522,41,0202aaa0009f7352005a5811460e29efbf1ffffffc2246cd1e00000fc0007ebfe9ed0737feebfff600,1,TX 41 seq=15875 rx_latency=1ms tx_dur=1ms,15.966,
2730,10,160,2862612640,2026-07-14T15:24:55.607003+00:00,15.900169,29622,41,0202aaa000a073b6005a5811460e29efbf1ffffffc2246cd1e00000fc0007ebfe9ed0737feebfff600,1,TX 41 seq=15876 rx_latency=1ms tx_dur=1ms,17.410,
2730,10,161,2862612641,2026-07-14T15:24:55.707005+00:00,16.000179,29722,41,0202aaa000a1741a005a5811460e29efbf1ffffffc2246cd1e00000fc0007ebfe9ed0737feebfff600,1,TX 41 seq=15877 rx_latency=1ms tx_dur=1ms,19.069,
2730,10,162,2862612642,2026-07-14T15:24:55.806996+00:00,16.100155,29822,41,0202aaa000a2747e005a5811460e29efbf1ffffffc2246cd1e00000fc0007ebfe9ed0737feebfff600,1,TX 41 seq=15878 rx_latency=1ms tx_dur=1ms,22.040,
2730,10,163,2862612643,2026-07-14T15:24:55.906987+00:00,16.200134,29922,41,0202aaa000a374e2005a5811460e29efbf1ffffffc2246cd1e00000fc0007ebfe9ed0737feebfff600,1,TX 41 seq=15879 rx_latency=1ms tx_dur=1ms,23.695,
2730,10,164,2862612644,2026-07-14T15:24:56.007008+00:00,16.300182,30022,41,0202aaa000a47546005a5811460e29efbf1ffffffc2246cd1e00000fc0007ebfe9ed0737feebfff600,1,TX 41 seq=15880 rx_latency=1ms tx_dur=1ms,15.205,
2730,10,165,2862612645,2026-07-14T15:24:56.106990+00:00,16.400142,30122,41,0202aaa000a575aa005a5811460e29efbf1ffffffc2246cd1e00000fc0007ebfe9ed0737feebfff600,1,TX 41 seq=15881 rx_latency=1ms tx_dur=1ms,18.108,
2730,10,166,2862612646,2026-07-14T15:24:56.206994+00:00,16.500147,30222,41,0202aaa000a6760e005a5811460e29efbf1ffffffc2246cd1e00000fc0007ebfe9ed0737feebfff600,1,TX 41 seq=15882 rx_latency=1ms tx_dur=1ms,19.859,
2730,10,167,2862612647,2026-07-14T15:24:56.306985+00:00,16.600130,30322,41,0202aaa000a77672005a5811460e29efbf1ffffffc2246cd1e00000fc0007ebfe9ed0737feebfff600,1,TX 41 seq=15883 rx_latency=1ms tx_dur=1ms,21.555,
2730,10,168,2862612648,2026-07-14T15:24:56.406993+00:00,16.700140,30422,41,0202aaa000a876d6005a5811460e29efbf1ffffffc2246cd1e00000fc0007ebfe9ed0737feebfff600,1,TX 41 seq=15884 rx_latency=1ms tx_dur=1ms,24.225,
2730,10,169,2862612649,2026-07-14T15:24:56.506985+00:00,16.800128,30522,41,0202aaa000a9773a005a5811460e29efbf1ffffffc2246cd1e00000fc0007ebfe9ed0737feebfff600,1,TX 41 seq=15885 rx_latency=1ms tx_dur=1ms,16.007,
2730,10,170,2862612650,2026-07-14T15:24:56.606999+00:00,16.900159,30622,41,0202aaa000aa779e005a5811460e29efbf1ffffffc2246cd1e00000fc0007ebfe9ed0737feebfff600,1,TX 41 seq=15886 rx_latency=1ms tx_dur=1ms,17.669,
2730,10,171,2862612651,2026-07-14T15:24:56.706985+00:00,17.000130,30722,41,0202aaa000ab7802005a5811460e29efbf1ffffffc2246cd1e00000fc0007ebfe9ed0737feebfff600,1,TX 41 seq=15887 rx_latency=1ms tx_dur=1ms,19.408,
2730,10,172,2862612652,2026-07-14T15:24:56.806991+00:00,17.100142,30822,41,0202aaa000ac7866005a5811460e29efbf1ffffffc2246cd1e00000fc0007ebfe9ed0737feebfff600,1,TX 41 seq=15888 rx_latency=1ms tx_dur=1ms,22.098,
2730,10,173,2862612653,2026-07-14T15:24:56.906986+00:00,17.200133,30922,41,0202aaa000ad78ca005a5811460e29efbf1ffffffc2246cd1e00000fc0007ebfe9ed0737feebfff600,1,TX 41 seq=15889 rx_latency=1ms tx_dur=1ms,23.735,
2730,10,174,2862612654,2026-07-14T15:24:57.006991+00:00,17.300140,31022,41,0202aaa000ae792e005a5811460e29efbf1ffffffc2246cd1e00000fc0007ebfe9ed0737feebfff600,1,TX 41 seq=15890 rx_latency=1ms tx_dur=1ms,15.545,
2730,10,175,2862612655,2026-07-14T15:24:57.106993+00:00,17.400143,31122,41,0202aaa000af7992005a5811460e29efbf1ffffffc2246cd1e00000fc0007ebfe9ed0737feebfff600,1,TX 41 seq=15891 rx_latency=1ms tx_dur=1ms,17.261,
2730,10,176,2862612656,2026-07-14T15:24:57.206992+00:00,17.500140,31222,41,0202aaa000b079f6005a5811460e29efbf1ffffffc2246cd1e00000fc0007ebfe9ed0737feebfff600,1,TX 41 seq=15892 rx_latency=1ms tx_dur=1ms,19.899,
2730,10,177,2862612657,2026-07-14T15:24:57.306992+00:00,17.600142,31322,41,0202aaa000b17a5a005a5811460e29efbf1ffffffc2246cd1e00000fc0007ebfe9ed0737feebfff600,1,TX 41 seq=15893 rx_latency=1ms tx_dur=1ms,21.647,
2730,10,178,2862612658,2026-07-14T15:24:57.406991+00:00,17.700139,31422,41,0202aaa000b27abe005a5811460e29efbf1ffffffc2246cd1e00000fc0007ebfe9ed0737feebfff600,1,TX 41 seq=15894 rx_latency=1ms tx_dur=1ms,23.363,
2730,10,179,2862612659,2026-07-14T15:24:57.506985+00:00,17.800130,31522,41,0202aaa000b37b22005a5811460e29efbf1ffffffc2246cd1e00000fc0007ebfe9ed0737feebfff600,1,TX 41 seq=15895 rx_latency=1ms tx_dur=1ms,16.222,
2730,10,180,2862612660,2026-07-14T15:24:57.606993+00:00,17.900155,31622,41,0202aaa000b47b86005a5811460e29efbf1ffffffc2246cd1e00000fc0007ebfe9ed0737feebfff600,1,TX 41 seq=15896 rx_latency=1ms tx_dur=1ms,17.693,
2730,10,181,2862612661,2026-07-14T15:24:57.706987+00:00,18.000134,31722,41,0202aaa000b57bea005a5811460e29efbf1ffffffc2246cd1e00000fc0007ebfe9ed0737feebfff600,1,TX 41 seq=15897 rx_latency=1ms tx_dur=1ms,19.439,
2730,10,182,2862612662,2026-07-14T15:24:57.806993+00:00,18.100145,31822,41,0202aaa000b67c4e005a5811460e29efbf1ffffffc2246cd1e00000fc0007ebfe9ed0737feebfff600,1,TX 41 seq=15898 rx_latency=1ms tx_dur=1ms,21.188,
2730,10,183,2862612663,2026-07-14T15:24:57.906983+00:00,18.200130,31922,41,0202aaa000b77cb2005a5811460e29efbf1ffffffc2246cd1e00000fc0007ebfe9ed0737feebfff600,1,TX 41 seq=15899 rx_latency=1ms tx_dur=1ms,23.973,
2730,10,184,2862612664,2026-07-14T15:24:58.006966+00:00,18.300114,32022,41,0202aaa000b87d16005a5811460e29efbf1ffffffc2246cd1e00000fc0007ebfe9ed0737feebfff600,1,TX 41 seq=15900 rx_latency=1ms tx_dur=1ms,15.597,
2730,10,185,2862612665,2026-07-14T15:24:58.106993+00:00,18.400143,32122,41,0202aaa000b97d7a005a5811460e29efbf1ffffffc2246cd1e00000fc0007ebfe9ed0737feebfff600,1,TX 41 seq=15901 rx_latency=1ms tx_dur=1ms,17.290,
2730,10,186,2862612666,2026-07-14T15:24:58.206991+00:00,18.500139,32222,41,0202aaa000ba7dde005a5811460e29efbf1ffffffc2246cd1e00000fc0007ebfe9ed0737feebfff600,1,TX 41 seq=15902 rx_latency=1ms tx_dur=1ms,20.138,
2730,10,187,2862612667,2026-07-14T15:24:58.306990+00:00,18.600136,32322,41,0202aaa000bb7e42005a5811460e29efbf1ffffffc2246cd1e00000fc0007ebfe9ed0737feebfff600,1,TX 41 seq=15903 rx_latency=1ms tx_dur=1ms,21.879,
2730,10,188,2862612668,2026-07-14T15:24:58.406985+00:00,18.700128,32422,41,0202aaa000bc7ea6005a5811460e29efbf1ffffffc2246cd1e00000fc0007ebfe9ed0737feebfff600,1,TX 41 seq=15904 rx_latency=1ms tx_dur=1ms,23.670,
2730,10,189,2862612669,2026-07-14T15:24:58.506993+00:00,18.800141,32522,41,0202aaa000bd7f0a005a5811460e29efbf1ffffffc2246cd1e00000fc0007ebfe9ed0737feebfff600,1,TX 41 seq=15905 rx_latency=1ms tx_dur=1ms,15.267,
2730,10,190,2862612670,2026-07-14T15:24:58.606999+00:00,18.900157,32622,41,0202aaa000be7f6e005a5811460e29efbf1ffffffc2246cd1e00000fc0007ebfe9ed0737feebfff600,1,TX 41 seq=15906 rx_latency=1ms tx_dur=1ms,18.065,
2730,10,191,2862612671,2026-07-14T15:24:58.706992+00:00,19.000141,32722,41,0202aaa000bf7fd2005a5811460e29efbf1ffffffc2246cd1e00000fc0007ebfe9ed0737feebfff600,1,TX 41 seq=15907 rx_latency=1ms tx_dur=1ms,19.854,
2730,10,192,2862612672,2026-07-14T15:24:58.806993+00:00,19.100140,32822,41,0202aaa000c08036005a5811460e29efbf1ffffffc2246cd1e00000fc0007ebfe9ed0737feebfff600,1,TX 41 seq=15908 rx_latency=1ms tx_dur=1ms,21.592,
2730,10,193,2862612673,2026-07-14T15:24:58.906993+00:00,19.200150,32922,41,0202aaa000c1809a005a5811460e29efbf1ffffffc2246cd1e00000fc0007ebfe9ed0737feebfff600,1,TX 41 seq=15909 rx_latency=1ms tx_dur=1ms,24.060,
2730,10,194,2862612674,2026-07-14T15:24:59.006993+00:00,19.300145,33022,41,0202aaa000c280fe005a5811460e29efbf1ffffffc2246cd1e00000fc0007ebfe9ed0737feebfff600,1,TX 41 seq=15910 rx_latency=1ms tx_dur=1ms,15.937,
2730,10,195,2862612675,2026-07-14T15:24:59.106991+00:00,19.400140,33122,41,0202aaa000c38162005a5811460e29efbf1ffffffc2246cd1e00000fc0007ebfe9ed0737feebfff600,1,TX 41 seq=15911 rx_latency=1ms tx_dur=1ms,17.667,
2730,10,196,2862612676,2026-07-14T15:24:59.206990+00:00,19.500138,33222,41,0202aaa000c481c6005a5811460e29efbf1ffffffc2246cd1e00000fc0007ebfe9ed0737feebfff600,1,TX 41 seq=15912 rx_latency=1ms tx_dur=1ms,19.397,
2730,10,197,2862612677,2026-07-14T15:24:59.306991+00:00,19.600137,33322,41,0202aaa000c5822a005a5811460e29efbf1ffffffc2246cd1e00000fc0007ebfe9ed0737feebfff600,1,TX 41 seq=15913 rx_latency=1ms tx_dur=1ms,22.021,
2730,10,198,2862612678,2026-07-14T15:24:59.406993+00:00,19.700143,33422,41,0202aaa000c6828e005a5811460e29efbf1ffffffc2246cd1e00000fc0007ebfe9ed0737feebfff600,1,TX 41 seq=15914 rx_latency=1ms tx_dur=1ms,23.736,
2730,10,199,2862612679,2026-07-14T15:24:59.506987+00:00,19.800131,33522,41,0202aaa000c782f2005a5811460e29efbf1ffffffc2246cd1e00000fc0007ebfe9ed0737feebfff600,1,TX 41 seq=15915 rx_latency=1ms tx_dur=1ms,15.513,
2730,10,200,2862612680,2026-07-14T15:24:59.606992+00:00,19.900141,33622,41,0202aaa000c88356005a5811460e29efbf1ffffffc2246cd1e00000fc0007ebfe9ed0737feebfff600,1,TX 41 seq=15916 rx_latency=1ms tx_dur=1ms,17.232,
2730,10,201,2862612681,2026-07-14T15:24:59.706997+00:00,20.000157,33722,41,0202aaa000c983ba005a5811460e29efbf1ffffffc2246cd1e00000fc0007ebfe9ed0737feebfff600,1,TX 41 seq=15917 rx_latency=1ms tx_dur=1ms,19.777,
2730,10,202,2862612682,2026-07-14T15:24:59.806999+00:00,20.100157,33822,41,0202aaa000ca841e005a5811460e29efbf1ffffffc2246cd1e00000fc0007ebfe9ed0737feebfff600,1,TX 41 seq=15918 rx_latency=1ms tx_dur=1ms,21.553,
2730,10,203,2862612683,2026-07-14T15:24:59.906990+00:00,20.200142,33922,41,0202aaa000cb8482005a5811460e29efbf1ffffffc2246cd1e00000fc0007ebfe9ed0737feebfff600,1,TX 41 seq=15919 rx_latency=1ms tx_dur=1ms,23.234,
2730,10,204,2862612684,2026-07-14T15:25:00.006994+00:00,20.300147,34022,41,0202aaa000cc84e6005a5811460e29efbf1ffffffc2246cd1e00000fc0007ebfe9ed0737feebfff600,1,TX 41 seq=15920 rx_latency=1ms tx_dur=1ms,16.168,
2730,10,205,2862612685,2026-07-14T15:25:00.106993+00:00,20.400141,34122,41,0202aaa000cd854a005a5811460e29efbf1ffffffc2246cd1e00000fc0007ebfe9ed0737feebfff600,1,TX 41 seq=15921 rx_latency=1ms tx_dur=1ms,17.696,
2730,10,206,2862612686,2026-07-14T15:25:00.206991+00:00,20.500138,34222,41,0202aaa000ce85ae005a5811460e29efbf1ffffffc2246cd1e00000fc0007ebfe9ed0737feebfff600,1,TX 41 seq=15922 rx_latency=1ms tx_dur=1ms,19.436,
2730,10,207,2862612687,2026-07-14T15:25:00.306992+00:00,20.600140,34322,41,0202aaa000cf8612005a5811460e29efbf1ffffffc2246cd1e00000fc0007ebfe9ed0737feebfff600,1,TX 41 seq=15923 rx_latency=1ms tx_dur=1ms,22.251,
2730,10,208,2862612688,2026-07-14T15:25:00.406991+00:00,20.700140,34422,41,0202aaa000d08676005a5811460e29efbf1ffffffc2246cd1e00000fc0007ebfe9ed0737feebfff600,1,TX 41 seq=15924 rx_latency=1ms tx_dur=1ms,23.988,
2730,10,209,2862612689,2026-07-14T15:25:00.506998+00:00,20.800146,34522,41,0202aaa000d186da005a5811460e29efbf1ffffffc2246cd1e00000fc0007ebfe9ed0737feebfff600,1,TX 41 seq=15925 rx_latency=1ms tx_dur=1ms,15.465,
2730,10,210,2862612690,2026-07-14T15:25:00.606992+00:00,20.900135,34622,41,0202aaa000d2873e005a5811460e29efbf1ffffffc2246cd1e00000fc0007ebfe9ed0737feebfff600,1,TX 41 seq=15926 rx_latency=1ms tx_dur=1ms,17.338,
2730,10,211,2862612691,2026-07-14T15:25:00.707014+00:00,21.000181,34722,41,0202aaa000d387a2005a5811460e29efbf1ffffffc2246cd1e00000fc0007ebfe9ed0737feebfff600,1,TX 41 seq=15927 rx_latency=1ms tx_dur=1ms,19.914,
2730,10,212,2862612692,2026-07-14T15:25:00.807012+00:00,21.100181,34822,41,0202aaa000d48806005a5811460e29efbf1ffffffc2246cd1e00000fc0007ebfe9ed0737feebfff600,1,TX 41 seq=15928 rx_latency=1ms tx_dur=1ms,21.788,
2730,10,213,2862612693,2026-07-14T15:25:00.906990+00:00,21.200146,34922,41,0202aaa000d5886a005a5811460e29efbf1ffffffc2246cd1e00000fc0007ebfe9ed0737feebfff600,1,TX 41 seq=15929 rx_latency=1ms tx_dur=1ms,23.196,
2730,10,214,2862612694,2026-07-14T15:25:01.006987+00:00,21.300135,35022,41,0202aaa000d688ce005a5811460e29efbf1ffffffc2246cd1e00000fc0007ebfe9ed0737feebfff600,1,TX 41 seq=15930 rx_latency=1ms tx_dur=1ms,16.269,
2730,10,215,2862612695,2026-07-14T15:25:01.106991+00:00,21.400141,35122,41,0202aaa000d78932005a5811460e29efbf1ffffffc2246cd1e00000fc0007ebfe9ed0737feebfff600,1,TX 41 seq=15931 rx_latency=1ms tx_dur=1ms,17.923,
2730,10,216,2862612696,2026-07-14T15:25:01.206994+00:00,21.500144,35222,41,0202aaa000d88996005a5811460e29efbf1ffffffc2246cd1e00000fc0007ebfe9ed0737feebfff600,1,TX 41 seq=15932 rx_latency=1ms tx_dur=1ms,19.664,
2730,10,217,2862612697,2026-07-14T15:25:01.306992+00:00,21.600141,35322,41,0202aaa000d989fa005a5811460e29efbf1ffffffc2246cd1e00000fc0007ebfe9ed0737feebfff600,1,TX 41 seq=15933 rx_latency=1ms tx_dur=1ms,22.181,
2730,10,218,2862612698,2026-07-14T15:25:01.406983+00:00,21.700127,35422,41,0202aaa000da8a5e005a5811460e29efbf1ffffffc2246cd1e00000fc0007ebfe9ed0737feebfff600,1,TX 41 seq=15934 rx_latency=1ms tx_dur=1ms,24.109,
2730,10,219,2862612699,2026-07-14T15:25:01.506995+00:00,21.800150,35522,41,0202aaa000db8ac2005a5811460e29efbf1ffffffc2246cd1e00000fc0007ebfe9ed0737feebfff600,1,TX 41 seq=15935 rx_latency=1ms tx_dur=1ms,15.692,
2730,10,220,2862612700,2026-07-14T15:25:01.606986+00:00,21.900130,35622,41,0202aaa000dc8b26005a5811460e29efbf1ffffffc2246cd1e00000fc0007ebfe9ed0737feebfff600,1,TX 41 seq=15936 rx_latency=1ms tx_dur=1ms,17.573,
2730,10,221,2862612701,2026-07-14T15:25:01.707013+00:00,22.000195,35722,41,0202aaa000dd8b8a005a5811460e29efbf1ffffffc2246cd1e00000fc0007ebfe9ed0737feebfff600,1,TX 41 seq=15937 rx_latency=1ms tx_dur=1ms,19.184,
2730,10,222,2862612702,2026-07-14T15:25:01.806990+00:00,22.100144,35822,41,0202aaa000de8bee005a5811460e29efbf1ffffffc2246cd1e00000fc0007ebfe9ed0737feebfff600,1,TX 41 seq=15938 rx_latency=1ms tx_dur=1ms,22.004,
2730,10,223,2862612703,2026-07-14T15:25:01.906994+00:00,22.200149,35922,41,0202aaa000df8c52005a5811460e29efbf1ffffffc2246cd1e00000fc0007ebfe9ed0737feebfff600,1,TX 41 seq=15939 rx_latency=1ms tx_dur=1ms,23.610,
2730,10,224,2862612704,2026-07-14T15:25:02.006985+00:00,22.300132,36022,41,0202aaa000e08cb6005a5811460e29efbf1ffffffc2246cd1e00000fc0007ebfe9ed0737feebfff600,1,TX 41 seq=15940 rx_latency=1ms tx_dur=1ms,15.509,
2730,10,225,2862612705,2026-07-14T15:25:02.106992+00:00,22.400142,36122,41,0202aaa000e18d1a005a5811460e29efbf1ffffffc2246cd1e00000fc0007ebfe9ed0737feebfff600,1,TX 41 seq=15941 rx_latency=1ms tx_dur=1ms,17.170,
2730,10,226,2862612706,2026-07-14T15:25:02.206985+00:00,22.500131,36222,41,0202aaa000e28d7e005a5811460e29efbf1ffffffc2246cd1e00000fc0007ebfe9ed0737feebfff600,1,TX 41 seq=15942 rx_latency=1ms tx_dur=1ms,19.860,
2730,10,227,2862612707,2026-07-14T15:25:02.306993+00:00,22.600143,36322,41,0202aaa000e38de2005a5811460e29efbf1ffffffc2246cd1e00000fc0007ebfe9ed0737feebfff600,1,TX 41 seq=15943 rx_latency=1ms tx_dur=1ms,21.482,
2730,10,228,2862612708,2026-07-14T15:25:02.406984+00:00,22.700128,36422,41,0202aaa000e48e46005a5811460e29efbf1ffffffc2246cd1e00000fc0007ebfe9ed0737feebfff600,1,TX 41 seq=15944 rx_latency=1ms tx_dur=1ms,23.316,
2730,10,229,2862612709,2026-07-14T15:25:02.506990+00:00,22.800139,36522,41,0202aaa000e58eaa005a5811460e29efbf1ffffffc2246cd1e00000fc0007ebfe9ed0737feebfff600,1,TX 41 seq=15945 rx_latency=1ms tx_dur=1ms,16.191,
2730,10,230,2862612710,2026-07-14T15:25:02.606984+00:00,22.900127,36622,41,0202aaa000e68f0e005a5811460e29efbf1ffffffc2246cd1e00000fc0007ebfe9ed0737feebfff600,1,TX 41 seq=15946 rx_latency=1ms tx_dur=1ms,17.692,
2730,10,231,2862612711,2026-07-14T15:25:02.706991+00:00,23.000139,36722,41,0202aaa000e78f72005a5811460e29efbf1ffffffc2246cd1e00000fc0007ebfe9ed0737feebfff600,1,TX 41 seq=15947 rx_latency=1ms tx_dur=1ms,19.399,
2730,10,232,2862612712,2026-07-14T15:25:02.806987+00:00,23.100136,36822,41,0202aaa000e88fd6005a5811460e29efbf1ffffffc2246cd1e00000fc0007ebfe9ed0737feebfff600,1,TX 41 seq=15948 rx_latency=1ms tx_dur=1ms,22.243,
2730,10,233,2862612713,2026-07-14T15:25:02.906991+00:00,23.200142,36922,41,0202aaa000e9903a005a5811460e29efbf1ffffffc2246cd1e00000fc0007ebfe9ed0737feebfff600,1,TX 41 seq=15949 rx_latency=1ms tx_dur=1ms,23.880,
2730,10,234,2862612714,2026-07-14T15:25:03.006984+00:00,23.300130,37022,41,0202aaa000ea909e005a5811460e29efbf1ffffffc2246cd1e00000fc0007ebfe9ed0737feebfff600,1,TX 41 seq=15950 rx_latency=1ms tx_dur=1ms,15.501,
2730,10,235,2862612715,2026-07-14T15:25:03.106992+00:00,23.400141,37122,41,0202aaa000eb9102005a5811460e29efbf1ffffffc2246cd1e00000fc0007ebfe9ed0737feebfff600,1,TX 41 seq=15951 rx_latency=1ms tx_dur=1ms,17.208,
2730,10,236,2862612716,2026-07-14T15:25:03.206990+00:00,23.500138,37222,41,0202aaa000ec9166005a5811460e29efbf1ffffffc2246cd1e00000fc0007ebfe9ed0737feebfff600,1,TX 41 seq=15952 rx_latency=1ms tx_dur=1ms,20.085,
2730,10,237,2862612717,2026-07-14T15:25:03.306984+00:00,23.600129,37322,41,0202aaa000ed91ca005a5811460e29efbf1ffffffc2246cd1e00000fc0007ebfe9ed0737feebfff600,1,TX 41 seq=15953 rx_latency=1ms tx_dur=1ms,21.776,
2730,10,238,2862612718,2026-07-14T15:25:03.406992+00:00,23.700140,37422,41,0202aaa000ee922e005a5811460e29efbf1ffffffc2246cd1e00000fc0007ebfe9ed0737feebfff600,1,TX 41 seq=15954 rx_latency=1ms tx_dur=1ms,23.287,
2730,10,239,2862612719,2026-07-14T15:25:03.506987+00:00,23.800131,37522,41,0202aaa000ef9292005a5811460e29efbf1ffffffc2246cd1e00000fc0007ebfe9ed0737feebfff600,1,TX 41 seq=15955 rx_latency=1ms tx_dur=1ms,16.159,
2730,10,240,2862612720,2026-07-14T15:25:03.606953+00:00,23.900119,37622,41,0202aaa000f092f6005a5811460e29efbf1ffffffc2246cd1e00000fc0007ebfe9ed0737feebfff600,1,TX 41 seq=15956 rx_latency=1ms tx_dur=1ms,17.876,
2730,10,241,2862612721,2026-07-14T15:25:03.706991+00:00,24.000145,37722,41,0202aaa000f1935a005a5811460e29efbf1ffffffc2246cd1e00000fc0007ebfe9ed0737feebfff600,1,TX 41 seq=15957 rx_latency=1ms tx_dur=1ms,19.560,
2730,10,242,2862612722,2026-07-14T15:25:03.806995+00:00,24.100149,37822,41,0202aaa000f293be005a5811460e29efbf1ffffffc2246cd1e00000fc0007ebfe9ed0737feebfff600,1,TX 41 seq=15958 rx_latency=1ms tx_dur=1ms,22.240,
2730,10,243,2862612723,2026-07-14T15:25:03.906991+00:00,24.200139,37922,41,0202aaa000f39422005a5811460e29efbf1ffffffc2246cd1e00000fc0007ebfe9ed0737feebfff600,1,TX 41 seq=15959 rx_latency=1ms tx_dur=1ms,24.007,
2730,10,244,2862612724,2026-07-14T15:25:04.007003+00:00,24.300177,38022,41,0202aaa000f49486005a5811460e29efbf1ffffffc2246cd1e00000fc0007ebfe9ed0737feebfff600,1,TX 41 seq=15960 rx_latency=1ms tx_dur=1ms,15.621,
2730,10,245,2862612725,2026-07-14T15:25:04.106989+00:00,24.400143,38122,41,0202aaa000f594ea005a5811460e29efbf1ffffffc2246cd1e00000fc0007ebfe9ed0737feebfff600,1,TX 41 seq=15961 rx_latency=1ms tx_dur=1ms,17.411,
2730,10,246,2862612726,2026-07-14T15:25:04.206994+00:00,24.500146,38222,41,0202aaa000f6954e005a5811460e29efbf1ffffffc2246cd1e00000fc0007ebfe9ed0737feebfff600,1,TX 41 seq=15962 rx_latency=1ms tx_dur=1ms,19.195,
2730,10,247,2862612727,2026-07-14T15:25:04.306984+00:00,24.600129,38322,41,0202aaa000f795b2005a5811460e29efbf1ffffffc2246cd1e00000fc0007ebfe9ed0737feebfff600,1,TX 41 seq=15963 rx_latency=1ms tx_dur=1ms,21.775,
2730,10,248,2862612728,2026-07-14T15:25:04.406995+00:00,24.700143,38422,41,0202aaa000f89616005a5811460e29efbf1ffffffc2246cd1e00000fc0007ebfe9ed0737feebfff600,1,TX 41 seq=15964 rx_latency=1ms tx_dur=1ms,23.527,
2730,10,249,2862612729,2026-07-14T15:25:04.506988+00:00,24.800137,38522,41,0202aaa000f9967a005a5811460e29efbf1ffffffc2246cd1e00000fc0007ebfe9ed0737feebfff600,1,TX 41 seq=15965 rx_latency=1ms tx_dur=1ms,15.279,
2730,10,250,2862612730,2026-07-14T15:25:04.607002+00:00,24.900172,38622,41,0202aaa000fa96de005a5811460e29efbf1ffffffc2246cd1e00000fc0007ebfe9ed0737feebfff600,1,TX 41 seq=15966 rx_latency=1ms tx_dur=1ms,18.047,
2730,10,251,2862612731,2026-07-14T15:25:04.706987+00:00,25.000137,38722,41,0202aaa000fb9742005a5811460e29efbf1ffffffc2246cd1e00000fc0007ebfe9ed0737feebfff600,1,TX 41 seq=15967 rx_latency=1ms tx_dur=1ms,19.603,
2730,10,252,2862612732,2026-07-14T15:25:04.806993+00:00,25.100143,38822,41,0202aaa000fc97a6005a5811460e29efbf1ffffffc2246cd1e00000fc0007ebfe9ed0737feebfff600,1,TX 41 seq=15968 rx_latency=1ms tx_dur=1ms,21.388,
2730,10,253,2862612733,2026-07-14T15:25:04.906984+00:00,25.200127,38922,41,0202aaa000fd980a005a5811460e29efbf1ffffffc2246cd1e00000fc0007ebfe9ed0737feebfff600,1,TX 41 seq=15969 rx_latency=1ms tx_dur=1ms,24.156,
2730,10,254,2862612734,2026-07-14T15:25:05.007000+00:00,25.300163,39022,41,0202aaa000fe986e005a5811460e29efbf1ffffffc2246cd1e00000fc0007ebfe9ed0737feebfff600,1,TX 41 seq=15970 rx_latency=1ms tx_dur=1ms,15.917,
2730,10,255,2862612735,2026-07-14T15:25:05.106988+00:00,25.400139,39122,41,0202aaa000ff98d2005a5811460e29efbf1ffffffc2246cd1e00000fc0007ebfe9ed0737feebfff600,1,TX 41 seq=15971 rx_latency=1ms tx_dur=1ms,17.454,
2730,10,256,2862612736,2026-07-14T15:25:05.206993+00:00,25.500144,39222,41,0202aaa001009936005a5811460e29efbf1ffffffc2246cd1e00000fc0007ebfe9ed0737feebfff600,1,TX 41 seq=15972 rx_latency=1ms tx_dur=1ms,20.313,
2730,10,257,2862612737,2026-07-14T15:25:05.306985+00:00,25.600129,39322,41,0202aaa00101999a005a5811460e29efbf1ffffffc2246cd1e00000fc0007ebfe9ed0737feebfff600,1,TX 41 seq=15973 rx_latency=1ms tx_dur=1ms,22.006,
2730,10,258,2862612738,2026-07-14T15:25:05.406990+00:00,25.700137,39422,41,0202aaa0010299fe005a5811460e29efbf1ffffffc2246cd1e00000fc0007ebfe9ed0737feebfff600,1,TX 41 seq=15974 rx_latency=1ms tx_dur=1ms,23.770,
2730,10,259,2862612739,2026-07-14T15:25:05.506985+00:00,25.800131,39522,41,0202aaa001039a62005a5811460e29efbf1ffffffc2246cd1e00000fc0007ebfe9ed0737feebfff600,1,TX 41 seq=15975 rx_latency=1ms tx_dur=1ms,15.329,
2730,10,260,2862612740,2026-07-14T15:25:05.606991+00:00,25.900138,39622,41,0202aaa001049ac6005a5811460e29efbf1ffffffc2246cd1e00000fc0007ebfe9ed0737feebfff600,1,TX 41 seq=15976 rx_latency=1ms tx_dur=1ms,18.161,
2730,10,261,2862612741,2026-07-14T15:25:05.706916+00:00,26.000062,39722,41,0202aaa001059b2a005a5811460e29efbf1ffffffc2246cd1e00000fc0007ebfe9ed0737feebfff600,1,TX 41 seq=15977 rx_latency=1ms tx_dur=1ms,19.961,
2730,10,262,2862612742,2026-07-14T15:25:05.806990+00:00,26.100136,39822,41,0202aaa001069b8e005a5811460e29efbf1ffffffc2246cd1e00000fc0007ebfe9ed0737feebfff600,1,TX 41 seq=15978 rx_latency=1ms tx_dur=1ms,21.623,
2730,10,263,2862612743,2026-07-14T15:25:05.906983+00:00,26.200126,39922,41,0202aaa001079bf2005a5811460e29efbf1ffffffc2246cd1e00000fc0007ebfe9ed0737feebfff600,1,TX 41 seq=15979 rx_latency=1ms tx_dur=1ms,24.187,
2730,10,264,2862612744,2026-07-14T15:25:06.006998+00:00,26.300158,40022,41,0202aaa001089c56005a5811460e29efbf1ffffffc2246cd1e00000fc0007ebfe9ed0737feebfff600,1,TX 41 seq=15980 rx_latency=1ms tx_dur=1ms,15.967,
2730,10,265,2862612745,2026-07-14T15:25:06.106986+00:00,26.400137,40122,41,0202aaa001099cba005a5811460e29efbf1ffffffc2246cd1e00000fc0007ebfe9ed0737feebfff600,1,TX 41 seq=15981 rx_latency=1ms tx_dur=1ms,17.702,
2730,10,266,2862612746,2026-07-14T15:25:06.206999+00:00,26.500159,40222,41,0202aaa0010a9d1e005a5811460e29efbf1ffffffc2246cd1e00000fc0007ebfe9ed0737feebfff600,1,TX 41 seq=15982 rx_latency=1ms tx_dur=1ms,19.400,
2730,10,267,2862612747,2026-07-14T15:25:06.306985+00:00,26.600131,40322,41,0202aaa0010b9d82005a5811460e29efbf1ffffffc2246cd1e00000fc0007ebfe9ed0737feebfff600,1,TX 41 seq=15983 rx_latency=1ms tx_dur=1ms,22.031,
2730,10,268,2862612748,2026-07-14T15:25:06.406990+00:00,26.700139,40422,41,0202aaa0010c9de6005a5811460e29efbf1ffffffc2246cd1e00000fc0007ebfe9ed0737feebfff600,1,TX 41 seq=15984 rx_latency=1ms tx_dur=1ms,23.798,
2730,10,269,2862612749,2026-07-14T15:25:06.506914+00:00,26.800061,40522,41,0202aaa0010d9e4a005a5811460e29efbf1ffffffc2246cd1e00000fc0007ebfe9ed0737feebfff600,1,TX 41 seq=15985 rx_latency=1ms tx_dur=1ms,15.641,
2730,10,270,2862612750,2026-07-14T15:25:06.607002+00:00,26.900169,40622,41,0202aaa0010e9eae005a5811460e29efbf1ffffffc2246cd1e00000fc0007ebfe9ed0737feebfff600,1,TX 41 seq=15986 rx_latency=1ms tx_dur=1ms,17.211,
2730,10,271,2862612751,2026-07-14T15:25:06.706989+00:00,27.000145,40722,41,0202aaa0010f9f12005a5811460e29efbf1ffffffc2246cd1e00000fc0007ebfe9ed0737feebfff600,1,TX 41 seq=15987 rx_latency=1ms tx_dur=1ms,19.870,
2730,10,272,2862612752,2026-07-14T15:25:06.806991+00:00,27.100144,40822,41,0202aaa001109f76005a5811460e29efbf1ffffffc2246cd1e00000fc0007ebfe9ed0737feebfff600,1,TX 41 seq=15988 rx_latency=1ms tx_dur=1ms,21.284,
2730,10,273,2862612753,2026-07-14T15:25:06.906996+00:00,27.200159,40922,41,0202aaa001119fda005a5811460e29efbf1ffffffc2246cd1e00000fc0007ebfe9ed0737feebfff600,1,TX 41 seq=15989 rx_latency=1ms tx_dur=1ms,23.207,
2730,10,274,2862612754,2026-07-14T15:25:07.006993+00:00,27.300146,41022,41,0202aaa00112a03e005a5811460e29efbf1ffffffc2246cd1e00000fc0007ebfe9ed0737feebfff600,1,TX 41 seq=15990 rx_latency=1ms tx_dur=1ms,16.202,
2730,10,275,2862612755,2026-07-14T15:25:07.106923+00:00,27.400075,41122,41,0202aaa00113a0a2005a5811460e29efbf1ffffffc2246cd1e00000fc0007ebfe9ed0737feebfff600,1,TX 41 seq=15991 rx_latency=1ms tx_dur=1ms,17.782,
2730,10,276,2862612756,2026-07-14T15:25:07.206997+00:00,27.500150,41222,41,0202aaa00114a106005a5811460e29efbf1ffffffc2246cd1e00000fc0007ebfe9ed0737feebfff600,1,TX 41 seq=15992 rx_latency=1ms tx_dur=1ms,19.491,
2730,10,277,2862612757,2026-07-14T15:25:07.306993+00:00,27.600150,41322,41,0202aaa00115a16a005a5811460e29efbf1ffffffc2246cd1e00000fc0007ebfe9ed0737feebfff600,1,TX 41 seq=15993 rx_latency=1ms tx_dur=1ms,22.212,
2730,10,278,2862612758,2026-07-14T15:25:07.406991+00:00,27.700143,41422,41,0202aaa00116a1ce005a5811460e29efbf1ffffffc2246cd1e00000fc0007ebfe9ed0737feebfff600,1,TX 41 seq=15994 rx_latency=1ms tx_dur=1ms,24.021,
2730,10,279,2862612759,2026-07-14T15:25:07.506989+00:00,27.800136,41522,41,0202aaa00117a232005a5811460e29efbf1ffffffc2246cd1e00000fc0007ebfe9ed0737feebfff600,1,TX 41 seq=15995 rx_latency=1ms tx_dur=1ms,15.578,
2730,10,280,2862612760,2026-07-14T15:25:07.606992+00:00,27.900142,41622,41,0202aaa00118a296005a5811460e29efbf1ffffffc2246cd1e00000fc0007ebfe9ed0737feebfff600,1,TX 41 seq=15996 rx_latency=1ms tx_dur=1ms,17.297,
2730,10,281,2862612761,2026-07-14T15:25:07.707012+00:00,28.000191,41722,41,0202aaa00119a2fa005a5811460e29efbf1ffffffc2246cd1e00000fc0007ebfe9ed0737feebfff600,1,TX 41 seq=15997 rx_latency=1ms tx_dur=1ms,20.011,
2730,10,282,2862612762,2026-07-14T15:25:07.806990+00:00,28.100142,41822,41,0202aaa0011aa35e005a5811460e29efbf1ffffffc2246cd1e00000fc0007ebfe9ed0737feebfff600,1,TX 41 seq=15998 rx_latency=1ms tx_dur=1ms,21.796,
2730,10,283,2862612763,2026-07-14T15:25:07.906992+00:00,28.200142,41922,41,0202aaa0011ba3c2005a5811460e29efbf1ffffffc2246cd1e00000fc0007ebfe9ed0737feebfff600,1,TX 41 seq=15999 rx_latency=1ms tx_dur=1ms,23.385,
2730,10,284,2862612764,2026-07-14T15:25:08.006985+00:00,28.300130,42022,41,0202aaa0011ca426005a5811460e29efbf1ffffffc2246cd1e00000fc0007ebfe9ed0737feebfff600,1,TX 41 seq=16000 rx_latency=1ms tx_dur=1ms,16.268,
2730,10,285,2862612765,2026-07-14T15:25:08.106967+00:00,28.400120,42122,41,0202aaa0011da48a005a5811460e29efbf1ffffffc2246cd1e00000fc0007ebfe9ed0737feebfff600,1,TX 41 seq=16001 rx_latency=1ms tx_dur=1ms,17.994,
2730,10,286,2862612766,2026-07-14T15:25:08.206984+00:00,28.500129,42222,41,0202aaa0011ea4ee005a5811460e29efbf1ffffffc2246cd1e00000fc0007ebfe9ed0737feebfff600,1,TX 41 seq=16002 rx_latency=1ms tx_dur=1ms,19.691,
2730,10,287,2862612767,2026-07-14T15:25:08.307000+00:00,28.600160,42322,41,0202aaa0011fa552005a5811460e29efbf1ffffffc2246cd1e00000fc0007ebfe9ed0737feebfff600,1,TX 41 seq=16003 rx_latency=1ms tx_dur=1ms,21.380,
2730,10,288,2862612768,2026-07-14T15:25:08.406987+00:00,28.700132,42422,41,0202aaa00120a5b6005a5811460e29efbf1ffffffc2246cd1e00000fc0007ebfe9ed0737feebfff600,1,TX 41 seq=16004 rx_latency=1ms tx_dur=1ms,24.013,
2730,10,289,2862612769,2026-07-14T15:25:08.506991+00:00,28.800143,42522,41,0202aaa00121a61a005a5811460e29efbf1ffffffc2246cd1e00000fc0007ebfe9ed0737feebfff600,1,TX 41 seq=16005 rx_latency=1ms tx_dur=1ms,15.811,
2730,10,290,2862612770,2026-07-14T15:25:08.606992+00:00,28.900141,42622,41,0202aaa00122a67e005a5811460e29efbf1ffffffc2246cd1e00000fc0007ebfe9ed0737feebfff600,1,TX 41 seq=16006 rx_latency=1ms tx_dur=1ms,17.547,
2730,10,291,2862612771,2026-07-14T15:25:08.706990+00:00,29.000137,42722,41,0202aaa00123a6e2005a5811460e29efbf1ffffffc2246cd1e00000fc0007ebfe9ed0737feebfff600,1,TX 41 seq=16007 rx_latency=1ms tx_dur=1ms,19.275,
2730,10,292,2862612772,2026-07-14T15:25:08.806987+00:00,29.100133,42822,41,0202aaa00124a746005a5811460e29efbf1ffffffc2246cd1e00000fc0007ebfe9ed0737feebfff600,1,TX 41 seq=16008 rx_latency=1ms tx_dur=1ms,21.861,
2730,10,293,2862612773,2026-07-14T15:25:08.906995+00:00,29.200150,42922,41,0202aaa00125a7aa005a5811460e29efbf1ffffffc2246cd1e00000fc0007ebfe9ed0737feebfff600,1,TX 41 seq=16009 rx_latency=1ms tx_dur=1ms,23.605,
2730,10,294,2862612774,2026-07-14T15:25:09.006985+00:00,29.300128,43022,41,0202aaa00126a80e005a5811460e29efbf1ffffffc2246cd1e00000fc0007ebfe9ed0737feebfff600,1,TX 41 seq=16010 rx_latency=1ms tx_dur=1ms,15.397,
2730,10,295,2862612775,2026-07-14T15:25:09.106993+00:00,29.400144,43122,41,0202aaa00127a872005a5811460e29efbf1ffffffc2246cd1e00000fc0007ebfe9ed0737feebfff600,1,TX 41 seq=16011 rx_latency=1ms tx_dur=1ms,18.206,
2730,10,296,2862612776,2026-07-14T15:25:09.206986+00:00,29.500131,43222,41,0202aaa00128a8d6005a5811460e29efbf1ffffffc2246cd1e00000fc0007ebfe9ed0737feebfff600,1,TX 41 seq=16012 rx_latency=1ms tx_dur=1ms,19.714,
2730,10,297,2862612777,2026-07-14T15:25:09.306991+00:00,29.600139,43322,41,0202aaa00129a93a005a5811460e29efbf1ffffffc2246cd1e00000fc0007ebfe9ed0737feebfff600,1,TX 41 seq=16013 rx_latency=1ms tx_dur=1ms,21.464,
2730,10,298,2862612778,2026-07-14T15:25:09.406984+00:00,29.700128,43422,41,0202aaa0012aa99e005a5811460e29efbf1ffffffc2246cd1e00000fc0007ebfe9ed0737feebfff600,1,TX 41 seq=16014 rx_latency=1ms tx_dur=1ms,24.251,
2730,10,299,2862612779,2026-07-14T15:25:09.506999+00:00,29.800161,43522,41,0202aaa0012baa02005a5811460e29efbf1ffffffc2246cd1e00000fc0007ebfe9ed0737feebfff600,1,TX 41 seq=16015 rx_latency=1ms tx_dur=1ms,15.999,
2730,10,300,2862612780,2026-07-14T15:25:09.606986+00:00,29.900134,43622,41,0202aaa0012caa66005a5811460e29efbf1ffffffc2246cd1e00000fc0007ebfe9ed0737feebfff600,1,TX 41 seq=16016 rx_latency=1ms tx_dur=1ms,17.566,
2730,10,301,2862612781,2026-07-14T15:25:09.706999+00:00,30.000164,43722,41,0202aaa0012daaca005a5811460e29efbf1ffffffc2246cd1e00000fc0007ebfe9ed0737feebfff600,1,TX 41 seq=16017 rx_latency=1ms tx_dur=1ms,19.247,
2730,10,302,2862612782,2026-07-14T15:25:09.806986+00:00,30.100132,43822,41,0202aaa0012eab2e005a5811460e29efbf1ffffffc2246cd1e00000fc0007ebfe9ed0737feebfff600,1,TX 41 seq=16018 rx_latency=1ms tx_dur=1ms,22.122,
2730,10,303,2862612783,2026-07-14T15:25:09.907010+00:00,30.200188,43922,41,0202aaa0012fab92005a5811460e29efbf1ffffffc2246cd1e00000fc0007ebfe9ed0737feebfff600,1,TX 41 seq=16019 rx_latency=1ms tx_dur=1ms,23.740,
2730,10,304,2862612784,2026-07-14T15:25:10.006989+00:00,30.300141,44022,41,0202aaa00130abf6005a5811460e29efbf1ffffffc2246cd1e00000fc0007ebfe9ed0737feebfff600,1,TX 41 seq=16020 rx_latency=1ms tx_dur=1ms,15.399,
2730,10,305,2862612785,2026-07-14T15:25:10.106993+00:00,30.400147,44122,41,0202aaa00131ac5a005a5811460e29efbf1ffffffc2246cd1e00000fc0007ebfe9ed0737feebfff600,1,TX 41 seq=16021 rx_latency=1ms tx_dur=1ms,18.211,
2730,10,306,2862612786,2026-07-14T15:25:10.206984+00:00,30.500130,44222,41,0202aaa00132acbe005a5811460e29efbf1ffffffc2246cd1e00000fc0007ebfe9ed0737feebfff600,1,TX 41 seq=16022 rx_latency=1ms tx_dur=1ms,19.943,
2730,10,307,2862612787,2026-07-14T15:25:10.306991+00:00,30.600140,44322,41,0202aaa00133ad22005a5811460e29efbf1ffffffc2246cd1e00000fc0007ebfe9ed0737feebfff600,1,TX 41 seq=16023 rx_latency=1ms tx_dur=1ms,21.699,
2730,10,308,2862612788,2026-07-14T15:25:10.406989+00:00,30.700144,44422,41,0202aaa00134ad86005a5811460e29efbf1ffffffc2246cd1e00000fc0007ebfe9ed0737feebfff600,1,TX 41 seq=16024 rx_latency=1ms tx_dur=1ms,24.328,
2730,10,309,2862612789,2026-07-14T15:25:10.507006+00:00,30.800180,44522,41,0202aaa00135adea005a5811460e29efbf1ffffffc2246cd1e00000fc0007ebfe9ed0737feebfff600,1,TX 41 seq=16025 rx_latency=1ms tx_dur=1ms,15.971,
2730,10,310,2862612790,2026-07-14T15:25:10.606971+00:00,30.900128,44622,41,0202aaa00136ae4e005a5811460e29efbf1ffffffc2246cd1e00000fc0007ebfe9ed0737feebfff600,1,TX 41 seq=16026 rx_latency=1ms tx_dur=1ms,17.781,
2730,10,311,2862612791,2026-07-14T15:25:10.706992+00:00,31.000144,44722,41,0202aaa00137aeb2005a5811460e29efbf1ffffffc2246cd1e00000fc0007ebfe9ed0737feebfff600,1,TX 41 seq=16027 rx_latency=1ms tx_dur=1ms,19.515,
2730,10,312,2862612792,2026-07-14T15:25:10.806984+00:00,31.100131,44822,41,0202aaa00138af16005a5811460e29efbf1ffffffc2246cd1e00000fc0007ebfe9ed0737feebfff600,1,TX 41 seq=16028 rx_latency=1ms tx_dur=1ms,22.125,
2730,10,313,2862612793,2026-07-14T15:25:10.906993+00:00,31.200142,44922,41,0202aaa00139af7a005a5811460e29efbf1ffffffc2246cd1e00000fc0007ebfe9ed0737feebfff600,1,TX 41 seq=16029 rx_latency=1ms tx_dur=1ms,23.875,
2730,10,314,2862612794,2026-07-14T15:25:11.006988+00:00,31.300136,45022,41,0202aaa0013aafde005a5811460e29efbf1ffffffc2246cd1e00000fc0007ebfe9ed0737feebfff600,1,TX 41 seq=16030 rx_latency=1ms tx_dur=1ms,15.648,
2730,10,315,2862612795,2026-07-14T15:25:11.106992+00:00,31.400145,45122,41,0202aaa0013bb042005a5811460e29efbf1ffffffc2246cd1e00000fc0007ebfe9ed0737feebfff600,1,TX 41 seq=16031 rx_latency=1ms tx_dur=1ms,17.372,
2730,10,316,2862612796,2026-07-14T15:25:11.206986+00:00,31.500131,45222,41,0202aaa0013cb0a6005a5811460e29efbf1ffffffc2246cd1e00000fc0007ebfe9ed0737feebfff600,1,TX 41 seq=16032 rx_latency=1ms tx_dur=1ms,19.987,
2730,10,317,2862612797,2026-07-14T15:25:11.306991+00:00,31.600140,45322,41,0202aaa0013db10a005a5811460e29efbf1ffffffc2246cd1e00000fc0007ebfe9ed0737feebfff600,1,TX 41 seq=16033 rx_latency=1ms tx_dur=1ms,21.723,
2730,10,318,2862612798,2026-07-14T15:25:11.406986+00:00,31.700129,45422,41,0202aaa0013eb16e005a5811460e29efbf1ffffffc2246cd1e00000fc0007ebfe9ed0737feebfff600,1,TX 41 seq=16034 rx_latency=1ms tx_dur=1ms,23.406,
2730,10,319,2862612799,2026-07-14T15:25:11.506992+00:00,31.800142,45522,41,0202aaa0013fb1d2005a5811460e29efbf1ffffffc2246cd1e00000fc0007ebfe9ed0737feebfff600,1,TX 41 seq=16035 rx_latency=1ms tx_dur=1ms,15.249,
2730,10,320,2862612800,2026-07-14T15:25:11.606994+00:00,31.900157,45622,41,0202aaa00140b236005a5811460e29efbf1ffffffc2246cd1e00000fc0007ebfe9ed0737feebfff600,1,TX 41 seq=16036 rx_latency=1ms tx_dur=1ms,17.964,
2730,10,321,2862612801,2026-07-14T15:25:11.706989+00:00,32.000141,45722,41,0202aaa00141b29a005a5811460e29efbf1ffffffc2246cd1e00000fc0007ebfe9ed0737feebfff600,1,TX 41 seq=16037 rx_latency=1ms tx_dur=1ms,19.518,
2730,10,322,2862612802,2026-07-14T15:25:11.806993+00:00,32.100145,45822,41,0202aaa00142b2fe005a5811460e29efbf1ffffffc2246cd1e00000fc0007ebfe9ed0737feebfff600,1,TX 41 seq=16038 rx_latency=1ms tx_dur=1ms,21.276,
2730,10,323,2862612803,2026-07-14T15:25:11.906984+00:00,32.200128,45922,41,0202aaa00143b362005a5811460e29efbf1ffffffc2246cd1e00000fc0007ebfe9ed0737feebfff600,1,TX 41 seq=16039 rx_latency=1ms tx_dur=1ms,24.113,
2730,10,324,2862612804,2026-07-14T15:25:12.006996+00:00,32.300156,46022,41,0202aaa00144b3c6005a5811460e29efbf1ffffffc2246cd1e00000fc0007ebfe9ed0737feebfff600,1,TX 41 seq=16040 rx_latency=1ms tx_dur=1ms,15.869,
2730,10,325,2862612805,2026-07-14T15:25:12.106987+00:00,32.400135,46122,41,0202aaa00145b42a005a5811460e29efbf1ffffffc2246cd1e00000fc0007ebfe9ed0737feebfff600,1,TX 41 seq=16041 rx_latency=1ms tx_dur=1ms,17.374,
2730,10,326,2862612806,2026-07-14T15:25:12.206946+00:00,32.500097,46222,41,0202aaa00146b48e005a5811460e29efbf1ffffffc2246cd1e00000fc0007ebfe9ed0737feebfff600,1,TX 41 seq=16042 rx_latency=1ms tx_dur=1ms,20.278,
2730,10,327,2862612807,2026-07-14T15:25:12.306984+00:00,32.600131,46322,41,0202aaa00147b4f2005a5811460e29efbf1ffffffc2246cd1e00000fc0007ebfe9ed0737feebfff600,1,TX 41 seq=16043 rx_latency=1ms tx_dur=1ms,21.922,
2730,10,328,2862612808,2026-07-14T15:25:12.406990+00:00,32.700137,46422,41,0202aaa00148b556005a5811460e29efbf1ffffffc2246cd1e00000fc0007ebfe9ed0737feebfff600,1,TX 41 seq=16044 rx_latency=1ms tx_dur=1ms,23.690,
2730,10,329,2862612809,2026-07-14T15:25:12.506983+00:00,32.800125,46522,41,0202aaa00149b5ba005a5811460e29efbf1ffffffc2246cd1e00000fc0007ebfe9ed0737feebfff600,1,TX 41 seq=16045 rx_latency=1ms tx_dur=1ms,16.401,
2730,10,330,2862612810,2026-07-14T15:25:12.606993+00:00,32.900146,46622,41,0202aaa0014ab61e005a5811460e29efbf1ffffffc2246cd1e00000fc0007ebfe9ed0737feebfff600,1,TX 41 seq=16046 rx_latency=1ms tx_dur=1ms,18.068,
2730,10,331,2862612811,2026-07-14T15:25:12.706987+00:00,33.000133,46722,41,0202aaa0014bb682005a5811460e29efbf1ffffffc2246cd1e00000fc0007ebfe9ed0737feebfff600,1,TX 41 seq=16047 rx_latency=1ms tx_dur=1ms,19.767,
2730,10,332,2862612812,2026-07-14T15:25:12.806994+00:00,33.100155,46822,41,0202aaa0014cb6e6005a5811460e29efbf1ffffffc2246cd1e00000fc0007ebfe9ed0737feebfff600,1,TX 41 seq=16048 rx_latency=1ms tx_dur=1ms,21.425,
2730,10,333,2862612813,2026-07-14T15:25:12.906992+00:00,33.200145,46922,41,0202aaa0014db74a005a5811460e29efbf1ffffffc2246cd1e00000fc0007ebfe9ed0737feebfff600,1,TX 41 seq=16049 rx_latency=1ms tx_dur=1ms,24.128,
2730,10,334,2862612814,2026-07-14T15:25:13.006984+00:00,33.300129,47022,41,0202aaa0014eb7ae005a5811460e29efbf1ffffffc2246cd1e00000fc0007ebfe9ed0737feebfff600,1,TX 41 seq=16050 rx_latency=1ms tx_dur=1ms,15.918,
2730,10,335,2862612815,2026-07-14T15:25:13.106993+00:00,33.400141,47122,41,0202aaa0014fb812005a5811460e29efbf1ffffffc2246cd1e00000fc0007ebfe9ed0737feebfff600,1,TX 41 seq=16051 rx_latency=1ms tx_dur=1ms,17.661,
2730,10,336,2862612816,2026-07-14T15:25:13.206984+00:00,33.500129,47222,41,0202aaa00150b876005a5811460e29efbf1ffffffc2246cd1e00000fc0007ebfe9ed0737feebfff600,1,TX 41 seq=16052 rx_latency=1ms tx_dur=1ms,19.353,
2730,10,337,2862612817,2026-07-14T15:25:13.306993+00:00,33.600148,47322,41,0202aaa00151b8da005a5811460e29efbf1ffffffc2246cd1e00000fc0007ebfe9ed0737feebfff600,1,TX 41 seq=16053 rx_latency=1ms tx_dur=1ms,21.970,
2730,10,338,2862612818,2026-07-14T15:25:13.406984+00:00,33.700129,47422,41,0202aaa00152b93e005a5811460e29efbf1ffffffc2246cd1e00000fc0007ebfe9ed0737feebfff600,1,TX 41 seq=16054 rx_latency=1ms tx_dur=1ms,23.674,
2730,10,339,2862612819,2026-07-14T15:25:13.506990+00:00,33.800140,47522,41,0202aaa00153b9a2005a5811460e29efbf1ffffffc2246cd1e00000fc0007ebfe9ed0737feebfff600,1,TX 41 seq=16055 rx_latency=1ms tx_dur=1ms,15.470,
2730,10,340,2862612820,2026-07-14T15:25:13.606989+00:00,33.900136,47622,41,0202aaa00154ba06005a5811460e29efbf1ffffffc2246cd1e00000fc0007ebfe9ed0737feebfff600,1,TX 41 seq=16056 rx_latency=1ms tx_dur=1ms,18.309,
2730,10,341,2862612821,2026-07-14T15:25:13.707004+00:00,34.000176,47722,41,0202aaa00155ba6a005a5811460e29efbf1ffffffc2246cd1e00000fc0007ebfe9ed0737feebfff600,1,TX 41 seq=16057 rx_latency=1ms tx_dur=1ms,19.692,
2730,10,342,2862612822,2026-07-14T15:25:13.807002+00:00,34.100164,47822,41,0202aaa00156bace005a5811460e29efbf1ffffffc2246cd1e00000fc0007ebfe9ed0737feebfff600,1,TX 41 seq=16058 rx_latency=1ms tx_dur=1ms,21.500,
2730,10,343,2862612823,2026-07-14T15:25:13.906986+00:00,34.200133,47922,41,0202aaa00157bb32005a5811460e29efbf1ffffffc2246cd1e00000fc0007ebfe9ed0737feebfff600,1,TX 41 seq=16059 rx_latency=1ms tx_dur=1ms,24.327,
2730,10,344,2862612824,2026-07-14T15:25:14.006991+00:00,34.300140,48022,41,0202aaa00158bb96005a5811460e29efbf1ffffffc2246cd1e00000fc0007ebfe9ed0737feebfff600,1,TX 41 seq=16060 rx_latency=1ms tx_dur=1ms,16.148,
2730,10,345,2862612825,2026-07-14T15:25:14.106990+00:00,34.400137,48122,41,0202aaa00159bbfa005a5811460e29efbf1ffffffc2246cd1e00000fc0007ebfe9ed0737feebfff600,1,TX 41 seq=16061 rx_latency=1ms tx_dur=1ms,17.666,
2730,10,346,2862612826,2026-07-14T15:25:14.206991+00:00,34.500139,48222,41,0202aaa0015abc5e005a5811460e29efbf1ffffffc2246cd1e00000fc0007ebfe9ed0737feebfff600,1,TX 41 seq=16062 rx_latency=1ms tx_dur=1ms,19.387,
2730,10,347,2862612827,2026-07-14T15:25:14.306961+00:00,34.600110,48322,41,0202aaa0015bbcc2005a5811460e29efbf1ffffffc2246cd1e00000fc0007ebfe9ed0737feebfff600,1,TX 41 seq=16063 rx_latency=1ms tx_dur=1ms,22.195,
2730,10,348,2862612828,2026-07-14T15:25:14.406991+00:00,34.700140,48422,41,0202aaa0015cbd26005a5811460e29efbf1ffffffc2246cd1e00000fc0007ebfe9ed0737feebfff600,1,TX 41 seq=16064 rx_latency=1ms tx_dur=1ms,23.962,
2730,10,349,2862612829,2026-07-14T15:25:14.506985+00:00,34.800131,48522,41,0202aaa0015dbd8a005a5811460e29efbf1ffffffc2246cd1e00000fc0007ebfe9ed0737feebfff600,1,TX 41 seq=16065 rx_latency=1ms tx_dur=1ms,15.521,
2730,10,350,2862612830,2026-07-14T15:25:14.606990+00:00,34.900137,48622,41,0202aaa0015ebdee005a5811460e29efbf1ffffffc2246cd1e00000fc0007ebfe9ed0737feebfff600,1,TX 41 seq=16066 rx_latency=1ms tx_dur=1ms,17.235,
2730,10,351,2862612831,2026-07-14T15:25:14.706992+00:00,35.000142,48722,41,0202aaa0015fbe52005a5811460e29efbf1ffffffc2246cd1e00000fc0007ebfe9ed0737feebfff600,1,TX 41 seq=16067 rx_latency=1ms tx_dur=1ms,20.052,
2730,10,352,2862612832,2026-07-14T15:25:14.806995+00:00,35.100153,48822,41,0202aaa00160beb6005a5811460e29efbf1ffffffc2246cd1e00000fc0007ebfe9ed0737feebfff600,1,TX 41 seq=16068 rx_latency=1ms tx_dur=1ms,21.758,
2730,10,353,2862612833,2026-07-14T15:25:14.906988+00:00,35.200134,48922,41,0202aaa00161bf1a005a5811460e29efbf1ffffffc2246cd1e00000fc0007ebfe9ed0737feebfff600,1,TX 41 seq=16069 rx_latency=1ms tx_dur=1ms,24.362,
2730,10,354,2862612834,2026-07-14T15:25:15.006999+00:00,35.300157,49022,41,0202aaa00162bf7e005a5811460e29efbf1ffffffc2246cd1e00000fc0007ebfe9ed0737feebfff600,1,TX 41 seq=16070 rx_latency=1ms tx_dur=1ms,16.121,
2730,10,355,2862612835,2026-07-14T15:25:15.106986+00:00,35.400134,49122,41,0202aaa00163bfe2005a5811460e29efbf1ffffffc2246cd1e00000fc0007ebfe9ed0737feebfff600,1,TX 41 seq=16071 rx_latency=1ms tx_dur=1ms,17.891,
2730,10,356,2862612836,2026-07-14T15:25:15.206993+00:00,35.500144,49222,41,0202aaa00164c046005a5811460e29efbf1ffffffc2246cd1e00000fc0007ebfe9ed0737feebfff600,1,TX 41 seq=16072 rx_latency=1ms tx_dur=1ms,19.629,
2730,10,357,2862612837,2026-07-14T15:25:15.306984+00:00,35.600132,49322,41,0202aaa00165c0aa005a5811460e29efbf1ffffffc2246cd1e00000fc0007ebfe9ed0737feebfff600,1,TX 41 seq=16073 rx_latency=1ms tx_dur=1ms,22.213,
2730,10,358,2862612838,2026-07-14T15:25:15.406992+00:00,35.700142,49422,41,0202aaa00166c10e005a5811460e29efbf1ffffffc2246cd1e00000fc0007ebfe9ed0737feebfff600,1,TX 41 seq=16074 rx_latency=1ms tx_dur=1ms,23.973,
2730,10,359,2862612839,2026-07-14T15:25:15.506986+00:00,35.800133,49522,41,0202aaa00167c172005a5811460e29efbf1ffffffc2246cd1e00000fc0007ebfe9ed0737feebfff600,1,TX 41 seq=16075 rx_latency=1ms tx_dur=1ms,15.747,
2730,10,360,2862612840,2026-07-14T15:25:15.606991+00:00,35.900140,49622,41,0202aaa00168c1d6005a5811460e29efbf1ffffffc2246cd1e00000fc0007ebfe9ed0737feebfff600,1,TX 41 seq=16076 rx_latency=1ms tx_dur=1ms,17.472,
2730,10,361,2862612841,2026-07-14T15:25:15.706992+00:00,36.000144,49722,41,0202aaa00169c23a005a5811460e29efbf1ffffffc2246cd1e00000fc0007ebfe9ed0737feebfff600,1,TX 41 seq=16077 rx_latency=1ms tx_dur=1ms,20.275,
2730,10,362,2862612842,2026-07-14T15:25:15.806925+00:00,36.100076,49822,41,0202aaa0016ac29e005a5811460e29efbf1ffffffc2246cd1e00000fc0007ebfe9ed0737feebfff600,1,TX 41 seq=16078 rx_latency=1ms tx_dur=1ms,21.963,
2730,10,363,2862612843,2026-07-14T15:25:15.906993+00:00,36.200160,49922,41,0202aaa0016bc302005a5811460e29efbf1ffffffc2246cd1e00000fc0007ebfe9ed0737feebfff600,1,TX 41 seq=16079 rx_latency=1ms tx_dur=1ms,23.398,
2730,10,364,2862612844,2026-07-14T15:25:16.006994+00:00,36.300149,50022,41,0202aaa0016cc366005a5811460e29efbf1ffffffc2246cd1e00000fc0007ebfe9ed0737feebfff600,1,TX 41 seq=16080 rx_latency=1ms tx_dur=1ms,15.282,
2730,10,365,2862612845,2026-07-14T15:25:16.106992+00:00,36.400141,50122,41,0202aaa0016dc3ca005a5811460e29efbf1ffffffc2246cd1e00000fc0007ebfe9ed0737feebfff600,1,TX 41 seq=16081 rx_latency=1ms tx_dur=1ms,18.140,
2730,10,366,2862612846,2026-07-14T15:25:16.206918+00:00,36.500065,50222,41,0202aaa0016ec42e005a5811460e29efbf1ffffffc2246cd1e00000fc0007ebfe9ed0737feebfff600,1,TX 41 seq=16082 rx_latency=1ms tx_dur=1ms,19.737,
2730,10,367,2862612847,2026-07-14T15:25:16.306994+00:00,36.600155,50322,41,0202aaa0016fc492005a5811460e29efbf1ffffffc2246cd1e00000fc0007ebfe9ed0737feebfff600,1,TX 41 seq=16083 rx_latency=1ms tx_dur=1ms,21.325,
2730,10,368,2862612848,2026-07-14T15:25:16.406994+00:00,36.700149,50422,41,0202aaa00170c4f6005a5811460e29efbf1ffffffc2246cd1e00000fc0007ebfe9ed0737feebfff600,1,TX 41 seq=16084 rx_latency=1ms tx_dur=1ms,24.198,
2730,10,369,2862612849,2026-07-14T15:25:16.506985+00:00,36.800129,50522,41,0202aaa00171c55a005a5811460e29efbf1ffffffc2246cd1e00000fc0007ebfe9ed0737feebfff600,1,TX 41 seq=16085 rx_latency=1ms tx_dur=1ms,15.996,
2730,10,370,2862612850,2026-07-14T15:25:16.606992+00:00,36.900140,50622,41,0202aaa00172c5be005a5811460e29efbf1ffffffc2246cd1e00000fc0007ebfe9ed0737feebfff600,1,TX 41 seq=16086 rx_latency=1ms tx_dur=1ms,17.497,
2730,10,371,2862612851,2026-07-14T15:25:16.706989+00:00,37.000141,50722,41,0202aaa00173c622005a5811460e29efbf1ffffffc2246cd1e00000fc0007ebfe9ed0737feebfff600,1,TX 41 seq=16087 rx_latency=1ms tx_dur=1ms,20.271,
2730,10,372,2862612852,2026-07-14T15:25:16.806994+00:00,37.100146,50822,41,0202aaa00174c686005a5811460e29efbf1ffffffc2246cd1e00000fc0007ebfe9ed0737feebfff600,1,TX 41 seq=16088 rx_latency=1ms tx_dur=1ms,22.076,
2730,10,373,2862612853,2026-07-14T15:25:16.906986+00:00,37.200132,50922,41,0202aaa00175c6ea005a5811460e29efbf1ffffffc2246cd1e00000fc0007ebfe9ed0737feebfff600,1,TX 41 seq=16089 rx_latency=1ms tx_dur=1ms,23.729,
2730,10,374,2862612854,2026-07-14T15:25:17.006990+00:00,37.300137,51022,41,0202aaa00176c74e005a5811460e29efbf1ffffffc2246cd1e00000fc0007ebfe9ed0737feebfff600,1,TX 41 seq=16090 rx_latency=1ms tx_dur=1ms,15.345,
2730,10,375,2862612855,2026-07-14T15:25:17.106991+00:00,37.400139,51122,41,0202aaa00177c7b2005a5811460e29efbf1ffffffc2246cd1e00000fc0007ebfe9ed0737feebfff600,1,TX 41 seq=16091 rx_latency=1ms tx_dur=1ms,18.172,
2730,10,376,2862612856,2026-07-14T15:25:17.206990+00:00,37.500137,51222,41,0202aaa00178c816005a5811460e29efbf1ffffffc2246cd1e00000fc0007ebfe9ed0737feebfff600,1,TX 41 seq=16092 rx_latency=1ms tx_dur=1ms,19.901,
2730,10,377,2862612857,2026-07-14T15:25:17.306994+00:00,37.600154,51322,41,0202aaa00179c87a005a5811460e29efbf1ffffffc2246cd1e00000fc0007ebfe9ed0737feebfff600,1,TX 41 seq=16093 rx_latency=1ms tx_dur=1ms,21.520,
2730,10,378,2862612858,2026-07-14T15:25:17.406995+00:00,37.700146,51422,41,0202aaa0017ac8de005a5811460e29efbf1ffffffc2246cd1e00000fc0007ebfe9ed0737feebfff600,1,TX 41 seq=16094 rx_latency=1ms tx_dur=1ms,24.222,
2730,10,379,2862612859,2026-07-14T15:25:17.506986+00:00,37.800130,51522,41,0202aaa0017bc942005a5811460e29efbf1ffffffc2246cd1e00000fc0007ebfe9ed0737feebfff600,1,TX 41 seq=16095 rx_latency=1ms tx_dur=1ms,16.021,
2730,10,380,2862612860,2026-07-14T15:25:17.606993+00:00,37.900141,51622,41,0202aaa0017cc9a6005a5811460e29efbf1ffffffc2246cd1e00000fc0007ebfe9ed0737feebfff600,1,TX 41 seq=16096 rx_latency=1ms tx_dur=1ms,17.736,
2730,10,381,2862612861,2026-07-14T15:25:17.706991+00:00,38.000139,51722,41,0202aaa0017dca0a005a5811460e29efbf1ffffffc2246cd1e00000fc0007ebfe9ed0737feebfff600,1,TX 41 seq=16097 rx_latency=1ms tx_dur=1ms,19.464,
2730,10,382,2862612862,2026-07-14T15:25:17.806993+00:00,38.100144,51822,41,0202aaa0017eca6e005a5811460e29efbf1ffffffc2246cd1e00000fc0007ebfe9ed0737feebfff600,1,TX 41 seq=16098 rx_latency=1ms tx_dur=1ms,22.079,
2730,10,383,2862612863,2026-07-14T15:25:17.906992+00:00,38.200137,51922,41,0202aaa0017fcad2005a5811460e29efbf1ffffffc2246cd1e00000fc0007ebfe9ed0737feebfff600,1,TX 41 seq=16099 rx_latency=1ms tx_dur=1ms,23.806,
2730,10,384,2862612864,2026-07-14T15:25:18.006991+00:00,38.300138,52022,41,0202aaa00180cb36005a5811460e29efbf1ffffffc2246cd1e00000fc0007ebfe9ed0737feebfff600,1,TX 41 seq=16100 rx_latency=1ms tx_dur=1ms,15.577,
2730,10,385,2862612865,2026-07-14T15:25:18.106992+00:00,38.400139,52122,41,0202aaa00181cb9a005a5811460e29efbf1ffffffc2246cd1e00000fc0007ebfe9ed0737feebfff600,1,TX 41 seq=16101 rx_latency=1ms tx_dur=1ms,17.314,
2730,10,386,2862612866,2026-07-14T15:25:18.206999+00:00,38.500144,52222,41,0202aaa00182cbfe005a5811460e29efbf1ffffffc2246cd1e00000fc0007ebfe9ed0737feebfff600,1,TX 41 seq=16102 rx_latency=1ms tx_dur=1ms,19.852,
2730,10,387,2862612867,2026-07-14T15:25:18.307001+00:00,38.600159,52322,41,0202aaa00183cc62005a5811460e29efbf1ffffffc2246cd1e00000fc0007ebfe9ed0737feebfff600,1,TX 41 seq=16103 rx_latency=1ms tx_dur=1ms,21.678,
2730,10,388,2862612868,2026-07-14T15:25:18.406992+00:00,38.700146,52422,41,0202aaa00184ccc6005a5811460e29efbf1ffffffc2246cd1e00000fc0007ebfe9ed0737feebfff600,1,TX 41 seq=16104 rx_latency=1ms tx_dur=1ms,23.244,
2730,10,389,2862612869,2026-07-14T15:25:18.506993+00:00,38.800151,52522,41,0202aaa00185cd2a005a5811460e29efbf1ffffffc2246cd1e00000fc0007ebfe9ed0737feebfff600,1,TX 41 seq=16105 rx_latency=1ms tx_dur=1ms,16.266,
2730,10,390,2862612870,2026-07-14T15:25:18.606995+00:00,38.900149,52622,41,0202aaa00186cd8e005a5811460e29efbf1ffffffc2246cd1e00000fc0007ebfe9ed0737feebfff600,1,TX 41 seq=16106 rx_latency=1ms tx_dur=1ms,17.732,
2730,10,391,2862612871,2026-07-14T15:25:18.706993+00:00,39.000142,52722,41,0202aaa00187cdf2005a5811460e29efbf1ffffffc2246cd1e00000fc0007ebfe9ed0737feebfff600,1,TX 41 seq=16107 rx_latency=1ms tx_dur=1ms,19.489,
2730,10,392,2862612872,2026-07-14T15:25:18.806993+00:00,39.100146,52822,41,0202aaa00188ce56005a5811460e29efbf1ffffffc2246cd1e00000fc0007ebfe9ed0737feebfff600,1,TX 41 seq=16108 rx_latency=1ms tx_dur=1ms,22.321,
2730,10,393,2862612873,2026-07-14T15:25:18.906989+00:00,39.200137,52922,41,0202aaa00189ceba005a5811460e29efbf1ffffffc2246cd1e00000fc0007ebfe9ed0737feebfff600,1,TX 41 seq=16109 rx_latency=1ms tx_dur=1ms,23.958,
2730,10,394,2862612874,2026-07-14T15:25:19.006979+00:00,39.300125,53022,41,0202aaa0018acf1e005a5811460e29efbf1ffffffc2246cd1e00000fc0007ebfe9ed0737feebfff600,1,TX 41 seq=16110 rx_latency=1ms tx_dur=1ms,15.675,
2730,10,395,2862612875,2026-07-14T15:25:19.106989+00:00,39.400137,53122,41,0202aaa0018bcf82005a5811460e29efbf1ffffffc2246cd1e00000fc0007ebfe9ed0737feebfff600,1,TX 41 seq=16111 rx_latency=1ms tx_dur=1ms,17.316,
2730,10,396,2862612876,2026-07-14T15:25:19.206989+00:00,39.500137,53222,41,0202aaa0018ccfe6005a5811460e29efbf1ffffffc2246cd1e00000fc0007ebfe9ed0737feebfff600,1,TX 41 seq=16112 rx_latency=1ms tx_dur=1ms,20.172,
2730,10,397,2862612877,2026-07-14T15:25:19.306994+00:00,39.600156,53322,41,0202aaa0018dd04a005a5811460e29efbf1ffffffc2246cd1e00000fc0007ebfe9ed0737feebfff600,1,TX 41 seq=16113 rx_latency=1ms tx_dur=1ms,21.748,
2730,10,398,2862612878,2026-07-14T15:25:19.406991+00:00,39.700144,53422,41,0202aaa0018ed0ae005a5811460e29efbf1ffffffc2246cd1e00000fc0007ebfe9ed0737feebfff600,1,TX 41 seq=16114 rx_latency=1ms tx_dur=1ms,23.671,
2730,10,399,2862612879,2026-07-14T15:25:19.506980+00:00,39.800139,53522,41,0202aaa0018fd112005a5811460e29efbf1ffffffc2246cd1e00000fc0007ebfe9ed0737feebfff600,1,TX 41 seq=16115 rx_latency=1ms tx_dur=1ms,16.191,
2730,10,400,2862612880,2026-07-14T15:25:19.606987+00:00,39.900142,53622,41,0202aaa00190d176005a5811460e29efbf1ffffffc2246cd1e00000fc0007ebfe9ed0737feebfff600,1,TX 41 seq=16116 rx_latency=1ms tx_dur=1ms,18.022,
2730,10,401,2862612881,2026-07-14T15:25:19.707013+00:00,40.000194,53722,41,0202aaa00191d1da005a5811460e29efbf1ffffffc2246cd1e00000fc0007ebfe9ed0737feebfff600,1,TX 41 seq=16117 rx_latency=1ms tx_dur=1ms,19.496,
2730,10,402,2862612882,2026-07-14T15:25:19.806991+00:00,40.100147,53822,41,0202aaa00192d23e005a5811460e29efbf1ffffffc2246cd1e00000fc0007ebfe9ed0737feebfff600,1,TX 41 seq=16118 rx_latency=1ms tx_dur=1ms,21.477,
2730,10,403,2862612883,2026-07-14T15:25:19.906995+00:00,40.200149,53922,41,0202aaa00193d2a2005a5811460e29efbf1ffffffc2246cd1e00000fc0007ebfe9ed0737feebfff600,1,TX 41 seq=16119 rx_latency=1ms tx_dur=1ms,23.946,
2730,10,404,2862612884,2026-07-14T15:25:20.006985+00:00,40.300130,54022,41,0202aaa00194d306005a5811460e29efbf1ffffffc2246cd1e00000fc0007ebfe9ed0737feebfff600,1,TX 41 seq=16120 rx_latency=1ms tx_dur=1ms,15.939,
2730,10,405,2862612885,2026-07-14T15:25:20.106993+00:00,40.400142,54122,41,0202aaa00195d36a005a5811460e29efbf1ffffffc2246cd1e00000fc0007ebfe9ed0737feebfff600,1,TX 41 seq=16121 rx_latency=1ms tx_dur=1ms,17.520,
2730,10,406,2862612886,2026-07-14T15:25:20.206985+00:00,40.500128,54222,41,0202aaa00196d3ce005a5811460e29efbf1ffffffc2246cd1e00000fc0007ebfe9ed0737feebfff600,1,TX 41 seq=16122 rx_latency=1ms tx_dur=1ms,19.356,
2730,10,407,2862612887,2026-07-14T15:25:20.306964+00:00,40.600114,54322,41,0202aaa00197d432005a5811460e29efbf1ffffffc2246cd1e00000fc0007ebfe9ed0737feebfff600,1,TX 41 seq=16123 rx_latency=1ms tx_dur=1ms,21.902,
2730,10,408,2862612888,2026-07-14T15:25:20.406992+00:00,40.700147,54422,41,0202aaa00198d496005a5811460e29efbf1ffffffc2246cd1e00000fc0007ebfe9ed0737feebfff600,1,TX 41 seq=16124 rx_latency=1ms tx_dur=1ms,23.710,
2730,10,409,2862612889,2026-07-14T15:25:20.506999+00:00,40.800157,54522,41,0202aaa00199d4fa005a5811460e29efbf1ffffffc2246cd1e00000fc0007ebfe9ed0737feebfff600,1,TX 41 seq=16125 rx_latency=1ms tx_dur=1ms,15.375,
2730,10,410,2862612890,2026-07-14T15:25:20.606994+00:00,40.900151,54622,41,0202aaa0019ad55e005a5811460e29efbf1ffffffc2246cd1e00000fc0007ebfe9ed0737feebfff600,1,TX 41 seq=16126 rx_latency=1ms tx_dur=1ms,18.272,
2730,10,411,2862612891,2026-07-14T15:25:20.706995+00:00,41.000146,54722,41,0202aaa0019bd5c2005a5811460e29efbf1ffffffc2246cd1e00000fc0007ebfe9ed0737feebfff600,1,TX 41 seq=16127 rx_latency=1ms tx_dur=1ms,19.720,
2730,10,412,2862612892,2026-07-14T15:25:20.806986+00:00,41.100128,54822,41,0202aaa0019cd626005a5811460e29efbf1ffffffc2246cd1e00000fc0007ebfe9ed0737feebfff600,1,TX 41 seq=16128 rx_latency=1ms tx_dur=1ms,21.530,
2730,10,413,2862612893,2026-07-14T15:25:20.906976+00:00,41.200127,54922,41,0202aaa0019dd68a005a5811460e29efbf1ffffffc2246cd1e00000fc0007ebfe9ed0737feebfff600,1,TX 41 seq=16129 rx_latency=1ms tx_dur=1ms,24.283,
2730,10,414,2862612894,2026-07-14T15:25:21.006985+00:00,41.300128,55022,41,0202aaa0019ed6ee005a5811460e29efbf1ffffffc2246cd1e00000fc0007ebfe9ed0737feebfff600,1,TX 41 seq=16130 rx_latency=1ms tx_dur=1ms,16.096,
2730,10,415,2862612895,2026-07-14T15:25:21.106919+00:00,41.400068,55122,41,0202aaa0019fd752005a5811460e29efbf1ffffffc2246cd1e00000fc0007ebfe9ed0737feebfff600,1,TX 41 seq=16131 rx_latency=1ms tx_dur=1ms,17.666,
2730,10,416,2862612896,2026-07-14T15:25:21.206991+00:00,41.500140,55222,41,0202aaa001a0d7b6005a5811460e29efbf1ffffffc2246cd1e00000fc0007ebfe9ed0737feebfff600,1,TX 41 seq=16132 rx_latency=1ms tx_dur=1ms,19.332,
2730,10,417,2862612897,2026-07-14T15:25:21.306992+00:00,41.600139,55322,41,0202aaa001a1d81a005a5811460e29efbf1ffffffc2246cd1e00000fc0007ebfe9ed0737feebfff600,1,TX 41 seq=16133 rx_latency=1ms tx_dur=1ms,22.193,
2730,10,418,2862612898,2026-07-14T15:25:21.406987+00:00,41.700130,55422,41,0202aaa001a2d87e005a5811460e29efbf1ffffffc2246cd1e00000fc0007ebfe9ed0737feebfff600,1,TX 41 seq=16134 rx_latency=1ms tx_dur=1ms,23.988,
2730,10,419,2862612899,2026-07-14T15:25:21.507002+00:00,41.800170,55522,41,0202aaa001a3d8e2005a5811460e29efbf1ffffffc2246cd1e00000fc0007ebfe9ed0737feebfff600,1,TX 41 seq=16135 rx_latency=1ms tx_dur=1ms,15.344,
2730,10,420,2862612900,2026-07-14T15:25:21.606995+00:00,41.900154,55622,41,0202aaa001a4d946005a5811460e29efbf1ffffffc2246cd1e00000fc0007ebfe9ed0737feebfff600,1,TX 41 seq=16136 rx_latency=1ms tx_dur=1ms,18.215,
2730,10,421,2862612901,2026-07-14T15:25:21.706968+00:00,42.000118,55722,41,0202aaa001a5d9aa005a5811460e29efbf1ffffffc2246cd1e00000fc0007ebfe9ed0737feebfff600,1,TX 41 seq=16137 rx_latency=1ms tx_dur=1ms,20.020,
2730,10,422,2862612902,2026-07-14T15:25:21.806986+00:00,42.100128,55822,41,0202aaa001a6da0e005a5811460e29efbf1ffffffc2246cd1e00000fc0007ebfe9ed0737feebfff600,1,TX 41 seq=16138 rx_latency=1ms tx_dur=1ms,21.732,
2730,10,423,2862612903,2026-07-14T15:25:21.906993+00:00,42.200142,55922,41,0202aaa001a7da72005a5811460e29efbf1ffffffc2246cd1e00000fc0007ebfe9ed0737feebfff600,1,TX 41 seq=16139 rx_latency=1ms tx_dur=1ms,24.332,
2730,10,424,2862612904,2026-07-14T15:25:22.007007+00:00,42.300179,56022,41,0202aaa001a8dad6005a5811460e29efbf1ffffffc2246cd1e00000fc0007ebfe9ed0737feebfff600,1,TX 41 seq=16140 rx_latency=1ms tx_dur=1ms,15.983,
2730,10,425,2862612905,2026-07-14T15:25:22.106988+00:00,42.400139,56122,41,0202aaa001a9db3a005a5811460e29efbf1ffffffc2246cd1e00000fc0007ebfe9ed0737feebfff600,1,TX 41 seq=16141 rx_latency=1ms tx_dur=1ms,17.797,
2730,10,426,2862612906,2026-07-14T15:25:22.206994+00:00,42.500144,56222,41,0202aaa001aadb9e005a5811460e29efbf1ffffffc2246cd1e00000fc0007ebfe9ed0737feebfff600,1,TX 41 seq=16142 rx_latency=1ms tx_dur=1ms,19.551,
2730,10,427,2862612907,2026-07-14T15:25:22.306969+00:00,42.600112,56322,41,0202aaa001abdc02005a5811460e29efbf1ffffffc2246cd1e00000fc0007ebfe9ed0737feebfff600,1,TX 41 seq=16143 rx_latency=1ms tx_dur=1ms,22.162,
2730,10,428,2862612908,2026-07-14T15:25:22.406994+00:00,42.700144,56422,41,0202aaa001acdc66005a5811460e29efbf1ffffffc2246cd1e00000fc0007ebfe9ed0737feebfff600,1,TX 41 seq=16144 rx_latency=1ms tx_dur=1ms,23.906,
2730,10,429,2862612909,2026-07-14T15:25:22.506989+00:00,42.800137,56522,41,0202aaa001addcca005a5811460e29efbf1ffffffc2246cd1e00000fc0007ebfe9ed0737feebfff600,1,TX 41 seq=16145 rx_latency=1ms tx_dur=1ms,15.654,
2730,10,430,2862612910,2026-07-14T15:25:22.606996+00:00,42.900157,56622,41,0202aaa001aedd2e005a5811460e29efbf1ffffffc2246cd1e00000fc0007ebfe9ed0737feebfff600,1,TX 41 seq=16146 rx_latency=1ms tx_dur=1ms,17.351,
2730,10,431,2862612911,2026-07-14T15:25:22.706977+00:00,43.000124,56722,41,0202aaa001afdd92005a5811460e29efbf1ffffffc2246cd1e00000fc0007ebfe9ed0737feebfff600,1,TX 41 seq=16147 rx_latency=1ms tx_dur=1ms,19.991,
2730,10,432,2862612912,2026-07-14T15:25:22.806992+00:00,43.100140,56822,41,0202aaa001b0ddf6005a5811460e29efbf1ffffffc2246cd1e00000fc0007ebfe9ed0737feebfff600,1,TX 41 seq=16148 rx_latency=1ms tx_dur=1ms,21.747,
2730,10,433,2862612913,2026-07-14T15:25:22.906957+00:00,43.200100,56922,41,0202aaa001b1de5a005a5811460e29efbf1ffffffc2246cd1e00000fc0007ebfe9ed0737feebfff600,1,TX 41 seq=16149 rx_latency=1ms tx_dur=1ms,23.453,
2730,10,434,2862612914,2026-07-14T15:25:23.006991+00:00,43.300140,57022,41,0202aaa001b2debe005a5811460e29efbf1ffffffc2246cd1e00000fc0007ebfe9ed0737feebfff600,1,TX 41 seq=16150 rx_latency=1ms tx_dur=1ms,16.344,
2730,10,435,2862612915,2026-07-14T15:25:23.106988+00:00,43.400131,57122,41,0202aaa001b3df22005a5811460e29efbf1ffffffc2246cd1e00000fc0007ebfe9ed0737feebfff600,1,TX 41 seq=16151 rx_latency=1ms tx_dur=1ms,18.047,
2730,10,436,2862612916,2026-07-14T15:25:23.206991+00:00,43.500146,57222,41,0202aaa001b4df86005a5811460e29efbf1ffffffc2246cd1e00000fc0007ebfe9ed0737feebfff600,1,TX 41 seq=16152 rx_latency=1ms tx_dur=1ms,19.565,
2730,10,437,2862612917,2026-07-14T15:25:23.306987+00:00,43.600133,57322,41,0202aaa001b5dfea005a5811460e29efbf1ffffffc2246cd1e00000fc0007ebfe9ed0737feebfff600,1,TX 41 seq=16153 rx_latency=1ms tx_dur=1ms,22.368,
2730,10,438,2862612918,2026-07-14T15:25:23.406992+00:00,43.700139,57422,41,0202aaa001b6e04e005a5811460e29efbf1ffffffc2246cd1e00000fc0007ebfe9ed0737feebfff600,1,TX 41 seq=16154 rx_latency=1ms tx_dur=1ms,24.137,
2730,10,439,2862612919,2026-07-14T15:25:23.506991+00:00,43.800138,57522,41,0202aaa001b7e0b2005a5811460e29efbf1ffffffc2246cd1e00000fc0007ebfe9ed0737feebfff600,1,TX 41 seq=16155 rx_latency=1ms tx_dur=1ms,15.894,
2730,10,440,2862612920,2026-07-14T15:25:23.606998+00:00,43.900156,57622,41,0202aaa001b8e116005a5811460e29efbf1ffffffc2246cd1e00000fc0007ebfe9ed0737feebfff600,1,TX 41 seq=16156 rx_latency=1ms tx_dur=1ms,17.440,
2730,10,441,2862612921,2026-07-14T15:25:23.706997+00:00,44.000155,57722,41,0202aaa001b9e17a005a5811460e29efbf1ffffffc2246cd1e00000fc0007ebfe9ed0737feebfff600,1,TX 41 seq=16157 rx_latency=1ms tx_dur=1ms,20.259,
2730,10,442,2862612922,2026-07-14T15:25:23.806989+00:00,44.100138,57822,41,0202aaa001bae1de005a5811460e29efbf1ffffffc2246cd1e00000fc0007ebfe9ed0737feebfff600,1,TX 41 seq=16158 rx_latency=1ms tx_dur=1ms,21.961,
2730,10,443,2862612923,2026-07-14T15:25:23.906989+00:00,44.200141,57922,41,0202aaa001bbe242005a5811460e29efbf1ffffffc2246cd1e00000fc0007ebfe9ed0737feebfff600,1,TX 41 seq=16159 rx_latency=1ms tx_dur=1ms,23.604,
2730,10,444,2862612924,2026-07-14T15:25:24.006993+00:00,44.300146,58022,41,0202aaa001bce2a6005a5811460e29efbf1ffffffc2246cd1e00000fc0007ebfe9ed0737feebfff600,1,TX 41 seq=16160 rx_latency=1ms tx_dur=1ms,16.391,
2730,10,445,2862612925,2026-07-14T15:25:24.106996+00:00,44.400143,58122,41,0202aaa001bde30a005a5811460e29efbf1ffffffc2246cd1e00000fc0007ebfe9ed0737feebfff600,1,TX 41 seq=16161 rx_latency=1ms tx_dur=1ms,18.081,
2730,10,446,2862612926,2026-07-14T15:25:24.206992+00:00,44.500140,58222,41,0202aaa001bee36e005a5811460e29efbf1ffffffc2246cd1e00000fc0007ebfe9ed0737feebfff600,1,TX 41 seq=16162 rx_latency=1ms tx_dur=1ms,19.832,
2730,10,447,2862612927,2026-07-14T15:25:24.306985+00:00,44.600128,58322,41,0202aaa001bfe3d2005a5811460e29efbf1ffffffc2246cd1e00000fc0007ebfe9ed0737feebfff600,1,TX 41 seq=16163 rx_latency=1ms tx_dur=1ms,21.532,
2730,10,448,2862612928,2026-07-14T15:25:24.406993+00:00,44.700146,58422,41,0202aaa001c0e436005a5811460e29efbf1ffffffc2246cd1e00000fc0007ebfe9ed0737feebfff600,1,TX 41 seq=16164 rx_latency=1ms tx_dur=1ms,24.151,
2730,10,449,2862612929,2026-07-14T15:25:24.506987+00:00,44.800131,58522,41,0202aaa001c1e49a005a5811460e29efbf1ffffffc2246cd1e00000fc0007ebfe9ed0737feebfff600,1,TX 41 seq=16165 rx_latency=1ms tx_dur=1ms,15.924,
2730,10,450,2862612930,2026-07-14T15:25:24.606991+00:00,44.900140,58622,41,0202aaa001c2e4fe005a5811460e29efbf1ffffffc2246cd1e00000fc0007ebfe9ed0737feebfff600,1,TX 41 seq=16166 rx_latency=1ms tx_dur=1ms,17.660,
2730,10,451,2862612931,2026-07-14T15:25:24.706984+00:00,45.000126,58722,41,0202aaa001c3e562005a5811460e29efbf1ffffffc2246cd1e00000fc0007ebfe9ed0737feebfff600,1,TX 41 seq=16167 rx_latency=1ms tx_dur=1ms,19.378,
2730,10,452,2862612932,2026-07-14T15:25:24.806992+00:00,45.100140,58822,41,0202aaa001c4e5c6005a5811460e29efbf1ffffffc2246cd1e00000fc0007ebfe9ed0737feebfff600,1,TX 41 seq=16168 rx_latency=1ms tx_dur=1ms,22.049,
2730,10,453,2862612933,2026-07-14T15:25:24.906998+00:00,45.200161,58922,41,0202aaa001c5e62a005a5811460e29efbf1ffffffc2246cd1e00000fc0007ebfe9ed0737feebfff600,1,TX 41 seq=16169 rx_latency=1ms tx_dur=1ms,23.614,
2730,10,454,2862612934,2026-07-14T15:25:25.006951+00:00,45.300102,59022,41,0202aaa001c6e68e005a5811460e29efbf1ffffffc2246cd1e00000fc0007ebfe9ed0737feebfff600,1,TX 41 seq=16170 rx_latency=1ms tx_dur=1ms,15.517,
2730,10,455,2862612935,2026-07-14T15:25:25.106985+00:00,45.400128,59122,41,0202aaa001c7e6f2005a5811460e29efbf1ffffffc2246cd1e00000fc0007ebfe9ed0737feebfff600,1,TX 41 seq=16171 rx_latency=1ms tx_dur=1ms,18.320,
2730,10,456,2862612936,2026-07-14T15:25:25.207000+00:00,45.500160,59222,41,0202aaa001c8e756005a5811460e29efbf1ffffffc2246cd1e00000fc0007ebfe9ed0737feebfff600,1,TX 41 seq=16172 rx_latency=1ms tx_dur=1ms,19.837,
2730,10,457,2862612937,2026-07-14T15:25:25.306986+00:00,45.600131,59322,41,0202aaa001c9e7ba005a5811460e29efbf1ffffffc2246cd1e00000fc0007ebfe9ed0737feebfff600,1,TX 41 seq=16173 rx_latency=1ms tx_dur=1ms,21.534,
2730,10,458,2862612938,2026-07-14T15:25:25.406933+00:00,45.700083,59422,41,0202aaa001cae81e005a5811460e29efbf1ffffffc2246cd1e00000fc0007ebfe9ed0737feebfff600,1,TX 41 seq=16174 rx_latency=1ms tx_dur=1ms,23.378,
2730,10,459,2862612939,2026-07-14T15:25:25.506994+00:00,45.800151,59522,41,0202aaa001cbe882005a5811460e29efbf1ffffffc2246cd1e00000fc0007ebfe9ed0737feebfff600,1,TX 41 seq=16175 rx_latency=1ms tx_dur=1ms,16.120,
2730,10,460,2862612940,2026-07-14T15:25:25.606990+00:00,45.900137,59622,41,0202aaa001cce8e6005a5811460e29efbf1ffffffc2246cd1e00000fc0007ebfe9ed0737feebfff600,1,TX 41 seq=16176 rx_latency=1ms tx_dur=1ms,17.701,
2730,10,461,2862612941,2026-07-14T15:25:25.707012+00:00,46.000189,59722,41,0202aaa001cde94a005a5811460e29efbf1ffffffc2246cd1e00000fc0007ebfe9ed0737feebfff600,1,TX 41 seq=16177 rx_latency=1ms tx_dur=1ms,19.277,
2730,10,462,2862612942,2026-07-14T15:25:25.806993+00:00,46.100146,59822,41,0202aaa001cee9ae005a5811460e29efbf1ffffffc2246cd1e00000fc0007ebfe9ed0737feebfff600,1,TX 41 seq=16178 rx_latency=1ms tx_dur=1ms,22.235,
2730,10,463,2862612943,2026-07-14T15:25:25.906991+00:00,46.200158,59922,41,0202aaa001cfea12005a5811460e29efbf1ffffffc2246cd1e00000fc0007ebfe9ed0737feebfff600,1,TX 41 seq=16179 rx_latency=1ms tx_dur=1ms,23.933,
2730,10,464,2862612944,2026-07-14T15:25:26.006993+00:00,46.300145,60022,41,0202aaa001d0ea76005a5811460e29efbf1ffffffc2246cd1e00000fc0007ebfe9ed0737feebfff600,1,TX 41 seq=16180 rx_latency=1ms tx_dur=1ms,15.512,
2730,10,465,2862612945,2026-07-14T15:25:26.106995+00:00,46.400145,60122,41,0202aaa001d1eada005a5811460e29efbf1ffffffc2246cd1e00000fc0007ebfe9ed0737feebfff600,1,TX 41 seq=16181 rx_latency=1ms tx_dur=1ms,18.380,
2730,10,466,2862612946,2026-07-14T15:25:26.206992+00:00,46.500139,60222,41,0202aaa001d2eb3e005a5811460e29efbf1ffffffc2246cd1e00000fc0007ebfe9ed0737feebfff600,1,TX 41 seq=16182 rx_latency=1ms tx_dur=1ms,20.072,
2730,10,467,2862612947,2026-07-14T15:25:26.306990+00:00,46.600135,60322,41,0202aaa001d3eba2005a5811460e29efbf1ffffffc2246cd1e00000fc0007ebfe9ed0737feebfff600,1,TX 41 seq=16183 rx_latency=1ms tx_dur=1ms,21.818,
2730,10,468,2862612948,2026-07-14T15:25:26.406997+00:00,46.700147,60422,41,0202aaa001d4ec06005a5811460e29efbf1ffffffc2246cd1e00000fc0007ebfe9ed0737feebfff600,1,TX 41 seq=16184 rx_latency=1ms tx_dur=1ms,23.314,
2730,10,469,2862612949,2026-07-14T15:25:26.506989+00:00,46.800139,60522,41,0202aaa001d5ec6a005a5811460e29efbf1ffffffc2246cd1e00000fc0007ebfe9ed0737feebfff600,1,TX 41 seq=16185 rx_latency=1ms tx_dur=1ms,16.200,
2730,10,470,2862612950,2026-07-14T15:25:26.606993+00:00,46.900142,60622,41,0202aaa001d6ecce005a5811460e29efbf1ffffffc2246cd1e00000fc0007ebfe9ed0737feebfff600,1,TX 41 seq=16186 rx_latency=1ms tx_dur=1ms,17.938,
2730,10,471,2862612951,2026-07-14T15:25:26.706991+00:00,47.000136,60722,41,0202aaa001d7ed32005a5811460e29efbf1ffffffc2246cd1e00000fc0007ebfe9ed0737feebfff600,1,TX 41 seq=16187 rx_latency=1ms tx_dur=1ms,19.664,
2730,10,472,2862612952,2026-07-14T15:25:26.806992+00:00,47.100137,60822,41,0202aaa001d8ed96005a5811460e29efbf1ffffffc2246cd1e00000fc0007ebfe9ed0737feebfff600,1,TX 41 seq=16188 rx_latency=1ms tx_dur=1ms,22.285,
2730,10,473,2862612953,2026-07-14T15:25:26.907017+00:00,47.200195,60922,41,0202aaa001d9edfa005a5811460e29efbf1ffffffc2246cd1e00000fc0007ebfe9ed0737feebfff600,1,TX 41 seq=16189 rx_latency=1ms tx_dur=1ms,23.853,
2730,10,474,2862612954,2026-07-14T15:25:27.006997+00:00,47.300150,61022,41,0202aaa001daee5e005a5811460e29efbf1ffffffc2246cd1e00000fc0007ebfe9ed0737feebfff600,1,TX 41 seq=16190 rx_latency=1ms tx_dur=1ms,15.736,
2730,10,475,2862612955,2026-07-14T15:25:27.106991+00:00,47.400139,61122,41,0202aaa001dbeec2005a5811460e29efbf1ffffffc2246cd1e00000fc0007ebfe9ed0737feebfff600,1,TX 41 seq=16191 rx_latency=1ms tx_dur=1ms,17.484,
2730,10,476,2862612956,2026-07-14T15:25:27.206991+00:00,47.500137,61222,41,0202aaa001dcef26005a5811460e29efbf1ffffffc2246cd1e00000fc0007ebfe9ed0737feebfff600,1,TX 41 seq=16192 rx_latency=1ms tx_dur=1ms,19.481,
2730,10,477,2862612957,2026-07-14T15:25:27.307011+00:00,47.600192,61322,41,0202aaa001ddef8a005a5811460e29efbf1ffffffc2246cd1e00000fc0007ebfe9ed0737feebfff600,1,TX 41 seq=16193 rx_latency=1ms tx_dur=1ms,21.705,
2730,10,478,2862612958,2026-07-14T15:25:27.407001+00:00,47.700159,61422,41,0202aaa001deefee005a5811460e29efbf1ffffffc2246cd1e00000fc0007ebfe9ed0737feebfff600,1,TX 41 seq=16194 rx_latency=1ms tx_dur=1ms,23.507,
2730,10,479,2862612959,2026-07-14T15:25:27.506929+00:00,47.800083,61522,41,0202aaa001dff052005a5811460e29efbf1ffffffc2246cd1e00000fc0007ebfe9ed0737feebfff600,1,TX 41 seq=16195 rx_latency=1ms tx_dur=1ms,15.379,
2730,10,480,2862612960,2026-07-14T15:25:27.606996+00:00,47.900151,61622,41,0202aaa001e0f0b6005a5811460e29efbf1ffffffc2246cd1e00000fc0007ebfe9ed0737feebfff600,1,TX 41 seq=16196 rx_latency=1ms tx_dur=1ms,18.141,
2730,10,481,2862612961,2026-07-14T15:25:27.706995+00:00,48.000148,61722,41,0202aaa001e1f11a005a5811460e29efbf1ffffffc2246cd1e00000fc0007ebfe9ed0737feebfff600,1,TX 41 seq=16197 rx_latency=1ms tx_dur=1ms,19.657,
2730,10,482,2862612962,2026-07-14T15:25:27.806993+00:00,48.100141,61822,41,0202aaa001e2f17e005a5811460e29efbf1ffffffc2246cd1e00000fc0007ebfe9ed0737feebfff600,1,TX 41 seq=16198 rx_latency=1ms tx_dur=1ms,21.427,
2730,10,483,2862612963,2026-07-14T15:25:27.906944+00:00,48.200096,61922,41,0202aaa001e3f1e2005a5811460e29efbf1ffffffc2246cd1e00000fc0007ebfe9ed0737feebfff600,1,TX 41 seq=16199 rx_latency=1ms tx_dur=1ms,24.277,
2730,10,484,2862612964,2026-07-14T15:25:28.006993+00:00,48.300141,62022,41,0202aaa001e4f246005a5811460e29efbf1ffffffc2246cd1e00000fc0007ebfe9ed0737feebfff600,1,TX 41 seq=16200 rx_latency=1ms tx_dur=1ms,16.008,
2730,10,485,2862612965,2026-07-14T15:25:28.106999+00:00,48.400149,62122,41,0202aaa001e5f2aa005a5811460e29efbf1ffffffc2246cd1e00000fc0007ebfe9ed0737feebfff600,1,TX 41 seq=16201 rx_latency=1ms tx_dur=1ms,17.537,
2730,10,486,2862612966,2026-07-14T15:25:28.206996+00:00,48.500152,62222,41,0202aaa001e6f30e005a5811460e29efbf1ffffffc2246cd1e00000fc0007ebfe9ed0737feebfff600,1,TX 41 seq=16202 rx_latency=1ms tx_dur=1ms,20.347,
2730,10,487,2862612967,2026-07-14T15:25:28.306993+00:00,48.600142,62322,41,0202aaa001e7f372005a5811460e29efbf1ffffffc2246cd1e00000fc0007ebfe9ed0737feebfff600,1,TX 41 seq=16203 rx_latency=1ms tx_dur=1ms,22.099,
2730,10,488,2862612968,2026-07-14T15:25:28.406985+00:00,48.700128,62422,41,0202aaa001e8f3d6005a5811460e29efbf1ffffffc2246cd1e00000fc0007ebfe9ed0737feebfff600,1,TX 41 seq=16204 rx_latency=1ms tx_dur=1ms,23.753,
2730,10,489,2862612969,2026-07-14T15:25:28.506992+00:00,48.800140,62522,41,0202aaa001e9f43a005a5811460e29efbf1ffffffc2246cd1e00000fc0007ebfe9ed0737feebfff600,1,TX 41 seq=16205 rx_latency=1ms tx_dur=1ms,15.354,
2730,10,490,2862612970,2026-07-14T15:25:28.606987+00:00,48.900132,62622,41,0202aaa001eaf49e005a5811460e29efbf1ffffffc2246cd1e00000fc0007ebfe9ed0737feebfff600,1,TX 41 seq=16206 rx_latency=1ms tx_dur=1ms,18.200,
2730,10,491,2862612971,2026-07-14T15:25:28.706995+00:00,49.000147,62722,41,0202aaa001ebf502005a5811460e29efbf1ffffffc2246cd1e00000fc0007ebfe9ed0737feebfff600,1,TX 41 seq=16207 rx_latency=1ms tx_dur=1ms,19.893,
2730,10,492,2862612972,2026-07-14T15:25:28.806985+00:00,49.100128,62822,41,0202aaa001ecf566005a5811460e29efbf1ffffffc2246cd1e00000fc0007ebfe9ed0737feebfff600,1,TX 41 seq=16208 rx_latency=1ms tx_dur=1ms,21.613,
2730,10,493,2862612973,2026-07-14T15:25:28.906993+00:00,49.200140,62922,41,0202aaa001edf5ca005a5811460e29efbf1ffffffc2246cd1e00000fc0007ebfe9ed0737feebfff600,1,TX 41 seq=16209 rx_latency=1ms tx_dur=1ms,24.305,
2730,10,494,2862612974,2026-07-14T15:25:29.006985+00:00,49.300127,63022,41,0202aaa001eef62e005a5811460e29efbf1ffffffc2246cd1e00000fc0007ebfe9ed0737feebfff600,1,TX 41 seq=16210 rx_latency=1ms tx_dur=1ms,16.051,
2730,10,495,2862612975,2026-07-14T15:25:29.106992+00:00,49.400140,63122,41,0202aaa001eff692005a5811460e29efbf1ffffffc2246cd1e00000fc0007ebfe9ed0737feebfff600,1,TX 41 seq=16211 rx_latency=1ms tx_dur=1ms,17.751,
2730,10,496,2862612976,2026-07-14T15:25:29.206988+00:00,49.500134,63222,41,0202aaa001f0f6f6005a5811460e29efbf1ffffffc2246cd1e00000fc0007ebfe9ed0737feebfff600,1,TX 41 seq=16212 rx_latency=1ms tx_dur=1ms,19.448,
2730,10,497,2862612977,2026-07-14T15:25:29.306994+00:00,49.600143,63322,41,0202aaa001f1f75a005a5811460e29efbf1ffffffc2246cd1e00000fc0007ebfe9ed0737feebfff600,1,TX 41 seq=16213 rx_latency=1ms tx_dur=1ms,22.102,
2730,10,498,2862612978,2026-07-14T15:25:29.406996+00:00,49.700154,63422,41,0202aaa001f2f7be005a5811460e29efbf1ffffffc2246cd1e00000fc0007ebfe9ed0737feebfff600,1,TX 41 seq=16214 rx_latency=1ms tx_dur=1ms,23.715,
2730,10,499,2862612979,2026-07-14T15:25:29.506942+00:00,49.800093,63522,41,0202aaa001f3f822005a5811460e29efbf1ffffffc2246cd1e00000fc0007ebfe9ed0737feebfff600,1,TX 41 seq=16215 rx_latency=1ms tx_dur=1ms,15.624,
2730,10,500,2862612980,2026-07-14T15:25:29.606989+00:00,49.900140,63622,41,0202aaa001f4f886005a5811460e29efbf1ffffffc2246cd1e00000fc0007ebfe9ed0737feebfff600,1,TX 41 seq=16216 rx_latency=1ms tx_dur=1ms,18.429,
2730,10,501,2862612981,2026-07-14T15:25:29.707000+00:00,50.000165,63722,41,0202aaa001f5f8ea005a5811460e29efbf1ffffffc2246cd1e00000fc0007ebfe9ed0737feebfff600,1,TX 41 seq=16217 rx_latency=1ms tx_dur=1ms,19.872,
2730,10,502,2862612982,2026-07-14T15:25:29.806992+00:00,50.100143,63822,41,0202aaa001f6f94e005a5811460e29efbf1ffffffc2246cd1e00000fc0007ebfe9ed0737feebfff600,1,TX 41 seq=16218 rx_latency=1ms tx_dur=1ms,21.660,
2730,10,503,2862612983,2026-07-14T15:25:29.906999+00:00,50.200152,63922,41,0202aaa001f7f9b2005a5811460e29efbf1ffffffc2246cd1e00000fc0007ebfe9ed0737feebfff600,1,TX 41 seq=16219 rx_latency=1ms tx_dur=1ms,23.370,
2730,10,504,2862612984,2026-07-14T15:25:30.007016+00:00,50.300196,64022,41,0202aaa001f8fa16005a5811460e29efbf1ffffffc2246cd1e00000fc0007ebfe9ed0737feebfff600,1,TX 41 seq=16220 rx_latency=1ms tx_dur=1ms,16.131,
2730,10,505,2862612985,2026-07-14T15:25:30.106996+00:00,50.400151,64122,41,0202aaa001f9fa7a005a5811460e29efbf1ffffffc2246cd1e00000fc0007ebfe9ed0737feebfff600,1,TX 41 seq=16221 rx_latency=1ms tx_dur=1ms,17.752,
2730,10,506,2862612986,2026-07-14T15:25:30.206996+00:00,50.500150,64222,41,0202aaa001fafade005a5811460e29efbf1ffffffc2246cd1e00000fc0007ebfe9ed0737feebfff600,1,TX 41 seq=16222 rx_latency=1ms tx_dur=1ms,19.492,
2730,10,507,2862612987,2026-07-14T15:25:30.306994+00:00,50.600144,64322,41,0202aaa001fbfb42005a5811460e29efbf1ffffffc2246cd1e00000fc0007ebfe9ed0737feebfff600,1,TX 41 seq=16223 rx_latency=1ms tx_dur=1ms,22.333,
2730,10,508,2862612988,2026-07-14T15:25:30.407001+00:00,50.700163,64422,41,0202aaa001fcfba6005a5811460e29efbf1ffffffc2246cd1e00000fc0007ebfe9ed0737feebfff600,1,TX 41 seq=16224 rx_latency=1ms tx_dur=1ms,23.996,
2730,10,509,2862612989,2026-07-14T15:25:30.506993+00:00,50.800142,64522,41,0202aaa001fdfc0a005a5811460e29efbf1ffffffc2246cd1e00000fc0007ebfe9ed0737feebfff600,1,TX 41 seq=16225 rx_latency=1ms tx_dur=1ms,15.602,
2730,10,510,2862612990,2026-07-14T15:25:30.607013+00:00,50.900195,64622,41,0202aaa001fefc6e005a5811460e29efbf1ffffffc2246cd1e00000fc0007ebfe9ed0737feebfff600,1,TX 41 seq=16226 rx_latency=1ms tx_dur=1ms,17.196,
2730,10,511,2862612991,2026-07-14T15:25:30.706995+00:00,51.000147,64722,41,0202aaa001fffcd2005a5811460e29efbf1ffffffc2246cd1e00000fc0007ebfe9ed0737feebfff600,1,TX 41 seq=16227 rx_latency=1ms tx_dur=1ms,20.153,
2730,10,512,2862612992,2026-07-14T15:25:30.806992+00:00,51.100140,64822,41,0202aaa00200fd36005a5811460e29efbf1ffffffc2246cd1e00000fc0007ebfe9ed0737feebfff600,1,TX 41 seq=16228 rx_latency=1ms tx_dur=1ms,21.912,
2730,10,513,2862612993,2026-07-14T15:25:30.906995+00:00,51.200148,64922,41,0202aaa00201fd9a005a5811460e29efbf1ffffffc2246cd1e00000fc0007ebfe9ed0737feebfff600,1,TX 41 seq=16229 rx_latency=1ms tx_dur=1ms,23.610,
2730,10,514,2862612994,2026-07-14T15:25:31.006993+00:00,51.300141,65022,41,0202aaa00202fdfe005a5811460e29efbf1ffffffc2246cd1e00000fc0007ebfe9ed0737feebfff600,1,TX 41 seq=16230 rx_latency=1ms tx_dur=1ms,16.281,
2730,10,515,2862612995,2026-07-14T15:25:31.106994+00:00,51.400142,65122,41,0202aaa00203fe62005a5811460e29efbf1ffffffc2246cd1e00000fc0007ebfe9ed0737feebfff600,1,TX 41 seq=16231 rx_latency=1ms tx_dur=1ms,18.003,
2730,10,516,2862612996,2026-07-14T15:25:31.206990+00:00,51.500136,65222,41,0202aaa00204fec6005a5811460e29efbf1ffffffc2246cd1e00000fc0007ebfe9ed0737feebfff600,1,TX 41 seq=16232 rx_latency=1ms tx_dur=1ms,19.755,
2730,10,517,2862612997,2026-07-14T15:25:31.306991+00:00,51.600137,65322,41,0202aaa00205ff2a005a5811460e29efbf1ffffffc2246cd1e00000fc0007ebfe9ed0737feebfff600,1,TX 41 seq=16233 rx_latency=1ms tx_dur=1ms,21.480,
2730,10,518,2862612998,2026-07-14T15:25:31.406932+00:00,51.700078,65422,41,0202aaa00206ff8e005a5811460e29efbf1ffffffc2246cd1e00000fc0007ebfe9ed0737feebfff600,1,TX 41 seq=16234 rx_latency=1ms tx_dur=1ms,24.164,
2730,10,519,2862612999,2026-07-14T15:25:31.506996+00:00,51.800149,65522,41,0202aaa00207fff2005a5811460e29efbf1ffffffc2246cd1e00000fc0007ebfe9ed0737feebfff600,1,TX 41 seq=16235 rx_latency=1ms tx_dur=1ms,15.854,
2730,10,520,2862613000,2026-07-14T15:25:31.606997+00:00,51.900162,86,41,0202aaa002080056005a5811460e29efbf1ffffffc2246cd1e00000fc0007ebfe9ed0737feebfff600,1,TX 41 seq=16236 rx_latency=1ms tx_dur=1ms,17.508,
2730,10,521,2862613001,2026-07-14T15:25:31.707013+00:00,52.000191,186,41,0202aaa0020900ba005a5811460e29efbf1ffffffc2246cd1e00000fc0007ebfe9ed0737feebfff600,1,TX 41 seq=16237 rx_latency=1ms tx_dur=1ms,19.187,
2730,10,522,2862613002,2026-07-14T15:25:31.806995+00:00,52.100147,286,41,0202aaa0020a011e005a5811460e29efbf1ffffffc2246cd1e00000fc0007ebfe9ed0737feebfff600,1,TX 41 seq=16238 rx_latency=1ms tx_dur=1ms,21.914,
2730,10,523,2862613003,2026-07-14T15:25:31.906995+00:00,52.200145,386,41,0202aaa0020b0182005a5811460e29efbf1ffffffc2246cd1e00000fc0007ebfe9ed0737feebfff600,1,TX 41 seq=16239 rx_latency=1ms tx_dur=1ms,23.667,
2730,10,524,2862613004,2026-07-14T15:25:32.006994+00:00,52.300143,486,41,0202aaa0020c01e6005a5811460e29efbf1ffffffc2246cd1e00000fc0007ebfe9ed0737feebfff600,1,TX 41 seq=16240 rx_latency=1ms tx_dur=1ms,15.421,
2730,10,525,2862613005,2026-07-14T15:25:32.106991+00:00,52.400144,586,41,0202aaa0020d024a005a5811460e29efbf1ffffffc2246cd1e00000fc0007ebfe9ed0737feebfff600,1,TX 41 seq=16241 rx_latency=1ms tx_dur=1ms,18.189,
2730,10,526,2862613006,2026-07-14T15:25:32.207055+00:00,52.500234,687,41,0202aaa0020e02af005a5811460e29efbf1ffffffc2246cd1e00000fc0007ebfe9ed0737feebfff600,1,TX 41 seq=16242 rx_latency=1ms tx_dur=1ms,20.065,
2730,10,527,2862613007,2026-07-14T15:25:32.306999+00:00,52.600156,786,41,0202aaa0020f0312005a5811460e29efbf1ffffffc2246cd1e00000fc0007ebfe9ed0737feebfff600,1,TX 41 seq=16243 rx_latency=1ms tx_dur=1ms,22.176,
2730,10,528,2862613008,2026-07-14T15:25:32.407021+00:00,52.700206,886,41,0202aaa002100376005a5811460e29efbf1ffffffc2246cd1e00000fc0007ebfe9ed0737feebfff600,1,TX 41 seq=16244 rx_latency=1ms tx_dur=1ms,24.169,
2730,10,529,2862613009,2026-07-14T15:25:32.507006+00:00,52.800177,986,41,0202aaa0021103da005a5811460e29efbf1ffffffc2246cd1e00000fc0007ebfe9ed0737feebfff600,1,TX 41 seq=16245 rx_latency=1ms tx_dur=1ms,16.082,
2730,10,530,2862613010,2026-07-14T15:25:32.608138+00:00,52.901325,1088,41,0202aaa002120440005a5811460e29efbf1ffffffc2246cd1e00000fc0007ebfe9ed0737feebfff600,1,TX 41 seq=16246 rx_latency=1ms tx_dur=1ms,17.183,
2730,10,531,2862613011,2026-07-14T15:25:32.707058+00:00,53.000238,1187,41,0202aaa0021304a3005a5811460e29efbf1ffffffc2246cd1e00000fc0007ebfe9ed0737feebfff600,1,TX 41 seq=16247 rx_latency=1ms tx_dur=1ms,19.867,
2730,10,532,2862613012,2026-07-14T15:25:32.807038+00:00,53.100252,1287,41,0202aaa002140507005a5811460e29efbf1ffffffc2246cd1e00000fc0007ebfe9ed0737feebfff600,1,TX 41 seq=16248 rx_latency=1ms tx_dur=1ms,21.641,
2730,10,533,2862613013,2026-07-14T15:25:32.907019+00:00,53.200203,1386,41,0202aaa00215056a005a5811460e29efbf1ffffffc2246cd1e00000fc0007ebfe9ed0737feebfff600,1,TX 41 seq=16249 rx_latency=1ms tx_dur=1ms,24.298,
2730,10,534,2862613014,2026-07-14T15:25:33.007020+00:00,53.300202,1486,41,0202aaa0021605ce005a5811460e29efbf1ffffffc2246cd1e00000fc0007ebfe9ed0737feebfff600,1,TX 41 seq=16250 rx_latency=1ms tx_dur=1ms,15.283,
2730,10,535,2862613015,2026-07-14T15:25:33.106997+00:00,53.400156,1586,41,0202aaa002170632005a5811460e29efbf1ffffffc2246cd1e00000fc0007ebfe9ed0737feebfff600,1,TX 41 seq=16251 rx_latency=1ms tx_dur=1ms,18.250,
2730,10,536,2862613016,2026-07-14T15:25:33.207004+00:00,53.500171,1686,41,0202aaa002180696005a5811460e29efbf1ffffffc2246cd1e00000fc0007ebfe9ed0737feebfff600,1,TX 41 seq=16252 rx_latency=1ms tx_dur=1ms,19.955,
2730,10,537,2862613017,2026-07-14T15:25:33.307000+00:00,53.600160,1786,41,0202aaa0021906fa005a5811460e29efbf1ffffffc2246cd1e00000fc0007ebfe9ed0737feebfff600,1,TX 41 seq=16253 rx_latency=1ms tx_dur=1ms,21.678,
2730,10,538,2862613018,2026-07-14T15:25:33.406998+00:00,53.700151,1886,41,0202aaa0021a075e005a5811460e29efbf1ffffffc2246cd1e00000fc0007ebfe9ed0737feebfff600,1,TX 41 seq=16254 rx_latency=1ms tx_dur=1ms,24.336,
2730,10,539,2862613019,2026-07-14T15:25:33.507007+00:00,53.800174,1986,41,0202aaa0021b07c2005a5811460e29efbf1ffffffc2246cd1e00000fc0007ebfe9ed0737feebfff600,1,TX 41 seq=16255 rx_latency=1ms tx_dur=1ms,16.028,
2730,10,540,2862613020,2026-07-14T15:25:33.606996+00:00,53.900150,2086,41,0202aaa0021c0826005a5811460e29efbf1ffffffc2246cd1e00000fc0007ebfe9ed0737feebfff600,1,TX 41 seq=16256 rx_latency=1ms tx_dur=1ms,17.833,
2730,10,541,2862613021,2026-07-14T15:25:33.707006+00:00,54.000175,2186,41,0202aaa0021d088a005a5811460e29efbf1ffffffc2246cd1e00000fc0007ebfe9ed0737feebfff600,1,TX 41 seq=16257 rx_latency=1ms tx_dur=1ms,19.499,
2730,10,542,2862613022,2026-07-14T15:25:33.807000+00:00,54.100157,2286,41,0202aaa0021e08ee005a5811460e29efbf1ffffffc2246cd1e00000fc0007ebfe9ed0737feebfff600,1,TX 41 seq=16258 rx_latency=1ms tx_dur=1ms,22.170,
2730,10,543,2862613023,2026-07-14T15:25:33.907012+00:00,54.200190,2386,41,0202aaa0021f0952005a5811460e29efbf1ffffffc2246cd1e00000fc0007ebfe9ed0737feebfff600,1,TX 41 seq=16259 rx_latency=1ms tx_dur=1ms,23.792,
2730,10,544,2862613024,2026-07-14T15:25:34.006992+00:00,54.300146,2486,41,0202aaa0022009b6005a5811460e29efbf1ffffffc2246cd1e00000fc0007ebfe9ed0737feebfff600,1,TX 41 seq=16260 rx_latency=1ms tx_dur=1ms,15.627,
2730,10,545,2862613025,2026-07-14T15:25:34.106994+00:00,54.400145,2586,41,0202aaa002210a1a005a5811460e29efbf1ffffffc2246cd1e00000fc0007ebfe9ed0737feebfff600,1,TX 41 seq=16261 rx_latency=1ms tx_dur=1ms,17.396,
2730,10,546,2862613026,2026-07-14T15:25:34.207008+00:00,54.500179,2686,41,0202aaa002220a7e005a5811460e29efbf1ffffffc2246cd1e00000fc0007ebfe9ed0737feebfff600,1,TX 41 seq=16262 rx_latency=1ms tx_dur=1ms,19.948,
2730,10,547,2862613027,2026-07-14T15:25:34.306998+00:00,54.600157,2786,41,0202aaa002230ae2005a5811460e29efbf1ffffffc2246cd1e00000fc0007ebfe9ed0737feebfff600,1,TX 41 seq=16263 rx_latency=1ms tx_dur=1ms,21.708,
2730,10,548,2862613028,2026-07-14T15:25:34.406996+00:00,54.700152,2886,41,0202aaa002240b46005a5811460e29efbf1ffffffc2246cd1e00000fc0007ebfe9ed0737feebfff600,1,TX 41 seq=16264 rx_latency=1ms tx_dur=1ms,23.459,
2730,10,549,2862613029,2026-07-14T15:25:34.507000+00:00,54.800164,2986,41,0202aaa002250baa005a5811460e29efbf1ffffffc2246cd1e00000fc0007ebfe9ed0737feebfff600,1,TX 41 seq=16265 rx_latency=1ms tx_dur=1ms,16.290,
2730,10,550,2862613030,2026-07-14T15:25:34.606994+00:00,54.900147,3086,41,0202aaa002260c0e005a5811460e29efbf1ffffffc2246cd1e00000fc0007ebfe9ed0737feebfff600,1,TX 41 seq=16266 rx_latency=1ms tx_dur=1ms,18.072,
2730,10,551,2862613031,2026-07-14T15:25:34.707001+00:00,55.000160,3186,41,0202aaa002270c72005a5811460e29efbf1ffffffc2246cd1e00000fc0007ebfe9ed0737feebfff600,1,TX 41 seq=16267 rx_latency=1ms tx_dur=1ms,19.549,
2730,10,552,2862613032,2026-07-14T15:25:34.806995+00:00,55.100146,3286,41,0202aaa002280cd6005a5811460e29efbf1ffffffc2246cd1e00000fc0007ebfe9ed0737feebfff600,1,TX 41 seq=16268 rx_latency=1ms tx_dur=1ms,22.419,
2730,10,553,2862613033,2026-07-14T15:25:34.906997+00:00,55.200153,3386,41,0202aaa002290d3a005a5811460e29efbf1ffffffc2246cd1e00000fc0007ebfe9ed0737feebfff600,1,TX 41 seq=16269 rx_latency=1ms tx_dur=1ms,24.122,
2730,10,554,2862613034,2026-07-14T15:25:35.007000+00:00,55.300160,3486,41,0202aaa0022a0d9e005a5811460e29efbf1ffffffc2246cd1e00000fc0007ebfe9ed0737feebfff600,1,TX 41 seq=16270 rx_latency=1ms tx_dur=1ms,15.879,
2730,10,555,2862613035,2026-07-14T15:25:35.107000+00:00,55.400162,3586,41,0202aaa0022b0e02005a5811460e29efbf1ffffffc2246cd1e00000fc0007ebfe9ed0737feebfff600,1,TX 41 seq=16271 rx_latency=1ms tx_dur=1ms,17.372,
2730,10,556,2862613036,2026-07-14T15:25:35.206993+00:00,55.500144,3686,41,0202aaa0022c0e66005a5811460e29efbf1ffffffc2246cd1e00000fc0007ebfe9ed0737feebfff600,1,TX 41 seq=16272 rx_latency=1ms tx_dur=1ms,20.288,
2730,10,557,2862613037,2026-07-14T15:25:35.306994+00:00,55.600143,3786,41,0202aaa0022d0eca005a5811460e29efbf1ffffffc2246cd1e00000fc0007ebfe9ed0737feebfff600,1,TX 41 seq=16273 rx_latency=1ms tx_dur=1ms,21.998,
2730,10,558,2862613038,2026-07-14T15:25:35.406992+00:00,55.700139,3886,41,0202aaa0022e0f2e005a5811460e29efbf1ffffffc2246cd1e00000fc0007ebfe9ed0737feebfff600,1,TX 41 seq=16274 rx_latency=1ms tx_dur=1ms,23.722,
2730,10,559,2862613039,2026-07-14T15:25:35.506991+00:00,55.800137,3986,41,0202aaa0022f0f92005a5811460e29efbf1ffffffc2246cd1e00000fc0007ebfe9ed0737feebfff600,1,TX 41 seq=16275 rx_latency=1ms tx_dur=1ms,16.387,
2730,10,560,2862613040,2026-07-14T15:25:35.606992+00:00,55.900140,4086,41,0202aaa002300ff6005a5811460e29efbf1ffffffc2246cd1e00000fc0007ebfe9ed0737feebfff600,1,TX 41 seq=16276 rx_latency=1ms tx_dur=1ms,18.103,
2730,10,561,2862613041,2026-07-14T15:25:35.706999+00:00,56.000158,4186,41,0202aaa00231105a005a5811460e29efbf1ffffffc2246cd1e00000fc0007ebfe9ed0737feebfff600,1,TX 41 seq=16277 rx_latency=1ms tx_dur=1ms,19.828,
2730,10,562,2862613042,2026-07-14T15:25:35.806993+00:00,56.100143,4286,41,0202aaa0023210be005a5811460e29efbf1ffffffc2246cd1e00000fc0007ebfe9ed0737feebfff600,1,TX 41 seq=16278 rx_latency=1ms tx_dur=1ms,21.556,
2730,10,563,2862613043,2026-07-14T15:25:35.906993+00:00,56.200150,4386,41,0202aaa002331122005a5811460e29efbf1ffffffc2246cd1e00000fc0007ebfe9ed0737feebfff600,1,TX 41 seq=16279 rx_latency=1ms tx_dur=1ms,24.155,
2730,10,564,2862613044,2026-07-14T15:25:36.006992+00:00,56.300143,4486,41,0202aaa002341186005a5811460e29efbf1ffffffc2246cd1e00000fc0007ebfe9ed0737feebfff600,1,TX 41 seq=16280 rx_latency=1ms tx_dur=1ms,15.934,
2730,10,565,2862613045,2026-07-14T15:25:36.106992+00:00,56.400139,4586,41,0202aaa0023511ea005a5811460e29efbf1ffffffc2246cd1e00000fc0007ebfe9ed0737feebfff600,1,TX 41 seq=16281 rx_latency=1ms tx_dur=1ms,17.296,
2730,10,566,2862613046,2026-07-14T15:25:36.206960+00:00,56.500085,4686,41,0202aaa00236124e005a5811460e29efbf1ffffffc2246cd1e00000fc0007ebfe9ed0737feebfff600,1,TX 41 seq=16282 rx_latency=1ms tx_dur=1ms,20.396,
2730,10,567,2862613047,2026-07-14T15:25:36.306958+00:00,56.600083,4786,41,0202aaa0023712b2005a5811460e29efbf1ffffffc2246cd1e00000fc0007ebfe9ed0737feebfff600,1,TX 41 seq=16283 rx_latency=1ms tx_dur=1ms,21.931,
2730,10,568,2862613048,2026-07-14T15:25:36.406959+00:00,56.700084,4886,41,0202aaa002381316005a5811460e29efbf1ffffffc2246cd1e00000fc0007ebfe9ed0737feebfff600,1,TX 41 seq=16284 rx_latency=1ms tx_dur=1ms,13.962,
2730,10,569,2862613049,2026-07-14T15:25:36.506970+00:00,56.800109,4986,41,0202aaa00239137a005a5811460e29efbf1ffffffc2246cd1e00000fc0007ebfe9ed0737feebfff600,1,TX 41 seq=16285 rx_latency=1ms tx_dur=1ms,16.592,
2730,10,570,2862613050,2026-07-14T15:25:36.606980+00:00,56.900139,5086,41,0202aaa0023a13de005a5811460e29efbf1ffffffc2246cd1e00000fc0007ebfe9ed0737feebfff600,1,TX 41 seq=16286 rx_latency=1ms tx_dur=1ms,18.180,
2730,10,571,2862613051,2026-07-14T15:25:36.706996+00:00,57.000151,5186,41,0202aaa0023b1442005a5811460e29efbf1ffffffc2246cd1e00000fc0007ebfe9ed0737feebfff600,1,TX 41 seq=16287 rx_latency=1ms tx_dur=1ms,19.852,
2730,10,572,2862613052,2026-07-14T15:25:36.806993+00:00,57.100146,5286,41,0202aaa0023c14a6005a5811460e29efbf1ffffffc2246cd1e00000fc0007ebfe9ed0737feebfff600,1,TX 41 seq=16288 rx_latency=1ms tx_dur=1ms,21.579,
2730,10,573,2862613053,2026-07-14T15:25:36.906993+00:00,57.200144,5386,41,0202aaa0023d150a005a5811460e29efbf1ffffffc2246cd1e00000fc0007ebfe9ed0737feebfff600,1,TX 41 seq=16289 rx_latency=1ms tx_dur=1ms,24.491,
2730,10,574,2862613054,2026-07-14T15:25:37.007006+00:00,57.300174,5486,41,0202aaa0023e156e005a5811460e29efbf1ffffffc2246cd1e00000fc0007ebfe9ed0737feebfff600,1,TX 41 seq=16290 rx_latency=1ms tx_dur=1ms,16.093,
2730,10,575,2862613055,2026-07-14T15:25:37.106999+00:00,57.400159,5586,41,0202aaa0023f15d2005a5811460e29efbf1ffffffc2246cd1e00000fc0007ebfe9ed0737feebfff600,1,TX 41 seq=16291 rx_latency=1ms tx_dur=1ms,17.664,
2730,10,576,2862613056,2026-07-14T15:25:37.206994+00:00,57.500149,5686,41,0202aaa002401636005a5811460e29efbf1ffffffc2246cd1e00000fc0007ebfe9ed0737feebfff600,1,TX 41 seq=16292 rx_latency=1ms tx_dur=1ms,19.385,
2730,10,577,2862613057,2026-07-14T15:25:37.307005+00:00,57.600173,5786,41,0202aaa00241169a005a5811460e29efbf1ffffffc2246cd1e00000fc0007ebfe9ed0737feebfff600,1,TX 41 seq=16293 rx_latency=1ms tx_dur=1ms,22.191,
2730,10,578,2862613058,2026-07-14T15:25:37.406994+00:00,57.700151,5886,41,0202aaa0024216fe005a5811460e29efbf1ffffffc2246cd1e00000fc0007ebfe9ed0737feebfff600,1,TX 41 seq=16294 rx_latency=1ms tx_dur=1ms,23.975,
2730,10,579,2862613059,2026-07-14T15:25:37.506993+00:00,57.800145,5986,41,0202aaa002431762005a5811460e29efbf1ffffffc2246cd1e00000fc0007ebfe9ed0737feebfff600,1,TX 41 seq=16295 rx_latency=1ms tx_dur=1ms,15.524,
2730,10,580,2862613060,2026-07-14T15:25:37.606991+00:00,57.900143,6086,41,0202aaa0024417c6005a5811460e29efbf1ffffffc2246cd1e00000fc0007ebfe9ed0737feebfff600,1,TX 41 seq=16296 rx_latency=1ms tx_dur=1ms,18.369,
2730,10,581,2862613061,2026-07-14T15:25:37.707014+00:00,58.000190,6186,41,0202aaa00245182a005a5811460e29efbf1ffffffc2246cd1e00000fc0007ebfe9ed0737feebfff600,1,TX 41 seq=16297 rx_latency=1ms tx_dur=1ms,19.975,
2730,10,582,2862613062,2026-07-14T15:25:37.807014+00:00,58.100181,6286,41,0202aaa00246188e005a5811460e29efbf1ffffffc2246cd1e00000fc0007ebfe9ed0737feebfff600,1,TX 41 seq=16298 rx_latency=1ms tx_dur=1ms,21.737,
2730,10,583,2862613063,2026-07-14T15:25:37.906995+00:00,58.200146,6386,41,0202aaa0024718f2005a5811460e29efbf1ffffffc2246cd1e00000fc0007ebfe9ed0737feebfff600,1,TX 41 seq=16299 rx_latency=1ms tx_dur=1ms,23.340,
2730,10,584,2862613064,2026-07-14T15:25:38.007003+00:00,58.300166,6486,41,0202aaa002481956005a5811460e29efbf1ffffffc2246cd1e00000fc0007ebfe9ed0737feebfff600,1,TX 41 seq=16300 rx_latency=1ms tx_dur=1ms,16.157,
2730,10,585,2862613065,2026-07-14T15:25:38.106994+00:00,58.400144,6586,41,0202aaa0024919ba005a5811460e29efbf1ffffffc2246cd1e00000fc0007ebfe9ed0737feebfff600,1,TX 41 seq=16301 rx_latency=1ms tx_dur=1ms,17.931,
2730,10,586,2862613066,2026-07-14T15:25:38.206992+00:00,58.500142,6686,41,0202aaa0024a1a1e005a5811460e29efbf1ffffffc2246cd1e00000fc0007ebfe9ed0737feebfff600,1,TX 41 seq=16302 rx_latency=1ms tx_dur=1ms,19.666,
2730,10,587,2862613067,2026-07-14T15:25:38.306993+00:00,58.600143,6786,41,0202aaa0024b1a82005a5811460e29efbf1ffffffc2246cd1e00000fc0007ebfe9ed0737feebfff600,1,TX 41 seq=16303 rx_latency=1ms tx_dur=1ms,22.337,
2730,10,588,2862613068,2026-07-14T15:25:38.406998+00:00,58.700157,6886,41,0202aaa0024c1ae6005a5811460e29efbf1ffffffc2246cd1e00000fc0007ebfe9ed0737feebfff600,1,TX 41 seq=16304 rx_latency=1ms tx_dur=1ms,23.986,
2730,10,589,2862613069,2026-07-14T15:25:38.506993+00:00,58.800146,6986,41,0202aaa0024d1b4a005a5811460e29efbf1ffffffc2246cd1e00000fc0007ebfe9ed0737feebfff600,1,TX 41 seq=16305 rx_latency=1ms tx_dur=1ms,15.769,
2730,10,590,2862613070,2026-07-14T15:25:38.606993+00:00,58.900142,7086,41,0202aaa0024e1bae005a5811460e29efbf1ffffffc2246cd1e00000fc0007ebfe9ed0737feebfff600,1,TX 41 seq=16306 rx_latency=1ms tx_dur=1ms,17.511,
2730,10,591,2862613071,2026-07-14T15:25:38.706992+00:00,59.000139,7186,41,0202aaa0024f1c12005a5811460e29efbf1ffffffc2246cd1e00000fc0007ebfe9ed0737feebfff600,1,TX 41 seq=16307 rx_latency=1ms tx_dur=1ms,20.341,
2730,10,592,2862613072,2026-07-14T15:25:38.806969+00:00,59.100127,7286,41,0202aaa002501c76005a5811460e29efbf1ffffffc2246cd1e00000fc0007ebfe9ed0737feebfff600,1,TX 41 seq=16308 rx_latency=1ms tx_dur=1ms,21.842,
2730,10,593,2862613073,2026-07-14T15:25:38.906993+00:00,59.200144,7386,41,0202aaa002511cda005a5811460e29efbf1ffffffc2246cd1e00000fc0007ebfe9ed0737feebfff600,1,TX 41 seq=16309 rx_latency=1ms tx_dur=1ms,23.598,
2730,10,594,2862613074,2026-07-14T15:25:39.006995+00:00,59.300146,7486,41,0202aaa002521d3e005a5811460e29efbf1ffffffc2246cd1e00000fc0007ebfe9ed0737feebfff600,1,TX 41 seq=16310 rx_latency=1ms tx_dur=1ms,16.473,
2730,10,595,2862613075,2026-07-14T15:25:39.106992+00:00,59.400140,7586,41,0202aaa002531da2005a5811460e29efbf1ffffffc2246cd1e00000fc0007ebfe9ed0737feebfff600,1,TX 41 seq=16311 rx_latency=1ms tx_dur=1ms,18.179,
2730,10,596,2862613076,2026-07-14T15:25:39.206932+00:00,59.500098,7686,41,0202aaa002541e06005a5811460e29efbf1ffffffc2246cd1e00000fc0007ebfe9ed0737feebfff600,1,TX 41 seq=16312 rx_latency=1ms tx_dur=1ms,19.707,
2730,10,597,2862613077,2026-07-14T15:25:39.306987+00:00,59.600136,7786,41,0202aaa002551e6a005a5811460e29efbf1ffffffc2246cd1e00000fc0007ebfe9ed0737feebfff600,1,TX 41 seq=16313 rx_latency=1ms tx_dur=1ms,21.421,
2730,10,598,2862613078,2026-07-14T15:25:39.406914+00:00,59.700062,7886,41,0202aaa002561ece005a5811460e29efbf1ffffffc2246cd1e00000fc0007ebfe9ed0737feebfff600,1,TX 41 seq=16314 rx_latency=1ms tx_dur=1ms,24.330,
2730,10,599,2862613079,2026-07-14T15:25:39.506989+00:00,59.800135,7986,41,0202aaa002571f32005a5811460e29efbf1ffffffc2246cd1e00000fc0007ebfe9ed0737feebfff600,1,TX 41 seq=16315 rx_latency=1ms tx_dur=1ms,16.020,
2730,10,600,2862613080,2026-07-14T15:25:39.606989+00:00,59.900136,8086,41,0202aaa002581f96005a5811460e29efbf1ffffffc2246cd1e00000fc0007ebfe9ed0737feebfff600,1,TX 41 seq=16316 rx_latency=1ms tx_dur=1ms,17.535,
2730,10,601,2862613081,2026-07-14T15:25:39.707001+00:00,60.000168,8186,41,0202aaa002591ffa005a5811460e29efbf1ffffffc2246cd1e00000fc0007ebfe9ed0737feebfff600,1,TX 41 seq=16317 rx_latency=1ms tx_dur=1ms,20.255,
2730,10,602,2862613082,2026-07-14T15:25:39.806996+00:00,60.100150,8286,41,0202aaa0025a205e005a5811460e29efbf1ffffffc2246cd1e00000fc0007ebfe9ed0737feebfff600,1,TX 41 seq=16318 rx_latency=1ms tx_dur=1ms,22.066,
2730,10,603,2862613083,2026-07-14T15:25:39.906986+00:00,60.200133,8386,41,0202aaa0025b20c2005a5811460e29efbf1ffffffc2246cd1e00000fc0007ebfe9ed0737feebfff600,1,TX 41 seq=16319 rx_latency=1ms tx_dur=1ms,23.761,
2730,10,604,2862613084,2026-07-14T15:25:40.006992+00:00,60.300141,8486,41,0202aaa0025c2126005a5811460e29efbf1ffffffc2246cd1e00000fc0007ebfe9ed0737feebfff600,1,TX 41 seq=16320 rx_latency=1ms tx_dur=1ms,15.366,
2730,10,605,2862613085,2026-07-14T15:25:40.106992+00:00,60.400139,8586,41,0202aaa0025d218a005a5811460e29efbf1ffffffc2246cd1e00000fc0007ebfe9ed0737feebfff600,1,TX 41 seq=16321 rx_latency=1ms tx_dur=1ms,18.209,
2730,10,606,2862613086,2026-07-14T15:25:40.206953+00:00,60.500111,8686,41,0202aaa0025e21ee005a5811460e29efbf1ffffffc2246cd1e00000fc0007ebfe9ed0737feebfff600,1,TX 41 seq=16322 rx_latency=1ms tx_dur=1ms,19.918,
2730,10,607,2862613087,2026-07-14T15:25:40.306995+00:00,60.600152,8786,41,0202aaa0025f2252005a5811460e29efbf1ffffffc2246cd1e00000fc0007ebfe9ed0737feebfff600,1,TX 41 seq=16323 rx_latency=1ms tx_dur=1ms,21.578,
2730,10,608,2862613088,2026-07-14T15:25:40.406995+00:00,60.700145,8886,41,0202aaa0026022b6005a5811460e29efbf1ffffffc2246cd1e00000fc0007ebfe9ed0737feebfff600,1,TX 41 seq=16324 rx_latency=1ms tx_dur=1ms,24.299,
2730,10,609,2862613089,2026-07-14T15:25:40.506986+00:00,60.800130,8986,41,0202aaa00261231a005a5811460e29efbf1ffffffc2246cd1e00000fc0007ebfe9ed0737feebfff600,1,TX 41 seq=16325 rx_latency=1ms tx_dur=1ms,16.041,
2730,10,610,2862613090,2026-07-14T15:25:40.607010+00:00,60.900180,9086,41,0202aaa00262237e005a5811460e29efbf1ffffffc2246cd1e00000fc0007ebfe9ed0737feebfff600,1,TX 41 seq=16326 rx_latency=1ms tx_dur=1ms,17.663,
2730,10,611,2862613091,2026-07-14T15:25:40.706999+00:00,61.000154,9186,41,0202aaa0026323e2005a5811460e29efbf1ffffffc2246cd1e00000fc0007ebfe9ed0737feebfff600,1,TX 41 seq=16327 rx_latency=1ms tx_dur=1ms,19.364,
2730,10,612,2862613092,2026-07-14T15:25:40.807005+00:00,61.100170,9286,41,0202aaa002642446005a5811460e29efbf1ffffffc2246cd1e00000fc0007ebfe9ed0737feebfff600,1,TX 41 seq=16328 rx_latency=1ms tx_dur=1ms,22.130,
2730,10,613,2862613093,2026-07-14T15:25:40.907000+00:00,61.200162,9386,41,0202aaa0026524aa005a5811460e29efbf1ffffffc2246cd1e00000fc0007ebfe9ed0737feebfff600,1,TX 41 seq=16329 rx_latency=1ms tx_dur=1ms,23.663,
2730,10,614,2862613094,2026-07-14T15:25:41.006990+00:00,61.300135,9486,41,0202aaa00266250e005a5811460e29efbf1ffffffc2246cd1e00000fc0007ebfe9ed0737feebfff600,1,TX 41 seq=16330 rx_latency=1ms tx_dur=1ms,15.676,
2730,10,615,2862613095,2026-07-14T15:25:41.106995+00:00,61.400146,9586,41,0202aaa002672572005a5811460e29efbf1ffffffc2246cd1e00000fc0007ebfe9ed0737feebfff600,1,TX 41 seq=16331 rx_latency=1ms tx_dur=1ms,18.337,
2730,10,616,2862613096,2026-07-14T15:25:41.206986+00:00,61.500130,9686,41,0202aaa0026825d6005a5811460e29efbf1ffffffc2246cd1e00000fc0007ebfe9ed0737feebfff600,1,TX 41 seq=16332 rx_latency=1ms tx_dur=1ms,20.074,
2730,10,617,2862613097,2026-07-14T15:25:41.307000+00:00,61.600164,9786,41,0202aaa00269263a005a5811460e29efbf1ffffffc2246cd1e00000fc0007ebfe9ed0737feebfff600,1,TX 41 seq=16333 rx_latency=1ms tx_dur=1ms,22.694,
2730,10,618,2862613098,2026-07-14T15:25:41.406974+00:00,61.700149,9886,41,0202aaa0026a269e005a5811460e29efbf1ffffffc2246cd1e00000fc0007ebfe9ed0737feebfff600,1,TX 41 seq=16334 rx_latency=1ms tx_dur=1ms,24.409,
2730,10,619,2862613099,2026-07-14T15:25:41.506989+00:00,61.800139,9986,41,0202aaa0026b2702005a5811460e29efbf1ffffffc2246cd1e00000fc0007ebfe9ed0737feebfff600,1,TX 41 seq=16335 rx_latency=1ms tx_dur=1ms,16.342,
2730,10,620,2862613100,2026-07-14T15:25:41.606994+00:00,61.900145,10086,41,0202aaa0026c2766005a5811460e29efbf1ffffffc2246cd1e00000fc0007ebfe9ed0737feebfff600,1,TX 41 seq=16336 rx_latency=1ms tx_dur=1ms,17.719,
2730,10,621,2862613101,2026-07-14T15:25:41.706985+00:00,62.000129,10186,41,0202aaa0026d27ca005a5811460e29efbf1ffffffc2246cd1e00000fc0007ebfe9ed0737feebfff600,1,TX 41 seq=16337 rx_latency=1ms tx_dur=1ms,19.632,
2730,10,622,2862613102,2026-07-14T15:25:41.806995+00:00,62.100146,10286,41,0202aaa0026e282e005a5811460e29efbf1ffffffc2246cd1e00000fc0007ebfe9ed0737feebfff600,1,TX 41 seq=16338 rx_latency=1ms tx_dur=1ms,22.267,
2730,10,623,2862613103,2026-07-14T15:25:41.906990+00:00,62.200140,10386,41,0202aaa0026f2892005a5811460e29efbf1ffffffc2246cd1e00000fc0007ebfe9ed0737feebfff600,1,TX 41 seq=16339 rx_latency=1ms tx_dur=1ms,24.116,
2730,10,624,2862613104,2026-07-14T15:25:42.006994+00:00,62.300144,10486,41,0202aaa0027028f6005a5811460e29efbf1ffffffc2246cd1e00000fc0007ebfe9ed0737feebfff600,1,TX 41 seq=16340 rx_latency=1ms tx_dur=1ms,15.947,
2730,10,625,2862613105,2026-07-14T15:25:42.106984+00:00,62.400127,10586,41,0202aaa00271295a005a5811460e29efbf1ffffffc2246cd1e00000fc0007ebfe9ed0737feebfff600,1,TX 41 seq=16341 rx_latency=1ms tx_dur=1ms,17.572,
2730,10,626,2862613106,2026-07-14T15:25:42.206991+00:00,62.500138,10686,41,0202aaa0027229be005a5811460e29efbf1ffffffc2246cd1e00000fc0007ebfe9ed0737feebfff600,1,TX 41 seq=16342 rx_latency=1ms tx_dur=1ms,20.299,
2730,10,627,2862613107,2026-07-14T15:25:42.306989+00:00,62.600134,10786,41,0202aaa002732a22005a5811460e29efbf1ffffffc2246cd1e00000fc0007ebfe9ed0737feebfff600,1,TX 41 seq=16343 rx_latency=1ms tx_dur=1ms,22.093,
2730,10,628,2862613108,2026-07-14T15:25:42.407013+00:00,62.700198,10886,41,0202aaa002742a86005a5811460e29efbf1ffffffc2246cd1e00000fc0007ebfe9ed0737feebfff600,1,TX 41 seq=16344 rx_latency=1ms tx_dur=1ms,23.549,
2730,10,629,2862613109,2026-07-14T15:25:42.506998+00:00,62.800167,10986,41,0202aaa002752aea005a5811460e29efbf1ffffffc2246cd1e00000fc0007ebfe9ed0737feebfff600,1,TX 41 seq=16345 rx_latency=1ms tx_dur=1ms,16.367,
2730,10,630,2862613110,2026-07-14T15:25:42.606995+00:00,62.900147,11086,41,0202aaa002762b4e005a5811460e29efbf1ffffffc2246cd1e00000fc0007ebfe9ed0737feebfff600,1,TX 41 seq=16346 rx_latency=1ms tx_dur=1ms,18.152,
2730,10,631,2862613111,2026-07-14T15:25:42.707002+00:00,63.000163,11186,41,0202aaa002772bb2005a5811460e29efbf1ffffffc2246cd1e00000fc0007ebfe9ed0737feebfff600,1,TX 41 seq=16347 rx_latency=1ms tx_dur=1ms,19.856,
2730,10,632,2862613112,2026-07-14T15:25:42.806985+00:00,63.100132,11286,41,0202aaa002782c16005a5811460e29efbf1ffffffc2246cd1e00000fc0007ebfe9ed0737feebfff600,1,TX 41 seq=16348 rx_latency=1ms tx_dur=1ms,21.668,
2730,10,633,2862613113,2026-07-14T15:25:42.906996+00:00,63.200151,11386,41,0202aaa002792c7a005a5811460e29efbf1ffffffc2246cd1e00000fc0007ebfe9ed0737feebfff600,1,TX 41 seq=16349 rx_latency=1ms tx_dur=1ms,24.160,
2730,10,634,2862613114,2026-07-14T15:25:43.007002+00:00,63.300166,11486,41,0202aaa0027a2cde005a5811460e29efbf1ffffffc2246cd1e00000fc0007ebfe9ed0737feebfff600,1,TX 41 seq=16350 rx_latency=1ms tx_dur=1ms,15.955,
2730,10,635,2862613115,2026-07-14T15:25:43.106993+00:00,63.400145,11586,41,0202aaa0027b2d42005a5811460e29efbf1ffffffc2246cd1e00000fc0007ebfe9ed0737feebfff600,1,TX 41 seq=16351 rx_latency=1ms tx_dur=1ms,17.783,
2730,10,636,2862613116,2026-07-14T15:25:43.206991+00:00,63.500140,11686,41,0202aaa0027c2da6005a5811460e29efbf1ffffffc2246cd1e00000fc0007ebfe9ed0737feebfff600,1,TX 41 seq=16352 rx_latency=1ms tx_dur=1ms,19.471,
2730,10,637,2862613117,2026-07-14T15:25:43.306992+00:00,63.600140,11786,41,0202aaa0027d2e0a005a5811460e29efbf1ffffffc2246cd1e00000fc0007ebfe9ed0737feebfff600,1,TX 41 seq=16353 rx_latency=1ms tx_dur=1ms,22.122,
2730,10,638,2862613118,2026-07-14T15:25:43.407016+00:00,63.700196,11886,41,0202aaa0027e2e6e005a5811460e29efbf1ffffffc2246cd1e00000fc0007ebfe9ed0737feebfff600,1,TX 41 seq=16354 rx_latency=1ms tx_dur=1ms,23.710,
2730,10,639,2862613119,2026-07-14T15:25:43.507002+00:00,63.800166,11986,41,0202aaa0027f2ed2005a5811460e29efbf1ffffffc2246cd1e00000fc0007ebfe9ed0737feebfff600,1,TX 41 seq=16355 rx_latency=1ms tx_dur=1ms,15.490,
2730,10,640,2862613120,2026-07-14T15:25:43.606993+00:00,63.900144,12086,41,0202aaa002802f36005a5811460e29efbf1ffffffc2246cd1e00000fc0007ebfe9ed0737feebfff600,1,TX 41 seq=16356 rx_latency=1ms tx_dur=1ms,18.393,
2730,10,641,2862613121,2026-07-14T15:25:43.707012+00:00,64.000189,12186,41,0202aaa002812f9a005a5811460e29efbf1ffffffc2246cd1e00000fc0007ebfe9ed0737feebfff600,1,TX 41 seq=16357 rx_latency=1ms tx_dur=1ms,19.806,
2730,10,642,2862613122,2026-07-14T15:25:43.806992+00:00,64.100143,12286,41,0202aaa002822ffe005a5811460e29efbf1ffffffc2246cd1e00000fc0007ebfe9ed0737feebfff600,1,TX 41 seq=16358 rx_latency=1ms tx_dur=1ms,21.716,
2730,10,643,2862613123,2026-07-14T15:25:43.907009+00:00,64.200186,12386,41,0202aaa002833062005a5811460e29efbf1ffffffc2246cd1e00000fc0007ebfe9ed0737feebfff600,1,TX 41 seq=16359 rx_latency=1ms tx_dur=1ms,23.261,
2730,10,644,2862613124,2026-07-14T15:25:44.006996+00:00,64.300153,12486,41,0202aaa0028430c6005a5811460e29efbf1ffffffc2246cd1e00000fc0007ebfe9ed0737feebfff600,1,TX 41 seq=16360 rx_latency=1ms tx_dur=1ms,16.200,
2730,10,645,2862613125,2026-07-14T15:25:44.106994+00:00,64.400142,12586,41,0202aaa00285312a005a5811460e29efbf1ffffffc2246cd1e00000fc0007ebfe9ed0737feebfff600,1,TX 41 seq=16361 rx_latency=1ms tx_dur=1ms,17.752,
2730,10,646,2862613126,2026-07-14T15:25:44.206993+00:00,64.500142,12686,41,0202aaa00286318e005a5811460e29efbf1ffffffc2246cd1e00000fc0007ebfe9ed0737feebfff600,1,TX 41 seq=16362 rx_latency=1ms tx_dur=1ms,19.469,
2730,10,647,2862613127,2026-07-14T15:25:44.306991+00:00,64.600140,12786,41,0202aaa0028731f2005a5811460e29efbf1ffffffc2246cd1e00000fc0007ebfe9ed0737feebfff600,1,TX 41 seq=16363 rx_latency=1ms tx_dur=1ms,22.322,
2730,10,648,2862613128,2026-07-14T15:25:44.406991+00:00,64.700138,12886,41,0202aaa002883256005a5811460e29efbf1ffffffc2246cd1e00000fc0007ebfe9ed0737feebfff600,1,TX 41 seq=16364 rx_latency=1ms tx_dur=1ms,24.114,
2730,10,649,2862613129,2026-07-14T15:25:44.506995+00:00,64.800154,12986,41,0202aaa0028932ba005a5811460e29efbf1ffffffc2246cd1e00000fc0007ebfe9ed0737feebfff600,1,TX 41 seq=16365 rx_latency=1ms tx_dur=1ms,15.547,
2730,10,650,2862613130,2026-07-14T15:25:44.606994+00:00,64.900145,13086,41,0202aaa0028a331e005a5811460e29efbf1ffffffc2246cd1e00000fc0007ebfe9ed0737feebfff600,1,TX 41 seq=16366 rx_latency=1ms tx_dur=1ms,18.416,
2730,10,651,2862613131,2026-07-14T15:25:44.706998+00:00,65.000159,13186,41,0202aaa0028b3382005a5811460e29efbf1ffffffc2246cd1e00000fc0007ebfe9ed0737feebfff600,1,TX 41 seq=16367 rx_latency=1ms tx_dur=1ms,20.081,
2730,10,652,2862613132,2026-07-14T15:25:44.806993+00:00,65.100143,13286,41,0202aaa0028c33e6005a5811460e29efbf1ffffffc2246cd1e00000fc0007ebfe9ed0737feebfff600,1,TX 41 seq=16368 rx_latency=1ms tx_dur=1ms,21.860,
2730,10,653,2862613133,2026-07-14T15:25:44.906986+00:00,65.200133,13386,41,0202aaa0028d344a005a5811460e29efbf1ffffffc2246cd1e00000fc0007ebfe9ed0737feebfff600,1,TX 41 seq=16369 rx_latency=1ms tx_dur=1ms,23.642,
2730,10,654,2862613134,2026-07-14T15:25:45.006997+00:00,65.300150,13486,41,0202aaa0028e34ae005a5811460e29efbf1ffffffc2246cd1e00000fc0007ebfe9ed0737feebfff600,1,TX 41 seq=16370 rx_latency=1ms tx_dur=1ms,16.239,
2730,10,655,2862613135,2026-07-14T15:25:45.106994+00:00,65.400143,13586,41,0202aaa0028f3512005a5811460e29efbf1ffffffc2246cd1e00000fc0007ebfe9ed0737feebfff600,1,TX 41 seq=16371 rx_latency=1ms tx_dur=1ms,17.983,
2730,10,656,2862613136,2026-07-14T15:25:45.206992+00:00,65.500142,13686,41,0202aaa002903576005a5811460e29efbf1ffffffc2246cd1e00000fc0007ebfe9ed0737feebfff600,1,TX 41 seq=16372 rx_latency=1ms tx_dur=1ms,19.717,
2730,10,657,2862613137,2026-07-14T15:25:45.306985+00:00,65.600130,13786,41,0202aaa0029135da005a5811460e29efbf1ffffffc2246cd1e00000fc0007ebfe9ed0737feebfff600,1,TX 41 seq=16373 rx_latency=1ms tx_dur=1ms,22.509,
2730,10,658,2862613138,2026-07-14T15:25:45.406991+00:00,65.700138,13886,41,0202aaa00292363e005a5811460e29efbf1ffffffc2246cd1e00000fc0007ebfe9ed0737feebfff600,1,TX 41 seq=16374 rx_latency=1ms tx_dur=1ms,24.054,
2730,10,659,2862613139,2026-07-14T15:25:45.506986+00:00,65.800128,13986,41,0202aaa0029336a2005a5811460e29efbf1ffffffc2246cd1e00000fc0007ebfe9ed0737feebfff600,1,TX 41 seq=16375 rx_latency=1ms tx_dur=1ms,15.839,
2730,10,660,2862613140,2026-07-14T15:25:45.606994+00:00,65.900145,14086,41,0202aaa002943706005a5811460e29efbf1ffffffc2246cd1e00000fc0007ebfe9ed0737feebfff600,1,TX 41 seq=16376 rx_latency=1ms tx_dur=1ms,17.548,
2730,10,661,2862613141,2026-07-14T15:25:45.706988+00:00,66.000134,14186,41,0202aaa00295376a005a5811460e29efbf1ffffffc2246cd1e00000fc0007ebfe9ed0737feebfff600,1,TX 41 seq=16377 rx_latency=1ms tx_dur=1ms,20.390,
2730,10,662,2862613142,2026-07-14T15:25:45.806955+00:00,66.100116,14286,41,0202aaa0029637ce005a5811460e29efbf1ffffffc2246cd1e00000fc0007ebfe9ed0737feebfff600,1,TX 41 seq=16378 rx_latency=1ms tx_dur=1ms,21.897,
2730,10,663,2862613143,2026-07-14T15:25:45.906988+00:00,66.200135,14386,41,0202aaa002973832005a5811460e29efbf1ffffffc2246cd1e00000fc0007ebfe9ed0737feebfff600,1,TX 41 seq=16379 rx_latency=1ms tx_dur=1ms,23.587,
2730,10,664,2862613144,2026-07-14T15:25:46.006992+00:00,66.300141,14486,41,0202aaa002983896005a5811460e29efbf1ffffffc2246cd1e00000fc0007ebfe9ed0737feebfff600,1,TX 41 seq=16380 rx_latency=1ms tx_dur=1ms,15.381,
2730,10,665,2862613145,2026-07-14T15:25:46.106987+00:00,66.400131,14586,41,0202aaa0029938fa005a5811460e29efbf1ffffffc2246cd1e00000fc0007ebfe9ed0737feebfff600,1,TX 41 seq=16381 rx_latency=1ms tx_dur=1ms,18.214,
2730,10,666,2862613146,2026-07-14T15:25:46.206992+00:00,66.500139,14686,41,0202aaa0029a395e005a5811460e29efbf1ffffffc2246cd1e00000fc0007ebfe9ed0737feebfff600,1,TX 41 seq=16382 rx_latency=1ms tx_dur=1ms,19.754,
2730,10,667,2862613147,2026-07-14T15:25:46.306986+00:00,66.600131,14786,41,0202aaa0029b39c2005a5811460e29efbf1ffffffc2246cd1e00000fc0007ebfe9ed0737feebfff600,1,TX 41 seq=16383 rx_latency=1ms tx_dur=1ms,22.530,
2730,10,668,2862613148,2026-07-14T15:25:46.407000+00:00,66.700158,14886,41,0202aaa0029c3a26005a5811460e29efbf1ffffffc2246cd1e00000fc0007ebfe9ed0737feebfff600,1,TX 41 seq=16384 rx_latency=1ms tx_dur=1ms,24.268,
2730,10,669,2862613149,2026-07-14T15:25:46.506986+00:00,66.800132,14986,41,0202aaa0029d3a8a005a5811460e29efbf1ffffffc2246cd1e00000fc0007ebfe9ed0737feebfff600,1,TX 41 seq=16385 rx_latency=1ms tx_dur=1ms,16.051,
2730,10,670,2862613150,2026-07-14T15:25:46.607017+00:00,66.900200,15086,41,0202aaa0029e3aee005a5811460e29efbf1ffffffc2246cd1e00000fc0007ebfe9ed0737feebfff600,1,TX 41 seq=16386 rx_latency=1ms tx_dur=1ms,17.436,
2730,10,671,2862613151,2026-07-14T15:25:46.706990+00:00,67.000140,15186,41,0202aaa0029f3b52005a5811460e29efbf1ffffffc2246cd1e00000fc0007ebfe9ed0737feebfff600,1,TX 41 seq=16387 rx_latency=1ms tx_dur=1ms,20.366,
2730,10,672,2862613152,2026-07-14T15:25:46.807007+00:00,67.100178,15286,41,0202aaa002a03bb6005a5811460e29efbf1ffffffc2246cd1e00000fc0007ebfe9ed0737feebfff600,1,TX 41 seq=16388 rx_latency=1ms tx_dur=1ms,22.050,
2730,10,673,2862613153,2026-07-14T15:25:46.906988+00:00,67.200137,15386,41,0202aaa002a13c1a005a5811460e29efbf1ffffffc2246cd1e00000fc0007ebfe9ed0737feebfff600,1,TX 41 seq=16389 rx_latency=1ms tx_dur=1ms,23.798,
2730,10,674,2862613154,2026-07-14T15:25:47.006995+00:00,67.300147,15486,41,0202aaa002a23c7e005a5811460e29efbf1ffffffc2246cd1e00000fc0007ebfe9ed0737feebfff600,1,TX 41 seq=16390 rx_latency=1ms tx_dur=1ms,15.419,
2730,10,675,2862613155,2026-07-14T15:25:47.106986+00:00,67.400131,15586,41,0202aaa002a33ce2005a5811460e29efbf1ffffffc2246cd1e00000fc0007ebfe9ed0737feebfff600,1,TX 41 seq=16391 rx_latency=1ms tx_dur=1ms,18.239,
2730,10,676,2862613156,2026-07-14T15:25:47.206991+00:00,67.500138,15686,41,0202aaa002a43d46005a5811460e29efbf1ffffffc2246cd1e00000fc0007ebfe9ed0737feebfff600,1,TX 41 seq=16392 rx_latency=1ms tx_dur=1ms,19.973,
2730,10,677,2862613157,2026-07-14T15:25:47.306989+00:00,67.600137,15786,41,0202aaa002a53daa005a5811460e29efbf1ffffffc2246cd1e00000fc0007ebfe9ed0737feebfff600,1,TX 41 seq=16393 rx_latency=1ms tx_dur=1ms,21.687,
2730,10,678,2862613158,2026-07-14T15:25:47.407010+00:00,67.700186,15886,41,0202aaa002a63e0e005a5811460e29efbf1ffffffc2246cd1e00000fc0007ebfe9ed0737feebfff600,1,TX 41 seq=16394 rx_latency=1ms tx_dur=1ms,24.147,
2730,10,679,2862613159,2026-07-14T15:25:47.506989+00:00,67.800138,15986,41,0202aaa002a73e72005a5811460e29efbf1ffffffc2246cd1e00000fc0007ebfe9ed0737feebfff600,1,TX 41 seq=16395 rx_latency=1ms tx_dur=1ms,16.083,
2730,10,680,2862613160,2026-07-14T15:25:47.606993+00:00,67.900145,16086,41,0202aaa002a83ed6005a5811460e29efbf1ffffffc2246cd1e00000fc0007ebfe9ed0737feebfff600,1,TX 41 seq=16396 rx_latency=1ms tx_dur=1ms,17.812,
2730,10,681,2862613161,2026-07-14T15:25:47.706989+00:00,68.000140,16186,41,0202aaa002a93f3a005a5811460e29efbf1ffffffc2246cd1e00000fc0007ebfe9ed0737feebfff600,1,TX 41 seq=16397 rx_latency=1ms tx_dur=1ms,19.496,
2730,10,682,2862613162,2026-07-14T15:25:47.806997+00:00,68.100152,16286,41,0202aaa002aa3f9e005a5811460e29efbf1ffffffc2246cd1e00000fc0007ebfe9ed0737feebfff600,1,TX 41 seq=16398 rx_latency=1ms tx_dur=1ms,22.155,
2730,10,683,2862613163,2026-07-14T15:25:47.906989+00:00,68.200138,16386,41,0202aaa002ab4002005a5811460e29efbf1ffffffc2246cd1e00000fc0007ebfe9ed0737feebfff600,1,TX 41 seq=16399 rx_latency=1ms tx_dur=1ms,23.822,
2730,10,684,2862613164,2026-07-14T15:25:48.006999+00:00,68.300166,16486,41,0202aaa002ac4066005a5811460e29efbf1ffffffc2246cd1e00000fc0007ebfe9ed0737feebfff600,1,TX 41 seq=16400 rx_latency=1ms tx_dur=1ms,15.596,
2730,10,685,2862613165,2026-07-14T15:25:48.106988+00:00,68.400137,16586,41,0202aaa002ad40ca005a5811460e29efbf1ffffffc2246cd1e00000fc0007ebfe9ed0737feebfff600,1,TX 41 seq=16401 rx_latency=1ms tx_dur=1ms,18.456,
2730,10,686,2862613166,2026-07-14T15:25:48.206993+00:00,68.500142,16686,41,0202aaa002ae412e005a5811460e29efbf1ffffffc2246cd1e00000fc0007ebfe9ed0737feebfff600,1,TX 41 seq=16402 rx_latency=1ms tx_dur=1ms,20.010,
2730,10,687,2862613167,2026-07-14T15:25:48.306985+00:00,68.600127,16786,41,0202aaa002af4192005a5811460e29efbf1ffffffc2246cd1e00000fc0007ebfe9ed0737feebfff600,1,TX 41 seq=16403 rx_latency=1ms tx_dur=1ms,21.712,
2730,10,688,2862613168,2026-07-14T15:25:48.406991+00:00,68.700139,16886,41,0202aaa002b041f6005a5811460e29efbf1ffffffc2246cd1e00000fc0007ebfe9ed0737feebfff600,1,TX 41 seq=16404 rx_latency=1ms tx_dur=1ms,23.470,
2730,10,689,2862613169,2026-07-14T15:25:48.506989+00:00,68.800136,16986,41,0202aaa002b1425a005a5811460e29efbf1ffffffc2246cd1e00000fc0007ebfe9ed0737feebfff600,1,TX 41 seq=16405 rx_latency=1ms tx_dur=1ms,16.323,
2730,10,690,2862613170,2026-07-14T15:25:48.607004+00:00,68.900170,17086,41,0202aaa002b242be005a5811460e29efbf1ffffffc2246cd1e00000fc0007ebfe9ed0737feebfff600,1,TX 41 seq=16406 rx_latency=1ms tx_dur=1ms,17.769,
2730,10,691,2862613171,2026-07-14T15:25:48.706992+00:00,69.000142,17186,41,0202aaa002b34322005a5811460e29efbf1ffffffc2246cd1e00000fc0007ebfe9ed0737feebfff600,1,TX 41 seq=16407 rx_latency=1ms tx_dur=1ms,19.533,
2730,10,692,2862613172,2026-07-14T15:25:48.806992+00:00,69.100142,17286,41,0202aaa002b44386005a5811460e29efbf1ffffffc2246cd1e00000fc0007ebfe9ed0737feebfff600,1,TX 41 seq=16408 rx_latency=1ms tx_dur=1ms,22.407,
2730,10,693,2862613173,2026-07-14T15:25:48.906985+00:00,69.200127,17386,41,0202aaa002b543ea005a5811460e29efbf1ffffffc2246cd1e00000fc0007ebfe9ed0737feebfff600,1,TX 41 seq=16409 rx_latency=1ms tx_dur=1ms,14.198,
2730,10,694,2862613174,2026-07-14T15:25:49.007005+00:00,69.300171,17486,41,0202aaa002b6444e005a5811460e29efbf1ffffffc2246cd1e00000fc0007ebfe9ed0737feebfff600,1,TX 41 seq=16410 rx_latency=1ms tx_dur=1ms,15.819,
2730,10,695,2862613175,2026-07-14T15:25:49.106990+00:00,69.400142,17586,41,0202aaa002b744b2005a5811460e29efbf1ffffffc2246cd1e00000fc0007ebfe9ed0737feebfff600,1,TX 41 seq=16411 rx_latency=1ms tx_dur=1ms,18.510,
2730,10,696,2862613176,2026-07-14T15:25:49.206946+00:00,69.500089,17686,41,0202aaa002b84516005a5811460e29efbf1ffffffc2246cd1e00000fc0007ebfe9ed0737feebfff600,1,TX 41 seq=16412 rx_latency=1ms tx_dur=1ms,20.271,
2730,10,697,2862613177,2026-07-14T15:25:49.306992+00:00,69.600140,17786,41,0202aaa002b9457a005a5811460e29efbf1ffffffc2246cd1e00000fc0007ebfe9ed0737feebfff600,1,TX 41 seq=16413 rx_latency=1ms tx_dur=1ms,21.979,
2730,10,698,2862613178,2026-07-14T15:25:49.406985+00:00,69.700128,17886,41,0202aaa002ba45de005a5811460e29efbf1ffffffc2246cd1e00000fc0007ebfe9ed0737feebfff600,1,TX 41 seq=16414 rx_latency=1ms tx_dur=1ms,13.766,
2730,10,699,2862613179,2026-07-14T15:25:49.506994+00:00,69.800146,17986,41,0202aaa002bb4642005a5811460e29efbf1ffffffc2246cd1e00000fc0007ebfe9ed0737feebfff600,1,TX 41 seq=16415 rx_latency=1ms tx_dur=1ms,16.355,
2730,10,700,2862613180,2026-07-14T15:25:49.606985+00:00,69.900130,18086,41,0202aaa002bc46a6005a5811460e29efbf1ffffffc2246cd1e00000fc0007ebfe9ed0737feebfff600,1,TX 41 seq=16416 rx_latency=1ms tx_dur=1ms,18.171,
2730,10,701,2862613181,2026-07-14T15:25:49.707007+00:00,70.000180,18186,41,0202aaa002bd470a005a5811460e29efbf1ffffffc2246cd1e00000fc0007ebfe9ed0737feebfff600,1,TX 41 seq=16417 rx_latency=1ms tx_dur=1ms,19.650,
2730,10,702,2862613182,2026-07-14T15:25:49.806998+00:00,70.100154,18286,41,0202aaa002be476e005a5811460e29efbf1ffffffc2246cd1e00000fc0007ebfe9ed0737feebfff600,1,TX 41 seq=16418 rx_latency=1ms tx_dur=1ms,22.331,
2730,10,703,2862613183,2026-07-14T15:25:49.906998+00:00,70.200161,18386,41,0202aaa002bf47d2005a5811460e29efbf1ffffffc2246cd1e00000fc0007ebfe9ed0737feebfff600,1,TX 41 seq=16419 rx_latency=1ms tx_dur=1ms,24.005,
2730,10,704,2862613184,2026-07-14T15:25:50.006998+00:00,70.300155,18486,41,0202aaa002c04836005a5811460e29efbf1ffffffc2246cd1e00000fc0007ebfe9ed0737feebfff600,1,TX 41 seq=16420 rx_latency=1ms tx_dur=1ms,15.896,
2730,10,705,2862613185,2026-07-14T15:25:50.107013+00:00,70.400184,18586,41,0202aaa002c1489a005a5811460e29efbf1ffffffc2246cd1e00000fc0007ebfe9ed0737feebfff600,1,TX 41 seq=16421 rx_latency=1ms tx_dur=1ms,17.596,
2730,10,706,2862613186,2026-07-14T15:25:50.206992+00:00,70.500146,18686,41,0202aaa002c248fe005a5811460e29efbf1ffffffc2246cd1e00000fc0007ebfe9ed0737feebfff600,1,TX 41 seq=16422 rx_latency=1ms tx_dur=1ms,20.414,
2730,10,707,2862613187,2026-07-14T15:25:50.306993+00:00,70.600141,18786,41,0202aaa002c34962005a5811460e29efbf1ffffffc2246cd1e00000fc0007ebfe9ed0737feebfff600,1,TX 41 seq=16423 rx_latency=1ms tx_dur=1ms,21.995,
2730,10,708,2862613188,2026-07-14T15:25:50.406986+00:00,70.700130,18886,41,0202aaa002c449c6005a5811460e29efbf1ffffffc2246cd1e00000fc0007ebfe9ed0737feebfff600,1,TX 41 seq=16424 rx_latency=1ms tx_dur=1ms,23.683,
2730,10,709,2862613189,2026-07-14T15:25:50.506995+00:00,70.800145,18986,41,0202aaa002c54a2a005a5811460e29efbf1ffffffc2246cd1e00000fc0007ebfe9ed0737feebfff600,1,TX 41 seq=16425 rx_latency=1ms tx_dur=1ms,15.487,
2730,10,710,2862613190,2026-07-14T15:25:50.607007+00:00,70.900182,19086,41,0202aaa002c64a8e005a5811460e29efbf1ffffffc2246cd1e00000fc0007ebfe9ed0737feebfff600,1,TX 41 seq=16426 rx_latency=1ms tx_dur=1ms,18.202,
2730,10,711,2862613191,2026-07-14T15:25:50.706928+00:00,71.000084,19186,41,0202aaa002c74af2005a5811460e29efbf1ffffffc2246cd1e00000fc0007ebfe9ed0737feebfff600,1,TX 41 seq=16427 rx_latency=1ms tx_dur=1ms,19.882,
2730,10,712,2862613192,2026-07-14T15:25:50.806987+00:00,71.100131,19286,41,0202aaa002c84b56005a5811460e29efbf1ffffffc2246cd1e00000fc0007ebfe9ed0737feebfff600,1,TX 41 seq=16428 rx_latency=1ms tx_dur=1ms,21.527,
2730,10,713,2862613193,2026-07-14T15:25:50.906992+00:00,71.200141,19386,41,0202aaa002c94bba005a5811460e29efbf1ffffffc2246cd1e00000fc0007ebfe9ed0737feebfff600,1,TX 41 seq=16429 rx_latency=1ms tx_dur=1ms,24.396,
2730,10,714,2862613194,2026-07-14T15:25:51.006986+00:00,71.300128,19486,41,0202aaa002ca4c1e005a5811460e29efbf1ffffffc2246cd1e00000fc0007ebfe9ed0737feebfff600,1,TX 41 seq=16430 rx_latency=1ms tx_dur=1ms,16.161,
2730,10,715,2862613195,2026-07-14T15:25:51.106996+00:00,71.400159,19586,41,0202aaa002cb4c82005a5811460e29efbf1ffffffc2246cd1e00000fc0007ebfe9ed0737feebfff600,1,TX 41 seq=16431 rx_latency=1ms tx_dur=1ms,17.629,
2730,10,716,2862613196,2026-07-14T15:25:51.206988+00:00,71.500136,19686,41,0202aaa002cc4ce6005a5811460e29efbf1ffffffc2246cd1e00000fc0007ebfe9ed0737feebfff600,1,TX 41 seq=16432 rx_latency=1ms tx_dur=1ms,20.481,
2730,10,717,2862613197,2026-07-14T15:25:51.306995+00:00,71.600151,19786,41,0202aaa002cd4d4a005a5811460e29efbf1ffffffc2246cd1e00000fc0007ebfe9ed0737feebfff600,1,TX 41 seq=16433 rx_latency=1ms tx_dur=1ms,22.152,
2730,10,718,2862613198,2026-07-14T15:25:51.406995+00:00,71.700146,19886,41,0202aaa002ce4dae005a5811460e29efbf1ffffffc2246cd1e00000fc0007ebfe9ed0737feebfff600,1,TX 41 seq=16434 rx_latency=1ms tx_dur=1ms,23.951,
2730,10,719,2862613199,2026-07-14T15:25:51.506998+00:00,71.800163,19986,41,0202aaa002cf4e12005a5811460e29efbf1ffffffc2246cd1e00000fc0007ebfe9ed0737feebfff600,1,TX 41 seq=16435 rx_latency=1ms tx_dur=1ms,15.456,
2730,10,720,2862613200,2026-07-14T15:25:51.606996+00:00,71.900149,20086,41,0202aaa002d04e76005a5811460e29efbf1ffffffc2246cd1e00000fc0007ebfe9ed0737feebfff600,1,TX 41 seq=16436 rx_latency=1ms tx_dur=1ms,18.329,
2730,10,721,2862613201,2026-07-14T15:25:51.706989+00:00,72.000140,20186,41,0202aaa002d14eda005a5811460e29efbf1ffffffc2246cd1e00000fc0007ebfe9ed0737feebfff600,1,TX 41 seq=16437 rx_latency=1ms tx_dur=1ms,20.030,
2730,10,722,2862613202,2026-07-14T15:25:51.806994+00:00,72.100146,20286,41,0202aaa002d24f3e005a5811460e29efbf1ffffffc2246cd1e00000fc0007ebfe9ed0737feebfff600,1,TX 41 seq=16438 rx_latency=1ms tx_dur=1ms,21.801,
2730,10,723,2862613203,2026-07-14T15:25:51.906986+00:00,72.200131,20386,41,0202aaa002d34fa2005a5811460e29efbf1ffffffc2246cd1e00000fc0007ebfe9ed0737feebfff600,1,TX 41 seq=16439 rx_latency=1ms tx_dur=1ms,14.487,
2730,10,724,2862613204,2026-07-14T15:25:52.006994+00:00,72.300144,20486,41,0202aaa002d45006005a5811460e29efbf1ffffffc2246cd1e00000fc0007ebfe9ed0737feebfff600,1,TX 41 seq=16440 rx_latency=1ms tx_dur=1ms,16.172,
2730,10,725,2862613205,2026-07-14T15:25:52.106944+00:00,72.400091,20586,41,0202aaa002d5506a005a5811460e29efbf1ffffffc2246cd1e00000fc0007ebfe9ed0737feebfff600,1,TX 41 seq=16441 rx_latency=1ms tx_dur=1ms,17.946,
2730,10,726,2862613206,2026-07-14T15:25:52.206995+00:00,72.500143,20686,41,0202aaa002d650ce005a5811460e29efbf1ffffffc2246cd1e00000fc0007ebfe9ed0737feebfff600,1,TX 41 seq=16442 rx_latency=1ms tx_dur=1ms,19.634,
2730,10,727,2862613207,2026-07-14T15:25:52.306991+00:00,72.600145,20786,41,0202aaa002d75132005a5811460e29efbf1ffffffc2246cd1e00000fc0007ebfe9ed0737feebfff600,1,TX 41 seq=16443 rx_latency=1ms tx_dur=1ms,22.204,
2730,10,728,2862613208,2026-07-14T15:25:52.406994+00:00,72.700143,20886,41,0202aaa002d85196005a5811460e29efbf1ffffffc2246cd1e00000fc0007ebfe9ed0737feebfff600,1,TX 41 seq=16444 rx_latency=1ms tx_dur=1ms,23.998,
2730,10,729,2862613209,2026-07-14T15:25:52.506988+00:00,72.800132,20986,41,0202aaa002d951fa005a5811460e29efbf1ffffffc2246cd1e00000fc0007ebfe9ed0737feebfff600,1,TX 41 seq=16445 rx_latency=1ms tx_dur=1ms,15.766,
2730,10,730,2862613210,2026-07-14T15:25:52.606993+00:00,72.900143,21086,41,0202aaa002da525e005a5811460e29efbf1ffffffc2246cd1e00000fc0007ebfe9ed0737feebfff600,1,TX 41 seq=16446 rx_latency=1ms tx_dur=1ms,17.601,
2730,10,731,2862613211,2026-07-14T15:25:52.706986+00:00,73.000129,21186,41,0202aaa002db52c2005a5811460e29efbf1ffffffc2246cd1e00000fc0007ebfe9ed0737feebfff600,1,TX 41 seq=16447 rx_latency=1ms tx_dur=1ms,20.410,
2730,10,732,2862613212,2026-07-14T15:25:52.806994+00:00,73.100145,21286,41,0202aaa002dc5326005a5811460e29efbf1ffffffc2246cd1e00000fc0007ebfe9ed0737feebfff600,1,TX 41 seq=16448 rx_latency=1ms tx_dur=1ms,21.947,
2730,10,733,2862613213,2026-07-14T15:25:52.906985+00:00,73.200128,21386,41,0202aaa002dd538a005a5811460e29efbf1ffffffc2246cd1e00000fc0007ebfe9ed0737feebfff600,1,TX 41 seq=16449 rx_latency=1ms tx_dur=1ms,13.750,
2730,10,734,2862613214,2026-07-14T15:25:53.006993+00:00,73.300139,21486,41,0202aaa002de53ee005a5811460e29efbf1ffffffc2246cd1e00000fc0007ebfe9ed0737feebfff600,1,TX 41 seq=16450 rx_latency=1ms tx_dur=1ms,15.481,
2730,10,735,2862613215,2026-07-14T15:25:53.106985+00:00,73.400128,21586,41,0202aaa002df5452005a5811460e29efbf1ffffffc2246cd1e00000fc0007ebfe9ed0737feebfff600,1,TX 41 seq=16451 rx_latency=1ms tx_dur=1ms,18.270,
2730,10,736,2862613216,2026-07-14T15:25:53.206992+00:00,73.500141,21686,41,0202aaa002e054b6005a5811460e29efbf1ffffffc2246cd1e00000fc0007ebfe9ed0737feebfff600,1,TX 41 seq=16452 rx_latency=1ms tx_dur=1ms,19.793,
2730,10,737,2862613217,2026-07-14T15:25:53.306987+00:00,73.600140,21786,41,0202aaa002e1551a005a5811460e29efbf1ffffffc2246cd1e00000fc0007ebfe9ed0737feebfff600,1,TX 41 seq=16453 rx_latency=1ms tx_dur=1ms,22.580,
2730,10,738,2862613218,2026-07-14T15:25:53.406986+00:00,73.700132,21886,41,0202aaa002e2557e005a5811460e29efbf1ffffffc2246cd1e00000fc0007ebfe9ed0737feebfff600,1,TX 41 seq=16454 rx_latency=1ms tx_dur=1ms,14.401,
2730,10,739,2862613219,2026-07-14T15:25:53.506994+00:00,73.800143,21986,41,0202aaa002e355e2005a5811460e29efbf1ffffffc2246cd1e00000fc0007ebfe9ed0737feebfff600,1,TX 41 seq=16455 rx_latency=1ms tx_dur=1ms,16.124,
2730,10,740,2862613220,2026-07-14T15:25:53.606987+00:00,73.900133,22086,41,0202aaa002e45646005a5811460e29efbf1ffffffc2246cd1e00000fc0007ebfe9ed0737feebfff600,1,TX 41 seq=16456 rx_latency=1ms tx_dur=1ms,17.642,
2730,10,741,2862613221,2026-07-14T15:25:53.706993+00:00,74.000140,22186,41,0202aaa002e556aa005a5811460e29efbf1ffffffc2246cd1e00000fc0007ebfe9ed0737feebfff600,1,TX 41 seq=16457 rx_latency=1ms tx_dur=1ms,20.536,
2730,10,742,2862613222,2026-07-14T15:25:53.806987+00:00,74.100131,22286,41,0202aaa002e6570e005a5811460e29efbf1ffffffc2246cd1e00000fc0007ebfe9ed0737feebfff600,1,TX 41 seq=16458 rx_latency=1ms tx_dur=1ms,22.155,
2730,10,743,2862613223,2026-07-14T15:25:53.906992+00:00,74.200141,22386,41,0202aaa002e75772005a5811460e29efbf1ffffffc2246cd1e00000fc0007ebfe9ed0737feebfff600,1,TX 41 seq=16459 rx_latency=1ms tx_dur=1ms,24.021,
2730,10,744,2862613224,2026-07-14T15:25:54.006997+00:00,74.300159,22486,41,0202aaa002e857d6005a5811460e29efbf1ffffffc2246cd1e00000fc0007ebfe9ed0737feebfff600,1,TX 41 seq=16460 rx_latency=1ms tx_dur=1ms,16.521,
2730,10,745,2862613225,2026-07-14T15:25:54.106994+00:00,74.400145,22586,41,0202aaa002e9583a005a5811460e29efbf1ffffffc2246cd1e00000fc0007ebfe9ed0737feebfff600,1,TX 41 seq=16461 rx_latency=1ms tx_dur=1ms,18.286,
2730,10,746,2862613226,2026-07-14T15:25:54.206988+00:00,74.500135,22686,41,0202aaa002ea589e005a5811460e29efbf1ffffffc2246cd1e00000fc0007ebfe9ed0737feebfff600,1,TX 41 seq=16462 rx_latency=1ms tx_dur=1ms,19.990,
2730,10,747,2862613227,2026-07-14T15:25:54.306996+00:00,74.600149,22786,41,0202aaa002eb5902005a5811460e29efbf1ffffffc2246cd1e00000fc0007ebfe9ed0737feebfff600,1,TX 41 seq=16463 rx_latency=1ms tx_dur=1ms,21.740,
2730,10,748,2862613228,2026-07-14T15:25:54.406985+00:00,74.700128,22886,41,0202aaa002ec5966005a5811460e29efbf1ffffffc2246cd1e00000fc0007ebfe9ed0737feebfff600,1,TX 41 seq=16464 rx_latency=1ms tx_dur=1ms,14.449,
2730,10,749,2862613229,2026-07-14T15:25:54.506993+00:00,74.800141,22986,41,0202aaa002ed59ca005a5811460e29efbf1ffffffc2246cd1e00000fc0007ebfe9ed0737feebfff600,1,TX 41 seq=16465 rx_latency=1ms tx_dur=1ms,16.142,
2730,10,750,2862613230,2026-07-14T15:25:54.607001+00:00,74.900171,23086,41,0202aaa002ee5a2e005a5811460e29efbf1ffffffc2246cd1e00000fc0007ebfe9ed0737feebfff600,1,TX 41 seq=16466 rx_latency=1ms tx_dur=1ms,17.774,
2730,10,751,2862613231,2026-07-14T15:25:54.706995+00:00,75.000147,23186,41,0202aaa002ef5a92005a5811460e29efbf1ffffffc2246cd1e00000fc0007ebfe9ed0737feebfff600,1,TX 41 seq=16467 rx_latency=1ms tx_dur=1ms,19.581,
2730,10,752,2862613232,2026-07-14T15:25:54.806986+00:00,75.100130,23286,41,0202aaa002f05af6005a5811460e29efbf1ffffffc2246cd1e00000fc0007ebfe9ed0737feebfff600,1,TX 41 seq=16468 rx_latency=1ms tx_dur=1ms,22.195,
2730,10,753,2862613233,2026-07-14T15:25:54.906993+00:00,75.200139,23386,41,0202aaa002f15b5a005a5811460e29efbf1ffffffc2246cd1e00000fc0007ebfe9ed0737feebfff600,1,TX 41 seq=16469 rx_latency=1ms tx_dur=1ms,23.944,
2730,10,754,2862613234,2026-07-14T15:25:55.006986+00:00,75.300130,23486,41,0202aaa002f25bbe005a5811460e29efbf1ffffffc2246cd1e00000fc0007ebfe9ed0737feebfff600,1,TX 41 seq=16470 rx_latency=1ms tx_dur=1ms,15.723,
2730,10,755,2862613235,2026-07-14T15:25:55.106994+00:00,75.400145,23586,41,0202aaa002f35c22005a5811460e29efbf1ffffffc2246cd1e00000fc0007ebfe9ed0737feebfff600,1,TX 41 seq=16471 rx_latency=1ms tx_dur=1ms,18.563,
2730,10,756,2862613236,2026-07-14T15:25:55.206986+00:00,75.500132,23686,41,0202aaa002f45c86005a5811460e29efbf1ffffffc2246cd1e00000fc0007ebfe9ed0737feebfff600,1,TX 41 seq=16472 rx_latency=1ms tx_dur=1ms,20.366,
2730,10,757,2862613237,2026-07-14T15:25:55.306992+00:00,75.600140,23786,41,0202aaa002f55cea005a5811460e29efbf1ffffffc2246cd1e00000fc0007ebfe9ed0737feebfff600,1,TX 41 seq=16473 rx_latency=1ms tx_dur=1ms,21.908,
2730,10,758,2862613238,2026-07-14T15:25:55.406985+00:00,75.700127,23886,41,0202aaa002f65d4e005a5811460e29efbf1ffffffc2246cd1e00000fc0007ebfe9ed0737feebfff600,1,TX 41 seq=16474 rx_latency=1ms tx_dur=1ms,13.731,
2730,10,759,2862613239,2026-07-14T15:25:55.506994+00:00,75.800141,23986,41,0202aaa002f75db2005a5811460e29efbf1ffffffc2246cd1e00000fc0007ebfe9ed0737feebfff600,1,TX 41 seq=16475 rx_latency=1ms tx_dur=1ms,16.561,
2730,10,760,2862613240,2026-07-14T15:25:55.606997+00:00,75.900161,24086,41,0202aaa002f85e16005a5811460e29efbf1ffffffc2246cd1e00000fc0007ebfe9ed0737feebfff600,1,TX 41 seq=16476 rx_latency=1ms tx_dur=1ms,18.155,
2730,10,761,2862613241,2026-07-14T15:25:55.706983+00:00,76.000157,24186,41,0202aaa002f95e7a005a5811460e29efbf1ffffffc2246cd1e00000fc0007ebfe9ed0737feebfff600,1,TX 41 seq=16477 rx_latency=1ms tx_dur=1ms,19.648,
2730,10,762,2862613242,2026-07-14T15:25:55.806996+00:00,76.100148,24286,41,0202aaa002fa5ede005a5811460e29efbf1ffffffc2246cd1e00000fc0007ebfe9ed0737feebfff600,1,TX 41 seq=16478 rx_latency=1ms tx_dur=1ms,21.468,
2730,10,763,2862613243,2026-07-14T15:25:55.906988+00:00,76.200131,24386,41,0202aaa002fb5f42005a5811460e29efbf1ffffffc2246cd1e00000fc0007ebfe9ed0737feebfff600,1,TX 41 seq=16479 rx_latency=1ms tx_dur=1ms,14.360,
2730,10,764,2862613244,2026-07-14T15:25:56.006993+00:00,76.300141,24486,41,0202aaa002fc5fa6005a5811460e29efbf1ffffffc2246cd1e00000fc0007ebfe9ed0737feebfff600,1,TX 41 seq=16480 rx_latency=1ms tx_dur=1ms,16.072,
2730,10,765,2862613245,2026-07-14T15:25:56.106991+00:00,76.400139,24586,41,0202aaa002fd600a005a5811460e29efbf1ffffffc2246cd1e00000fc0007ebfe9ed0737feebfff600,1,TX 41 seq=16481 rx_latency=1ms tx_dur=1ms,17.573,
2730,10,766,2862613246,2026-07-14T15:25:56.206994+00:00,76.500144,24686,41,0202aaa002fe606e005a5811460e29efbf1ffffffc2246cd1e00000fc0007ebfe9ed0737feebfff600,1,TX 41 seq=16482 rx_latency=1ms tx_dur=1ms,20.451,
2730,10,767,2862613247,2026-07-14T15:25:56.306987+00:00,76.600131,24786,41,0202aaa002ff60d2005a5811460e29efbf1ffffffc2246cd1e00000fc0007ebfe9ed0737feebfff600,1,TX 41 seq=16483 rx_latency=1ms tx_dur=1ms,22.108,
2730,10,768,2862613248,2026-07-14T15:25:56.406992+00:00,76.700138,24886,41,0202aaa003006136005a5811460e29efbf1ffffffc2246cd1e00000fc0007ebfe9ed0737feebfff600,1,TX 41 seq=16484 rx_latency=1ms tx_dur=1ms,23.887,
2730,10,769,2862613249,2026-07-14T15:25:56.506985+00:00,76.800128,24986,41,0202aaa00301619a005a5811460e29efbf1ffffffc2246cd1e00000fc0007ebfe9ed0737feebfff600,1,TX 41 seq=16485 rx_latency=1ms tx_dur=1ms,16.579,
2730,10,770,2862613250,2026-07-14T15:25:56.606995+00:00,76.900144,25086,41,0202aaa0030261fe005a5811460e29efbf1ffffffc2246cd1e00000fc0007ebfe9ed0737feebfff600,1,TX 41 seq=16486 rx_latency=1ms tx_dur=1ms,18.267,
2730,10,771,2862613251,2026-07-14T15:25:56.706987+00:00,77.000130,25186,41,0202aaa003036262005a5811460e29efbf1ffffffc2246cd1e00000fc0007ebfe9ed0737feebfff600,1,TX 41 seq=16487 rx_latency=1ms tx_dur=1ms,19.975,
2730,10,772,2862613252,2026-07-14T15:25:56.806995+00:00,77.100152,25286,41,0202aaa0030462c6005a5811460e29efbf1ffffffc2246cd1e00000fc0007ebfe9ed0737feebfff600,1,TX 41 seq=16488 rx_latency=1ms tx_dur=1ms,21.660,
2730,10,773,2862613253,2026-07-14T15:25:56.906994+00:00,77.200146,25386,41,0202aaa00305632a005a5811460e29efbf1ffffffc2246cd1e00000fc0007ebfe9ed0737feebfff600,1,TX 41 seq=16489 rx_latency=1ms tx_dur=1ms,24.314,
2730,10,774,2862613254,2026-07-14T15:25:57.006986+00:00,77.300130,25486,41,0202aaa00306638e005a5811460e29efbf1ffffffc2246cd1e00000fc0007ebfe9ed0737feebfff600,1,TX 41 seq=16490 rx_latency=1ms tx_dur=1ms,16.103,
2730,10,775,2862613255,2026-07-14T15:25:57.106992+00:00,77.400141,25586,41,0202aaa0030763f2005a5811460e29efbf1ffffffc2246cd1e00000fc0007ebfe9ed0737feebfff600,1,TX 41 seq=16491 rx_latency=1ms tx_dur=1ms,17.826,
2730,10,776,2862613256,2026-07-14T15:25:57.206986+00:00,77.500130,25686,41,0202aaa003086456005a5811460e29efbf1ffffffc2246cd1e00000fc0007ebfe9ed0737feebfff600,1,TX 41 seq=16492 rx_latency=1ms tx_dur=1ms,19.659,
2730,10,777,2862613257,2026-07-14T15:25:57.306996+00:00,77.600149,25786,41,0202aaa0030964ba005a5811460e29efbf1ffffffc2246cd1e00000fc0007ebfe9ed0737feebfff600,1,TX 41 seq=16493 rx_latency=1ms tx_dur=1ms,22.546,
2730,10,778,2862613258,2026-07-14T15:25:57.406986+00:00,77.700129,25886,41,0202aaa0030a651e005a5811460e29efbf1ffffffc2246cd1e00000fc0007ebfe9ed0737feebfff600,1,TX 41 seq=16494 rx_latency=1ms tx_dur=1ms,14.096,
2730,10,779,2862613259,2026-07-14T15:25:57.506994+00:00,77.800142,25986,41,0202aaa0030b6582005a5811460e29efbf1ffffffc2246cd1e00000fc0007ebfe9ed0737feebfff600,1,TX 41 seq=16495 rx_latency=1ms tx_dur=1ms,15.781,
2730,10,780,2862613260,2026-07-14T15:25:57.606991+00:00,77.900139,26086,41,0202aaa0030c65e6005a5811460e29efbf1ffffffc2246cd1e00000fc0007ebfe9ed0737feebfff600,1,TX 41 seq=16496 rx_latency=1ms tx_dur=1ms,17.522,
2730,10,781,2862613261,2026-07-14T15:25:57.706987+00:00,78.000134,26186,41,0202aaa0030d664a005a5811460e29efbf1ffffffc2246cd1e00000fc0007ebfe9ed0737feebfff600,1,TX 41 seq=16497 rx_latency=1ms tx_dur=1ms,20.376,
2730,10,782,2862613262,2026-07-14T15:25:57.807030+00:00,78.100206,26287,41,0202aaa0030e66af005a5811460e29efbf1ffffffc2246cd1e00000fc0007ebfe9ed0737feebfff600,1,TX 41 seq=16498 rx_latency=1ms tx_dur=1ms,21.614,
2730,10,783,2862613263,2026-07-14T15:25:57.906994+00:00,78.200150,26386,41,0202aaa0030f6712005a5811460e29efbf1ffffffc2246cd1e00000fc0007ebfe9ed0737feebfff600,1,TX 41 seq=16499 rx_latency=1ms tx_dur=1ms,23.497,
2730,10,784,2862613264,2026-07-14T15:25:58.006988+00:00,78.300134,26486,41,0202aaa003106776005a5811460e29efbf1ffffffc2246cd1e00000fc0007ebfe9ed0737feebfff600,1,TX 41 seq=16500 rx_latency=1ms tx_dur=1ms,16.573,
2730,10,785,2862613265,2026-07-14T15:25:58.107001+00:00,78.400147,26586,41,0202aaa0031167da005a5811460e29efbf1ffffffc2246cd1e00000fc0007ebfe9ed0737feebfff600,1,TX 41 seq=16501 rx_latency=1ms tx_dur=1ms,18.096,
2730,10,786,2862613266,2026-07-14T15:25:58.206983+00:00,78.500124,26686,41,0202aaa00312683e005a5811460e29efbf1ffffffc2246cd1e00000fc0007ebfe9ed0737feebfff600,1,TX 41 seq=16502 rx_latency=1ms tx_dur=1ms,19.785,
2730,10,787,2862613267,2026-07-14T15:25:58.306994+00:00,78.600143,26786,41,0202aaa0031368a2005a5811460e29efbf1ffffffc2246cd1e00000fc0007ebfe9ed0737feebfff600,1,TX 41 seq=16503 rx_latency=1ms tx_dur=1ms,22.432,
2730,10,788,2862613268,2026-07-14T15:25:58.406988+00:00,78.700134,26886,41,0202aaa003146906005a5811460e29efbf1ffffffc2246cd1e00000fc0007ebfe9ed0737feebfff600,1,TX 41 seq=16504 rx_latency=1ms tx_dur=1ms,14.376,
2730,10,789,2862613269,2026-07-14T15:25:58.506992+00:00,78.800140,26986,41,0202aaa00315696a005a5811460e29efbf1ffffffc2246cd1e00000fc0007ebfe9ed0737feebfff600,1,TX 41 seq=16505 rx_latency=1ms tx_dur=1ms,16.035,
2730,10,790,2862613270,2026-07-14T15:25:58.606962+00:00,78.900109,27086,41,0202aaa0031669ce005a5811460e29efbf1ffffffc2246cd1e00000fc0007ebfe9ed0737feebfff600,1,TX 41 seq=16506 rx_latency=1ms tx_dur=1ms,17.512,
2730,10,791,2862613271,2026-07-14T15:25:58.706943+00:00,79.000087,27186,41,0202aaa003176a32005a5811460e29efbf1ffffffc2246cd1e00000fc0007ebfe9ed0737feebfff600,1,TX 41 seq=16507 rx_latency=1ms tx_dur=1ms,20.490,
2730,10,792,2862613272,2026-07-14T15:25:58.806982+00:00,79.100132,27286,41,0202aaa003186a96005a5811460e29efbf1ffffffc2246cd1e00000fc0007ebfe9ed0737feebfff600,1,TX 41 seq=16508 rx_latency=1ms tx_dur=1ms,22.367,
2730,10,793,2862613273,2026-07-14T15:25:58.906991+00:00,79.200142,27386,41,0202aaa003196afa005a5811460e29efbf1ffffffc2246cd1e00000fc0007ebfe9ed0737feebfff600,1,TX 41 seq=16509 rx_latency=1ms tx_dur=1ms,13.849,
2730,10,794,2862613274,2026-07-14T15:25:59.006985+00:00,79.300127,27486,41,0202aaa0031a6b5e005a5811460e29efbf1ffffffc2246cd1e00000fc0007ebfe9ed0737feebfff600,1,TX 41 seq=16510 rx_latency=1ms tx_dur=1ms,16.609,
2730,10,795,2862613275,2026-07-14T15:25:59.106999+00:00,79.400156,27586,41,0202aaa0031b6bc2005a5811460e29efbf1ffffffc2246cd1e00000fc0007ebfe9ed0737feebfff600,1,TX 41 seq=16511 rx_latency=1ms tx_dur=1ms,18.153,
2730,10,796,2862613276,2026-07-14T15:25:59.206987+00:00,79.500131,27686,41,0202aaa0031c6c26005a5811460e29efbf1ffffffc2246cd1e00000fc0007ebfe9ed0737feebfff600,1,TX 41 seq=16512 rx_latency=1ms tx_dur=1ms,19.991,
2730,10,797,2862613277,2026-07-14T15:25:59.306994+00:00,79.600144,27786,41,0202aaa0031d6c8a005a5811460e29efbf1ffffffc2246cd1e00000fc0007ebfe9ed0737feebfff600,1,TX 41 seq=16513 rx_latency=1ms tx_dur=1ms,21.614,
2730,10,798,2862613278,2026-07-14T15:25:59.406987+00:00,79.700135,27886,41,0202aaa0031e6cee005a5811460e29efbf1ffffffc2246cd1e00000fc0007ebfe9ed0737feebfff600,1,TX 41 seq=16514 rx_latency=1ms tx_dur=1ms,14.342,
2730,10,799,2862613279,2026-07-14T15:25:59.506992+00:00,79.800142,27986,41,0202aaa0031f6d52005a5811460e29efbf1ffffffc2246cd1e00000fc0007ebfe9ed0737feebfff600,1,TX 41 seq=16515 rx_latency=1ms tx_dur=1ms,16.065,
2730,10,800,2862613280,2026-07-14T15:25:59.606983+00:00,79.900126,28086,41,0202aaa003206db6005a5811460e29efbf1ffffffc2246cd1e00000fc0007ebfe9ed0737feebfff600,1,TX 41 seq=16516 rx_latency=1ms tx_dur=1ms,17.828,
2730,10,801,2862613281,2026-07-14T15:25:59.707005+00:00,80.000173,28186,41,0202aaa003216e1a005a5811460e29efbf1ffffffc2246cd1e00000fc0007ebfe9ed0737feebfff600,1,TX 41 seq=16517 rx_latency=1ms tx_dur=1ms,19.414,
2730,10,802,2862613282,2026-07-14T15:25:59.806987+00:00,80.100135,28286,41,0202aaa003226e7e005a5811460e29efbf1ffffffc2246cd1e00000fc0007ebfe9ed0737feebfff600,1,TX 41 seq=16518 rx_latency=1ms tx_dur=1ms,22.157,
2730,10,803,2862613283,2026-07-14T15:25:59.906993+00:00,80.200145,28386,41,0202aaa003236ee2005a5811460e29efbf1ffffffc2246cd1e00000fc0007ebfe9ed0737feebfff600,1,TX 41 seq=16519 rx_latency=1ms tx_dur=1ms,23.824,
2730,10,804,2862613284,2026-07-14T15:26:00.006984+00:00,80.300129,28486,41,0202aaa003246f46005a5811460e29efbf1ffffffc2246cd1e00000fc0007ebfe9ed0737feebfff600,1,TX 41 seq=16520 rx_latency=1ms tx_dur=1ms,15.630,
2730,10,805,2862613285,2026-07-14T15:26:00.107003+00:00,80.400168,28586,41,0202aaa003256faa005a5811460e29efbf1ffffffc2246cd1e00000fc0007ebfe9ed0737feebfff600,1,TX 41 seq=16521 rx_latency=1ms tx_dur=1ms,18.421,
2730,10,806,2862613286,2026-07-14T15:26:00.206955+00:00,80.500100,28686,41,0202aaa00326700e005a5811460e29efbf1ffffffc2246cd1e00000fc0007ebfe9ed0737feebfff600,1,TX 41 seq=16522 rx_latency=1ms tx_dur=1ms,20.014,
2730,10,807,2862613287,2026-07-14T15:26:00.306994+00:00,80.600146,28786,41,0202aaa003277072005a5811460e29efbf1ffffffc2246cd1e00000fc0007ebfe9ed0737feebfff600,1,TX 41 seq=16523 rx_latency=1ms tx_dur=1ms,21.682,
2730,10,808,2862613288,2026-07-14T15:26:00.406985+00:00,80.700129,28886,41,0202aaa0032870d6005a5811460e29efbf1ffffffc2246cd1e00000fc0007ebfe9ed0737feebfff600,1,TX 41 seq=16524 rx_latency=1ms tx_dur=1ms,14.583,
2730,10,809,2862613289,2026-07-14T15:26:00.506986+00:00,80.800149,28986,41,0202aaa00329713a005a5811460e29efbf1ffffffc2246cd1e00000fc0007ebfe9ed0737feebfff600,1,TX 41 seq=16525 rx_latency=1ms tx_dur=1ms,16.248,
2730,10,810,2862613290,2026-07-14T15:26:00.606986+00:00,80.900135,29086,41,0202aaa0032a719e005a5811460e29efbf1ffffffc2246cd1e00000fc0007ebfe9ed0737feebfff600,1,TX 41 seq=16526 rx_latency=1ms tx_dur=1ms,17.811,
2730,10,811,2862613291,2026-07-14T15:26:00.706992+00:00,81.000142,29186,41,0202aaa0032b7202005a5811460e29efbf1ffffffc2246cd1e00000fc0007ebfe9ed0737feebfff600,1,TX 41 seq=16527 rx_latency=1ms tx_dur=1ms,19.531,
2730,10,812,2862613292,2026-07-14T15:26:00.806924+00:00,81.100068,29286,41,0202aaa0032c7266005a5811460e29efbf1ffffffc2246cd1e00000fc0007ebfe9ed0737feebfff600,1,TX 41 seq=16528 rx_latency=1ms tx_dur=1ms,22.418,
2730,10,813,2862613293,2026-07-14T15:26:00.907007+00:00,81.200184,29386,41,0202aaa0032d72ca005a5811460e29efbf1ffffffc2246cd1e00000fc0007ebfe9ed0737feebfff600,1,TX 41 seq=16529 rx_latency=1ms tx_dur=1ms,24.005,
2730,10,814,2862613294,2026-07-14T15:26:01.006990+00:00,81.300141,29486,41,0202aaa0032e732e005a5811460e29efbf1ffffffc2246cd1e00000fc0007ebfe9ed0737feebfff600,1,TX 41 seq=16530 rx_latency=1ms tx_dur=1ms,15.831,
2730,10,815,2862613295,2026-07-14T15:26:01.106997+00:00,81.400157,29586,41,0202aaa0032f7392005a5811460e29efbf1ffffffc2246cd1e00000fc0007ebfe9ed0737feebfff600,1,TX 41 seq=16531 rx_latency=1ms tx_dur=1ms,18.414,
2730,10,816,2862613296,2026-07-14T15:26:01.206917+00:00,81.500065,29686,41,0202aaa0033073f6005a5811460e29efbf1ffffffc2246cd1e00000fc0007ebfe9ed0737feebfff600,1,TX 41 seq=16532 rx_latency=1ms tx_dur=1ms,20.247,
2730,10,817,2862613297,2026-07-14T15:26:01.306994+00:00,81.600145,29786,41,0202aaa00331745a005a5811460e29efbf1ffffffc2246cd1e00000fc0007ebfe9ed0737feebfff600,1,TX 41 seq=16533 rx_latency=1ms tx_dur=1ms,21.919,
2730,10,818,2862613298,2026-07-14T15:26:01.406987+00:00,81.700132,29886,41,0202aaa0033274be005a5811460e29efbf1ffffffc2246cd1e00000fc0007ebfe9ed0737feebfff600,1,TX 41 seq=16534 rx_latency=1ms tx_dur=1ms,13.708,
2730,10,819,2862613299,2026-07-14T15:26:01.506997+00:00,81.800150,29986,41,0202aaa003337522005a5811460e29efbf1ffffffc2246cd1e00000fc0007ebfe9ed0737feebfff600,1,TX 41 seq=16535 rx_latency=1ms tx_dur=1ms,16.294,
2730,10,820,2862613300,2026-07-14T15:26:01.606988+00:00,81.900135,30086,41,0202aaa003347586005a5811460e29efbf1ffffffc2246cd1e00000fc0007ebfe9ed0737feebfff600,1,TX 41 seq=16536 rx_latency=1ms tx_dur=1ms,18.031,
2730,10,821,2862613301,2026-07-14T15:26:01.706958+00:00,82.000137,30186,41,0202aaa0033575ea005a5811460e29efbf1ffffffc2246cd1e00000fc0007ebfe9ed0737feebfff600,1,TX 41 seq=16537 rx_latency=1ms tx_dur=1ms,19.712,
2730,10,822,2862613302,2026-07-14T15:26:01.806991+00:00,82.100143,30286,41,0202aaa00336764e005a5811460e29efbf1ffffffc2246cd1e00000fc0007ebfe9ed0737feebfff600,1,TX 41 seq=16538 rx_latency=1ms tx_dur=1ms,22.541,
2730,10,823,2862613303,2026-07-14T15:26:01.906941+00:00,82.200101,30386,41,0202aaa0033776b2005a5811460e29efbf1ffffffc2246cd1e00000fc0007ebfe9ed0737feebfff600,1,TX 41 seq=16539 rx_latency=1ms tx_dur=1ms,24.140,
2730,10,824,2862613304,2026-07-14T15:26:02.006987+00:00,82.300133,30486,41,0202aaa003387716005a5811460e29efbf1ffffffc2246cd1e00000fc0007ebfe9ed0737feebfff600,1,TX 41 seq=16540 rx_latency=1ms tx_dur=1ms,15.917,
2730,10,825,2862613305,2026-07-14T15:26:02.106996+00:00,82.400150,30586,41,0202aaa00339777a005a5811460e29efbf1ffffffc2246cd1e00000fc0007ebfe9ed0737feebfff600,1,TX 41 seq=16541 rx_latency=1ms tx_dur=1ms,17.617,
2730,10,826,2862613306,2026-07-14T15:26:02.206986+00:00,82.500131,30686,41,0202aaa0033a77de005a5811460e29efbf1ffffffc2246cd1e00000fc0007ebfe9ed0737feebfff600,1,TX 41 seq=16542 rx_latency=1ms tx_dur=1ms,20.418,
2730,10,827,2862613307,2026-07-14T15:26:02.306948+00:00,82.600096,30786,41,0202aaa0033b7842005a5811460e29efbf1ffffffc2246cd1e00000fc0007ebfe9ed0737feebfff600,1,TX 41 seq=16543 rx_latency=1ms tx_dur=1ms,22.067,
2730,10,828,2862613308,2026-07-14T15:26:02.406993+00:00,82.700151,30886,41,0202aaa0033c78a6005a5811460e29efbf1ffffffc2246cd1e00000fc0007ebfe9ed0737feebfff600,1,TX 41 seq=16544 rx_latency=1ms tx_dur=1ms,13.690,
2730,10,829,2862613309,2026-07-14T15:26:02.506993+00:00,82.800144,30986,41,0202aaa0033d790a005a5811460e29efbf1ffffffc2246cd1e00000fc0007ebfe9ed0737feebfff600,1,TX 41 seq=16545 rx_latency=1ms tx_dur=1ms,16.583,
2730,10,830,2862613310,2026-07-14T15:26:02.606985+00:00,82.900128,31086,41,0202aaa0033e796e005a5811460e29efbf1ffffffc2246cd1e00000fc0007ebfe9ed0737feebfff600,1,TX 41 seq=16546 rx_latency=1ms tx_dur=1ms,18.281,
2730,10,831,2862613311,2026-07-14T15:26:02.706918+00:00,83.000065,31186,41,0202aaa0033f79d2005a5811460e29efbf1ffffffc2246cd1e00000fc0007ebfe9ed0737feebfff600,1,TX 41 seq=16547 rx_latency=1ms tx_dur=1ms,19.874,
2730,10,832,2862613312,2026-07-14T15:26:02.806986+00:00,83.100129,31286,41,0202aaa003407a36005a5811460e29efbf1ffffffc2246cd1e00000fc0007ebfe9ed0737feebfff600,1,TX 41 seq=16548 rx_latency=1ms tx_dur=1ms,22.635,
2730,10,833,2862613313,2026-07-14T15:26:02.906966+00:00,83.200117,31386,41,0202aaa003417a9a005a5811460e29efbf1ffffffc2246cd1e00000fc0007ebfe9ed0737feebfff600,1,TX 41 seq=16549 rx_latency=1ms tx_dur=1ms,14.403,
2730,10,834,2862613314,2026-07-14T15:26:03.006995+00:00,83.300152,31486,41,0202aaa003427afe005a5811460e29efbf1ffffffc2246cd1e00000fc0007ebfe9ed0737feebfff600,1,TX 41 seq=16550 rx_latency=1ms tx_dur=1ms,16.070,
2730,10,835,2862613315,2026-07-14T15:26:03.106986+00:00,83.400130,31586,41,0202aaa003437b62005a5811460e29efbf1ffffffc2246cd1e00000fc0007ebfe9ed0737feebfff600,1,TX 41 seq=16551 rx_latency=1ms tx_dur=1ms,17.635,
2730,10,836,2862613316,2026-07-14T15:26:03.206990+00:00,83.500139,31686,41,0202aaa003447bc6005a5811460e29efbf1ffffffc2246cd1e00000fc0007ebfe9ed0737feebfff600,1,TX 41 seq=16552 rx_latency=1ms tx_dur=1ms,20.523,
2730,10,837,2862613317,2026-07-14T15:26:03.306919+00:00,83.600063,31786,41,0202aaa003457c2a005a5811460e29efbf1ffffffc2246cd1e00000fc0007ebfe9ed0737feebfff600,1,TX 41 seq=16553 rx_latency=1ms tx_dur=1ms,22.228,
2730,10,838,2862613318,2026-07-14T15:26:03.406993+00:00,83.700145,31886,41,0202aaa003467c8e005a5811460e29efbf1ffffffc2246cd1e00000fc0007ebfe9ed0737feebfff600,1,TX 41 seq=16554 rx_latency=1ms tx_dur=1ms,13.943,
2730,10,839,2862613319,2026-07-14T15:26:03.506995+00:00,83.800146,31986,41,0202aaa003477cf2005a5811460e29efbf1ffffffc2246cd1e00000fc0007ebfe9ed0737feebfff600,1,TX 41 seq=16555 rx_latency=1ms tx_dur=1ms,16.595,
2730,10,840,2862613320,2026-07-14T15:26:03.606984+00:00,83.900126,32086,41,0202aaa003487d56005a5811460e29efbf1ffffffc2246cd1e00000fc0007ebfe9ed0737feebfff600,1,TX 41 seq=16556 rx_latency=1ms tx_dur=1ms,18.314,
2730,10,841,2862613321,2026-07-14T15:26:03.706994+00:00,84.000149,32186,41,0202aaa003497dba005a5811460e29efbf1ffffffc2246cd1e00000fc0007ebfe9ed0737feebfff600,1,TX 41 seq=16557 rx_latency=1ms tx_dur=1ms,20.016,
2730,10,842,2862613322,2026-07-14T15:26:03.806986+00:00,84.100131,32286,41,0202aaa0034a7e1e005a5811460e29efbf1ffffffc2246cd1e00000fc0007ebfe9ed0737feebfff600,1,TX 41 seq=16558 rx_latency=1ms tx_dur=1ms,21.736,
2730,10,843,2862613323,2026-07-14T15:26:03.906999+00:00,84.200158,32386,41,0202aaa0034b7e82005a5811460e29efbf1ffffffc2246cd1e00000fc0007ebfe9ed0737feebfff600,1,TX 41 seq=16559 rx_latency=1ms tx_dur=1ms,24.352,
2730,10,844,2862613324,2026-07-14T15:26:04.006986+00:00,84.300130,32486,41,0202aaa0034c7ee6005a5811460e29efbf1ffffffc2246cd1e00000fc0007ebfe9ed0737feebfff600,1,TX 41 seq=16560 rx_latency=1ms tx_dur=1ms,16.162,
2730,10,845,2862613325,2026-07-14T15:26:04.106919+00:00,84.400066,32586,41,0202aaa0034d7f4a005a5811460e29efbf1ffffffc2246cd1e00000fc0007ebfe9ed0737feebfff600,1,TX 41 seq=16561 rx_latency=1ms tx_dur=1ms,17.948,
2730,10,846,2862613326,2026-07-14T15:26:04.206985+00:00,84.500132,32686,41,0202aaa0034e7fae005a5811460e29efbf1ffffffc2246cd1e00000fc0007ebfe9ed0737feebfff600,1,TX 41 seq=16562 rx_latency=1ms tx_dur=1ms,20.624,
2730,10,847,2862613327,2026-07-14T15:26:04.306994+00:00,84.600144,32786,41,0202aaa0034f8012005a5811460e29efbf1ffffffc2246cd1e00000fc0007ebfe9ed0737feebfff600,1,TX 41 seq=16563 rx_latency=1ms tx_dur=1ms,22.217,
2730,10,848,2862613328,2026-07-14T15:26:04.406986+00:00,84.700132,32886,41,0202aaa003508076005a5811460e29efbf1ffffffc2246cd1e00000fc0007ebfe9ed0737feebfff600,1,TX 41 seq=16564 rx_latency=1ms tx_dur=1ms,14.005,
2730,10,849,2862613329,2026-07-14T15:26:04.506993+00:00,84.800142,32986,41,0202aaa0035180da005a5811460e29efbf1ffffffc2246cd1e00000fc0007ebfe9ed0737feebfff600,1,TX 41 seq=16565 rx_latency=1ms tx_dur=1ms,15.717,
2730,10,850,2862613330,2026-07-14T15:26:04.606996+00:00,84.900156,33086,41,0202aaa00352813e005a5811460e29efbf1ffffffc2246cd1e00000fc0007ebfe9ed0737feebfff600,1,TX 41 seq=16566 rx_latency=1ms tx_dur=1ms,18.471,
2730,10,851,2862613331,2026-07-14T15:26:04.706922+00:00,85.000073,33186,41,0202aaa0035381a2005a5811460e29efbf1ffffffc2246cd1e00000fc0007ebfe9ed0737feebfff600,1,TX 41 seq=16567 rx_latency=1ms tx_dur=1ms,20.403,
2730,10,852,2862613332,2026-07-14T15:26:04.806993+00:00,85.100141,33286,41,0202aaa003548206005a5811460e29efbf1ffffffc2246cd1e00000fc0007ebfe9ed0737feebfff600,1,TX 41 seq=16568 rx_latency=1ms tx_dur=1ms,21.913,
2730,10,853,2862613333,2026-07-14T15:26:04.906986+00:00,85.200130,33386,41,0202aaa00355826a005a5811460e29efbf1ffffffc2246cd1e00000fc0007ebfe9ed0737feebfff600,1,TX 41 seq=16569 rx_latency=1ms tx_dur=1ms,13.731,
2730,10,854,2862613334,2026-07-14T15:26:05.006991+00:00,85.300140,33486,41,0202aaa0035682ce005a5811460e29efbf1ffffffc2246cd1e00000fc0007ebfe9ed0737feebfff600,1,TX 41 seq=16570 rx_latency=1ms tx_dur=1ms,16.555,
2730,10,855,2862613335,2026-07-14T15:26:05.106987+00:00,85.400133,33586,41,0202aaa003578332005a5811460e29efbf1ffffffc2246cd1e00000fc0007ebfe9ed0737feebfff600,1,TX 41 seq=16571 rx_latency=1ms tx_dur=1ms,18.223,
2730,10,856,2862613336,2026-07-14T15:26:05.206992+00:00,85.500139,33686,41,0202aaa003588396005a5811460e29efbf1ffffffc2246cd1e00000fc0007ebfe9ed0737feebfff600,1,TX 41 seq=16572 rx_latency=1ms tx_dur=1ms,19.752,
2730,10,857,2862613337,2026-07-14T15:26:05.306985+00:00,85.600128,33786,41,0202aaa0035983fa005a5811460e29efbf1ffffffc2246cd1e00000fc0007ebfe9ed0737feebfff600,1,TX 41 seq=16573 rx_latency=1ms tx_dur=1ms,22.556,
2730,10,858,2862613338,2026-07-14T15:26:05.406992+00:00,85.700141,33886,41,0202aaa0035a845e005a5811460e29efbf1ffffffc2246cd1e00000fc0007ebfe9ed0737feebfff600,1,TX 41 seq=16574 rx_latency=1ms tx_dur=1ms,14.341,
2730,10,859,2862613339,2026-07-14T15:26:05.506989+00:00,85.800136,33986,41,0202aaa0035b84c2005a5811460e29efbf1ffffffc2246cd1e00000fc0007ebfe9ed0737feebfff600,1,TX 41 seq=16575 rx_latency=1ms tx_dur=1ms,16.076,
2730,10,860,2862613340,2026-07-14T15:26:05.606992+00:00,85.900140,34086,41,0202aaa0035c8526005a5811460e29efbf1ffffffc2246cd1e00000fc0007ebfe9ed0737feebfff600,1,TX 41 seq=16576 rx_latency=1ms tx_dur=1ms,17.593,
2730,10,861,2862613341,2026-07-14T15:26:05.706986+00:00,86.000128,34186,41,0202aaa0035d858a005a5811460e29efbf1ffffffc2246cd1e00000fc0007ebfe9ed0737feebfff600,1,TX 41 seq=16577 rx_latency=1ms tx_dur=1ms,20.411,
2730,10,862,2862613342,2026-07-14T15:26:05.806992+00:00,86.100138,34286,41,0202aaa0035e85ee005a5811460e29efbf1ffffffc2246cd1e00000fc0007ebfe9ed0737feebfff600,1,TX 41 seq=16578 rx_latency=1ms tx_dur=1ms,22.162,
2730,10,863,2862613343,2026-07-14T15:26:05.906985+00:00,86.200127,34386,41,0202aaa0035f8652005a5811460e29efbf1ffffffc2246cd1e00000fc0007ebfe9ed0737feebfff600,1,TX 41 seq=16579 rx_latency=1ms tx_dur=1ms,13.941,
2730,10,864,2862613344,2026-07-14T15:26:06.006991+00:00,86.300139,34486,41,0202aaa0036086b6005a5811460e29efbf1ffffffc2246cd1e00000fc0007ebfe9ed0737feebfff600,1,TX 41 seq=16580 rx_latency=1ms tx_dur=1ms,16.589,
2730,10,865,2862613345,2026-07-14T15:26:06.106985+00:00,86.400127,34586,41,0202aaa00361871a005a5811460e29efbf1ffffffc2246cd1e00000fc0007ebfe9ed0737feebfff600,1,TX 41 seq=16581 rx_latency=1ms tx_dur=1ms,18.277,
2730,10,866,2862613346,2026-07-14T15:26:06.206992+00:00,86.500138,34686,41,0202aaa00362877e005a5811460e29efbf1ffffffc2246cd1e00000fc0007ebfe9ed0737feebfff600,1,TX 41 seq=16582 rx_latency=1ms tx_dur=1ms,20.008,
2730,10,867,2862613347,2026-07-14T15:26:06.306985+00:00,86.600126,34786,41,0202aaa0036387e2005a5811460e29efbf1ffffffc2246cd1e00000fc0007ebfe9ed0737feebfff600,1,TX 41 seq=16583 rx_latency=1ms tx_dur=1ms,21.719,
2730,10,868,2862613348,2026-07-14T15:26:06.406992+00:00,86.700138,34886,41,0202aaa003648846005a5811460e29efbf1ffffffc2246cd1e00000fc0007ebfe9ed0737feebfff600,1,TX 41 seq=16584 rx_latency=1ms tx_dur=1ms,14.402,
2730,10,869,2862613349,2026-07-14T15:26:06.506981+00:00,86.800126,34986,41,0202aaa0036588aa005a5811460e29efbf1ffffffc2246cd1e00000fc0007ebfe9ed0737feebfff600,1,TX 41 seq=16585 rx_latency=1ms tx_dur=1ms,16.116,
2730,10,870,2862613350,2026-07-14T15:26:06.606993+00:00,86.900141,35086,41,0202aaa00366890e005a5811460e29efbf1ffffffc2246cd1e00000fc0007ebfe9ed0737feebfff600,1,TX 41 seq=16586 rx_latency=1ms tx_dur=1ms,17.964,
2730,10,871,2862613351,2026-07-14T15:26:06.706995+00:00,87.000152,35186,41,0202aaa003678972005a5811460e29efbf1ffffffc2246cd1e00000fc0007ebfe9ed0737feebfff600,1,TX 41 seq=16587 rx_latency=1ms tx_dur=1ms,19.517,
2730,10,872,2862613352,2026-07-14T15:26:06.806987+00:00,87.100134,35286,41,0202aaa0036889d6005a5811460e29efbf1ffffffc2246cd1e00000fc0007ebfe9ed0737feebfff600,1,TX 41 seq=16588 rx_latency=1ms tx_dur=1ms,22.245,
2730,10,873,2862613353,2026-07-14T15:26:06.906998+00:00,87.200160,35386,41,0202aaa003698a3a005a5811460e29efbf1ffffffc2246cd1e00000fc0007ebfe9ed0737feebfff600,1,TX 41 seq=16589 rx_latency=1ms tx_dur=1ms,23.747,
2730,10,874,2862613354,2026-07-14T15:26:07.006996+00:00,87.300149,35486,41,0202aaa0036a8a9e005a5811460e29efbf1ffffffc2246cd1e00000fc0007ebfe9ed0737feebfff600,1,TX 41 seq=16590 rx_latency=1ms tx_dur=1ms,15.637,
2730,10,875,2862613355,2026-07-14T15:26:07.106985+00:00,87.400130,35586,41,0202aaa0036b8b02005a5811460e29efbf1ffffffc2246cd1e00000fc0007ebfe9ed0737feebfff600,1,TX 41 seq=16591 rx_latency=1ms tx_dur=1ms,18.697,
2730,10,876,2862613356,2026-07-14T15:26:07.206987+00:00,87.500136,35686,41,0202aaa0036c8b66005a5811460e29efbf1ffffffc2246cd1e00000fc0007ebfe9ed0737feebfff600,1,TX 41 seq=16592 rx_latency=1ms tx_dur=1ms,20.311,
2730,10,877,2862613357,2026-07-14T15:26:07.306993+00:00,87.600144,35786,41,0202aaa0036d8bca005a5811460e29efbf1ffffffc2246cd1e00000fc0007ebfe9ed0737feebfff600,1,TX 41 seq=16593 rx_latency=1ms tx_dur=1ms,21.877,
2730,10,878,2862613358,2026-07-14T15:26:07.406986+00:00,87.700128,35886,41,0202aaa0036e8c2e005a5811460e29efbf1ffffffc2246cd1e00000fc0007ebfe9ed0737feebfff600,1,TX 41 seq=16594 rx_latency=1ms tx_dur=1ms,13.664,
2730,10,879,2862613359,2026-07-14T15:26:07.506992+00:00,87.800142,35986,41,0202aaa0036f8c92005a5811460e29efbf1ffffffc2246cd1e00000fc0007ebfe9ed0737feebfff600,1,TX 41 seq=16595 rx_latency=1ms tx_dur=1ms,16.488,
2730,10,880,2862613360,2026-07-14T15:26:07.606986+00:00,87.900131,36086,41,0202aaa003708cf6005a5811460e29efbf1ffffffc2246cd1e00000fc0007ebfe9ed0737feebfff600,1,TX 41 seq=16596 rx_latency=1ms tx_dur=1ms,18.224,
2730,10,881,2862613361,2026-07-14T15:26:07.706946+00:00,88.000118,36186,41,0202aaa003718d5a005a5811460e29efbf1ffffffc2246cd1e00000fc0007ebfe9ed0737feebfff600,1,TX 41 seq=16597 rx_latency=1ms tx_dur=1ms,19.640,
2730,10,882,2862613362,2026-07-14T15:26:07.806995+00:00,88.100148,36286,41,0202aaa003728dbe005a5811460e29efbf1ffffffc2246cd1e00000fc0007ebfe9ed0737feebfff600,1,TX 41 seq=16598 rx_latency=1ms tx_dur=1ms,22.579,
2730,10,883,2862613363,2026-07-14T15:26:07.906916+00:00,88.200059,36386,41,0202aaa003738e22005a5811460e29efbf1ffffffc2246cd1e00000fc0007ebfe9ed0737feebfff600,1,TX 41 seq=16599 rx_latency=1ms tx_dur=1ms,14.397,
2730,10,884,2862613364,2026-07-14T15:26:08.006994+00:00,88.300143,36486,41,0202aaa003748e86005a5811460e29efbf1ffffffc2246cd1e00000fc0007ebfe9ed0737feebfff600,1,TX 41 seq=16600 rx_latency=1ms tx_dur=1ms,16.025,
2730,10,885,2862613365,2026-07-14T15:26:08.106985+00:00,88.400127,36586,41,0202aaa003758eea005a5811460e29efbf1ffffffc2246cd1e00000fc0007ebfe9ed0737feebfff600,1,TX 41 seq=16601 rx_latency=1ms tx_dur=1ms,18.689,
2730,10,886,2862613366,2026-07-14T15:26:08.206997+00:00,88.500148,36686,41,0202aaa003768f4e005a5811460e29efbf1ffffffc2246cd1e00000fc0007ebfe9ed0737feebfff600,1,TX 41 seq=16602 rx_latency=1ms tx_dur=1ms,20.362,
2730,10,887,2862613367,2026-07-14T15:26:08.306985+00:00,88.600129,36786,41,0202aaa003778fb2005a5811460e29efbf1ffffffc2246cd1e00000fc0007ebfe9ed0737feebfff600,1,TX 41 seq=16603 rx_latency=1ms tx_dur=1ms,22.097,
2730,10,888,2862613368,2026-07-14T15:26:08.406992+00:00,88.700139,36886,41,0202aaa003789016005a5811460e29efbf1ffffffc2246cd1e00000fc0007ebfe9ed0737feebfff600,1,TX 41 seq=16604 rx_latency=1ms tx_dur=1ms,13.882,
2730,10,889,2862613369,2026-07-14T15:26:08.506987+00:00,88.800135,36986,41,0202aaa00379907a005a5811460e29efbf1ffffffc2246cd1e00000fc0007ebfe9ed0737feebfff600,1,TX 41 seq=16605 rx_latency=1ms tx_dur=1ms,16.531,
2730,10,890,2862613370,2026-07-14T15:26:08.606994+00:00,88.900143,37086,41,0202aaa0037a90de005a5811460e29efbf1ffffffc2246cd1e00000fc0007ebfe9ed0737feebfff600,1,TX 41 seq=16606 rx_latency=1ms tx_dur=1ms,18.216,
2730,10,891,2862613371,2026-07-14T15:26:08.706985+00:00,89.000128,37186,41,0202aaa0037b9142005a5811460e29efbf1ffffffc2246cd1e00000fc0007ebfe9ed0737feebfff600,1,TX 41 seq=16607 rx_latency=1ms tx_dur=1ms,19.932,
2730,10,892,2862613372,2026-07-14T15:26:08.806993+00:00,89.100140,37286,41,0202aaa0037c91a6005a5811460e29efbf1ffffffc2246cd1e00000fc0007ebfe9ed0737feebfff600,1,TX 41 seq=16608 rx_latency=1ms tx_dur=1ms,21.686,
2730,10,893,2862613373,2026-07-14T15:26:08.906997+00:00,89.200155,37386,41,0202aaa0037d920a005a5811460e29efbf1ffffffc2246cd1e00000fc0007ebfe9ed0737feebfff600,1,TX 41 seq=16609 rx_latency=1ms tx_dur=1ms,14.300,
2730,10,894,2862613374,2026-07-14T15:26:09.006995+00:00,89.300146,37486,41,0202aaa0037e926e005a5811460e29efbf1ffffffc2246cd1e00000fc0007ebfe9ed0737feebfff600,1,TX 41 seq=16610 rx_latency=1ms tx_dur=1ms,16.041,
2730,10,895,2862613375,2026-07-14T15:26:09.106993+00:00,89.400140,37586,41,0202aaa0037f92d2005a5811460e29efbf1ffffffc2246cd1e00000fc0007ebfe9ed0737feebfff600,1,TX 41 seq=16611 rx_latency=1ms tx_dur=1ms,17.785,
2730,10,896,2862613376,2026-07-14T15:26:09.206985+00:00,89.500129,37686,41,0202aaa003809336005a5811460e29efbf1ffffffc2246cd1e00000fc0007ebfe9ed0737feebfff600,1,TX 41 seq=16612 rx_latency=1ms tx_dur=1ms,20.624,
2730,10,897,2862613377,2026-07-14T15:26:09.306991+00:00,89.600139,37786,41,0202aaa00381939a005a5811460e29efbf1ffffffc2246cd1e00000fc0007ebfe9ed0737feebfff600,1,TX 41 seq=16613 rx_latency=1ms tx_dur=1ms,22.137,
2730,10,898,2862613378,2026-07-14T15:26:09.406987+00:00,89.700136,37886,41,0202aaa0038293fe005a5811460e29efbf1ffffffc2246cd1e00000fc0007ebfe9ed0737feebfff600,1,TX 41 seq=16614 rx_latency=1ms tx_dur=1ms,13.910,
2730,10,899,2862613379,2026-07-14T15:26:09.506995+00:00,89.800144,37986,41,0202aaa003839462005a5811460e29efbf1ffffffc2246cd1e00000fc0007ebfe9ed0737feebfff600,1,TX 41 seq=16615 rx_latency=1ms tx_dur=1ms,15.613,
2730,10,900,2862613380,2026-07-14T15:26:09.606986+00:00,89.900130,38086,41,0202aaa0038494c6005a5811460e29efbf1ffffffc2246cd1e00000fc0007ebfe9ed0737feebfff600,1,TX 41 seq=16616 rx_latency=1ms tx_dur=1ms,18.565,
2730,10,901,2862613381,2026-07-14T15:26:09.706992+00:00,90.000147,38186,41,0202aaa00385952a005a5811460e29efbf1ffffffc2246cd1e00000fc0007ebfe9ed0737feebfff600,1,TX 41 seq=16617 rx_latency=1ms tx_dur=1ms,20.356,
2730,10,902,2862613382,2026-07-14T15:26:09.806987+00:00,90.100133,38286,41,0202aaa00386958e005a5811460e29efbf1ffffffc2246cd1e00000fc0007ebfe9ed0737feebfff600,1,TX 41 seq=16618 rx_latency=1ms tx_dur=1ms,21.908,
2730,10,903,2862613383,2026-07-14T15:26:09.907005+00:00,90.200173,38386,41,0202aaa0038795f2005a5811460e29efbf1ffffffc2246cd1e00000fc0007ebfe9ed0737feebfff600,1,TX 41 seq=16619 rx_latency=1ms tx_dur=1ms,23.543,
2730,10,904,2862613384,2026-07-14T15:26:10.006996+00:00,90.300149,38486,41,0202aaa003889656005a5811460e29efbf1ffffffc2246cd1e00000fc0007ebfe9ed0737feebfff600,1,TX 41 seq=16620 rx_latency=1ms tx_dur=1ms,16.531,
2730,10,905,2862613385,2026-07-14T15:26:10.106992+00:00,90.400141,38586,41,0202aaa0038996ba005a5811460e29efbf1ffffffc2246cd1e00000fc0007ebfe9ed0737feebfff600,1,TX 41 seq=16621 rx_latency=1ms tx_dur=1ms,18.271,
2730,10,906,2862613386,2026-07-14T15:26:10.206987+00:00,90.500142,38686,41,0202aaa0038a971e005a5811460e29efbf1ffffffc2246cd1e00000fc0007ebfe9ed0737feebfff600,1,TX 41 seq=16622 rx_latency=1ms tx_dur=1ms,19.781,
2730,10,907,2862613387,2026-07-14T15:26:10.306993+00:00,90.600140,38786,41,0202aaa0038b9782005a5811460e29efbf1ffffffc2246cd1e00000fc0007ebfe9ed0737feebfff600,1,TX 41 seq=16623 rx_latency=1ms tx_dur=1ms,21.509,
2730,10,908,2862613388,2026-07-14T15:26:10.406994+00:00,90.700142,38886,41,0202aaa0038c97e6005a5811460e29efbf1ffffffc2246cd1e00000fc0007ebfe9ed0737feebfff600,1,TX 41 seq=16624 rx_latency=1ms tx_dur=1ms,14.376,
2730,10,909,2862613389,2026-07-14T15:26:10.507001+00:00,90.800163,38986,41,0202aaa0038d984a005a5811460e29efbf1ffffffc2246cd1e00000fc0007ebfe9ed0737feebfff600,1,TX 41 seq=16625 rx_latency=1ms tx_dur=1ms,16.048,
2730,10,910,2862613390,2026-07-14T15:26:10.606944+00:00,90.900095,39086,41,0202aaa0038e98ae005a5811460e29efbf1ffffffc2246cd1e00000fc0007ebfe9ed0737feebfff600,1,TX 41 seq=16626 rx_latency=1ms tx_dur=1ms,17.643,
2730,10,911,2862613391,2026-07-14T15:26:10.706991+00:00,91.000139,39186,41,0202aaa0038f9912005a5811460e29efbf1ffffffc2246cd1e00000fc0007ebfe9ed0737feebfff600,1,TX 41 seq=16627 rx_latency=1ms tx_dur=1ms,20.485,
2730,10,912,2862613392,2026-07-14T15:26:10.806985+00:00,91.100126,39286,41,0202aaa003909976005a5811460e29efbf1ffffffc2246cd1e00000fc0007ebfe9ed0737feebfff600,1,TX 41 seq=16628 rx_latency=1ms tx_dur=1ms,22.156,
2730,10,913,2862613393,2026-07-14T15:26:10.906992+00:00,91.200139,39386,41,0202aaa0039199da005a5811460e29efbf1ffffffc2246cd1e00000fc0007ebfe9ed0737feebfff600,1,TX 41 seq=16629 rx_latency=1ms tx_dur=1ms,14.052,
2730,10,914,2862613394,2026-07-14T15:26:11.007001+00:00,91.300168,39486,41,0202aaa003929a3e005a5811460e29efbf1ffffffc2246cd1e00000fc0007ebfe9ed0737feebfff600,1,TX 41 seq=16630 rx_latency=1ms tx_dur=1ms,16.511,
2730,10,915,2862613395,2026-07-14T15:26:11.106998+00:00,91.400154,39586,41,0202aaa003939aa2005a5811460e29efbf1ffffffc2246cd1e00000fc0007ebfe9ed0737feebfff600,1,TX 41 seq=16631 rx_latency=1ms tx_dur=1ms,18.262,
2730,10,916,2862613396,2026-07-14T15:26:11.206985+00:00,91.500131,39686,41,0202aaa003949b06005a5811460e29efbf1ffffffc2246cd1e00000fc0007ebfe9ed0737feebfff600,1,TX 41 seq=16632 rx_latency=1ms tx_dur=1ms,20.004,
2730,10,917,2862613397,2026-07-14T15:26:11.306992+00:00,91.600142,39786,41,0202aaa003959b6a005a5811460e29efbf1ffffffc2246cd1e00000fc0007ebfe9ed0737feebfff600,1,TX 41 seq=16633 rx_latency=1ms tx_dur=1ms,21.749,
2730,10,918,2862613398,2026-07-14T15:26:11.406984+00:00,91.700126,39886,41,0202aaa003969bce005a5811460e29efbf1ffffffc2246cd1e00000fc0007ebfe9ed0737feebfff600,1,TX 41 seq=16634 rx_latency=1ms tx_dur=1ms,14.441,
2730,10,919,2862613399,2026-07-14T15:26:11.507017+00:00,91.800195,39986,41,0202aaa003979c32005a5811460e29efbf1ffffffc2246cd1e00000fc0007ebfe9ed0737feebfff600,1,TX 41 seq=16635 rx_latency=1ms tx_dur=1ms,16.007,
2730,10,920,2862613400,2026-07-14T15:26:11.606991+00:00,91.900144,40086,41,0202aaa003989c96005a5811460e29efbf1ffffffc2246cd1e00000fc0007ebfe9ed0737feebfff600,1,TX 41 seq=16636 rx_latency=1ms tx_dur=1ms,17.825,
2730,10,921,2862613401,2026-07-14T15:26:11.706998+00:00,92.000155,40186,41,0202aaa003999cfa005a5811460e29efbf1ffffffc2246cd1e00000fc0007ebfe9ed0737feebfff600,1,TX 41 seq=16637 rx_latency=1ms tx_dur=1ms,19.559,
2730,10,922,2862613402,2026-07-14T15:26:11.806986+00:00,92.100130,40286,41,0202aaa0039a9d5e005a5811460e29efbf1ffffffc2246cd1e00000fc0007ebfe9ed0737feebfff600,1,TX 41 seq=16638 rx_latency=1ms tx_dur=1ms,22.179,
2730,10,923,2862613403,2026-07-14T15:26:11.906993+00:00,92.200141,40386,41,0202aaa0039b9dc2005a5811460e29efbf1ffffffc2246cd1e00000fc0007ebfe9ed0737feebfff600,1,TX 41 seq=16639 rx_latency=1ms tx_dur=1ms,13.963,
2730,10,924,2862613404,2026-07-14T15:26:12.006992+00:00,92.300137,40486,41,0202aaa0039c9e26005a5811460e29efbf1ffffffc2246cd1e00000fc0007ebfe9ed0737feebfff600,1,TX 41 seq=16640 rx_latency=1ms tx_dur=1ms,15.713,
2730,10,925,2862613405,2026-07-14T15:26:12.106993+00:00,92.400141,40586,41,0202aaa0039d9e8a005a5811460e29efbf1ffffffc2246cd1e00000fc0007ebfe9ed0737feebfff600,1,TX 41 seq=16641 rx_latency=1ms tx_dur=1ms,17.561,
2730,10,926,2862613406,2026-07-14T15:26:12.206992+00:00,92.500137,40686,41,0202aaa0039e9eee005a5811460e29efbf1ffffffc2246cd1e00000fc0007ebfe9ed0737feebfff600,1,TX 41 seq=16642 rx_latency=1ms tx_dur=1ms,20.411,
2730,10,927,2862613407,2026-07-14T15:26:12.306993+00:00,92.600139,40786,41,0202aaa0039f9f52005a5811460e29efbf1ffffffc2246cd1e00000fc0007ebfe9ed0737feebfff600,1,TX 41 seq=16643 rx_latency=1ms tx_dur=1ms,21.909,
2730,10,928,2862613408,2026-07-14T15:26:12.406991+00:00,92.700137,40886,41,0202aaa003a09fb6005a5811460e29efbf1ffffffc2246cd1e00000fc0007ebfe9ed0737feebfff600,1,TX 41 seq=16644 rx_latency=1ms tx_dur=1ms,13.698,
2730,10,929,2862613409,2026-07-14T15:26:12.506993+00:00,92.800142,40986,41,0202aaa003a1a01a005a5811460e29efbf1ffffffc2246cd1e00000fc0007ebfe9ed0737feebfff600,1,TX 41 seq=16645 rx_latency=1ms tx_dur=1ms,16.516,
2730,10,930,2862613410,2026-07-14T15:26:12.606989+00:00,92.900139,41086,41,0202aaa003a2a07e005a5811460e29efbf1ffffffc2246cd1e00000fc0007ebfe9ed0737feebfff600,1,TX 41 seq=16646 rx_latency=1ms tx_dur=1ms,18.197,
2730,10,931,2862613411,2026-07-14T15:26:12.706993+00:00,93.000142,41186,41,0202aaa003a3a0e2005a5811460e29efbf1ffffffc2246cd1e00000fc0007ebfe9ed0737feebfff600,1,TX 41 seq=16647 rx_latency=1ms tx_dur=1ms,19.738,
2730,10,932,2862613412,2026-07-14T15:26:12.806985+00:00,93.100128,41286,41,0202aaa003a4a146005a5811460e29efbf1ffffffc2246cd1e00000fc0007ebfe9ed0737feebfff600,1,TX 41 seq=16648 rx_latency=1ms tx_dur=1ms,22.551,
2730,10,933,2862613413,2026-07-14T15:26:12.906992+00:00,93.200139,41386,41,0202aaa003a5a1aa005a5811460e29efbf1ffffffc2246cd1e00000fc0007ebfe9ed0737feebfff600,1,TX 41 seq=16649 rx_latency=1ms tx_dur=1ms,14.339,
2730,10,934,2862613414,2026-07-14T15:26:13.006993+00:00,93.300139,41486,41,0202aaa003a6a20e005a5811460e29efbf1ffffffc2246cd1e00000fc0007ebfe9ed0737feebfff600,1,TX 41 seq=16650 rx_latency=1ms tx_dur=1ms,16.068,
2730,10,935,2862613415,2026-07-14T15:26:13.106992+00:00,93.400139,41586,41,0202aaa003a7a272005a5811460e29efbf1ffffffc2246cd1e00000fc0007ebfe9ed0737feebfff600,1,TX 41 seq=16651 rx_latency=1ms tx_dur=1ms,17.575,
2730,10,936,2862613416,2026-07-14T15:26:13.206991+00:00,93.500137,41686,41,0202aaa003a8a2d6005a5811460e29efbf1ffffffc2246cd1e00000fc0007ebfe9ed0737feebfff600,1,TX 41 seq=16652 rx_latency=1ms tx_dur=1ms,20.431,
2730,10,937,2862613417,2026-07-14T15:26:13.306992+00:00,93.600138,41786,41,0202aaa003a9a33a005a5811460e29efbf1ffffffc2246cd1e00000fc0007ebfe9ed0737feebfff600,1,TX 41 seq=16653 rx_latency=1ms tx_dur=1ms,22.157,
2730,10,938,2862613418,2026-07-14T15:26:13.406991+00:00,93.700137,41886,41,0202aaa003aaa39e005a5811460e29efbf1ffffffc2246cd1e00000fc0007ebfe9ed0737feebfff600,1,TX 41 seq=16654 rx_latency=1ms tx_dur=1ms,13.921,
2730,10,939,2862613419,2026-07-14T15:26:13.506945+00:00,93.800092,41986,41,0202aaa003aba402005a5811460e29efbf1ffffffc2246cd1e00000fc0007ebfe9ed0737feebfff600,1,TX 41 seq=16655 rx_latency=1ms tx_dur=1ms,16.595,
2730,10,940,2862613420,2026-07-14T15:26:13.606992+00:00,93.900139,42086,41,0202aaa003aca466005a5811460e29efbf1ffffffc2246cd1e00000fc0007ebfe9ed0737feebfff600,1,TX 41 seq=16656 rx_latency=1ms tx_dur=1ms,18.256,
2730,10,941,2862613421,2026-07-14T15:26:13.707013+00:00,94.000190,42186,41,0202aaa003ada4ca005a5811460e29efbf1ffffffc2246cd1e00000fc0007ebfe9ed0737feebfff600,1,TX 41 seq=16657 rx_latency=1ms tx_dur=1ms,19.863,
2730,10,942,2862613422,2026-07-14T15:26:13.806987+00:00,94.100136,42286,41,0202aaa003aea52e005a5811460e29efbf1ffffffc2246cd1e00000fc0007ebfe9ed0737feebfff600,1,TX 41 seq=16658 rx_latency=1ms tx_dur=1ms,21.697,
2730,10,943,2862613423,2026-07-14T15:26:13.906994+00:00,94.200143,42386,41,0202aaa003afa592005a5811460e29efbf1ffffffc2246cd1e00000fc0007ebfe9ed0737feebfff600,1,TX 41 seq=16659 rx_latency=1ms tx_dur=1ms,24.329,
2730,10,944,2862613424,2026-07-14T15:26:14.007002+00:00,94.300172,42486,41,0202aaa003b0a5f6005a5811460e29efbf1ffffffc2246cd1e00000fc0007ebfe9ed0737feebfff600,1,TX 41 seq=16660 rx_latency=1ms tx_dur=1ms,16.001,
2730,10,945,2862613425,2026-07-14T15:26:14.106997+00:00,94.400152,42586,41,0202aaa003b1a65a005a5811460e29efbf1ffffffc2246cd1e00000fc0007ebfe9ed0737feebfff600,1,TX 41 seq=16661 rx_latency=1ms tx_dur=1ms,17.783,
2730,10,946,2862613426,2026-07-14T15:26:14.206986+00:00,94.500130,42686,41,0202aaa003b2a6be005a5811460e29efbf1ffffffc2246cd1e00000fc0007ebfe9ed0737feebfff600,1,TX 41 seq=16662 rx_latency=1ms tx_dur=1ms,20.629,
2730,10,947,2862613427,2026-07-14T15:26:14.306991+00:00,94.600139,42786,41,0202aaa003b3a722005a5811460e29efbf1ffffffc2246cd1e00000fc0007ebfe9ed0737feebfff600,1,TX 41 seq=16663 rx_latency=1ms tx_dur=1ms,22.173,
2730,10,948,2862613428,2026-07-14T15:26:14.406991+00:00,94.700138,42886,41,0202aaa003b4a786005a5811460e29efbf1ffffffc2246cd1e00000fc0007ebfe9ed0737feebfff600,1,TX 41 seq=16664 rx_latency=1ms tx_dur=1ms,13.939,
2730,10,949,2862613429,2026-07-14T15:26:14.506991+00:00,94.800137,42986,41,0202aaa003b5a7ea005a5811460e29efbf1ffffffc2246cd1e00000fc0007ebfe9ed0737feebfff600,1,TX 41 seq=16665 rx_latency=1ms tx_dur=1ms,15.671,
2730,10,950,2862613430,2026-07-14T15:26:14.606989+00:00,94.900134,43086,41,0202aaa003b6a84e005a5811460e29efbf1ffffffc2246cd1e00000fc0007ebfe9ed0737feebfff600,1,TX 41 seq=16666 rx_latency=1ms tx_dur=1ms,18.603,
2730,10,951,2862613431,2026-07-14T15:26:14.706933+00:00,95.000083,43186,41,0202aaa003b7a8b2005a5811460e29efbf1ffffffc2246cd1e00000fc0007ebfe9ed0737feebfff600,1,TX 41 seq=16667 rx_latency=1ms tx_dur=1ms,20.389,
2730,10,952,2862613432,2026-07-14T15:26:14.806977+00:00,95.100120,43286,41,0202aaa003b8a916005a5811460e29efbf1ffffffc2246cd1e00000fc0007ebfe9ed0737feebfff600,1,TX 41 seq=16668 rx_latency=1ms tx_dur=1ms,21.844,
2730,10,953,2862613433,2026-07-14T15:26:14.906915+00:00,95.200061,43386,41,0202aaa003b9a97a005a5811460e29efbf1ffffffc2246cd1e00000fc0007ebfe9ed0737feebfff600,1,TX 41 seq=16669 rx_latency=1ms tx_dur=1ms,13.716,
2730,10,954,2862613434,2026-07-14T15:26:15.006991+00:00,95.300138,43486,41,0202aaa003baa9de005a5811460e29efbf1ffffffc2246cd1e00000fc0007ebfe9ed0737feebfff600,1,TX 41 seq=16670 rx_latency=1ms tx_dur=1ms,16.485,
2730,10,955,2862613435,2026-07-14T15:26:15.106993+00:00,95.400138,43586,41,0202aaa003bbaa42005a5811460e29efbf1ffffffc2246cd1e00000fc0007ebfe9ed0737feebfff600,1,TX 41 seq=16671 rx_latency=1ms tx_dur=1ms,18.189,
2730,10,956,2862613436,2026-07-14T15:26:15.206996+00:00,95.500142,43686,41,0202aaa003bcaaa6005a5811460e29efbf1ffffffc2246cd1e00000fc0007ebfe9ed0737feebfff600,1,TX 41 seq=16672 rx_latency=1ms tx_dur=1ms,19.605,
2730,10,957,2862613437,2026-07-14T15:26:15.306909+00:00,95.600049,43786,41,0202aaa003bdab0a005a5811460e29efbf1ffffffc2246cd1e00000fc0007ebfe9ed0737feebfff600,1,TX 41 seq=16673 rx_latency=1ms tx_dur=1ms,22.699,
2730,10,958,2862613438,2026-07-14T15:26:15.406937+00:00,95.700083,43886,41,0202aaa003beab6e005a5811460e29efbf1ffffffc2246cd1e00000fc0007ebfe9ed0737feebfff600,1,TX 41 seq=16674 rx_latency=1ms tx_dur=1ms,14.348,
2730,10,959,2862613439,2026-07-14T15:26:15.506989+00:00,95.800133,43986,41,0202aaa003bfabd2005a5811460e29efbf1ffffffc2246cd1e00000fc0007ebfe9ed0737feebfff600,1,TX 41 seq=16675 rx_latency=1ms tx_dur=1ms,16.036,
2730,10,960,2862613440,2026-07-14T15:26:15.606915+00:00,95.900061,44086,41,0202aaa003c0ac36005a5811460e29efbf1ffffffc2246cd1e00000fc0007ebfe9ed0737feebfff600,1,TX 41 seq=16676 rx_latency=1ms tx_dur=1ms,17.621,
2730,10,961,2862613441,2026-07-14T15:26:15.706996+00:00,96.000148,44186,41,0202aaa003c1ac9a005a5811460e29efbf1ffffffc2246cd1e00000fc0007ebfe9ed0737feebfff600,1,TX 41 seq=16677 rx_latency=1ms tx_dur=1ms,20.345,
2730,10,962,2862613442,2026-07-14T15:26:15.806982+00:00,96.100132,44286,41,0202aaa003c2acfe005a5811460e29efbf1ffffffc2246cd1e00000fc0007ebfe9ed0737feebfff600,1,TX 41 seq=16678 rx_latency=1ms tx_dur=1ms,22.108,
2730,10,963,2862613443,2026-07-14T15:26:15.906991+00:00,96.200137,44386,41,0202aaa003c3ad62005a5811460e29efbf1ffffffc2246cd1e00000fc0007ebfe9ed0737feebfff600,1,TX 41 seq=16679 rx_latency=1ms tx_dur=1ms,13.869,
2730,10,964,2862613444,2026-07-14T15:26:16.006917+00:00,96.300062,44486,41,0202aaa003c4adc6005a5811460e29efbf1ffffffc2246cd1e00000fc0007ebfe9ed0737feebfff600,1,TX 41 seq=16680 rx_latency=1ms tx_dur=1ms,16.605,
2730,10,965,2862613445,2026-07-14T15:26:16.106990+00:00,96.400135,44586,41,0202aaa003c5ae2a005a5811460e29efbf1ffffffc2246cd1e00000fc0007ebfe9ed0737feebfff600,1,TX 41 seq=16681 rx_latency=1ms tx_dur=1ms,18.160,
2730,10,966,2862613446,2026-07-14T15:26:16.206985+00:00,96.500129,44686,41,0202aaa003c6ae8e005a5811460e29efbf1ffffffc2246cd1e00000fc0007ebfe9ed0737feebfff600,1,TX 41 seq=16682 rx_latency=1ms tx_dur=1ms,20.026,
2730,10,967,2862613447,2026-07-14T15:26:16.306991+00:00,96.600138,44786,41,0202aaa003c7aef2005a5811460e29efbf1ffffffc2246cd1e00000fc0007ebfe9ed0737feebfff600,1,TX 41 seq=16683 rx_latency=1ms tx_dur=1ms,21.582,
2730,10,968,2862613448,2026-07-14T15:26:16.406984+00:00,96.700126,44886,41,0202aaa003c8af56005a5811460e29efbf1ffffffc2246cd1e00000fc0007ebfe9ed0737feebfff600,1,TX 41 seq=16684 rx_latency=1ms tx_dur=1ms,14.432,
2730,10,969,2862613449,2026-07-14T15:26:16.506993+00:00,96.800140,44986,41,0202aaa003c9afba005a5811460e29efbf1ffffffc2246cd1e00000fc0007ebfe9ed0737feebfff600,1,TX 41 seq=16685 rx_latency=1ms tx_dur=1ms,16.007,
2730,10,970,2862613450,2026-07-14T15:26:16.606984+00:00,96.900126,45086,41,0202aaa003cab01e005a5811460e29efbf1ffffffc2246cd1e00000fc0007ebfe9ed0737feebfff600,1,TX 41 seq=16686 rx_latency=1ms tx_dur=1ms,17.856,
2730,10,971,2862613451,2026-07-14T15:26:16.706994+00:00,97.000145,45186,41,0202aaa003cbb082005a5811460e29efbf1ffffffc2246cd1e00000fc0007ebfe9ed0737feebfff600,1,TX 41 seq=16687 rx_latency=1ms tx_dur=1ms,20.545,
2730,10,972,2862613452,2026-07-14T15:26:16.806985+00:00,97.100127,45286,41,0202aaa003ccb0e6005a5811460e29efbf1ffffffc2246cd1e00000fc0007ebfe9ed0737feebfff600,1,TX 41 seq=16688 rx_latency=1ms tx_dur=1ms,22.202,
2730,10,973,2862613453,2026-07-14T15:26:16.906993+00:00,97.200141,45386,41,0202aaa003cdb14a005a5811460e29efbf1ffffffc2246cd1e00000fc0007ebfe9ed0737feebfff600,1,TX 41 seq=16689 rx_latency=1ms tx_dur=1ms,13.899,
2730,10,974,2862613454,2026-07-14T15:26:17.006984+00:00,97.300126,45486,41,0202aaa003ceb1ae005a5811460e29efbf1ffffffc2246cd1e00000fc0007ebfe9ed0737feebfff600,1,TX 41 seq=16690 rx_latency=1ms tx_dur=1ms,15.683,
2730,10,975,2862613455,2026-07-14T15:26:17.106990+00:00,97.400137,45586,41,0202aaa003cfb212005a5811460e29efbf1ffffffc2246cd1e00000fc0007ebfe9ed0737feebfff600,1,TX 41 seq=16691 rx_latency=1ms tx_dur=1ms,18.439,
2730,10,976,2862613456,2026-07-14T15:26:17.206983+00:00,97.500125,45686,41,0202aaa003d0b276005a5811460e29efbf1ffffffc2246cd1e00000fc0007ebfe9ed0737feebfff600,1,TX 41 seq=16692 rx_latency=1ms tx_dur=1ms,20.035,
2730,10,977,2862613457,2026-07-14T15:26:17.306992+00:00,97.600138,45786,41,0202aaa003d1b2da005a5811460e29efbf1ffffffc2246cd1e00000fc0007ebfe9ed0737feebfff600,1,TX 41 seq=16693 rx_latency=1ms tx_dur=1ms,21.653,
2730,10,978,2862613458,2026-07-14T15:26:17.406984+00:00,97.700124,45886,41,0202aaa003d2b33e005a5811460e29efbf1ffffffc2246cd1e00000fc0007ebfe9ed0737feebfff600,1,TX 41 seq=16694 rx_latency=1ms tx_dur=1ms,14.599,
2730,10,979,2862613459,2026-07-14T15:26:17.506991+00:00,97.800137,45986,41,0202aaa003d3b3a2005a5811460e29efbf1ffffffc2246cd1e00000fc0007ebfe9ed0737feebfff600,1,TX 41 seq=16695 rx_latency=1ms tx_dur=1ms,16.308,
2730,10,980,2862613460,2026-07-14T15:26:17.606992+00:00,97.900139,46086,41,0202aaa003d4b406005a5811460e29efbf1ffffffc2246cd1e00000fc0007ebfe9ed0737feebfff600,1,TX 41 seq=16696 rx_latency=1ms tx_dur=1ms,17.848,
2730,10,981,2862613461,2026-07-14T15:26:17.706987+00:00,98.000136,46186,41,0202aaa003d5b46a005a5811460e29efbf1ffffffc2246cd1e00000fc0007ebfe9ed0737feebfff600,1,TX 41 seq=16697 rx_latency=1ms tx_dur=1ms,20.661,
2730,10,982,2862613462,2026-07-14T15:26:17.806992+00:00,98.100140,46286,41,0202aaa003d6b4ce005a5811460e29efbf1ffffffc2246cd1e00000fc0007ebfe9ed0737feebfff600,1,TX 41 seq=16698 rx_latency=1ms tx_dur=1ms,22.348,
2730,10,983,2862613463,2026-07-14T15:26:17.906985+00:00,98.200127,46386,41,0202aaa003d7b532005a5811460e29efbf1ffffffc2246cd1e00000fc0007ebfe9ed0737feebfff600,1,TX 41 seq=16699 rx_latency=1ms tx_dur=1ms,14.142,
2730,10,984,2862613464,2026-07-14T15:26:18.006992+00:00,98.300138,46486,41,0202aaa003d8b596005a5811460e29efbf1ffffffc2246cd1e00000fc0007ebfe9ed0737feebfff600,1,TX 41 seq=16700 rx_latency=1ms tx_dur=1ms,15.985,
2730,10,985,2862613465,2026-07-14T15:26:18.106984+00:00,98.400126,46586,41,0202aaa003d9b5fa005a5811460e29efbf1ffffffc2246cd1e00000fc0007ebfe9ed0737feebfff600,1,TX 41 seq=16701 rx_latency=1ms tx_dur=1ms,18.614,
2730,10,986,2862613466,2026-07-14T15:26:18.206991+00:00,98.500137,46686,41,0202aaa003dab65e005a5811460e29efbf1ffffffc2246cd1e00000fc0007ebfe9ed0737feebfff600,1,TX 41 seq=16702 rx_latency=1ms tx_dur=1ms,20.359,
2730,10,987,2862613467,2026-07-14T15:26:18.306945+00:00,98.600091,46786,41,0202aaa003dbb6c2005a5811460e29efbf1ffffffc2246cd1e00000fc0007ebfe9ed0737feebfff600,1,TX 41 seq=16703 rx_latency=1ms tx_dur=1ms,22.163,
2730,10,988,2862613468,2026-07-14T15:26:18.406991+00:00,98.700136,46886,41,0202aaa003dcb726005a5811460e29efbf1ffffffc2246cd1e00000fc0007ebfe9ed0737feebfff600,1,TX 41 seq=16704 rx_latency=1ms tx_dur=1ms,13.827,
2730,10,989,2862613469,2026-07-14T15:26:18.506996+00:00,98.800156,46986,41,0202aaa003ddb78a005a5811460e29efbf1ffffffc2246cd1e00000fc0007ebfe9ed0737feebfff600,1,TX 41 seq=16705 rx_latency=1ms tx_dur=1ms,16.375,
2730,10,990,2862613470,2026-07-14T15:26:18.606998+00:00,98.900152,47086,41,0202aaa003deb7ee005a5811460e29efbf1ffffffc2246cd1e00000fc0007ebfe9ed0737feebfff600,1,TX 41 seq=16706 rx_latency=1ms tx_dur=1ms,18.149,
2730,10,991,2862613471,2026-07-14T15:26:18.706985+00:00,99.000131,47186,41,0202aaa003dfb852005a5811460e29efbf1ffffffc2246cd1e00000fc0007ebfe9ed0737feebfff600,1,TX 41 seq=16707 rx_latency=1ms tx_dur=1ms,19.893,
2730,10,992,2862613472,2026-07-14T15:26:18.806993+00:00,99.100145,47286,41,0202aaa003e0b8b6005a5811460e29efbf1ffffffc2246cd1e00000fc0007ebfe9ed0737feebfff600,1,TX 41 seq=16708 rx_latency=1ms tx_dur=1ms,21.644,
2730,10,993,2862613473,2026-07-14T15:26:18.906985+00:00,99.200128,47386,41,0202aaa003e1b91a005a5811460e29efbf1ffffffc2246cd1e00000fc0007ebfe9ed0737feebfff600,1,TX 41 seq=16709 rx_latency=1ms tx_dur=1ms,14.304,
2730,10,994,2862613474,2026-07-14T15:26:19.006994+00:00,99.300144,47486,41,0202aaa003e2b97e005a5811460e29efbf1ffffffc2246cd1e00000fc0007ebfe9ed0737feebfff600,1,TX 41 seq=16710 rx_latency=1ms tx_dur=1ms,15.990,
2730,10,995,2862613475,2026-07-14T15:26:19.106984+00:00,99.400128,47586,41,0202aaa003e3b9e2005a5811460e29efbf1ffffffc2246cd1e00000fc0007ebfe9ed0737feebfff600,1,TX 41 seq=16711 rx_latency=1ms tx_dur=1ms,17.720,
2730,10,996,2862613476,2026-07-14T15:26:19.206992+00:00,99.500138,47686,41,0202aaa003e4ba46005a5811460e29efbf1ffffffc2246cd1e00000fc0007ebfe9ed0737feebfff600,1,TX 41 seq=16712 rx_latency=1ms tx_dur=1ms,20.581,
2730,10,997,2862613477,2026-07-14T15:26:19.306985+00:00,99.600128,47786,41,0202aaa003e5baaa005a5811460e29efbf1ffffffc2246cd1e00000fc0007ebfe9ed0737feebfff600,1,TX 41 seq=16713 rx_latency=1ms tx_dur=1ms,22.060,
2730,10,998,2862613478,2026-07-14T15:26:19.406991+00:00,99.700138,47886,41,0202aaa003e6bb0e005a5811460e29efbf1ffffffc2246cd1e00000fc0007ebfe9ed0737feebfff600,1,TX 41 seq=16714 rx_latency=1ms tx_dur=1ms,13.852,
2730,10,999,2862613479,2026-07-14T15:26:19.506911+00:00,99.800058,47986,41,0202aaa003e7bb72005a5811460e29efbf1ffffffc2246cd1e00000fc0007ebfe9ed0737feebfff600,1,TX 41 seq=16715 rx_latency=1ms tx_dur=1ms,15.707,
2730,10,1000,2862613480,2026-07-14T15:26:19.606992+00:00,99.900147,48086,41,0202aaa003e8bbd6005a5811460e29efbf1ffffffc2246cd1e00000fc0007ebfe9ed0737feebfff600,1,TX 41 seq=16716 rx_latency=1ms tx_dur=1ms,18.336,
2730,10,1001,2862613481,2026-07-14T15:26:19.707017+00:00,100.000198,48186,41,0202aaa003e9bc3a005a5811460e29efbf1ffffffc2246cd1e00000fc0007ebfe9ed0737feebfff600,1,TX 41 seq=16717 rx_latency=1ms tx_dur=1ms,19.788,
2730,10,1002,2862613482,2026-07-14T15:26:19.806992+00:00,100.100147,48286,41,0202aaa003eabc9e005a5811460e29efbf1ffffffc2246cd1e00000fc0007ebfe9ed0737feebfff600,1,TX 41 seq=16718 rx_latency=1ms tx_dur=1ms,22.666,
2730,10,1003,2862613483,2026-07-14T15:26:19.906993+00:00,100.200145,48386,41,0202aaa003ebbd02005a5811460e29efbf1ffffffc2246cd1e00000fc0007ebfe9ed0737feebfff600,1,TX 41 seq=16719 rx_latency=1ms tx_dur=1ms,14.503,
2730,10,1004,2862613484,2026-07-14T15:26:20.007011+00:00,100.300185,48486,41,0202aaa003ecbd66005a5811460e29efbf1ffffffc2246cd1e00000fc0007ebfe9ed0737feebfff600,1,TX 41 seq=16720 rx_latency=1ms tx_dur=1ms,16.139,
2730,10,1005,2862613485,2026-07-14T15:26:20.106991+00:00,100.400143,48586,41,0202aaa003edbdca005a5811460e29efbf1ffffffc2246cd1e00000fc0007ebfe9ed0737feebfff600,1,TX 41 seq=16721 rx_latency=1ms tx_dur=1ms,17.720,
2730,10,1006,2862613486,2026-07-14T15:26:20.206998+00:00,100.500155,48686,41,0202aaa003eebe2e005a5811460e29efbf1ffffffc2246cd1e00000fc0007ebfe9ed0737feebfff600,1,TX 41 seq=16722 rx_latency=1ms tx_dur=1ms,20.550,
2730,10,1007,2862613487,2026-07-14T15:26:20.306937+00:00,100.600084,48786,41,0202aaa003efbe92005a5811460e29efbf1ffffffc2246cd1e00000fc0007ebfe9ed0737feebfff600,1,TX 41 seq=16723 rx_latency=1ms tx_dur=1ms,22.314,
2730,10,1008,2862613488,2026-07-14T15:26:20.406991+00:00,100.700141,48886,41,0202aaa003f0bef6005a5811460e29efbf1ffffffc2246cd1e00000fc0007ebfe9ed0737feebfff600,1,TX 41 seq=16724 rx_latency=1ms tx_dur=1ms,14.085,
2730,10,1009,2862613489,2026-07-14T15:26:20.506992+00:00,100.800140,48986,41,0202aaa003f1bf5a005a5811460e29efbf1ffffffc2246cd1e00000fc0007ebfe9ed0737feebfff600,1,TX 41 seq=16725 rx_latency=1ms tx_dur=1ms,15.602,
2730,10,1010,2862613490,2026-07-14T15:26:20.606992+00:00,100.900138,49086,41,0202aaa003f2bfbe005a5811460e29efbf1ffffffc2246cd1e00000fc0007ebfe9ed0737feebfff600,1,TX 41 seq=16726 rx_latency=1ms tx_dur=1ms,18.440,
2730,10,1011,2862613491,2026-07-14T15:26:20.706992+00:00,101.000140,49186,41,0202aaa003f3c022005a5811460e29efbf1ffffffc2246cd1e00000fc0007ebfe9ed0737feebfff600,1,TX 41 seq=16727 rx_latency=1ms tx_dur=1ms,20.154,
2730,10,1012,2862613492,2026-07-14T15:26:20.806994+00:00,101.100146,49286,41,0202aaa003f4c086005a5811460e29efbf1ffffffc2246cd1e00000fc0007ebfe9ed0737feebfff600,1,TX 41 seq=16728 rx_latency=1ms tx_dur=1ms,22.000,
2730,10,1013,2862613493,2026-07-14T15:26:20.906987+00:00,101.200131,49386,41,0202aaa003f5c0ea005a5811460e29efbf1ffffffc2246cd1e00000fc0007ebfe9ed0737feebfff600,1,TX 41 seq=16729 rx_latency=1ms tx_dur=1ms,13.785,
2730,10,1014,2862613494,2026-07-14T15:26:21.006996+00:00,101.300143,49486,41,0202aaa003f6c14e005a5811460e29efbf1ffffffc2246cd1e00000fc0007ebfe9ed0737feebfff600,1,TX 41 seq=16730 rx_latency=1ms tx_dur=1ms,16.389,
2730,10,1015,2862613495,2026-07-14T15:26:21.106992+00:00,101.400140,49586,41,0202aaa003f7c1b2005a5811460e29efbf1ffffffc2246cd1e00000fc0007ebfe9ed0737feebfff600,1,TX 41 seq=16731 rx_latency=1ms tx_dur=1ms,18.119,
2730,10,1016,2862613496,2026-07-14T15:26:21.206992+00:00,101.500140,49686,41,0202aaa003f8c216005a5811460e29efbf1ffffffc2246cd1e00000fc0007ebfe9ed0737feebfff600,1,TX 41 seq=16732 rx_latency=1ms tx_dur=1ms,19.877,
2730,10,1017,2862613497,2026-07-14T15:26:21.306991+00:00,101.600139,49786,41,0202aaa003f9c27a005a5811460e29efbf1ffffffc2246cd1e00000fc0007ebfe9ed0737feebfff600,1,TX 41 seq=16733 rx_latency=1ms tx_dur=1ms,21.575,
2730,10,1018,2862613498,2026-07-14T15:26:21.406991+00:00,101.700137,49886,41,0202aaa003fac2de005a5811460e29efbf1ffffffc2246cd1e00000fc0007ebfe9ed0737feebfff600,1,TX 41 seq=16734 rx_latency=1ms tx_dur=1ms,14.230,
2730,10,1019,2862613499,2026-07-14T15:26:21.506994+00:00,101.800142,49986,41,0202aaa003fbc342005a5811460e29efbf1ffffffc2246cd1e00000fc0007ebfe9ed0737feebfff600,1,TX 41 seq=16735 rx_latency=1ms tx_dur=1ms,15.952,
2730,10,1020,2862613500,2026-07-14T15:26:21.607002+00:00,101.900168,50086,41,0202aaa003fcc3a6005a5811460e29efbf1ffffffc2246cd1e00000fc0007ebfe9ed0737feebfff600,1,TX 41 seq=16736 rx_latency=1ms tx_dur=1ms,17.624,
2730,10,1021,2862613501,2026-07-14T15:26:21.706989+00:00,102.000139,50186,41,0202aaa003fdc40a005a5811460e29efbf1ffffffc2246cd1e00000fc0007ebfe9ed0737feebfff600,1,TX 41 seq=16737 rx_latency=1ms tx_dur=1ms,20.502,
2730,10,1022,2862613502,2026-07-14T15:26:21.806936+00:00,102.100088,50286,41,0202aaa003fec46e005a5811460e29efbf1ffffffc2246cd1e00000fc0007ebfe9ed0737feebfff600,1,TX 41 seq=16738 rx_latency=1ms tx_dur=1ms,22.087,
2730,10,1023,2862613503,2026-07-14T15:26:21.906986+00:00,102.200131,50386,41,0202aaa003ffc4d2005a5811460e29efbf1ffffffc2246cd1e00000fc0007ebfe9ed0737feebfff600,1,TX 41 seq=16739 rx_latency=1ms tx_dur=1ms,13.814,
2730,10,1024,2862613504,2026-07-14T15:26:22.007001+00:00,102.300165,50486,41,0202aaa00400c536005a5811460e29efbf1ffffffc2246cd1e00000fc0007ebfe9ed0737feebfff600,1,TX 41 seq=16740 rx_latency=1ms tx_dur=1ms,16.576,
2730,10,1025,2862613505,2026-07-14T15:26:22.106987+00:00,102.400138,50586,41,0202aaa00401c59a005a5811460e29efbf1ffffffc2246cd1e00000fc0007ebfe9ed0737feebfff600,1,TX 41 seq=16741 rx_latency=1ms tx_dur=1ms,18.324,
2730,10,1026,2862613506,2026-07-14T15:26:22.206927+00:00,102.500077,50686,41,0202aaa00402c5fe005a5811460e29efbf1ffffffc2246cd1e00000fc0007ebfe9ed0737feebfff600,1,TX 41 seq=16742 rx_latency=1ms tx_dur=1ms,19.927,
2730,10,1027,2862613507,2026-07-14T15:26:22.306992+00:00,102.600140,50786,41,0202aaa00403c662005a5811460e29efbf1ffffffc2246cd1e00000fc0007ebfe9ed0737feebfff600,1,TX 41 seq=16743 rx_latency=1ms tx_dur=1ms,21.598,
2730,10,1028,2862613508,2026-07-14T15:26:22.406991+00:00,102.700137,50886,41,0202aaa00404c6c6005a5811460e29efbf1ffffffc2246cd1e00000fc0007ebfe9ed0737feebfff600,1,TX 41 seq=16744 rx_latency=1ms tx_dur=1ms,14.469,
2730,10,1029,2862613509,2026-07-14T15:26:22.506995+00:00,102.800147,50986,41,0202aaa00405c72a005a5811460e29efbf1ffffffc2246cd1e00000fc0007ebfe9ed0737feebfff600,1,TX 41 seq=16745 rx_latency=1ms tx_dur=1ms,16.176,
2730,10,1030,2862613510,2026-07-14T15:26:22.606992+00:00,102.900139,51086,41,0202aaa00406c78e005a5811460e29efbf1ffffffc2246cd1e00000fc0007ebfe9ed0737feebfff600,1,TX 41 seq=16746 rx_latency=1ms tx_dur=1ms,17.713,
2730,10,1031,2862613511,2026-07-14T15:26:22.706992+00:00,103.000141,51186,41,0202aaa00407c7f2005a5811460e29efbf1ffffffc2246cd1e00000fc0007ebfe9ed0737feebfff600,1,TX 41 seq=16747 rx_latency=1ms tx_dur=1ms,20.567,
2730,10,1032,2862613512,2026-07-14T15:26:22.806993+00:00,103.100143,51286,41,0202aaa00408c856005a5811460e29efbf1ffffffc2246cd1e00000fc0007ebfe9ed0737feebfff600,1,TX 41 seq=16748 rx_latency=1ms tx_dur=1ms,22.257,
2730,10,1033,2862613513,2026-07-14T15:26:22.906986+00:00,103.200132,51386,41,0202aaa00409c8ba005a5811460e29efbf1ffffffc2246cd1e00000fc0007ebfe9ed0737feebfff600,1,TX 41 seq=16749 rx_latency=1ms tx_dur=1ms,14.177,
2730,10,1034,2862613514,2026-07-14T15:26:23.007011+00:00,103.300183,51486,41,0202aaa0040ac91e005a5811460e29efbf1ffffffc2246cd1e00000fc0007ebfe9ed0737feebfff600,1,TX 41 seq=16750 rx_latency=1ms tx_dur=1ms,15.774,
2730,10,1035,2862613515,2026-07-14T15:26:23.106989+00:00,103.400140,51586,41,0202aaa0040bc982005a5811460e29efbf1ffffffc2246cd1e00000fc0007ebfe9ed0737feebfff600,1,TX 41 seq=16751 rx_latency=1ms tx_dur=1ms,18.478,
2730,10,1036,2862613516,2026-07-14T15:26:23.206996+00:00,103.500152,51686,41,0202aaa0040cc9e6005a5811460e29efbf1ffffffc2246cd1e00000fc0007ebfe9ed0737feebfff600,1,TX 41 seq=16752 rx_latency=1ms tx_dur=1ms,20.200,
2730,10,1037,2862613517,2026-07-14T15:26:23.306989+00:00,103.600139,51786,41,0202aaa0040dca4a005a5811460e29efbf1ffffffc2246cd1e00000fc0007ebfe9ed0737feebfff600,1,TX 41 seq=16753 rx_latency=1ms tx_dur=1ms,21.963,
2730,10,1038,2862613518,2026-07-14T15:26:23.406993+00:00,103.700141,51886,41,0202aaa0040ecaae005a5811460e29efbf1ffffffc2246cd1e00000fc0007ebfe9ed0737feebfff600,1,TX 41 seq=16754 rx_latency=1ms tx_dur=1ms,13.722,
2730,10,1039,2862613519,2026-07-14T15:26:23.506991+00:00,103.800140,51986,41,0202aaa0040fcb12005a5811460e29efbf1ffffffc2246cd1e00000fc0007ebfe9ed0737feebfff600,1,TX 41 seq=16755 rx_latency=1ms tx_dur=1ms,16.339,
2730,10,1040,2862613520,2026-07-14T15:26:23.606992+00:00,103.900138,52086,41,0202aaa00410cb76005a5811460e29efbf1ffffffc2246cd1e00000fc0007ebfe9ed0737feebfff600,1,TX 41 seq=16756 rx_latency=1ms tx_dur=1ms,18.091,
2730,10,1041,2862613521,2026-07-14T15:26:23.706995+00:00,104.000149,52186,41,0202aaa00411cbda005a5811460e29efbf1ffffffc2246cd1e00000fc0007ebfe9ed0737feebfff600,1,TX 41 seq=16757 rx_latency=1ms tx_dur=1ms,19.774,
2730,10,1042,2862613522,2026-07-14T15:26:23.806987+00:00,104.100131,52286,41,0202aaa00412cc3e005a5811460e29efbf1ffffffc2246cd1e00000fc0007ebfe9ed0737feebfff600,1,TX 41 seq=16758 rx_latency=1ms tx_dur=1ms,22.592,
2730,10,1043,2862613523,2026-07-14T15:26:23.906993+00:00,104.200145,52386,41,0202aaa00413cca2005a5811460e29efbf1ffffffc2246cd1e00000fc0007ebfe9ed0737feebfff600,1,TX 41 seq=16759 rx_latency=1ms tx_dur=1ms,14.172,
2730,10,1044,2862613524,2026-07-14T15:26:24.006993+00:00,104.300140,52486,41,0202aaa00414cd06005a5811460e29efbf1ffffffc2246cd1e00000fc0007ebfe9ed0737feebfff600,1,TX 41 seq=16760 rx_latency=1ms tx_dur=1ms,15.913,
2730,10,1045,2862613525,2026-07-14T15:26:24.106992+00:00,104.400139,52586,41,0202aaa00415cd6a005a5811460e29efbf1ffffffc2246cd1e00000fc0007ebfe9ed0737feebfff600,1,TX 41 seq=16761 rx_latency=1ms tx_dur=1ms,17.685,
2730,10,1046,2862613526,2026-07-14T15:26:24.206993+00:00,104.500140,52686,41,0202aaa00416cdce005a5811460e29efbf1ffffffc2246cd1e00000fc0007ebfe9ed0737feebfff600,1,TX 41 seq=16762 rx_latency=1ms tx_dur=1ms,20.531,
2730,10,1047,2862613527,2026-07-14T15:26:24.306992+00:00,104.600139,52786,41,0202aaa00417ce32005a5811460e29efbf1ffffffc2246cd1e00000fc0007ebfe9ed0737feebfff600,1,TX 41 seq=16763 rx_latency=1ms tx_dur=1ms,21.992,
2730,10,1048,2862613528,2026-07-14T15:26:24.406993+00:00,104.700138,52886,41,0202aaa00418ce96005a5811460e29efbf1ffffffc2246cd1e00000fc0007ebfe9ed0737feebfff600,1,TX 41 seq=16764 rx_latency=1ms tx_dur=1ms,13.748,
2730,10,1049,2862613529,2026-07-14T15:26:24.506990+00:00,104.800137,52986,41,0202aaa00419cefa005a5811460e29efbf1ffffffc2246cd1e00000fc0007ebfe9ed0737feebfff600,1,TX 41 seq=16765 rx_latency=1ms tx_dur=1ms,16.590,
2730,10,1050,2862613530,2026-07-14T15:26:24.606993+00:00,104.900141,53086,41,0202aaa0041acf5e005a5811460e29efbf1ffffffc2246cd1e00000fc0007ebfe9ed0737feebfff600,1,TX 41 seq=16766 rx_latency=1ms tx_dur=1ms,18.304,
2730,10,1051,2862613531,2026-07-14T15:26:24.707004+00:00,105.000171,53186,41,0202aaa0041bcfc2005a5811460e29efbf1ffffffc2246cd1e00000fc0007ebfe9ed0737feebfff600,1,TX 41 seq=16767 rx_latency=1ms tx_dur=1ms,19.790,
2730,10,1052,2862613532,2026-07-14T15:26:24.806987+00:00,105.100134,53286,41,0202aaa0041cd026005a5811460e29efbf1ffffffc2246cd1e00000fc0007ebfe9ed0737feebfff600,1,TX 41 seq=16768 rx_latency=1ms tx_dur=1ms,22.622,
2730,10,1053,2862613533,2026-07-14T15:26:24.906995+00:00,105.200147,53386,41,0202aaa0041dd08a005a5811460e29efbf1ffffffc2246cd1e00000fc0007ebfe9ed0737feebfff600,1,TX 41 seq=16769 rx_latency=1ms tx_dur=1ms,14.419,
2730,10,1054,2862613534,2026-07-14T15:26:25.006986+00:00,105.300130,53486,41,0202aaa0041ed0ee005a5811460e29efbf1ffffffc2246cd1e00000fc0007ebfe9ed0737feebfff600,1,TX 41 seq=16770 rx_latency=1ms tx_dur=1ms,16.149,
2730,10,1055,2862613535,2026-07-14T15:26:25.106991+00:00,105.400138,53586,41,0202aaa0041fd152005a5811460e29efbf1ffffffc2246cd1e00000fc0007ebfe9ed0737feebfff600,1,TX 41 seq=16771 rx_latency=1ms tx_dur=1ms,17.664,
2730,10,1056,2862613536,2026-07-14T15:26:25.206994+00:00,105.500145,53686,41,0202aaa00420d1b6005a5811460e29efbf1ffffffc2246cd1e00000fc0007ebfe9ed0737feebfff600,1,TX 41 seq=16772 rx_latency=1ms tx_dur=1ms,20.537,
2730,10,1057,2862613537,2026-07-14T15:26:25.306992+00:00,105.600141,53786,41,0202aaa00421d21a005a5811460e29efbf1ffffffc2246cd1e00000fc0007ebfe9ed0737feebfff600,1,TX 41 seq=16773 rx_latency=1ms tx_dur=1ms,22.236,
2730,10,1058,2862613538,2026-07-14T15:26:25.406992+00:00,105.700140,53886,41,0202aaa00422d27e005a5811460e29efbf1ffffffc2246cd1e00000fc0007ebfe9ed0737feebfff600,1,TX 41 seq=16774 rx_latency=1ms tx_dur=1ms,13.999,
2730,10,1059,2862613539,2026-07-14T15:26:25.507000+00:00,105.800159,53986,41,0202aaa00423d2e2005a5811460e29efbf1ffffffc2246cd1e00000fc0007ebfe9ed0737feebfff600,1,TX 41 seq=16775 rx_latency=1ms tx_dur=1ms,16.573,
2730,10,1060,2862613540,2026-07-14T15:26:25.606993+00:00,105.900144,54086,41,0202aaa00424d346005a5811460e29efbf1ffffffc2246cd1e00000fc0007ebfe9ed0737feebfff600,1,TX 41 seq=16776 rx_latency=1ms tx_dur=1ms,18.319,
2730,10,1061,2862613541,2026-07-14T15:26:25.707014+00:00,106.000190,54186,41,0202aaa00425d3aa005a5811460e29efbf1ffffffc2246cd1e00000fc0007ebfe9ed0737feebfff600,1,TX 41 seq=16777 rx_latency=1ms tx_dur=1ms,19.945,
2730,10,1062,2862613542,2026-07-14T15:26:25.806988+00:00,106.100136,54286,41,0202aaa00426d40e005a5811460e29efbf1ffffffc2246cd1e00000fc0007ebfe9ed0737feebfff600,1,TX 41 seq=16778 rx_latency=1ms tx_dur=1ms,21.744,
2730,10,1063,2862613543,2026-07-14T15:26:25.907015+00:00,106.200194,54386,41,0202aaa00427d472005a5811460e29efbf1ffffffc2246cd1e00000fc0007ebfe9ed0737feebfff600,1,TX 41 seq=16779 rx_latency=1ms tx_dur=1ms,24.320,
2730,10,1064,2862613544,2026-07-14T15:26:26.006989+00:00,106.300139,54486,41,0202aaa00428d4d6005a5811460e29efbf1ffffffc2246cd1e00000fc0007ebfe9ed0737feebfff600,1,TX 41 seq=16780 rx_latency=1ms tx_dur=1ms,16.160,
2730,10,1065,2862613545,2026-07-14T15:26:26.106992+00:00,106.400141,54586,41,0202aaa00429d53a005a5811460e29efbf1ffffffc2246cd1e00000fc0007ebfe9ed0737feebfff600,1,TX 41 seq=16781 rx_latency=1ms tx_dur=1ms,17.893,
2730,10,1066,2862613546,2026-07-14T15:26:26.206989+00:00,106.500137,54686,41,0202aaa0042ad59e005a5811460e29efbf1ffffffc2246cd1e00000fc0007ebfe9ed0737feebfff600,1,TX 41 seq=16782 rx_latency=1ms tx_dur=1ms,20.690,
2730,10,1067,2862613547,2026-07-14T15:26:26.306993+00:00,106.600141,54786,41,0202aaa0042bd602005a5811460e29efbf1ffffffc2246cd1e00000fc0007ebfe9ed0737feebfff600,1,TX 41 seq=16783 rx_latency=1ms tx_dur=1ms,22.242,
2730,10,1068,2862613548,2026-07-14T15:26:26.406991+00:00,106.700139,54886,41,0202aaa0042cd666005a5811460e29efbf1ffffffc2246cd1e00000fc0007ebfe9ed0737feebfff600,1,TX 41 seq=16784 rx_latency=1ms tx_dur=1ms,14.012,
2730,10,1069,2862613549,2026-07-14T15:26:26.506992+00:00,106.800139,54986,41,0202aaa0042dd6ca005a5811460e29efbf1ffffffc2246cd1e00000fc0007ebfe9ed0737feebfff600,1,TX 41 seq=16785 rx_latency=1ms tx_dur=1ms,15.750,
2730,10,1070,2862613550,2026-07-14T15:26:26.606991+00:00,106.900137,55086,41,0202aaa0042ed72e005a5811460e29efbf1ffffffc2246cd1e00000fc0007ebfe9ed0737feebfff600,1,TX 41 seq=16786 rx_latency=1ms tx_dur=1ms,18.585,
2730,10,1071,2862613551,2026-07-14T15:26:26.707001+00:00,107.000160,55186,41,0202aaa0042fd792005a5811460e29efbf1ffffffc2246cd1e00000fc0007ebfe9ed0737feebfff600,1,TX 41 seq=16787 rx_latency=1ms tx_dur=1ms,20.256,
2730,10,1072,2862613552,2026-07-14T15:26:26.806988+00:00,107.100134,55286,41,0202aaa00430d7f6005a5811460e29efbf1ffffffc2246cd1e00000fc0007ebfe9ed0737feebfff600,1,TX 41 seq=16788 rx_latency=1ms tx_dur=1ms,21.770,
2730,10,1073,2862613553,2026-07-14T15:26:26.907009+00:00,107.200182,55386,41,0202aaa00431d85a005a5811460e29efbf1ffffffc2246cd1e00000fc0007ebfe9ed0737feebfff600,1,TX 41 seq=16789 rx_latency=1ms tx_dur=1ms,24.529,
2730,10,1074,2862613554,2026-07-14T15:26:27.006996+00:00,107.300150,55486,41,0202aaa00432d8be005a5811460e29efbf1ffffffc2246cd1e00000fc0007ebfe9ed0737feebfff600,1,TX 41 seq=16790 rx_latency=1ms tx_dur=1ms,16.388,
2730,10,1075,2862613555,2026-07-14T15:26:27.106992+00:00,107.400140,55586,41,0202aaa00433d922005a5811460e29efbf1ffffffc2246cd1e00000fc0007ebfe9ed0737feebfff600,1,TX 41 seq=16791 rx_latency=1ms tx_dur=1ms,18.145,
2730,10,1076,2862613556,2026-07-14T15:26:27.206993+00:00,107.500142,55686,41,0202aaa00434d986005a5811460e29efbf1ffffffc2246cd1e00000fc0007ebfe9ed0737feebfff600,1,TX 41 seq=16792 rx_latency=1ms tx_dur=1ms,19.649,
2730,10,1077,2862613557,2026-07-14T15:26:27.306992+00:00,107.600139,55786,41,0202aaa00435d9ea005a5811460e29efbf1ffffffc2246cd1e00000fc0007ebfe9ed0737feebfff600,1,TX 41 seq=16793 rx_latency=1ms tx_dur=1ms,22.511,
2730,10,1078,2862613558,2026-07-14T15:26:27.406925+00:00,107.700075,55886,41,0202aaa00436da4e005a5811460e29efbf1ffffffc2246cd1e00000fc0007ebfe9ed0737feebfff600,1,TX 41 seq=16794 rx_latency=1ms tx_dur=1ms,14.306,
2730,10,1079,2862613559,2026-07-14T15:26:27.506992+00:00,107.800138,55986,41,0202aaa00437dab2005a5811460e29efbf1ffffffc2246cd1e00000fc0007ebfe9ed0737feebfff600,1,TX 41 seq=16795 rx_latency=1ms tx_dur=1ms,15.979,
2730,10,1080,2862613560,2026-07-14T15:26:27.606991+00:00,107.900137,56086,41,0202aaa00438db16005a5811460e29efbf1ffffffc2246cd1e00000fc0007ebfe9ed0737feebfff600,1,TX 41 seq=16796 rx_latency=1ms tx_dur=1ms,18.616,
2730,10,1081,2862613561,2026-07-14T15:26:27.706998+00:00,108.000155,56186,41,0202aaa00439db7a005a5811460e29efbf1ffffffc2246cd1e00000fc0007ebfe9ed0737feebfff600,1,TX 41 seq=16797 rx_latency=1ms tx_dur=1ms,20.301,
2730,10,1082,2862613562,2026-07-14T15:26:27.806965+00:00,108.100114,56286,41,0202aaa0043adbde005a5811460e29efbf1ffffffc2246cd1e00000fc0007ebfe9ed0737feebfff600,1,TX 41 seq=16798 rx_latency=1ms tx_dur=1ms,22.110,
2730,10,1083,2862613563,2026-07-14T15:26:27.906993+00:00,108.200141,56386,41,0202aaa0043bdc42005a5811460e29efbf1ffffffc2246cd1e00000fc0007ebfe9ed0737feebfff600,1,TX 41 seq=16799 rx_latency=1ms tx_dur=1ms,13.873,
2730,10,1084,2862613564,2026-07-14T15:26:28.006956+00:00,108.300116,56486,41,0202aaa0043cdca6005a5811460e29efbf1ffffffc2246cd1e00000fc0007ebfe9ed0737feebfff600,1,TX 41 seq=16800 rx_latency=1ms tx_dur=1ms,16.448,
2730,10,1085,2862613565,2026-07-14T15:26:28.106995+00:00,108.400144,56586,41,0202aaa0043ddd0a005a5811460e29efbf1ffffffc2246cd1e00000fc0007ebfe9ed0737feebfff600,1,TX 41 seq=16801 rx_latency=1ms tx_dur=1ms,18.157,
2730,10,1086,2862613566,2026-07-14T15:26:28.206917+00:00,108.500063,56686,41,0202aaa0043edd6e005a5811460e29efbf1ffffffc2246cd1e00000fc0007ebfe9ed0737feebfff600,1,TX 41 seq=16802 rx_latency=1ms tx_dur=1ms,19.983,
2730,10,1087,2862613567,2026-07-14T15:26:28.306991+00:00,108.600137,56786,41,0202aaa0043fddd2005a5811460e29efbf1ffffffc2246cd1e00000fc0007ebfe9ed0737feebfff600,1,TX 41 seq=16803 rx_latency=1ms tx_dur=1ms,21.661,
2730,10,1088,2862613568,2026-07-14T15:26:28.406992+00:00,108.700137,56886,41,0202aaa00440de36005a5811460e29efbf1ffffffc2246cd1e00000fc0007ebfe9ed0737feebfff600,1,TX 41 seq=16804 rx_latency=1ms tx_dur=1ms,14.303,
2730,10,1089,2862613569,2026-07-14T15:26:28.506997+00:00,108.800150,56986,41,0202aaa00441de9a005a5811460e29efbf1ffffffc2246cd1e00000fc0007ebfe9ed0737feebfff600,1,TX 41 seq=16805 rx_latency=1ms tx_dur=1ms,15.979,
2730,10,1090,2862613570,2026-07-14T15:26:28.606986+00:00,108.900132,57086,41,0202aaa00442defe005a5811460e29efbf1ffffffc2246cd1e00000fc0007ebfe9ed0737feebfff600,1,TX 41 seq=16806 rx_latency=1ms tx_dur=1ms,17.727,
2730,10,1091,2862613571,2026-07-14T15:26:28.706994+00:00,109.000143,57186,41,0202aaa00443df62005a5811460e29efbf1ffffffc2246cd1e00000fc0007ebfe9ed0737feebfff600,1,TX 41 seq=16807 rx_latency=1ms tx_dur=1ms,20.565,
2730,10,1092,2862613572,2026-07-14T15:26:28.806985+00:00,109.100126,57286,41,0202aaa00444dfc6005a5811460e29efbf1ffffffc2246cd1e00000fc0007ebfe9ed0737feebfff600,1,TX 41 seq=16808 rx_latency=1ms tx_dur=1ms,22.063,
2730,10,1093,2862613573,2026-07-14T15:26:28.906992+00:00,109.200137,57386,41,0202aaa00445e02a005a5811460e29efbf1ffffffc2246cd1e00000fc0007ebfe9ed0737feebfff600,1,TX 41 seq=16809 rx_latency=1ms tx_dur=1ms,13.857,
2730,10,1094,2862613574,2026-07-14T15:26:29.006992+00:00,109.300147,57486,41,0202aaa00446e08e005a5811460e29efbf1ffffffc2246cd1e00000fc0007ebfe9ed0737feebfff600,1,TX 41 seq=16810 rx_latency=1ms tx_dur=1ms,16.642,
2730,10,1095,2862613575,2026-07-14T15:26:29.106994+00:00,109.400145,57586,41,0202aaa00447e0f2005a5811460e29efbf1ffffffc2246cd1e00000fc0007ebfe9ed0737feebfff600,1,TX 41 seq=16811 rx_latency=1ms tx_dur=1ms,18.396,
2730,10,1096,2862613576,2026-07-14T15:26:29.206986+00:00,109.500129,57686,41,0202aaa00448e156005a5811460e29efbf1ffffffc2246cd1e00000fc0007ebfe9ed0737feebfff600,1,TX 41 seq=16812 rx_latency=1ms tx_dur=1ms,19.919,
2730,10,1097,2862613577,2026-07-14T15:26:29.306993+00:00,109.600140,57786,41,0202aaa00449e1ba005a5811460e29efbf1ffffffc2246cd1e00000fc0007ebfe9ed0737feebfff600,1,TX 41 seq=16813 rx_latency=1ms tx_dur=1ms,21.671,
2730,10,1098,2862613578,2026-07-14T15:26:29.406986+00:00,109.700128,57886,41,0202aaa0044ae21e005a5811460e29efbf1ffffffc2246cd1e00000fc0007ebfe9ed0737feebfff600,1,TX 41 seq=16814 rx_latency=1ms tx_dur=1ms,14.541,
2730,10,1099,2862613579,2026-07-14T15:26:29.506995+00:00,109.800146,57986,41,0202aaa0044be282005a5811460e29efbf1ffffffc2246cd1e00000fc0007ebfe9ed0737feebfff600,1,TX 41 seq=16815 rx_latency=1ms tx_dur=1ms,16.225,
2730,10,1100,2862613580,2026-07-14T15:26:29.606993+00:00,109.900139,58086,41,0202aaa0044ce2e6005a5811460e29efbf1ffffffc2246cd1e00000fc0007ebfe9ed0737feebfff600,1,TX 41 seq=16816 rx_latency=1ms tx_dur=1ms,17.763,
2730,10,1101,2862613581,2026-07-14T15:26:29.706995+00:00,110.000156,58186,41,0202aaa0044de34a005a5811460e29efbf1ffffffc2246cd1e00000fc0007ebfe9ed0737feebfff600,1,TX 41 seq=16817 rx_latency=1ms tx_dur=1ms,20.541,
2730,10,1102,2862613582,2026-07-14T15:26:29.806989+00:00,110.100138,58286,41,0202aaa0044ee3ae005a5811460e29efbf1ffffffc2246cd1e00000fc0007ebfe9ed0737feebfff600,1,TX 41 seq=16818 rx_latency=1ms tx_dur=1ms,22.267,
2730,10,1103,2862613583,2026-07-14T15:26:29.906992+00:00,110.200141,58386,41,0202aaa0044fe412005a5811460e29efbf1ffffffc2246cd1e00000fc0007ebfe9ed0737feebfff600,1,TX 41 seq=16819 rx_latency=1ms tx_dur=1ms,14.077,
2730,10,1104,2862613584,2026-07-14T15:26:30.006989+00:00,110.300148,58486,41,0202aaa00450e476005a5811460e29efbf1ffffffc2246cd1e00000fc0007ebfe9ed0737feebfff600,1,TX 41 seq=16820 rx_latency=1ms tx_dur=1ms,16.676,
2730,10,1105,2862613585,2026-07-14T15:26:30.106995+00:00,110.400148,58586,41,0202aaa00451e4da005a5811460e29efbf1ffffffc2246cd1e00000fc0007ebfe9ed0737feebfff600,1,TX 41 seq=16821 rx_latency=1ms tx_dur=1ms,18.418,
2730,10,1106,2862613586,2026-07-14T15:26:30.206992+00:00,110.500148,58686,41,0202aaa00452e53e005a5811460e29efbf1ffffffc2246cd1e00000fc0007ebfe9ed0737feebfff600,1,TX 41 seq=16822 rx_latency=1ms tx_dur=1ms,20.099,
2730,10,1107,2862613587,2026-07-14T15:26:30.306994+00:00,110.600146,58786,41,0202aaa00453e5a2005a5811460e29efbf1ffffffc2246cd1e00000fc0007ebfe9ed0737feebfff600,1,TX 41 seq=16823 rx_latency=1ms tx_dur=1ms,22.004,
2730,10,1108,2862613588,2026-07-14T15:26:30.406985+00:00,110.700129,58886,41,0202aaa00454e606005a5811460e29efbf1ffffffc2246cd1e00000fc0007ebfe9ed0737feebfff600,1,TX 41 seq=16824 rx_latency=1ms tx_dur=1ms,13.791,
2730,10,1109,2862613589,2026-07-14T15:26:30.506996+00:00,110.800151,58986,41,0202aaa00455e66a005a5811460e29efbf1ffffffc2246cd1e00000fc0007ebfe9ed0737feebfff600,1,TX 41 seq=16825 rx_latency=1ms tx_dur=1ms,16.373,
2730,10,1110,2862613590,2026-07-14T15:26:30.606993+00:00,110.900141,59086,41,0202aaa00456e6ce005a5811460e29efbf1ffffffc2246cd1e00000fc0007ebfe9ed0737feebfff600,1,TX 41 seq=16826 rx_latency=1ms tx_dur=1ms,18.132,
2730,10,1111,2862613591,2026-07-14T15:26:30.706992+00:00,111.000141,59186,41,0202aaa00457e732005a5811460e29efbf1ffffffc2246cd1e00000fc0007ebfe9ed0737feebfff600,1,TX 41 seq=16827 rx_latency=1ms tx_dur=1ms,19.885,
2730,10,1112,2862613592,2026-07-14T15:26:30.806992+00:00,111.100140,59286,41,0202aaa00458e796005a5811460e29efbf1ffffffc2246cd1e00000fc0007ebfe9ed0737feebfff600,1,TX 41 seq=16828 rx_latency=1ms tx_dur=1ms,22.697,
2730,10,1113,2862613593,2026-07-14T15:26:30.906986+00:00,111.200129,59386,41,0202aaa00459e7fa005a5811460e29efbf1ffffffc2246cd1e00000fc0007ebfe9ed0737feebfff600,1,TX 41 seq=16829 rx_latency=1ms tx_dur=1ms,14.273,
2730,10,1114,2862613594,2026-07-14T15:26:31.007014+00:00,111.300190,59486,41,0202aaa0045ae85e005a5811460e29efbf1ffffffc2246cd1e00000fc0007ebfe9ed0737feebfff600,1,TX 41 seq=16830 rx_latency=1ms tx_dur=1ms,15.834,
2730,10,1115,2862613595,2026-07-14T15:26:31.106921+00:00,111.400081,59586,41,0202aaa0045be8c2005a5811460e29efbf1ffffffc2246cd1e00000fc0007ebfe9ed0737feebfff600,1,TX 41 seq=16831 rx_latency=1ms tx_dur=1ms,17.711,
2730,10,1116,2862613596,2026-07-14T15:26:31.207004+00:00,111.500167,59686,41,0202aaa0045ce926005a5811460e29efbf1ffffffc2246cd1e00000fc0007ebfe9ed0737feebfff600,1,TX 41 seq=16832 rx_latency=1ms tx_dur=1ms,20.481,
2730,10,1117,2862613597,2026-07-14T15:26:31.306987+00:00,111.600136,59786,41,0202aaa0045de98a005a5811460e29efbf1ffffffc2246cd1e00000fc0007ebfe9ed0737feebfff600,1,TX 41 seq=16833 rx_latency=1ms tx_dur=1ms,22.007,
2730,10,1118,2862613598,2026-07-14T15:26:31.406994+00:00,111.700140,59886,41,0202aaa0045ee9ee005a5811460e29efbf1ffffffc2246cd1e00000fc0007ebfe9ed0737feebfff600,1,TX 41 seq=16834 rx_latency=1ms tx_dur=1ms,13.803,
2730,10,1119,2862613599,2026-07-14T15:26:31.507000+00:00,111.800160,59986,41,0202aaa0045fea52005a5811460e29efbf1ffffffc2246cd1e00000fc0007ebfe9ed0737feebfff600,1,TX 41 seq=16835 rx_latency=1ms tx_dur=1ms,16.595,
2730,10,1120,2862613600,2026-07-14T15:26:31.606997+00:00,111.900154,60086,41,0202aaa00460eab6005a5811460e29efbf1ffffffc2246cd1e00000fc0007ebfe9ed0737feebfff600,1,TX 41 seq=16836 rx_latency=1ms tx_dur=1ms,18.312,
2730,10,1121,2862613601,2026-07-14T15:26:31.707008+00:00,112.000183,60186,41,0202aaa00461eb1a005a5811460e29efbf1ffffffc2246cd1e00000fc0007ebfe9ed0737feebfff600,1,TX 41 seq=16837 rx_latency=1ms tx_dur=1ms,19.764,
2730,10,1122,2862613602,2026-07-14T15:26:31.806996+00:00,112.100148,60286,41,0202aaa00462eb7e005a5811460e29efbf1ffffffc2246cd1e00000fc0007ebfe9ed0737feebfff600,1,TX 41 seq=16838 rx_latency=1ms tx_dur=1ms,22.695,
2730,10,1123,2862613603,2026-07-14T15:26:31.906988+00:00,112.200133,60386,41,0202aaa00463ebe2005a5811460e29efbf1ffffffc2246cd1e00000fc0007ebfe9ed0737feebfff600,1,TX 41 seq=16839 rx_latency=1ms tx_dur=1ms,14.486,
2730,10,1124,2862613604,2026-07-14T15:26:32.006995+00:00,112.300141,60486,41,0202aaa00464ec46005a5811460e29efbf1ffffffc2246cd1e00000fc0007ebfe9ed0737feebfff600,1,TX 41 seq=16840 rx_latency=1ms tx_dur=1ms,16.216,
2730,10,1125,2862613605,2026-07-14T15:26:32.106984+00:00,112.400130,60586,41,0202aaa00465ecaa005a5811460e29efbf1ffffffc2246cd1e00000fc0007ebfe9ed0737feebfff600,1,TX 41 seq=16841 rx_latency=1ms tx_dur=1ms,17.720,
2730,10,1126,2862613606,2026-07-14T15:26:32.206994+00:00,112.500145,60686,41,0202aaa00466ed0e005a5811460e29efbf1ffffffc2246cd1e00000fc0007ebfe9ed0737feebfff600,1,TX 41 seq=16842 rx_latency=1ms tx_dur=1ms,20.553,
2730,10,1127,2862613607,2026-07-14T15:26:32.306993+00:00,112.600139,60786,41,0202aaa00467ed72005a5811460e29efbf1ffffffc2246cd1e00000fc0007ebfe9ed0737feebfff600,1,TX 41 seq=16843 rx_latency=1ms tx_dur=1ms,22.273,
2730,10,1128,2862613608,2026-07-14T15:26:32.406991+00:00,112.700136,60886,41,0202aaa00468edd6005a5811460e29efbf1ffffffc2246cd1e00000fc0007ebfe9ed0737feebfff600,1,TX 41 seq=16844 rx_latency=1ms tx_dur=1ms,14.050,
2730,10,1129,2862613609,2026-07-14T15:26:32.506993+00:00,112.800138,60986,41,0202aaa00469ee3a005a5811460e29efbf1ffffffc2246cd1e00000fc0007ebfe9ed0737feebfff600,1,TX 41 seq=16845 rx_latency=1ms tx_dur=1ms,16.665,
2730,10,1130,2862613610,2026-07-14T15:26:32.606992+00:00,112.900139,61086,41,0202aaa0046aee9e005a5811460e29efbf1ffffffc2246cd1e00000fc0007ebfe9ed0737feebfff600,1,TX 41 seq=16846 rx_latency=1ms tx_dur=1ms,18.431,
2730,10,1131,2862613611,2026-07-14T15:26:32.707001+00:00,113.000161,61186,41,0202aaa0046bef02005a5811460e29efbf1ffffffc2246cd1e00000fc0007ebfe9ed0737feebfff600,1,TX 41 seq=16847 rx_latency=1ms tx_dur=1ms,20.054,
2730,10,1132,2862613612,2026-07-14T15:26:32.806993+00:00,113.100140,61286,41,0202aaa0046cef66005a5811460e29efbf1ffffffc2246cd1e00000fc0007ebfe9ed0737feebfff600,1,TX 41 seq=16848 rx_latency=1ms tx_dur=1ms,21.835,
2730,10,1133,2862613613,2026-07-14T15:26:32.906991+00:00,113.200136,61386,41,0202aaa0046defca005a5811460e29efbf1ffffffc2246cd1e00000fc0007ebfe9ed0737feebfff600,1,TX 41 seq=16849 rx_latency=1ms tx_dur=1ms,14.460,
2730,10,1134,2862613614,2026-07-14T15:26:33.006986+00:00,113.300128,61486,41,0202aaa0046ef02e005a5811460e29efbf1ffffffc2246cd1e00000fc0007ebfe9ed0737feebfff600,1,TX 41 seq=16850 rx_latency=1ms tx_dur=1ms,16.314,
2730,10,1135,2862613615,2026-07-14T15:26:33.106995+00:00,113.400145,61586,41,0202aaa0046ff092005a5811460e29efbf1ffffffc2246cd1e00000fc0007ebfe9ed0737feebfff600,1,TX 41 seq=16851 rx_latency=1ms tx_dur=1ms,17.946,
2730,10,1136,2862613616,2026-07-14T15:26:33.206993+00:00,113.500144,61686,41,0202aaa00470f0f6005a5811460e29efbf1ffffffc2246cd1e00000fc0007ebfe9ed0737feebfff600,1,TX 41 seq=16852 rx_latency=1ms tx_dur=1ms,19.664,
2730,10,1137,2862613617,2026-07-14T15:26:33.306992+00:00,113.600139,61786,41,0202aaa00471f15a005a5811460e29efbf1ffffffc2246cd1e00000fc0007ebfe9ed0737feebfff600,1,TX 41 seq=16853 rx_latency=1ms tx_dur=1ms,22.533,
2730,10,1138,2862613618,2026-07-14T15:26:33.406918+00:00,113.700062,61886,41,0202aaa00472f1be005a5811460e29efbf1ffffffc2246cd1e00000fc0007ebfe9ed0737feebfff600,1,TX 41 seq=16854 rx_latency=1ms tx_dur=1ms,14.149,
2730,10,1139,2862613619,2026-07-14T15:26:33.507007+00:00,113.800174,61986,41,0202aaa00473f222005a5811460e29efbf1ffffffc2246cd1e00000fc0007ebfe9ed0737feebfff600,1,TX 41 seq=16855 rx_latency=1ms tx_dur=1ms,15.652,
2730,10,1140,2862613620,2026-07-14T15:26:33.606990+00:00,113.900140,62086,41,0202aaa00474f286005a5811460e29efbf1ffffffc2246cd1e00000fc0007ebfe9ed0737feebfff600,1,TX 41 seq=16856 rx_latency=1ms tx_dur=1ms,18.707,
2730,10,1141,2862613621,2026-07-14T15:26:33.706999+00:00,114.000158,62186,41,0202aaa00475f2ea005a5811460e29efbf1ffffffc2246cd1e00000fc0007ebfe9ed0737feebfff600,1,TX 41 seq=16857 rx_latency=1ms tx_dur=1ms,20.226,
2730,10,1142,2862613622,2026-07-14T15:26:33.806985+00:00,114.100133,62286,41,0202aaa00476f34e005a5811460e29efbf1ffffffc2246cd1e00000fc0007ebfe9ed0737feebfff600,1,TX 41 seq=16858 rx_latency=1ms tx_dur=1ms,21.937,
2730,10,1143,2862613623,2026-07-14T15:26:33.907002+00:00,114.200163,62386,41,0202aaa00477f3b2005a5811460e29efbf1ffffffc2246cd1e00000fc0007ebfe9ed0737feebfff600,1,TX 41 seq=16859 rx_latency=1ms tx_dur=1ms,13.597,
2730,10,1144,2862613624,2026-07-14T15:26:34.006990+00:00,114.300138,62486,41,0202aaa00478f416005a5811460e29efbf1ffffffc2246cd1e00000fc0007ebfe9ed0737feebfff600,1,TX 41 seq=16860 rx_latency=1ms tx_dur=1ms,16.460,
2730,10,1145,2862613625,2026-07-14T15:26:34.106987+00:00,114.400133,62586,41,0202aaa00479f47a005a5811460e29efbf1ffffffc2246cd1e00000fc0007ebfe9ed0737feebfff600,1,TX 41 seq=16861 rx_latency=1ms tx_dur=1ms,18.235,
2730,10,1146,2862613626,2026-07-14T15:26:34.206932+00:00,114.500084,62686,41,0202aaa0047af4de005a5811460e29efbf1ffffffc2246cd1e00000fc0007ebfe9ed0737feebfff600,1,TX 41 seq=16862 rx_latency=1ms tx_dur=1ms,19.718,
2730,10,1147,2862613627,2026-07-14T15:26:34.306985+00:00,114.600131,62786,41,0202aaa0047bf542005a5811460e29efbf1ffffffc2246cd1e00000fc0007ebfe9ed0737feebfff600,1,TX 41 seq=16863 rx_latency=1ms tx_dur=1ms,22.586,
2730,10,1148,2862613628,2026-07-14T15:26:34.406966+00:00,114.700116,62886,41,0202aaa0047cf5a6005a5811460e29efbf1ffffffc2246cd1e00000fc0007ebfe9ed0737feebfff600,1,TX 41 seq=16864 rx_latency=1ms tx_dur=1ms,14.328,
2730,10,1149,2862613629,2026-07-14T15:26:34.506995+00:00,114.800154,62986,41,0202aaa0047df60a005a5811460e29efbf1ffffffc2246cd1e00000fc0007ebfe9ed0737feebfff600,1,TX 41 seq=16865 rx_latency=1ms tx_dur=1ms,15.971,
2730,10,1150,2862613630,2026-07-14T15:26:34.606987+00:00,114.900135,63086,41,0202aaa0047ef66e005a5811460e29efbf1ffffffc2246cd1e00000fc0007ebfe9ed0737feebfff600,1,TX 41 seq=16866 rx_latency=1ms tx_dur=1ms,18.679,
2730,10,1151,2862613631,2026-07-14T15:26:34.706992+00:00,115.000142,63186,41,0202aaa0047ff6d2005a5811460e29efbf1ffffffc2246cd1e00000fc0007ebfe9ed0737feebfff600,1,TX 41 seq=16867 rx_latency=1ms tx_dur=1ms,20.356,
2730,10,1152,2862613632,2026-07-14T15:26:34.806984+00:00,115.100128,63286,41,0202aaa00480f736005a5811460e29efbf1ffffffc2246cd1e00000fc0007ebfe9ed0737feebfff600,1,TX 41 seq=16868 rx_latency=1ms tx_dur=1ms,22.160,
2730,10,1153,2862613633,2026-07-14T15:26:34.907010+00:00,115.200187,63386,41,0202aaa00481f79a005a5811460e29efbf1ffffffc2246cd1e00000fc0007ebfe9ed0737feebfff600,1,TX 41 seq=16869 rx_latency=1ms tx_dur=1ms,23.693,
2730,10,1154,2862613634,2026-07-14T15:26:35.006933+00:00,115.300086,63486,41,0202aaa00482f7fe005a5811460e29efbf1ffffffc2246cd1e00000fc0007ebfe9ed0737feebfff600,1,TX 41 seq=16870 rx_latency=1ms tx_dur=1ms,16.560,
2730,10,1155,2862613635,2026-07-14T15:26:35.106988+00:00,115.400136,63586,41,0202aaa00483f862005a5811460e29efbf1ffffffc2246cd1e00000fc0007ebfe9ed0737feebfff600,1,TX 41 seq=16871 rx_latency=1ms tx_dur=1ms,18.205,
2730,10,1156,2862613636,2026-07-14T15:26:35.206992+00:00,115.500142,63686,41,0202aaa00484f8c6005a5811460e29efbf1ffffffc2246cd1e00000fc0007ebfe9ed0737feebfff600,1,TX 41 seq=16872 rx_latency=1ms tx_dur=1ms,19.950,
2730,10,1157,2862613637,2026-07-14T15:26:35.306986+00:00,115.600130,63786,41,0202aaa00485f92a005a5811460e29efbf1ffffffc2246cd1e00000fc0007ebfe9ed0737feebfff600,1,TX 41 seq=16873 rx_latency=1ms tx_dur=1ms,22.822,
2730,10,1158,2862613638,2026-07-14T15:26:35.406994+00:00,115.700144,63886,41,0202aaa00486f98e005a5811460e29efbf1ffffffc2246cd1e00000fc0007ebfe9ed0737feebfff600,1,TX 41 seq=16874 rx_latency=1ms tx_dur=1ms,14.315,
2730,10,1159,2862613639,2026-07-14T15:26:35.506987+00:00,115.800132,63986,41,0202aaa00487f9f2005a5811460e29efbf1ffffffc2246cd1e00000fc0007ebfe9ed0737feebfff600,1,TX 41 seq=16875 rx_latency=1ms tx_dur=1ms,16.059,
2730,10,1160,2862613640,2026-07-14T15:26:35.607008+00:00,115.900176,64086,41,0202aaa00488fa56005a5811460e29efbf1ffffffc2246cd1e00000fc0007ebfe9ed0737feebfff600,1,TX 41 seq=16876 rx_latency=1ms tx_dur=1ms,17.695,
2730,10,1161,2862613641,2026-07-14T15:26:35.706987+00:00,116.000138,64186,41,0202aaa00489faba005a5811460e29efbf1ffffffc2246cd1e00000fc0007ebfe9ed0737feebfff600,1,TX 41 seq=16877 rx_latency=1ms tx_dur=1ms,20.590,
2730,10,1162,2862613642,2026-07-14T15:26:35.806993+00:00,116.100144,64286,41,0202aaa0048afb1e005a5811460e29efbf1ffffffc2246cd1e00000fc0007ebfe9ed0737feebfff600,1,TX 41 seq=16878 rx_latency=1ms tx_dur=1ms,22.129,
2730,10,1163,2862613643,2026-07-14T15:26:35.906985+00:00,116.200129,64386,41,0202aaa0048bfb82005a5811460e29efbf1ffffffc2246cd1e00000fc0007ebfe9ed0737feebfff600,1,TX 41 seq=16879 rx_latency=1ms tx_dur=1ms,13.925,
2730,10,1164,2862613644,2026-07-14T15:26:36.006924+00:00,116.300072,64486,41,0202aaa0048cfbe6005a5811460e29efbf1ffffffc2246cd1e00000fc0007ebfe9ed0737feebfff600,1,TX 41 seq=16880 rx_latency=1ms tx_dur=1ms,16.845,
2730,10,1165,2862613645,2026-07-14T15:26:36.106981+00:00,116.400124,64586,41,0202aaa0048dfc4a005a5811460e29efbf1ffffffc2246cd1e00000fc0007ebfe9ed0737feebfff600,1,TX 41 seq=16881 rx_latency=1ms tx_dur=1ms,18.466,
2730,10,1166,2862613646,2026-07-14T15:26:36.206996+00:00,116.500147,64686,41,0202aaa0048efcae005a5811460e29efbf1ffffffc2246cd1e00000fc0007ebfe9ed0737feebfff600,1,TX 41 seq=16882 rx_latency=1ms tx_dur=1ms,19.965,
2730,10,1167,2862613647,2026-07-14T15:26:36.306986+00:00,116.600129,64786,41,0202aaa0048ffd12005a5811460e29efbf1ffffffc2246cd1e00000fc0007ebfe9ed0737feebfff600,1,TX 41 seq=16883 rx_latency=1ms tx_dur=1ms,22.831,
2730,10,1168,2862613648,2026-07-14T15:26:36.406992+00:00,116.700140,64886,41,0202aaa00490fd76005a5811460e29efbf1ffffffc2246cd1e00000fc0007ebfe9ed0737feebfff600,1,TX 41 seq=16884 rx_latency=1ms tx_dur=1ms,14.579,
2730,10,1169,2862613649,2026-07-14T15:26:36.506985+00:00,116.800127,64986,41,0202aaa00491fdda005a5811460e29efbf1ffffffc2246cd1e00000fc0007ebfe9ed0737feebfff600,1,TX 41 seq=16885 rx_latency=1ms tx_dur=1ms,16.377,
2730,10,1170,2862613650,2026-07-14T15:26:36.606944+00:00,116.900100,65086,41,0202aaa00492fe3e005a5811460e29efbf1ffffffc2246cd1e00000fc0007ebfe9ed0737feebfff600,1,TX 41 seq=16886 rx_latency=1ms tx_dur=1ms,17.802,
2730,10,1171,2862613651,2026-07-14T15:26:36.706994+00:00,117.000146,65186,41,0202aaa00493fea2005a5811460e29efbf1ffffffc2246cd1e00000fc0007ebfe9ed0737feebfff600,1,TX 41 seq=16887 rx_latency=1ms tx_dur=1ms,20.626,
2730,10,1172,2862613652,2026-07-14T15:26:36.806986+00:00,117.100132,65286,41,0202aaa00494ff06005a5811460e29efbf1ffffffc2246cd1e00000fc0007ebfe9ed0737feebfff600,1,TX 41 seq=16888 rx_latency=1ms tx_dur=1ms,22.338,
2730,10,1173,2862613653,2026-07-14T15:26:36.906994+00:00,117.200143,65386,41,0202aaa00495ff6a005a5811460e29efbf1ffffffc2246cd1e00000fc0007ebfe9ed0737feebfff600,1,TX 41 seq=16889 rx_latency=1ms tx_dur=1ms,14.131,
2730,10,1174,2862613654,2026-07-14T15:26:37.006952+00:00,117.300095,65486,41,0202aaa00496ffce005a5811460e29efbf1ffffffc2246cd1e00000fc0007ebfe9ed0737feebfff600,1,TX 41 seq=16890 rx_latency=1ms tx_dur=1ms,15.944,
2730,10,1175,2862613655,2026-07-14T15:26:37.106993+00:00,117.400145,50,41,0202aaa004970032005a5811460e29efbf1ffffffc2246cd1e00000fc0007ebfe9ed0737feebfff600,1,TX 41 seq=16891 rx_latency=1ms tx_dur=1ms,18.454,
2730,10,1176,2862613656,2026-07-14T15:26:37.206949+00:00,117.500094,150,41,0202aaa004980096005a5811460e29efbf1ffffffc2246cd1e00000fc0007ebfe9ed0737feebfff600,1,TX 41 seq=16892 rx_latency=1ms tx_dur=1ms,20.217,
2730,10,1177,2862613657,2026-07-14T15:26:37.306993+00:00,117.600142,250,41,0202aaa0049900fa005a5811460e29efbf1ffffffc2246cd1e00000fc0007ebfe9ed0737feebfff600,1,TX 41 seq=16893 rx_latency=1ms tx_dur=1ms,21.946,
2730,10,1178,2862613658,2026-07-14T15:26:37.406985+00:00,117.700128,350,41,0202aaa0049a015e005a5811460e29efbf1ffffffc2246cd1e00000fc0007ebfe9ed0737feebfff600,1,TX 41 seq=16894 rx_latency=1ms tx_dur=1ms,14.851,
2730,10,1179,2862613659,2026-07-14T15:26:37.506993+00:00,117.800140,450,41,0202aaa0049b01c2005a5811460e29efbf1ffffffc2246cd1e00000fc0007ebfe9ed0737feebfff600,1,TX 41 seq=16895 rx_latency=1ms tx_dur=1ms,16.333,
2730,10,1180,2862613660,2026-07-14T15:26:37.606986+00:00,117.900128,550,41,0202aaa0049c0226005a5811460e29efbf1ffffffc2246cd1e00000fc0007ebfe9ed0737feebfff600,1,TX 41 seq=16896 rx_latency=1ms tx_dur=1ms,18.055,
2730,10,1181,2862613661,2026-07-14T15:26:37.707011+00:00,118.000188,650,41,0202aaa0049d028a005a5811460e29efbf1ffffffc2246cd1e00000fc0007ebfe9ed0737feebfff600,1,TX 41 seq=16897 rx_latency=1ms tx_dur=1ms,19.674,
2730,10,1182,2862613662,2026-07-14T15:26:37.806989+00:00,118.100138,750,41,0202aaa0049e02ee005a5811460e29efbf1ffffffc2246cd1e00000fc0007ebfe9ed0737feebfff600,1,TX 41 seq=16898 rx_latency=1ms tx_dur=1ms,22.545,
2730,10,1183,2862613663,2026-07-14T15:26:37.906994+00:00,118.200143,850,41,0202aaa0049f0352005a5811460e29efbf1ffffffc2246cd1e00000fc0007ebfe9ed0737feebfff600,1,TX 41 seq=16899 rx_latency=1ms tx_dur=1ms,14.156,
2730,10,1184,2862613664,2026-07-14T15:26:38.006986+00:00,118.300127,950,41,0202aaa004a003b6005a5811460e29efbf1ffffffc2246cd1e00000fc0007ebfe9ed0737feebfff600,1,TX 41 seq=16900 rx_latency=1ms tx_dur=1ms,15.927,
2730,10,1185,2862613665,2026-07-14T15:26:38.106991+00:00,118.400140,1050,41,0202aaa004a1041a005a5811460e29efbf1ffffffc2246cd1e00000fc0007ebfe9ed0737feebfff600,1,TX 41 seq=16901 rx_latency=1ms tx_dur=1ms,18.792,
2730,10,1186,2862613666,2026-07-14T15:26:38.206987+00:00,118.500133,1150,41,0202aaa004a2047e005a5811460e29efbf1ffffffc2246cd1e00000fc0007ebfe9ed0737feebfff600,1,TX 41 seq=16902 rx_latency=1ms tx_dur=1ms,20.413,
2730,10,1187,2862613667,2026-07-14T15:26:38.306993+00:00,118.600143,1250,41,0202aaa004a304e2005a5811460e29efbf1ffffffc2246cd1e00000fc0007ebfe9ed0737feebfff600,1,TX 41 seq=16903 rx_latency=1ms tx_dur=1ms,21.957,
2730,10,1188,2862613668,2026-07-14T15:26:38.406985+00:00,118.700127,1350,41,0202aaa004a40546005a5811460e29efbf1ffffffc2246cd1e00000fc0007ebfe9ed0737feebfff600,1,TX 41 seq=16904 rx_latency=1ms tx_dur=1ms,13.772,
2730,10,1189,2862613669,2026-07-14T15:26:38.506992+00:00,118.800140,1450,41,0202aaa004a505aa005a5811460e29efbf1ffffffc2246cd1e00000fc0007ebfe9ed0737feebfff600,1,TX 41 seq=16905 rx_latency=1ms tx_dur=1ms,16.566,
2730,10,1190,2862613670,2026-07-14T15:26:38.606984+00:00,118.900126,1550,41,0202aaa004a6060e005a5811460e29efbf1ffffffc2246cd1e00000fc0007ebfe9ed0737feebfff600,1,TX 41 seq=16906 rx_latency=1ms tx_dur=1ms,18.295,
2730,10,1191,2862613671,2026-07-14T15:26:38.706991+00:00,119.000138,1650,41,0202aaa004a70672005a5811460e29efbf1ffffffc2246cd1e00000fc0007ebfe9ed0737feebfff600,1,TX 41 seq=16907 rx_latency=1ms tx_dur=1ms,19.811,
2730,10,1192,2862613672,2026-07-14T15:26:38.806985+00:00,119.100127,1750,41,0202aaa004a806d6005a5811460e29efbf1ffffffc2246cd1e00000fc0007ebfe9ed0737feebfff600,1,TX 41 seq=16908 rx_latency=1ms tx_dur=1ms,22.608,
2730,10,1193,2862613673,2026-07-14T15:26:38.906990+00:00,119.200137,1850,41,0202aaa004a9073a005a5811460e29efbf1ffffffc2246cd1e00000fc0007ebfe9ed0737feebfff600,1,TX 41 seq=16909 rx_latency=1ms tx_dur=1ms,14.406,
2730,10,1194,2862613674,2026-07-14T15:26:39.006984+00:00,119.300125,1950,41,0202aaa004aa079e005a5811460e29efbf1ffffffc2246cd1e00000fc0007ebfe9ed0737feebfff600,1,TX 41 seq=16910 rx_latency=1ms tx_dur=1ms,16.148,
2730,10,1195,2862613675,2026-07-14T15:26:39.106991+00:00,119.400136,2050,41,0202aaa004ab0802005a5811460e29efbf1ffffffc2246cd1e00000fc0007ebfe9ed0737feebfff600,1,TX 41 seq=16911 rx_latency=1ms tx_dur=1ms,17.716,
2730,10,1196,2862613676,2026-07-14T15:26:39.206985+00:00,119.500128,2150,41,0202aaa004ac0866005a5811460e29efbf1ffffffc2246cd1e00000fc0007ebfe9ed0737feebfff600,1,TX 41 seq=16912 rx_latency=1ms tx_dur=1ms,20.465,
2730,10,1197,2862613677,2026-07-14T15:26:39.306991+00:00,119.600138,2250,41,0202aaa004ad08ca005a5811460e29efbf1ffffffc2246cd1e00000fc0007ebfe9ed0737feebfff600,1,TX 41 seq=16913 rx_latency=1ms tx_dur=1ms,22.211,
2730,10,1198,2862613678,2026-07-14T15:26:39.406987+00:00,119.700128,2350,41,0202aaa004ae092e005a5811460e29efbf1ffffffc2246cd1e00000fc0007ebfe9ed0737feebfff600,1,TX 41 seq=16914 rx_latency=1ms tx_dur=1ms,13.989,
2730,10,1199,2862613679,2026-07-14T15:26:39.506990+00:00,119.800135,2450,41,0202aaa004af0992005a5811460e29efbf1ffffffc2246cd1e00000fc0007ebfe9ed0737feebfff600,1,TX 41 seq=16915 rx_latency=1ms tx_dur=1ms,16.598,
2730,10,1200,2862613680,2026-07-14T15:26:39.606985+00:00,119.900127,2550,41,0202aaa004b009f6005a5811460e29efbf1ffffffc2246cd1e00000fc0007ebfe9ed0737feebfff600,1,TX 41 seq=16916 rx_latency=1ms tx_dur=1ms,18.320,
2730,10,1201,2862613681,2026-07-14T15:26:39.706998+00:00,120.000158,2650,41,0202aaa004b10a5a005a5811460e29efbf1ffffffc2246cd1e00000fc0007ebfe9ed0737feebfff600,1,TX 41 seq=16917 rx_latency=1ms tx_dur=1ms,19.954,
2730,10,1202,2862613682,2026-07-14T15:26:39.806992+00:00,120.100146,2750,41,0202aaa004b20abe005a5811460e29efbf1ffffffc2246cd1e00000fc0007ebfe9ed0737feebfff600,1,TX 41 seq=16918 rx_latency=1ms tx_dur=1ms,21.751,
2730,10,1203,2862613683,2026-07-14T15:26:39.906987+00:00,120.200132,2850,41,0202aaa004b30b22005a5811460e29efbf1ffffffc2246cd1e00000fc0007ebfe9ed0737feebfff600,1,TX 41 seq=16919 rx_latency=1ms tx_dur=1ms,14.437,
2730,10,1204,2862613684,2026-07-14T15:26:40.007009+00:00,120.300185,2950,41,0202aaa004b40b86005a5811460e29efbf1ffffffc2246cd1e00000fc0007ebfe9ed0737feebfff600,1,TX 41 seq=16920 rx_latency=1ms tx_dur=1ms,16.015,
2730,10,1205,2862613685,2026-07-14T15:26:40.106970+00:00,120.400121,3050,41,0202aaa004b50bea005a5811460e29efbf1ffffffc2246cd1e00000fc0007ebfe9ed0737feebfff600,1,TX 41 seq=16921 rx_latency=1ms tx_dur=1ms,17.859,
2730,10,1206,2862613686,2026-07-14T15:26:40.206995+00:00,120.500149,3150,41,0202aaa004b60c4e005a5811460e29efbf1ffffffc2246cd1e00000fc0007ebfe9ed0737feebfff600,1,TX 41 seq=16922 rx_latency=1ms tx_dur=1ms,20.745,
2730,10,1207,2862613687,2026-07-14T15:26:40.306987+00:00,120.600133,3250,41,0202aaa004b70cb2005a5811460e29efbf1ffffffc2246cd1e00000fc0007ebfe9ed0737feebfff600,1,TX 41 seq=16923 rx_latency=1ms tx_dur=1ms,22.192,
2730,10,1208,2862613688,2026-07-14T15:26:40.406993+00:00,120.700142,3350,41,0202aaa004b80d16005a5811460e29efbf1ffffffc2246cd1e00000fc0007ebfe9ed0737feebfff600,1,TX 41 seq=16924 rx_latency=1ms tx_dur=1ms,13.987,
2730,10,1209,2862613689,2026-07-14T15:26:40.506984+00:00,120.800129,3450,41,0202aaa004b90d7a005a5811460e29efbf1ffffffc2246cd1e00000fc0007ebfe9ed0737feebfff600,1,TX 41 seq=16925 rx_latency=1ms tx_dur=1ms,15.761,
2730,10,1210,2862613690,2026-07-14T15:26:40.607766+00:00,120.900933,3551,41,0202aaa004ba0ddf005a5811460e29efbf1ffffffc2246cd1e00000fc0007ebfe9ed0737feebfff600,1,TX 41 seq=16926 rx_latency=1ms tx_dur=1ms,17.574,
2730,10,1211,2862613691,2026-07-14T15:26:40.707001+00:00,121.000163,3650,41,0202aaa004bb0e42005a5811460e29efbf1ffffffc2246cd1e00000fc0007ebfe9ed0737feebfff600,1,TX 41 seq=16927 rx_latency=1ms tx_dur=1ms,20.389,
2730,10,1212,2862613692,2026-07-14T15:26:40.806959+00:00,121.100107,3750,41,0202aaa004bc0ea6005a5811460e29efbf1ffffffc2246cd1e00000fc0007ebfe9ed0737feebfff600,1,TX 41 seq=16928 rx_latency=1ms tx_dur=1ms,21.899,
2730,10,1213,2862613693,2026-07-14T15:26:40.906993+00:00,121.200142,3850,41,0202aaa004bd0f0a005a5811460e29efbf1ffffffc2246cd1e00000fc0007ebfe9ed0737feebfff600,1,TX 41 seq=16929 rx_latency=1ms tx_dur=1ms,13.676,
2730,10,1214,2862613694,2026-07-14T15:26:41.006991+00:00,121.300138,3950,41,0202aaa004be0f6e005a5811460e29efbf1ffffffc2246cd1e00000fc0007ebfe9ed0737feebfff600,1,TX 41 seq=16930 rx_latency=1ms tx_dur=1ms,16.556,
2730,10,1215,2862613695,2026-07-14T15:26:41.106990+00:00,121.400136,4050,41,0202aaa004bf0fd2005a5811460e29efbf1ffffffc2246cd1e00000fc0007ebfe9ed0737feebfff600,1,TX 41 seq=16931 rx_latency=1ms tx_dur=1ms,18.253,
2730,10,1216,2862613696,2026-07-14T15:26:41.206993+00:00,121.500141,4150,41,0202aaa004c01036005a5811460e29efbf1ffffffc2246cd1e00000fc0007ebfe9ed0737feebfff600,1,TX 41 seq=16932 rx_latency=1ms tx_dur=1ms,19.733,
2730,10,1217,2862613697,2026-07-14T15:26:41.306986+00:00,121.600131,4250,41,0202aaa004c1109a005a5811460e29efbf1ffffffc2246cd1e00000fc0007ebfe9ed0737feebfff600,1,TX 41 seq=16933 rx_latency=1ms tx_dur=1ms,22.553,
2730,10,1218,2862613698,2026-07-14T15:26:41.406995+00:00,121.700151,4350,41,0202aaa004c210fe005a5811460e29efbf1ffffffc2246cd1e00000fc0007ebfe9ed0737feebfff600,1,TX 41 seq=16934 rx_latency=1ms tx_dur=1ms,14.309,
2730,10,1219,2862613699,2026-07-14T15:26:41.506991+00:00,121.800140,4450,41,0202aaa004c31162005a5811460e29efbf1ffffffc2246cd1e00000fc0007ebfe9ed0737feebfff600,1,TX 41 seq=16935 rx_latency=1ms tx_dur=1ms,16.109,
2730,10,1220,2862613700,2026-07-14T15:26:41.606986+00:00,121.900131,4550,41,0202aaa004c411c6005a5811460e29efbf1ffffffc2246cd1e00000fc0007ebfe9ed0737feebfff600,1,TX 41 seq=16936 rx_latency=1ms tx_dur=1ms,18.689,
2730,10,1221,2862613701,2026-07-14T15:26:41.706991+00:00,122.000139,4650,41,0202aaa004c5122a005a5811460e29efbf1ffffffc2246cd1e00000fc0007ebfe9ed0737feebfff600,1,TX 41 seq=16937 rx_latency=1ms tx_dur=1ms,20.461,
2730,10,1222,2862613702,2026-07-14T15:26:41.806984+00:00,122.100130,4750,41,0202aaa004c6128e005a5811460e29efbf1ffffffc2246cd1e00000fc0007ebfe9ed0737feebfff600,1,TX 41 seq=16938 rx_latency=1ms tx_dur=1ms,22.120,
2730,10,1223,2862613703,2026-07-14T15:26:41.906992+00:00,122.200139,4850,41,0202aaa004c712f2005a5811460e29efbf1ffffffc2246cd1e00000fc0007ebfe9ed0737feebfff600,1,TX 41 seq=16939 rx_latency=1ms tx_dur=1ms,13.912,
2730,10,1224,2862613704,2026-07-14T15:26:42.006951+00:00,122.300098,4950,41,0202aaa004c81356005a5811460e29efbf1ffffffc2246cd1e00000fc0007ebfe9ed0737feebfff600,1,TX 41 seq=16940 rx_latency=1ms tx_dur=1ms,16.612,
2730,10,1225,2862613705,2026-07-14T15:26:42.106991+00:00,122.400137,5050,41,0202aaa004c913ba005a5811460e29efbf1ffffffc2246cd1e00000fc0007ebfe9ed0737feebfff600,1,TX 41 seq=16941 rx_latency=1ms tx_dur=1ms,18.270,
2730,10,1226,2862613706,2026-07-14T15:26:42.206931+00:00,122.500075,5150,41,0202aaa004ca141e005a5811460e29efbf1ffffffc2246cd1e00000fc0007ebfe9ed0737feebfff600,1,TX 41 seq=16942 rx_latency=1ms tx_dur=1ms,20.069,
2730,10,1227,2862613707,2026-07-14T15:26:42.306993+00:00,122.600142,5250,41,0202aaa004cb1482005a5811460e29efbf1ffffffc2246cd1e00000fc0007ebfe9ed0737feebfff600,1,TX 41 seq=16943 rx_latency=1ms tx_dur=1ms,21.719,
2730,10,1228,2862613708,2026-07-14T15:26:42.406992+00:00,122.700139,5350,41,0202aaa004cc14e6005a5811460e29efbf1ffffffc2246cd1e00000fc0007ebfe9ed0737feebfff600,1,TX 41 seq=16944 rx_latency=1ms tx_dur=1ms,14.378,
2730,10,1229,2862613709,2026-07-14T15:26:42.506990+00:00,122.800136,5450,41,0202aaa004cd154a005a5811460e29efbf1ffffffc2246cd1e00000fc0007ebfe9ed0737feebfff600,1,TX 41 seq=16945 rx_latency=1ms tx_dur=1ms,16.104,
2730,10,1230,2862613710,2026-07-14T15:26:42.606954+00:00,122.900098,5550,41,0202aaa004ce15ae005a5811460e29efbf1ffffffc2246cd1e00000fc0007ebfe9ed0737feebfff600,1,TX 41 seq=16946 rx_latency=1ms tx_dur=1ms,17.872,
2730,10,1231,2862613711,2026-07-14T15:26:42.706990+00:00,123.000136,5650,41,0202aaa004cf1612005a5811460e29efbf1ffffffc2246cd1e00000fc0007ebfe9ed0737feebfff600,1,TX 41 seq=16947 rx_latency=1ms tx_dur=1ms,20.670,
2730,10,1232,2862613712,2026-07-14T15:26:42.806991+00:00,123.100137,5750,41,0202aaa004d01676005a5811460e29efbf1ffffffc2246cd1e00000fc0007ebfe9ed0737feebfff600,1,TX 41 seq=16948 rx_latency=1ms tx_dur=1ms,22.184,
2730,10,1233,2862613713,2026-07-14T15:26:42.907009+00:00,123.200182,5850,41,0202aaa004d116da005a5811460e29efbf1ffffffc2246cd1e00000fc0007ebfe9ed0737feebfff600,1,TX 41 seq=16949 rx_latency=1ms tx_dur=1ms,13.826,
2730,10,1234,2862613714,2026-07-14T15:26:43.006993+00:00,123.300145,5950,41,0202aaa004d2173e005a5811460e29efbf1ffffffc2246cd1e00000fc0007ebfe9ed0737feebfff600,1,TX 41 seq=16950 rx_latency=1ms tx_dur=1ms,15.664,
2730,10,1235,2862613715,2026-07-14T15:26:43.106990+00:00,123.400137,6050,41,0202aaa004d317a2005a5811460e29efbf1ffffffc2246cd1e00000fc0007ebfe9ed0737feebfff600,1,TX 41 seq=16951 rx_latency=1ms tx_dur=1ms,18.503,
2730,10,1236,2862613716,2026-07-14T15:26:43.206991+00:00,123.500138,6150,41,0202aaa004d41806005a5811460e29efbf1ffffffc2246cd1e00000fc0007ebfe9ed0737feebfff600,1,TX 41 seq=16952 rx_latency=1ms tx_dur=1ms,20.022,
2730,10,1237,2862613717,2026-07-14T15:26:43.306989+00:00,123.600137,6250,41,0202aaa004d5186a005a5811460e29efbf1ffffffc2246cd1e00000fc0007ebfe9ed0737feebfff600,1,TX 41 seq=16953 rx_latency=1ms tx_dur=1ms,21.744,
2730,10,1238,2862613718,2026-07-14T15:26:43.406993+00:00,123.700140,6350,41,0202aaa004d618ce005a5811460e29efbf1ffffffc2246cd1e00000fc0007ebfe9ed0737feebfff600,1,TX 41 seq=16954 rx_latency=1ms tx_dur=1ms,14.623,
2730,10,1239,2862613719,2026-07-14T15:26:43.506991+00:00,123.800138,6450,41,0202aaa004d71932005a5811460e29efbf1ffffffc2246cd1e00000fc0007ebfe9ed0737feebfff600,1,TX 41 seq=16955 rx_latency=1ms tx_dur=1ms,16.346,
2730,10,1240,2862613720,2026-07-14T15:26:43.606989+00:00,123.900135,6550,41,0202aaa004d81996005a5811460e29efbf1ffffffc2246cd1e00000fc0007ebfe9ed0737feebfff600,1,TX 41 seq=16956 rx_latency=1ms tx_dur=1ms,18.102,
2730,10,1241,2862613721,2026-07-14T15:26:43.707013+00:00,124.000193,6650,41,0202aaa004d919fa005a5811460e29efbf1ffffffc2246cd1e00000fc0007ebfe9ed0737feebfff600,1,TX 41 seq=16957 rx_latency=1ms tx_dur=1ms,20.561,
2730,10,1242,2862613722,2026-07-14T15:26:43.806988+00:00,124.100136,6750,41,0202aaa004da1a5e005a5811460e29efbf1ffffffc2246cd1e00000fc0007ebfe9ed0737feebfff600,1,TX 41 seq=16958 rx_latency=1ms tx_dur=1ms,22.363,
2730,10,1243,2862613723,2026-07-14T15:26:43.906993+00:00,124.200144,6850,41,0202aaa004db1ac2005a5811460e29efbf1ffffffc2246cd1e00000fc0007ebfe9ed0737feebfff600,1,TX 41 seq=16959 rx_latency=1ms tx_dur=1ms,14.179,
2730,10,1244,2862613724,2026-07-14T15:26:44.006992+00:00,124.300139,6950,41,0202aaa004dc1b26005a5811460e29efbf1ffffffc2246cd1e00000fc0007ebfe9ed0737feebfff600,1,TX 41 seq=16960 rx_latency=1ms tx_dur=1ms,15.918,
2730,10,1245,2862613725,2026-07-14T15:26:44.106992+00:00,124.400138,7050,41,0202aaa004dd1b8a005a5811460e29efbf1ffffffc2246cd1e00000fc0007ebfe9ed0737feebfff600,1,TX 41 seq=16961 rx_latency=1ms tx_dur=1ms,18.537,
2730,10,1246,2862613726,2026-07-14T15:26:44.206991+00:00,124.500136,7150,41,0202aaa004de1bee005a5811460e29efbf1ffffffc2246cd1e00000fc0007ebfe9ed0737feebfff600,1,TX 41 seq=16962 rx_latency=1ms tx_dur=1ms,20.268,
2730,10,1247,2862613727,2026-07-14T15:26:44.306991+00:00,124.600139,7250,41,0202aaa004df1c52005a5811460e29efbf1ffffffc2246cd1e00000fc0007ebfe9ed0737feebfff600,1,TX 41 seq=16963 rx_latency=1ms tx_dur=1ms,21.971,
2730,10,1248,2862613728,2026-07-14T15:26:44.406986+00:00,124.700130,7350,41,0202aaa004e01cb6005a5811460e29efbf1ffffffc2246cd1e00000fc0007ebfe9ed0737feebfff600,1,TX 41 seq=16964 rx_latency=1ms tx_dur=1ms,13.780,
2730,10,1249,2862613729,2026-07-14T15:26:44.506991+00:00,124.800138,7450,41,0202aaa004e11d1a005a5811460e29efbf1ffffffc2246cd1e00000fc0007ebfe9ed0737feebfff600,1,TX 41 seq=16965 rx_latency=1ms tx_dur=1ms,16.375,
2730,10,1250,2862613730,2026-07-14T15:26:44.606992+00:00,124.900137,7550,41,0202aaa004e21d7e005a5811460e29efbf1ffffffc2246cd1e00000fc0007ebfe9ed0737feebfff600,1,TX 41 seq=16966 rx_latency=1ms tx_dur=1ms,18.117,
2730,10,1251,2862613731,2026-07-14T15:26:44.706990+00:00,125.000135,7650,41,0202aaa004e31de2005a5811460e29efbf1ffffffc2246cd1e00000fc0007ebfe9ed0737feebfff600,1,TX 41 seq=16967 rx_latency=1ms tx_dur=1ms,19.827,
2730,10,1252,2862613732,2026-07-14T15:26:44.806989+00:00,125.100133,7750,41,0202aaa004e41e46005a5811460e29efbf1ffffffc2246cd1e00000fc0007ebfe9ed0737feebfff600,1,TX 41 seq=16968 rx_latency=1ms tx_dur=1ms,22.673,
2730,10,1253,2862613733,2026-07-14T15:26:44.906985+00:00,125.200127,7850,41,0202aaa004e51eaa005a5811460e29efbf1ffffffc2246cd1e00000fc0007ebfe9ed0737feebfff600,1,TX 41 seq=16969 rx_latency=1ms tx_dur=1ms,14.239,
2730,10,1254,2862613734,2026-07-14T15:26:45.006947+00:00,125.300094,7950,41,0202aaa004e61f0e005a5811460e29efbf1ffffffc2246cd1e00000fc0007ebfe9ed0737feebfff600,1,TX 41 seq=16970 rx_latency=1ms tx_dur=1ms,15.989,
2730,10,1255,2862613735,2026-07-14T15:26:45.106991+00:00,125.400137,8050,41,0202aaa004e71f72005a5811460e29efbf1ffffffc2246cd1e00000fc0007ebfe9ed0737feebfff600,1,TX 41 seq=16971 rx_latency=1ms tx_dur=1ms,18.779,
2730,10,1256,2862613736,2026-07-14T15:26:45.206990+00:00,125.500136,8150,41,0202aaa004e81fd6005a5811460e29efbf1ffffffc2246cd1e00000fc0007ebfe9ed0737feebfff600,1,TX 41 seq=16972 rx_latency=1ms tx_dur=1ms,20.552,
2730,10,1257,2862613737,2026-07-14T15:26:45.306991+00:00,125.600136,8250,41,0202aaa004e9203a005a5811460e29efbf1ffffffc2246cd1e00000fc0007ebfe9ed0737feebfff600,1,TX 41 seq=16973 rx_latency=1ms tx_dur=1ms,22.013,
2730,10,1258,2862613738,2026-07-14T15:26:45.406991+00:00,125.700137,8350,41,0202aaa004ea209e005a5811460e29efbf1ffffffc2246cd1e00000fc0007ebfe9ed0737feebfff600,1,TX 41 seq=16974 rx_latency=1ms tx_dur=1ms,13.770,
2730,10,1259,2862613739,2026-07-14T15:26:45.506990+00:00,125.800136,8450,41,0202aaa004eb2102005a5811460e29efbf1ffffffc2246cd1e00000fc0007ebfe9ed0737feebfff600,1,TX 41 seq=16975 rx_latency=1ms tx_dur=1ms,16.622,
2730,10,1260,2862613740,2026-07-14T15:26:45.606984+00:00,125.900127,8550,41,0202aaa004ec2166005a5811460e29efbf1ffffffc2246cd1e00000fc0007ebfe9ed0737feebfff600,1,TX 41 seq=16976 rx_latency=1ms tx_dur=1ms,18.339,
2730,10,1261,2862613741,2026-07-14T15:26:45.706991+00:00,126.000137,8650,41,0202aaa004ed21ca005a5811460e29efbf1ffffffc2246cd1e00000fc0007ebfe9ed0737feebfff600,1,TX 41 seq=16977 rx_latency=1ms tx_dur=1ms,19.890,
2730,10,1262,2862613742,2026-07-14T15:26:45.806992+00:00,126.100137,8750,41,0202aaa004ee222e005a5811460e29efbf1ffffffc2246cd1e00000fc0007ebfe9ed0737feebfff600,1,TX 41 seq=16978 rx_latency=1ms tx_dur=1ms,22.698,
2730,10,1263,2862613743,2026-07-14T15:26:45.906993+00:00,126.200139,8850,41,0202aaa004ef2292005a5811460e29efbf1ffffffc2246cd1e00000fc0007ebfe9ed0737feebfff600,1,TX 41 seq=16979 rx_latency=1ms tx_dur=1ms,14.450,
2730,10,1264,2862613744,2026-07-14T15:26:46.006991+00:00,126.300136,8950,41,0202aaa004f022f6005a5811460e29efbf1ffffffc2246cd1e00000fc0007ebfe9ed0737feebfff600,1,TX 41 seq=16980 rx_latency=1ms tx_dur=1ms,16.177,
2730,10,1265,2862613745,2026-07-14T15:26:46.106991+00:00,126.400136,9050,41,0202aaa004f1235a005a5811460e29efbf1ffffffc2246cd1e00000fc0007ebfe9ed0737feebfff600,1,TX 41 seq=16981 rx_latency=1ms tx_dur=1ms,17.702,
2730,10,1266,2862613746,2026-07-14T15:26:46.206989+00:00,126.500134,9150,41,0202aaa004f223be005a5811460e29efbf1ffffffc2246cd1e00000fc0007ebfe9ed0737feebfff600,1,TX 41 seq=16982 rx_latency=1ms tx_dur=1ms,20.576,
2730,10,1267,2862613747,2026-07-14T15:26:46.306991+00:00,126.600137,9250,41,0202aaa004f32422005a5811460e29efbf1ffffffc2246cd1e00000fc0007ebfe9ed0737feebfff600,1,TX 41 seq=16983 rx_latency=1ms tx_dur=1ms,22.261,
2730,10,1268,2862613748,2026-07-14T15:26:46.406992+00:00,126.700139,9350,41,0202aaa004f42486005a5811460e29efbf1ffffffc2246cd1e00000fc0007ebfe9ed0737feebfff600,1,TX 41 seq=16984 rx_latency=1ms tx_dur=1ms,14.018,
2730,10,1269,2862613749,2026-07-14T15:26:46.506991+00:00,126.800138,9450,41,0202aaa004f524ea005a5811460e29efbf1ffffffc2246cd1e00000fc0007ebfe9ed0737feebfff600,1,TX 41 seq=16985 rx_latency=1ms tx_dur=1ms,16.635,
2730,10,1270,2862613750,2026-07-14T15:26:46.606991+00:00,126.900137,9550,41,0202aaa004f6254e005a5811460e29efbf1ffffffc2246cd1e00000fc0007ebfe9ed0737feebfff600,1,TX 41 seq=16986 rx_latency=1ms tx_dur=1ms,18.361,
2730,10,1271,2862613751,2026-07-14T15:26:46.706991+00:00,127.000137,9650,41,0202aaa004f725b2005a5811460e29efbf1ffffffc2246cd1e00000fc0007ebfe9ed0737feebfff600,1,TX 41 seq=16987 rx_latency=1ms tx_dur=1ms,20.098,
2730,10,1272,2862613752,2026-07-14T15:26:46.806991+00:00,127.100136,9750,41,0202aaa004f82616005a5811460e29efbf1ffffffc2246cd1e00000fc0007ebfe9ed0737feebfff600,1,TX 41 seq=16988 rx_latency=1ms tx_dur=1ms,21.832,
2730,10,1273,2862613753,2026-07-14T15:26:46.906993+00:00,127.200140,9850,41,0202aaa004f9267a005a5811460e29efbf1ffffffc2246cd1e00000fc0007ebfe9ed0737feebfff600,1,TX 41 seq=16989 rx_latency=1ms tx_dur=1ms,14.484,
2730,10,1274,2862613754,2026-07-14T15:26:47.006991+00:00,127.300137,9950,41,0202aaa004fa26de005a5811460e29efbf1ffffffc2246cd1e00000fc0007ebfe9ed0737feebfff600,1,TX 41 seq=16990 rx_latency=1ms tx_dur=1ms,16.213,
2730,10,1275,2862613755,2026-07-14T15:26:47.106992+00:00,127.400137,10050,41,0202aaa004fb2742005a5811460e29efbf1ffffffc2246cd1e00000fc0007ebfe9ed0737feebfff600,1,TX 41 seq=16991 rx_latency=1ms tx_dur=1ms,17.937,
2730,10,1276,2862613756,2026-07-14T15:26:47.206991+00:00,127.500136,10150,41,0202aaa004fc27a6005a5811460e29efbf1ffffffc2246cd1e00000fc0007ebfe9ed0737feebfff600,1,TX 41 seq=16992 rx_latency=1ms tx_dur=1ms,20.781,
2730,10,1277,2862613757,2026-07-14T15:26:47.306989+00:00,127.600133,10250,41,0202aaa004fd280a005a5811460e29efbf1ffffffc2246cd1e00000fc0007ebfe9ed0737feebfff600,1,TX 41 seq=16993 rx_latency=1ms tx_dur=1ms,22.629,
2730,10,1278,2862613758,2026-07-14T15:26:47.406991+00:00,127.700138,10350,41,0202aaa004fe286e005a5811460e29efbf1ffffffc2246cd1e00000fc0007ebfe9ed0737feebfff600,1,TX 41 seq=16994 rx_latency=1ms tx_dur=1ms,14.173,
2730,10,1279,2862613759,2026-07-14T15:26:47.506993+00:00,127.800140,10450,41,0202aaa004ff28d2005a5811460e29efbf1ffffffc2246cd1e00000fc0007ebfe9ed0737feebfff600,1,TX 41 seq=16995 rx_latency=1ms tx_dur=1ms,15.893,
2730,10,1280,2862613760,2026-07-14T15:26:47.606991+00:00,127.900137,10550,41,0202aaa005002936005a5811460e29efbf1ffffffc2246cd1e00000fc0007ebfe9ed0737feebfff600,1,TX 41 seq=16996 rx_latency=1ms tx_dur=1ms,18.757,
2730,10,1281,2862613761,2026-07-14T15:26:47.706995+00:00,128.000147,10650,41,0202aaa00501299a005a5811460e29efbf1ffffffc2246cd1e00000fc0007ebfe9ed0737feebfff600,1,TX 41 seq=16997 rx_latency=1ms tx_dur=1ms,20.465,
2730,10,1282,2862613762,2026-07-14T15:26:47.806992+00:00,128.100138,10750,41,0202aaa0050229fe005a5811460e29efbf1ffffffc2246cd1e00000fc0007ebfe9ed0737feebfff600,1,TX 41 seq=16998 rx_latency=1ms tx_dur=1ms,21.975,
2730,10,1283,2862613763,2026-07-14T15:26:47.906992+00:00,128.200140,10850,41,0202aaa005032a62005a5811460e29efbf1ffffffc2246cd1e00000fc0007ebfe9ed0737feebfff600,1,TX 41 seq=16999 rx_latency=1ms tx_dur=1ms,13.733,
2730,10,1284,2862613764,2026-07-14T15:26:48.006989+00:00,128.300135,10950,41,0202aaa005042ac6005a5811460e29efbf1ffffffc2246cd1e00000fc0007ebfe9ed0737feebfff600,1,TX 41 seq=17000 rx_latency=1ms tx_dur=1ms,16.585,
2730,10,1285,2862613765,2026-07-14T15:26:48.106990+00:00,128.400135,11050,41,0202aaa005052b2a005a5811460e29efbf1ffffffc2246cd1e00000fc0007ebfe9ed0737feebfff600,1,TX 41 seq=17001 rx_latency=1ms tx_dur=1ms,18.304,
2730,10,1286,2862613766,2026-07-14T15:26:48.206991+00:00,128.500136,11150,41,0202aaa005062b8e005a5811460e29efbf1ffffffc2246cd1e00000fc0007ebfe9ed0737feebfff600,1,TX 41 seq=17002 rx_latency=1ms tx_dur=1ms,19.819,
2730,10,1287,2862613767,2026-07-14T15:26:48.306991+00:00,128.600136,11250,41,0202aaa005072bf2005a5811460e29efbf1ffffffc2246cd1e00000fc0007ebfe9ed0737feebfff600,1,TX 41 seq=17003 rx_latency=1ms tx_dur=1ms,22.650,
2730,10,1288,2862613768,2026-07-14T15:26:48.406991+00:00,128.700137,11350,41,0202aaa005082c56005a5811460e29efbf1ffffffc2246cd1e00000fc0007ebfe9ed0737feebfff600,1,TX 41 seq=17004 rx_latency=1ms tx_dur=1ms,14.413,
2730,10,1289,2862613769,2026-07-14T15:26:48.506994+00:00,128.800144,11450,41,0202aaa005092cba005a5811460e29efbf1ffffffc2246cd1e00000fc0007ebfe9ed0737feebfff600,1,TX 41 seq=17005 rx_latency=1ms tx_dur=1ms,16.128,
2730,10,1290,2862613770,2026-07-14T15:26:48.606998+00:00,128.900161,11550,41,0202aaa0050a2d1e005a5811460e29efbf1ffffffc2246cd1e00000fc0007ebfe9ed0737feebfff600,1,TX 41 seq=17006 rx_latency=1ms tx_dur=1ms,18.730,
2730,10,1291,2862613771,2026-07-14T15:26:48.706997+00:00,129.000149,11650,41,0202aaa0050b2d82005a5811460e29efbf1ffffffc2246cd1e00000fc0007ebfe9ed0737feebfff600,1,TX 41 seq=17007 rx_latency=1ms tx_dur=1ms,20.487,
2730,10,1292,2862613772,2026-07-14T15:26:48.806992+00:00,129.100140,11750,41,0202aaa0050c2de6005a5811460e29efbf1ffffffc2246cd1e00000fc0007ebfe9ed0737feebfff600,1,TX 41 seq=17008 rx_latency=1ms tx_dur=1ms,22.215,
2730,10,1293,2862613773,2026-07-14T15:26:48.906986+00:00,129.200134,11850,41,0202aaa0050d2e4a005a5811460e29efbf1ffffffc2246cd1e00000fc0007ebfe9ed0737feebfff600,1,TX 41 seq=17009 rx_latency=1ms tx_dur=1ms,13.978,
2730,10,1294,2862613774,2026-07-14T15:26:49.007019+00:00,129.300195,11950,41,0202aaa0050e2eae005a5811460e29efbf1ffffffc2246cd1e00000fc0007ebfe9ed0737feebfff600,1,TX 41 seq=17010 rx_latency=1ms tx_dur=1ms,16.441,
2730,10,1295,2862613775,2026-07-14T15:26:49.106997+00:00,129.400155,12050,41,0202aaa0050f2f12005a5811460e29efbf1ffffffc2246cd1e00000fc0007ebfe9ed0737feebfff600,1,TX 41 seq=17011 rx_latency=1ms tx_dur=1ms,18.268,
2730,10,1296,2862613776,2026-07-14T15:26:49.207002+00:00,129.500156,12150,41,0202aaa005102f76005a5811460e29efbf1ffffffc2246cd1e00000fc0007ebfe9ed0737feebfff600,1,TX 41 seq=17012 rx_latency=1ms tx_dur=1ms,20.017,
2730,10,1297,2862613777,2026-07-14T15:26:49.306996+00:00,129.600149,12250,41,0202aaa005112fda005a5811460e29efbf1ffffffc2246cd1e00000fc0007ebfe9ed0737feebfff600,1,TX 41 seq=17013 rx_latency=1ms tx_dur=1ms,22.741,
2730,10,1298,2862613778,2026-07-14T15:26:49.406987+00:00,129.700130,12350,41,0202aaa00512303e005a5811460e29efbf1ffffffc2246cd1e00000fc0007ebfe9ed0737feebfff600,1,TX 41 seq=17014 rx_latency=1ms tx_dur=1ms,14.506,
2730,10,1299,2862613779,2026-07-14T15:26:49.506996+00:00,129.800145,12450,41,0202aaa0051330a2005a5811460e29efbf1ffffffc2246cd1e00000fc0007ebfe9ed0737feebfff600,1,TX 41 seq=17015 rx_latency=1ms tx_dur=1ms,16.147,
2730,10,1300,2862613780,2026-07-14T15:26:49.607001+00:00,129.900148,12550,41,0202aaa005143106005a5811460e29efbf1ffffffc2246cd1e00000fc0007ebfe9ed0737feebfff600,1,TX 41 seq=17016 rx_latency=1ms tx_dur=1ms,18.153,
2730,10,1301,2862613781,2026-07-14T15:26:49.707009+00:00,130.000185,12650,41,0202aaa00515316a005a5811460e29efbf1ffffffc2246cd1e00000fc0007ebfe9ed0737feebfff600,1,TX 41 seq=17017 rx_latency=1ms tx_dur=1ms,20.562,
2730,10,1302,2862613782,2026-07-14T15:26:49.806960+00:00,130.100108,12750,41,0202aaa0051631ce005a5811460e29efbf1ffffffc2246cd1e00000fc0007ebfe9ed0737feebfff600,1,TX 41 seq=17018 rx_latency=1ms tx_dur=1ms,22.615,
2730,10,1303,2862613783,2026-07-14T15:26:49.906980+00:00,130.200137,12850,41,0202aaa005173232005a5811460e29efbf1ffffffc2246cd1e00000fc0007ebfe9ed0737feebfff600,1,TX 41 seq=17019 rx_latency=1ms tx_dur=1ms,13.937,
2730,10,1304,2862613784,2026-07-14T15:26:50.006987+00:00,130.300131,12950,41,0202aaa005183296005a5811460e29efbf1ffffffc2246cd1e00000fc0007ebfe9ed0737feebfff600,1,TX 41 seq=17020 rx_latency=1ms tx_dur=1ms,15.829,
2730,10,1305,2862613785,2026-07-14T15:26:50.106992+00:00,130.400140,13050,41,0202aaa0051932fa005a5811460e29efbf1ffffffc2246cd1e00000fc0007ebfe9ed0737feebfff600,1,TX 41 seq=17021 rx_latency=1ms tx_dur=1ms,18.506,
2730,10,1306,2862613786,2026-07-14T15:26:50.206915+00:00,130.500062,13150,41,0202aaa0051a335e005a5811460e29efbf1ffffffc2246cd1e00000fc0007ebfe9ed0737feebfff600,1,TX 41 seq=17022 rx_latency=1ms tx_dur=1ms,20.446,
2730,10,1307,2862613787,2026-07-14T15:26:50.306964+00:00,130.600112,13250,41,0202aaa0051b33c2005a5811460e29efbf1ffffffc2246cd1e00000fc0007ebfe9ed0737feebfff600,1,TX 41 seq=17023 rx_latency=1ms tx_dur=1ms,21.758,
2730,10,1308,2862613788,2026-07-14T15:26:50.406937+00:00,130.700079,13350,41,0202aaa0051c3426005a5811460e29efbf1ffffffc2246cd1e00000fc0007ebfe9ed0737feebfff600,1,TX 41 seq=17024 rx_latency=1ms tx_dur=1ms,14.773,
2730,10,1309,2862613789,2026-07-14T15:26:50.506993+00:00,130.800144,13450,41,0202aaa0051d348a005a5811460e29efbf1ffffffc2246cd1e00000fc0007ebfe9ed0737feebfff600,1,TX 41 seq=17025 rx_latency=1ms tx_dur=1ms,16.378,
2730,10,1310,2862613790,2026-07-14T15:26:50.606965+00:00,130.900110,13550,41,0202aaa0051e34ee005a5811460e29efbf1ffffffc2246cd1e00000fc0007ebfe9ed0737feebfff600,1,TX 41 seq=17026 rx_latency=1ms tx_dur=1ms,18.204,
2730,10,1311,2862613791,2026-07-14T15:26:50.707005+00:00,131.000171,13650,41,0202aaa0051f3552005a5811460e29efbf1ffffffc2246cd1e00000fc0007ebfe9ed0737feebfff600,1,TX 41 seq=17027 rx_latency=1ms tx_dur=1ms,20.653,
2730,10,1312,2862613792,2026-07-14T15:26:50.806987+00:00,131.100132,13750,41,0202aaa0052035b6005a5811460e29efbf1ffffffc2246cd1e00000fc0007ebfe9ed0737feebfff600,1,TX 41 seq=17028 rx_latency=1ms tx_dur=1ms,22.524,
2730,10,1313,2862613793,2026-07-14T15:26:50.906915+00:00,131.200063,13850,41,0202aaa00521361a005a5811460e29efbf1ffffffc2246cd1e00000fc0007ebfe9ed0737feebfff600,1,TX 41 seq=17029 rx_latency=1ms tx_dur=1ms,14.305,
2730,10,1314,2862613794,2026-07-14T15:26:51.006967+00:00,131.300109,13950,41,0202aaa00522367e005a5811460e29efbf1ffffffc2246cd1e00000fc0007ebfe9ed0737feebfff600,1,TX 41 seq=17030 rx_latency=1ms tx_dur=1ms,16.004,
2730,10,1315,2862613795,2026-07-14T15:26:51.106991+00:00,131.400138,14050,41,0202aaa0052336e2005a5811460e29efbf1ffffffc2246cd1e00000fc0007ebfe9ed0737feebfff600,1,TX 41 seq=17031 rx_latency=1ms tx_dur=1ms,18.588,
2730,10,1316,2862613796,2026-07-14T15:26:51.206964+00:00,131.500108,14150,41,0202aaa005243746005a5811460e29efbf1ffffffc2246cd1e00000fc0007ebfe9ed0737feebfff600,1,TX 41 seq=17032 rx_latency=1ms tx_dur=1ms,20.390,
2730,10,1317,2862613797,2026-07-14T15:26:51.306939+00:00,131.600086,14250,41,0202aaa0052537aa005a5811460e29efbf1ffffffc2246cd1e00000fc0007ebfe9ed0737feebfff600,1,TX 41 seq=17033 rx_latency=1ms tx_dur=1ms,22.107,
2730,10,1318,2862613798,2026-07-14T15:26:51.406984+00:00,131.700126,14350,41,0202aaa00526380e005a5811460e29efbf1ffffffc2246cd1e00000fc0007ebfe9ed0737feebfff600,1,TX 41 seq=17034 rx_latency=1ms tx_dur=1ms,13.825,
2730,10,1319,2862613799,2026-07-14T15:26:51.507005+00:00,131.800174,14450,41,0202aaa005273872005a5811460e29efbf1ffffffc2246cd1e00000fc0007ebfe9ed0737feebfff600,1,TX 41 seq=17035 rx_latency=1ms tx_dur=1ms,16.369,
2730,10,1320,2862613800,2026-07-14T15:26:51.606993+00:00,131.900144,14550,41,0202aaa0052838d6005a5811460e29efbf1ffffffc2246cd1e00000fc0007ebfe9ed0737feebfff600,1,TX 41 seq=17036 rx_latency=1ms tx_dur=1ms,18.123,
2730,10,1321,2862613801,2026-07-14T15:26:51.707013+00:00,132.000194,14650,41,0202aaa00529393a005a5811460e29efbf1ffffffc2246cd1e00000fc0007ebfe9ed0737feebfff600,1,TX 41 seq=17037 rx_latency=1ms tx_dur=1ms,19.758,
2730,10,1322,2862613802,2026-07-14T15:26:51.806989+00:00,132.100138,14750,41,0202aaa0052a399e005a5811460e29efbf1ffffffc2246cd1e00000fc0007ebfe9ed0737feebfff600,1,TX 41 seq=17038 rx_latency=1ms tx_dur=1ms,22.699,
2730,10,1323,2862613803,2026-07-14T15:26:51.906993+00:00,132.200145,14850,41,0202aaa0052b3a02005a5811460e29efbf1ffffffc2246cd1e00000fc0007ebfe9ed0737feebfff600,1,TX 41 seq=17039 rx_latency=1ms tx_dur=1ms,14.242,
2730,10,1324,2862613804,2026-07-14T15:26:52.006993+00:00,132.300146,14950,41,0202aaa0052c3a66005a5811460e29efbf1ffffffc2246cd1e00000fc0007ebfe9ed0737feebfff600,1,TX 41 seq=17040 rx_latency=1ms tx_dur=1ms,15.957,
2730,10,1325,2862613805,2026-07-14T15:26:52.106986+00:00,132.400130,15050,41,0202aaa0052d3aca005a5811460e29efbf1ffffffc2246cd1e00000fc0007ebfe9ed0737feebfff600,1,TX 41 seq=17041 rx_latency=1ms tx_dur=1ms,18.808,
2730,10,1326,2862613806,2026-07-14T15:26:52.206992+00:00,132.500143,15150,41,0202aaa0052e3b2e005a5811460e29efbf1ffffffc2246cd1e00000fc0007ebfe9ed0737feebfff600,1,TX 41 seq=17042 rx_latency=1ms tx_dur=1ms,20.543,
2730,10,1327,2862613807,2026-07-14T15:26:52.306987+00:00,132.600130,15250,41,0202aaa0052f3b92005a5811460e29efbf1ffffffc2246cd1e00000fc0007ebfe9ed0737feebfff600,1,TX 41 seq=17043 rx_latency=1ms tx_dur=1ms,22.042,
2730,10,1328,2862613808,2026-07-14T15:26:52.406994+00:00,132.700145,15350,41,0202aaa005303bf6005a5811460e29efbf1ffffffc2246cd1e00000fc0007ebfe9ed0737feebfff600,1,TX 41 seq=17044 rx_latency=1ms tx_dur=1ms,13.830,
2730,10,1329,2862613809,2026-07-14T15:26:52.506988+00:00,132.800138,15450,41,0202aaa005313c5a005a5811460e29efbf1ffffffc2246cd1e00000fc0007ebfe9ed0737feebfff600,1,TX 41 seq=17045 rx_latency=1ms tx_dur=1ms,16.611,
2730,10,1330,2862613810,2026-07-14T15:26:52.606989+00:00,132.900136,15550,41,0202aaa005323cbe005a5811460e29efbf1ffffffc2246cd1e00000fc0007ebfe9ed0737feebfff600,1,TX 41 seq=17046 rx_latency=1ms tx_dur=1ms,18.370,
2730,10,1331,2862613811,2026-07-14T15:26:52.706994+00:00,133.000146,15650,41,0202aaa005333d22005a5811460e29efbf1ffffffc2246cd1e00000fc0007ebfe9ed0737feebfff600,1,TX 41 seq=17047 rx_latency=1ms tx_dur=1ms,19.887,
2730,10,1332,2862613812,2026-07-14T15:26:52.807003+00:00,133.100165,15750,41,0202aaa005343d86005a5811460e29efbf1ffffffc2246cd1e00000fc0007ebfe9ed0737feebfff600,1,TX 41 seq=17048 rx_latency=1ms tx_dur=1ms,22.754,
2730,10,1333,2862613813,2026-07-14T15:26:52.907008+00:00,133.200182,15850,41,0202aaa005353dea005a5811460e29efbf1ffffffc2246cd1e00000fc0007ebfe9ed0737feebfff600,1,TX 41 seq=17049 rx_latency=1ms tx_dur=1ms,14.368,
2730,10,1334,2862613814,2026-07-14T15:26:53.006997+00:00,133.300157,15950,41,0202aaa005363e4e005a5811460e29efbf1ffffffc2246cd1e00000fc0007ebfe9ed0737feebfff600,1,TX 41 seq=17050 rx_latency=1ms tx_dur=1ms,16.199,
2730,10,1335,2862613815,2026-07-14T15:26:53.106995+00:00,133.400146,16050,41,0202aaa005373eb2005a5811460e29efbf1ffffffc2246cd1e00000fc0007ebfe9ed0737feebfff600,1,TX 41 seq=17051 rx_latency=1ms tx_dur=1ms,17.750,
2730,10,1336,2862613816,2026-07-14T15:26:53.206992+00:00,133.500139,16150,41,0202aaa005383f16005a5811460e29efbf1ffffffc2246cd1e00000fc0007ebfe9ed0737feebfff600,1,TX 41 seq=17052 rx_latency=1ms tx_dur=1ms,20.578,
2730,10,1337,2862613817,2026-07-14T15:26:53.306994+00:00,133.600144,16250,41,0202aaa005393f7a005a5811460e29efbf1ffffffc2246cd1e00000fc0007ebfe9ed0737feebfff600,1,TX 41 seq=17053 rx_latency=1ms tx_dur=1ms,22.306,
2730,10,1338,2862613818,2026-07-14T15:26:53.406992+00:00,133.700139,16350,41,0202aaa0053a3fde005a5811460e29efbf1ffffffc2246cd1e00000fc0007ebfe9ed0737feebfff600,1,TX 41 seq=17054 rx_latency=1ms tx_dur=1ms,14.075,
2730,10,1339,2862613819,2026-07-14T15:26:53.507039+00:00,133.800187,16451,41,0202aaa0053b4043005a5811460e29efbf1ffffffc2246cd1e00000fc0007ebfe9ed0737feebfff600,1,TX 41 seq=17055 rx_latency=1ms tx_dur=1ms,16.681,
2730,10,1340,2862613820,2026-07-14T15:26:53.606995+00:00,133.900153,16550,41,0202aaa0053c40a6005a5811460e29efbf1ffffffc2246cd1e00000fc0007ebfe9ed0737feebfff600,1,TX 41 seq=17056 rx_latency=1ms tx_dur=1ms,18.371,
2730,10,1341,2862613821,2026-07-14T15:26:53.706992+00:00,134.000143,16650,41,0202aaa0053d410a005a5811460e29efbf1ffffffc2246cd1e00000fc0007ebfe9ed0737feebfff600,1,TX 41 seq=17057 rx_latency=1ms tx_dur=1ms,20.111,
2730,10,1342,2862613822,2026-07-14T15:26:53.806994+00:00,134.100146,16750,41,0202aaa0053e416e005a5811460e29efbf1ffffffc2246cd1e00000fc0007ebfe9ed0737feebfff600,1,TX 41 seq=17058 rx_latency=1ms tx_dur=1ms,21.837,
2730,10,1343,2862613823,2026-07-14T15:26:53.907016+00:00,134.200195,16850,41,0202aaa0053f41d2005a5811460e29efbf1ffffffc2246cd1e00000fc0007ebfe9ed0737feebfff600,1,TX 41 seq=17059 rx_latency=1ms tx_dur=1ms,14.460,
2730,10,1344,2862613824,2026-07-14T15:26:54.007004+00:00,134.300174,16950,41,0202aaa005404236005a5811460e29efbf1ffffffc2246cd1e00000fc0007ebfe9ed0737feebfff600,1,TX 41 seq=17060 rx_latency=1ms tx_dur=1ms,16.268,
2730,10,1345,2862613825,2026-07-14T15:26:54.106996+00:00,134.400155,17050,41,0202aaa00541429a005a5811460e29efbf1ffffffc2246cd1e00000fc0007ebfe9ed0737feebfff600,1,TX 41 seq=17061 rx_latency=1ms tx_dur=1ms,17.936,
2730,10,1346,2862613826,2026-07-14T15:26:54.206992+00:00,134.500144,17150,41,0202aaa0054242fe005a5811460e29efbf1ffffffc2246cd1e00000fc0007ebfe9ed0737feebfff600,1,TX 41 seq=17062 rx_latency=1ms tx_dur=1ms,20.809,
2730,10,1347,2862613827,2026-07-14T15:26:54.306992+00:00,134.600143,17250,41,0202aaa005434362005a5811460e29efbf1ffffffc2246cd1e00000fc0007ebfe9ed0737feebfff600,1,TX 41 seq=17063 rx_latency=1ms tx_dur=1ms,22.539,
2730,10,1348,2862613828,2026-07-14T15:26:54.406993+00:00,134.700145,17350,41,0202aaa0054443c6005a5811460e29efbf1ffffffc2246cd1e00000fc0007ebfe9ed0737feebfff600,1,TX 41 seq=17064 rx_latency=1ms tx_dur=1ms,14.072,
2730,10,1349,2862613829,2026-07-14T15:26:54.506991+00:00,134.800139,17450,41,0202aaa00545442a005a5811460e29efbf1ffffffc2246cd1e00000fc0007ebfe9ed0737feebfff600,1,TX 41 seq=17065 rx_latency=1ms tx_dur=1ms,15.810,
2730,10,1350,2862613830,2026-07-14T15:26:54.606995+00:00,134.900151,17550,41,0202aaa00546448e005a5811460e29efbf1ffffffc2246cd1e00000fc0007ebfe9ed0737feebfff600,1,TX 41 seq=17066 rx_latency=1ms tx_dur=1ms,18.615,
2730,10,1351,2862613831,2026-07-14T15:26:54.706992+00:00,135.000141,17650,41,0202aaa0054744f2005a5811460e29efbf1ffffffc2246cd1e00000fc0007ebfe9ed0737feebfff600,1,TX 41 seq=17067 rx_latency=1ms tx_dur=1ms,20.357,
2730,10,1352,2862613832,2026-07-14T15:26:54.806983+00:00,135.100132,17750,41,0202aaa005484556005a5811460e29efbf1ffffffc2246cd1e00000fc0007ebfe9ed0737feebfff600,1,TX 41 seq=17068 rx_latency=1ms tx_dur=1ms,21.894,
2730,10,1353,2862613833,2026-07-14T15:26:54.906990+00:00,135.200138,17850,41,0202aaa0054945ba005a5811460e29efbf1ffffffc2246cd1e00000fc0007ebfe9ed0737feebfff600,1,TX 41 seq=17069 rx_latency=1ms tx_dur=1ms,14.774,
2730,10,1354,2862613834,2026-07-14T15:26:55.006994+00:00,135.300145,17950,41,0202aaa0054a461e005a5811460e29efbf1ffffffc2246cd1e00000fc0007ebfe9ed0737feebfff600,1,TX 41 seq=17070 rx_latency=1ms tx_dur=1ms,16.512,
2730,10,1355,2862613835,2026-07-14T15:26:55.106990+00:00,135.400140,18050,41,0202aaa0054b4682005a5811460e29efbf1ffffffc2246cd1e00000fc0007ebfe9ed0737feebfff600,1,TX 41 seq=17071 rx_latency=1ms tx_dur=1ms,18.176,
2730,10,1356,2862613836,2026-07-14T15:26:55.207018+00:00,135.500199,18150,41,0202aaa0054c46e6005a5811460e29efbf1ffffffc2246cd1e00000fc0007ebfe9ed0737feebfff600,1,TX 41 seq=17072 rx_latency=1ms tx_dur=1ms,20.693,
2730,10,1357,2862613837,2026-07-14T15:26:55.306989+00:00,135.600139,18250,41,0202aaa0054d474a005a5811460e29efbf1ffffffc2246cd1e00000fc0007ebfe9ed0737feebfff600,1,TX 41 seq=17073 rx_latency=1ms tx_dur=1ms,22.498,
2730,10,1358,2862613838,2026-07-14T15:26:55.406994+00:00,135.700149,18350,41,0202aaa0054e47ae005a5811460e29efbf1ffffffc2246cd1e00000fc0007ebfe9ed0737feebfff600,1,TX 41 seq=17074 rx_latency=1ms tx_dur=1ms,14.302,
2730,10,1359,2862613839,2026-07-14T15:26:55.506992+00:00,135.800140,18450,41,0202aaa0054f4812005a5811460e29efbf1ffffffc2246cd1e00000fc0007ebfe9ed0737feebfff600,1,TX 41 seq=17075 rx_latency=1ms tx_dur=1ms,16.046,
2730,10,1360,2862613840,2026-07-14T15:26:55.607007+00:00,135.900176,18550,41,0202aaa005504876005a5811460e29efbf1ffffffc2246cd1e00000fc0007ebfe9ed0737feebfff600,1,TX 41 seq=17076 rx_latency=1ms tx_dur=1ms,18.587,
2730,10,1361,2862613841,2026-07-14T15:26:55.707006+00:00,136.000179,18650,41,0202aaa0055148da005a5811460e29efbf1ffffffc2246cd1e00000fc0007ebfe9ed0737feebfff600,1,TX 41 seq=17077 rx_latency=1ms tx_dur=1ms,20.254,
2730,10,1362,2862613842,2026-07-14T15:26:55.806988+00:00,136.100137,18750,41,0202aaa00552493e005a5811460e29efbf1ffffffc2246cd1e00000fc0007ebfe9ed0737feebfff600,1,TX 41 seq=17078 rx_latency=1ms tx_dur=1ms,22.098,
2730,10,1363,2862613843,2026-07-14T15:26:55.906994+00:00,136.200146,18850,41,0202aaa0055349a2005a5811460e29efbf1ffffffc2246cd1e00000fc0007ebfe9ed0737feebfff600,1,TX 41 seq=17079 rx_latency=1ms tx_dur=1ms,13.891,
2730,10,1364,2862613844,2026-07-14T15:26:56.006985+00:00,136.300128,18950,41,0202aaa005544a06005a5811460e29efbf1ffffffc2246cd1e00000fc0007ebfe9ed0737feebfff600,1,TX 41 seq=17080 rx_latency=1ms tx_dur=1ms,16.557,
2730,10,1365,2862613845,2026-07-14T15:26:56.107000+00:00,136.400159,19050,41,0202aaa005554a6a005a5811460e29efbf1ffffffc2246cd1e00000fc0007ebfe9ed0737feebfff600,1,TX 41 seq=17081 rx_latency=1ms tx_dur=1ms,18.205,
2730,10,1366,2862613846,2026-07-14T15:26:56.206986+00:00,136.500132,19150,41,0202aaa005564ace005a5811460e29efbf1ffffffc2246cd1e00000fc0007ebfe9ed0737feebfff600,1,TX 41 seq=17082 rx_latency=1ms tx_dur=1ms,19.949,
2730,10,1367,2862613847,2026-07-14T15:26:56.306992+00:00,136.600143,19250,41,0202aaa005574b32005a5811460e29efbf1ffffffc2246cd1e00000fc0007ebfe9ed0737feebfff600,1,TX 41 seq=17083 rx_latency=1ms tx_dur=1ms,22.802,
2730,10,1368,2862613848,2026-07-14T15:26:56.406985+00:00,136.700129,19350,41,0202aaa005584b96005a5811460e29efbf1ffffffc2246cd1e00000fc0007ebfe9ed0737feebfff600,1,TX 41 seq=17084 rx_latency=1ms tx_dur=1ms,14.385,
2730,10,1369,2862613849,2026-07-14T15:26:56.506992+00:00,136.800142,19450,41,0202aaa005594bfa005a5811460e29efbf1ffffffc2246cd1e00000fc0007ebfe9ed0737feebfff600,1,TX 41 seq=17085 rx_latency=1ms tx_dur=1ms,16.079,
2730,10,1370,2862613850,2026-07-14T15:26:56.606984+00:00,136.900132,19550,41,0202aaa0055a4c5e005a5811460e29efbf1ffffffc2246cd1e00000fc0007ebfe9ed0737feebfff600,1,TX 41 seq=17086 rx_latency=1ms tx_dur=1ms,17.814,
2730,10,1371,2862613851,2026-07-14T15:26:56.706987+00:00,137.000132,19650,41,0202aaa0055b4cc2005a5811460e29efbf1ffffffc2246cd1e00000fc0007ebfe9ed0737feebfff600,1,TX 41 seq=17087 rx_latency=1ms tx_dur=1ms,20.619,
2730,10,1372,2862613852,2026-07-14T15:26:56.806992+00:00,137.100141,19750,41,0202aaa0055c4d26005a5811460e29efbf1ffffffc2246cd1e00000fc0007ebfe9ed0737feebfff600,1,TX 41 seq=17088 rx_latency=1ms tx_dur=1ms,22.157,
2730,10,1373,2862613853,2026-07-14T15:26:56.906993+00:00,137.200140,19850,41,0202aaa0055d4d8a005a5811460e29efbf1ffffffc2246cd1e00000fc0007ebfe9ed0737feebfff600,1,TX 41 seq=17089 rx_latency=1ms tx_dur=1ms,13.918,
2730,10,1374,2862613854,2026-07-14T15:26:57.006998+00:00,137.300155,19950,41,0202aaa0055e4dee005a5811460e29efbf1ffffffc2246cd1e00000fc0007ebfe9ed0737feebfff600,1,TX 41 seq=17090 rx_latency=1ms tx_dur=1ms,16.720,
2730,10,1375,2862613855,2026-07-14T15:26:57.106986+00:00,137.400133,20050,41,0202aaa0055f4e52005a5811460e29efbf1ffffffc2246cd1e00000fc0007ebfe9ed0737feebfff600,1,TX 41 seq=17091 rx_latency=1ms tx_dur=1ms,18.471,
2730,10,1376,2862613856,2026-07-14T15:26:57.206993+00:00,137.500141,20150,41,0202aaa005604eb6005a5811460e29efbf1ffffffc2246cd1e00000fc0007ebfe9ed0737feebfff600,1,TX 41 seq=17092 rx_latency=1ms tx_dur=1ms,20.001,
2730,10,1377,2862613857,2026-07-14T15:26:57.306991+00:00,137.600137,20250,41,0202aaa005614f1a005a5811460e29efbf1ffffffc2246cd1e00000fc0007ebfe9ed0737feebfff600,1,TX 41 seq=17093 rx_latency=1ms tx_dur=1ms,22.841,
2730,10,1378,2862613858,2026-07-14T15:26:57.406992+00:00,137.700140,20350,41,0202aaa005624f7e005a5811460e29efbf1ffffffc2246cd1e00000fc0007ebfe9ed0737feebfff600,1,TX 41 seq=17094 rx_latency=1ms tx_dur=1ms,14.591,
2730,10,1379,2862613859,2026-07-14T15:26:57.506991+00:00,137.800136,20450,41,0202aaa005634fe2005a5811460e29efbf1ffffffc2246cd1e00000fc0007ebfe9ed0737feebfff600,1,TX 41 seq=17095 rx_latency=1ms tx_dur=1ms,16.477,
2730,10,1380,2862613860,2026-07-14T15:26:57.607012+00:00,137.900195,20550,41,0202aaa005645046005a5811460e29efbf1ffffffc2246cd1e00000fc0007ebfe9ed0737feebfff600,1,TX 41 seq=17096 rx_latency=1ms tx_dur=1ms,18.045,
2730,10,1381,2862613861,2026-07-14T15:26:57.706985+00:00,138.000135,20650,41,0202aaa0056550aa005a5811460e29efbf1ffffffc2246cd1e00000fc0007ebfe9ed0737feebfff600,1,TX 41 seq=17097 rx_latency=1ms tx_dur=1ms,20.764,
2730,10,1382,2862613862,2026-07-14T15:26:57.806994+00:00,138.100144,20750,41,0202aaa00566510e005a5811460e29efbf1ffffffc2246cd1e00000fc0007ebfe9ed0737feebfff600,1,TX 41 seq=17098 rx_latency=1ms tx_dur=1ms,22.530,
2730,10,1383,2862613863,2026-07-14T15:26:57.906985+00:00,138.200129,20850,41,0202aaa005675172005a5811460e29efbf1ffffffc2246cd1e00000fc0007ebfe9ed0737feebfff600,1,TX 41 seq=17099 rx_latency=1ms tx_dur=1ms,14.305,
2730,10,1384,2862613864,2026-07-14T15:26:58.006975+00:00,138.300150,20950,41,0202aaa0056851d6005a5811460e29efbf1ffffffc2246cd1e00000fc0007ebfe9ed0737feebfff600,1,TX 41 seq=17100 rx_latency=1ms tx_dur=1ms,16.026,
2730,10,1385,2862613865,2026-07-14T15:26:58.106997+00:00,138.400160,21050,41,0202aaa00569523a005a5811460e29efbf1ffffffc2246cd1e00000fc0007ebfe9ed0737feebfff600,1,TX 41 seq=17101 rx_latency=1ms tx_dur=1ms,18.510,
2730,10,1386,2862613866,2026-07-14T15:26:58.206995+00:00,138.500149,21150,41,0202aaa0056a529e005a5811460e29efbf1ffffffc2246cd1e00000fc0007ebfe9ed0737feebfff600,1,TX 41 seq=17102 rx_latency=1ms tx_dur=1ms,20.334,
2730,10,1387,2862613867,2026-07-14T15:26:58.306985+00:00,138.600131,21250,41,0202aaa0056b5302005a5811460e29efbf1ffffffc2246cd1e00000fc0007ebfe9ed0737feebfff600,1,TX 41 seq=17103 rx_latency=1ms tx_dur=1ms,22.052,
2730,10,1388,2862613868,2026-07-14T15:26:58.406995+00:00,138.700148,21350,41,0202aaa0056c5366005a5811460e29efbf1ffffffc2246cd1e00000fc0007ebfe9ed0737feebfff600,1,TX 41 seq=17104 rx_latency=1ms tx_dur=1ms,13.838,
2730,10,1389,2862613869,2026-07-14T15:26:58.506931+00:00,138.800079,21450,41,0202aaa0056d53ca005a5811460e29efbf1ffffffc2246cd1e00000fc0007ebfe9ed0737feebfff600,1,TX 41 seq=17105 rx_latency=1ms tx_dur=1ms,16.567,
2730,10,1390,2862613870,2026-07-14T15:26:58.606992+00:00,138.900140,21550,41,0202aaa0056e542e005a5811460e29efbf1ffffffc2246cd1e00000fc0007ebfe9ed0737feebfff600,1,TX 41 seq=17106 rx_latency=1ms tx_dur=1ms,18.192,
2730,10,1391,2862613871,2026-07-14T15:26:58.706935+00:00,139.000086,21650,41,0202aaa0056f5492005a5811460e29efbf1ffffffc2246cd1e00000fc0007ebfe9ed0737feebfff600,1,TX 41 seq=17107 rx_latency=1ms tx_dur=1ms,19.971,
2730,10,1392,2862613872,2026-07-14T15:26:58.806993+00:00,139.100141,21750,41,0202aaa0057054f6005a5811460e29efbf1ffffffc2246cd1e00000fc0007ebfe9ed0737feebfff600,1,TX 41 seq=17108 rx_latency=1ms tx_dur=1ms,22.793,
2730,10,1393,2862613873,2026-07-14T15:26:58.906985+00:00,139.200129,21850,41,0202aaa00571555a005a5811460e29efbf1ffffffc2246cd1e00000fc0007ebfe9ed0737feebfff600,1,TX 41 seq=17109 rx_latency=1ms tx_dur=1ms,14.353,
2730,10,1394,2862613874,2026-07-14T15:26:59.006992+00:00,139.300140,21950,41,0202aaa0057255be005a5811460e29efbf1ffffffc2246cd1e00000fc0007ebfe9ed0737feebfff600,1,TX 41 seq=17110 rx_latency=1ms tx_dur=1ms,16.045,
2730,10,1395,2862613875,2026-07-14T15:26:59.106990+00:00,139.400141,22050,41,0202aaa005735622005a5811460e29efbf1ffffffc2246cd1e00000fc0007ebfe9ed0737feebfff600,1,TX 41 seq=17111 rx_latency=1ms tx_dur=1ms,18.825,
2730,10,1396,2862613876,2026-07-14T15:26:59.206991+00:00,139.500142,22150,41,0202aaa005745686005a5811460e29efbf1ffffffc2246cd1e00000fc0007ebfe9ed0737feebfff600,1,TX 41 seq=17112 rx_latency=1ms tx_dur=1ms,20.594,
2730,10,1397,2862613877,2026-07-14T15:26:59.306984+00:00,139.600129,22250,41,0202aaa0057556ea005a5811460e29efbf1ffffffc2246cd1e00000fc0007ebfe9ed0737feebfff600,1,TX 41 seq=17113 rx_latency=1ms tx_dur=1ms,22.106,
2730,10,1398,2862613878,2026-07-14T15:26:59.406992+00:00,139.700140,22350,41,0202aaa00576574e005a5811460e29efbf1ffffffc2246cd1e00000fc0007ebfe9ed0737feebfff600,1,TX 41 seq=17114 rx_latency=1ms tx_dur=1ms,13.879,
2730,10,1399,2862613879,2026-07-14T15:26:59.506994+00:00,139.800152,22450,41,0202aaa0057757b2005a5811460e29efbf1ffffffc2246cd1e00000fc0007ebfe9ed0737feebfff600,1,TX 41 seq=17115 rx_latency=1ms tx_dur=1ms,16.648,
2730,10,1400,2862613880,2026-07-14T15:26:59.606996+00:00,139.900150,22550,41,0202aaa005785816005a5811460e29efbf1ffffffc2246cd1e00000fc0007ebfe9ed0737feebfff600,1,TX 41 seq=17116 rx_latency=1ms tx_dur=1ms,18.416,
2730,10,1401,2862613881,2026-07-14T15:26:59.707000+00:00,140.000164,22650,41,0202aaa00579587a005a5811460e29efbf1ffffffc2246cd1e00000fc0007ebfe9ed0737feebfff600,1,TX 41 seq=17117 rx_latency=1ms tx_dur=1ms,19.855,
2730,10,1402,2862613882,2026-07-14T15:26:59.806994+00:00,140.100146,22750,41,0202aaa0057a58de005a5811460e29efbf1ffffffc2246cd1e00000fc0007ebfe9ed0737feebfff600,1,TX 41 seq=17118 rx_latency=1ms tx_dur=1ms,22.766,
2730,10,1403,2862613883,2026-07-14T15:26:59.906997+00:00,140.200156,22850,41,0202aaa0057b5942005a5811460e29efbf1ffffffc2246cd1e00000fc0007ebfe9ed0737feebfff600,1,TX 41 seq=17119 rx_latency=1ms tx_dur=1ms,14.495,
2730,10,1404,2862613884,2026-07-14T15:27:00.006996+00:00,140.300150,22950,41,0202aaa0057c59a6005a5811460e29efbf1ffffffc2246cd1e00000fc0007ebfe9ed0737feebfff600,1,TX 41 seq=17120 rx_latency=1ms tx_dur=1ms,16.260,
2730,10,1405,2862613885,2026-07-14T15:27:00.106990+00:00,140.400145,23050,41,0202aaa0057d5a0a005a5811460e29efbf1ffffffc2246cd1e00000fc0007ebfe9ed0737feebfff600,1,TX 41 seq=17121 rx_latency=1ms tx_dur=1ms,17.773,
2730,10,1406,2862613886,2026-07-14T15:27:00.206987+00:00,140.500134,23150,41,0202aaa0057e5a6e005a5811460e29efbf1ffffffc2246cd1e00000fc0007ebfe9ed0737feebfff600,1,TX 41 seq=17122 rx_latency=1ms tx_dur=1ms,20.601,
2730,10,1407,2862613887,2026-07-14T15:27:00.306991+00:00,140.600146,23250,41,0202aaa0057f5ad2005a5811460e29efbf1ffffffc2246cd1e00000fc0007ebfe9ed0737feebfff600,1,TX 41 seq=17123 rx_latency=1ms tx_dur=1ms,22.265,
2730,10,1408,2862613888,2026-07-14T15:27:00.406998+00:00,140.700153,23350,41,0202aaa005805b36005a5811460e29efbf1ffffffc2246cd1e00000fc0007ebfe9ed0737feebfff600,1,TX 41 seq=17124 rx_latency=1ms tx_dur=1ms,14.079,
2730,10,1409,2862613889,2026-07-14T15:27:00.506987+00:00,140.800132,23450,41,0202aaa005815b9a005a5811460e29efbf1ffffffc2246cd1e00000fc0007ebfe9ed0737feebfff600,1,TX 41 seq=17125 rx_latency=1ms tx_dur=1ms,16.746,
2730,10,1410,2862613890,2026-07-14T15:27:00.606991+00:00,140.900141,23550,41,0202aaa005825bfe005a5811460e29efbf1ffffffc2246cd1e00000fc0007ebfe9ed0737feebfff600,1,TX 41 seq=17126 rx_latency=1ms tx_dur=1ms,18.465,
2730,10,1411,2862613891,2026-07-14T15:27:00.706993+00:00,141.000149,23650,41,0202aaa005835c62005a5811460e29efbf1ffffffc2246cd1e00000fc0007ebfe9ed0737feebfff600,1,TX 41 seq=17127 rx_latency=1ms tx_dur=1ms,20.172,
2730,10,1412,2862613892,2026-07-14T15:27:00.806985+00:00,141.100132,23750,41,0202aaa005845cc6005a5811460e29efbf1ffffffc2246cd1e00000fc0007ebfe9ed0737feebfff600,1,TX 41 seq=17128 rx_latency=1ms tx_dur=1ms,21.864,
2730,10,1413,2862613893,2026-07-14T15:27:00.907015+00:00,141.200190,23850,41,0202aaa005855d2a005a5811460e29efbf1ffffffc2246cd1e00000fc0007ebfe9ed0737feebfff600,1,TX 41 seq=17129 rx_latency=1ms tx_dur=1ms,14.655,
2730,10,1414,2862613894,2026-07-14T15:27:01.006992+00:00,141.300146,23950,41,0202aaa005865d8e005a5811460e29efbf1ffffffc2246cd1e00000fc0007ebfe9ed0737feebfff600,1,TX 41 seq=17130 rx_latency=1ms tx_dur=1ms,16.268,
2730,10,1415,2862613895,2026-07-14T15:27:01.106935+00:00,141.400085,24050,41,0202aaa005875df2005a5811460e29efbf1ffffffc2246cd1e00000fc0007ebfe9ed0737feebfff600,1,TX 41 seq=17131 rx_latency=1ms tx_dur=1ms,18.071,
2730,10,1416,2862613896,2026-07-14T15:27:01.206991+00:00,141.500141,24150,41,0202aaa005885e56005a5811460e29efbf1ffffffc2246cd1e00000fc0007ebfe9ed0737feebfff600,1,TX 41 seq=17132 rx_latency=1ms tx_dur=1ms,20.863,
2730,10,1417,2862613897,2026-07-14T15:27:01.306992+00:00,141.600140,24250,41,0202aaa005895eba005a5811460e29efbf1ffffffc2246cd1e00000fc0007ebfe9ed0737feebfff600,1,TX 41 seq=17133 rx_latency=1ms tx_dur=1ms,22.589,
2730,10,1418,2862613898,2026-07-14T15:27:01.406970+00:00,141.700117,24350,41,0202aaa0058a5f1e005a5811460e29efbf1ffffffc2246cd1e00000fc0007ebfe9ed0737feebfff600,1,TX 41 seq=17134 rx_latency=1ms tx_dur=1ms,14.162,
2730,10,1419,2862613899,2026-07-14T15:27:01.506996+00:00,141.800148,24450,41,0202aaa0058b5f82005a5811460e29efbf1ffffffc2246cd1e00000fc0007ebfe9ed0737feebfff600,1,TX 41 seq=17135 rx_latency=1ms tx_dur=1ms,15.860,
2730,10,1420,2862613900,2026-07-14T15:27:01.607006+00:00,141.900186,24550,41,0202aaa0058c5fe6005a5811460e29efbf1ffffffc2246cd1e00000fc0007ebfe9ed0737feebfff600,1,TX 41 seq=17136 rx_latency=1ms tx_dur=1ms,18.688,
2730,10,1421,2862613901,2026-07-14T15:27:01.707003+00:00,142.000176,24650,41,0202aaa0058d604a005a5811460e29efbf1ffffffc2246cd1e00000fc0007ebfe9ed0737feebfff600,1,TX 41 seq=17137 rx_latency=1ms tx_dur=1ms,20.444,
2730,10,1422,2862613902,2026-07-14T15:27:01.806997+00:00,142.100155,24750,41,0202aaa0058e60ae005a5811460e29efbf1ffffffc2246cd1e00000fc0007ebfe9ed0737feebfff600,1,TX 41 seq=17138 rx_latency=1ms tx_dur=1ms,22.062,
2730,10,1423,2862613903,2026-07-14T15:27:01.906987+00:00,142.200134,24850,41,0202aaa0058f6112005a5811460e29efbf1ffffffc2246cd1e00000fc0007ebfe9ed0737feebfff600,1,TX 41 seq=17139 rx_latency=1ms tx_dur=1ms,13.845,
2730,10,1424,2862613904,2026-07-14T15:27:02.006991+00:00,142.300141,24950,41,0202aaa005906176005a5811460e29efbf1ffffffc2246cd1e00000fc0007ebfe9ed0737feebfff600,1,TX 41 seq=17140 rx_latency=1ms tx_dur=1ms,16.662,
2730,10,1425,2862613905,2026-07-14T15:27:02.106991+00:00,142.400139,25050,41,0202aaa0059161da005a5811460e29efbf1ffffffc2246cd1e00000fc0007ebfe9ed0737feebfff600,1,TX 41 seq=17141 rx_latency=1ms tx_dur=1ms,18.398,
2730,10,1426,2862613906,2026-07-14T15:27:02.206992+00:00,142.500139,25150,41,0202aaa00592623e005a5811460e29efbf1ffffffc2246cd1e00000fc0007ebfe9ed0737feebfff600,1,TX 41 seq=17142 rx_latency=1ms tx_dur=1ms,19.911,
2730,10,1427,2862613907,2026-07-14T15:27:02.306992+00:00,142.600139,25250,41,0202aaa0059362a2005a5811460e29efbf1ffffffc2246cd1e00000fc0007ebfe9ed0737feebfff600,1,TX 41 seq=17143 rx_latency=1ms tx_dur=1ms,22.780,
2730,10,1428,2862613908,2026-07-14T15:27:02.406992+00:00,142.700138,25350,41,0202aaa005946306005a5811460e29efbf1ffffffc2246cd1e00000fc0007ebfe9ed0737feebfff600,1,TX 41 seq=17144 rx_latency=1ms tx_dur=1ms,14.511,
2730,10,1429,2862613909,2026-07-14T15:27:02.506996+00:00,142.800152,25450,41,0202aaa00595636a005a5811460e29efbf1ffffffc2246cd1e00000fc0007ebfe9ed0737feebfff600,1,TX 41 seq=17145 rx_latency=1ms tx_dur=1ms,16.218,
2730,10,1430,2862613910,2026-07-14T15:27:02.606995+00:00,142.900144,25550,41,0202aaa0059663ce005a5811460e29efbf1ffffffc2246cd1e00000fc0007ebfe9ed0737feebfff600,1,TX 41 seq=17146 rx_latency=1ms tx_dur=1ms,18.848,
2730,10,1431,2862613911,2026-07-14T15:27:02.706992+00:00,143.000140,25650,41,0202aaa005976432005a5811460e29efbf1ffffffc2246cd1e00000fc0007ebfe9ed0737feebfff600,1,TX 41 seq=17147 rx_latency=1ms tx_dur=1ms,20.583,
2730,10,1432,2862613912,2026-07-14T15:27:02.806988+00:00,143.100135,25750,41,0202aaa005986496005a5811460e29efbf1ffffffc2246cd1e00000fc0007ebfe9ed0737feebfff600,1,TX 41 seq=17148 rx_latency=1ms tx_dur=1ms,22.260,
2730,10,1433,2862613913,2026-07-14T15:27:02.906993+00:00,143.200142,25850,41,0202aaa0059964fa005a5811460e29efbf1ffffffc2246cd1e00000fc0007ebfe9ed0737feebfff600,1,TX 41 seq=17149 rx_latency=1ms tx_dur=1ms,14.059,
2730,10,1434,2862613914,2026-07-14T15:27:03.006992+00:00,143.300139,25950,41,0202aaa0059a655e005a5811460e29efbf1ffffffc2246cd1e00000fc0007ebfe9ed0737feebfff600,1,TX 41 seq=17150 rx_latency=1ms tx_dur=1ms,16.695,
2730,10,1435,2862613915,2026-07-14T15:27:03.106992+00:00,143.400140,26050,41,0202aaa0059b65c2005a5811460e29efbf1ffffffc2246cd1e00000fc0007ebfe9ed0737feebfff600,1,TX 41 seq=17151 rx_latency=1ms tx_dur=1ms,18.417,
2730,10,1436,2862613916,2026-07-14T15:27:03.206991+00:00,143.500137,26150,41,0202aaa0059c6626005a5811460e29efbf1ffffffc2246cd1e00000fc0007ebfe9ed0737feebfff600,1,TX 41 seq=17152 rx_latency=1ms tx_dur=1ms,20.158,
2730,10,1437,2862613917,2026-07-14T15:27:03.306990+00:00,143.600138,26250,41,0202aaa0059d668a005a5811460e29efbf1ffffffc2246cd1e00000fc0007ebfe9ed0737feebfff600,1,TX 41 seq=17153 rx_latency=1ms tx_dur=1ms,21.879,
2730,10,1438,2862613918,2026-07-14T15:27:03.406989+00:00,143.700135,26350,41,0202aaa0059e66ee005a5811460e29efbf1ffffffc2246cd1e00000fc0007ebfe9ed0737feebfff600,1,TX 41 seq=17154 rx_latency=1ms tx_dur=1ms,14.870,
2730,10,1439,2862613919,2026-07-14T15:27:03.506990+00:00,143.800136,26450,41,0202aaa0059f6752005a5811460e29efbf1ffffffc2246cd1e00000fc0007ebfe9ed0737feebfff600,1,TX 41 seq=17155 rx_latency=1ms tx_dur=1ms,16.382,
2730,10,1440,2862613920,2026-07-14T15:27:03.606998+00:00,143.900162,26550,41,0202aaa005a067b6005a5811460e29efbf1ffffffc2246cd1e00000fc0007ebfe9ed0737feebfff600,1,TX 41 seq=17156 rx_latency=1ms tx_dur=1ms,18.021,
2730,10,1441,2862613921,2026-07-14T15:27:03.707000+00:00,144.000160,26650,41,0202aaa005a1681a005a5811460e29efbf1ffffffc2246cd1e00000fc0007ebfe9ed0737feebfff600,1,TX 41 seq=17157 rx_latency=1ms tx_dur=1ms,19.823,
2730,10,1442,2862613922,2026-07-14T15:27:03.806986+00:00,144.100133,26750,41,0202aaa005a2687e005a5811460e29efbf1ffffffc2246cd1e00000fc0007ebfe9ed0737feebfff600,1,TX 41 seq=17158 rx_latency=1ms tx_dur=1ms,22.620,
2730,10,1443,2862613923,2026-07-14T15:27:03.906991+00:00,144.200144,26850,41,0202aaa005a368e2005a5811460e29efbf1ffffffc2246cd1e00000fc0007ebfe9ed0737feebfff600,1,TX 41 seq=17159 rx_latency=1ms tx_dur=1ms,14.214,
2730,10,1444,2862613924,2026-07-14T15:27:04.006988+00:00,144.300139,26950,41,0202aaa005a46946005a5811460e29efbf1ffffffc2246cd1e00000fc0007ebfe9ed0737feebfff600,1,TX 41 seq=17160 rx_latency=1ms tx_dur=1ms,15.921,
2730,10,1445,2862613925,2026-07-14T15:27:04.106997+00:00,144.400153,27050,41,0202aaa005a569aa005a5811460e29efbf1ffffffc2246cd1e00000fc0007ebfe9ed0737feebfff600,1,TX 41 seq=17161 rx_latency=1ms tx_dur=1ms,18.748,
2730,10,1446,2862613926,2026-07-14T15:27:04.206986+00:00,144.500130,27150,41,0202aaa005a66a0e005a5811460e29efbf1ffffffc2246cd1e00000fc0007ebfe9ed0737feebfff600,1,TX 41 seq=17162 rx_latency=1ms tx_dur=1ms,20.478,
2730,10,1447,2862613927,2026-07-14T15:27:04.306991+00:00,144.600141,27250,41,0202aaa005a76a72005a5811460e29efbf1ffffffc2246cd1e00000fc0007ebfe9ed0737feebfff600,1,TX 41 seq=17163 rx_latency=1ms tx_dur=1ms,22.022,
2730,10,1448,2862613928,2026-07-14T15:27:04.406984+00:00,144.700127,27350,41,0202aaa005a86ad6005a5811460e29efbf1ffffffc2246cd1e00000fc0007ebfe9ed0737feebfff600,1,TX 41 seq=17164 rx_latency=1ms tx_dur=1ms,14.924,
2730,10,1449,2862613929,2026-07-14T15:27:04.506992+00:00,144.800140,27450,41,0202aaa005a96b3a005a5811460e29efbf1ffffffc2246cd1e00000fc0007ebfe9ed0737feebfff600,1,TX 41 seq=17165 rx_latency=1ms tx_dur=1ms,16.629,
2730,10,1450,2862613930,2026-07-14T15:27:04.606996+00:00,144.900158,27550,41,0202aaa005aa6b9e005a5811460e29efbf1ffffffc2246cd1e00000fc0007ebfe9ed0737feebfff600,1,TX 41 seq=17166 rx_latency=1ms tx_dur=1ms,18.258,
2730,10,1451,2862613931,2026-07-14T15:27:04.706999+00:00,145.000154,27650,41,0202aaa005ab6c02005a5811460e29efbf1ffffffc2246cd1e00000fc0007ebfe9ed0737feebfff600,1,TX 41 seq=17167 rx_latency=1ms tx_dur=1ms,19.831,
2730,10,1452,2862613932,2026-07-14T15:27:04.806987+00:00,145.100133,27750,41,0202aaa005ac6c66005a5811460e29efbf1ffffffc2246cd1e00000fc0007ebfe9ed0737feebfff600,1,TX 41 seq=17168 rx_latency=1ms tx_dur=1ms,22.657,
2730,10,1453,2862613933,2026-07-14T15:27:04.906992+00:00,145.200142,27850,41,0202aaa005ad6cca005a5811460e29efbf1ffffffc2246cd1e00000fc0007ebfe9ed0737feebfff600,1,TX 41 seq=17169 rx_latency=1ms tx_dur=1ms,14.451,
2730,10,1454,2862613934,2026-07-14T15:27:05.006991+00:00,145.300138,27950,41,0202aaa005ae6d2e005a5811460e29efbf1ffffffc2246cd1e00000fc0007ebfe9ed0737feebfff600,1,TX 41 seq=17170 rx_latency=1ms tx_dur=1ms,16.196,
2730,10,1455,2862613935,2026-07-14T15:27:05.106989+00:00,145.400138,28050,41,0202aaa005af6d92005a5811460e29efbf1ffffffc2246cd1e00000fc0007ebfe9ed0737feebfff600,1,TX 41 seq=17171 rx_latency=1ms tx_dur=1ms,18.786,
2730,10,1456,2862613936,2026-07-14T15:27:05.206994+00:00,145.500143,28150,41,0202aaa005b06df6005a5811460e29efbf1ffffffc2246cd1e00000fc0007ebfe9ed0737feebfff600,1,TX 41 seq=17172 rx_latency=1ms tx_dur=1ms,20.569,
2730,10,1457,2862613937,2026-07-14T15:27:05.306987+00:00,145.600131,28250,41,0202aaa005b16e5a005a5811460e29efbf1ffffffc2246cd1e00000fc0007ebfe9ed0737feebfff600,1,TX 41 seq=17173 rx_latency=1ms tx_dur=1ms,22.230,
2730,10,1458,2862613938,2026-07-14T15:27:05.406993+00:00,145.700140,28350,41,0202aaa005b26ebe005a5811460e29efbf1ffffffc2246cd1e00000fc0007ebfe9ed0737feebfff600,1,TX 41 seq=17174 rx_latency=1ms tx_dur=1ms,14.032,
2730,10,1459,2862613939,2026-07-14T15:27:05.506992+00:00,145.800139,28450,41,0202aaa005b36f22005a5811460e29efbf1ffffffc2246cd1e00000fc0007ebfe9ed0737feebfff600,1,TX 41 seq=17175 rx_latency=1ms tx_dur=1ms,16.651,
2730,10,1460,2862613940,2026-07-14T15:27:05.606999+00:00,145.900159,28550,41,0202aaa005b46f86005a5811460e29efbf1ffffffc2246cd1e00000fc0007ebfe9ed0737feebfff600,1,TX 41 seq=17176 rx_latency=1ms tx_dur=1ms,18.335,
2730,10,1461,2862613941,2026-07-14T15:27:05.706993+00:00,146.000142,28650,41,0202aaa005b56fea005a5811460e29efbf1ffffffc2246cd1e00000fc0007ebfe9ed0737feebfff600,1,TX 41 seq=17177 rx_latency=1ms tx_dur=1ms,20.099,
2730,10,1462,2862613942,2026-07-14T15:27:05.806992+00:00,146.100140,28750,41,0202aaa005b6704e005a5811460e29efbf1ffffffc2246cd1e00000fc0007ebfe9ed0737feebfff600,1,TX 41 seq=17178 rx_latency=1ms tx_dur=1ms,21.831,
2730,10,1463,2862613943,2026-07-14T15:27:05.906989+00:00,146.200135,28850,41,0202aaa005b770b2005a5811460e29efbf1ffffffc2246cd1e00000fc0007ebfe9ed0737feebfff600,1,TX 41 seq=17179 rx_latency=1ms tx_dur=1ms,14.497,
2730,10,1464,2862613944,2026-07-14T15:27:06.007014+00:00,146.300190,28950,41,0202aaa005b87116005a5811460e29efbf1ffffffc2246cd1e00000fc0007ebfe9ed0737feebfff600,1,TX 41 seq=17180 rx_latency=1ms tx_dur=1ms,16.099,
2730,10,1465,2862613945,2026-07-14T15:27:06.106998+00:00,146.400154,29050,41,0202aaa005b9717a005a5811460e29efbf1ffffffc2246cd1e00000fc0007ebfe9ed0737feebfff600,1,TX 41 seq=17181 rx_latency=1ms tx_dur=1ms,17.830,
2730,10,1466,2862613946,2026-07-14T15:27:06.206987+00:00,146.500133,29150,41,0202aaa005ba71de005a5811460e29efbf1ffffffc2246cd1e00000fc0007ebfe9ed0737feebfff600,1,TX 41 seq=17182 rx_latency=1ms tx_dur=1ms,20.814,
2730,10,1467,2862613947,2026-07-14T15:27:06.306994+00:00,146.600144,29250,41,0202aaa005bb7242005a5811460e29efbf1ffffffc2246cd1e00000fc0007ebfe9ed0737feebfff600,1,TX 41 seq=17183 rx_latency=1ms tx_dur=1ms,22.278,
2730,10,1468,2862613948,2026-07-14T15:27:06.406995+00:00,146.700142,29350,41,0202aaa005bc72a6005a5811460e29efbf1ffffffc2246cd1e00000fc0007ebfe9ed0737feebfff600,1,TX 41 seq=17184 rx_latency=1ms tx_dur=1ms,14.054,
2730,10,1469,2862613949,2026-07-14T15:27:06.507002+00:00,146.800151,29450,41,0202aaa005bd730a005a5811460e29efbf1ffffffc2246cd1e00000fc0007ebfe9ed0737feebfff600,1,TX 41 seq=17185 rx_latency=1ms tx_dur=1ms,16.800,
2730,10,1470,2862613950,2026-07-14T15:27:06.606985+00:00,146.900127,29550,41,0202aaa005be736e005a5811460e29efbf1ffffffc2246cd1e00000fc0007ebfe9ed0737feebfff600,1,TX 41 seq=17186 rx_latency=1ms tx_dur=1ms,18.640,
2730,10,1471,2862613951,2026-07-14T15:27:06.707000+00:00,147.000165,29650,41,0202aaa005bf73d2005a5811460e29efbf1ffffffc2246cd1e00000fc0007ebfe9ed0737feebfff600,1,TX 41 seq=17187 rx_latency=1ms tx_dur=1ms,20.199,
2730,10,1472,2862613952,2026-07-14T15:27:06.806988+00:00,147.100137,29750,41,0202aaa005c07436005a5811460e29efbf1ffffffc2246cd1e00000fc0007ebfe9ed0737feebfff600,1,TX 41 seq=17188 rx_latency=1ms tx_dur=1ms,21.913,
2730,10,1473,2862613953,2026-07-14T15:27:06.906994+00:00,147.200145,29850,41,0202aaa005c1749a005a5811460e29efbf1ffffffc2246cd1e00000fc0007ebfe9ed0737feebfff600,1,TX 41 seq=17189 rx_latency=1ms tx_dur=1ms,14.724,
2730,10,1474,2862613954,2026-07-14T15:27:07.006990+00:00,147.300142,29950,41,0202aaa005c274fe005a5811460e29efbf1ffffffc2246cd1e00000fc0007ebfe9ed0737feebfff600,1,TX 41 seq=17190 rx_latency=1ms tx_dur=1ms,16.469,
2730,10,1475,2862613955,2026-07-14T15:27:07.106990+00:00,147.400139,30050,41,0202aaa005c37562005a5811460e29efbf1ffffffc2246cd1e00000fc0007ebfe9ed0737feebfff600,1,TX 41 seq=17191 rx_latency=1ms tx_dur=1ms,18.234,
2730,10,1476,2862613956,2026-07-14T15:27:07.206968+00:00,147.500119,30150,41,0202aaa005c475c6005a5811460e29efbf1ffffffc2246cd1e00000fc0007ebfe9ed0737feebfff600,1,TX 41 seq=17192 rx_latency=1ms tx_dur=1ms,20.737,
2730,10,1477,2862613957,2026-07-14T15:27:07.306949+00:00,147.600092,30250,41,0202aaa005c5762a005a5811460e29efbf1ffffffc2246cd1e00000fc0007ebfe9ed0737feebfff600,1,TX 41 seq=17193 rx_latency=1ms tx_dur=1ms,22.637,
2730,10,1478,2862613958,2026-07-14T15:27:07.406991+00:00,147.700139,30350,41,0202aaa005c6768e005a5811460e29efbf1ffffffc2246cd1e00000fc0007ebfe9ed0737feebfff600,1,TX 41 seq=17194 rx_latency=1ms tx_dur=1ms,14.253,
2730,10,1479,2862613959,2026-07-14T15:27:07.506984+00:00,147.800126,30450,41,0202aaa005c776f2005a5811460e29efbf1ffffffc2246cd1e00000fc0007ebfe9ed0737feebfff600,1,TX 41 seq=17195 rx_latency=1ms tx_dur=1ms,16.079,
2730,10,1480,2862613960,2026-07-14T15:27:07.606991+00:00,147.900139,30550,41,0202aaa005c87756005a5811460e29efbf1ffffffc2246cd1e00000fc0007ebfe9ed0737feebfff600,1,TX 41 seq=17196 rx_latency=1ms tx_dur=1ms,18.636,
2730,10,1481,2862613961,2026-07-14T15:27:07.707014+00:00,148.000192,30650,41,0202aaa005c977ba005a5811460e29efbf1ffffffc2246cd1e00000fc0007ebfe9ed0737feebfff600,1,TX 41 seq=17197 rx_latency=1ms tx_dur=1ms,20.162,
2730,10,1482,2862613962,2026-07-14T15:27:07.806989+00:00,148.100139,30750,41,0202aaa005ca781e005a5811460e29efbf1ffffffc2246cd1e00000fc0007ebfe9ed0737feebfff600,1,TX 41 seq=17198 rx_latency=1ms tx_dur=1ms,22.155,
2730,10,1483,2862613963,2026-07-14T15:27:07.906995+00:00,148.200150,30850,41,0202aaa005cb7882005a5811460e29efbf1ffffffc2246cd1e00000fc0007ebfe9ed0737feebfff600,1,TX 41 seq=17199 rx_latency=1ms tx_dur=1ms,13.826,
2730,10,1484,2862613964,2026-07-14T15:27:08.006987+00:00,148.300133,30950,41,0202aaa005cc78e6005a5811460e29efbf1ffffffc2246cd1e00000fc0007ebfe9ed0737feebfff600,1,TX 41 seq=17200 rx_latency=1ms tx_dur=1ms,16.576,
2730,10,1485,2862613965,2026-07-14T15:27:08.106992+00:00,148.400140,31050,41,0202aaa005cd794a005a5811460e29efbf1ffffffc2246cd1e00000fc0007ebfe9ed0737feebfff600,1,TX 41 seq=17201 rx_latency=1ms tx_dur=1ms,18.220,
2730,10,1486,2862613966,2026-07-14T15:27:08.206980+00:00,148.500128,31150,41,0202aaa005ce79ae005a5811460e29efbf1ffffffc2246cd1e00000fc0007ebfe9ed0737feebfff600,1,TX 41 seq=17202 rx_latency=1ms tx_dur=1ms,19.972,
2730,10,1487,2862613967,2026-07-14T15:27:08.306994+00:00,148.600145,31250,41,0202aaa005cf7a12005a5811460e29efbf1ffffffc2246cd1e00000fc0007ebfe9ed0737feebfff600,1,TX 41 seq=17203 rx_latency=1ms tx_dur=1ms,22.757,
2730,10,1488,2862613968,2026-07-14T15:27:08.406984+00:00,148.700128,31350,41,0202aaa005d07a76005a5811460e29efbf1ffffffc2246cd1e00000fc0007ebfe9ed0737feebfff600,1,TX 41 seq=17204 rx_latency=1ms tx_dur=1ms,14.362,
2730,10,1489,2862613969,2026-07-14T15:27:08.506990+00:00,148.800139,31450,41,0202aaa005d17ada005a5811460e29efbf1ffffffc2246cd1e00000fc0007ebfe9ed0737feebfff600,1,TX 41 seq=17205 rx_latency=1ms tx_dur=1ms,16.062,
2730,10,1490,2862613970,2026-07-14T15:27:08.606937+00:00,148.900083,31550,41,0202aaa005d27b3e005a5811460e29efbf1ffffffc2246cd1e00000fc0007ebfe9ed0737feebfff600,1,TX 41 seq=17206 rx_latency=1ms tx_dur=1ms,18.957,
2730,10,1491,2862613971,2026-07-14T15:27:08.706991+00:00,149.000137,31650,41,0202aaa005d37ba2005a5811460e29efbf1ffffffc2246cd1e00000fc0007ebfe9ed0737feebfff600,1,TX 41 seq=17207 rx_latency=1ms tx_dur=1ms,20.639,
2730,10,1492,2862613972,2026-07-14T15:27:08.806991+00:00,149.100137,31750,41,0202aaa005d47c06005a5811460e29efbf1ffffffc2246cd1e00000fc0007ebfe9ed0737feebfff600,1,TX 41 seq=17208 rx_latency=1ms tx_dur=1ms,22.155,
2730,10,1493,2862613973,2026-07-14T15:27:08.907010+00:00,149.200186,31850,41,0202aaa005d57c6a005a5811460e29efbf1ffffffc2246cd1e00000fc0007ebfe9ed0737feebfff600,1,TX 41 seq=17209 rx_latency=1ms tx_dur=1ms,13.753,
2730,10,1494,2862613974,2026-07-14T15:27:09.006988+00:00,149.300136,31950,41,0202aaa005d67cce005a5811460e29efbf1ffffffc2246cd1e00000fc0007ebfe9ed0737feebfff600,1,TX 41 seq=17210 rx_latency=1ms tx_dur=1ms,16.711,
2730,10,1495,2862613975,2026-07-14T15:27:09.106995+00:00,149.400146,32050,41,0202aaa005d77d32005a5811460e29efbf1ffffffc2246cd1e00000fc0007ebfe9ed0737feebfff600,1,TX 41 seq=17211 rx_latency=1ms tx_dur=1ms,18.438,
2730,10,1496,2862613976,2026-07-14T15:27:09.206991+00:00,149.500140,32150,41,0202aaa005d87d96005a5811460e29efbf1ffffffc2246cd1e00000fc0007ebfe9ed0737feebfff600,1,TX 41 seq=17212 rx_latency=1ms tx_dur=1ms,19.994,
2730,10,1497,2862613977,2026-07-14T15:27:09.306990+00:00,149.600137,32250,41,0202aaa005d97dfa005a5811460e29efbf1ffffffc2246cd1e00000fc0007ebfe9ed0737feebfff600,1,TX 41 seq=17213 rx_latency=1ms tx_dur=1ms,22.813,
2730,10,1498,2862613978,2026-07-14T15:27:09.406992+00:00,149.700138,32350,41,0202aaa005da7e5e005a5811460e29efbf1ffffffc2246cd1e00000fc0007ebfe9ed0737feebfff600,1,TX 41 seq=17214 rx_latency=1ms tx_dur=1ms,14.558,
2730,10,1499,2862613979,2026-07-14T15:27:09.506985+00:00,149.800128,32450,41,0202aaa005db7ec2005a5811460e29efbf1ffffffc2246cd1e00000fc0007ebfe9ed0737feebfff600,1,TX 41 seq=17215 rx_latency=1ms tx_dur=1ms,16.289,
2730,10,1500,2862613980,2026-07-14T15:27:09.606991+00:00,149.900140,32550,41,0202aaa005dc7f26005a5811460e29efbf1ffffffc2246cd1e00000fc0007ebfe9ed0737feebfff600,1,TX 41 seq=17216 rx_latency=1ms tx_dur=1ms,17.795,
2730,10,1501,2862613981,2026-07-14T15:27:09.706994+00:00,150.000154,32650,41,0202aaa005dd7f8a005a5811460e29efbf1ffffffc2246cd1e00000fc0007ebfe9ed0737feebfff600,1,TX 41 seq=17217 rx_latency=1ms tx_dur=1ms,20.572,
2730,10,1502,2862613982,2026-07-14T15:27:09.806994+00:00,150.100145,32750,41,0202aaa005de7fee005a5811460e29efbf1ffffffc2246cd1e00000fc0007ebfe9ed0737feebfff600,1,TX 41 seq=17218 rx_latency=1ms tx_dur=1ms,22.369,
2730,10,1503,2862613983,2026-07-14T15:27:09.906994+00:00,150.200146,32850,41,0202aaa005df8052005a5811460e29efbf1ffffffc2246cd1e00000fc0007ebfe9ed0737feebfff600,1,TX 41 seq=17219 rx_latency=1ms tx_dur=1ms,14.112,
2730,10,1504,2862613984,2026-07-14T15:27:10.006987+00:00,150.300133,32950,41,0202aaa005e080b6005a5811460e29efbf1ffffffc2246cd1e00000fc0007ebfe9ed0737feebfff600,1,TX 41 seq=17220 rx_latency=1ms tx_dur=1ms,15.971,
2730,10,1505,2862613985,2026-07-14T15:27:10.106992+00:00,150.400141,33050,41,0202aaa005e1811a005a5811460e29efbf1ffffffc2246cd1e00000fc0007ebfe9ed0737feebfff600,1,TX 41 seq=17221 rx_latency=1ms tx_dur=1ms,18.582,
2730,10,1506,2862613986,2026-07-14T15:27:10.206992+00:00,150.500140,33150,41,0202aaa005e2817e005a5811460e29efbf1ffffffc2246cd1e00000fc0007ebfe9ed0737feebfff600,1,TX 41 seq=17222 rx_latency=1ms tx_dur=1ms,20.327,
2730,10,1507,2862613987,2026-07-14T15:27:10.306993+00:00,150.600142,33250,41,0202aaa005e381e2005a5811460e29efbf1ffffffc2246cd1e00000fc0007ebfe9ed0737feebfff600,1,TX 41 seq=17223 rx_latency=1ms tx_dur=1ms,22.087,
2730,10,1508,2862613988,2026-07-14T15:27:10.406984+00:00,150.700126,33350,41,0202aaa005e48246005a5811460e29efbf1ffffffc2246cd1e00000fc0007ebfe9ed0737feebfff600,1,TX 41 seq=17224 rx_latency=1ms tx_dur=1ms,14.950,
2730,10,1509,2862613989,2026-07-14T15:27:10.506992+00:00,150.800142,33450,41,0202aaa005e582aa005a5811460e29efbf1ffffffc2246cd1e00000fc0007ebfe9ed0737feebfff600,1,TX 41 seq=17225 rx_latency=1ms tx_dur=1ms,16.576,
2730,10,1510,2862613990,2026-07-14T15:27:10.606995+00:00,150.900154,33550,41,0202aaa005e6830e005a5811460e29efbf1ffffffc2246cd1e00000fc0007ebfe9ed0737feebfff600,1,TX 41 seq=17226 rx_latency=1ms tx_dur=1ms,18.081,
2730,10,1511,2862613991,2026-07-14T15:27:10.706994+00:00,151.000148,33650,41,0202aaa005e78372005a5811460e29efbf1ffffffc2246cd1e00000fc0007ebfe9ed0737feebfff600,1,TX 41 seq=17227 rx_latency=1ms tx_dur=1ms,19.858,
2730,10,1512,2862613992,2026-07-14T15:27:10.806987+00:00,151.100134,33750,41,0202aaa005e883d6005a5811460e29efbf1ffffffc2246cd1e00000fc0007ebfe9ed0737feebfff600,1,TX 41 seq=17228 rx_latency=1ms tx_dur=1ms,22.678,
2730,10,1513,2862613993,2026-07-14T15:27:10.906992+00:00,151.200140,33850,41,0202aaa005e9843a005a5811460e29efbf1ffffffc2246cd1e00000fc0007ebfe9ed0737feebfff600,1,TX 41 seq=17229 rx_latency=1ms tx_dur=1ms,14.351,
2730,10,1514,2862613994,2026-07-14T15:27:11.006995+00:00,151.300151,33950,41,0202aaa005ea849e005a5811460e29efbf1ffffffc2246cd1e00000fc0007ebfe9ed0737feebfff600,1,TX 41 seq=17230 rx_latency=1ms tx_dur=1ms,15.971,
2730,10,1515,2862613995,2026-07-14T15:27:11.106996+00:00,151.400150,34050,41,0202aaa005eb8502005a5811460e29efbf1ffffffc2246cd1e00000fc0007ebfe9ed0737feebfff600,1,TX 41 seq=17231 rx_latency=1ms tx_dur=1ms,18.809,
2730,10,1516,2862613996,2026-07-14T15:27:11.206985+00:00,151.500130,34150,41,0202aaa005ec8566005a5811460e29efbf1ffffffc2246cd1e00000fc0007ebfe9ed0737feebfff600,1,TX 41 seq=17232 rx_latency=1ms tx_dur=1ms,20.554,
2730,10,1517,2862613997,2026-07-14T15:27:11.306993+00:00,151.600140,34250,41,0202aaa005ed85ca005a5811460e29efbf1ffffffc2246cd1e00000fc0007ebfe9ed0737feebfff600,1,TX 41 seq=17233 rx_latency=1ms tx_dur=1ms,22.104,
2730,10,1518,2862613998,2026-07-14T15:27:11.406986+00:00,151.700129,34350,41,0202aaa005ee862e005a5811460e29efbf1ffffffc2246cd1e00000fc0007ebfe9ed0737feebfff600,1,TX 41 seq=17234 rx_latency=1ms tx_dur=1ms,15.000,
2730,10,1519,2862613999,2026-07-14T15:27:11.506994+00:00,151.800145,34450,41,0202aaa005ef8692005a5811460e29efbf1ffffffc2246cd1e00000fc0007ebfe9ed0737feebfff600,1,TX 41 seq=17235 rx_latency=1ms tx_dur=1ms,16.672,
2730,10,1520,2862614000,2026-07-14T15:27:11.606988+00:00,151.900135,34550,41,0202aaa005f086f6005a5811460e29efbf1ffffffc2246cd1e00000fc0007ebfe9ed0737feebfff600,1,TX 41 seq=17236 rx_latency=1ms tx_dur=1ms,18.389,
2730,10,1521,2862614001,2026-07-14T15:27:11.706998+00:00,152.000154,34650,41,0202aaa005f1875a005a5811460e29efbf1ffffffc2246cd1e00000fc0007ebfe9ed0737feebfff600,1,TX 41 seq=17237 rx_latency=1ms tx_dur=1ms,19.882,
2730,10,1522,2862614002,2026-07-14T15:27:11.806987+00:00,152.100130,34750,41,0202aaa005f287be005a5811460e29efbf1ffffffc2246cd1e00000fc0007ebfe9ed0737feebfff600,1,TX 41 seq=17238 rx_latency=1ms tx_dur=1ms,22.709,
2730,10,1523,2862614003,2026-07-14T15:27:11.906993+00:00,152.200140,34850,41,0202aaa005f38822005a5811460e29efbf1ffffffc2246cd1e00000fc0007ebfe9ed0737feebfff600,1,TX 41 seq=17239 rx_latency=1ms tx_dur=1ms,14.495,
2730,10,1524,2862614004,2026-07-14T15:27:12.006986+00:00,152.300131,34950,41,0202aaa005f48886005a5811460e29efbf1ffffffc2246cd1e00000fc0007ebfe9ed0737feebfff600,1,TX 41 seq=17240 rx_latency=1ms tx_dur=1ms,16.242,
2730,10,1525,2862614005,2026-07-14T15:27:12.106995+00:00,152.400145,35050,41,0202aaa005f588ea005a5811460e29efbf1ffffffc2246cd1e00000fc0007ebfe9ed0737feebfff600,1,TX 41 seq=17241 rx_latency=1ms tx_dur=1ms,18.860,
2730,10,1526,2862614006,2026-07-14T15:27:12.206986+00:00,152.500129,35150,41,0202aaa005f6894e005a5811460e29efbf1ffffffc2246cd1e00000fc0007ebfe9ed0737feebfff600,1,TX 41 seq=17242 rx_latency=1ms tx_dur=1ms,20.590,
2730,10,1527,2862614007,2026-07-14T15:27:12.306994+00:00,152.600141,35250,41,0202aaa005f789b2005a5811460e29efbf1ffffffc2246cd1e00000fc0007ebfe9ed0737feebfff600,1,TX 41 seq=17243 rx_latency=1ms tx_dur=1ms,22.307,
2730,10,1528,2862614008,2026-07-14T15:27:12.406986+00:00,152.700127,35350,41,0202aaa005f88a16005a5811460e29efbf1ffffffc2246cd1e00000fc0007ebfe9ed0737feebfff600,1,TX 41 seq=17244 rx_latency=1ms tx_dur=1ms,14.105,
2730,10,1529,2862614009,2026-07-14T15:27:12.506980+00:00,152.800127,35450,41,0202aaa005f98a7a005a5811460e29efbf1ffffffc2246cd1e00000fc0007ebfe9ed0737feebfff600,1,TX 41 seq=17245 rx_latency=1ms tx_dur=1ms,16.718,
2730,10,1530,2862614010,2026-07-14T15:27:12.606991+00:00,152.900148,35550,41,0202aaa005fa8ade005a5811460e29efbf1ffffffc2246cd1e00000fc0007ebfe9ed0737feebfff600,1,TX 41 seq=17246 rx_latency=1ms tx_dur=1ms,18.377,
2730,10,1531,2862614011,2026-07-14T15:27:12.706995+00:00,153.000146,35650,41,0202aaa005fb8b42005a5811460e29efbf1ffffffc2246cd1e00000fc0007ebfe9ed0737feebfff600,1,TX 41 seq=17247 rx_latency=1ms tx_dur=1ms,20.140,
2730,10,1532,2862614012,2026-07-14T15:27:12.806984+00:00,153.100127,35750,41,0202aaa005fc8ba6005a5811460e29efbf1ffffffc2246cd1e00000fc0007ebfe9ed0737feebfff600,1,TX 41 seq=17248 rx_latency=1ms tx_dur=1ms,22.984,
2730,10,1533,2862614013,2026-07-14T15:27:12.906992+00:00,153.200140,35850,41,0202aaa005fd8c0a005a5811460e29efbf1ffffffc2246cd1e00000fc0007ebfe9ed0737feebfff600,1,TX 41 seq=17249 rx_latency=1ms tx_dur=1ms,14.764,
2730,10,1534,2862614014,2026-07-14T15:27:13.007006+00:00,153.300177,35950,41,0202aaa005fe8c6e005a5811460e29efbf1ffffffc2246cd1e00000fc0007ebfe9ed0737feebfff600,1,TX 41 seq=17250 rx_latency=1ms tx_dur=1ms,16.153,
2730,10,1535,2862614015,2026-07-14T15:27:13.106999+00:00,153.400159,36050,41,0202aaa005ff8cd2005a5811460e29efbf1ffffffc2246cd1e00000fc0007ebfe9ed0737feebfff600,1,TX 41 seq=17251 rx_latency=1ms tx_dur=1ms,17.935,
2730,10,1536,2862614016,2026-07-14T15:27:13.206988+00:00,153.500135,36150,41,0202aaa006008d36005a5811460e29efbf1ffffffc2246cd1e00000fc0007ebfe9ed0737feebfff600,1,TX 41 seq=17252 rx_latency=1ms tx_dur=1ms,20.789,
2730,10,1537,2862614017,2026-07-14T15:27:13.306993+00:00,153.600143,36250,41,0202aaa006018d9a005a5811460e29efbf1ffffffc2246cd1e00000fc0007ebfe9ed0737feebfff600,1,TX 41 seq=17253 rx_latency=1ms tx_dur=1ms,22.559,
2730,10,1538,2862614018,2026-07-14T15:27:13.406985+00:00,153.700128,36350,41,0202aaa006028dfe005a5811460e29efbf1ffffffc2246cd1e00000fc0007ebfe9ed0737feebfff600,1,TX 41 seq=17254 rx_latency=1ms tx_dur=1ms,14.137,
2730,10,1539,2862614019,2026-07-14T15:27:13.506947+00:00,153.800096,36450,41,0202aaa006038e62005a5811460e29efbf1ffffffc2246cd1e00000fc0007ebfe9ed0737feebfff600,1,TX 41 seq=17255 rx_latency=1ms tx_dur=1ms,15.866,
2730,10,1540,2862614020,2026-07-14T15:27:13.607001+00:00,153.900163,36550,41,0202aaa006048ec6005a5811460e29efbf1ffffffc2246cd1e00000fc0007ebfe9ed0737feebfff600,1,TX 41 seq=17256 rx_latency=1ms tx_dur=1ms,18.604,
2730,10,1541,2862614021,2026-07-14T15:27:13.707005+00:00,154.000176,36650,41,0202aaa006058f2a005a5811460e29efbf1ffffffc2246cd1e00000fc0007ebfe9ed0737feebfff600,1,TX 41 seq=17257 rx_latency=1ms tx_dur=1ms,20.249,
2730,10,1542,2862614022,2026-07-14T15:27:13.806997+00:00,154.100158,36750,41,0202aaa006068f8e005a5811460e29efbf1ffffffc2246cd1e00000fc0007ebfe9ed0737feebfff600,1,TX 41 seq=17258 rx_latency=1ms tx_dur=1ms,21.805,
2730,10,1543,2862614023,2026-07-14T15:27:13.906988+00:00,154.200136,36850,41,0202aaa006078ff2005a5811460e29efbf1ffffffc2246cd1e00000fc0007ebfe9ed0737feebfff600,1,TX 41 seq=17259 rx_latency=1ms tx_dur=1ms,14.793,
2730,10,1544,2862614024,2026-07-14T15:27:14.006996+00:00,154.300149,36950,41,0202aaa006089056005a5811460e29efbf1ffffffc2246cd1e00000fc0007ebfe9ed0737feebfff600,1,TX 41 seq=17260 rx_latency=1ms tx_dur=1ms,16.523,
2730,10,1545,2862614025,2026-07-14T15:27:14.106990+00:00,154.400141,37050,41,0202aaa0060990ba005a5811460e29efbf1ffffffc2246cd1e00000fc0007ebfe9ed0737feebfff600,1,TX 41 seq=17261 rx_latency=1ms tx_dur=1ms,18.184,
2730,10,1546,2862614026,2026-07-14T15:27:14.206992+00:00,154.500143,37150,41,0202aaa0060a911e005a5811460e29efbf1ffffffc2246cd1e00000fc0007ebfe9ed0737feebfff600,1,TX 41 seq=17262 rx_latency=1ms tx_dur=1ms,20.845,
2730,10,1547,2862614027,2026-07-14T15:27:14.306996+00:00,154.600147,37250,41,0202aaa0060b9182005a5811460e29efbf1ffffffc2246cd1e00000fc0007ebfe9ed0737feebfff600,1,TX 41 seq=17263 rx_latency=1ms tx_dur=1ms,22.564,
2730,10,1548,2862614028,2026-07-14T15:27:14.406985+00:00,154.700129,37350,41,0202aaa0060c91e6005a5811460e29efbf1ffffffc2246cd1e00000fc0007ebfe9ed0737feebfff600,1,TX 41 seq=17264 rx_latency=1ms tx_dur=1ms,14.364,
2730,10,1549,2862614029,2026-07-14T15:27:14.506989+00:00,154.800138,37450,41,0202aaa0060d924a005a5811460e29efbf1ffffffc2246cd1e00000fc0007ebfe9ed0737feebfff600,1,TX 41 seq=17265 rx_latency=1ms tx_dur=1ms,16.073,
2730,10,1550,2862614030,2026-07-14T15:27:14.606987+00:00,154.900132,37550,41,0202aaa0060e92ae005a5811460e29efbf1ffffffc2246cd1e00000fc0007ebfe9ed0737feebfff600,1,TX 41 seq=17266 rx_latency=1ms tx_dur=1ms,18.678,
2730,10,1551,2862614031,2026-07-14T15:27:14.706993+00:00,155.000141,37650,41,0202aaa0060f9312005a5811460e29efbf1ffffffc2246cd1e00000fc0007ebfe9ed0737feebfff600,1,TX 41 seq=17267 rx_latency=1ms tx_dur=1ms,20.404,
2730,10,1552,2862614032,2026-07-14T15:27:14.806994+00:00,155.100145,37750,41,0202aaa006109376005a5811460e29efbf1ffffffc2246cd1e00000fc0007ebfe9ed0737feebfff600,1,TX 41 seq=17268 rx_latency=1ms tx_dur=1ms,22.103,
2730,10,1553,2862614033,2026-07-14T15:27:14.906992+00:00,155.200148,37850,41,0202aaa0061193da005a5811460e29efbf1ffffffc2246cd1e00000fc0007ebfe9ed0737feebfff600,1,TX 41 seq=17269 rx_latency=1ms tx_dur=1ms,13.860,
2730,10,1554,2862614034,2026-07-14T15:27:15.006996+00:00,155.300150,37950,41,0202aaa00612943e005a5811460e29efbf1ffffffc2246cd1e00000fc0007ebfe9ed0737feebfff600,1,TX 41 seq=17270 rx_latency=1ms tx_dur=1ms,16.518,
2730,10,1555,2862614035,2026-07-14T15:27:15.106989+00:00,155.400137,38050,41,0202aaa0061394a2005a5811460e29efbf1ffffffc2246cd1e00000fc0007ebfe9ed0737feebfff600,1,TX 41 seq=17271 rx_latency=1ms tx_dur=1ms,18.239,
2730,10,1556,2862614036,2026-07-14T15:27:15.206992+00:00,155.500141,38150,41,0202aaa006149506005a5811460e29efbf1ffffffc2246cd1e00000fc0007ebfe9ed0737feebfff600,1,TX 41 seq=17272 rx_latency=1ms tx_dur=1ms,19.962,
2730,10,1557,2862614037,2026-07-14T15:27:15.306990+00:00,155.600137,38250,41,0202aaa00615956a005a5811460e29efbf1ffffffc2246cd1e00000fc0007ebfe9ed0737feebfff600,1,TX 41 seq=17273 rx_latency=1ms tx_dur=1ms,22.851,
2730,10,1558,2862614038,2026-07-14T15:27:15.406987+00:00,155.700135,38350,41,0202aaa0061695ce005a5811460e29efbf1ffffffc2246cd1e00000fc0007ebfe9ed0737feebfff600,1,TX 41 seq=17274 rx_latency=1ms tx_dur=1ms,14.372,
2730,10,1559,2862614039,2026-07-14T15:27:15.506995+00:00,155.800145,38450,41,0202aaa006179632005a5811460e29efbf1ffffffc2246cd1e00000fc0007ebfe9ed0737feebfff600,1,TX 41 seq=17275 rx_latency=1ms tx_dur=1ms,16.075,
2730,10,1560,2862614040,2026-07-14T15:27:15.606931+00:00,155.900079,38550,41,0202aaa006189696005a5811460e29efbf1ffffffc2246cd1e00000fc0007ebfe9ed0737feebfff600,1,TX 41 seq=17276 rx_latency=1ms tx_dur=1ms,18.985,
2730,10,1561,2862614041,2026-07-14T15:27:15.706995+00:00,156.000148,38650,41,0202aaa0061996fa005a5811460e29efbf1ffffffc2246cd1e00000fc0007ebfe9ed0737feebfff600,1,TX 41 seq=17277 rx_latency=1ms tx_dur=1ms,20.632,
2730,10,1562,2862614042,2026-07-14T15:27:15.806991+00:00,156.100140,38750,41,0202aaa0061a975e005a5811460e29efbf1ffffffc2246cd1e00000fc0007ebfe9ed0737feebfff600,1,TX 41 seq=17278 rx_latency=1ms tx_dur=1ms,22.209,
2730,10,1563,2862614043,2026-07-14T15:27:15.906999+00:00,156.200161,38850,41,0202aaa0061b97c2005a5811460e29efbf1ffffffc2246cd1e00000fc0007ebfe9ed0737feebfff600,1,TX 41 seq=17279 rx_latency=1ms tx_dur=1ms,13.889,
2730,10,1564,2862614044,2026-07-14T15:27:16.006986+00:00,156.300134,38950,41,0202aaa0061c9826005a5811460e29efbf1ffffffc2246cd1e00000fc0007ebfe9ed0737feebfff600,1,TX 41 seq=17280 rx_latency=1ms tx_dur=1ms,16.760,
2730,10,1565,2862614045,2026-07-14T15:27:16.106995+00:00,156.400148,39050,41,0202aaa0061d988a005a5811460e29efbf1ffffffc2246cd1e00000fc0007ebfe9ed0737feebfff600,1,TX 41 seq=17281 rx_latency=1ms tx_dur=1ms,18.476,
2730,10,1566,2862614046,2026-07-14T15:27:16.206986+00:00,156.500131,39150,41,0202aaa0061e98ee005a5811460e29efbf1ffffffc2246cd1e00000fc0007ebfe9ed0737feebfff600,1,TX 41 seq=17282 rx_latency=1ms tx_dur=1ms,19.990,
2730,10,1567,2862614047,2026-07-14T15:27:16.306991+00:00,156.600139,39250,41,0202aaa0061f9952005a5811460e29efbf1ffffffc2246cd1e00000fc0007ebfe9ed0737feebfff600,1,TX 41 seq=17283 rx_latency=1ms tx_dur=1ms,22.834,
2730,10,1568,2862614048,2026-07-14T15:27:16.406989+00:00,156.700135,39350,41,0202aaa0062099b6005a5811460e29efbf1ffffffc2246cd1e00000fc0007ebfe9ed0737feebfff600,1,TX 41 seq=17284 rx_latency=1ms tx_dur=1ms,14.613,
2730,10,1569,2862614049,2026-07-14T15:27:16.506992+00:00,156.800145,39450,41,0202aaa006219a1a005a5811460e29efbf1ffffffc2246cd1e00000fc0007ebfe9ed0737feebfff600,1,TX 41 seq=17285 rx_latency=1ms tx_dur=1ms,16.286,
2730,10,1570,2862614050,2026-07-14T15:27:16.606990+00:00,156.900142,39550,41,0202aaa006229a7e005a5811460e29efbf1ffffffc2246cd1e00000fc0007ebfe9ed0737feebfff600,1,TX 41 seq=17286 rx_latency=1ms tx_dur=1ms,18.138,
2730,10,1571,2862614051,2026-07-14T15:27:16.706994+00:00,157.000144,39650,41,0202aaa006239ae2005a5811460e29efbf1ffffffc2246cd1e00000fc0007ebfe9ed0737feebfff600,1,TX 41 seq=17287 rx_latency=1ms tx_dur=1ms,20.790,
2730,10,1572,2862614052,2026-07-14T15:27:16.806984+00:00,157.100127,39750,41,0202aaa006249b46005a5811460e29efbf1ffffffc2246cd1e00000fc0007ebfe9ed0737feebfff600,1,TX 41 seq=17288 rx_latency=1ms tx_dur=1ms,22.529,
2730,10,1573,2862614053,2026-07-14T15:27:16.906991+00:00,157.200139,39850,41,0202aaa006259baa005a5811460e29efbf1ffffffc2246cd1e00000fc0007ebfe9ed0737feebfff600,1,TX 41 seq=17289 rx_latency=1ms tx_dur=1ms,14.301,
2730,10,1574,2862614054,2026-07-14T15:27:17.006992+00:00,157.300138,39950,41,0202aaa006269c0e005a5811460e29efbf1ffffffc2246cd1e00000fc0007ebfe9ed0737feebfff600,1,TX 41 seq=17290 rx_latency=1ms tx_dur=1ms,16.033,
2730,10,1575,2862614055,2026-07-14T15:27:17.106997+00:00,157.400160,40050,41,0202aaa006279c72005a5811460e29efbf1ffffffc2246cd1e00000fc0007ebfe9ed0737feebfff600,1,TX 41 seq=17291 rx_latency=1ms tx_dur=1ms,18.562,
2730,10,1576,2862614056,2026-07-14T15:27:17.206995+00:00,157.500147,40150,41,0202aaa006289cd6005a5811460e29efbf1ffffffc2246cd1e00000fc0007ebfe9ed0737feebfff600,1,TX 41 seq=17292 rx_latency=1ms tx_dur=1ms,20.348,
2730,10,1577,2862614057,2026-07-14T15:27:17.306970+00:00,157.600120,40250,41,0202aaa006299d3a005a5811460e29efbf1ffffffc2246cd1e00000fc0007ebfe9ed0737feebfff600,1,TX 41 seq=17293 rx_latency=1ms tx_dur=1ms,22.107,
2730,10,1578,2862614058,2026-07-14T15:27:17.406992+00:00,157.700139,40350,41,0202aaa0062a9d9e005a5811460e29efbf1ffffffc2246cd1e00000fc0007ebfe9ed0737feebfff600,1,TX 41 seq=17294 rx_latency=1ms tx_dur=1ms,13.863,
2730,10,1579,2862614059,2026-07-14T15:27:17.506990+00:00,157.800138,40450,41,0202aaa0062b9e02005a5811460e29efbf1ffffffc2246cd1e00000fc0007ebfe9ed0737feebfff600,1,TX 41 seq=17295 rx_latency=1ms tx_dur=1ms,16.524,
2730,10,1580,2862614060,2026-07-14T15:27:17.606990+00:00,157.900139,40550,41,0202aaa0062c9e66005a5811460e29efbf1ffffffc2246cd1e00000fc0007ebfe9ed0737feebfff600,1,TX 41 seq=17296 rx_latency=1ms tx_dur=1ms,18.185,
2730,10,1581,2862614061,2026-07-14T15:27:17.706992+00:00,158.000143,40650,41,0202aaa0062d9eca005a5811460e29efbf1ffffffc2246cd1e00000fc0007ebfe9ed0737feebfff600,1,TX 41 seq=17297 rx_latency=1ms tx_dur=1ms,19.929,
2730,10,1582,2862614062,2026-07-14T15:27:17.806991+00:00,158.100138,40750,41,0202aaa0062e9f2e005a5811460e29efbf1ffffffc2246cd1e00000fc0007ebfe9ed0737feebfff600,1,TX 41 seq=17298 rx_latency=1ms tx_dur=1ms,22.777,
2730,10,1583,2862614063,2026-07-14T15:27:17.906993+00:00,158.200140,40850,41,0202aaa0062f9f92005a5811460e29efbf1ffffffc2246cd1e00000fc0007ebfe9ed0737feebfff600,1,TX 41 seq=17299 rx_latency=1ms tx_dur=1ms,14.318,
2730,10,1584,2862614064,2026-07-14T15:27:18.006988+00:00,158.300135,40950,41,0202aaa006309ff6005a5811460e29efbf1ffffffc2246cd1e00000fc0007ebfe9ed0737feebfff600,1,TX 41 seq=17300 rx_latency=1ms tx_dur=1ms,16.064,
2730,10,1585,2862614065,2026-07-14T15:27:18.107006+00:00,158.400175,41050,41,0202aaa00631a05a005a5811460e29efbf1ffffffc2246cd1e00000fc0007ebfe9ed0737feebfff600,1,TX 41 seq=17301 rx_latency=1ms tx_dur=1ms,18.805,
2730,10,1586,2862614066,2026-07-14T15:27:18.206989+00:00,158.500138,41150,41,0202aaa00632a0be005a5811460e29efbf1ffffffc2246cd1e00000fc0007ebfe9ed0737feebfff600,1,TX 41 seq=17302 rx_latency=1ms tx_dur=1ms,20.600,
2730,10,1587,2862614067,2026-07-14T15:27:18.306999+00:00,158.600165,41250,41,0202aaa00633a122005a5811460e29efbf1ffffffc2246cd1e00000fc0007ebfe9ed0737feebfff600,1,TX 41 seq=17303 rx_latency=1ms tx_dur=1ms,22.052,
2730,10,1588,2862614068,2026-07-14T15:27:18.406989+00:00,158.700140,41350,41,0202aaa00634a186005a5811460e29efbf1ffffffc2246cd1e00000fc0007ebfe9ed0737feebfff600,1,TX 41 seq=17304 rx_latency=1ms tx_dur=1ms,13.884,
2730,10,1589,2862614069,2026-07-14T15:27:18.507001+00:00,158.800171,41450,41,0202aaa00635a1ea005a5811460e29efbf1ffffffc2246cd1e00000fc0007ebfe9ed0737feebfff600,1,TX 41 seq=17305 rx_latency=1ms tx_dur=1ms,16.644,
2730,10,1590,2862614070,2026-07-14T15:27:18.606991+00:00,158.900145,41550,41,0202aaa00636a24e005a5811460e29efbf1ffffffc2246cd1e00000fc0007ebfe9ed0737feebfff600,1,TX 41 seq=17306 rx_latency=1ms tx_dur=1ms,18.405,
2730,10,1591,2862614071,2026-07-14T15:27:18.706993+00:00,159.000144,41650,41,0202aaa00637a2b2005a5811460e29efbf1ffffffc2246cd1e00000fc0007ebfe9ed0737feebfff600,1,TX 41 seq=17307 rx_latency=1ms tx_dur=1ms,19.959,
2730,10,1592,2862614072,2026-07-14T15:27:18.806994+00:00,159.100143,41750,41,0202aaa00638a316005a5811460e29efbf1ffffffc2246cd1e00000fc0007ebfe9ed0737feebfff600,1,TX 41 seq=17308 rx_latency=1ms tx_dur=1ms,22.798,
2730,10,1593,2862614073,2026-07-14T15:27:18.907030+00:00,159.200204,41851,41,0202aaa00639a37b005a5811460e29efbf1ffffffc2246cd1e00000fc0007ebfe9ed0737feebfff600,1,TX 41 seq=17309 rx_latency=1ms tx_dur=1ms,14.417,
2730,10,1594,2862614074,2026-07-14T15:27:19.006993+00:00,159.300149,41950,41,0202aaa0063aa3de005a5811460e29efbf1ffffffc2246cd1e00000fc0007ebfe9ed0737feebfff600,1,TX 41 seq=17310 rx_latency=1ms tx_dur=1ms,16.232,
2730,10,1595,2862614075,2026-07-14T15:27:19.106987+00:00,159.400133,42050,41,0202aaa0063ba442005a5811460e29efbf1ffffffc2246cd1e00000fc0007ebfe9ed0737feebfff600,1,TX 41 seq=17311 rx_latency=1ms tx_dur=1ms,18.906,
2730,10,1596,2862614076,2026-07-14T15:27:19.206997+00:00,159.500151,42150,41,0202aaa0063ca4a6005a5811460e29efbf1ffffffc2246cd1e00000fc0007ebfe9ed0737feebfff600,1,TX 41 seq=17312 rx_latency=1ms tx_dur=1ms,20.605,
2730,10,1597,2862614077,2026-07-14T15:27:19.306987+00:00,159.600132,42250,41,0202aaa0063da50a005a5811460e29efbf1ffffffc2246cd1e00000fc0007ebfe9ed0737feebfff600,1,TX 41 seq=17313 rx_latency=1ms tx_dur=1ms,22.382,
2730,10,1598,2862614078,2026-07-14T15:27:19.406997+00:00,159.700157,42350,41,0202aaa0063ea56e005a5811460e29efbf1ffffffc2246cd1e00000fc0007ebfe9ed0737feebfff600,1,TX 41 seq=17314 rx_latency=1ms tx_dur=1ms,14.076,
2730,10,1599,2862614079,2026-07-14T15:27:19.506995+00:00,159.800149,42450,41,0202aaa0063fa5d2005a5811460e29efbf1ffffffc2246cd1e00000fc0007ebfe9ed0737feebfff600,1,TX 41 seq=17315 rx_latency=1ms tx_dur=1ms,16.289,
2730,10,1600,2862614080,2026-07-14T15:27:19.607006+00:00,159.900175,42550,41,0202aaa00640a636005a5811460e29efbf1ffffffc2246cd1e00000fc0007ebfe9ed0737feebfff600,1,TX 41 seq=17316 rx_latency=1ms tx_dur=1ms,18.416,
2730,10,1601,2862614081,2026-07-14T15:27:19.707008+00:00,160.000182,42650,41,0202aaa00641a69a005a5811460e29efbf1ffffffc2246cd1e00000fc0007ebfe9ed0737feebfff600,1,TX 41 seq=17317 rx_latency=1ms tx_dur=1ms,20.051,
2730,10,1602,2862614082,2026-07-14T15:27:19.806992+00:00,160.100144,42750,41,0202aaa00642a6fe005a5811460e29efbf1ffffffc2246cd1e00000fc0007ebfe9ed0737feebfff600,1,TX 41 seq=17318 rx_latency=1ms tx_dur=1ms,23.007,
2730,10,1603,2862614083,2026-07-14T15:27:19.906996+00:00,160.200150,42850,41,0202aaa00643a762005a5811460e29efbf1ffffffc2246cd1e00000fc0007ebfe9ed0737feebfff600,1,TX 41 seq=17319 rx_latency=1ms tx_dur=1ms,14.771,
2730,10,1604,2862614084,2026-07-14T15:27:20.006985+00:00,160.300129,42950,41,0202aaa00644a7c6005a5811460e29efbf1ffffffc2246cd1e00000fc0007ebfe9ed0737feebfff600,1,TX 41 seq=17320 rx_latency=1ms tx_dur=1ms,16.332,
2730,10,1605,2862614085,2026-07-14T15:27:20.106919+00:00,160.400073,43050,41,0202aaa00645a82a005a5811460e29efbf1ffffffc2246cd1e00000fc0007ebfe9ed0737feebfff600,1,TX 41 seq=17321 rx_latency=1ms tx_dur=1ms,18.082,
2730,10,1606,2862614086,2026-07-14T15:27:20.206989+00:00,160.500134,43150,41,0202aaa00646a88e005a5811460e29efbf1ffffffc2246cd1e00000fc0007ebfe9ed0737feebfff600,1,TX 41 seq=17322 rx_latency=1ms tx_dur=1ms,20.844,
2730,10,1607,2862614087,2026-07-14T15:27:20.306994+00:00,160.600142,43250,41,0202aaa00647a8f2005a5811460e29efbf1ffffffc2246cd1e00000fc0007ebfe9ed0737feebfff600,1,TX 41 seq=17323 rx_latency=1ms tx_dur=1ms,22.597,
2730,10,1608,2862614088,2026-07-14T15:27:20.406986+00:00,160.700130,43350,41,0202aaa00648a956005a5811460e29efbf1ffffffc2246cd1e00000fc0007ebfe9ed0737feebfff600,1,TX 41 seq=17324 rx_latency=1ms tx_dur=1ms,14.184,
2730,10,1609,2862614089,2026-07-14T15:27:20.506991+00:00,160.800139,43450,41,0202aaa00649a9ba005a5811460e29efbf1ffffffc2246cd1e00000fc0007ebfe9ed0737feebfff600,1,TX 41 seq=17325 rx_latency=1ms tx_dur=1ms,17.024,
2730,10,1610,2862614090,2026-07-14T15:27:20.606984+00:00,160.900125,43550,41,0202aaa0064aaa1e005a5811460e29efbf1ffffffc2246cd1e00000fc0007ebfe9ed0737feebfff600,1,TX 41 seq=17326 rx_latency=1ms tx_dur=1ms,18.714,
2730,10,1611,2862614091,2026-07-14T15:27:20.706993+00:00,161.000140,43650,41,0202aaa0064baa82005a5811460e29efbf1ffffffc2246cd1e00000fc0007ebfe9ed0737feebfff600,1,TX 41 seq=17327 rx_latency=1ms tx_dur=1ms,20.482,
2730,10,1612,2862614092,2026-07-14T15:27:20.806985+00:00,161.100128,43750,41,0202aaa0064caae6005a5811460e29efbf1ffffffc2246cd1e00000fc0007ebfe9ed0737feebfff600,1,TX 41 seq=17328 rx_latency=1ms tx_dur=1ms,23.053,
2730,10,1613,2862614093,2026-07-14T15:27:20.906992+00:00,161.200139,43850,41,0202aaa0064dab4a005a5811460e29efbf1ffffffc2246cd1e00000fc0007ebfe9ed0737feebfff600,1,TX 41 seq=17329 rx_latency=1ms tx_dur=1ms,14.833,
2730,10,1614,2862614094,2026-07-14T15:27:21.006991+00:00,161.300136,43950,41,0202aaa0064eabae005a5811460e29efbf1ffffffc2246cd1e00000fc0007ebfe9ed0737feebfff600,1,TX 41 seq=17330 rx_latency=1ms tx_dur=1ms,16.570,
2730,10,1615,2862614095,2026-07-14T15:27:21.106992+00:00,161.400138,44050,41,0202aaa0064fac12005a5811460e29efbf1ffffffc2246cd1e00000fc0007ebfe9ed0737feebfff600,1,TX 41 seq=17331 rx_latency=1ms tx_dur=1ms,18.290,
2730,10,1616,2862614096,2026-07-14T15:27:21.206974+00:00,161.500119,44150,41,0202aaa00650ac76005a5811460e29efbf1ffffffc2246cd1e00000fc0007ebfe9ed0737feebfff600,1,TX 41 seq=17332 rx_latency=1ms tx_dur=1ms,20.895,
2730,10,1617,2862614097,2026-07-14T15:27:21.306994+00:00,161.600143,44250,41,0202aaa00651acda005a5811460e29efbf1ffffffc2246cd1e00000fc0007ebfe9ed0737feebfff600,1,TX 41 seq=17333 rx_latency=1ms tx_dur=1ms,22.626,
2730,10,1618,2862614098,2026-07-14T15:27:21.406984+00:00,161.700125,44350,41,0202aaa00652ad3e005a5811460e29efbf1ffffffc2246cd1e00000fc0007ebfe9ed0737feebfff600,1,TX 41 seq=17334 rx_latency=1ms tx_dur=1ms,14.420,
2730,10,1619,2862614099,2026-07-14T15:27:21.506995+00:00,161.800144,44450,41,0202aaa00653ada2005a5811460e29efbf1ffffffc2246cd1e00000fc0007ebfe9ed0737feebfff600,1,TX 41 seq=17335 rx_latency=1ms tx_dur=1ms,16.114,
2730,10,1620,2862614100,2026-07-14T15:27:21.606999+00:00,161.900159,44550,41,0202aaa00654ae06005a5811460e29efbf1ffffffc2246cd1e00000fc0007ebfe9ed0737feebfff600,1,TX 41 seq=17336 rx_latency=1ms tx_dur=1ms,18.667,
2730,10,1621,2862614101,2026-07-14T15:27:21.707000+00:00,162.000153,44650,41,0202aaa00655ae6a005a5811460e29efbf1ffffffc2246cd1e00000fc0007ebfe9ed0737feebfff600,1,TX 41 seq=17337 rx_latency=1ms tx_dur=1ms,20.480,
2730,10,1622,2862614102,2026-07-14T15:27:21.806987+00:00,162.100130,44750,41,0202aaa00656aece005a5811460e29efbf1ffffffc2246cd1e00000fc0007ebfe9ed0737feebfff600,1,TX 41 seq=17338 rx_latency=1ms tx_dur=1ms,22.162,
2730,10,1623,2862614103,2026-07-14T15:27:21.906992+00:00,162.200140,44850,41,0202aaa00657af32005a5811460e29efbf1ffffffc2246cd1e00000fc0007ebfe9ed0737feebfff600,1,TX 41 seq=17339 rx_latency=1ms tx_dur=1ms,13.952,
2730,10,1624,2862614104,2026-07-14T15:27:22.006992+00:00,162.300137,44950,41,0202aaa00658af96005a5811460e29efbf1ffffffc2246cd1e00000fc0007ebfe9ed0737feebfff600,1,TX 41 seq=17340 rx_latency=1ms tx_dur=1ms,16.585,
2730,10,1625,2862614105,2026-07-14T15:27:22.106994+00:00,162.400142,45050,41,0202aaa00659affa005a5811460e29efbf1ffffffc2246cd1e00000fc0007ebfe9ed0737feebfff600,1,TX 41 seq=17341 rx_latency=1ms tx_dur=1ms,18.291,
2730,10,1626,2862614106,2026-07-14T15:27:22.206986+00:00,162.500132,45150,41,0202aaa0065ab05e005a5811460e29efbf1ffffffc2246cd1e00000fc0007ebfe9ed0737feebfff600,1,TX 41 seq=17342 rx_latency=1ms tx_dur=1ms,20.001,
2730,10,1627,2862614107,2026-07-14T15:27:22.306993+00:00,162.600143,45250,41,0202aaa0065bb0c2005a5811460e29efbf1ffffffc2246cd1e00000fc0007ebfe9ed0737feebfff600,1,TX 41 seq=17343 rx_latency=1ms tx_dur=1ms,22.866,
2730,10,1628,2862614108,2026-07-14T15:27:22.406987+00:00,162.700131,45350,41,0202aaa0065cb126005a5811460e29efbf1ffffffc2246cd1e00000fc0007ebfe9ed0737feebfff600,1,TX 41 seq=17344 rx_latency=1ms tx_dur=1ms,14.447,
2730,10,1629,2862614109,2026-07-14T15:27:22.506993+00:00,162.800140,45450,41,0202aaa0065db18a005a5811460e29efbf1ffffffc2246cd1e00000fc0007ebfe9ed0737feebfff600,1,TX 41 seq=17345 rx_latency=1ms tx_dur=1ms,16.159,
2730,10,1630,2862614110,2026-07-14T15:27:22.606987+00:00,162.900130,45550,41,0202aaa0065eb1ee005a5811460e29efbf1ffffffc2246cd1e00000fc0007ebfe9ed0737feebfff600,1,TX 41 seq=17346 rx_latency=1ms tx_dur=1ms,18.973,
2730,10,1631,2862614111,2026-07-14T15:27:22.706996+00:00,163.000148,45650,41,0202aaa0065fb252005a5811460e29efbf1ffffffc2246cd1e00000fc0007ebfe9ed0737feebfff600,1,TX 41 seq=17347 rx_latency=1ms tx_dur=1ms,20.698,
2730,10,1632,2862614112,2026-07-14T15:27:22.806986+00:00,163.100130,45750,41,0202aaa00660b2b6005a5811460e29efbf1ffffffc2246cd1e00000fc0007ebfe9ed0737feebfff600,1,TX 41 seq=17348 rx_latency=1ms tx_dur=1ms,22.201,
2730,10,1633,2862614113,2026-07-14T15:27:22.906992+00:00,163.200139,45850,41,0202aaa00661b31a005a5811460e29efbf1ffffffc2246cd1e00000fc0007ebfe9ed0737feebfff600,1,TX 41 seq=17349 rx_latency=1ms tx_dur=1ms,13.986,
2730,10,1634,2862614114,2026-07-14T15:27:23.007002+00:00,163.300170,45950,41,0202aaa00662b37e005a5811460e29efbf1ffffffc2246cd1e00000fc0007ebfe9ed0737feebfff600,1,TX 41 seq=17350 rx_latency=1ms tx_dur=1ms,16.698,
2730,10,1635,2862614115,2026-07-14T15:27:23.106989+00:00,163.400140,46050,41,0202aaa00663b3e2005a5811460e29efbf1ffffffc2246cd1e00000fc0007ebfe9ed0737feebfff600,1,TX 41 seq=17351 rx_latency=1ms tx_dur=1ms,18.631,
2730,10,1636,2862614116,2026-07-14T15:27:23.207005+00:00,163.500159,46150,41,0202aaa00664b446005a5811460e29efbf1ffffffc2246cd1e00000fc0007ebfe9ed0737feebfff600,1,TX 41 seq=17352 rx_latency=1ms tx_dur=1ms,20.360,
2730,10,1637,2862614117,2026-07-14T15:27:23.306992+00:00,163.600142,46250,41,0202aaa00665b4aa005a5811460e29efbf1ffffffc2246cd1e00000fc0007ebfe9ed0737feebfff600,1,TX 41 seq=17353 rx_latency=1ms tx_dur=1ms,22.934,
2730,10,1638,2862614118,2026-07-14T15:27:23.406994+00:00,163.700143,46350,41,0202aaa00666b50e005a5811460e29efbf1ffffffc2246cd1e00000fc0007ebfe9ed0737feebfff600,1,TX 41 seq=17354 rx_latency=1ms tx_dur=1ms,14.768,
2730,10,1639,2862614119,2026-07-14T15:27:23.506986+00:00,163.800130,46450,41,0202aaa00667b572005a5811460e29efbf1ffffffc2246cd1e00000fc0007ebfe9ed0737feebfff600,1,TX 41 seq=17355 rx_latency=1ms tx_dur=1ms,16.526,
2730,10,1640,2862614120,2026-07-14T15:27:23.606999+00:00,163.900156,46550,41,0202aaa00668b5d6005a5811460e29efbf1ffffffc2246cd1e00000fc0007ebfe9ed0737feebfff600,1,TX 41 seq=17356 rx_latency=1ms tx_dur=1ms,18.118,
2730,10,1641,2862614121,2026-07-14T15:27:23.706976+00:00,164.000131,46650,41,0202aaa00669b63a005a5811460e29efbf1ffffffc2246cd1e00000fc0007ebfe9ed0737feebfff600,1,TX 41 seq=17357 rx_latency=1ms tx_dur=1ms,20.747,
2730,10,1642,2862614122,2026-07-14T15:27:23.806988+00:00,164.100132,46750,41,0202aaa0066ab69e005a5811460e29efbf1ffffffc2246cd1e00000fc0007ebfe9ed0737feebfff600,1,TX 41 seq=17358 rx_latency=1ms tx_dur=1ms,22.659,
2730,10,1643,2862614123,2026-07-14T15:27:23.907000+00:00,164.200154,46850,41,0202aaa0066bb702005a5811460e29efbf1ffffffc2246cd1e00000fc0007ebfe9ed0737feebfff600,1,TX 41 seq=17359 rx_latency=1ms tx_dur=1ms,14.253,
2730,10,1644,2862614124,2026-07-14T15:27:24.006994+00:00,164.300137,46950,41,0202aaa0066cb766005a5811460e29efbf1ffffffc2246cd1e00000fc0007ebfe9ed0737feebfff600,1,TX 41 seq=17360 rx_latency=1ms tx_dur=1ms,16.067,
2730,10,1645,2862614125,2026-07-14T15:27:24.106992+00:00,164.400133,47050,41,0202aaa0066db7ca005a5811460e29efbf1ffffffc2246cd1e00000fc0007ebfe9ed0737feebfff600,1,TX 41 seq=17361 rx_latency=1ms tx_dur=1ms,18.783,
2730,10,1646,2862614126,2026-07-14T15:27:24.206990+00:00,164.500139,47150,41,0202aaa0066eb82e005a5811460e29efbf1ffffffc2246cd1e00000fc0007ebfe9ed0737feebfff600,1,TX 41 seq=17362 rx_latency=1ms tx_dur=1ms,20.335,
2730,10,1647,2862614127,2026-07-14T15:27:24.306986+00:00,164.600132,47250,41,0202aaa0066fb892005a5811460e29efbf1ffffffc2246cd1e00000fc0007ebfe9ed0737feebfff600,1,TX 41 seq=17363 rx_latency=1ms tx_dur=1ms,22.227,
2730,10,1648,2862614128,2026-07-14T15:27:24.406992+00:00,164.700140,47350,41,0202aaa00670b8f6005a5811460e29efbf1ffffffc2246cd1e00000fc0007ebfe9ed0737feebfff600,1,TX 41 seq=17364 rx_latency=1ms tx_dur=1ms,14.980,
2730,10,1649,2862614129,2026-07-14T15:27:24.506984+00:00,164.800124,47450,41,0202aaa00671b95a005a5811460e29efbf1ffffffc2246cd1e00000fc0007ebfe9ed0737feebfff600,1,TX 41 seq=17365 rx_latency=1ms tx_dur=1ms,16.638,
2730,10,1650,2862614130,2026-07-14T15:27:24.606990+00:00,164.900137,47550,41,0202aaa00672b9be005a5811460e29efbf1ffffffc2246cd1e00000fc0007ebfe9ed0737feebfff600,1,TX 41 seq=17366 rx_latency=1ms tx_dur=1ms,18.206,
2730,10,1651,2862614131,2026-07-14T15:27:24.706984+00:00,165.000125,47650,41,0202aaa00673ba22005a5811460e29efbf1ffffffc2246cd1e00000fc0007ebfe9ed0737feebfff600,1,TX 41 seq=17367 rx_latency=1ms tx_dur=1ms,20.036,
2730,10,1652,2862614132,2026-07-14T15:27:24.806990+00:00,165.100137,47750,41,0202aaa00674ba86005a5811460e29efbf1ffffffc2246cd1e00000fc0007ebfe9ed0737feebfff600,1,TX 41 seq=17368 rx_latency=1ms tx_dur=1ms,22.751,
2730,10,1653,2862614133,2026-07-14T15:27:24.906983+00:00,165.200125,47850,41,0202aaa00675baea005a5811460e29efbf1ffffffc2246cd1e00000fc0007ebfe9ed0737feebfff600,1,TX 41 seq=17369 rx_latency=1ms tx_dur=1ms,14.450,
2730,10,1654,2862614134,2026-07-14T15:27:25.006991+00:00,165.300136,47950,41,0202aaa00676bb4e005a5811460e29efbf1ffffffc2246cd1e00000fc0007ebfe9ed0737feebfff600,1,TX 41 seq=17370 rx_latency=1ms tx_dur=1ms,16.092,
2730,10,1655,2862614135,2026-07-14T15:27:25.106983+00:00,165.400122,48050,41,0202aaa00677bbb2005a5811460e29efbf1ffffffc2246cd1e00000fc0007ebfe9ed0737feebfff600,1,TX 41 seq=17371 rx_latency=1ms tx_dur=1ms,19.005,
2730,10,1656,2862614136,2026-07-14T15:27:25.206990+00:00,165.500135,48150,41,0202aaa00678bc16005a5811460e29efbf1ffffffc2246cd1e00000fc0007ebfe9ed0737feebfff600,1,TX 41 seq=17372 rx_latency=1ms tx_dur=1ms,20.633,
2730,10,1657,2862614137,2026-07-14T15:27:25.306984+00:00,165.600129,48250,41,0202aaa00679bc7a005a5811460e29efbf1ffffffc2246cd1e00000fc0007ebfe9ed0737feebfff600,1,TX 41 seq=17373 rx_latency=1ms tx_dur=1ms,22.238,
2730,10,1658,2862614138,2026-07-14T15:27:25.406992+00:00,165.700139,48350,41,0202aaa0067abcde005a5811460e29efbf1ffffffc2246cd1e00000fc0007ebfe9ed0737feebfff600,1,TX 41 seq=17374 rx_latency=1ms tx_dur=1ms,13.992,
2730,10,1659,2862614139,2026-07-14T15:27:25.506985+00:00,165.800130,48450,41,0202aaa0067bbd42005a5811460e29efbf1ffffffc2246cd1e00000fc0007ebfe9ed0737feebfff600,1,TX 41 seq=17375 rx_latency=1ms tx_dur=1ms,16.810,
2730,10,1660,2862614140,2026-07-14T15:27:25.606992+00:00,165.900141,48550,41,0202aaa0067cbda6005a5811460e29efbf1ffffffc2246cd1e00000fc0007ebfe9ed0737feebfff600,1,TX 41 seq=17376 rx_latency=1ms tx_dur=1ms,18.491,
2730,10,1661,2862614141,2026-07-14T15:27:25.707006+00:00,166.000179,48650,41,0202aaa0067dbe0a005a5811460e29efbf1ffffffc2246cd1e00000fc0007ebfe9ed0737feebfff600,1,TX 41 seq=17377 rx_latency=1ms tx_dur=1ms,19.891,
2730,10,1662,2862614142,2026-07-14T15:27:25.806988+00:00,166.100137,48750,41,0202aaa0067ebe6e005a5811460e29efbf1ffffffc2246cd1e00000fc0007ebfe9ed0737feebfff600,1,TX 41 seq=17378 rx_latency=1ms tx_dur=1ms,22.871,
2730,10,1663,2862614143,2026-07-14T15:27:25.906994+00:00,166.200143,48850,41,0202aaa0067fbed2005a5811460e29efbf1ffffffc2246cd1e00000fc0007ebfe9ed0737feebfff600,1,TX 41 seq=17379 rx_latency=1ms tx_dur=1ms,14.610,
2730,10,1664,2862614144,2026-07-14T15:27:26.006985+00:00,166.300127,48950,41,0202aaa00680bf36005a5811460e29efbf1ffffffc2246cd1e00000fc0007ebfe9ed0737feebfff600,1,TX 41 seq=17380 rx_latency=1ms tx_dur=1ms,16.346,
2730,10,1665,2862614145,2026-07-14T15:27:26.106991+00:00,166.400138,49050,41,0202aaa00681bf9a005a5811460e29efbf1ffffffc2246cd1e00000fc0007ebfe9ed0737feebfff600,1,TX 41 seq=17381 rx_latency=1ms tx_dur=1ms,18.192,
2730,10,1666,2862614146,2026-07-14T15:27:26.206996+00:00,166.500148,49150,41,0202aaa00682bffe005a5811460e29efbf1ffffffc2246cd1e00000fc0007ebfe9ed0737feebfff600,1,TX 41 seq=17382 rx_latency=1ms tx_dur=1ms,20.809,
2730,10,1667,2862614147,2026-07-14T15:27:26.306986+00:00,166.600132,49250,41,0202aaa00683c062005a5811460e29efbf1ffffffc2246cd1e00000fc0007ebfe9ed0737feebfff600,1,TX 41 seq=17383 rx_latency=1ms tx_dur=1ms,22.539,
2730,10,1668,2862614148,2026-07-14T15:27:26.406991+00:00,166.700141,49350,41,0202aaa00684c0c6005a5811460e29efbf1ffffffc2246cd1e00000fc0007ebfe9ed0737feebfff600,1,TX 41 seq=17384 rx_latency=1ms tx_dur=1ms,14.300,
2730,10,1669,2862614149,2026-07-14T15:27:26.506985+00:00,166.800126,49450,41,0202aaa00685c12a005a5811460e29efbf1ffffffc2246cd1e00000fc0007ebfe9ed0737feebfff600,1,TX 41 seq=17385 rx_latency=1ms tx_dur=1ms,16.042,
2730,10,1670,2862614150,2026-07-14T15:27:26.606990+00:00,166.900137,49550,41,0202aaa00686c18e005a5811460e29efbf1ffffffc2246cd1e00000fc0007ebfe9ed0737feebfff600,1,TX 41 seq=17386 rx_latency=1ms tx_dur=1ms,18.661,
2730,10,1671,2862614151,2026-07-14T15:27:26.706990+00:00,167.000149,49650,41,0202aaa00687c1f2005a5811460e29efbf1ffffffc2246cd1e00000fc0007ebfe9ed0737feebfff600,1,TX 41 seq=17387 rx_latency=1ms tx_dur=1ms,20.299,
2730,10,1672,2862614152,2026-07-14T15:27:26.806988+00:00,167.100134,49750,41,0202aaa00688c256005a5811460e29efbf1ffffffc2246cd1e00000fc0007ebfe9ed0737feebfff600,1,TX 41 seq=17388 rx_latency=1ms tx_dur=1ms,22.073,
2730,10,1673,2862614153,2026-07-14T15:27:26.906992+00:00,167.200141,49850,41,0202aaa00689c2ba005a5811460e29efbf1ffffffc2246cd1e00000fc0007ebfe9ed0737feebfff600,1,TX 41 seq=17389 rx_latency=1ms tx_dur=1ms,14.967,
2730,10,1674,2862614154,2026-07-14T15:27:27.006985+00:00,167.300127,49950,41,0202aaa0068ac31e005a5811460e29efbf1ffffffc2246cd1e00000fc0007ebfe9ed0737feebfff600,1,TX 41 seq=17390 rx_latency=1ms tx_dur=1ms,16.540,
2730,10,1675,2862614155,2026-07-14T15:27:27.106992+00:00,167.400141,50050,41,0202aaa0068bc382005a5811460e29efbf1ffffffc2246cd1e00000fc0007ebfe9ed0737feebfff600,1,TX 41 seq=17391 rx_latency=1ms tx_dur=1ms,18.217,
2730,10,1676,2862614156,2026-07-14T15:27:27.206986+00:00,167.500131,50150,41,0202aaa0068cc3e6005a5811460e29efbf1ffffffc2246cd1e00000fc0007ebfe9ed0737feebfff600,1,TX 41 seq=17392 rx_latency=1ms tx_dur=1ms,21.057,
2730,10,1677,2862614157,2026-07-14T15:27:27.306987+00:00,167.600135,50250,41,0202aaa0068dc44a005a5811460e29efbf1ffffffc2246cd1e00000fc0007ebfe9ed0737feebfff600,1,TX 41 seq=17393 rx_latency=1ms tx_dur=1ms,22.791,
2730,10,1678,2862614158,2026-07-14T15:27:27.406919+00:00,167.700065,50350,41,0202aaa0068ec4ae005a5811460e29efbf1ffffffc2246cd1e00000fc0007ebfe9ed0737feebfff600,1,TX 41 seq=17394 rx_latency=1ms tx_dur=1ms,14.411,
2730,10,1679,2862614159,2026-07-14T15:27:27.506994+00:00,167.800144,50450,41,0202aaa0068fc512005a5811460e29efbf1ffffffc2246cd1e00000fc0007ebfe9ed0737feebfff600,1,TX 41 seq=17395 rx_latency=1ms tx_dur=1ms,16.045,
2730,10,1680,2862614160,2026-07-14T15:27:27.606984+00:00,167.900128,50550,41,0202aaa00690c576005a5811460e29efbf1ffffffc2246cd1e00000fc0007ebfe9ed0737feebfff600,1,TX 41 seq=17396 rx_latency=1ms tx_dur=1ms,18.885,
2730,10,1681,2862614161,2026-07-14T15:27:27.706995+00:00,168.000151,50650,41,0202aaa00691c5da005a5811460e29efbf1ffffffc2246cd1e00000fc0007ebfe9ed0737feebfff600,1,TX 41 seq=17397 rx_latency=1ms tx_dur=1ms,20.658,
2730,10,1682,2862614162,2026-07-14T15:27:27.806992+00:00,168.100146,50750,41,0202aaa00692c63e005a5811460e29efbf1ffffffc2246cd1e00000fc0007ebfe9ed0737feebfff600,1,TX 41 seq=17398 rx_latency=1ms tx_dur=1ms,22.070,
2730,10,1683,2862614163,2026-07-14T15:27:27.906994+00:00,168.200144,50850,41,0202aaa00693c6a2005a5811460e29efbf1ffffffc2246cd1e00000fc0007ebfe9ed0737feebfff600,1,TX 41 seq=17399 rx_latency=1ms tx_dur=1ms,15.018,
2730,10,1684,2862614164,2026-07-14T15:27:28.006985+00:00,168.300126,50950,41,0202aaa00694c706005a5811460e29efbf1ffffffc2246cd1e00000fc0007ebfe9ed0737feebfff600,1,TX 41 seq=17400 rx_latency=1ms tx_dur=1ms,16.733,
2730,10,1685,2862614165,2026-07-14T15:27:28.106994+00:00,168.400143,51050,41,0202aaa00695c76a005a5811460e29efbf1ffffffc2246cd1e00000fc0007ebfe9ed0737feebfff600,1,TX 41 seq=17401 rx_latency=1ms tx_dur=1ms,18.452,
2730,10,1686,2862614166,2026-07-14T15:27:28.206923+00:00,168.500067,51150,41,0202aaa00696c7ce005a5811460e29efbf1ffffffc2246cd1e00000fc0007ebfe9ed0737feebfff600,1,TX 41 seq=17402 rx_latency=1ms tx_dur=1ms,21.152,
2730,10,1687,2862614167,2026-07-14T15:27:28.306992+00:00,168.600141,51250,41,0202aaa00697c832005a5811460e29efbf1ffffffc2246cd1e00000fc0007ebfe9ed0737feebfff600,1,TX 41 seq=17403 rx_latency=1ms tx_dur=1ms,22.782,
2730,10,1688,2862614168,2026-07-14T15:27:28.406943+00:00,168.700088,51350,41,0202aaa00698c896005a5811460e29efbf1ffffffc2246cd1e00000fc0007ebfe9ed0737feebfff600,1,TX 41 seq=17404 rx_latency=1ms tx_dur=1ms,14.622,
2730,10,1689,2862614169,2026-07-14T15:27:28.506992+00:00,168.800141,51450,41,0202aaa00699c8fa005a5811460e29efbf1ffffffc2246cd1e00000fc0007ebfe9ed0737feebfff600,1,TX 41 seq=17405 rx_latency=1ms tx_dur=1ms,16.283,
2730,10,1690,2862614170,2026-07-14T15:27:28.606985+00:00,168.900129,51550,41,0202aaa0069ac95e005a5811460e29efbf1ffffffc2246cd1e00000fc0007ebfe9ed0737feebfff600,1,TX 41 seq=17406 rx_latency=1ms tx_dur=1ms,18.917,
2730,10,1691,2862614171,2026-07-14T15:27:28.706993+00:00,169.000141,51650,41,0202aaa0069bc9c2005a5811460e29efbf1ffffffc2246cd1e00000fc0007ebfe9ed0737feebfff600,1,TX 41 seq=17407 rx_latency=1ms tx_dur=1ms,20.643,
2730,10,1692,2862614172,2026-07-14T15:27:28.806992+00:00,169.100148,51750,41,0202aaa0069cca26005a5811460e29efbf1ffffffc2246cd1e00000fc0007ebfe9ed0737feebfff600,1,TX 41 seq=17408 rx_latency=1ms tx_dur=1ms,22.294,
2730,10,1693,2862614173,2026-07-14T15:27:28.906995+00:00,169.200147,51850,41,0202aaa0069dca8a005a5811460e29efbf1ffffffc2246cd1e00000fc0007ebfe9ed0737feebfff600,1,TX 41 seq=17409 rx_latency=1ms tx_dur=1ms,14.120,
2730,10,1694,2862614174,2026-07-14T15:27:29.006965+00:00,169.300109,51950,41,0202aaa0069ecaee005a5811460e29efbf1ffffffc2246cd1e00000fc0007ebfe9ed0737feebfff600,1,TX 41 seq=17410 rx_latency=1ms tx_dur=1ms,16.986,
2730,10,1695,2862614175,2026-07-14T15:27:29.106991+00:00,169.400138,52050,41,0202aaa0069fcb52005a5811460e29efbf1ffffffc2246cd1e00000fc0007ebfe9ed0737feebfff600,1,TX 41 seq=17411 rx_latency=1ms tx_dur=1ms,18.493,
2730,10,1696,2862614176,2026-07-14T15:27:29.206987+00:00,169.500140,52150,41,0202aaa006a0cbb6005a5811460e29efbf1ffffffc2246cd1e00000fc0007ebfe9ed0737feebfff600,1,TX 41 seq=17412 rx_latency=1ms tx_dur=1ms,20.160,
2730,10,1697,2862614177,2026-07-14T15:27:29.306994+00:00,169.600146,52250,41,0202aaa006a1cc1a005a5811460e29efbf1ffffffc2246cd1e00000fc0007ebfe9ed0737feebfff600,1,TX 41 seq=17413 rx_latency=1ms tx_dur=1ms,21.933,
2730,10,1698,2862614178,2026-07-14T15:27:29.406987+00:00,169.700132,52350,41,0202aaa006a2cc7e005a5811460e29efbf1ffffffc2246cd1e00000fc0007ebfe9ed0737feebfff600,1,TX 41 seq=17414 rx_latency=1ms tx_dur=1ms,14.807,
2730,10,1699,2862614179,2026-07-14T15:27:29.506994+00:00,169.800143,52450,41,0202aaa006a3cce2005a5811460e29efbf1ffffffc2246cd1e00000fc0007ebfe9ed0737feebfff600,1,TX 41 seq=17415 rx_latency=1ms tx_dur=1ms,16.314,
2730,10,1700,2862614180,2026-07-14T15:27:29.606986+00:00,169.900130,52550,41,0202aaa006a4cd46005a5811460e29efbf1ffffffc2246cd1e00000fc0007ebfe9ed0737feebfff600,1,TX 41 seq=17416 rx_latency=1ms tx_dur=1ms,18.054,
2730,10,1701,2862614181,2026-07-14T15:27:29.706968+00:00,170.000125,52650,41,0202aaa006a5cdaa005a5811460e29efbf1ffffffc2246cd1e00000fc0007ebfe9ed0737feebfff600,1,TX 41 seq=17417 rx_latency=1ms tx_dur=1ms,20.817,
2730,10,1702,2862614182,2026-07-14T15:27:29.806987+00:00,170.100140,52750,41,0202aaa006a6ce0e005a5811460e29efbf1ffffffc2246cd1e00000fc0007ebfe9ed0737feebfff600,1,TX 41 seq=17418 rx_latency=1ms tx_dur=1ms,22.533,
2730,10,1703,2862614183,2026-07-14T15:27:29.906986+00:00,170.200132,52850,41,0202aaa006a7ce72005a5811460e29efbf1ffffffc2246cd1e00000fc0007ebfe9ed0737feebfff600,1,TX 41 seq=17419 rx_latency=1ms tx_dur=1ms,14.169,
2730,10,1704,2862614184,2026-07-14T15:27:30.007001+00:00,170.300161,52950,41,0202aaa006a8ced6005a5811460e29efbf1ffffffc2246cd1e00000fc0007ebfe9ed0737feebfff600,1,TX 41 seq=17420 rx_latency=1ms tx_dur=1ms,16.976,
2730,10,1705,2862614185,2026-07-14T15:27:30.106988+00:00,170.400134,53050,41,0202aaa006a9cf3a005a5811460e29efbf1ffffffc2246cd1e00000fc0007ebfe9ed0737feebfff600,1,TX 41 seq=17421 rx_latency=1ms tx_dur=1ms,18.698,
2730,10,1706,2862614186,2026-07-14T15:27:30.206992+00:00,170.500139,53150,41,0202aaa006aacf9e005a5811460e29efbf1ffffffc2246cd1e00000fc0007ebfe9ed0737feebfff600,1,TX 41 seq=17422 rx_latency=1ms tx_dur=1ms,20.495,
2730,10,1707,2862614187,2026-07-14T15:27:30.306985+00:00,170.600130,53250,41,0202aaa006abd002005a5811460e29efbf1ffffffc2246cd1e00000fc0007ebfe9ed0737feebfff600,1,TX 41 seq=17423 rx_latency=1ms tx_dur=1ms,23.071,
2730,10,1708,2862614188,2026-07-14T15:27:30.406995+00:00,170.700143,53350,41,0202aaa006acd066005a5811460e29efbf1ffffffc2246cd1e00000fc0007ebfe9ed0737feebfff600,1,TX 41 seq=17424 rx_latency=1ms tx_dur=1ms,14.824,
2730,10,1709,2862614189,2026-07-14T15:27:30.506988+00:00,170.800135,53450,41,0202aaa006add0ca005a5811460e29efbf1ffffffc2246cd1e00000fc0007ebfe9ed0737feebfff600,1,TX 41 seq=17425 rx_latency=1ms tx_dur=1ms,16.571,
2730,10,1710,2862614190,2026-07-14T15:27:30.606993+00:00,170.900141,53550,41,0202aaa006aed12e005a5811460e29efbf1ffffffc2246cd1e00000fc0007ebfe9ed0737feebfff600,1,TX 41 seq=17426 rx_latency=1ms tx_dur=1ms,18.287,
2730,10,1711,2862614191,2026-07-14T15:27:30.706984+00:00,171.000126,53650,41,0202aaa006afd192005a5811460e29efbf1ffffffc2246cd1e00000fc0007ebfe9ed0737feebfff600,1,TX 41 seq=17427 rx_latency=1ms tx_dur=1ms,20.887,
2730,10,1712,2862614192,2026-07-14T15:27:30.806991+00:00,171.100137,53750,41,0202aaa006b0d1f6005a5811460e29efbf1ffffffc2246cd1e00000fc0007ebfe9ed0737feebfff600,1,TX 41 seq=17428 rx_latency=1ms tx_dur=1ms,22.652,
2730,10,1713,2862614193,2026-07-14T15:27:30.906984+00:00,171.200128,53850,41,0202aaa006b1d25a005a5811460e29efbf1ffffffc2246cd1e00000fc0007ebfe9ed0737feebfff600,1,TX 41 seq=17429 rx_latency=1ms tx_dur=1ms,14.426,
2730,10,1714,2862614194,2026-07-14T15:27:31.006997+00:00,171.300154,53950,41,0202aaa006b2d2be005a5811460e29efbf1ffffffc2246cd1e00000fc0007ebfe9ed0737feebfff600,1,TX 41 seq=17430 rx_latency=1ms tx_dur=1ms,17.257,
2730,10,1715,2862614195,2026-07-14T15:27:31.106917+00:00,171.400073,54050,41,0202aaa006b3d322005a5811460e29efbf1ffffffc2246cd1e00000fc0007ebfe9ed0737feebfff600,1,TX 41 seq=17431 rx_latency=1ms tx_dur=1ms,18.754,
2730,10,1716,2862614196,2026-07-14T15:27:31.206995+00:00,171.500146,54150,41,0202aaa006b4d386005a5811460e29efbf1ffffffc2246cd1e00000fc0007ebfe9ed0737feebfff600,1,TX 41 seq=17432 rx_latency=1ms tx_dur=1ms,20.488,
2730,10,1717,2862614197,2026-07-14T15:27:31.306928+00:00,171.600072,54250,41,0202aaa006b5d3ea005a5811460e29efbf1ffffffc2246cd1e00000fc0007ebfe9ed0737feebfff600,1,TX 41 seq=17433 rx_latency=1ms tx_dur=1ms,22.226,
2730,10,1718,2862614198,2026-07-14T15:27:31.406995+00:00,171.700146,54350,41,0202aaa006b6d44e005a5811460e29efbf1ffffffc2246cd1e00000fc0007ebfe9ed0737feebfff600,1,TX 41 seq=17434 rx_latency=1ms tx_dur=1ms,13.959,
2730,10,1719,2862614199,2026-07-14T15:27:31.506990+00:00,171.800140,54450,41,0202aaa006b7d4b2005a5811460e29efbf1ffffffc2246cd1e00000fc0007ebfe9ed0737feebfff600,1,TX 41 seq=17435 rx_latency=1ms tx_dur=1ms,16.615,
2730,10,1720,2862614200,2026-07-14T15:27:31.606997+00:00,171.900151,54550,41,0202aaa006b8d516005a5811460e29efbf1ffffffc2246cd1e00000fc0007ebfe9ed0737feebfff600,1,TX 41 seq=17436 rx_latency=1ms tx_dur=1ms,18.266,
2730,10,1721,2862614201,2026-07-14T15:27:31.707004+00:00,172.000176,54650,41,0202aaa006b9d57a005a5811460e29efbf1ffffffc2246cd1e00000fc0007ebfe9ed0737feebfff600,1,TX 41 seq=17437 rx_latency=1ms tx_dur=1ms,19.892,
2730,10,1722,2862614202,2026-07-14T15:27:31.806985+00:00,172.100132,54750,41,0202aaa006bad5de005a5811460e29efbf1ffffffc2246cd1e00000fc0007ebfe9ed0737feebfff600,1,TX 41 seq=17438 rx_latency=1ms tx_dur=1ms,22.815,
2730,10,1723,2862614203,2026-07-14T15:27:31.906995+00:00,172.200144,54850,41,0202aaa006bbd642005a5811460e29efbf1ffffffc2246cd1e00000fc0007ebfe9ed0737feebfff600,1,TX 41 seq=17439 rx_latency=1ms tx_dur=1ms,14.423,
2730,10,1724,2862614204,2026-07-14T15:27:32.006987+00:00,172.300133,54950,41,0202aaa006bcd6a6005a5811460e29efbf1ffffffc2246cd1e00000fc0007ebfe9ed0737feebfff600,1,TX 41 seq=17440 rx_latency=1ms tx_dur=1ms,16.164,
2730,10,1725,2862614205,2026-07-14T15:27:32.106991+00:00,172.400139,55050,41,0202aaa006bdd70a005a5811460e29efbf1ffffffc2246cd1e00000fc0007ebfe9ed0737feebfff600,1,TX 41 seq=17441 rx_latency=1ms tx_dur=1ms,19.025,
2730,10,1726,2862614206,2026-07-14T15:27:32.206985+00:00,172.500127,55150,41,0202aaa006bed76e005a5811460e29efbf1ffffffc2246cd1e00000fc0007ebfe9ed0737feebfff600,1,TX 41 seq=17442 rx_latency=1ms tx_dur=1ms,20.694,
2730,10,1727,2862614207,2026-07-14T15:27:32.306992+00:00,172.600140,55250,41,0202aaa006bfd7d2005a5811460e29efbf1ffffffc2246cd1e00000fc0007ebfe9ed0737feebfff600,1,TX 41 seq=17443 rx_latency=1ms tx_dur=1ms,22.222,
2730,10,1728,2862614208,2026-07-14T15:27:32.406984+00:00,172.700126,55350,41,0202aaa006c0d836005a5811460e29efbf1ffffffc2246cd1e00000fc0007ebfe9ed0737feebfff600,1,TX 41 seq=17444 rx_latency=1ms tx_dur=1ms,14.030,
2730,10,1729,2862614209,2026-07-14T15:27:32.506997+00:00,172.800151,55450,41,0202aaa006c1d89a005a5811460e29efbf1ffffffc2246cd1e00000fc0007ebfe9ed0737feebfff600,1,TX 41 seq=17445 rx_latency=1ms tx_dur=1ms,16.795,
2730,10,1730,2862614210,2026-07-14T15:27:32.606985+00:00,172.900130,55550,41,0202aaa006c2d8fe005a5811460e29efbf1ffffffc2246cd1e00000fc0007ebfe9ed0737feebfff600,1,TX 41 seq=17446 rx_latency=1ms tx_dur=1ms,18.534,
2730,10,1731,2862614211,2026-07-14T15:27:32.706995+00:00,173.000146,55650,41,0202aaa006c3d962005a5811460e29efbf1ffffffc2246cd1e00000fc0007ebfe9ed0737feebfff600,1,TX 41 seq=17447 rx_latency=1ms tx_dur=1ms,20.379,
2730,10,1732,2862614212,2026-07-14T15:27:32.806984+00:00,173.100127,55750,41,0202aaa006c4d9c6005a5811460e29efbf1ffffffc2246cd1e00000fc0007ebfe9ed0737feebfff600,1,TX 41 seq=17448 rx_latency=1ms tx_dur=1ms,22.995,
2730,10,1733,2862614213,2026-07-14T15:27:32.906992+00:00,173.200140,55850,41,0202aaa006c5da2a005a5811460e29efbf1ffffffc2246cd1e00000fc0007ebfe9ed0737feebfff600,1,TX 41 seq=17449 rx_latency=1ms tx_dur=1ms,14.782,
2730,10,1734,2862614214,2026-07-14T15:27:33.006985+00:00,173.300128,55950,41,0202aaa006c6da8e005a5811460e29efbf1ffffffc2246cd1e00000fc0007ebfe9ed0737feebfff600,1,TX 41 seq=17450 rx_latency=1ms tx_dur=1ms,16.558,
2730,10,1735,2862614215,2026-07-14T15:27:33.106992+00:00,173.400139,56050,41,0202aaa006c7daf2005a5811460e29efbf1ffffffc2246cd1e00000fc0007ebfe9ed0737feebfff600,1,TX 41 seq=17451 rx_latency=1ms tx_dur=1ms,18.245,
2730,10,1736,2862614216,2026-07-14T15:27:33.206983+00:00,173.500126,56150,41,0202aaa006c8db56005a5811460e29efbf1ffffffc2246cd1e00000fc0007ebfe9ed0737feebfff600,1,TX 41 seq=17452 rx_latency=1ms tx_dur=1ms,20.855,
2730,10,1737,2862614217,2026-07-14T15:27:33.306992+00:00,173.600140,56250,41,0202aaa006c9dbba005a5811460e29efbf1ffffffc2246cd1e00000fc0007ebfe9ed0737feebfff600,1,TX 41 seq=17453 rx_latency=1ms tx_dur=1ms,22.585,
2730,10,1738,2862614218,2026-07-14T15:27:33.406984+00:00,173.700126,56350,41,0202aaa006cadc1e005a5811460e29efbf1ffffffc2246cd1e00000fc0007ebfe9ed0737feebfff600,1,TX 41 seq=17454 rx_latency=1ms tx_dur=1ms,14.380,
2730,10,1739,2862614219,2026-07-14T15:27:33.507000+00:00,173.800164,56450,41,0202aaa006cbdc82005a5811460e29efbf1ffffffc2246cd1e00000fc0007ebfe9ed0737feebfff600,1,TX 41 seq=17455 rx_latency=1ms tx_dur=1ms,15.991,
2730,10,1740,2862614220,2026-07-14T15:27:33.606997+00:00,173.900153,56550,41,0202aaa006ccdce6005a5811460e29efbf1ffffffc2246cd1e00000fc0007ebfe9ed0737feebfff600,1,TX 41 seq=17456 rx_latency=1ms tx_dur=1ms,18.667,
2730,10,1741,2862614221,2026-07-14T15:27:33.706987+00:00,174.000132,56650,41,0202aaa006cddd4a005a5811460e29efbf1ffffffc2246cd1e00000fc0007ebfe9ed0737feebfff600,1,TX 41 seq=17457 rx_latency=1ms tx_dur=1ms,20.399,
2730,10,1742,2862614222,2026-07-14T15:27:33.806993+00:00,174.100141,56750,41,0202aaa006ceddae005a5811460e29efbf1ffffffc2246cd1e00000fc0007ebfe9ed0737feebfff600,1,TX 41 seq=17458 rx_latency=1ms tx_dur=1ms,22.164,
2730,10,1743,2862614223,2026-07-14T15:27:33.907006+00:00,174.200177,56850,41,0202aaa006cfde12005a5811460e29efbf1ffffffc2246cd1e00000fc0007ebfe9ed0737feebfff600,1,TX 41 seq=17459 rx_latency=1ms tx_dur=1ms,14.911,
2730,10,1744,2862614224,2026-07-14T15:27:34.006998+00:00,174.300157,56950,41,0202aaa006d0de76005a5811460e29efbf1ffffffc2246cd1e00000fc0007ebfe9ed0737feebfff600,1,TX 41 seq=17460 rx_latency=1ms tx_dur=1ms,16.509,
2730,10,1745,2862614225,2026-07-14T15:27:34.106994+00:00,174.400145,57050,41,0202aaa006d1deda005a5811460e29efbf1ffffffc2246cd1e00000fc0007ebfe9ed0737feebfff600,1,TX 41 seq=17461 rx_latency=1ms tx_dur=1ms,18.246,
2730,10,1746,2862614226,2026-07-14T15:27:34.206988+00:00,174.500135,57150,41,0202aaa006d2df3e005a5811460e29efbf1ffffffc2246cd1e00000fc0007ebfe9ed0737feebfff600,1,TX 41 seq=17462 rx_latency=1ms tx_dur=1ms,19.980,
2730,10,1747,2862614227,2026-07-14T15:27:34.306992+00:00,174.600140,57250,41,0202aaa006d3dfa2005a5811460e29efbf1ffffffc2246cd1e00000fc0007ebfe9ed0737feebfff600,1,TX 41 seq=17463 rx_latency=1ms tx_dur=1ms,22.821,
2730,10,1748,2862614228,2026-07-14T15:27:34.406991+00:00,174.700137,57350,41,0202aaa006d4e006005a5811460e29efbf1ffffffc2246cd1e00000fc0007ebfe9ed0737feebfff600,1,TX 41 seq=17464 rx_latency=1ms tx_dur=1ms,14.390,
2730,10,1749,2862614229,2026-07-14T15:27:34.507004+00:00,174.800170,57450,41,0202aaa006d5e06a005a5811460e29efbf1ffffffc2246cd1e00000fc0007ebfe9ed0737feebfff600,1,TX 41 seq=17465 rx_latency=1ms tx_dur=1ms,16.022,
2730,10,1750,2862614230,2026-07-14T15:27:34.606996+00:00,174.900150,57550,41,0202aaa006d6e0ce005a5811460e29efbf1ffffffc2246cd1e00000fc0007ebfe9ed0737feebfff600,1,TX 41 seq=17466 rx_latency=1ms tx_dur=1ms,18.910,
2730,10,1751,2862614231,2026-07-14T15:27:34.706991+00:00,175.000139,57650,41,0202aaa006d7e132005a5811460e29efbf1ffffffc2246cd1e00000fc0007ebfe9ed0737feebfff600,1,TX 41 seq=17467 rx_latency=1ms tx_dur=1ms,20.660,
2730,10,1752,2862614232,2026-07-14T15:27:34.806990+00:00,175.100137,57750,41,0202aaa006d8e196005a5811460e29efbf1ffffffc2246cd1e00000fc0007ebfe9ed0737feebfff600,1,TX 41 seq=17468 rx_latency=1ms tx_dur=1ms,22.184,
2730,10,1753,2862614233,2026-07-14T15:27:34.906992+00:00,175.200139,57850,41,0202aaa006d9e1fa005a5811460e29efbf1ffffffc2246cd1e00000fc0007ebfe9ed0737feebfff600,1,TX 41 seq=17469 rx_latency=1ms tx_dur=1ms,15.052,
2730,10,1754,2862614234,2026-07-14T15:27:35.006994+00:00,175.300146,57950,41,0202aaa006dae25e005a5811460e29efbf1ffffffc2246cd1e00000fc0007ebfe9ed0737feebfff600,1,TX 41 seq=17470 rx_latency=1ms tx_dur=1ms,16.772,
2730,10,1755,2862614235,2026-07-14T15:27:35.106993+00:00,175.400141,58050,41,0202aaa006dbe2c2005a5811460e29efbf1ffffffc2246cd1e00000fc0007ebfe9ed0737feebfff600,1,TX 41 seq=17471 rx_latency=1ms tx_dur=1ms,18.501,
2730,10,1756,2862614236,2026-07-14T15:27:35.206992+00:00,175.500140,58150,41,0202aaa006dce326005a5811460e29efbf1ffffffc2246cd1e00000fc0007ebfe9ed0737feebfff600,1,TX 41 seq=17472 rx_latency=1ms tx_dur=1ms,20.014,
2730,10,1757,2862614237,2026-07-14T15:27:35.306990+00:00,175.600137,58250,41,0202aaa006dde38a005a5811460e29efbf1ffffffc2246cd1e00000fc0007ebfe9ed0737feebfff600,1,TX 41 seq=17473 rx_latency=1ms tx_dur=1ms,22.857,
2730,10,1758,2862614238,2026-07-14T15:27:35.406992+00:00,175.700138,58350,41,0202aaa006dee3ee005a5811460e29efbf1ffffffc2246cd1e00000fc0007ebfe9ed0737feebfff600,1,TX 41 seq=17474 rx_latency=1ms tx_dur=1ms,14.618,
2730,10,1759,2862614239,2026-07-14T15:27:35.506992+00:00,175.800140,58450,41,0202aaa006dfe452005a5811460e29efbf1ffffffc2246cd1e00000fc0007ebfe9ed0737feebfff600,1,TX 41 seq=17475 rx_latency=1ms tx_dur=1ms,16.338,
2730,10,1760,2862614240,2026-07-14T15:27:35.606999+00:00,175.900163,58550,41,0202aaa006e0e4b6005a5811460e29efbf1ffffffc2246cd1e00000fc0007ebfe9ed0737feebfff600,1,TX 41 seq=17476 rx_latency=1ms tx_dur=1ms,17.972,
2730,10,1761,2862614241,2026-07-14T15:27:35.706999+00:00,176.000157,58650,41,0202aaa006e1e51a005a5811460e29efbf1ffffffc2246cd1e00000fc0007ebfe9ed0737feebfff600,1,TX 41 seq=17477 rx_latency=1ms tx_dur=1ms,20.643,
2730,10,1762,2862614242,2026-07-14T15:27:35.806986+00:00,176.100131,58750,41,0202aaa006e2e57e005a5811460e29efbf1ffffffc2246cd1e00000fc0007ebfe9ed0737feebfff600,1,TX 41 seq=17478 rx_latency=1ms tx_dur=1ms,22.372,
2730,10,1763,2862614243,2026-07-14T15:27:35.906990+00:00,176.200138,58850,41,0202aaa006e3e5e2005a5811460e29efbf1ffffffc2246cd1e00000fc0007ebfe9ed0737feebfff600,1,TX 41 seq=17479 rx_latency=1ms tx_dur=1ms,14.169,
2730,10,1764,2862614244,2026-07-14T15:27:36.006991+00:00,176.300137,58950,41,0202aaa006e4e646005a5811460e29efbf1ffffffc2246cd1e00000fc0007ebfe9ed0737feebfff600,1,TX 41 seq=17480 rx_latency=1ms tx_dur=1ms,17.030,
2730,10,1765,2862614245,2026-07-14T15:27:36.106991+00:00,176.400138,59050,41,0202aaa006e5e6aa005a5811460e29efbf1ffffffc2246cd1e00000fc0007ebfe9ed0737feebfff600,1,TX 41 seq=17481 rx_latency=1ms tx_dur=1ms,18.527,
2730,10,1766,2862614246,2026-07-14T15:27:36.206992+00:00,176.500138,59150,41,0202aaa006e6e70e005a5811460e29efbf1ffffffc2246cd1e00000fc0007ebfe9ed0737feebfff600,1,TX 41 seq=17482 rx_latency=1ms tx_dur=1ms,20.261,
2730,10,1767,2862614247,2026-07-14T15:27:36.306991+00:00,176.600139,59250,41,0202aaa006e7e772005a5811460e29efbf1ffffffc2246cd1e00000fc0007ebfe9ed0737feebfff600,1,TX 41 seq=17483 rx_latency=1ms tx_dur=1ms,21.984,
2730,10,1768,2862614248,2026-07-14T15:27:36.406990+00:00,176.700135,59350,41,0202aaa006e8e7d6005a5811460e29efbf1ffffffc2246cd1e00000fc0007ebfe9ed0737feebfff600,1,TX 41 seq=17484 rx_latency=1ms tx_dur=1ms,14.856,
2730,10,1769,2862614249,2026-07-14T15:27:36.506990+00:00,176.800136,59450,41,0202aaa006e9e83a005a5811460e29efbf1ffffffc2246cd1e00000fc0007ebfe9ed0737feebfff600,1,TX 41 seq=17485 rx_latency=1ms tx_dur=1ms,16.411,
2730,10,1770,2862614250,2026-07-14T15:27:36.607001+00:00,176.900162,59550,41,0202aaa006eae89e005a5811460e29efbf1ffffffc2246cd1e00000fc0007ebfe9ed0737feebfff600,1,TX 41 seq=17486 rx_latency=1ms tx_dur=1ms,18.077,
2730,10,1771,2862614251,2026-07-14T15:27:36.706988+00:00,177.000136,59650,41,0202aaa006ebe902005a5811460e29efbf1ffffffc2246cd1e00000fc0007ebfe9ed0737feebfff600,1,TX 41 seq=17487 rx_latency=1ms tx_dur=1ms,20.882,
2730,10,1772,2862614252,2026-07-14T15:27:36.806992+00:00,177.100142,59750,41,0202aaa006ece966005a5811460e29efbf1ffffffc2246cd1e00000fc0007ebfe9ed0737feebfff600,1,TX 41 seq=17488 rx_latency=1ms tx_dur=1ms,22.661,
2730,10,1773,2862614253,2026-07-14T15:27:36.906980+00:00,177.200123,59850,41,0202aaa006ede9ca005a5811460e29efbf1ffffffc2246cd1e00000fc0007ebfe9ed0737feebfff600,1,TX 41 seq=17489 rx_latency=1ms tx_dur=1ms,14.240,
2730,10,1774,2862614254,2026-07-14T15:27:37.007012+00:00,177.300189,59950,41,0202aaa006eeea2e005a5811460e29efbf1ffffffc2246cd1e00000fc0007ebfe9ed0737feebfff600,1,TX 41 seq=17490 rx_latency=1ms tx_dur=1ms,15.875,
2730,10,1775,2862614255,2026-07-14T15:27:37.106991+00:00,177.400144,60050,41,0202aaa006efea92005a5811460e29efbf1ffffffc2246cd1e00000fc0007ebfe9ed0737feebfff600,1,TX 41 seq=17491 rx_latency=1ms tx_dur=1ms,18.711,
2730,10,1776,2862614256,2026-07-14T15:27:37.206993+00:00,177.500143,60150,41,0202aaa006f0eaf6005a5811460e29efbf1ffffffc2246cd1e00000fc0007ebfe9ed0737feebfff600,1,TX 41 seq=17492 rx_latency=1ms tx_dur=1ms,20.538,
2730,10,1777,2862614257,2026-07-14T15:27:37.306986+00:00,177.600130,60250,41,0202aaa006f1eb5a005a5811460e29efbf1ffffffc2246cd1e00000fc0007ebfe9ed0737feebfff600,1,TX 41 seq=17493 rx_latency=1ms tx_dur=1ms,23.088,
2730,10,1778,2862614258,2026-07-14T15:27:37.406992+00:00,177.700140,60350,41,0202aaa006f2ebbe005a5811460e29efbf1ffffffc2246cd1e00000fc0007ebfe9ed0737feebfff600,1,TX 41 seq=17494 rx_latency=1ms tx_dur=1ms,14.892,
2730,10,1779,2862614259,2026-07-14T15:27:37.506914+00:00,177.800061,60450,41,0202aaa006f3ec22005a5811460e29efbf1ffffffc2246cd1e00000fc0007ebfe9ed0737feebfff600,1,TX 41 seq=17495 rx_latency=1ms tx_dur=1ms,16.698,
2730,10,1780,2862614260,2026-07-14T15:27:37.606995+00:00,177.900150,60550,41,0202aaa006f4ec86005a5811460e29efbf1ffffffc2246cd1e00000fc0007ebfe9ed0737feebfff600,1,TX 41 seq=17496 rx_latency=1ms tx_dur=1ms,18.305,
2730,10,1781,2862614261,2026-07-14T15:27:37.707005+00:00,178.000176,60650,41,0202aaa006f5ecea005a5811460e29efbf1ffffffc2246cd1e00000fc0007ebfe9ed0737feebfff600,1,TX 41 seq=17497 rx_latency=1ms tx_dur=1ms,20.826,
2730,10,1782,2862614262,2026-07-14T15:27:37.806994+00:00,178.100147,60750,41,0202aaa006f6ed4e005a5811460e29efbf1ffffffc2246cd1e00000fc0007ebfe9ed0737feebfff600,1,TX 41 seq=17498 rx_latency=1ms tx_dur=1ms,22.671,
2730,10,1783,2862614263,2026-07-14T15:27:37.906986+00:00,178.200129,60850,41,0202aaa006f7edb2005a5811460e29efbf1ffffffc2246cd1e00000fc0007ebfe9ed0737feebfff600,1,TX 41 seq=17499 rx_latency=1ms tx_dur=1ms,14.465,
2730,10,1784,2862614264,2026-07-14T15:27:38.006992+00:00,178.300141,60950,41,0202aaa006f8ee16005a5811460e29efbf1ffffffc2246cd1e00000fc0007ebfe9ed0737feebfff600,1,TX 41 seq=17500 rx_latency=1ms tx_dur=1ms,16.171,
2730,10,1785,2862614265,2026-07-14T15:27:38.106995+00:00,178.400143,61050,41,0202aaa006f9ee7a005a5811460e29efbf1ffffffc2246cd1e00000fc0007ebfe9ed0737feebfff600,1,TX 41 seq=17501 rx_latency=1ms tx_dur=1ms,18.791,
2730,10,1786,2862614266,2026-07-14T15:27:38.206991+00:00,178.500138,61150,41,0202aaa006faeede005a5811460e29efbf1ffffffc2246cd1e00000fc0007ebfe9ed0737feebfff600,1,TX 41 seq=17502 rx_latency=1ms tx_dur=1ms,20.543,
2730,10,1787,2862614267,2026-07-14T15:27:38.306992+00:00,178.600139,61250,41,0202aaa006fbef42005a5811460e29efbf1ffffffc2246cd1e00000fc0007ebfe9ed0737feebfff600,1,TX 41 seq=17503 rx_latency=1ms tx_dur=1ms,22.249,
2730,10,1788,2862614268,2026-07-14T15:27:38.406991+00:00,178.700139,61350,41,0202aaa006fcefa6005a5811460e29efbf1ffffffc2246cd1e00000fc0007ebfe9ed0737feebfff600,1,TX 41 seq=17504 rx_latency=1ms tx_dur=1ms,14.023,
2730,10,1789,2862614269,2026-07-14T15:27:38.506991+00:00,178.800141,61450,41,0202aaa006fdf00a005a5811460e29efbf1ffffffc2246cd1e00000fc0007ebfe9ed0737feebfff600,1,TX 41 seq=17505 rx_latency=1ms tx_dur=1ms,16.622,
2730,10,1790,2862614270,2026-07-14T15:27:38.606993+00:00,178.900144,61550,41,0202aaa006fef06e005a5811460e29efbf1ffffffc2246cd1e00000fc0007ebfe9ed0737feebfff600,1,TX 41 seq=17506 rx_latency=1ms tx_dur=1ms,18.353,
2730,10,1791,2862614271,2026-07-14T15:27:38.706989+00:00,179.000137,61650,41,0202aaa006fff0d2005a5811460e29efbf1ffffffc2246cd1e00000fc0007ebfe9ed0737feebfff600,1,TX 41 seq=17507 rx_latency=1ms tx_dur=1ms,20.050,
2730,10,1792,2862614272,2026-07-14T15:27:38.806992+00:00,179.100141,61750,41,0202aaa00700f136005a5811460e29efbf1ffffffc2246cd1e00000fc0007ebfe9ed0737feebfff600,1,TX 41 seq=17508 rx_latency=1ms tx_dur=1ms,22.914,
2730,10,1793,2862614273,2026-07-14T15:27:38.906985+00:00,179.200129,61850,41,0202aaa00701f19a005a5811460e29efbf1ffffffc2246cd1e00000fc0007ebfe9ed0737feebfff600,1,TX 41 seq=17509 rx_latency=1ms tx_dur=1ms,14.497,
2730,10,1794,2862614274,2026-07-14T15:27:39.006992+00:00,179.300139,61950,41,0202aaa00702f1fe005a5811460e29efbf1ffffffc2246cd1e00000fc0007ebfe9ed0737feebfff600,1,TX 41 seq=17510 rx_latency=1ms tx_dur=1ms,16.206,
2730,10,1795,2862614275,2026-07-14T15:27:39.106993+00:00,179.400139,62050,41,0202aaa00703f262005a5811460e29efbf1ffffffc2246cd1e00000fc0007ebfe9ed0737feebfff600,1,TX 41 seq=17511 rx_latency=1ms tx_dur=1ms,19.038,
2730,10,1796,2862614276,2026-07-14T15:27:39.206991+00:00,179.500138,62150,41,0202aaa00704f2c6005a5811460e29efbf1ffffffc2246cd1e00000fc0007ebfe9ed0737feebfff600,1,TX 41 seq=17512 rx_latency=1ms tx_dur=1ms,20.776,
2730,10,1797,2862614277,2026-07-14T15:27:39.306991+00:00,179.600137,62250,41,0202aaa00705f32a005a5811460e29efbf1ffffffc2246cd1e00000fc0007ebfe9ed0737feebfff600,1,TX 41 seq=17513 rx_latency=1ms tx_dur=1ms,22.619,
2730,10,1798,2862614278,2026-07-14T15:27:39.406990+00:00,179.700136,62350,41,0202aaa00706f38e005a5811460e29efbf1ffffffc2246cd1e00000fc0007ebfe9ed0737feebfff600,1,TX 41 seq=17514 rx_latency=1ms tx_dur=1ms,14.160,
2730,10,1799,2862614279,2026-07-14T15:27:39.506992+00:00,179.800139,62450,41,0202aaa00707f3f2005a5811460e29efbf1ffffffc2246cd1e00000fc0007ebfe9ed0737feebfff600,1,TX 41 seq=17515 rx_latency=1ms tx_dur=1ms,16.998,
2730,10,1800,2862614280,2026-07-14T15:27:39.606992+00:00,179.900141,62550,41,0202aaa00708f456005a5811460e29efbf1ffffffc2246cd1e00000fc0007ebfe9ed0737feebfff600,1,TX 41 seq=17516 rx_latency=1ms tx_dur=1ms,18.758,
2730,10,1801,2862614281,2026-07-14T15:27:39.706999+00:00,180.000160,62650,41,0202aaa00709f4ba005a5811460e29efbf1ffffffc2246cd1e00000fc0007ebfe9ed0737feebfff600,1,TX 41 seq=17517 rx_latency=1ms tx_dur=1ms,20.350,
2730,10,1802,2862614282,2026-07-14T15:27:39.806993+00:00,180.100145,62750,41,0202aaa0070af51e005a5811460e29efbf1ffffffc2246cd1e00000fc0007ebfe9ed0737feebfff600,1,TX 41 seq=17518 rx_latency=1ms tx_dur=1ms,21.955,
2730,10,1803,2862614283,2026-07-14T15:27:39.906988+00:00,180.200134,62850,41,0202aaa0070bf582005a5811460e29efbf1ffffffc2246cd1e00000fc0007ebfe9ed0737feebfff600,1,TX 41 seq=17519 rx_latency=1ms tx_dur=1ms,14.845,
2730,10,1804,2862614284,2026-07-14T15:27:40.007014+00:00,180.300188,62950,41,0202aaa0070cf5e6005a5811460e29efbf1ffffffc2246cd1e00000fc0007ebfe9ed0737feebfff600,1,TX 41 seq=17520 rx_latency=1ms tx_dur=1ms,16.575,
2730,10,1805,2862614285,2026-07-14T15:27:40.106986+00:00,180.400137,63050,41,0202aaa0070df64a005a5811460e29efbf1ffffffc2246cd1e00000fc0007ebfe9ed0737feebfff600,1,TX 41 seq=17521 rx_latency=1ms tx_dur=1ms,18.387,
2730,10,1806,2862614286,2026-07-14T15:27:40.206995+00:00,180.500145,63150,41,0202aaa0070ef6ae005a5811460e29efbf1ffffffc2246cd1e00000fc0007ebfe9ed0737feebfff600,1,TX 41 seq=17522 rx_latency=1ms tx_dur=1ms,21.029,
2730,10,1807,2862614287,2026-07-14T15:27:40.306988+00:00,180.600132,63250,41,0202aaa0070ff712005a5811460e29efbf1ffffffc2246cd1e00000fc0007ebfe9ed0737feebfff600,1,TX 41 seq=17523 rx_latency=1ms tx_dur=1ms,22.731,
2730,10,1808,2862614288,2026-07-14T15:27:40.406993+00:00,180.700143,63350,41,0202aaa00710f776005a5811460e29efbf1ffffffc2246cd1e00000fc0007ebfe9ed0737feebfff600,1,TX 41 seq=17524 rx_latency=1ms tx_dur=1ms,14.527,
2730,10,1809,2862614289,2026-07-14T15:27:40.507002+00:00,180.800165,63450,41,0202aaa00711f7da005a5811460e29efbf1ffffffc2246cd1e00000fc0007ebfe9ed0737feebfff600,1,TX 41 seq=17525 rx_latency=1ms tx_dur=1ms,16.162,
2730,10,1810,2862614290,2026-07-14T15:27:40.606991+00:00,180.900142,63550,41,0202aaa00712f83e005a5811460e29efbf1ffffffc2246cd1e00000fc0007ebfe9ed0737feebfff600,1,TX 41 seq=17526 rx_latency=1ms tx_dur=1ms,18.924,
2730,10,1811,2862614291,2026-07-14T15:27:40.706995+00:00,181.000146,63650,41,0202aaa00713f8a2005a5811460e29efbf1ffffffc2246cd1e00000fc0007ebfe9ed0737feebfff600,1,TX 41 seq=17527 rx_latency=1ms tx_dur=1ms,20.603,
2730,10,1812,2862614292,2026-07-14T15:27:40.806994+00:00,181.100143,63750,41,0202aaa00714f906005a5811460e29efbf1ffffffc2246cd1e00000fc0007ebfe9ed0737feebfff600,1,TX 41 seq=17528 rx_latency=1ms tx_dur=1ms,22.330,
2730,10,1813,2862614293,2026-07-14T15:27:40.906993+00:00,181.200139,63850,41,0202aaa00715f96a005a5811460e29efbf1ffffffc2246cd1e00000fc0007ebfe9ed0737feebfff600,1,TX 41 seq=17529 rx_latency=1ms tx_dur=1ms,14.091,
2730,10,1814,2862614294,2026-07-14T15:27:41.007003+00:00,181.300151,63950,41,0202aaa00716f9ce005a5811460e29efbf1ffffffc2246cd1e00000fc0007ebfe9ed0737feebfff600,1,TX 41 seq=17530 rx_latency=1ms tx_dur=1ms,16.643,
2730,10,1815,2862614295,2026-07-14T15:27:41.106994+00:00,181.400137,64050,41,0202aaa00717fa32005a5811460e29efbf1ffffffc2246cd1e00000fc0007ebfe9ed0737feebfff600,1,TX 41 seq=17531 rx_latency=1ms tx_dur=1ms,18.512,
2730,10,1816,2862614296,2026-07-14T15:27:41.207002+00:00,181.500149,64150,41,0202aaa00718fa96005a5811460e29efbf1ffffffc2246cd1e00000fc0007ebfe9ed0737feebfff600,1,TX 41 seq=17532 rx_latency=1ms tx_dur=1ms,20.162,
2730,10,1817,2862614297,2026-07-14T15:27:41.306991+00:00,181.600136,64250,41,0202aaa00719fafa005a5811460e29efbf1ffffffc2246cd1e00000fc0007ebfe9ed0737feebfff600,1,TX 41 seq=17533 rx_latency=1ms tx_dur=1ms,23.014,
2730,10,1818,2862614298,2026-07-14T15:27:41.406990+00:00,181.700135,64350,41,0202aaa0071afb5e005a5811460e29efbf1ffffffc2246cd1e00000fc0007ebfe9ed0737feebfff600,1,TX 41 seq=17534 rx_latency=1ms tx_dur=1ms,14.791,
2730,10,1819,2862614299,2026-07-14T15:27:41.506990+00:00,181.800135,64450,41,0202aaa0071bfbc2005a5811460e29efbf1ffffffc2246cd1e00000fc0007ebfe9ed0737feebfff600,1,TX 41 seq=17535 rx_latency=1ms tx_dur=1ms,16.274,
2730,10,1820,2862614300,2026-07-14T15:27:41.606991+00:00,181.900140,64550,41,0202aaa0071cfc26005a5811460e29efbf1ffffffc2246cd1e00000fc0007ebfe9ed0737feebfff600,1,TX 41 seq=17536 rx_latency=1ms tx_dur=1ms,18.008,
2730,10,1821,2862614301,2026-07-14T15:27:41.706992+00:00,182.000141,64650,41,0202aaa0071dfc8a005a5811460e29efbf1ffffffc2246cd1e00000fc0007ebfe9ed0737feebfff600,1,TX 41 seq=17537 rx_latency=1ms tx_dur=1ms,20.734,
2730,10,1822,2862614302,2026-07-14T15:27:41.806948+00:00,182.100092,64750,41,0202aaa0071efcee005a5811460e29efbf1ffffffc2246cd1e00000fc0007ebfe9ed0737feebfff600,1,TX 41 seq=17538 rx_latency=1ms tx_dur=1ms,22.688,
2730,10,1823,2862614303,2026-07-14T15:27:41.906958+00:00,182.200105,64850,41,0202aaa0071ffd52005a5811460e29efbf1ffffffc2246cd1e00000fc0007ebfe9ed0737feebfff600,1,TX 41 seq=17539 rx_latency=1ms tx_dur=1ms,14.142,
2730,10,1824,2862614304,2026-07-14T15:27:42.006992+00:00,182.300138,64950,41,0202aaa00720fdb6005a5811460e29efbf1ffffffc2246cd1e00000fc0007ebfe9ed0737feebfff600,1,TX 41 seq=17540 rx_latency=1ms tx_dur=1ms,16.984,
2730,10,1825,2862614305,2026-07-14T15:27:42.106989+00:00,182.400134,65050,41,0202aaa00721fe1a005a5811460e29efbf1ffffffc2246cd1e00000fc0007ebfe9ed0737feebfff600,1,TX 41 seq=17541 rx_latency=1ms tx_dur=1ms,18.692,
2730,10,1826,2862614306,2026-07-14T15:27:42.206992+00:00,182.500138,65150,41,0202aaa00722fe7e005a5811460e29efbf1ffffffc2246cd1e00000fc0007ebfe9ed0737feebfff600,1,TX 41 seq=17542 rx_latency=1ms tx_dur=1ms,20.417,
2730,10,1827,2862614307,2026-07-14T15:27:42.306992+00:00,182.600140,65250,41,0202aaa00723fee2005a5811460e29efbf1ffffffc2246cd1e00000fc0007ebfe9ed0737feebfff600,1,TX 41 seq=17543 rx_latency=1ms tx_dur=1ms,23.032,
2730,10,1828,2862614308,2026-07-14T15:27:42.406990+00:00,182.700137,65350,41,0202aaa00724ff46005a5811460e29efbf1ffffffc2246cd1e00000fc0007ebfe9ed0737feebfff600,1,TX 41 seq=17544 rx_latency=1ms tx_dur=1ms,14.799,
2730,10,1829,2862614309,2026-07-14T15:27:42.506990+00:00,182.800135,65450,41,0202aaa00725ffaa005a5811460e29efbf1ffffffc2246cd1e00000fc0007ebfe9ed0737feebfff600,1,TX 41 seq=17545 rx_latency=1ms tx_dur=1ms,16.570,
2730,10,1830,2862614310,2026-07-14T15:27:42.606990+00:00,182.900136,14,41,0202aaa00726000e005a5811460e29efbf1ffffffc2246cd1e00000fc0007ebfe9ed0737feebfff600,1,TX 41 seq=17546 rx_latency=1ms tx_dur=1ms,18.253,
