test_id,rate_hz,seq,station_id,sent_at,elapsed_s,generation_delta_time,payload_bytes,raw_hex,tx_ok,tx_ack,tx_latency_ms,serial_error
2734,10,1,2866806785,2026-07-14T15:37:59.217865+00:00,0.000376,26801,41,0202aae0000168b1005a5811460e29efbf1ffffffc2246cd1e00000fc0007ebfe9ed0737feebfff600,1,TX 41 seq=22504 rx_latency=1ms tx_dur=1ms,16.576,
2734,10,2,2866806786,2026-07-14T15:38:04.725929+00:00,5.508378,32309,41,0202aae000027e35005a5811460e29efbf1ffffffc2246cd1e00000fc0007ebfe9ed0737feebfff600,1,TX 41 seq=22505 rx_latency=1ms tx_dur=1ms,20.473,
2734,10,3,2866806787,2026-07-14T15:38:04.747256+00:00,5.529684,32331,41,0202aae000037e4b005a5811460e29efbf1ffffffc2246cd1e00000fc0007ebfe9ed0737feebfff600,1,TX 41 seq=22506 rx_latency=1ms tx_dur=1ms,21.823,
2734,10,4,2866806788,2026-07-14T15:38:04.769814+00:00,5.552236,32353,41,0202aae000047e61005a5811460e29efbf1ffffffc2246cd1e00000fc0007ebfe9ed0737feebfff600,1,TX 41 seq=22507 rx_latency=1ms tx_dur=1ms,20.530,
2734,10,5,2866806789,2026-07-14T15:38:04.791050+00:00,5.573472,32375,41,0202aae000057e77005a5811460e29efbf1ffffffc2246cd1e00000fc0007ebfe9ed0737feebfff600,1,TX 41 seq=22508 rx_latency=1ms tx_dur=1ms,22.130,
2734,10,6,2866806790,2026-07-14T15:38:04.813879+00:00,5.596300,32397,41,0202aae000067e8d005a5811460e29efbf1ffffffc2246cd1e00000fc0007ebfe9ed0737feebfff600,1,TX 41 seq=22509 rx_latency=1ms tx_dur=1ms,20.586,
2734,10,7,2866806791,2026-07-14T15:38:04.835155+00:00,5.617574,32419,41,0202aae000077ea3005a5811460e29efbf1ffffffc2246cd1e00000fc0007ebfe9ed0737feebfff600,1,TX 41 seq=22510 rx_latency=1ms tx_dur=1ms,21.958,
2734,10,8,2866806792,2026-07-14T15:38:04.857792+00:00,5.640213,32441,41,0202aae000087eb9005a5811460e29efbf1ffffffc2246cd1e00000fc0007ebfe9ed0737feebfff600,1,TX 41 seq=22511 rx_latency=1ms tx_dur=1ms,21.110,
2734,10,9,2866806793,2026-07-14T15:38:04.879579+00:00,5.662000,32463,41,0202aae000097ecf005a5811460e29efbf1ffffffc2246cd1e00000fc0007ebfe9ed0737feebfff600,1,TX 41 seq=22512 rx_latency=1ms tx_dur=1ms,21.205,
2734,10,10,2866806794,2026-07-14T15:38:04.901514+00:00,5.683935,32485,41,0202aae0000a7ee5005a5811460e29efbf1ffffffc2246cd1e00000fc0007ebfe9ed0737feebfff600,1,TX 41 seq=22513 rx_latency=1ms tx_dur=1ms,20.931,
2734,10,11,2866806795,2026-07-14T15:38:04.923121+00:00,5.705541,32507,41,0202aae0000b7efb005a5811460e29efbf1ffffffc2246cd1e00000fc0007ebfe9ed0737feebfff600,1,TX 41 seq=22514 rx_latency=1ms tx_dur=1ms,21.465,
2734,10,12,2866806796,2026-07-14T15:38:04.945264+00:00,5.727684,32529,41,0202aae0000c7f11005a5811460e29efbf1ffffffc2246cd1e00000fc0007ebfe9ed0737feebfff600,1,TX 41 seq=22515 rx_latency=1ms tx_dur=1ms,20.949,
2734,10,13,2866806797,2026-07-14T15:38:04.966883+00:00,5.749302,32550,41,0202aae0000d7f26005a5811460e29efbf1ffffffc2246cd1e00000fc0007ebfe9ed0737feebfff600,1,TX 41 seq=22516 rx_latency=1ms tx_dur=1ms,21.482,
2734,10,14,2866806798,2026-07-14T15:38:04.989025+00:00,5.771445,32573,41,0202aae0000e7f3d005a5811460e29efbf1ffffffc2246cd1e00000fc0007ebfe9ed0737feebfff600,1,TX 41 seq=22517 rx_latency=1ms tx_dur=1ms,22.051,
2734,10,15,2866806799,2026-07-14T15:38:05.011742+00:00,5.794163,32595,41,0202aae0000f7f53005a5811460e29efbf1ffffffc2246cd1e00000fc0007ebfe9ed0737feebfff600,1,TX 41 seq=22518 rx_latency=1ms tx_dur=1ms,21.425,
2734,10,16,2866806800,2026-07-14T15:38:05.033885+00:00,5.816304,32617,41,0202aae000107f69005a5811460e29efbf1ffffffc2246cd1e00000fc0007ebfe9ed0737feebfff600,1,TX 41 seq=22519 rx_latency=1ms tx_dur=1ms,20.620,
2734,10,17,2866806801,2026-07-14T15:38:05.055178+00:00,5.837598,32639,41,0202aae000117f7f005a5811460e29efbf1ffffffc2246cd1e00000fc0007ebfe9ed0737feebfff600,1,TX 41 seq=22520 rx_latency=1ms tx_dur=1ms,21.932,
2734,10,18,2866806802,2026-07-14T15:38:05.077783+00:00,5.860202,32661,41,0202aae000127f95005a5811460e29efbf1ffffffc2246cd1e00000fc0007ebfe9ed0737feebfff600,1,TX 41 seq=22521 rx_latency=1ms tx_dur=1ms,21.148,
2734,10,19,2866806803,2026-07-14T15:38:05.099599+00:00,5.882018,32683,41,0202aae000137fab005a5811460e29efbf1ffffffc2246cd1e00000fc0007ebfe9ed0737feebfff600,1,TX 41 seq=22522 rx_latency=1ms tx_dur=1ms,21.225,
2734,10,20,2866806804,2026-07-14T15:38:05.121541+00:00,5.903961,32705,41,0202aae000147fc1005a5811460e29efbf1ffffffc2246cd1e00000fc0007ebfe9ed0737feebfff600,1,TX 41 seq=22523 rx_latency=1ms tx_dur=1ms,20.938,
2734,10,21,2866806805,2026-07-14T15:38:05.143177+00:00,5.925598,32727,41,0202aae000157fd7005a5811460e29efbf1ffffffc2246cd1e00000fc0007ebfe9ed0737feebfff600,1,TX 41 seq=22524 rx_latency=1ms tx_dur=1ms,21.481,
2734,10,22,2866806806,2026-07-14T15:38:05.165351+00:00,5.947776,32749,41,0202aae000167fed005a5811460e29efbf1ffffffc2246cd1e00000fc0007ebfe9ed0737feebfff600,1,TX 41 seq=22525 rx_latency=1ms tx_dur=1ms,20.981,
2734,10,23,2866806807,2026-07-14T15:38:05.187031+00:00,5.969452,32771,41,0202aae000178003005a5811460e29efbf1ffffffc2246cd1e00000fc0007ebfe9ed0737feebfff600,1,TX 41 seq=22526 rx_latency=1ms tx_dur=1ms,21.458,
2734,10,24,2866806808,2026-07-14T15:38:05.209175+00:00,5.991595,32793,41,0202aae000188019005a5811460e29efbf1ffffffc2246cd1e00000fc0007ebfe9ed0737feebfff600,1,TX 41 seq=22527 rx_latency=1ms tx_dur=1ms,22.046,
2734,10,25,2866806809,2026-07-14T15:38:05.231895+00:00,6.014317,32815,41,0202aae00019802f005a5811460e29efbf1ffffffc2246cd1e00000fc0007ebfe9ed0737feebfff600,1,TX 41 seq=22528 rx_latency=1ms tx_dur=1ms,20.313,
2734,10,26,2866806810,2026-07-14T15:38:05.252935+00:00,6.035355,32836,41,0202aae0001a8044005a5811460e29efbf1ffffffc2246cd1e00000fc0007ebfe9ed0737feebfff600,1,TX 41 seq=22529 rx_latency=1ms tx_dur=1ms,22.051,
2734,10,27,2866806811,2026-07-14T15:38:05.275668+00:00,6.058091,32859,41,0202aae0001b805b005a5811460e29efbf1ffffffc2246cd1e00000fc0007ebfe9ed0737feebfff600,1,TX 41 seq=22530 rx_latency=1ms tx_dur=1ms,21.401,
2734,10,28,2866806812,2026-07-14T15:38:05.297823+00:00,6.080246,32881,41,0202aae0001c8071005a5811460e29efbf1ffffffc2246cd1e00000fc0007ebfe9ed0737feebfff600,1,TX 41 seq=22531 rx_latency=1ms tx_dur=1ms,20.584,
2734,10,29,2866806813,2026-07-14T15:38:05.319089+00:00,6.101509,32903,41,0202aae0001d8087005a5811460e29efbf1ffffffc2246cd1e00000fc0007ebfe9ed0737feebfff600,1,TX 41 seq=22532 rx_latency=1ms tx_dur=1ms,21.932,
2734,10,30,2866806814,2026-07-14T15:38:05.341697+00:00,6.124117,32925,41,0202aae0001e809d005a5811460e29efbf1ffffffc2246cd1e00000fc0007ebfe9ed0737feebfff600,1,TX 41 seq=22533 rx_latency=1ms tx_dur=1ms,20.954,
2734,10,31,2866806815,2026-07-14T15:38:05.363320+00:00,6.145740,32947,41,0202aae0001f80b3005a5811460e29efbf1ffffffc2246cd1e00000fc0007ebfe9ed0737feebfff600,1,TX 41 seq=22534 rx_latency=1ms tx_dur=1ms,21.447,
2734,10,32,2866806816,2026-07-14T15:38:05.385453+00:00,6.167872,32969,41,0202aae0002080c9005a5811460e29efbf1ffffffc2246cd1e00000fc0007ebfe9ed0737feebfff600,1,TX 41 seq=22535 rx_latency=1ms tx_dur=1ms,20.933,
2734,10,33,2866806817,2026-07-14T15:38:05.407054+00:00,6.189474,32991,41,0202aae0002180df005a5811460e29efbf1ffffffc2246cd1e00000fc0007ebfe9ed0737feebfff600,1,TX 41 seq=22536 rx_latency=1ms tx_dur=1ms,21.480,
2734,10,34,2866806818,2026-07-14T15:38:05.429205+00:00,6.211625,33013,41,0202aae0002280f5005a5811460e29efbf1ffffffc2246cd1e00000fc0007ebfe9ed0737feebfff600,1,TX 41 seq=22537 rx_latency=1ms tx_dur=1ms,22.042,
2734,10,35,2866806819,2026-07-14T15:38:05.451918+00:00,6.234338,33035,41,0202aae00023810b005a5811460e29efbf1ffffffc2246cd1e00000fc0007ebfe9ed0737feebfff600,1,TX 41 seq=22538 rx_latency=1ms tx_dur=1ms,20.314,
2734,10,36,2866806820,2026-07-14T15:38:05.472968+00:00,6.255388,33056,41,0202aae000248120005a5811460e29efbf1ffffffc2246cd1e00000fc0007ebfe9ed0737feebfff600,1,TX 41 seq=22539 rx_latency=1ms tx_dur=1ms,22.038,
2734,10,37,2866806821,2026-07-14T15:38:05.495675+00:00,6.278096,33079,41,0202aae000258137005a5811460e29efbf1ffffffc2246cd1e00000fc0007ebfe9ed0737feebfff600,1,TX 41 seq=22540 rx_latency=1ms tx_dur=1ms,21.428,
2734,10,38,2866806822,2026-07-14T15:38:05.517821+00:00,6.300242,33101,41,0202aae00026814d005a5811460e29efbf1ffffffc2246cd1e00000fc0007ebfe9ed0737feebfff600,1,TX 41 seq=22541 rx_latency=1ms tx_dur=1ms,20.618,
2734,10,39,2866806823,2026-07-14T15:38:05.539109+00:00,6.321528,33123,41,0202aae000278163005a5811460e29efbf1ffffffc2246cd1e00000fc0007ebfe9ed0737feebfff600,1,TX 41 seq=22542 rx_latency=1ms tx_dur=1ms,21.971,
2734,10,40,2866806824,2026-07-14T15:38:05.561782+00:00,6.344203,33145,41,0202aae000288179005a5811460e29efbf1ffffffc2246cd1e00000fc0007ebfe9ed0737feebfff600,1,TX 41 seq=22543 rx_latency=1ms tx_dur=1ms,21.096,
2734,10,41,2866806825,2026-07-14T15:38:05.583562+00:00,6.365982,33167,41,0202aae00029818f005a5811460e29efbf1ffffffc2246cd1e00000fc0007ebfe9ed0737feebfff600,1,TX 41 seq=22544 rx_latency=1ms tx_dur=1ms,21.195,
2734,10,42,2866806826,2026-07-14T15:38:05.605474+00:00,6.387894,33189,41,0202aae0002a81a5005a5811460e29efbf1ffffffc2246cd1e00000fc0007ebfe9ed0737feebfff600,1,TX 41 seq=22545 rx_latency=1ms tx_dur=1ms,20.934,
2734,10,43,2866806827,2026-07-14T15:38:05.627083+00:00,6.409501,33211,41,0202aae0002b81bb005a5811460e29efbf1ffffffc2246cd1e00000fc0007ebfe9ed0737feebfff600,1,TX 41 seq=22546 rx_latency=1ms tx_dur=1ms,21.482,
2734,10,44,2866806828,2026-07-14T15:38:05.649230+00:00,6.431650,33233,41,0202aae0002c81d1005a5811460e29efbf1ffffffc2246cd1e00000fc0007ebfe9ed0737feebfff600,1,TX 41 seq=22547 rx_latency=1ms tx_dur=1ms,22.048,
2734,10,45,2866806829,2026-07-14T15:38:05.671994+00:00,6.454417,33255,41,0202aae0002d81e7005a5811460e29efbf1ffffffc2246cd1e00000fc0007ebfe9ed0737feebfff600,1,TX 41 seq=22548 rx_latency=1ms tx_dur=1ms,20.309,
2734,10,46,2866806830,2026-07-14T15:38:05.692988+00:00,6.475408,33276,41,0202aae0002e81fc005a5811460e29efbf1ffffffc2246cd1e00000fc0007ebfe9ed0737feebfff600,1,TX 41 seq=22549 rx_latency=1ms tx_dur=1ms,22.042,
2734,10,47,2866806831,2026-07-14T15:38:05.715702+00:00,6.498122,33299,41,0202aae0002f8213005a5811460e29efbf1ffffffc2246cd1e00000fc0007ebfe9ed0737feebfff600,1,TX 41 seq=22550 rx_latency=1ms tx_dur=1ms,21.424,
2734,10,48,2866806832,2026-07-14T15:38:05.737851+00:00,6.520272,33321,41,0202aae000308229005a5811460e29efbf1ffffffc2246cd1e00000fc0007ebfe9ed0737feebfff600,1,TX 41 seq=22551 rx_latency=1ms tx_dur=1ms,20.609,
2734,10,49,2866806833,2026-07-14T15:38:05.759136+00:00,6.541555,33343,41,0202aae00031823f005a5811460e29efbf1ffffffc2246cd1e00000fc0007ebfe9ed0737feebfff600,1,TX 41 seq=22552 rx_latency=1ms tx_dur=1ms,21.976,
2734,10,50,2866806834,2026-07-14T15:38:05.781783+00:00,6.564205,33365,41,0202aae000328255005a5811460e29efbf1ffffffc2246cd1e00000fc0007ebfe9ed0737feebfff600,1,TX 41 seq=22553 rx_latency=1ms tx_dur=1ms,21.111,
2734,10,51,2866806835,2026-07-14T15:38:05.803566+00:00,6.585986,33387,41,0202aae00033826b005a5811460e29efbf1ffffffc2246cd1e00000fc0007ebfe9ed0737feebfff600,1,TX 41 seq=22554 rx_latency=1ms tx_dur=1ms,21.228,
2734,10,52,2866806836,2026-07-14T15:38:05.825505+00:00,6.607925,33409,41,0202aae000348281005a5811460e29efbf1ffffffc2246cd1e00000fc0007ebfe9ed0737feebfff600,1,TX 41 seq=22555 rx_latency=1ms tx_dur=1ms,20.936,
2734,10,53,2866806837,2026-07-14T15:38:05.847114+00:00,6.629534,33431,41,0202aae000358297005a5811460e29efbf1ffffffc2246cd1e00000fc0007ebfe9ed0737feebfff600,1,TX 41 seq=22556 rx_latency=1ms tx_dur=1ms,21.468,
2734,10,54,2866806838,2026-07-14T15:38:05.869262+00:00,6.651682,33453,41,0202aae0003682ad005a5811460e29efbf1ffffffc2246cd1e00000fc0007ebfe9ed0737feebfff600,1,TX 41 seq=22557 rx_latency=1ms tx_dur=1ms,22.077,
2734,10,55,2866806839,2026-07-14T15:38:05.892089+00:00,6.674523,33476,41,0202aae0003782c4005a5811460e29efbf1ffffffc2246cd1e00000fc0007ebfe9ed0737feebfff600,1,TX 41 seq=22558 rx_latency=1ms tx_dur=1ms,20.183,
2734,10,56,2866806840,2026-07-14T15:38:05.913029+00:00,6.695452,33497,41,0202aae0003882d9005a5811460e29efbf1ffffffc2246cd1e00000fc0007ebfe9ed0737feebfff600,1,TX 41 seq=22559 rx_latency=1ms tx_dur=1ms,22.143,
2734,10,57,2866806841,2026-07-14T15:38:05.935866+00:00,6.718287,33519,41,0202aae0003982ef005a5811460e29efbf1ffffffc2246cd1e00000fc0007ebfe9ed0737feebfff600,1,TX 41 seq=22560 rx_latency=1ms tx_dur=1ms,20.315,
2734,10,58,2866806842,2026-07-14T15:38:05.956905+00:00,6.739326,33540,41,0202aae0003a8304005a5811460e29efbf1ffffffc2246cd1e00000fc0007ebfe9ed0737feebfff600,1,TX 41 seq=22561 rx_latency=1ms tx_dur=1ms,22.034,
2734,10,59,2866806843,2026-07-14T15:38:05.979622+00:00,6.762042,33563,41,0202aae0003b831b005a5811460e29efbf1ffffffc2246cd1e00000fc0007ebfe9ed0737feebfff600,1,TX 41 seq=22562 rx_latency=1ms tx_dur=1ms,21.441,
2734,10,60,2866806844,2026-07-14T15:38:06.001818+00:00,6.784240,33585,41,0202aae0003c8331005a5811460e29efbf1ffffffc2246cd1e00000fc0007ebfe9ed0737feebfff600,1,TX 41 seq=22563 rx_latency=1ms tx_dur=1ms,20.541,
2734,10,61,2866806845,2026-07-14T15:38:06.023046+00:00,6.805467,33607,41,0202aae0003d8347005a5811460e29efbf1ffffffc2246cd1e00000fc0007ebfe9ed0737feebfff600,1,TX 41 seq=22564 rx_latency=1ms tx_dur=1ms,21.946,
2734,10,62,2866806846,2026-07-14T15:38:06.045662+00:00,6.828082,33629,41,0202aae0003e835d005a5811460e29efbf1ffffffc2246cd1e00000fc0007ebfe9ed0737feebfff600,1,TX 41 seq=22565 rx_latency=1ms tx_dur=1ms,20.937,
2734,10,63,2866806847,2026-07-14T15:38:06.067266+00:00,6.849686,33651,41,0202aae0003f8373005a5811460e29efbf1ffffffc2246cd1e00000fc0007ebfe9ed0737feebfff600,1,TX 41 seq=22566 rx_latency=1ms tx_dur=1ms,21.477,
2734,10,64,2866806848,2026-07-14T15:38:06.089412+00:00,6.871831,33673,41,0202aae000408389005a5811460e29efbf1ffffffc2246cd1e00000fc0007ebfe9ed0737feebfff600,1,TX 41 seq=22567 rx_latency=1ms tx_dur=1ms,20.942,
2734,10,65,2866806849,2026-07-14T15:38:06.111022+00:00,6.893441,33695,41,0202aae00041839f005a5811460e29efbf1ffffffc2246cd1e00000fc0007ebfe9ed0737feebfff600,1,TX 41 seq=22568 rx_latency=1ms tx_dur=1ms,21.473,
2734,10,66,2866806850,2026-07-14T15:38:06.133161+00:00,6.915582,33717,41,0202aae0004283b5005a5811460e29efbf1ffffffc2246cd1e00000fc0007ebfe9ed0737feebfff600,1,TX 41 seq=22569 rx_latency=1ms tx_dur=1ms,22.055,
2734,10,67,2866806851,2026-07-14T15:38:06.155881+00:00,6.938300,33739,41,0202aae0004383cb005a5811460e29efbf1ffffffc2246cd1e00000fc0007ebfe9ed0737feebfff600,1,TX 41 seq=22570 rx_latency=1ms tx_dur=1ms,20.326,
2734,10,68,2866806852,2026-07-14T15:38:06.176924+00:00,6.959345,33760,41,0202aae0004483e0005a5811460e29efbf1ffffffc2246cd1e00000fc0007ebfe9ed0737feebfff600,1,TX 41 seq=22571 rx_latency=1ms tx_dur=1ms,22.049,
2734,10,69,2866806853,2026-07-14T15:38:06.199641+00:00,6.982061,33783,41,0202aae0004583f7005a5811460e29efbf1ffffffc2246cd1e00000fc0007ebfe9ed0737feebfff600,1,TX 41 seq=22572 rx_latency=1ms tx_dur=1ms,21.433,
2734,10,70,2866806854,2026-07-14T15:38:06.221785+00:00,7.004205,33805,41,0202aae00046840d005a5811460e29efbf1ffffffc2246cd1e00000fc0007ebfe9ed0737feebfff600,1,TX 41 seq=22573 rx_latency=1ms tx_dur=1ms,20.624,
2734,10,71,2866806855,2026-07-14T15:38:06.243075+00:00,7.025496,33827,41,0202aae000478423005a5811460e29efbf1ffffffc2246cd1e00000fc0007ebfe9ed0737feebfff600,1,TX 41 seq=22574 rx_latency=1ms tx_dur=1ms,21.940,
2734,10,72,2866806856,2026-07-14T15:38:06.317713+00:00,7.100138,33901,41,0202aae00048846d005a5811460e29efbf1ffffffc2246cd1e00000fc0007ebfe9ed0737feebfff600,1,TX 41 seq=22575 rx_latency=1ms tx_dur=1ms,19.024,
2734,10,73,2866806857,2026-07-14T15:38:06.417715+00:00,7.200142,34001,41,0202aae0004984d1005a5811460e29efbf1ffffffc2246cd1e00000fc0007ebfe9ed0737feebfff600,1,TX 41 seq=22576 rx_latency=1ms tx_dur=1ms,21.397,
2734,10,74,2866806858,2026-07-14T15:38:06.517713+00:00,7.300137,34101,41,0202aae0004a8535005a5811460e29efbf1ffffffc2246cd1e00000fc0007ebfe9ed0737feebfff600,1,TX 41 seq=22577 rx_latency=1ms tx_dur=1ms,22.708,
2734,10,75,2866806859,2026-07-14T15:38:06.617717+00:00,7.400153,34201,41,0202aae0004b8599005a5811460e29efbf1ffffffc2246cd1e00000fc0007ebfe9ed0737feebfff600,1,TX 41 seq=22578 rx_latency=1ms tx_dur=1ms,14.434,
2734,10,76,2866806860,2026-07-14T15:38:06.717722+00:00,7.500164,34301,41,0202aae0004c85fd005a5811460e29efbf1ffffffc2246cd1e00000fc0007ebfe9ed0737feebfff600,1,TX 41 seq=22579 rx_latency=1ms tx_dur=1ms,17.231,
2734,10,77,2866806861,2026-07-14T15:38:06.817716+00:00,7.600147,34401,41,0202aae0004d8661005a5811460e29efbf1ffffffc2246cd1e00000fc0007ebfe9ed0737feebfff600,1,TX 41 seq=22580 rx_latency=1ms tx_dur=1ms,19.214,
2734,10,78,2866806862,2026-07-14T15:38:06.917713+00:00,7.700138,34501,41,0202aae0004e86c5005a5811460e29efbf1ffffffc2246cd1e00000fc0007ebfe9ed0737feebfff600,1,TX 41 seq=22581 rx_latency=1ms tx_dur=1ms,21.198,
2734,10,79,2866806863,2026-07-14T15:38:07.017682+00:00,7.800083,34601,41,0202aae0004f8729005a5811460e29efbf1ffffffc2246cd1e00000fc0007ebfe9ed0737feebfff600,1,TX 41 seq=22582 rx_latency=1ms tx_dur=1ms,23.302,
2734,10,80,2866806864,2026-07-14T15:38:07.117686+00:00,7.900095,34701,41,0202aae00050878d005a5811460e29efbf1ffffffc2246cd1e00000fc0007ebfe9ed0737feebfff600,1,TX 41 seq=22583 rx_latency=1ms tx_dur=1ms,16.568,
2734,10,81,2866806865,2026-07-14T15:38:07.217684+00:00,8.000091,34801,41,0202aae0005187f1005a5811460e29efbf1ffffffc2246cd1e00000fc0007ebfe9ed0737feebfff600,1,TX 41 seq=22584 rx_latency=1ms tx_dur=1ms,17.717,
2734,10,82,2866806866,2026-07-14T15:38:07.317684+00:00,8.100087,34901,41,0202aae000528855005a5811460e29efbf1ffffffc2246cd1e00000fc0007ebfe9ed0737feebfff600,1,TX 41 seq=22585 rx_latency=1ms tx_dur=1ms,19.572,
2734,10,83,2866806867,2026-07-14T15:38:07.417682+00:00,8.200085,35001,41,0202aae0005388b9005a5811460e29efbf1ffffffc2246cd1e00000fc0007ebfe9ed0737feebfff600,1,TX 41 seq=22586 rx_latency=1ms tx_dur=1ms,20.907,
2734,10,84,2866806868,2026-07-14T15:38:07.517681+00:00,8.300082,35101,41,0202aae00054891d005a5811460e29efbf1ffffffc2246cd1e00000fc0007ebfe9ed0737feebfff600,1,TX 41 seq=22587 rx_latency=1ms tx_dur=1ms,23.131,
2734,10,85,2866806869,2026-07-14T15:38:07.617683+00:00,8.400087,35201,41,0202aae000558981005a5811460e29efbf1ffffffc2246cd1e00000fc0007ebfe9ed0737feebfff600,1,TX 41 seq=22588 rx_latency=1ms tx_dur=1ms,16.412,
2734,10,86,2866806870,2026-07-14T15:38:07.717698+00:00,8.500126,35301,41,0202aae0005689e5005a5811460e29efbf1ffffffc2246cd1e00000fc0007ebfe9ed0737feebfff600,1,TX 41 seq=22589 rx_latency=1ms tx_dur=1ms,17.647,
2734,10,87,2866806871,2026-07-14T15:38:07.817682+00:00,8.600088,35401,41,0202aae000578a49005a5811460e29efbf1ffffffc2246cd1e00000fc0007ebfe9ed0737feebfff600,1,TX 41 seq=22590 rx_latency=1ms tx_dur=1ms,18.875,
2734,10,88,2866806872,2026-07-14T15:38:07.917682+00:00,8.700084,35501,41,0202aae000588aad005a5811460e29efbf1ffffffc2246cd1e00000fc0007ebfe9ed0737feebfff600,1,TX 41 seq=22591 rx_latency=1ms tx_dur=1ms,21.817,
2734,10,89,2866806873,2026-07-14T15:38:08.017700+00:00,8.800121,35601,41,0202aae000598b11005a5811460e29efbf1ffffffc2246cd1e00000fc0007ebfe9ed0737feebfff600,1,TX 41 seq=22592 rx_latency=1ms tx_dur=1ms,23.070,
2734,10,90,2866806874,2026-07-14T15:38:08.117716+00:00,8.900147,35701,41,0202aae0005a8b75005a5811460e29efbf1ffffffc2246cd1e00000fc0007ebfe9ed0737feebfff600,1,TX 41 seq=22593 rx_latency=1ms tx_dur=1ms,14.794,
2734,10,91,2866806875,2026-07-14T15:38:08.217719+00:00,9.000159,35801,41,0202aae0005b8bd9005a5811460e29efbf1ffffffc2246cd1e00000fc0007ebfe9ed0737feebfff600,1,TX 41 seq=22594 rx_latency=1ms tx_dur=1ms,16.967,
2734,10,92,2866806876,2026-07-14T15:38:08.317716+00:00,9.100145,35901,41,0202aae0005c8c3d005a5811460e29efbf1ffffffc2246cd1e00000fc0007ebfe9ed0737feebfff600,1,TX 41 seq=22595 rx_latency=1ms tx_dur=1ms,18.704,
2734,10,93,2866806877,2026-07-14T15:38:08.417716+00:00,9.200145,36001,41,0202aae0005d8ca1005a5811460e29efbf1ffffffc2246cd1e00000fc0007ebfe9ed0737feebfff600,1,TX 41 seq=22596 rx_latency=1ms tx_dur=1ms,21.392,
2734,10,94,2866806878,2026-07-14T15:38:08.517715+00:00,9.300144,36101,41,0202aae0005e8d05005a5811460e29efbf1ffffffc2246cd1e00000fc0007ebfe9ed0737feebfff600,1,TX 41 seq=22597 rx_latency=1ms tx_dur=1ms,22.680,
2734,10,95,2866806879,2026-07-14T15:38:08.617686+00:00,9.400110,36201,41,0202aae0005f8d69005a5811460e29efbf1ffffffc2246cd1e00000fc0007ebfe9ed0737feebfff600,1,TX 41 seq=22598 rx_latency=1ms tx_dur=1ms,14.616,
2734,10,96,2866806880,2026-07-14T15:38:08.717716+00:00,9.500145,36301,41,0202aae000608dcd005a5811460e29efbf1ffffffc2246cd1e00000fc0007ebfe9ed0737feebfff600,1,TX 41 seq=22599 rx_latency=1ms tx_dur=1ms,16.997,
2734,10,97,2866806881,2026-07-14T15:38:08.817712+00:00,9.600136,36401,41,0202aae000618e31005a5811460e29efbf1ffffffc2246cd1e00000fc0007ebfe9ed0737feebfff600,1,TX 41 seq=22600 rx_latency=1ms tx_dur=1ms,19.384,
2734,10,98,2866806882,2026-07-14T15:38:08.917710+00:00,9.700137,36501,41,0202aae000628e95005a5811460e29efbf1ffffffc2246cd1e00000fc0007ebfe9ed0737feebfff600,1,TX 41 seq=22601 rx_latency=1ms tx_dur=1ms,21.220,
2734,10,99,2866806883,2026-07-14T15:38:09.017714+00:00,9.800142,36601,41,0202aae000638ef9005a5811460e29efbf1ffffffc2246cd1e00000fc0007ebfe9ed0737feebfff600,1,TX 41 seq=22602 rx_latency=1ms tx_dur=1ms,22.475,
2734,10,100,2866806884,2026-07-14T15:38:09.117708+00:00,9.900129,36701,41,0202aae000648f5d005a5811460e29efbf1ffffffc2246cd1e00000fc0007ebfe9ed0737feebfff600,1,TX 41 seq=22603 rx_latency=1ms tx_dur=1ms,14.957,
2734,10,101,2866806885,2026-07-14T15:38:09.217727+00:00,10.000176,36801,41,0202aae000658fc1005a5811460e29efbf1ffffffc2246cd1e00000fc0007ebfe9ed0737feebfff600,1,TX 41 seq=22604 rx_latency=1ms tx_dur=1ms,16.561,
2734,10,102,2866806886,2026-07-14T15:38:09.317726+00:00,10.100179,36901,41,0202aae000669025005a5811460e29efbf1ffffffc2246cd1e00000fc0007ebfe9ed0737feebfff600,1,TX 41 seq=22605 rx_latency=1ms tx_dur=1ms,19.317,
2734,10,103,2866806887,2026-07-14T15:38:09.417718+00:00,10.200152,37001,41,0202aae000679089005a5811460e29efbf1ffffffc2246cd1e00000fc0007ebfe9ed0737feebfff600,1,TX 41 seq=22606 rx_latency=1ms tx_dur=1ms,21.381,
2734,10,104,2866806888,2026-07-14T15:38:09.517708+00:00,10.300133,37101,41,0202aae0006890ed005a5811460e29efbf1ffffffc2246cd1e00000fc0007ebfe9ed0737feebfff600,1,TX 41 seq=22607 rx_latency=1ms tx_dur=1ms,22.675,
2734,10,105,2866806889,2026-07-14T15:38:09.617728+00:00,10.400174,37201,41,0202aae000699151005a5811460e29efbf1ffffffc2246cd1e00000fc0007ebfe9ed0737feebfff600,1,TX 41 seq=22608 rx_latency=1ms tx_dur=1ms,14.402,
2734,10,106,2866806890,2026-07-14T15:38:09.717717+00:00,10.500148,37301,41,0202aae0006a91b5005a5811460e29efbf1ffffffc2246cd1e00000fc0007ebfe9ed0737feebfff600,1,TX 41 seq=22609 rx_latency=1ms tx_dur=1ms,17.299,
2734,10,107,2866806891,2026-07-14T15:38:09.817717+00:00,10.600143,37401,41,0202aae0006b9219005a5811460e29efbf1ffffffc2246cd1e00000fc0007ebfe9ed0737feebfff600,1,TX 41 seq=22610 rx_latency=1ms tx_dur=1ms,19.250,
2734,10,108,2866806892,2026-07-14T15:38:09.917709+00:00,10.700133,37501,41,0202aae0006c927d005a5811460e29efbf1ffffffc2246cd1e00000fc0007ebfe9ed0737feebfff600,1,TX 41 seq=22611 rx_latency=1ms tx_dur=1ms,20.896,
2734,10,109,2866806893,2026-07-14T15:38:10.017716+00:00,10.800140,37601,41,0202aae0006d92e1005a5811460e29efbf1ffffffc2246cd1e00000fc0007ebfe9ed0737feebfff600,1,TX 41 seq=22612 rx_latency=1ms tx_dur=1ms,23.574,
2734,10,110,2866806894,2026-07-14T15:38:10.117713+00:00,10.900137,37701,41,0202aae0006e9345005a5811460e29efbf1ffffffc2246cd1e00000fc0007ebfe9ed0737feebfff600,1,TX 41 seq=22613 rx_latency=1ms tx_dur=1ms,14.869,
2734,10,111,2866806895,2026-07-14T15:38:10.217717+00:00,11.000157,37801,41,0202aae0006f93a9005a5811460e29efbf1ffffffc2246cd1e00000fc0007ebfe9ed0737feebfff600,1,TX 41 seq=22614 rx_latency=1ms tx_dur=1ms,17.228,
2734,10,112,2866806896,2026-07-14T15:38:10.317716+00:00,11.100145,37901,41,0202aae00070940d005a5811460e29efbf1ffffffc2246cd1e00000fc0007ebfe9ed0737feebfff600,1,TX 41 seq=22615 rx_latency=1ms tx_dur=1ms,18.983,
2734,10,113,2866806897,2026-07-14T15:38:10.417714+00:00,11.200142,38001,41,0202aae000719471005a5811460e29efbf1ffffffc2246cd1e00000fc0007ebfe9ed0737feebfff600,1,TX 41 seq=22616 rx_latency=1ms tx_dur=1ms,20.717,
2734,10,114,2866806898,2026-07-14T15:38:10.517709+00:00,11.300131,38101,41,0202aae0007294d5005a5811460e29efbf1ffffffc2246cd1e00000fc0007ebfe9ed0737feebfff600,1,TX 41 seq=22617 rx_latency=1ms tx_dur=1ms,22.613,
2734,10,115,2866806899,2026-07-14T15:38:10.617722+00:00,11.400164,38201,41,0202aae000739539005a5811460e29efbf1ffffffc2246cd1e00000fc0007ebfe9ed0737feebfff600,1,TX 41 seq=22618 rx_latency=1ms tx_dur=1ms,15.049,
2734,10,116,2866806900,2026-07-14T15:38:10.717717+00:00,11.500147,38301,41,0202aae00074959d005a5811460e29efbf1ffffffc2246cd1e00000fc0007ebfe9ed0737feebfff600,1,TX 41 seq=22619 rx_latency=1ms tx_dur=1ms,16.828,
2734,10,117,2866806901,2026-07-14T15:38:10.817713+00:00,11.600137,38401,41,0202aae000759601005a5811460e29efbf1ffffffc2246cd1e00000fc0007ebfe9ed0737feebfff600,1,TX 41 seq=22620 rx_latency=1ms tx_dur=1ms,18.563,
2734,10,118,2866806902,2026-07-14T15:38:10.917715+00:00,11.700139,38501,41,0202aae000769665005a5811460e29efbf1ffffffc2246cd1e00000fc0007ebfe9ed0737feebfff600,1,TX 41 seq=22621 rx_latency=1ms tx_dur=1ms,20.508,
2734,10,119,2866806903,2026-07-14T15:38:11.017714+00:00,11.800137,38601,41,0202aae0007796c9005a5811460e29efbf1ffffffc2246cd1e00000fc0007ebfe9ed0737feebfff600,1,TX 41 seq=22622 rx_latency=1ms tx_dur=1ms,23.451,
2734,10,120,2866806904,2026-07-14T15:38:11.117714+00:00,11.900143,38701,41,0202aae00078972d005a5811460e29efbf1ffffffc2246cd1e00000fc0007ebfe9ed0737feebfff600,1,TX 41 seq=22623 rx_latency=1ms tx_dur=1ms,14.741,
2734,10,121,2866806905,2026-07-14T15:38:11.217723+00:00,12.000157,38801,41,0202aae000799791005a5811460e29efbf1ffffffc2246cd1e00000fc0007ebfe9ed0737feebfff600,1,TX 41 seq=22624 rx_latency=1ms tx_dur=1ms,17.127,
2734,10,122,2866806906,2026-07-14T15:38:11.317658+00:00,12.100085,38901,41,0202aae0007a97f5005a5811460e29efbf1ffffffc2246cd1e00000fc0007ebfe9ed0737feebfff600,1,TX 41 seq=22625 rx_latency=1ms tx_dur=1ms,18.940,
2734,10,123,2866806907,2026-07-14T15:38:11.417716+00:00,12.200155,39001,41,0202aae0007b9859005a5811460e29efbf1ffffffc2246cd1e00000fc0007ebfe9ed0737feebfff600,1,TX 41 seq=22626 rx_latency=1ms tx_dur=1ms,20.560,
2734,10,124,2866806908,2026-07-14T15:38:11.517712+00:00,12.300137,39101,41,0202aae0007c98bd005a5811460e29efbf1ffffffc2246cd1e00000fc0007ebfe9ed0737feebfff600,1,TX 41 seq=22627 rx_latency=1ms tx_dur=1ms,23.584,
2734,10,125,2866806909,2026-07-14T15:38:11.617713+00:00,12.400138,39201,41,0202aae0007d9921005a5811460e29efbf1ffffffc2246cd1e00000fc0007ebfe9ed0737feebfff600,1,TX 41 seq=22628 rx_latency=1ms tx_dur=1ms,14.986,
2734,10,126,2866806910,2026-07-14T15:38:11.717718+00:00,12.500150,39301,41,0202aae0007e9985005a5811460e29efbf1ffffffc2246cd1e00000fc0007ebfe9ed0737feebfff600,1,TX 41 seq=22629 rx_latency=1ms tx_dur=1ms,16.696,
2734,10,127,2866806911,2026-07-14T15:38:11.817714+00:00,12.600139,39401,41,0202aae0007f99e9005a5811460e29efbf1ffffffc2246cd1e00000fc0007ebfe9ed0737feebfff600,1,TX 41 seq=22630 rx_latency=1ms tx_dur=1ms,19.563,
2734,10,128,2866806912,2026-07-14T15:38:11.917720+00:00,12.700152,39501,41,0202aae000809a4d005a5811460e29efbf1ffffffc2246cd1e00000fc0007ebfe9ed0737feebfff600,1,TX 41 seq=22631 rx_latency=1ms tx_dur=1ms,21.466,
2734,10,129,2866806913,2026-07-14T15:38:12.017682+00:00,12.800109,39601,41,0202aae000819ab1005a5811460e29efbf1ffffffc2246cd1e00000fc0007ebfe9ed0737feebfff600,1,TX 41 seq=22632 rx_latency=1ms tx_dur=1ms,23.397,
2734,10,130,2866806914,2026-07-14T15:38:12.117713+00:00,12.900136,39701,41,0202aae000829b15005a5811460e29efbf1ffffffc2246cd1e00000fc0007ebfe9ed0737feebfff600,1,TX 41 seq=22633 rx_latency=1ms tx_dur=1ms,14.744,
2734,10,131,2866806915,2026-07-14T15:38:12.217716+00:00,13.000146,39801,41,0202aae000839b79005a5811460e29efbf1ffffffc2246cd1e00000fc0007ebfe9ed0737feebfff600,1,TX 41 seq=22634 rx_latency=1ms tx_dur=1ms,17.116,
2734,10,132,2866806916,2026-07-14T15:38:12.317713+00:00,13.100138,39901,41,0202aae000849bdd005a5811460e29efbf1ffffffc2246cd1e00000fc0007ebfe9ed0737feebfff600,1,TX 41 seq=22635 rx_latency=1ms tx_dur=1ms,18.948,
2734,10,133,2866806917,2026-07-14T15:38:12.417713+00:00,13.200139,40001,41,0202aae000859c41005a5811460e29efbf1ffffffc2246cd1e00000fc0007ebfe9ed0737feebfff600,1,TX 41 seq=22636 rx_latency=1ms tx_dur=1ms,21.482,
2734,10,134,2866806918,2026-07-14T15:38:12.517666+00:00,13.300106,40101,41,0202aae000869ca5005a5811460e29efbf1ffffffc2246cd1e00000fc0007ebfe9ed0737feebfff600,1,TX 41 seq=22637 rx_latency=1ms tx_dur=1ms,22.697,
2734,10,135,2866806919,2026-07-14T15:38:12.617727+00:00,13.400182,40201,41,0202aae000879d09005a5811460e29efbf1ffffffc2246cd1e00000fc0007ebfe9ed0737feebfff600,1,TX 41 seq=22638 rx_latency=1ms tx_dur=1ms,14.503,
2734,10,136,2866806920,2026-07-14T15:38:12.717715+00:00,13.500144,40301,41,0202aae000889d6d005a5811460e29efbf1ffffffc2246cd1e00000fc0007ebfe9ed0737feebfff600,1,TX 41 seq=22639 rx_latency=1ms tx_dur=1ms,17.016,
2734,10,137,2866806921,2026-07-14T15:38:12.817714+00:00,13.600139,40401,41,0202aae000899dd1005a5811460e29efbf1ffffffc2246cd1e00000fc0007ebfe9ed0737feebfff600,1,TX 41 seq=22640 rx_latency=1ms tx_dur=1ms,19.406,
2734,10,138,2866806922,2026-07-14T15:38:12.917714+00:00,13.700138,40501,41,0202aae0008a9e35005a5811460e29efbf1ffffffc2246cd1e00000fc0007ebfe9ed0737feebfff600,1,TX 41 seq=22641 rx_latency=1ms tx_dur=1ms,21.241,
2734,10,139,2866806923,2026-07-14T15:38:13.017717+00:00,13.800144,40601,41,0202aae0008b9e99005a5811460e29efbf1ffffffc2246cd1e00000fc0007ebfe9ed0737feebfff600,1,TX 41 seq=22642 rx_latency=1ms tx_dur=1ms,22.487,
2734,10,140,2866806924,2026-07-14T15:38:13.117656+00:00,13.900076,40701,41,0202aae0008c9efd005a5811460e29efbf1ffffffc2246cd1e00000fc0007ebfe9ed0737feebfff600,1,TX 41 seq=22643 rx_latency=1ms tx_dur=1ms,16.478,
2734,10,141,2866806925,2026-07-14T15:38:13.217713+00:00,14.000136,40801,41,0202aae0008d9f61005a5811460e29efbf1ffffffc2246cd1e00000fc0007ebfe9ed0737feebfff600,1,TX 41 seq=22644 rx_latency=1ms tx_dur=1ms,16.838,
2734,10,142,2866806926,2026-07-14T15:38:13.317714+00:00,14.100137,40901,41,0202aae0008e9fc5005a5811460e29efbf1ffffffc2246cd1e00000fc0007ebfe9ed0737feebfff600,1,TX 41 seq=22645 rx_latency=1ms tx_dur=1ms,19.222,
2734,10,143,2866806927,2026-07-14T15:38:13.417713+00:00,14.200136,41001,41,0202aae0008fa029005a5811460e29efbf1ffffffc2246cd1e00000fc0007ebfe9ed0737feebfff600,1,TX 41 seq=22646 rx_latency=1ms tx_dur=1ms,20.525,
2734,10,144,2866806928,2026-07-14T15:38:13.517723+00:00,14.300162,41101,41,0202aae00090a08d005a5811460e29efbf1ffffffc2246cd1e00000fc0007ebfe9ed0737feebfff600,1,TX 41 seq=22647 rx_latency=1ms tx_dur=1ms,23.316,
2734,10,145,2866806929,2026-07-14T15:38:13.617715+00:00,14.400142,41201,41,0202aae00091a0f1005a5811460e29efbf1ffffffc2246cd1e00000fc0007ebfe9ed0737feebfff600,1,TX 41 seq=22648 rx_latency=1ms tx_dur=1ms,15.120,
2734,10,146,2866806930,2026-07-14T15:38:13.717764+00:00,14.500219,41301,41,0202aae00092a155005a5811460e29efbf1ffffffc2246cd1e00000fc0007ebfe9ed0737feebfff600,1,TX 41 seq=22649 rx_latency=1ms tx_dur=1ms,17.033,
2734,10,147,2866806931,2026-07-14T15:38:13.817703+00:00,14.600132,41401,41,0202aae00093a1b9005a5811460e29efbf1ffffffc2246cd1e00000fc0007ebfe9ed0737feebfff600,1,TX 41 seq=22650 rx_latency=1ms tx_dur=1ms,19.441,
2734,10,148,2866806932,2026-07-14T15:38:13.917706+00:00,14.700126,41501,41,0202aae00094a21d005a5811460e29efbf1ffffffc2246cd1e00000fc0007ebfe9ed0737feebfff600,1,TX 41 seq=22651 rx_latency=1ms tx_dur=1ms,21.449,
2734,10,149,2866806933,2026-07-14T15:38:14.017714+00:00,14.800145,41601,41,0202aae00095a281005a5811460e29efbf1ffffffc2246cd1e00000fc0007ebfe9ed0737feebfff600,1,TX 41 seq=22652 rx_latency=1ms tx_dur=1ms,22.652,
2734,10,150,2866806934,2026-07-14T15:38:14.117714+00:00,14.900139,41701,41,0202aae00096a2e5005a5811460e29efbf1ffffffc2246cd1e00000fc0007ebfe9ed0737feebfff600,1,TX 41 seq=22653 rx_latency=1ms tx_dur=1ms,15.623,
2734,10,151,2866806935,2026-07-14T15:38:14.217713+00:00,15.000135,41801,41,0202aae00097a349005a5811460e29efbf1ffffffc2246cd1e00000fc0007ebfe9ed0737feebfff600,1,TX 41 seq=22654 rx_latency=1ms tx_dur=1ms,16.998,
2734,10,152,2866806936,2026-07-14T15:38:14.317730+00:00,15.100183,41901,41,0202aae00098a3ad005a5811460e29efbf1ffffffc2246cd1e00000fc0007ebfe9ed0737feebfff600,1,TX 41 seq=22655 rx_latency=1ms tx_dur=1ms,19.253,
2734,10,153,2866806937,2026-07-14T15:38:14.417717+00:00,15.200146,42001,41,0202aae00099a411005a5811460e29efbf1ffffffc2246cd1e00000fc0007ebfe9ed0737feebfff600,1,TX 41 seq=22656 rx_latency=1ms tx_dur=1ms,21.107,
2734,10,154,2866806938,2026-07-14T15:38:14.517712+00:00,15.300139,42101,41,0202aae0009aa475005a5811460e29efbf1ffffffc2246cd1e00000fc0007ebfe9ed0737feebfff600,1,TX 41 seq=22657 rx_latency=1ms tx_dur=1ms,23.617,
2734,10,155,2866806939,2026-07-14T15:38:14.617713+00:00,15.400140,42201,41,0202aae0009ba4d9005a5811460e29efbf1ffffffc2246cd1e00000fc0007ebfe9ed0737feebfff600,1,TX 41 seq=22658 rx_latency=1ms tx_dur=1ms,14.846,
2734,10,156,2866806940,2026-07-14T15:38:14.717716+00:00,15.500155,42301,41,0202aae0009ca53d005a5811460e29efbf1ffffffc2246cd1e00000fc0007ebfe9ed0737feebfff600,1,TX 41 seq=22659 rx_latency=1ms tx_dur=1ms,16.637,
2734,10,157,2866806941,2026-07-14T15:38:14.817714+00:00,15.600142,42401,41,0202aae0009da5a1005a5811460e29efbf1ffffffc2246cd1e00000fc0007ebfe9ed0737feebfff600,1,TX 41 seq=22660 rx_latency=1ms tx_dur=1ms,19.393,
2734,10,158,2866806942,2026-07-14T15:38:14.917708+00:00,15.700129,42501,41,0202aae0009ea605005a5811460e29efbf1ffffffc2246cd1e00000fc0007ebfe9ed0737feebfff600,1,TX 41 seq=22661 rx_latency=1ms tx_dur=1ms,21.431,
2734,10,159,2866806943,2026-07-14T15:38:15.017714+00:00,15.800140,42601,41,0202aae0009fa669005a5811460e29efbf1ffffffc2246cd1e00000fc0007ebfe9ed0737feebfff600,1,TX 41 seq=22662 rx_latency=1ms tx_dur=1ms,22.705,
2734,10,160,2866806944,2026-07-14T15:38:15.117714+00:00,15.900136,42701,41,0202aae000a0a6cd005a5811460e29efbf1ffffffc2246cd1e00000fc0007ebfe9ed0737feebfff600,1,TX 41 seq=22663 rx_latency=1ms tx_dur=1ms,15.598,
2734,10,161,2866806945,2026-07-14T15:38:15.217714+00:00,16.000140,42801,41,0202aae000a1a731005a5811460e29efbf1ffffffc2246cd1e00000fc0007ebfe9ed0737feebfff600,1,TX 41 seq=22664 rx_latency=1ms tx_dur=1ms,17.319,
2734,10,162,2866806946,2026-07-14T15:38:15.317714+00:00,16.100137,42901,41,0202aae000a2a795005a5811460e29efbf1ffffffc2246cd1e00000fc0007ebfe9ed0737feebfff600,1,TX 41 seq=22665 rx_latency=1ms tx_dur=1ms,19.270,
2734,10,163,2866806947,2026-07-14T15:38:15.417705+00:00,16.200124,43001,41,0202aae000a3a7f9005a5811460e29efbf1ffffffc2246cd1e00000fc0007ebfe9ed0737feebfff600,1,TX 41 seq=22666 rx_latency=1ms tx_dur=1ms,20.949,
2734,10,164,2866806948,2026-07-14T15:38:15.517715+00:00,16.300141,43101,41,0202aae000a4a85d005a5811460e29efbf1ffffffc2246cd1e00000fc0007ebfe9ed0737feebfff600,1,TX 41 seq=22667 rx_latency=1ms tx_dur=1ms,23.553,
2734,10,165,2866806949,2026-07-14T15:38:15.617715+00:00,16.400141,43201,41,0202aae000a5a8c1005a5811460e29efbf1ffffffc2246cd1e00000fc0007ebfe9ed0737feebfff600,1,TX 41 seq=22668 rx_latency=1ms tx_dur=1ms,14.843,
2734,10,166,2866806950,2026-07-14T15:38:15.717713+00:00,16.500150,43301,41,0202aae000a6a925005a5811460e29efbf1ffffffc2246cd1e00000fc0007ebfe9ed0737feebfff600,1,TX 41 seq=22669 rx_latency=1ms tx_dur=1ms,16.672,
2734,10,167,2866806951,2026-07-14T15:38:15.817715+00:00,16.600144,43401,41,0202aae000a7a989005a5811460e29efbf1ffffffc2246cd1e00000fc0007ebfe9ed0737feebfff600,1,TX 41 seq=22670 rx_latency=1ms tx_dur=1ms,19.160,
2734,10,168,2866806952,2026-07-14T15:38:15.917713+00:00,16.700137,43501,41,0202aae000a8a9ed005a5811460e29efbf1ffffffc2246cd1e00000fc0007ebfe9ed0737feebfff600,1,TX 41 seq=22671 rx_latency=1ms tx_dur=1ms,21.589,
2734,10,169,2866806953,2026-07-14T15:38:16.017707+00:00,16.800127,43601,41,0202aae000a9aa51005a5811460e29efbf1ffffffc2246cd1e00000fc0007ebfe9ed0737feebfff600,1,TX 41 seq=22672 rx_latency=1ms tx_dur=1ms,23.448,
2734,10,170,2866806954,2026-07-14T15:38:16.117714+00:00,16.900138,43701,41,0202aae000aaaab5005a5811460e29efbf1ffffffc2246cd1e00000fc0007ebfe9ed0737feebfff600,1,TX 41 seq=22673 rx_latency=1ms tx_dur=1ms,14.776,
2734,10,171,2866806955,2026-07-14T15:38:16.217709+00:00,17.000133,43801,41,0202aae000abab19005a5811460e29efbf1ffffffc2246cd1e00000fc0007ebfe9ed0737feebfff600,1,TX 41 seq=22674 rx_latency=1ms tx_dur=1ms,17.125,
2734,10,172,2866806956,2026-07-14T15:38:16.317712+00:00,17.100136,43901,41,0202aae000acab7d005a5811460e29efbf1ffffffc2246cd1e00000fc0007ebfe9ed0737feebfff600,1,TX 41 seq=22675 rx_latency=1ms tx_dur=1ms,18.978,
2734,10,173,2866806957,2026-07-14T15:38:16.417713+00:00,17.200134,44001,41,0202aae000adabe1005a5811460e29efbf1ffffffc2246cd1e00000fc0007ebfe9ed0737feebfff600,1,TX 41 seq=22676 rx_latency=1ms tx_dur=1ms,21.372,
2734,10,174,2866806958,2026-07-14T15:38:16.517706+00:00,17.300123,44101,41,0202aae000aeac45005a5811460e29efbf1ffffffc2246cd1e00000fc0007ebfe9ed0737feebfff600,1,TX 41 seq=22677 rx_latency=1ms tx_dur=1ms,22.679,
2734,10,175,2866806959,2026-07-14T15:38:16.617645+00:00,17.400085,44201,41,0202aae000afaca9005a5811460e29efbf1ffffffc2246cd1e00000fc0007ebfe9ed0737feebfff600,1,TX 41 seq=22678 rx_latency=1ms tx_dur=1ms,15.549,
2734,10,176,2866806960,2026-07-14T15:38:16.717708+00:00,17.500132,44301,41,0202aae000b0ad0d005a5811460e29efbf1ffffffc2246cd1e00000fc0007ebfe9ed0737feebfff600,1,TX 41 seq=22679 rx_latency=1ms tx_dur=1ms,17.283,
2734,10,177,2866806961,2026-07-14T15:38:16.817722+00:00,17.600157,44401,41,0202aae000b1ad71005a5811460e29efbf1ffffffc2246cd1e00000fc0007ebfe9ed0737feebfff600,1,TX 41 seq=22680 rx_latency=1ms tx_dur=1ms,19.243,
2734,10,178,2866806962,2026-07-14T15:38:16.917671+00:00,17.700096,44501,41,0202aae000b2add5005a5811460e29efbf1ffffffc2246cd1e00000fc0007ebfe9ed0737feebfff600,1,TX 41 seq=22681 rx_latency=1ms tx_dur=1ms,20.602,
2734,10,179,2866806963,2026-07-14T15:38:17.017707+00:00,17.800129,44601,41,0202aae000b3ae39005a5811460e29efbf1ffffffc2246cd1e00000fc0007ebfe9ed0737feebfff600,1,TX 41 seq=22682 rx_latency=1ms tx_dur=1ms,23.488,
2734,10,180,2866806964,2026-07-14T15:38:17.117713+00:00,17.900139,44701,41,0202aae000b4ae9d005a5811460e29efbf1ffffffc2246cd1e00000fc0007ebfe9ed0737feebfff600,1,TX 41 seq=22683 rx_latency=1ms tx_dur=1ms,14.791,
2734,10,181,2866806965,2026-07-14T15:38:17.217706+00:00,18.000125,44801,41,0202aae000b5af01005a5811460e29efbf1ffffffc2246cd1e00000fc0007ebfe9ed0737feebfff600,1,TX 41 seq=22684 rx_latency=1ms tx_dur=1ms,17.589,
2734,10,182,2866806966,2026-07-14T15:38:17.317717+00:00,18.100144,44901,41,0202aae000b6af65005a5811460e29efbf1ffffffc2246cd1e00000fc0007ebfe9ed0737feebfff600,1,TX 41 seq=22685 rx_latency=1ms tx_dur=1ms,19.105,
2734,10,183,2866806967,2026-07-14T15:38:17.417714+00:00,18.200140,45001,41,0202aae000b7afc9005a5811460e29efbf1ffffffc2246cd1e00000fc0007ebfe9ed0737feebfff600,1,TX 41 seq=22686 rx_latency=1ms tx_dur=1ms,21.468,
2734,10,184,2866806968,2026-07-14T15:38:17.517707+00:00,18.300128,45101,41,0202aae000b8b02d005a5811460e29efbf1ffffffc2246cd1e00000fc0007ebfe9ed0737feebfff600,1,TX 41 seq=22687 rx_latency=1ms tx_dur=1ms,23.120,
2734,10,185,2866806969,2026-07-14T15:38:17.617717+00:00,18.400145,45201,41,0202aae000b9b091005a5811460e29efbf1ffffffc2246cd1e00000fc0007ebfe9ed0737feebfff600,1,TX 41 seq=22688 rx_latency=1ms tx_dur=1ms,14.696,
2734,10,186,2866806970,2026-07-14T15:38:17.717715+00:00,18.500142,45301,41,0202aae000bab0f5005a5811460e29efbf1ffffffc2246cd1e00000fc0007ebfe9ed0737feebfff600,1,TX 41 seq=22689 rx_latency=1ms tx_dur=1ms,17.081,
2734,10,187,2866806971,2026-07-14T15:38:17.817714+00:00,18.600140,45401,41,0202aae000bbb159005a5811460e29efbf1ffffffc2246cd1e00000fc0007ebfe9ed0737feebfff600,1,TX 41 seq=22690 rx_latency=1ms tx_dur=1ms,18.941,
2734,10,188,2866806972,2026-07-14T15:38:17.917712+00:00,18.700136,45501,41,0202aae000bcb1bd005a5811460e29efbf1ffffffc2246cd1e00000fc0007ebfe9ed0737feebfff600,1,TX 41 seq=22691 rx_latency=1ms tx_dur=1ms,21.409,
2734,10,189,2866806973,2026-07-14T15:38:18.017722+00:00,18.800161,45601,41,0202aae000bdb221005a5811460e29efbf1ffffffc2246cd1e00000fc0007ebfe9ed0737feebfff600,1,TX 41 seq=22692 rx_latency=1ms tx_dur=1ms,22.634,
2734,10,190,2866806974,2026-07-14T15:38:18.117707+00:00,18.900132,45701,41,0202aae000beb285005a5811460e29efbf1ffffffc2246cd1e00000fc0007ebfe9ed0737feebfff600,1,TX 41 seq=22693 rx_latency=1ms tx_dur=1ms,15.676,
2734,10,191,2866806975,2026-07-14T15:38:18.217713+00:00,19.000139,45801,41,0202aae000bfb2e9005a5811460e29efbf1ffffffc2246cd1e00000fc0007ebfe9ed0737feebfff600,1,TX 41 seq=22694 rx_latency=1ms tx_dur=1ms,17.004,
2734,10,192,2866806976,2026-07-14T15:38:18.317712+00:00,19.100136,45901,41,0202aae000c0b34d005a5811460e29efbf1ffffffc2246cd1e00000fc0007ebfe9ed0737feebfff600,1,TX 41 seq=22695 rx_latency=1ms tx_dur=1ms,19.396,
2734,10,193,2866806977,2026-07-14T15:38:18.417707+00:00,19.200126,46001,41,0202aae000c1b3b1005a5811460e29efbf1ffffffc2246cd1e00000fc0007ebfe9ed0737feebfff600,1,TX 41 seq=22696 rx_latency=1ms tx_dur=1ms,21.232,
2734,10,194,2866806978,2026-07-14T15:38:18.517714+00:00,19.300141,46101,41,0202aae000c2b415005a5811460e29efbf1ffffffc2246cd1e00000fc0007ebfe9ed0737feebfff600,1,TX 41 seq=22697 rx_latency=1ms tx_dur=1ms,23.597,
2734,10,195,2866806979,2026-07-14T15:38:18.617715+00:00,19.400154,46201,41,0202aae000c3b479005a5811460e29efbf1ffffffc2246cd1e00000fc0007ebfe9ed0737feebfff600,1,TX 41 seq=22698 rx_latency=1ms tx_dur=1ms,14.918,
2734,10,196,2866806980,2026-07-14T15:38:18.717718+00:00,19.500148,46301,41,0202aae000c4b4dd005a5811460e29efbf1ffffffc2246cd1e00000fc0007ebfe9ed0737feebfff600,1,TX 41 seq=22699 rx_latency=1ms tx_dur=1ms,16.631,
2734,10,197,2866806981,2026-07-14T15:38:18.817714+00:00,19.600140,46401,41,0202aae000c5b541005a5811460e29efbf1ffffffc2246cd1e00000fc0007ebfe9ed0737feebfff600,1,TX 41 seq=22700 rx_latency=1ms tx_dur=1ms,19.477,
2734,10,198,2866806982,2026-07-14T15:38:18.917714+00:00,19.700139,46501,41,0202aae000c6b5a5005a5811460e29efbf1ffffffc2246cd1e00000fc0007ebfe9ed0737feebfff600,1,TX 41 seq=22701 rx_latency=1ms tx_dur=1ms,21.431,
2734,10,199,2866806983,2026-07-14T15:38:19.017712+00:00,19.800146,46601,41,0202aae000c7b609005a5811460e29efbf1ffffffc2246cd1e00000fc0007ebfe9ed0737feebfff600,1,TX 41 seq=22702 rx_latency=1ms tx_dur=1ms,23.339,
2734,10,200,2866806984,2026-07-14T15:38:19.117716+00:00,19.900148,46701,41,0202aae000c8b66d005a5811460e29efbf1ffffffc2246cd1e00000fc0007ebfe9ed0737feebfff600,1,TX 41 seq=22703 rx_latency=1ms tx_dur=1ms,14.770,
2734,10,201,2866806985,2026-07-14T15:38:19.217710+00:00,20.000145,46801,41,0202aae000c9b6d1005a5811460e29efbf1ffffffc2246cd1e00000fc0007ebfe9ed0737feebfff600,1,TX 41 seq=22704 rx_latency=1ms tx_dur=1ms,17.127,
2734,10,202,2866806986,2026-07-14T15:38:19.317714+00:00,20.100142,46901,41,0202aae000cab735005a5811460e29efbf1ffffffc2246cd1e00000fc0007ebfe9ed0737feebfff600,1,TX 41 seq=22705 rx_latency=1ms tx_dur=1ms,18.982,
2734,10,203,2866806987,2026-07-14T15:38:19.417714+00:00,20.200141,47001,41,0202aae000cbb799005a5811460e29efbf1ffffffc2246cd1e00000fc0007ebfe9ed0737feebfff600,1,TX 41 seq=22706 rx_latency=1ms tx_dur=1ms,21.358,
2734,10,204,2866806988,2026-07-14T15:38:19.517715+00:00,20.300141,47101,41,0202aae000ccb7fd005a5811460e29efbf1ffffffc2246cd1e00000fc0007ebfe9ed0737feebfff600,1,TX 41 seq=22707 rx_latency=1ms tx_dur=1ms,22.675,
2734,10,205,2866806989,2026-07-14T15:38:19.617717+00:00,20.400155,47201,41,0202aae000cdb861005a5811460e29efbf1ffffffc2246cd1e00000fc0007ebfe9ed0737feebfff600,1,TX 41 seq=22708 rx_latency=1ms tx_dur=1ms,15.516,
2734,10,206,2866806990,2026-07-14T15:38:19.717732+00:00,20.500188,47301,41,0202aae000ceb8c5005a5811460e29efbf1ffffffc2246cd1e00000fc0007ebfe9ed0737feebfff600,1,TX 41 seq=22709 rx_latency=1ms tx_dur=1ms,17.154,
2734,10,207,2866806991,2026-07-14T15:38:19.817707+00:00,20.600133,47401,41,0202aae000cfb929005a5811460e29efbf1ffffffc2246cd1e00000fc0007ebfe9ed0737feebfff600,1,TX 41 seq=22710 rx_latency=1ms tx_dur=1ms,19.169,
2734,10,208,2866806992,2026-07-14T15:38:19.917714+00:00,20.700140,47501,41,0202aae000d0b98d005a5811460e29efbf1ffffffc2246cd1e00000fc0007ebfe9ed0737feebfff600,1,TX 41 seq=22711 rx_latency=1ms tx_dur=1ms,21.607,
2734,10,209,2866806993,2026-07-14T15:38:20.017710+00:00,20.800144,47601,41,0202aae000d1b9f1005a5811460e29efbf1ffffffc2246cd1e00000fc0007ebfe9ed0737feebfff600,1,TX 41 seq=22712 rx_latency=1ms tx_dur=1ms,23.250,
2734,10,210,2866806994,2026-07-14T15:38:20.117717+00:00,20.900151,47701,41,0202aae000d2ba55005a5811460e29efbf1ffffffc2246cd1e00000fc0007ebfe9ed0737feebfff600,1,TX 41 seq=22713 rx_latency=1ms tx_dur=1ms,15.079,
2734,10,211,2866806995,2026-07-14T15:38:20.217727+00:00,21.000174,47801,41,0202aae000d3bab9005a5811460e29efbf1ffffffc2246cd1e00000fc0007ebfe9ed0737feebfff600,1,TX 41 seq=22714 rx_latency=1ms tx_dur=1ms,16.924,
2734,10,212,2866806996,2026-07-14T15:38:20.317717+00:00,21.100151,47901,41,0202aae000d4bb1d005a5811460e29efbf1ffffffc2246cd1e00000fc0007ebfe9ed0737feebfff600,1,TX 41 seq=22715 rx_latency=1ms tx_dur=1ms,19.433,
2734,10,213,2866806997,2026-07-14T15:38:20.417706+00:00,21.200128,48001,41,0202aae000d5bb81005a5811460e29efbf1ffffffc2246cd1e00000fc0007ebfe9ed0737feebfff600,1,TX 41 seq=22716 rx_latency=1ms tx_dur=1ms,21.189,
2734,10,214,2866806998,2026-07-14T15:38:20.517717+00:00,21.300148,48101,41,0202aae000d6bbe5005a5811460e29efbf1ffffffc2246cd1e00000fc0007ebfe9ed0737feebfff600,1,TX 41 seq=22717 rx_latency=1ms tx_dur=1ms,22.919,
2734,10,215,2866806999,2026-07-14T15:38:20.617705+00:00,21.400130,48201,41,0202aae000d7bc49005a5811460e29efbf1ffffffc2246cd1e00000fc0007ebfe9ed0737feebfff600,1,TX 41 seq=22718 rx_latency=1ms tx_dur=1ms,14.885,
2734,10,216,2866807000,2026-07-14T15:38:20.717718+00:00,21.500150,48301,41,0202aae000d8bcad005a5811460e29efbf1ffffffc2246cd1e00000fc0007ebfe9ed0737feebfff600,1,TX 41 seq=22719 rx_latency=1ms tx_dur=1ms,16.705,
2734,10,217,2866807001,2026-07-14T15:38:20.817713+00:00,21.600138,48401,41,0202aae000d9bd11005a5811460e29efbf1ffffffc2246cd1e00000fc0007ebfe9ed0737feebfff600,1,TX 41 seq=22720 rx_latency=1ms tx_dur=1ms,19.206,
2734,10,218,2866807002,2026-07-14T15:38:20.917713+00:00,21.700137,48501,41,0202aae000dabd75005a5811460e29efbf1ffffffc2246cd1e00000fc0007ebfe9ed0737feebfff600,1,TX 41 seq=22721 rx_latency=1ms tx_dur=1ms,21.595,
2734,10,219,2866807003,2026-07-14T15:38:21.017706+00:00,21.800127,48601,41,0202aae000dbbdd9005a5811460e29efbf1ffffffc2246cd1e00000fc0007ebfe9ed0737feebfff600,1,TX 41 seq=22722 rx_latency=1ms tx_dur=1ms,23.395,
2734,10,220,2866807004,2026-07-14T15:38:21.117712+00:00,21.900136,48701,41,0202aae000dcbe3d005a5811460e29efbf1ffffffc2246cd1e00000fc0007ebfe9ed0737feebfff600,1,TX 41 seq=22723 rx_latency=1ms tx_dur=1ms,14.691,
2734,10,221,2866807005,2026-07-14T15:38:21.217708+00:00,22.000131,48801,41,0202aae000ddbea1005a5811460e29efbf1ffffffc2246cd1e00000fc0007ebfe9ed0737feebfff600,1,TX 41 seq=22724 rx_latency=1ms tx_dur=1ms,17.151,
2734,10,222,2866807006,2026-07-14T15:38:21.317721+00:00,22.100159,48901,41,0202aae000debf05005a5811460e29efbf1ffffffc2246cd1e00000fc0007ebfe9ed0737feebfff600,1,TX 41 seq=22725 rx_latency=1ms tx_dur=1ms,18.786,
2734,10,223,2866807007,2026-07-14T15:38:21.417716+00:00,22.200146,49001,41,0202aae000dfbf69005a5811460e29efbf1ffffffc2246cd1e00000fc0007ebfe9ed0737feebfff600,1,TX 41 seq=22726 rx_latency=1ms tx_dur=1ms,20.554,
2734,10,224,2866807008,2026-07-14T15:38:21.517714+00:00,22.300138,49101,41,0202aae000e0bfcd005a5811460e29efbf1ffffffc2246cd1e00000fc0007ebfe9ed0737feebfff600,1,TX 41 seq=22727 rx_latency=1ms tx_dur=1ms,23.624,
2734,10,225,2866807009,2026-07-14T15:38:21.617706+00:00,22.400126,49201,41,0202aae000e1c031005a5811460e29efbf1ffffffc2246cd1e00000fc0007ebfe9ed0737feebfff600,1,TX 41 seq=22728 rx_latency=1ms tx_dur=1ms,16.428,
2734,10,226,2866807010,2026-07-14T15:38:21.717724+00:00,22.500170,49301,41,0202aae000e2c095005a5811460e29efbf1ffffffc2246cd1e00000fc0007ebfe9ed0737feebfff600,1,TX 41 seq=22729 rx_latency=1ms tx_dur=1ms,16.773,
2734,10,227,2866807011,2026-07-14T15:38:21.817717+00:00,22.600148,49401,41,0202aae000e3c0f9005a5811460e29efbf1ffffffc2246cd1e00000fc0007ebfe9ed0737feebfff600,1,TX 41 seq=22730 rx_latency=1ms tx_dur=1ms,19.201,
2734,10,228,2866807012,2026-07-14T15:38:21.917708+00:00,22.700131,49501,41,0202aae000e4c15d005a5811460e29efbf1ffffffc2246cd1e00000fc0007ebfe9ed0737feebfff600,1,TX 41 seq=22731 rx_latency=1ms tx_dur=1ms,20.867,
2734,10,229,2866807013,2026-07-14T15:38:22.017712+00:00,22.800137,49601,41,0202aae000e5c1c1005a5811460e29efbf1ffffffc2246cd1e00000fc0007ebfe9ed0737feebfff600,1,TX 41 seq=22732 rx_latency=1ms tx_dur=1ms,23.545,
2734,10,230,2866807014,2026-07-14T15:38:22.117713+00:00,22.900138,49701,41,0202aae000e6c225005a5811460e29efbf1ffffffc2246cd1e00000fc0007ebfe9ed0737feebfff600,1,TX 41 seq=22733 rx_latency=1ms tx_dur=1ms,14.840,
2734,10,231,2866807015,2026-07-14T15:38:22.217718+00:00,23.000149,49801,41,0202aae000e7c289005a5811460e29efbf1ffffffc2246cd1e00000fc0007ebfe9ed0737feebfff600,1,TX 41 seq=22734 rx_latency=1ms tx_dur=1ms,17.219,
2734,10,232,2866807016,2026-07-14T15:38:22.317718+00:00,23.100154,49901,41,0202aae000e8c2ed005a5811460e29efbf1ffffffc2246cd1e00000fc0007ebfe9ed0737feebfff600,1,TX 41 seq=22735 rx_latency=1ms tx_dur=1ms,18.928,
2734,10,233,2866807017,2026-07-14T15:38:22.417714+00:00,23.200140,50001,41,0202aae000e9c351005a5811460e29efbf1ffffffc2246cd1e00000fc0007ebfe9ed0737feebfff600,1,TX 41 seq=22736 rx_latency=1ms tx_dur=1ms,20.693,
2734,10,234,2866807018,2026-07-14T15:38:22.517713+00:00,23.300136,50101,41,0202aae000eac3b5005a5811460e29efbf1ffffffc2246cd1e00000fc0007ebfe9ed0737feebfff600,1,TX 41 seq=22737 rx_latency=1ms tx_dur=1ms,22.678,
2734,10,235,2866807019,2026-07-14T15:38:22.617710+00:00,23.400132,50201,41,0202aae000ebc419005a5811460e29efbf1ffffffc2246cd1e00000fc0007ebfe9ed0737feebfff600,1,TX 41 seq=22738 rx_latency=1ms tx_dur=1ms,14.675,
2734,10,236,2866807020,2026-07-14T15:38:22.717716+00:00,23.500142,50301,41,0202aae000ecc47d005a5811460e29efbf1ffffffc2246cd1e00000fc0007ebfe9ed0737feebfff600,1,TX 41 seq=22739 rx_latency=1ms tx_dur=1ms,16.999,
2734,10,237,2866807021,2026-07-14T15:38:22.817709+00:00,23.600134,50401,41,0202aae000edc4e1005a5811460e29efbf1ffffffc2246cd1e00000fc0007ebfe9ed0737feebfff600,1,TX 41 seq=22740 rx_latency=1ms tx_dur=1ms,18.649,
2734,10,238,2866807022,2026-07-14T15:38:22.917714+00:00,23.700140,50501,41,0202aae000eec545005a5811460e29efbf1ffffffc2246cd1e00000fc0007ebfe9ed0737feebfff600,1,TX 41 seq=22741 rx_latency=1ms tx_dur=1ms,21.311,
2734,10,239,2866807023,2026-07-14T15:38:23.017714+00:00,23.800136,50601,41,0202aae000efc5a9005a5811460e29efbf1ffffffc2246cd1e00000fc0007ebfe9ed0737feebfff600,1,TX 41 seq=22742 rx_latency=1ms tx_dur=1ms,22.575,
2734,10,240,2866807024,2026-07-14T15:38:23.117706+00:00,23.900123,50701,41,0202aae000f0c60d005a5811460e29efbf1ffffffc2246cd1e00000fc0007ebfe9ed0737feebfff600,1,TX 41 seq=22743 rx_latency=1ms tx_dur=1ms,16.508,
2734,10,241,2866807025,2026-07-14T15:38:23.217714+00:00,24.000138,50801,41,0202aae000f1c671005a5811460e29efbf1ffffffc2246cd1e00000fc0007ebfe9ed0737feebfff600,1,TX 41 seq=22744 rx_latency=1ms tx_dur=1ms,16.930,
2734,10,242,2866807026,2026-07-14T15:38:23.317714+00:00,24.100142,50901,41,0202aae000f2c6d5005a5811460e29efbf1ffffffc2246cd1e00000fc0007ebfe9ed0737feebfff600,1,TX 41 seq=22745 rx_latency=1ms tx_dur=1ms,19.297,
2734,10,243,2866807027,2026-07-14T15:38:23.417708+00:00,24.200128,51001,41,0202aae000f3c739005a5811460e29efbf1ffffffc2246cd1e00000fc0007ebfe9ed0737feebfff600,1,TX 41 seq=22746 rx_latency=1ms tx_dur=1ms,21.139,
2734,10,244,2866807028,2026-07-14T15:38:23.517718+00:00,24.300157,51101,41,0202aae000f4c79d005a5811460e29efbf1ffffffc2246cd1e00000fc0007ebfe9ed0737feebfff600,1,TX 41 seq=22747 rx_latency=1ms tx_dur=1ms,23.562,
2734,10,245,2866807029,2026-07-14T15:38:23.617709+00:00,24.400132,51201,41,0202aae000f5c801005a5811460e29efbf1ffffffc2246cd1e00000fc0007ebfe9ed0737feebfff600,1,TX 41 seq=22748 rx_latency=1ms tx_dur=1ms,14.900,
2734,10,246,2866807030,2026-07-14T15:38:23.717718+00:00,24.500149,51301,41,0202aae000f6c865005a5811460e29efbf1ffffffc2246cd1e00000fc0007ebfe9ed0737feebfff600,1,TX 41 seq=22749 rx_latency=1ms tx_dur=1ms,16.725,
2734,10,247,2866807031,2026-07-14T15:38:23.817709+00:00,24.600131,51401,41,0202aae000f7c8c9005a5811460e29efbf1ffffffc2246cd1e00000fc0007ebfe9ed0737feebfff600,1,TX 41 seq=22750 rx_latency=1ms tx_dur=1ms,19.082,
2734,10,248,2866807032,2026-07-14T15:38:23.917717+00:00,24.700140,51501,41,0202aae000f8c92d005a5811460e29efbf1ffffffc2246cd1e00000fc0007ebfe9ed0737feebfff600,1,TX 41 seq=22751 rx_latency=1ms tx_dur=1ms,21.516,
2734,10,249,2866807033,2026-07-14T15:38:24.017716+00:00,24.800142,51601,41,0202aae000f9c991005a5811460e29efbf1ffffffc2246cd1e00000fc0007ebfe9ed0737feebfff600,1,TX 41 seq=22752 rx_latency=1ms tx_dur=1ms,23.245,
2734,10,250,2866807034,2026-07-14T15:38:24.117713+00:00,24.900137,51701,41,0202aae000fac9f5005a5811460e29efbf1ffffffc2246cd1e00000fc0007ebfe9ed0737feebfff600,1,TX 41 seq=22753 rx_latency=1ms tx_dur=1ms,15.333,
2734,10,251,2866807035,2026-07-14T15:38:24.217712+00:00,25.000134,51801,41,0202aae000fbca59005a5811460e29efbf1ffffffc2246cd1e00000fc0007ebfe9ed0737feebfff600,1,TX 41 seq=22754 rx_latency=1ms tx_dur=1ms,17.492,
2734,10,252,2866807036,2026-07-14T15:38:24.317713+00:00,25.100136,51901,41,0202aae000fccabd005a5811460e29efbf1ffffffc2246cd1e00000fc0007ebfe9ed0737feebfff600,1,TX 41 seq=22755 rx_latency=1ms tx_dur=1ms,19.437,
2734,10,253,2866807037,2026-07-14T15:38:24.417713+00:00,25.200136,52001,41,0202aae000fdcb21005a5811460e29efbf1ffffffc2246cd1e00000fc0007ebfe9ed0737feebfff600,1,TX 41 seq=22756 rx_latency=1ms tx_dur=1ms,21.284,
2734,10,254,2866807038,2026-07-14T15:38:24.517720+00:00,25.300154,52101,41,0202aae000fecb85005a5811460e29efbf1ffffffc2246cd1e00000fc0007ebfe9ed0737feebfff600,1,TX 41 seq=22757 rx_latency=1ms tx_dur=1ms,23.615,
2734,10,255,2866807039,2026-07-14T15:38:24.617709+00:00,25.400131,52201,41,0202aae000ffcbe9005a5811460e29efbf1ffffffc2246cd1e00000fc0007ebfe9ed0737feebfff600,1,TX 41 seq=22758 rx_latency=1ms tx_dur=1ms,14.996,
2734,10,256,2866807040,2026-07-14T15:38:24.717714+00:00,25.500142,52301,41,0202aae00100cc4d005a5811460e29efbf1ffffffc2246cd1e00000fc0007ebfe9ed0737feebfff600,1,TX 41 seq=22759 rx_latency=1ms tx_dur=1ms,16.690,
2734,10,257,2866807041,2026-07-14T15:38:24.817714+00:00,25.600140,52401,41,0202aae00101ccb1005a5811460e29efbf1ffffffc2246cd1e00000fc0007ebfe9ed0737feebfff600,1,TX 41 seq=22760 rx_latency=1ms tx_dur=1ms,19.527,
2734,10,258,2866807042,2026-07-14T15:38:24.917713+00:00,25.700137,52501,41,0202aae00102cd15005a5811460e29efbf1ffffffc2246cd1e00000fc0007ebfe9ed0737feebfff600,1,TX 41 seq=22761 rx_latency=1ms tx_dur=1ms,21.484,
2734,10,259,2866807043,2026-07-14T15:38:25.017707+00:00,25.800130,52601,41,0202aae00103cd79005a5811460e29efbf1ffffffc2246cd1e00000fc0007ebfe9ed0737feebfff600,1,TX 41 seq=22762 rx_latency=1ms tx_dur=1ms,23.102,
2734,10,260,2866807044,2026-07-14T15:38:25.117715+00:00,25.900141,52701,41,0202aae00104cddd005a5811460e29efbf1ffffffc2246cd1e00000fc0007ebfe9ed0737feebfff600,1,TX 41 seq=22763 rx_latency=1ms tx_dur=1ms,14.796,
2734,10,261,2866807045,2026-07-14T15:38:25.217723+00:00,26.000167,52801,41,0202aae00105ce41005a5811460e29efbf1ffffffc2246cd1e00000fc0007ebfe9ed0737feebfff600,1,TX 41 seq=22764 rx_latency=1ms tx_dur=1ms,16.985,
2734,10,262,2866807046,2026-07-14T15:38:25.317711+00:00,26.100135,52901,41,0202aae00106cea5005a5811460e29efbf1ffffffc2246cd1e00000fc0007ebfe9ed0737feebfff600,1,TX 41 seq=22765 rx_latency=1ms tx_dur=1ms,18.918,
2734,10,263,2866807047,2026-07-14T15:38:25.417717+00:00,26.200145,53001,41,0202aae00107cf09005a5811460e29efbf1ffffffc2246cd1e00000fc0007ebfe9ed0737feebfff600,1,TX 41 seq=22766 rx_latency=1ms tx_dur=1ms,21.370,
2734,10,264,2866807048,2026-07-14T15:38:25.517714+00:00,26.300143,53101,41,0202aae00108cf6d005a5811460e29efbf1ffffffc2246cd1e00000fc0007ebfe9ed0737feebfff600,1,TX 41 seq=22767 rx_latency=1ms tx_dur=1ms,22.704,
2734,10,265,2866807049,2026-07-14T15:38:25.617713+00:00,26.400142,53201,41,0202aae00109cfd1005a5811460e29efbf1ffffffc2246cd1e00000fc0007ebfe9ed0737feebfff600,1,TX 41 seq=22768 rx_latency=1ms tx_dur=1ms,15.641,
2734,10,266,2866807050,2026-07-14T15:38:25.717732+00:00,26.500185,53301,41,0202aae0010ad035005a5811460e29efbf1ffffffc2246cd1e00000fc0007ebfe9ed0737feebfff600,1,TX 41 seq=22769 rx_latency=1ms tx_dur=1ms,16.903,
2734,10,267,2866807051,2026-07-14T15:38:25.817708+00:00,26.600134,53401,41,0202aae0010bd099005a5811460e29efbf1ffffffc2246cd1e00000fc0007ebfe9ed0737feebfff600,1,TX 41 seq=22770 rx_latency=1ms tx_dur=1ms,19.363,
2734,10,268,2866807052,2026-07-14T15:38:25.917713+00:00,26.700141,53501,41,0202aae0010cd0fd005a5811460e29efbf1ffffffc2246cd1e00000fc0007ebfe9ed0737feebfff600,1,TX 41 seq=22771 rx_latency=1ms tx_dur=1ms,21.199,
2734,10,269,2866807053,2026-07-14T15:38:26.017713+00:00,26.800138,53601,41,0202aae0010dd161005a5811460e29efbf1ffffffc2246cd1e00000fc0007ebfe9ed0737feebfff600,1,TX 41 seq=22772 rx_latency=1ms tx_dur=1ms,23.584,
2734,10,270,2866807054,2026-07-14T15:38:26.117708+00:00,26.900132,53701,41,0202aae0010ed1c5005a5811460e29efbf1ffffffc2246cd1e00000fc0007ebfe9ed0737feebfff600,1,TX 41 seq=22773 rx_latency=1ms tx_dur=1ms,14.956,
2734,10,271,2866807055,2026-07-14T15:38:26.217714+00:00,27.000140,53801,41,0202aae0010fd229005a5811460e29efbf1ffffffc2246cd1e00000fc0007ebfe9ed0737feebfff600,1,TX 41 seq=22774 rx_latency=1ms tx_dur=1ms,16.644,
2734,10,272,2866807056,2026-07-14T15:38:26.317712+00:00,27.100137,53901,41,0202aae00110d28d005a5811460e29efbf1ffffffc2246cd1e00000fc0007ebfe9ed0737feebfff600,1,TX 41 seq=22775 rx_latency=1ms tx_dur=1ms,19.487,
2734,10,273,2866807057,2026-07-14T15:38:26.417713+00:00,27.200136,54001,41,0202aae00111d2f1005a5811460e29efbf1ffffffc2246cd1e00000fc0007ebfe9ed0737feebfff600,1,TX 41 seq=22776 rx_latency=1ms tx_dur=1ms,21.426,
2734,10,274,2866807058,2026-07-14T15:38:26.517707+00:00,27.300128,54101,41,0202aae00112d355005a5811460e29efbf1ffffffc2246cd1e00000fc0007ebfe9ed0737feebfff600,1,TX 41 seq=22777 rx_latency=1ms tx_dur=1ms,23.061,
2734,10,275,2866807059,2026-07-14T15:38:26.617715+00:00,27.400143,54201,41,0202aae00113d3b9005a5811460e29efbf1ffffffc2246cd1e00000fc0007ebfe9ed0737feebfff600,1,TX 41 seq=22778 rx_latency=1ms tx_dur=1ms,14.648,
2734,10,276,2866807060,2026-07-14T15:38:26.717713+00:00,27.500136,54301,41,0202aae00114d41d005a5811460e29efbf1ffffffc2246cd1e00000fc0007ebfe9ed0737feebfff600,1,TX 41 seq=22779 rx_latency=1ms tx_dur=1ms,17.047,
2734,10,277,2866807061,2026-07-14T15:38:26.817716+00:00,27.600154,54401,41,0202aae00115d481005a5811460e29efbf1ffffffc2246cd1e00000fc0007ebfe9ed0737feebfff600,1,TX 41 seq=22780 rx_latency=1ms tx_dur=1ms,19.384,
2734,10,278,2866807062,2026-07-14T15:38:26.917714+00:00,27.700143,54501,41,0202aae00116d4e5005a5811460e29efbf1ffffffc2246cd1e00000fc0007ebfe9ed0737feebfff600,1,TX 41 seq=22781 rx_latency=1ms tx_dur=1ms,21.167,
2734,10,279,2866807063,2026-07-14T15:38:27.017714+00:00,27.800139,54601,41,0202aae00117d549005a5811460e29efbf1ffffffc2246cd1e00000fc0007ebfe9ed0737feebfff600,1,TX 41 seq=22782 rx_latency=1ms tx_dur=1ms,22.916,
2734,10,280,2866807064,2026-07-14T15:38:27.117715+00:00,27.900138,54701,41,0202aae00118d5ad005a5811460e29efbf1ffffffc2246cd1e00000fc0007ebfe9ed0737feebfff600,1,TX 41 seq=22783 rx_latency=1ms tx_dur=1ms,14.872,
2734,10,281,2866807065,2026-07-14T15:38:27.217714+00:00,28.000136,54801,41,0202aae00119d611005a5811460e29efbf1ffffffc2246cd1e00000fc0007ebfe9ed0737feebfff600,1,TX 41 seq=22784 rx_latency=1ms tx_dur=1ms,16.711,
2734,10,282,2866807066,2026-07-14T15:38:27.317717+00:00,28.100147,54901,41,0202aae0011ad675005a5811460e29efbf1ffffffc2246cd1e00000fc0007ebfe9ed0737feebfff600,1,TX 41 seq=22785 rx_latency=1ms tx_dur=1ms,19.171,
2734,10,283,2866807067,2026-07-14T15:38:27.417713+00:00,28.200139,55001,41,0202aae0011bd6d9005a5811460e29efbf1ffffffc2246cd1e00000fc0007ebfe9ed0737feebfff600,1,TX 41 seq=22786 rx_latency=1ms tx_dur=1ms,21.585,
2734,10,284,2866807068,2026-07-14T15:38:27.517708+00:00,28.300128,55101,41,0202aae0011cd73d005a5811460e29efbf1ffffffc2246cd1e00000fc0007ebfe9ed0737feebfff600,1,TX 41 seq=22787 rx_latency=1ms tx_dur=1ms,23.384,
2734,10,285,2866807069,2026-07-14T15:38:27.617715+00:00,28.400140,55201,41,0202aae0011dd7a1005a5811460e29efbf1ffffffc2246cd1e00000fc0007ebfe9ed0737feebfff600,1,TX 41 seq=22788 rx_latency=1ms tx_dur=1ms,14.791,
2734,10,286,2866807070,2026-07-14T15:38:27.717715+00:00,28.500145,55301,41,0202aae0011ed805005a5811460e29efbf1ffffffc2246cd1e00000fc0007ebfe9ed0737feebfff600,1,TX 41 seq=22789 rx_latency=1ms tx_dur=1ms,17.159,
2734,10,287,2866807071,2026-07-14T15:38:27.817709+00:00,28.600142,55401,41,0202aae0011fd869005a5811460e29efbf1ffffffc2246cd1e00000fc0007ebfe9ed0737feebfff600,1,TX 41 seq=22790 rx_latency=1ms tx_dur=1ms,18.983,
2734,10,288,2866807072,2026-07-14T15:38:27.917715+00:00,28.700145,55501,41,0202aae00120d8cd005a5811460e29efbf1ffffffc2246cd1e00000fc0007ebfe9ed0737feebfff600,1,TX 41 seq=22791 rx_latency=1ms tx_dur=1ms,21.365,
2734,10,289,2866807073,2026-07-14T15:38:28.017707+00:00,28.800128,55601,41,0202aae00121d931005a5811460e29efbf1ffffffc2246cd1e00000fc0007ebfe9ed0737feebfff600,1,TX 41 seq=22792 rx_latency=1ms tx_dur=1ms,23.004,
2734,10,290,2866807074,2026-07-14T15:38:28.117714+00:00,28.900137,55701,41,0202aae00122d995005a5811460e29efbf1ffffffc2246cd1e00000fc0007ebfe9ed0737feebfff600,1,TX 41 seq=22793 rx_latency=1ms tx_dur=1ms,14.607,
2734,10,291,2866807075,2026-07-14T15:38:28.217712+00:00,29.000134,55801,41,0202aae00123d9f9005a5811460e29efbf1ffffffc2246cd1e00000fc0007ebfe9ed0737feebfff600,1,TX 41 seq=22794 rx_latency=1ms tx_dur=1ms,16.989,
2734,10,292,2866807076,2026-07-14T15:38:28.317716+00:00,29.100142,55901,41,0202aae00124da5d005a5811460e29efbf1ffffffc2246cd1e00000fc0007ebfe9ed0737feebfff600,1,TX 41 seq=22795 rx_latency=1ms tx_dur=1ms,19.387,
2734,10,293,2866807077,2026-07-14T15:38:28.417715+00:00,29.200140,56001,41,0202aae00125dac1005a5811460e29efbf1ffffffc2246cd1e00000fc0007ebfe9ed0737feebfff600,1,TX 41 seq=22796 rx_latency=1ms tx_dur=1ms,21.147,
2734,10,294,2866807078,2026-07-14T15:38:28.517713+00:00,29.300136,56101,41,0202aae00126db25005a5811460e29efbf1ffffffc2246cd1e00000fc0007ebfe9ed0737feebfff600,1,TX 41 seq=22797 rx_latency=1ms tx_dur=1ms,22.851,
2734,10,295,2866807079,2026-07-14T15:38:28.617707+00:00,29.400126,56201,41,0202aae00127db89005a5811460e29efbf1ffffffc2246cd1e00000fc0007ebfe9ed0737feebfff600,1,TX 41 seq=22798 rx_latency=1ms tx_dur=1ms,14.833,
2734,10,296,2866807080,2026-07-14T15:38:28.717713+00:00,29.500136,56301,41,0202aae00128dbed005a5811460e29efbf1ffffffc2246cd1e00000fc0007ebfe9ed0737feebfff600,1,TX 41 seq=22799 rx_latency=1ms tx_dur=1ms,17.554,
2734,10,297,2866807081,2026-07-14T15:38:28.817722+00:00,29.600163,56401,41,0202aae00129dc51005a5811460e29efbf1ffffffc2246cd1e00000fc0007ebfe9ed0737feebfff600,1,TX 41 seq=22800 rx_latency=1ms tx_dur=1ms,19.080,
2734,10,298,2866807082,2026-07-14T15:38:28.917715+00:00,29.700145,56501,41,0202aae0012adcb5005a5811460e29efbf1ffffffc2246cd1e00000fc0007ebfe9ed0737feebfff600,1,TX 41 seq=22801 rx_latency=1ms tx_dur=1ms,21.484,
2734,10,299,2866807083,2026-07-14T15:38:29.017641+00:00,29.800061,56601,41,0202aae0012bdd19005a5811460e29efbf1ffffffc2246cd1e00000fc0007ebfe9ed0737feebfff600,1,TX 41 seq=22802 rx_latency=1ms tx_dur=1ms,23.393,
2734,10,300,2866807084,2026-07-14T15:38:29.117713+00:00,29.900137,56701,41,0202aae0012cdd7d005a5811460e29efbf1ffffffc2246cd1e00000fc0007ebfe9ed0737feebfff600,1,TX 41 seq=22803 rx_latency=1ms tx_dur=1ms,14.749,
2734,10,301,2866807085,2026-07-14T15:38:29.217717+00:00,30.000154,56801,41,0202aae0012ddde1005a5811460e29efbf1ffffffc2246cd1e00000fc0007ebfe9ed0737feebfff600,1,TX 41 seq=22804 rx_latency=1ms tx_dur=1ms,17.043,
2734,10,302,2866807086,2026-07-14T15:38:29.317717+00:00,30.100149,56901,41,0202aae0012ede45005a5811460e29efbf1ffffffc2246cd1e00000fc0007ebfe9ed0737feebfff600,1,TX 41 seq=22805 rx_latency=1ms tx_dur=1ms,18.930,
2734,10,303,2866807087,2026-07-14T15:38:29.417712+00:00,30.200143,57001,41,0202aae0012fdea9005a5811460e29efbf1ffffffc2246cd1e00000fc0007ebfe9ed0737feebfff600,1,TX 41 seq=22806 rx_latency=1ms tx_dur=1ms,21.415,
2734,10,304,2866807088,2026-07-14T15:38:29.517719+00:00,30.300154,57101,41,0202aae00130df0d005a5811460e29efbf1ffffffc2246cd1e00000fc0007ebfe9ed0737feebfff600,1,TX 41 seq=22807 rx_latency=1ms tx_dur=1ms,22.641,
2734,10,305,2866807089,2026-07-14T15:38:29.617708+00:00,30.400130,57201,41,0202aae00131df71005a5811460e29efbf1ffffffc2246cd1e00000fc0007ebfe9ed0737feebfff600,1,TX 41 seq=22808 rx_latency=1ms tx_dur=1ms,15.730,
2734,10,306,2866807090,2026-07-14T15:38:29.717719+00:00,30.500152,57301,41,0202aae00132dfd5005a5811460e29efbf1ffffffc2246cd1e00000fc0007ebfe9ed0737feebfff600,1,TX 41 seq=22809 rx_latency=1ms tx_dur=1ms,16.997,
2734,10,307,2866807091,2026-07-14T15:38:29.817713+00:00,30.600138,57401,41,0202aae00133e039005a5811460e29efbf1ffffffc2246cd1e00000fc0007ebfe9ed0737feebfff600,1,TX 41 seq=22810 rx_latency=1ms tx_dur=1ms,19.433,
2734,10,308,2866807092,2026-07-14T15:38:29.917716+00:00,30.700148,57501,41,0202aae00134e09d005a5811460e29efbf1ffffffc2246cd1e00000fc0007ebfe9ed0737feebfff600,1,TX 41 seq=22811 rx_latency=1ms tx_dur=1ms,21.201,
2734,10,309,2866807093,2026-07-14T15:38:30.017716+00:00,30.800143,57601,41,0202aae00135e101005a5811460e29efbf1ffffffc2246cd1e00000fc0007ebfe9ed0737feebfff600,1,TX 41 seq=22812 rx_latency=1ms tx_dur=1ms,23.604,
2734,10,310,2866807094,2026-07-14T15:38:30.117706+00:00,30.900126,57701,41,0202aae00136e165005a5811460e29efbf1ffffffc2246cd1e00000fc0007ebfe9ed0737feebfff600,1,TX 41 seq=22813 rx_latency=1ms tx_dur=1ms,16.442,
2734,10,311,2866807095,2026-07-14T15:38:30.217636+00:00,31.000063,57801,41,0202aae00137e1c9005a5811460e29efbf1ffffffc2246cd1e00000fc0007ebfe9ed0737feebfff600,1,TX 41 seq=22814 rx_latency=1ms tx_dur=1ms,16.919,
2734,10,312,2866807096,2026-07-14T15:38:30.317712+00:00,31.100137,57901,41,0202aae00138e22d005a5811460e29efbf1ffffffc2246cd1e00000fc0007ebfe9ed0737feebfff600,1,TX 41 seq=22815 rx_latency=1ms tx_dur=1ms,19.232,
2734,10,313,2866807097,2026-07-14T15:38:30.417714+00:00,31.200139,58001,41,0202aae00139e291005a5811460e29efbf1ffffffc2246cd1e00000fc0007ebfe9ed0737feebfff600,1,TX 41 seq=22816 rx_latency=1ms tx_dur=1ms,21.622,
2734,10,314,2866807098,2026-07-14T15:38:30.517709+00:00,31.300130,58101,41,0202aae0013ae2f5005a5811460e29efbf1ffffffc2246cd1e00000fc0007ebfe9ed0737feebfff600,1,TX 41 seq=22817 rx_latency=1ms tx_dur=1ms,23.327,
2734,10,315,2866807099,2026-07-14T15:38:30.617714+00:00,31.400138,58201,41,0202aae0013be359005a5811460e29efbf1ffffffc2246cd1e00000fc0007ebfe9ed0737feebfff600,1,TX 41 seq=22818 rx_latency=1ms tx_dur=1ms,15.131,
2734,10,316,2866807100,2026-07-14T15:38:30.717713+00:00,31.500138,58301,41,0202aae0013ce3bd005a5811460e29efbf1ffffffc2246cd1e00000fc0007ebfe9ed0737feebfff600,1,TX 41 seq=22819 rx_latency=1ms tx_dur=1ms,17.061,
2734,10,317,2866807101,2026-07-14T15:38:30.817712+00:00,31.600134,58401,41,0202aae0013de421005a5811460e29efbf1ffffffc2246cd1e00000fc0007ebfe9ed0737feebfff600,1,TX 41 seq=22820 rx_latency=1ms tx_dur=1ms,19.039,
2734,10,318,2866807102,2026-07-14T15:38:30.917723+00:00,31.700166,58501,41,0202aae0013ee485005a5811460e29efbf1ffffffc2246cd1e00000fc0007ebfe9ed0737feebfff600,1,TX 41 seq=22821 rx_latency=1ms tx_dur=1ms,21.434,
2734,10,319,2866807103,2026-07-14T15:38:31.017716+00:00,31.800143,58601,41,0202aae0013fe4e9005a5811460e29efbf1ffffffc2246cd1e00000fc0007ebfe9ed0737feebfff600,1,TX 41 seq=22822 rx_latency=1ms tx_dur=1ms,22.749,
2734,10,320,2866807104,2026-07-14T15:38:31.117714+00:00,31.900138,58701,41,0202aae00140e54d005a5811460e29efbf1ffffffc2246cd1e00000fc0007ebfe9ed0737feebfff600,1,TX 41 seq=22823 rx_latency=1ms tx_dur=1ms,14.636,
2734,10,321,2866807105,2026-07-14T15:38:31.217713+00:00,32.000137,58801,41,0202aae00141e5b1005a5811460e29efbf1ffffffc2246cd1e00000fc0007ebfe9ed0737feebfff600,1,TX 41 seq=22824 rx_latency=1ms tx_dur=1ms,17.015,
2734,10,322,2866807106,2026-07-14T15:38:31.317730+00:00,32.100181,58901,41,0202aae00142e615005a5811460e29efbf1ffffffc2246cd1e00000fc0007ebfe9ed0737feebfff600,1,TX 41 seq=22825 rx_latency=1ms tx_dur=1ms,19.305,
2734,10,323,2866807107,2026-07-14T15:38:31.417714+00:00,32.200143,59001,41,0202aae00143e679005a5811460e29efbf1ffffffc2246cd1e00000fc0007ebfe9ed0737feebfff600,1,TX 41 seq=22826 rx_latency=1ms tx_dur=1ms,21.079,
2734,10,324,2866807108,2026-07-14T15:38:31.517715+00:00,32.300143,59101,41,0202aae00144e6dd005a5811460e29efbf1ffffffc2246cd1e00000fc0007ebfe9ed0737feebfff600,1,TX 41 seq=22827 rx_latency=1ms tx_dur=1ms,22.858,
2734,10,325,2866807109,2026-07-14T15:38:31.617714+00:00,32.400140,59201,41,0202aae00145e741005a5811460e29efbf1ffffffc2246cd1e00000fc0007ebfe9ed0737feebfff600,1,TX 41 seq=22828 rx_latency=1ms tx_dur=1ms,14.846,
2734,10,326,2866807110,2026-07-14T15:38:31.717725+00:00,32.500172,59301,41,0202aae00146e7a5005a5811460e29efbf1ffffffc2246cd1e00000fc0007ebfe9ed0737feebfff600,1,TX 41 seq=22829 rx_latency=1ms tx_dur=1ms,17.183,
2734,10,327,2866807111,2026-07-14T15:38:31.817717+00:00,32.600145,59401,41,0202aae00147e809005a5811460e29efbf1ffffffc2246cd1e00000fc0007ebfe9ed0737feebfff600,1,TX 41 seq=22830 rx_latency=1ms tx_dur=1ms,18.972,
2734,10,328,2866807112,2026-07-14T15:38:31.917724+00:00,32.700164,59501,41,0202aae00148e86d005a5811460e29efbf1ffffffc2246cd1e00000fc0007ebfe9ed0737feebfff600,1,TX 41 seq=22831 rx_latency=1ms tx_dur=1ms,20.647,
2734,10,329,2866807113,2026-07-14T15:38:32.017722+00:00,32.800150,59601,41,0202aae00149e8d1005a5811460e29efbf1ffffffc2246cd1e00000fc0007ebfe9ed0737feebfff600,1,TX 41 seq=22832 rx_latency=1ms tx_dur=1ms,23.599,
2734,10,330,2866807114,2026-07-14T15:38:32.117714+00:00,32.900135,59701,41,0202aae0014ae935005a5811460e29efbf1ffffffc2246cd1e00000fc0007ebfe9ed0737feebfff600,1,TX 41 seq=22833 rx_latency=1ms tx_dur=1ms,15.697,
2734,10,331,2866807115,2026-07-14T15:38:32.217725+00:00,33.000153,59801,41,0202aae0014be999005a5811460e29efbf1ffffffc2246cd1e00000fc0007ebfe9ed0737feebfff600,1,TX 41 seq=22834 rx_latency=1ms tx_dur=1ms,16.975,
2734,10,332,2866807116,2026-07-14T15:38:32.317712+00:00,33.100137,59901,41,0202aae0014ce9fd005a5811460e29efbf1ffffffc2246cd1e00000fc0007ebfe9ed0737feebfff600,1,TX 41 seq=22835 rx_latency=1ms tx_dur=1ms,19.374,
2734,10,333,2866807117,2026-07-14T15:38:32.417665+00:00,33.200093,60001,41,0202aae0014dea61005a5811460e29efbf1ffffffc2246cd1e00000fc0007ebfe9ed0737feebfff600,1,TX 41 seq=22836 rx_latency=1ms tx_dur=1ms,21.238,
2734,10,334,2866807118,2026-07-14T15:38:32.517712+00:00,33.300135,60101,41,0202aae0014eeac5005a5811460e29efbf1ffffffc2246cd1e00000fc0007ebfe9ed0737feebfff600,1,TX 41 seq=22837 rx_latency=1ms tx_dur=1ms,23.583,
2734,10,335,2866807119,2026-07-14T15:38:32.617712+00:00,33.400136,60201,41,0202aae0014feb29005a5811460e29efbf1ffffffc2246cd1e00000fc0007ebfe9ed0737feebfff600,1,TX 41 seq=22838 rx_latency=1ms tx_dur=1ms,14.858,
2734,10,336,2866807120,2026-07-14T15:38:32.717707+00:00,33.500126,60301,41,0202aae00150eb8d005a5811460e29efbf1ffffffc2246cd1e00000fc0007ebfe9ed0737feebfff600,1,TX 41 seq=22839 rx_latency=1ms tx_dur=1ms,16.725,
2734,10,337,2866807121,2026-07-14T15:38:32.817711+00:00,33.600135,60401,41,0202aae00151ebf1005a5811460e29efbf1ffffffc2246cd1e00000fc0007ebfe9ed0737feebfff600,1,TX 41 seq=22840 rx_latency=1ms tx_dur=1ms,19.485,
2734,10,338,2866807122,2026-07-14T15:38:32.917715+00:00,33.700153,60501,41,0202aae00152ec55005a5811460e29efbf1ffffffc2246cd1e00000fc0007ebfe9ed0737feebfff600,1,TX 41 seq=22841 rx_latency=1ms tx_dur=1ms,21.307,
2734,10,339,2866807123,2026-07-14T15:38:33.017709+00:00,33.800134,60601,41,0202aae00153ecb9005a5811460e29efbf1ffffffc2246cd1e00000fc0007ebfe9ed0737feebfff600,1,TX 41 seq=22842 rx_latency=1ms tx_dur=1ms,23.439,
2734,10,340,2866807124,2026-07-14T15:38:33.117712+00:00,33.900139,60701,41,0202aae00154ed1d005a5811460e29efbf1ffffffc2246cd1e00000fc0007ebfe9ed0737feebfff600,1,TX 41 seq=22843 rx_latency=1ms tx_dur=1ms,14.766,
2734,10,341,2866807125,2026-07-14T15:38:33.217712+00:00,34.000135,60801,41,0202aae00155ed81005a5811460e29efbf1ffffffc2246cd1e00000fc0007ebfe9ed0737feebfff600,1,TX 41 seq=22844 rx_latency=1ms tx_dur=1ms,17.176,
2734,10,342,2866807126,2026-07-14T15:38:33.317668+00:00,34.100091,60901,41,0202aae00156ede5005a5811460e29efbf1ffffffc2246cd1e00000fc0007ebfe9ed0737feebfff600,1,TX 41 seq=22845 rx_latency=1ms tx_dur=1ms,19.041,
2734,10,343,2866807127,2026-07-14T15:38:33.417709+00:00,34.200135,61001,41,0202aae00157ee49005a5811460e29efbf1ffffffc2246cd1e00000fc0007ebfe9ed0737feebfff600,1,TX 41 seq=22846 rx_latency=1ms tx_dur=1ms,21.400,
2734,10,344,2866807128,2026-07-14T15:38:33.517709+00:00,34.300131,61101,41,0202aae00158eead005a5811460e29efbf1ffffffc2246cd1e00000fc0007ebfe9ed0737feebfff600,1,TX 41 seq=22847 rx_latency=1ms tx_dur=1ms,22.721,
2734,10,345,2866807129,2026-07-14T15:38:33.617713+00:00,34.400136,61201,41,0202aae00159ef11005a5811460e29efbf1ffffffc2246cd1e00000fc0007ebfe9ed0737feebfff600,1,TX 41 seq=22848 rx_latency=1ms tx_dur=1ms,15.516,
2734,10,346,2866807130,2026-07-14T15:38:33.717707+00:00,34.500125,61301,41,0202aae0015aef75005a5811460e29efbf1ffffffc2246cd1e00000fc0007ebfe9ed0737feebfff600,1,TX 41 seq=22849 rx_latency=1ms tx_dur=1ms,17.314,
2734,10,347,2866807131,2026-07-14T15:38:33.817669+00:00,34.600107,61401,41,0202aae0015befd9005a5811460e29efbf1ffffffc2246cd1e00000fc0007ebfe9ed0737feebfff600,1,TX 41 seq=22850 rx_latency=1ms tx_dur=1ms,19.201,
2734,10,348,2866807132,2026-07-14T15:38:33.917714+00:00,34.700141,61501,41,0202aae0015cf03d005a5811460e29efbf1ffffffc2246cd1e00000fc0007ebfe9ed0737feebfff600,1,TX 41 seq=22851 rx_latency=1ms tx_dur=1ms,21.646,
2734,10,349,2866807133,2026-07-14T15:38:34.017707+00:00,34.800132,61601,41,0202aae0015df0a1005a5811460e29efbf1ffffffc2246cd1e00000fc0007ebfe9ed0737feebfff600,1,TX 41 seq=22852 rx_latency=1ms tx_dur=1ms,23.335,
2734,10,350,2866807134,2026-07-14T15:38:34.117712+00:00,34.900138,61701,41,0202aae0015ef105005a5811460e29efbf1ffffffc2246cd1e00000fc0007ebfe9ed0737feebfff600,1,TX 41 seq=22853 rx_latency=1ms tx_dur=1ms,15.083,
2734,10,351,2866807135,2026-07-14T15:38:34.217713+00:00,35.000150,61801,41,0202aae0015ff169005a5811460e29efbf1ffffffc2246cd1e00000fc0007ebfe9ed0737feebfff600,1,TX 41 seq=22854 rx_latency=1ms tx_dur=1ms,16.959,
2734,10,352,2866807136,2026-07-14T15:38:34.317716+00:00,35.100148,61901,41,0202aae00160f1cd005a5811460e29efbf1ffffffc2246cd1e00000fc0007ebfe9ed0737feebfff600,1,TX 41 seq=22855 rx_latency=1ms tx_dur=1ms,19.400,
2734,10,353,2866807137,2026-07-14T15:38:34.417705+00:00,35.200127,62001,41,0202aae00161f231005a5811460e29efbf1ffffffc2246cd1e00000fc0007ebfe9ed0737feebfff600,1,TX 41 seq=22856 rx_latency=1ms tx_dur=1ms,21.148,
2734,10,354,2866807138,2026-07-14T15:38:34.517713+00:00,35.300141,62101,41,0202aae00162f295005a5811460e29efbf1ffffffc2246cd1e00000fc0007ebfe9ed0737feebfff600,1,TX 41 seq=22857 rx_latency=1ms tx_dur=1ms,22.916,
2734,10,355,2866807139,2026-07-14T15:38:34.617713+00:00,35.400137,62201,41,0202aae00163f2f9005a5811460e29efbf1ffffffc2246cd1e00000fc0007ebfe9ed0737feebfff600,1,TX 41 seq=22858 rx_latency=1ms tx_dur=1ms,14.871,
2734,10,356,2866807140,2026-07-14T15:38:34.717708+00:00,35.500131,62301,41,0202aae00164f35d005a5811460e29efbf1ffffffc2246cd1e00000fc0007ebfe9ed0737feebfff600,1,TX 41 seq=22859 rx_latency=1ms tx_dur=1ms,16.731,
2734,10,357,2866807141,2026-07-14T15:38:34.817721+00:00,35.600162,62401,41,0202aae00165f3c1005a5811460e29efbf1ffffffc2246cd1e00000fc0007ebfe9ed0737feebfff600,1,TX 41 seq=22860 rx_latency=1ms tx_dur=1ms,19.125,
2734,10,358,2866807142,2026-07-14T15:38:34.917714+00:00,35.700144,62501,41,0202aae00166f425005a5811460e29efbf1ffffffc2246cd1e00000fc0007ebfe9ed0737feebfff600,1,TX 41 seq=22861 rx_latency=1ms tx_dur=1ms,21.551,
2734,10,359,2866807143,2026-07-14T15:38:35.017708+00:00,35.800133,62601,41,0202aae00167f489005a5811460e29efbf1ffffffc2246cd1e00000fc0007ebfe9ed0737feebfff600,1,TX 41 seq=22862 rx_latency=1ms tx_dur=1ms,23.381,
2734,10,360,2866807144,2026-07-14T15:38:35.117713+00:00,35.900142,62701,41,0202aae00168f4ed005a5811460e29efbf1ffffffc2246cd1e00000fc0007ebfe9ed0737feebfff600,1,TX 41 seq=22863 rx_latency=1ms tx_dur=1ms,14.781,
2734,10,361,2866807145,2026-07-14T15:38:35.217716+00:00,36.000156,62801,41,0202aae00169f551005a5811460e29efbf1ffffffc2246cd1e00000fc0007ebfe9ed0737feebfff600,1,TX 41 seq=22864 rx_latency=1ms tx_dur=1ms,17.124,
2734,10,362,2866807146,2026-07-14T15:38:35.317709+00:00,36.100135,62901,41,0202aae0016af5b5005a5811460e29efbf1ffffffc2246cd1e00000fc0007ebfe9ed0737feebfff600,1,TX 41 seq=22865 rx_latency=1ms tx_dur=1ms,19.001,
2734,10,363,2866807147,2026-07-14T15:38:35.417714+00:00,36.200143,63001,41,0202aae0016bf619005a5811460e29efbf1ffffffc2246cd1e00000fc0007ebfe9ed0737feebfff600,1,TX 41 seq=22866 rx_latency=1ms tx_dur=1ms,21.353,
2734,10,364,2866807148,2026-07-14T15:38:35.517707+00:00,36.300130,63101,41,0202aae0016cf67d005a5811460e29efbf1ffffffc2246cd1e00000fc0007ebfe9ed0737feebfff600,1,TX 41 seq=22867 rx_latency=1ms tx_dur=1ms,23.319,
2734,10,365,2866807149,2026-07-14T15:38:35.617727+00:00,36.400171,63201,41,0202aae0016df6e1005a5811460e29efbf1ffffffc2246cd1e00000fc0007ebfe9ed0737feebfff600,1,TX 41 seq=22868 rx_latency=1ms tx_dur=1ms,14.646,
2734,10,366,2866807150,2026-07-14T15:38:35.717714+00:00,36.500145,63301,41,0202aae0016ef745005a5811460e29efbf1ffffffc2246cd1e00000fc0007ebfe9ed0737feebfff600,1,TX 41 seq=22869 rx_latency=1ms tx_dur=1ms,17.056,
2734,10,367,2866807151,2026-07-14T15:38:35.817714+00:00,36.600143,63401,41,0202aae0016ff7a9005a5811460e29efbf1ffffffc2246cd1e00000fc0007ebfe9ed0737feebfff600,1,TX 41 seq=22870 rx_latency=1ms tx_dur=1ms,18.924,
2734,10,368,2866807152,2026-07-14T15:38:35.917714+00:00,36.700139,63501,41,0202aae00170f80d005a5811460e29efbf1ffffffc2246cd1e00000fc0007ebfe9ed0737feebfff600,1,TX 41 seq=22871 rx_latency=1ms tx_dur=1ms,21.417,
2734,10,369,2866807153,2026-07-14T15:38:36.017712+00:00,36.800137,63601,41,0202aae00171f871005a5811460e29efbf1ffffffc2246cd1e00000fc0007ebfe9ed0737feebfff600,1,TX 41 seq=22872 rx_latency=1ms tx_dur=1ms,22.676,
2734,10,370,2866807154,2026-07-14T15:38:36.117706+00:00,36.900128,63701,41,0202aae00172f8d5005a5811460e29efbf1ffffffc2246cd1e00000fc0007ebfe9ed0737feebfff600,1,TX 41 seq=22873 rx_latency=1ms tx_dur=1ms,15.703,
2734,10,371,2866807155,2026-07-14T15:38:36.217717+00:00,37.000148,63801,41,0202aae00173f939005a5811460e29efbf1ffffffc2246cd1e00000fc0007ebfe9ed0737feebfff600,1,TX 41 seq=22874 rx_latency=1ms tx_dur=1ms,16.993,
2734,10,372,2866807156,2026-07-14T15:38:36.317713+00:00,37.100140,63901,41,0202aae00174f99d005a5811460e29efbf1ffffffc2246cd1e00000fc0007ebfe9ed0737feebfff600,1,TX 41 seq=22875 rx_latency=1ms tx_dur=1ms,19.394,
2734,10,373,2866807157,2026-07-14T15:38:36.417714+00:00,37.200151,64001,41,0202aae00175fa01005a5811460e29efbf1ffffffc2246cd1e00000fc0007ebfe9ed0737feebfff600,1,TX 41 seq=22876 rx_latency=1ms tx_dur=1ms,21.182,
2734,10,374,2866807158,2026-07-14T15:38:36.517716+00:00,37.300147,64101,41,0202aae00176fa65005a5811460e29efbf1ffffffc2246cd1e00000fc0007ebfe9ed0737feebfff600,1,TX 41 seq=22877 rx_latency=1ms tx_dur=1ms,23.586,
2734,10,375,2866807159,2026-07-14T15:38:36.617714+00:00,37.400151,64201,41,0202aae00177fac9005a5811460e29efbf1ffffffc2246cd1e00000fc0007ebfe9ed0737feebfff600,1,TX 41 seq=22878 rx_latency=1ms tx_dur=1ms,14.948,
2734,10,376,2866807160,2026-07-14T15:38:36.717716+00:00,37.500148,64301,41,0202aae00178fb2d005a5811460e29efbf1ffffffc2246cd1e00000fc0007ebfe9ed0737feebfff600,1,TX 41 seq=22879 rx_latency=1ms tx_dur=1ms,16.646,
2734,10,377,2866807161,2026-07-14T15:38:36.817713+00:00,37.600139,64401,41,0202aae00179fb91005a5811460e29efbf1ffffffc2246cd1e00000fc0007ebfe9ed0737feebfff600,1,TX 41 seq=22880 rx_latency=1ms tx_dur=1ms,19.496,
2734,10,378,2866807162,2026-07-14T15:38:36.917715+00:00,37.700142,64501,41,0202aae0017afbf5005a5811460e29efbf1ffffffc2246cd1e00000fc0007ebfe9ed0737feebfff600,1,TX 41 seq=22881 rx_latency=1ms tx_dur=1ms,21.429,
2734,10,379,2866807163,2026-07-14T15:38:37.017709+00:00,37.800132,64601,41,0202aae0017bfc59005a5811460e29efbf1ffffffc2246cd1e00000fc0007ebfe9ed0737feebfff600,1,TX 41 seq=22882 rx_latency=1ms tx_dur=1ms,23.051,
2734,10,380,2866807164,2026-07-14T15:38:37.117718+00:00,37.900149,64701,41,0202aae0017cfcbd005a5811460e29efbf1ffffffc2246cd1e00000fc0007ebfe9ed0737feebfff600,1,TX 41 seq=22883 rx_latency=1ms tx_dur=1ms,14.684,
2734,10,381,2866807165,2026-07-14T15:38:37.217729+00:00,38.000183,64801,41,0202aae0017dfd21005a5811460e29efbf1ffffffc2246cd1e00000fc0007ebfe9ed0737feebfff600,1,TX 41 seq=22884 rx_latency=1ms tx_dur=1ms,17.039,
2734,10,382,2866807166,2026-07-14T15:38:37.317716+00:00,38.100147,64901,41,0202aae0017efd85005a5811460e29efbf1ffffffc2246cd1e00000fc0007ebfe9ed0737feebfff600,1,TX 41 seq=22885 rx_latency=1ms tx_dur=1ms,19.508,
2734,10,383,2866807167,2026-07-14T15:38:37.417648+00:00,38.200084,65001,41,0202aae0017ffde9005a5811460e29efbf1ffffffc2246cd1e00000fc0007ebfe9ed0737feebfff600,1,TX 41 seq=22886 rx_latency=1ms tx_dur=1ms,21.377,
2734,10,384,2866807168,2026-07-14T15:38:37.517717+00:00,38.300149,65101,41,0202aae00180fe4d005a5811460e29efbf1ffffffc2246cd1e00000fc0007ebfe9ed0737feebfff600,1,TX 41 seq=22887 rx_latency=1ms tx_dur=1ms,22.608,
2734,10,385,2866807169,2026-07-14T15:38:37.617707+00:00,38.400128,65201,41,0202aae00181feb1005a5811460e29efbf1ffffffc2246cd1e00000fc0007ebfe9ed0737feebfff600,1,TX 41 seq=22888 rx_latency=1ms tx_dur=1ms,15.777,
2734,10,386,2866807170,2026-07-14T15:38:37.717730+00:00,38.500186,65301,41,0202aae00182ff15005a5811460e29efbf1ffffffc2246cd1e00000fc0007ebfe9ed0737feebfff600,1,TX 41 seq=22889 rx_latency=1ms tx_dur=1ms,16.991,
2734,10,387,2866807171,2026-07-14T15:38:37.817676+00:00,38.600105,65401,41,0202aae00183ff79005a5811460e29efbf1ffffffc2246cd1e00000fc0007ebfe9ed0737feebfff600,1,TX 41 seq=22890 rx_latency=1ms tx_dur=1ms,19.502,
2734,10,388,2866807172,2026-07-14T15:38:37.917709+00:00,38.700134,65501,41,0202aae00184ffdd005a5811460e29efbf1ffffffc2246cd1e00000fc0007ebfe9ed0737feebfff600,1,TX 41 seq=22891 rx_latency=1ms tx_dur=1ms,21.291,
2734,10,389,2866807173,2026-07-14T15:38:38.017713+00:00,38.800140,65,41,0202aae001850041005a5811460e29efbf1ffffffc2246cd1e00000fc0007ebfe9ed0737feebfff600,1,TX 41 seq=22892 rx_latency=1ms tx_dur=1ms,23.667,
2734,10,390,2866807174,2026-07-14T15:38:38.117707+00:00,38.900130,165,41,0202aae0018600a5005a5811460e29efbf1ffffffc2246cd1e00000fc0007ebfe9ed0737feebfff600,1,TX 41 seq=22893 rx_latency=1ms tx_dur=1ms,16.476,
2734,10,391,2866807175,2026-07-14T15:38:38.217715+00:00,39.000142,265,41,0202aae001870109005a5811460e29efbf1ffffffc2246cd1e00000fc0007ebfe9ed0737feebfff600,1,TX 41 seq=22894 rx_latency=1ms tx_dur=1ms,16.906,
2734,10,392,2866807176,2026-07-14T15:38:38.317713+00:00,39.100136,365,41,0202aae00188016d005a5811460e29efbf1ffffffc2246cd1e00000fc0007ebfe9ed0737feebfff600,1,TX 41 seq=22895 rx_latency=1ms tx_dur=1ms,19.301,
2734,10,393,2866807177,2026-07-14T15:38:38.417710+00:00,39.200133,465,41,0202aae0018901d1005a5811460e29efbf1ffffffc2246cd1e00000fc0007ebfe9ed0737feebfff600,1,TX 41 seq=22896 rx_latency=1ms tx_dur=1ms,21.138,
2734,10,394,2866807178,2026-07-14T15:38:38.517717+00:00,39.300152,565,41,0202aae0018a0235005a5811460e29efbf1ffffffc2246cd1e00000fc0007ebfe9ed0737feebfff600,1,TX 41 seq=22897 rx_latency=1ms tx_dur=1ms,23.543,
2734,10,395,2866807179,2026-07-14T15:38:38.617713+00:00,39.400139,665,41,0202aae0018b0299005a5811460e29efbf1ffffffc2246cd1e00000fc0007ebfe9ed0737feebfff600,1,TX 41 seq=22898 rx_latency=1ms tx_dur=1ms,14.920,
2734,10,396,2866807180,2026-07-14T15:38:38.717712+00:00,39.500135,765,41,0202aae0018c02fd005a5811460e29efbf1ffffffc2246cd1e00000fc0007ebfe9ed0737feebfff600,1,TX 41 seq=22899 rx_latency=1ms tx_dur=1ms,16.742,
2734,10,397,2866807181,2026-07-14T15:38:38.817712+00:00,39.600135,865,41,0202aae0018d0361005a5811460e29efbf1ffffffc2246cd1e00000fc0007ebfe9ed0737feebfff600,1,TX 41 seq=22900 rx_latency=1ms tx_dur=1ms,19.223,
2734,10,398,2866807182,2026-07-14T15:38:38.917711+00:00,39.700133,965,41,0202aae0018e03c5005a5811460e29efbf1ffffffc2246cd1e00000fc0007ebfe9ed0737feebfff600,1,TX 41 seq=22901 rx_latency=1ms tx_dur=1ms,21.603,
2734,10,399,2866807183,2026-07-14T15:38:39.017714+00:00,39.800140,1065,41,0202aae0018f0429005a5811460e29efbf1ffffffc2246cd1e00000fc0007ebfe9ed0737feebfff600,1,TX 41 seq=22902 rx_latency=1ms tx_dur=1ms,23.414,
2734,10,400,2866807184,2026-07-14T15:38:39.117715+00:00,39.900143,1165,41,0202aae00190048d005a5811460e29efbf1ffffffc2246cd1e00000fc0007ebfe9ed0737feebfff600,1,TX 41 seq=22903 rx_latency=1ms tx_dur=1ms,14.806,
2734,10,401,2866807185,2026-07-14T15:38:39.217688+00:00,40.000123,1265,41,0202aae0019104f1005a5811460e29efbf1ffffffc2246cd1e00000fc0007ebfe9ed0737feebfff600,1,TX 41 seq=22904 rx_latency=1ms tx_dur=1ms,17.148,
2734,10,402,2866807186,2026-07-14T15:38:39.317714+00:00,40.100143,1365,41,0202aae001920555005a5811460e29efbf1ffffffc2246cd1e00000fc0007ebfe9ed0737feebfff600,1,TX 41 seq=22905 rx_latency=1ms tx_dur=1ms,19.015,
2734,10,403,2866807187,2026-07-14T15:38:39.417713+00:00,40.200139,1465,41,0202aae0019305b9005a5811460e29efbf1ffffffc2246cd1e00000fc0007ebfe9ed0737feebfff600,1,TX 41 seq=22906 rx_latency=1ms tx_dur=1ms,21.403,
2734,10,404,2866807188,2026-07-14T15:38:39.517715+00:00,40.300142,1565,41,0202aae00194061d005a5811460e29efbf1ffffffc2246cd1e00000fc0007ebfe9ed0737feebfff600,1,TX 41 seq=22907 rx_latency=1ms tx_dur=1ms,22.686,
2734,10,405,2866807189,2026-07-14T15:38:39.617708+00:00,40.400128,1665,41,0202aae001950681005a5811460e29efbf1ffffffc2246cd1e00000fc0007ebfe9ed0737feebfff600,1,TX 41 seq=22908 rx_latency=1ms tx_dur=1ms,15.586,
2734,10,406,2866807190,2026-07-14T15:38:39.717727+00:00,40.500175,1765,41,0202aae0019606e5005a5811460e29efbf1ffffffc2246cd1e00000fc0007ebfe9ed0737feebfff600,1,TX 41 seq=22909 rx_latency=1ms tx_dur=1ms,17.197,
2734,10,407,2866807191,2026-07-14T15:38:39.817673+00:00,40.600096,1865,41,0202aae001970749005a5811460e29efbf1ffffffc2246cd1e00000fc0007ebfe9ed0737feebfff600,1,TX 41 seq=22910 rx_latency=1ms tx_dur=1ms,19.234,
2734,10,408,2866807192,2026-07-14T15:38:39.917713+00:00,40.700139,1965,41,0202aae0019807ad005a5811460e29efbf1ffffffc2246cd1e00000fc0007ebfe9ed0737feebfff600,1,TX 41 seq=22911 rx_latency=1ms tx_dur=1ms,21.648,
2734,10,409,2866807193,2026-07-14T15:38:40.017672+00:00,40.800091,2065,41,0202aae001990811005a5811460e29efbf1ffffffc2246cd1e00000fc0007ebfe9ed0737feebfff600,1,TX 41 seq=22912 rx_latency=1ms tx_dur=1ms,23.374,
2734,10,410,2866807194,2026-07-14T15:38:40.117715+00:00,40.900142,2165,41,0202aae0019a0875005a5811460e29efbf1ffffffc2246cd1e00000fc0007ebfe9ed0737feebfff600,1,TX 41 seq=22913 rx_latency=1ms tx_dur=1ms,15.126,
2734,10,411,2866807195,2026-07-14T15:38:40.217711+00:00,41.000134,2265,41,0202aae0019b08d9005a5811460e29efbf1ffffffc2246cd1e00000fc0007ebfe9ed0737feebfff600,1,TX 41 seq=22914 rx_latency=1ms tx_dur=1ms,17.047,
2734,10,412,2866807196,2026-07-14T15:38:40.317714+00:00,41.100139,2365,41,0202aae0019c093d005a5811460e29efbf1ffffffc2246cd1e00000fc0007ebfe9ed0737feebfff600,1,TX 41 seq=22915 rx_latency=1ms tx_dur=1ms,19.480,
2734,10,413,2866807197,2026-07-14T15:38:40.417713+00:00,41.200136,2465,41,0202aae0019d09a1005a5811460e29efbf1ffffffc2246cd1e00000fc0007ebfe9ed0737feebfff600,1,TX 41 seq=22916 rx_latency=1ms tx_dur=1ms,21.208,
2734,10,414,2866807198,2026-07-14T15:38:40.517713+00:00,41.300136,2565,41,0202aae0019e0a05005a5811460e29efbf1ffffffc2246cd1e00000fc0007ebfe9ed0737feebfff600,1,TX 41 seq=22917 rx_latency=1ms tx_dur=1ms,22.942,
2734,10,415,2866807199,2026-07-14T15:38:40.617714+00:00,41.400136,2665,41,0202aae0019f0a69005a5811460e29efbf1ffffffc2246cd1e00000fc0007ebfe9ed0737feebfff600,1,TX 41 seq=22918 rx_latency=1ms tx_dur=1ms,14.945,
2734,10,416,2866807200,2026-07-14T15:38:40.717723+00:00,41.500168,2765,41,0202aae001a00acd005a5811460e29efbf1ffffffc2246cd1e00000fc0007ebfe9ed0737feebfff600,1,TX 41 seq=22919 rx_latency=1ms tx_dur=1ms,17.257,
2734,10,417,2866807201,2026-07-14T15:38:40.817696+00:00,41.600123,2865,41,0202aae001a10b31005a5811460e29efbf1ffffffc2246cd1e00000fc0007ebfe9ed0737feebfff600,1,TX 41 seq=22920 rx_latency=1ms tx_dur=1ms,19.036,
2734,10,418,2866807202,2026-07-14T15:38:40.917714+00:00,41.700140,2965,41,0202aae001a20b95005a5811460e29efbf1ffffffc2246cd1e00000fc0007ebfe9ed0737feebfff600,1,TX 41 seq=22921 rx_latency=1ms tx_dur=1ms,20.770,
2734,10,419,2866807203,2026-07-14T15:38:41.017705+00:00,41.800125,3065,41,0202aae001a30bf9005a5811460e29efbf1ffffffc2246cd1e00000fc0007ebfe9ed0737feebfff600,1,TX 41 seq=22922 rx_latency=1ms tx_dur=1ms,23.787,
2734,10,420,2866807204,2026-07-14T15:38:41.117713+00:00,41.900139,3165,41,0202aae001a40c5d005a5811460e29efbf1ffffffc2246cd1e00000fc0007ebfe9ed0737feebfff600,1,TX 41 seq=22923 rx_latency=1ms tx_dur=1ms,15.689,
2734,10,421,2866807205,2026-07-14T15:38:41.217715+00:00,42.000146,3265,41,0202aae001a50cc1005a5811460e29efbf1ffffffc2246cd1e00000fc0007ebfe9ed0737feebfff600,1,TX 41 seq=22924 rx_latency=1ms tx_dur=1ms,16.942,
2734,10,422,2866807206,2026-07-14T15:38:41.317723+00:00,42.100170,3365,41,0202aae001a60d25005a5811460e29efbf1ffffffc2246cd1e00000fc0007ebfe9ed0737feebfff600,1,TX 41 seq=22925 rx_latency=1ms tx_dur=1ms,19.280,
2734,10,423,2866807207,2026-07-14T15:38:41.417714+00:00,42.200145,3465,41,0202aae001a70d89005a5811460e29efbf1ffffffc2246cd1e00000fc0007ebfe9ed0737feebfff600,1,TX 41 seq=22926 rx_latency=1ms tx_dur=1ms,21.061,
2734,10,424,2866807208,2026-07-14T15:38:41.517709+00:00,42.300131,3565,41,0202aae001a80ded005a5811460e29efbf1ffffffc2246cd1e00000fc0007ebfe9ed0737feebfff600,1,TX 41 seq=22927 rx_latency=1ms tx_dur=1ms,22.772,
2734,10,425,2866807209,2026-07-14T15:38:41.617709+00:00,42.400135,3665,41,0202aae001a90e51005a5811460e29efbf1ffffffc2246cd1e00000fc0007ebfe9ed0737feebfff600,1,TX 41 seq=22928 rx_latency=1ms tx_dur=1ms,14.794,
2734,10,426,2866807210,2026-07-14T15:38:41.717713+00:00,42.500145,3765,41,0202aae001aa0eb5005a5811460e29efbf1ffffffc2246cd1e00000fc0007ebfe9ed0737feebfff600,1,TX 41 seq=22929 rx_latency=1ms tx_dur=1ms,17.179,
2734,10,427,2866807211,2026-07-14T15:38:41.817715+00:00,42.600143,3865,41,0202aae001ab0f19005a5811460e29efbf1ffffffc2246cd1e00000fc0007ebfe9ed0737feebfff600,1,TX 41 seq=22930 rx_latency=1ms tx_dur=1ms,18.911,
2734,10,428,2866807212,2026-07-14T15:38:41.917713+00:00,42.700137,3965,41,0202aae001ac0f7d005a5811460e29efbf1ffffffc2246cd1e00000fc0007ebfe9ed0737feebfff600,1,TX 41 seq=22931 rx_latency=1ms tx_dur=1ms,20.649,
2734,10,429,2866807213,2026-07-14T15:38:42.017713+00:00,42.800135,4065,41,0202aae001ad0fe1005a5811460e29efbf1ffffffc2246cd1e00000fc0007ebfe9ed0737feebfff600,1,TX 41 seq=22932 rx_latency=1ms tx_dur=1ms,23.712,
2734,10,430,2866807214,2026-07-14T15:38:42.117713+00:00,42.900135,4165,41,0202aae001ae1045005a5811460e29efbf1ffffffc2246cd1e00000fc0007ebfe9ed0737feebfff600,1,TX 41 seq=22933 rx_latency=1ms tx_dur=1ms,16.478,
2734,10,431,2866807215,2026-07-14T15:38:42.217715+00:00,43.000146,4265,41,0202aae001af10a9005a5811460e29efbf1ffffffc2246cd1e00000fc0007ebfe9ed0737feebfff600,1,TX 41 seq=22934 rx_latency=1ms tx_dur=1ms,16.920,
2734,10,432,2866807216,2026-07-14T15:38:42.317714+00:00,43.100139,4365,41,0202aae001b0110d005a5811460e29efbf1ffffffc2246cd1e00000fc0007ebfe9ed0737feebfff600,1,TX 41 seq=22935 rx_latency=1ms tx_dur=1ms,19.349,
2734,10,433,2866807217,2026-07-14T15:38:42.417706+00:00,43.200126,4465,41,0202aae001b11171005a5811460e29efbf1ffffffc2246cd1e00000fc0007ebfe9ed0737feebfff600,1,TX 41 seq=22936 rx_latency=1ms tx_dur=1ms,21.183,
2734,10,434,2866807218,2026-07-14T15:38:42.517715+00:00,43.300139,4565,41,0202aae001b211d5005a5811460e29efbf1ffffffc2246cd1e00000fc0007ebfe9ed0737feebfff600,1,TX 41 seq=22937 rx_latency=1ms tx_dur=1ms,23.650,
2734,10,435,2866807219,2026-07-14T15:38:42.617711+00:00,43.400139,4665,41,0202aae001b31239005a5811460e29efbf1ffffffc2246cd1e00000fc0007ebfe9ed0737feebfff600,1,TX 41 seq=22938 rx_latency=1ms tx_dur=1ms,14.890,
2734,10,436,2866807220,2026-07-14T15:38:42.717716+00:00,43.500146,4765,41,0202aae001b4129d005a5811460e29efbf1ffffffc2246cd1e00000fc0007ebfe9ed0737feebfff600,1,TX 41 seq=22939 rx_latency=1ms tx_dur=1ms,16.750,
2734,10,437,2866807221,2026-07-14T15:38:42.817712+00:00,43.600135,4865,41,0202aae001b51301005a5811460e29efbf1ffffffc2246cd1e00000fc0007ebfe9ed0737feebfff600,1,TX 41 seq=22940 rx_latency=1ms tx_dur=1ms,19.142,
2734,10,438,2866807222,2026-07-14T15:38:42.917712+00:00,43.700134,4965,41,0202aae001b61365005a5811460e29efbf1ffffffc2246cd1e00000fc0007ebfe9ed0737feebfff600,1,TX 41 seq=22941 rx_latency=1ms tx_dur=1ms,21.568,
2734,10,439,2866807223,2026-07-14T15:38:43.017713+00:00,43.800136,5065,41,0202aae001b713c9005a5811460e29efbf1ffffffc2246cd1e00000fc0007ebfe9ed0737feebfff600,1,TX 41 seq=22942 rx_latency=1ms tx_dur=1ms,23.280,
2734,10,440,2866807224,2026-07-14T15:38:43.117714+00:00,43.900139,5165,41,0202aae001b8142d005a5811460e29efbf1ffffffc2246cd1e00000fc0007ebfe9ed0737feebfff600,1,TX 41 seq=22943 rx_latency=1ms tx_dur=1ms,15.022,
2734,10,441,2866807225,2026-07-14T15:38:43.217669+00:00,44.000095,5265,41,0202aae001b91491005a5811460e29efbf1ffffffc2246cd1e00000fc0007ebfe9ed0737feebfff600,1,TX 41 seq=22944 rx_latency=1ms tx_dur=1ms,17.007,
2734,10,442,2866807226,2026-07-14T15:38:43.317708+00:00,44.100129,5365,41,0202aae001ba14f5005a5811460e29efbf1ffffffc2246cd1e00000fc0007ebfe9ed0737feebfff600,1,TX 41 seq=22945 rx_latency=1ms tx_dur=1ms,19.727,
2734,10,443,2866807227,2026-07-14T15:38:43.417714+00:00,44.200139,5465,41,0202aae001bb1559005a5811460e29efbf1ffffffc2246cd1e00000fc0007ebfe9ed0737feebfff600,1,TX 41 seq=22946 rx_latency=1ms tx_dur=1ms,21.280,
2734,10,444,2866807228,2026-07-14T15:38:43.517714+00:00,44.300137,5565,41,0202aae001bc15bd005a5811460e29efbf1ffffffc2246cd1e00000fc0007ebfe9ed0737feebfff600,1,TX 41 seq=22947 rx_latency=1ms tx_dur=1ms,23.647,
2734,10,445,2866807229,2026-07-14T15:38:43.617707+00:00,44.400128,5665,41,0202aae001bd1621005a5811460e29efbf1ffffffc2246cd1e00000fc0007ebfe9ed0737feebfff600,1,TX 41 seq=22948 rx_latency=1ms tx_dur=1ms,16.475,
2734,10,446,2866807230,2026-07-14T15:38:43.717732+00:00,44.500189,5765,41,0202aae001be1685005a5811460e29efbf1ffffffc2246cd1e00000fc0007ebfe9ed0737feebfff600,1,TX 41 seq=22949 rx_latency=1ms tx_dur=1ms,16.783,
2734,10,447,2866807231,2026-07-14T15:38:43.817715+00:00,44.600151,5865,41,0202aae001bf16e9005a5811460e29efbf1ffffffc2246cd1e00000fc0007ebfe9ed0737feebfff600,1,TX 41 seq=22950 rx_latency=1ms tx_dur=1ms,19.188,
2734,10,448,2866807232,2026-07-14T15:38:43.917718+00:00,44.700152,5965,41,0202aae001c0174d005a5811460e29efbf1ffffffc2246cd1e00000fc0007ebfe9ed0737feebfff600,1,TX 41 seq=22951 rx_latency=1ms tx_dur=1ms,21.632,
2734,10,449,2866807233,2026-07-14T15:38:44.017709+00:00,44.800132,6065,41,0202aae001c117b1005a5811460e29efbf1ffffffc2246cd1e00000fc0007ebfe9ed0737feebfff600,1,TX 41 seq=22952 rx_latency=1ms tx_dur=1ms,23.373,
2734,10,450,2866807234,2026-07-14T15:38:44.117714+00:00,44.900140,6165,41,0202aae001c21815005a5811460e29efbf1ffffffc2246cd1e00000fc0007ebfe9ed0737feebfff600,1,TX 41 seq=22953 rx_latency=1ms tx_dur=1ms,15.162,
2734,10,451,2866807235,2026-07-14T15:38:44.217715+00:00,45.000141,6265,41,0202aae001c31879005a5811460e29efbf1ffffffc2246cd1e00000fc0007ebfe9ed0737feebfff600,1,TX 41 seq=22954 rx_latency=1ms tx_dur=1ms,17.134,
2734,10,452,2866807236,2026-07-14T15:38:44.317710+00:00,45.100136,6365,41,0202aae001c418dd005a5811460e29efbf1ffffffc2246cd1e00000fc0007ebfe9ed0737feebfff600,1,TX 41 seq=22955 rx_latency=1ms tx_dur=1ms,18.971,
2734,10,453,2866807237,2026-07-14T15:38:44.417715+00:00,45.200140,6465,41,0202aae001c51941005a5811460e29efbf1ffffffc2246cd1e00000fc0007ebfe9ed0737feebfff600,1,TX 41 seq=22956 rx_latency=1ms tx_dur=1ms,21.418,
2734,10,454,2866807238,2026-07-14T15:38:44.517713+00:00,45.300136,6565,41,0202aae001c619a5005a5811460e29efbf1ffffffc2246cd1e00000fc0007ebfe9ed0737feebfff600,1,TX 41 seq=22957 rx_latency=1ms tx_dur=1ms,22.691,
2734,10,455,2866807239,2026-07-14T15:38:44.617688+00:00,45.400109,6665,41,0202aae001c71a09005a5811460e29efbf1ffffffc2246cd1e00000fc0007ebfe9ed0737feebfff600,1,TX 41 seq=22958 rx_latency=1ms tx_dur=1ms,15.715,
2734,10,456,2866807240,2026-07-14T15:38:44.717715+00:00,45.500143,6765,41,0202aae001c81a6d005a5811460e29efbf1ffffffc2246cd1e00000fc0007ebfe9ed0737feebfff600,1,TX 41 seq=22959 rx_latency=1ms tx_dur=1ms,17.017,
2734,10,457,2866807241,2026-07-14T15:38:44.817719+00:00,45.600156,6865,41,0202aae001c91ad1005a5811460e29efbf1ffffffc2246cd1e00000fc0007ebfe9ed0737feebfff600,1,TX 41 seq=22960 rx_latency=1ms tx_dur=1ms,19.358,
2734,10,458,2866807242,2026-07-14T15:38:44.917709+00:00,45.700131,6965,41,0202aae001ca1b35005a5811460e29efbf1ffffffc2246cd1e00000fc0007ebfe9ed0737feebfff600,1,TX 41 seq=22961 rx_latency=1ms tx_dur=1ms,21.240,
2734,10,459,2866807243,2026-07-14T15:38:45.017713+00:00,45.800138,7065,41,0202aae001cb1b99005a5811460e29efbf1ffffffc2246cd1e00000fc0007ebfe9ed0737feebfff600,1,TX 41 seq=22962 rx_latency=1ms tx_dur=1ms,23.607,
2734,10,460,2866807244,2026-07-14T15:38:45.117706+00:00,45.900125,7165,41,0202aae001cc1bfd005a5811460e29efbf1ffffffc2246cd1e00000fc0007ebfe9ed0737feebfff600,1,TX 41 seq=22963 rx_latency=1ms tx_dur=1ms,16.425,
2734,10,461,2866807245,2026-07-14T15:38:45.217714+00:00,46.000140,7265,41,0202aae001cd1c61005a5811460e29efbf1ffffffc2246cd1e00000fc0007ebfe9ed0737feebfff600,1,TX 41 seq=22964 rx_latency=1ms tx_dur=1ms,16.839,
2734,10,462,2866807246,2026-07-14T15:38:45.317715+00:00,46.100145,7365,41,0202aae001ce1cc5005a5811460e29efbf1ffffffc2246cd1e00000fc0007ebfe9ed0737feebfff600,1,TX 41 seq=22965 rx_latency=1ms tx_dur=1ms,19.199,
2734,10,463,2866807247,2026-07-14T15:38:45.417713+00:00,46.200136,7465,41,0202aae001cf1d29005a5811460e29efbf1ffffffc2246cd1e00000fc0007ebfe9ed0737feebfff600,1,TX 41 seq=22966 rx_latency=1ms tx_dur=1ms,21.628,
2734,10,464,2866807248,2026-07-14T15:38:45.517713+00:00,46.300136,7565,41,0202aae001d01d8d005a5811460e29efbf1ffffffc2246cd1e00000fc0007ebfe9ed0737feebfff600,1,TX 41 seq=22967 rx_latency=1ms tx_dur=1ms,23.380,
2734,10,465,2866807249,2026-07-14T15:38:45.617708+00:00,46.400129,7665,41,0202aae001d11df1005a5811460e29efbf1ffffffc2246cd1e00000fc0007ebfe9ed0737feebfff600,1,TX 41 seq=22968 rx_latency=1ms tx_dur=1ms,15.129,
2734,10,466,2866807250,2026-07-14T15:38:45.717713+00:00,46.500138,7765,41,0202aae001d21e55005a5811460e29efbf1ffffffc2246cd1e00000fc0007ebfe9ed0737feebfff600,1,TX 41 seq=22969 rx_latency=1ms tx_dur=1ms,17.047,
2734,10,467,2866807251,2026-07-14T15:38:45.817719+00:00,46.600156,7865,41,0202aae001d31eb9005a5811460e29efbf1ffffffc2246cd1e00000fc0007ebfe9ed0737feebfff600,1,TX 41 seq=22970 rx_latency=1ms tx_dur=1ms,19.416,
2734,10,468,2866807252,2026-07-14T15:38:45.917715+00:00,46.700143,7965,41,0202aae001d41f1d005a5811460e29efbf1ffffffc2246cd1e00000fc0007ebfe9ed0737feebfff600,1,TX 41 seq=22971 rx_latency=1ms tx_dur=1ms,21.177,
2734,10,469,2866807253,2026-07-14T15:38:46.017712+00:00,46.800135,8065,41,0202aae001d51f81005a5811460e29efbf1ffffffc2246cd1e00000fc0007ebfe9ed0737feebfff600,1,TX 41 seq=22972 rx_latency=1ms tx_dur=1ms,22.957,
2734,10,470,2866807254,2026-07-14T15:38:46.117714+00:00,46.900137,8165,41,0202aae001d61fe5005a5811460e29efbf1ffffffc2246cd1e00000fc0007ebfe9ed0737feebfff600,1,TX 41 seq=22973 rx_latency=1ms tx_dur=1ms,14.926,
2734,10,471,2866807255,2026-07-14T15:38:46.217709+00:00,47.000133,8265,41,0202aae001d72049005a5811460e29efbf1ffffffc2246cd1e00000fc0007ebfe9ed0737feebfff600,1,TX 41 seq=22974 rx_latency=1ms tx_dur=1ms,16.824,
2734,10,472,2866807256,2026-07-14T15:38:46.317726+00:00,47.100170,8365,41,0202aae001d820ad005a5811460e29efbf1ffffffc2246cd1e00000fc0007ebfe9ed0737feebfff600,1,TX 41 seq=22975 rx_latency=1ms tx_dur=1ms,19.095,
2734,10,473,2866807257,2026-07-14T15:38:46.417713+00:00,47.200139,8465,41,0202aae001d92111005a5811460e29efbf1ffffffc2246cd1e00000fc0007ebfe9ed0737feebfff600,1,TX 41 seq=22976 rx_latency=1ms tx_dur=1ms,21.569,
2734,10,474,2866807258,2026-07-14T15:38:46.517707+00:00,47.300129,8565,41,0202aae001da2175005a5811460e29efbf1ffffffc2246cd1e00000fc0007ebfe9ed0737feebfff600,1,TX 41 seq=22977 rx_latency=1ms tx_dur=1ms,23.396,
2734,10,475,2866807259,2026-07-14T15:38:46.617714+00:00,47.400139,8665,41,0202aae001db21d9005a5811460e29efbf1ffffffc2246cd1e00000fc0007ebfe9ed0737feebfff600,1,TX 41 seq=22978 rx_latency=1ms tx_dur=1ms,14.707,
2734,10,476,2866807260,2026-07-14T15:38:46.717712+00:00,47.500135,8765,41,0202aae001dc223d005a5811460e29efbf1ffffffc2246cd1e00000fc0007ebfe9ed0737feebfff600,1,TX 41 seq=22979 rx_latency=1ms tx_dur=1ms,17.114,
2734,10,477,2866807261,2026-07-14T15:38:46.817713+00:00,47.600136,8865,41,0202aae001dd22a1005a5811460e29efbf1ffffffc2246cd1e00000fc0007ebfe9ed0737feebfff600,1,TX 41 seq=22980 rx_latency=1ms tx_dur=1ms,18.840,
2734,10,478,2866807262,2026-07-14T15:38:46.917712+00:00,47.700135,8965,41,0202aae001de2305005a5811460e29efbf1ffffffc2246cd1e00000fc0007ebfe9ed0737feebfff600,1,TX 41 seq=22981 rx_latency=1ms tx_dur=1ms,21.677,
2734,10,479,2866807263,2026-07-14T15:38:47.017713+00:00,47.800137,9065,41,0202aae001df2369005a5811460e29efbf1ffffffc2246cd1e00000fc0007ebfe9ed0737feebfff600,1,TX 41 seq=22982 rx_latency=1ms tx_dur=1ms,23.664,
2734,10,480,2866807264,2026-07-14T15:38:47.117649+00:00,47.900086,9165,41,0202aae001e023cd005a5811460e29efbf1ffffffc2246cd1e00000fc0007ebfe9ed0737feebfff600,1,TX 41 seq=22983 rx_latency=1ms tx_dur=1ms,14.983,
2734,10,481,2866807265,2026-07-14T15:38:47.217714+00:00,48.000141,9265,41,0202aae001e12431005a5811460e29efbf1ffffffc2246cd1e00000fc0007ebfe9ed0737feebfff600,1,TX 41 seq=22984 rx_latency=1ms tx_dur=1ms,16.678,
2734,10,482,2866807266,2026-07-14T15:38:47.317709+00:00,48.100134,9365,41,0202aae001e22495005a5811460e29efbf1ffffffc2246cd1e00000fc0007ebfe9ed0737feebfff600,1,TX 41 seq=22985 rx_latency=1ms tx_dur=1ms,19.498,
2734,10,483,2866807267,2026-07-14T15:38:47.417713+00:00,48.200141,9465,41,0202aae001e324f9005a5811460e29efbf1ffffffc2246cd1e00000fc0007ebfe9ed0737feebfff600,1,TX 41 seq=22986 rx_latency=1ms tx_dur=1ms,21.451,
2734,10,484,2866807268,2026-07-14T15:38:47.517706+00:00,48.300125,9565,41,0202aae001e4255d005a5811460e29efbf1ffffffc2246cd1e00000fc0007ebfe9ed0737feebfff600,1,TX 41 seq=22987 rx_latency=1ms tx_dur=1ms,23.102,
2734,10,485,2866807269,2026-07-14T15:38:47.617716+00:00,48.400145,9665,41,0202aae001e525c1005a5811460e29efbf1ffffffc2246cd1e00000fc0007ebfe9ed0737feebfff600,1,TX 41 seq=22988 rx_latency=1ms tx_dur=1ms,15.781,
2734,10,486,2866807270,2026-07-14T15:38:47.717717+00:00,48.500145,9765,41,0202aae001e62625005a5811460e29efbf1ffffffc2246cd1e00000fc0007ebfe9ed0737feebfff600,1,TX 41 seq=22989 rx_latency=1ms tx_dur=1ms,17.054,
2734,10,487,2866807271,2026-07-14T15:38:47.817715+00:00,48.600140,9865,41,0202aae001e72689005a5811460e29efbf1ffffffc2246cd1e00000fc0007ebfe9ed0737feebfff600,1,TX 41 seq=22990 rx_latency=1ms tx_dur=1ms,19.465,
2734,10,488,2866807272,2026-07-14T15:38:47.917713+00:00,48.700138,9965,41,0202aae001e826ed005a5811460e29efbf1ffffffc2246cd1e00000fc0007ebfe9ed0737feebfff600,1,TX 41 seq=22991 rx_latency=1ms tx_dur=1ms,21.198,
2734,10,489,2866807273,2026-07-14T15:38:48.017713+00:00,48.800136,10065,41,0202aae001e92751005a5811460e29efbf1ffffffc2246cd1e00000fc0007ebfe9ed0737feebfff600,1,TX 41 seq=22992 rx_latency=1ms tx_dur=1ms,22.948,
2734,10,490,2866807274,2026-07-14T15:38:48.117715+00:00,48.900147,10165,41,0202aae001ea27b5005a5811460e29efbf1ffffffc2246cd1e00000fc0007ebfe9ed0737feebfff600,1,TX 41 seq=22993 rx_latency=1ms tx_dur=1ms,14.858,
2734,10,491,2866807275,2026-07-14T15:38:48.217713+00:00,49.000139,10265,41,0202aae001eb2819005a5811460e29efbf1ffffffc2246cd1e00000fc0007ebfe9ed0737feebfff600,1,TX 41 seq=22994 rx_latency=1ms tx_dur=1ms,16.729,
2734,10,492,2866807276,2026-07-14T15:38:48.317714+00:00,49.100141,10365,41,0202aae001ec287d005a5811460e29efbf1ffffffc2246cd1e00000fc0007ebfe9ed0737feebfff600,1,TX 41 seq=22995 rx_latency=1ms tx_dur=1ms,19.221,
2734,10,493,2866807277,2026-07-14T15:38:48.417713+00:00,49.200136,10465,41,0202aae001ed28e1005a5811460e29efbf1ffffffc2246cd1e00000fc0007ebfe9ed0737feebfff600,1,TX 41 seq=22996 rx_latency=1ms tx_dur=1ms,21.589,
2734,10,494,2866807278,2026-07-14T15:38:48.517714+00:00,49.300137,10565,41,0202aae001ee2945005a5811460e29efbf1ffffffc2246cd1e00000fc0007ebfe9ed0737feebfff600,1,TX 41 seq=22997 rx_latency=1ms tx_dur=1ms,23.425,
2734,10,495,2866807279,2026-07-14T15:38:48.617714+00:00,49.400139,10665,41,0202aae001ef29a9005a5811460e29efbf1ffffffc2246cd1e00000fc0007ebfe9ed0737feebfff600,1,TX 41 seq=22998 rx_latency=1ms tx_dur=1ms,14.717,
2734,10,496,2866807280,2026-07-14T15:38:48.717721+00:00,49.500161,10765,41,0202aae001f02a0d005a5811460e29efbf1ffffffc2246cd1e00000fc0007ebfe9ed0737feebfff600,1,TX 41 seq=22999 rx_latency=1ms tx_dur=1ms,17.093,
2734,10,497,2866807281,2026-07-14T15:38:48.817683+00:00,49.600114,10865,41,0202aae001f12a71005a5811460e29efbf1ffffffc2246cd1e00000fc0007ebfe9ed0737feebfff600,1,TX 41 seq=23000 rx_latency=1ms tx_dur=1ms,18.872,
2734,10,498,2866807282,2026-07-14T15:38:48.917715+00:00,49.700140,10965,41,0202aae001f22ad5005a5811460e29efbf1ffffffc2246cd1e00000fc0007ebfe9ed0737feebfff600,1,TX 41 seq=23001 rx_latency=1ms tx_dur=1ms,21.689,
2734,10,499,2866807283,2026-07-14T15:38:49.017714+00:00,49.800139,11065,41,0202aae001f32b39005a5811460e29efbf1ffffffc2246cd1e00000fc0007ebfe9ed0737feebfff600,1,TX 41 seq=23002 rx_latency=1ms tx_dur=1ms,23.634,
2734,10,500,2866807284,2026-07-14T15:38:49.117643+00:00,49.900065,11165,41,0202aae001f42b9d005a5811460e29efbf1ffffffc2246cd1e00000fc0007ebfe9ed0737feebfff600,1,TX 41 seq=23003 rx_latency=1ms tx_dur=1ms,16.470,
2734,10,501,2866807285,2026-07-14T15:38:49.217723+00:00,50.000163,11265,41,0202aae001f52c01005a5811460e29efbf1ffffffc2246cd1e00000fc0007ebfe9ed0737feebfff600,1,TX 41 seq=23004 rx_latency=1ms tx_dur=1ms,16.807,
2734,10,502,2866807286,2026-07-14T15:38:49.317723+00:00,50.100164,11365,41,0202aae001f62c65005a5811460e29efbf1ffffffc2246cd1e00000fc0007ebfe9ed0737feebfff600,1,TX 41 seq=23005 rx_latency=1ms tx_dur=1ms,19.182,
2734,10,503,2866807287,2026-07-14T15:38:49.417642+00:00,50.200068,11465,41,0202aae001f72cc9005a5811460e29efbf1ffffffc2246cd1e00000fc0007ebfe9ed0737feebfff600,1,TX 41 seq=23006 rx_latency=1ms tx_dur=1ms,20.932,
2734,10,504,2866807288,2026-07-14T15:38:49.517716+00:00,50.300143,11565,41,0202aae001f82d2d005a5811460e29efbf1ffffffc2246cd1e00000fc0007ebfe9ed0737feebfff600,1,TX 41 seq=23007 rx_latency=1ms tx_dur=1ms,23.556,
2734,10,505,2866807289,2026-07-14T15:38:49.617713+00:00,50.400137,11665,41,0202aae001f92d91005a5811460e29efbf1ffffffc2246cd1e00000fc0007ebfe9ed0737feebfff600,1,TX 41 seq=23008 rx_latency=1ms tx_dur=1ms,14.849,
2734,10,506,2866807290,2026-07-14T15:38:49.717727+00:00,50.500177,11765,41,0202aae001fa2df5005a5811460e29efbf1ffffffc2246cd1e00000fc0007ebfe9ed0737feebfff600,1,TX 41 seq=23009 rx_latency=1ms tx_dur=1ms,17.173,
2734,10,507,2866807291,2026-07-14T15:38:49.817724+00:00,50.600161,11865,41,0202aae001fb2e59005a5811460e29efbf1ffffffc2246cd1e00000fc0007ebfe9ed0737feebfff600,1,TX 41 seq=23010 rx_latency=1ms tx_dur=1ms,18.951,
2734,10,508,2866807292,2026-07-14T15:38:49.917715+00:00,50.700142,11965,41,0202aae001fc2ebd005a5811460e29efbf1ffffffc2246cd1e00000fc0007ebfe9ed0737feebfff600,1,TX 41 seq=23011 rx_latency=1ms tx_dur=1ms,20.708,
2734,10,509,2866807293,2026-07-14T15:38:50.017716+00:00,50.800140,12065,41,0202aae001fd2f21005a5811460e29efbf1ffffffc2246cd1e00000fc0007ebfe9ed0737feebfff600,1,TX 41 seq=23012 rx_latency=1ms tx_dur=1ms,23.791,
2734,10,510,2866807294,2026-07-14T15:38:50.117721+00:00,50.900144,12165,41,0202aae001fe2f85005a5811460e29efbf1ffffffc2246cd1e00000fc0007ebfe9ed0737feebfff600,1,TX 41 seq=23013 rx_latency=1ms tx_dur=1ms,15.595,
2734,10,511,2866807295,2026-07-14T15:38:50.217708+00:00,51.000132,12265,41,0202aae001ff2fe9005a5811460e29efbf1ffffffc2246cd1e00000fc0007ebfe9ed0737feebfff600,1,TX 41 seq=23014 rx_latency=1ms tx_dur=1ms,16.967,
2734,10,512,2866807296,2026-07-14T15:38:50.317732+00:00,51.100185,12365,41,0202aae00200304d005a5811460e29efbf1ffffffc2246cd1e00000fc0007ebfe9ed0737feebfff600,1,TX 41 seq=23015 rx_latency=1ms tx_dur=1ms,19.118,
2734,10,513,2866807297,2026-07-14T15:38:50.417713+00:00,51.200143,12465,41,0202aae0020130b1005a5811460e29efbf1ffffffc2246cd1e00000fc0007ebfe9ed0737feebfff600,1,TX 41 seq=23016 rx_latency=1ms tx_dur=1ms,21.085,
2734,10,514,2866807298,2026-07-14T15:38:50.517716+00:00,51.300144,12565,41,0202aae002023115005a5811460e29efbf1ffffffc2246cd1e00000fc0007ebfe9ed0737feebfff600,1,TX 41 seq=23017 rx_latency=1ms tx_dur=1ms,23.083,
2734,10,515,2866807299,2026-07-14T15:38:50.617718+00:00,51.400151,12665,41,0202aae002033179005a5811460e29efbf1ffffffc2246cd1e00000fc0007ebfe9ed0737feebfff600,1,TX 41 seq=23018 rx_latency=1ms tx_dur=1ms,15.222,
2734,10,516,2866807300,2026-07-14T15:38:50.717713+00:00,51.500137,12765,41,0202aae0020431dd005a5811460e29efbf1ffffffc2246cd1e00000fc0007ebfe9ed0737feebfff600,1,TX 41 seq=23019 rx_latency=1ms tx_dur=1ms,17.295,
2734,10,517,2866807301,2026-07-14T15:38:50.817720+00:00,51.600153,12865,41,0202aae002053241005a5811460e29efbf1ffffffc2246cd1e00000fc0007ebfe9ed0737feebfff600,1,TX 41 seq=23020 rx_latency=1ms tx_dur=1ms,19.017,
2734,10,518,2866807302,2026-07-14T15:38:50.917713+00:00,51.700138,12965,41,0202aae0020632a5005a5811460e29efbf1ffffffc2246cd1e00000fc0007ebfe9ed0737feebfff600,1,TX 41 seq=23021 rx_latency=1ms tx_dur=1ms,21.411,
2734,10,519,2866807303,2026-07-14T15:38:51.017712+00:00,51.800136,13065,41,0202aae002073309005a5811460e29efbf1ffffffc2246cd1e00000fc0007ebfe9ed0737feebfff600,1,TX 41 seq=23022 rx_latency=1ms tx_dur=1ms,22.756,
2734,10,520,2866807304,2026-07-14T15:38:51.117715+00:00,51.900141,13165,41,0202aae00208336d005a5811460e29efbf1ffffffc2246cd1e00000fc0007ebfe9ed0737feebfff600,1,TX 41 seq=23023 rx_latency=1ms tx_dur=1ms,15.602,
2734,10,521,2866807305,2026-07-14T15:38:51.217711+00:00,52.000134,13265,41,0202aae0020933d1005a5811460e29efbf1ffffffc2246cd1e00000fc0007ebfe9ed0737feebfff600,1,TX 41 seq=23024 rx_latency=1ms tx_dur=1ms,17.350,
2734,10,522,2866807306,2026-07-14T15:38:51.317713+00:00,52.100137,13365,41,0202aae0020a3435005a5811460e29efbf1ffffffc2246cd1e00000fc0007ebfe9ed0737feebfff600,1,TX 41 seq=23025 rx_latency=1ms tx_dur=1ms,19.269,
2734,10,523,2866807307,2026-07-14T15:38:51.417708+00:00,52.200130,13465,41,0202aae0020b3499005a5811460e29efbf1ffffffc2246cd1e00000fc0007ebfe9ed0737feebfff600,1,TX 41 seq=23026 rx_latency=1ms tx_dur=1ms,20.928,
2734,10,524,2866807308,2026-07-14T15:38:51.517715+00:00,52.300142,13565,41,0202aae0020c34fd005a5811460e29efbf1ffffffc2246cd1e00000fc0007ebfe9ed0737feebfff600,1,TX 41 seq=23027 rx_latency=1ms tx_dur=1ms,23.563,
2734,10,525,2866807309,2026-07-14T15:38:51.617710+00:00,52.400136,13665,41,0202aae0020d3561005a5811460e29efbf1ffffffc2246cd1e00000fc0007ebfe9ed0737feebfff600,1,TX 41 seq=23028 rx_latency=1ms tx_dur=1ms,14.860,
2734,10,526,2866807310,2026-07-14T15:38:51.717716+00:00,52.500147,13765,41,0202aae0020e35c5005a5811460e29efbf1ffffffc2246cd1e00000fc0007ebfe9ed0737feebfff600,1,TX 41 seq=23029 rx_latency=1ms tx_dur=1ms,16.687,
2734,10,527,2866807311,2026-07-14T15:38:51.817724+00:00,52.600168,13865,41,0202aae0020f3629005a5811460e29efbf1ffffffc2246cd1e00000fc0007ebfe9ed0737feebfff600,1,TX 41 seq=23030 rx_latency=1ms tx_dur=1ms,19.167,
2734,10,528,2866807312,2026-07-14T15:38:51.917710+00:00,52.700138,13965,41,0202aae00210368d005a5811460e29efbf1ffffffc2246cd1e00000fc0007ebfe9ed0737feebfff600,1,TX 41 seq=23031 rx_latency=1ms tx_dur=1ms,21.511,
2734,10,529,2866807313,2026-07-14T15:38:52.017656+00:00,52.800083,14065,41,0202aae0021136f1005a5811460e29efbf1ffffffc2246cd1e00000fc0007ebfe9ed0737feebfff600,1,TX 41 seq=23032 rx_latency=1ms tx_dur=1ms,23.459,
2734,10,530,2866807314,2026-07-14T15:38:52.117712+00:00,52.900134,14165,41,0202aae002123755005a5811460e29efbf1ffffffc2246cd1e00000fc0007ebfe9ed0737feebfff600,1,TX 41 seq=23033 rx_latency=1ms tx_dur=1ms,15.815,
2734,10,531,2866807315,2026-07-14T15:38:52.217708+00:00,53.000132,14265,41,0202aae0021337b9005a5811460e29efbf1ffffffc2246cd1e00000fc0007ebfe9ed0737feebfff600,1,TX 41 seq=23034 rx_latency=1ms tx_dur=1ms,17.096,
2734,10,532,2866807316,2026-07-14T15:38:52.317716+00:00,53.100145,14365,41,0202aae00214381d005a5811460e29efbf1ffffffc2246cd1e00000fc0007ebfe9ed0737feebfff600,1,TX 41 seq=23035 rx_latency=1ms tx_dur=1ms,18.796,
2734,10,533,2866807317,2026-07-14T15:38:52.417714+00:00,53.200143,14465,41,0202aae002153881005a5811460e29efbf1ffffffc2246cd1e00000fc0007ebfe9ed0737feebfff600,1,TX 41 seq=23036 rx_latency=1ms tx_dur=1ms,20.851,
2734,10,534,2866807318,2026-07-14T15:38:52.517716+00:00,53.300141,14565,41,0202aae0021638e5005a5811460e29efbf1ffffffc2246cd1e00000fc0007ebfe9ed0737feebfff600,1,TX 41 seq=23037 rx_latency=1ms tx_dur=1ms,23.025,
2734,10,535,2866807319,2026-07-14T15:38:52.617713+00:00,53.400135,14665,41,0202aae002173949005a5811460e29efbf1ffffffc2246cd1e00000fc0007ebfe9ed0737feebfff600,1,TX 41 seq=23038 rx_latency=1ms tx_dur=1ms,15.009,
2734,10,536,2866807320,2026-07-14T15:38:52.717707+00:00,53.500125,14765,41,0202aae0021839ad005a5811460e29efbf1ffffffc2246cd1e00000fc0007ebfe9ed0737feebfff600,1,TX 41 seq=23039 rx_latency=1ms tx_dur=1ms,16.887,
2734,10,537,2866807321,2026-07-14T15:38:52.817721+00:00,53.600157,14865,41,0202aae002193a11005a5811460e29efbf1ffffffc2246cd1e00000fc0007ebfe9ed0737feebfff600,1,TX 41 seq=23040 rx_latency=1ms tx_dur=1ms,19.165,
2734,10,538,2866807322,2026-07-14T15:38:52.917707+00:00,53.700130,14965,41,0202aae0021a3a75005a5811460e29efbf1ffffffc2246cd1e00000fc0007ebfe9ed0737feebfff600,1,TX 41 seq=23041 rx_latency=1ms tx_dur=1ms,20.844,
2734,10,539,2866807323,2026-07-14T15:38:53.017714+00:00,53.800140,15065,41,0202aae0021b3ad9005a5811460e29efbf1ffffffc2246cd1e00000fc0007ebfe9ed0737feebfff600,1,TX 41 seq=23042 rx_latency=1ms tx_dur=1ms,23.518,
2734,10,540,2866807324,2026-07-14T15:38:53.117705+00:00,53.900123,15165,41,0202aae0021c3b3d005a5811460e29efbf1ffffffc2246cd1e00000fc0007ebfe9ed0737feebfff600,1,TX 41 seq=23043 rx_latency=1ms tx_dur=1ms,14.836,
2734,10,541,2866807325,2026-07-14T15:38:53.217716+00:00,54.000146,15265,41,0202aae0021d3ba1005a5811460e29efbf1ffffffc2246cd1e00000fc0007ebfe9ed0737feebfff600,1,TX 41 seq=23044 rx_latency=1ms tx_dur=1ms,17.217,
2734,10,542,2866807326,2026-07-14T15:38:53.317715+00:00,54.100141,15365,41,0202aae0021e3c05005a5811460e29efbf1ffffffc2246cd1e00000fc0007ebfe9ed0737feebfff600,1,TX 41 seq=23045 rx_latency=1ms tx_dur=1ms,18.963,
2734,10,543,2866807327,2026-07-14T15:38:53.417710+00:00,54.200137,15465,41,0202aae0021f3c69005a5811460e29efbf1ffffffc2246cd1e00000fc0007ebfe9ed0737feebfff600,1,TX 41 seq=23046 rx_latency=1ms tx_dur=1ms,21.808,
2734,10,544,2866807328,2026-07-14T15:38:53.517709+00:00,54.300132,15565,41,0202aae002203ccd005a5811460e29efbf1ffffffc2246cd1e00000fc0007ebfe9ed0737feebfff600,1,TX 41 seq=23047 rx_latency=1ms tx_dur=1ms,23.657,
2734,10,545,2866807329,2026-07-14T15:38:53.617713+00:00,54.400138,15665,41,0202aae002213d31005a5811460e29efbf1ffffffc2246cd1e00000fc0007ebfe9ed0737feebfff600,1,TX 41 seq=23048 rx_latency=1ms tx_dur=1ms,15.588,
2734,10,546,2866807330,2026-07-14T15:38:53.717714+00:00,54.500141,15765,41,0202aae002223d95005a5811460e29efbf1ffffffc2246cd1e00000fc0007ebfe9ed0737feebfff600,1,TX 41 seq=23049 rx_latency=1ms tx_dur=1ms,16.956,
2734,10,547,2866807331,2026-07-14T15:38:53.817720+00:00,54.600155,15865,41,0202aae002233df9005a5811460e29efbf1ffffffc2246cd1e00000fc0007ebfe9ed0737feebfff600,1,TX 41 seq=23050 rx_latency=1ms tx_dur=1ms,19.333,
2734,10,548,2866807332,2026-07-14T15:38:53.917709+00:00,54.700133,15965,41,0202aae002243e5d005a5811460e29efbf1ffffffc2246cd1e00000fc0007ebfe9ed0737feebfff600,1,TX 41 seq=23051 rx_latency=1ms tx_dur=1ms,21.192,
2734,10,549,2866807333,2026-07-14T15:38:54.017714+00:00,54.800140,16065,41,0202aae002253ec1005a5811460e29efbf1ffffffc2246cd1e00000fc0007ebfe9ed0737feebfff600,1,TX 41 seq=23052 rx_latency=1ms tx_dur=1ms,23.659,
2734,10,550,2866807334,2026-07-14T15:38:54.117716+00:00,54.900146,16165,41,0202aae002263f25005a5811460e29efbf1ffffffc2246cd1e00000fc0007ebfe9ed0737feebfff600,1,TX 41 seq=23053 rx_latency=1ms tx_dur=1ms,14.943,
2734,10,551,2866807335,2026-07-14T15:38:54.217730+00:00,55.000182,16265,41,0202aae002273f89005a5811460e29efbf1ffffffc2246cd1e00000fc0007ebfe9ed0737feebfff600,1,TX 41 seq=23054 rx_latency=1ms tx_dur=1ms,17.234,
2734,10,552,2866807336,2026-07-14T15:38:54.317718+00:00,55.100152,16365,41,0202aae002283fed005a5811460e29efbf1ffffffc2246cd1e00000fc0007ebfe9ed0737feebfff600,1,TX 41 seq=23055 rx_latency=1ms tx_dur=1ms,19.059,
2734,10,553,2866807337,2026-07-14T15:38:54.417714+00:00,55.200141,16465,41,0202aae002294051005a5811460e29efbf1ffffffc2246cd1e00000fc0007ebfe9ed0737feebfff600,1,TX 41 seq=23056 rx_latency=1ms tx_dur=1ms,20.806,
2734,10,554,2866807338,2026-07-14T15:38:54.517708+00:00,55.300133,16565,41,0202aae0022a40b5005a5811460e29efbf1ffffffc2246cd1e00000fc0007ebfe9ed0737feebfff600,1,TX 41 seq=23057 rx_latency=1ms tx_dur=1ms,23.797,
2734,10,555,2866807339,2026-07-14T15:38:54.617713+00:00,55.400138,16665,41,0202aae0022b4119005a5811460e29efbf1ffffffc2246cd1e00000fc0007ebfe9ed0737feebfff600,1,TX 41 seq=23058 rx_latency=1ms tx_dur=1ms,15.723,
2734,10,556,2866807340,2026-07-14T15:38:54.717713+00:00,55.500143,16765,41,0202aae0022c417d005a5811460e29efbf1ffffffc2246cd1e00000fc0007ebfe9ed0737feebfff600,1,TX 41 seq=23059 rx_latency=1ms tx_dur=1ms,16.978,
2734,10,557,2866807341,2026-07-14T15:38:54.817712+00:00,55.600136,16865,41,0202aae0022d41e1005a5811460e29efbf1ffffffc2246cd1e00000fc0007ebfe9ed0737feebfff600,1,TX 41 seq=23060 rx_latency=1ms tx_dur=1ms,19.406,
2734,10,558,2866807342,2026-07-14T15:38:54.917713+00:00,55.700136,16965,41,0202aae0022e4245005a5811460e29efbf1ffffffc2246cd1e00000fc0007ebfe9ed0737feebfff600,1,TX 41 seq=23061 rx_latency=1ms tx_dur=1ms,21.165,
2734,10,559,2866807343,2026-07-14T15:38:55.017715+00:00,55.800142,17065,41,0202aae0022f42a9005a5811460e29efbf1ffffffc2246cd1e00000fc0007ebfe9ed0737feebfff600,1,TX 41 seq=23062 rx_latency=1ms tx_dur=1ms,22.857,
2734,10,560,2866807344,2026-07-14T15:38:55.117711+00:00,55.900139,17165,41,0202aae00230430d005a5811460e29efbf1ffffffc2246cd1e00000fc0007ebfe9ed0737feebfff600,1,TX 41 seq=23063 rx_latency=1ms tx_dur=1ms,14.792,
2734,10,561,2866807345,2026-07-14T15:38:55.217714+00:00,56.000142,17265,41,0202aae002314371005a5811460e29efbf1ffffffc2246cd1e00000fc0007ebfe9ed0737feebfff600,1,TX 41 seq=23064 rx_latency=1ms tx_dur=1ms,17.233,
2734,10,562,2866807346,2026-07-14T15:38:55.317713+00:00,56.100136,17365,41,0202aae0023243d5005a5811460e29efbf1ffffffc2246cd1e00000fc0007ebfe9ed0737feebfff600,1,TX 41 seq=23065 rx_latency=1ms tx_dur=1ms,18.971,
2734,10,563,2866807347,2026-07-14T15:38:55.417713+00:00,56.200136,17465,41,0202aae002334439005a5811460e29efbf1ffffffc2246cd1e00000fc0007ebfe9ed0737feebfff600,1,TX 41 seq=23066 rx_latency=1ms tx_dur=1ms,21.838,
2734,10,564,2866807348,2026-07-14T15:38:55.517710+00:00,56.300135,17565,41,0202aae00234449d005a5811460e29efbf1ffffffc2246cd1e00000fc0007ebfe9ed0737feebfff600,1,TX 41 seq=23067 rx_latency=1ms tx_dur=1ms,23.665,
2734,10,565,2866807349,2026-07-14T15:38:55.617716+00:00,56.400144,17665,41,0202aae002354501005a5811460e29efbf1ffffffc2246cd1e00000fc0007ebfe9ed0737feebfff600,1,TX 41 seq=23068 rx_latency=1ms tx_dur=1ms,15.061,
2734,10,566,2866807350,2026-07-14T15:38:55.717723+00:00,56.500172,17765,41,0202aae002364565005a5811460e29efbf1ffffffc2246cd1e00000fc0007ebfe9ed0737feebfff600,1,TX 41 seq=23069 rx_latency=1ms tx_dur=1ms,16.720,
2734,10,567,2866807351,2026-07-14T15:38:55.817717+00:00,56.600150,17865,41,0202aae0023745c9005a5811460e29efbf1ffffffc2246cd1e00000fc0007ebfe9ed0737feebfff600,1,TX 41 seq=23070 rx_latency=1ms tx_dur=1ms,19.612,
2734,10,568,2866807352,2026-07-14T15:38:55.917708+00:00,56.700129,17965,41,0202aae00238462d005a5811460e29efbf1ffffffc2246cd1e00000fc0007ebfe9ed0737feebfff600,1,TX 41 seq=23071 rx_latency=1ms tx_dur=1ms,21.551,
2734,10,569,2866807353,2026-07-14T15:38:56.017714+00:00,56.800142,18065,41,0202aae002394691005a5811460e29efbf1ffffffc2246cd1e00000fc0007ebfe9ed0737feebfff600,1,TX 41 seq=23072 rx_latency=1ms tx_dur=1ms,23.424,
2734,10,570,2866807354,2026-07-14T15:38:56.117718+00:00,56.900155,18165,41,0202aae0023a46f5005a5811460e29efbf1ffffffc2246cd1e00000fc0007ebfe9ed0737feebfff600,1,TX 41 seq=23073 rx_latency=1ms tx_dur=1ms,14.780,
2734,10,571,2866807355,2026-07-14T15:38:56.217717+00:00,57.000147,18265,41,0202aae0023b4759005a5811460e29efbf1ffffffc2246cd1e00000fc0007ebfe9ed0737feebfff600,1,TX 41 seq=23074 rx_latency=1ms tx_dur=1ms,17.179,
2734,10,572,2866807356,2026-07-14T15:38:56.317708+00:00,57.100129,18365,41,0202aae0023c47bd005a5811460e29efbf1ffffffc2246cd1e00000fc0007ebfe9ed0737feebfff600,1,TX 41 seq=23075 rx_latency=1ms tx_dur=1ms,19.052,
2734,10,573,2866807357,2026-07-14T15:38:56.417713+00:00,57.200136,18465,41,0202aae0023d4821005a5811460e29efbf1ffffffc2246cd1e00000fc0007ebfe9ed0737feebfff600,1,TX 41 seq=23076 rx_latency=1ms tx_dur=1ms,21.402,
2734,10,574,2866807358,2026-07-14T15:38:56.517709+00:00,57.300133,18565,41,0202aae0023e4885005a5811460e29efbf1ffffffc2246cd1e00000fc0007ebfe9ed0737feebfff600,1,TX 41 seq=23077 rx_latency=1ms tx_dur=1ms,23.021,
2734,10,575,2866807359,2026-07-14T15:38:56.617718+00:00,57.400150,18665,41,0202aae0023f48e9005a5811460e29efbf1ffffffc2246cd1e00000fc0007ebfe9ed0737feebfff600,1,TX 41 seq=23078 rx_latency=1ms tx_dur=1ms,15.719,
2734,10,576,2866807360,2026-07-14T15:38:56.717712+00:00,57.500137,18765,41,0202aae00240494d005a5811460e29efbf1ffffffc2246cd1e00000fc0007ebfe9ed0737feebfff600,1,TX 41 seq=23079 rx_latency=1ms tx_dur=1ms,17.010,
2734,10,577,2866807361,2026-07-14T15:38:56.817710+00:00,57.600133,18865,41,0202aae0024149b1005a5811460e29efbf1ffffffc2246cd1e00000fc0007ebfe9ed0737feebfff600,1,TX 41 seq=23080 rx_latency=1ms tx_dur=1ms,18.976,
2734,10,578,2866807362,2026-07-14T15:38:56.917712+00:00,57.700133,18965,41,0202aae002424a15005a5811460e29efbf1ffffffc2246cd1e00000fc0007ebfe9ed0737feebfff600,1,TX 41 seq=23081 rx_latency=1ms tx_dur=1ms,21.358,
2734,10,579,2866807363,2026-07-14T15:38:57.017706+00:00,57.800127,19065,41,0202aae002434a79005a5811460e29efbf1ffffffc2246cd1e00000fc0007ebfe9ed0737feebfff600,1,TX 41 seq=23082 rx_latency=1ms tx_dur=1ms,23.715,
2734,10,580,2866807364,2026-07-14T15:38:57.117712+00:00,57.900136,19165,41,0202aae002444add005a5811460e29efbf1ffffffc2246cd1e00000fc0007ebfe9ed0737feebfff600,1,TX 41 seq=23083 rx_latency=1ms tx_dur=1ms,15.510,
2734,10,581,2866807365,2026-07-14T15:38:57.217712+00:00,58.000135,19265,41,0202aae002454b41005a5811460e29efbf1ffffffc2246cd1e00000fc0007ebfe9ed0737feebfff600,1,TX 41 seq=23084 rx_latency=1ms tx_dur=1ms,17.240,
2734,10,582,2866807366,2026-07-14T15:38:57.317721+00:00,58.100161,19365,41,0202aae002464ba5005a5811460e29efbf1ffffffc2246cd1e00000fc0007ebfe9ed0737feebfff600,1,TX 41 seq=23085 rx_latency=1ms tx_dur=1ms,19.227,
2734,10,583,2866807367,2026-07-14T15:38:57.417672+00:00,58.200098,19465,41,0202aae002474c09005a5811460e29efbf1ffffffc2246cd1e00000fc0007ebfe9ed0737feebfff600,1,TX 41 seq=23086 rx_latency=1ms tx_dur=1ms,21.688,
2734,10,584,2866807368,2026-07-14T15:38:57.517709+00:00,58.300134,19565,41,0202aae002484c6d005a5811460e29efbf1ffffffc2246cd1e00000fc0007ebfe9ed0737feebfff600,1,TX 41 seq=23087 rx_latency=1ms tx_dur=1ms,23.473,
2734,10,585,2866807369,2026-07-14T15:38:57.617714+00:00,58.400142,19665,41,0202aae002494cd1005a5811460e29efbf1ffffffc2246cd1e00000fc0007ebfe9ed0737feebfff600,1,TX 41 seq=23088 rx_latency=1ms tx_dur=1ms,14.777,
2734,10,586,2866807370,2026-07-14T15:38:57.717706+00:00,58.500126,19765,41,0202aae0024a4d35005a5811460e29efbf1ffffffc2246cd1e00000fc0007ebfe9ed0737feebfff600,1,TX 41 seq=23089 rx_latency=1ms tx_dur=1ms,17.560,
2734,10,587,2866807371,2026-07-14T15:38:57.817715+00:00,58.600145,19865,41,0202aae0024b4d99005a5811460e29efbf1ffffffc2246cd1e00000fc0007ebfe9ed0737feebfff600,1,TX 41 seq=23090 rx_latency=1ms tx_dur=1ms,19.077,
2734,10,588,2866807372,2026-07-14T15:38:57.917714+00:00,58.700138,19965,41,0202aae0024c4dfd005a5811460e29efbf1ffffffc2246cd1e00000fc0007ebfe9ed0737feebfff600,1,TX 41 seq=23091 rx_latency=1ms tx_dur=1ms,21.470,
2734,10,589,2866807373,2026-07-14T15:38:58.017708+00:00,58.800135,20065,41,0202aae0024d4e61005a5811460e29efbf1ffffffc2246cd1e00000fc0007ebfe9ed0737feebfff600,1,TX 41 seq=23092 rx_latency=1ms tx_dur=1ms,23.076,
2734,10,590,2866807374,2026-07-14T15:38:58.117712+00:00,58.900139,20165,41,0202aae0024e4ec5005a5811460e29efbf1ffffffc2246cd1e00000fc0007ebfe9ed0737feebfff600,1,TX 41 seq=23093 rx_latency=1ms tx_dur=1ms,15.807,
2734,10,591,2866807375,2026-07-14T15:38:58.217713+00:00,59.000137,20265,41,0202aae0024f4f29005a5811460e29efbf1ffffffc2246cd1e00000fc0007ebfe9ed0737feebfff600,1,TX 41 seq=23094 rx_latency=1ms tx_dur=1ms,17.084,
2734,10,592,2866807376,2026-07-14T15:38:58.317732+00:00,59.100188,20365,41,0202aae002504f8d005a5811460e29efbf1ffffffc2246cd1e00000fc0007ebfe9ed0737feebfff600,1,TX 41 seq=23095 rx_latency=1ms tx_dur=1ms,19.349,
2734,10,593,2866807377,2026-07-14T15:38:58.417681+00:00,59.200109,20465,41,0202aae002514ff1005a5811460e29efbf1ffffffc2246cd1e00000fc0007ebfe9ed0737feebfff600,1,TX 41 seq=23096 rx_latency=1ms tx_dur=1ms,21.190,
2734,10,594,2866807378,2026-07-14T15:38:58.517720+00:00,59.300157,20565,41,0202aae002525055005a5811460e29efbf1ffffffc2246cd1e00000fc0007ebfe9ed0737feebfff600,1,TX 41 seq=23097 rx_latency=1ms tx_dur=1ms,22.911,
2734,10,595,2866807379,2026-07-14T15:38:58.617708+00:00,59.400134,20665,41,0202aae0025350b9005a5811460e29efbf1ffffffc2246cd1e00000fc0007ebfe9ed0737feebfff600,1,TX 41 seq=23098 rx_latency=1ms tx_dur=1ms,14.911,
2734,10,596,2866807380,2026-07-14T15:38:58.717715+00:00,59.500141,20765,41,0202aae00254511d005a5811460e29efbf1ffffffc2246cd1e00000fc0007ebfe9ed0737feebfff600,1,TX 41 seq=23099 rx_latency=1ms tx_dur=1ms,17.868,
2734,10,597,2866807381,2026-07-14T15:38:58.817716+00:00,59.600143,20865,41,0202aae002555181005a5811460e29efbf1ffffffc2246cd1e00000fc0007ebfe9ed0737feebfff600,1,TX 41 seq=23100 rx_latency=1ms tx_dur=1ms,19.213,
2734,10,598,2866807382,2026-07-14T15:38:58.917712+00:00,59.700136,20965,41,0202aae0025651e5005a5811460e29efbf1ffffffc2246cd1e00000fc0007ebfe9ed0737feebfff600,1,TX 41 seq=23101 rx_latency=1ms tx_dur=1ms,21.605,
2734,10,599,2866807383,2026-07-14T15:38:59.017642+00:00,59.800063,21065,41,0202aae002575249005a5811460e29efbf1ffffffc2246cd1e00000fc0007ebfe9ed0737feebfff600,1,TX 41 seq=23102 rx_latency=1ms tx_dur=1ms,23.493,
2734,10,600,2866807384,2026-07-14T15:38:59.117713+00:00,59.900137,21165,41,0202aae0025852ad005a5811460e29efbf1ffffffc2246cd1e00000fc0007ebfe9ed0737feebfff600,1,TX 41 seq=23103 rx_latency=1ms tx_dur=1ms,14.746,
2734,10,601,2866807385,2026-07-14T15:38:59.217711+00:00,60.000142,21265,41,0202aae002595311005a5811460e29efbf1ffffffc2246cd1e00000fc0007ebfe9ed0737feebfff600,1,TX 41 seq=23104 rx_latency=1ms tx_dur=1ms,17.147,
2734,10,602,2866807386,2026-07-14T15:38:59.317717+00:00,60.100148,21365,41,0202aae0025a5375005a5811460e29efbf1ffffffc2246cd1e00000fc0007ebfe9ed0737feebfff600,1,TX 41 seq=23105 rx_latency=1ms tx_dur=1ms,18.915,
2734,10,603,2866807387,2026-07-14T15:38:59.417717+00:00,60.200158,21465,41,0202aae0025b53d9005a5811460e29efbf1ffffffc2246cd1e00000fc0007ebfe9ed0737feebfff600,1,TX 41 seq=23106 rx_latency=1ms tx_dur=1ms,21.688,
2734,10,604,2866807388,2026-07-14T15:38:59.517714+00:00,60.300144,21565,41,0202aae0025c543d005a5811460e29efbf1ffffffc2246cd1e00000fc0007ebfe9ed0737feebfff600,1,TX 41 seq=23107 rx_latency=1ms tx_dur=1ms,23.628,
2734,10,605,2866807389,2026-07-14T15:38:59.617710+00:00,60.400138,21665,41,0202aae0025d54a1005a5811460e29efbf1ffffffc2246cd1e00000fc0007ebfe9ed0737feebfff600,1,TX 41 seq=23108 rx_latency=1ms tx_dur=1ms,16.444,
2734,10,606,2866807390,2026-07-14T15:38:59.717718+00:00,60.500154,21765,41,0202aae0025e5505005a5811460e29efbf1ffffffc2246cd1e00000fc0007ebfe9ed0737feebfff600,1,TX 41 seq=23109 rx_latency=1ms tx_dur=1ms,16.856,
2734,10,607,2866807391,2026-07-14T15:38:59.817714+00:00,60.600139,21865,41,0202aae0025f5569005a5811460e29efbf1ffffffc2246cd1e00000fc0007ebfe9ed0737feebfff600,1,TX 41 seq=23110 rx_latency=1ms tx_dur=1ms,19.262,
2734,10,608,2866807392,2026-07-14T15:38:59.917713+00:00,60.700143,21965,41,0202aae0026055cd005a5811460e29efbf1ffffffc2246cd1e00000fc0007ebfe9ed0737feebfff600,1,TX 41 seq=23111 rx_latency=1ms tx_dur=1ms,21.209,
2734,10,609,2866807393,2026-07-14T15:39:00.017717+00:00,60.800151,22065,41,0202aae002615631005a5811460e29efbf1ffffffc2246cd1e00000fc0007ebfe9ed0737feebfff600,1,TX 41 seq=23112 rx_latency=1ms tx_dur=1ms,23.659,
2734,10,610,2866807394,2026-07-14T15:39:00.117715+00:00,60.900141,22165,41,0202aae002625695005a5811460e29efbf1ffffffc2246cd1e00000fc0007ebfe9ed0737feebfff600,1,TX 41 seq=23113 rx_latency=1ms tx_dur=1ms,14.987,
2734,10,611,2866807395,2026-07-14T15:39:00.217714+00:00,61.000142,22265,41,0202aae0026356f9005a5811460e29efbf1ffffffc2246cd1e00000fc0007ebfe9ed0737feebfff600,1,TX 41 seq=23114 rx_latency=1ms tx_dur=1ms,16.813,
2734,10,612,2866807396,2026-07-14T15:39:00.317712+00:00,61.100136,22365,41,0202aae00264575d005a5811460e29efbf1ffffffc2246cd1e00000fc0007ebfe9ed0737feebfff600,1,TX 41 seq=23115 rx_latency=1ms tx_dur=1ms,19.205,
2734,10,613,2866807397,2026-07-14T15:39:00.417714+00:00,61.200144,22465,41,0202aae0026557c1005a5811460e29efbf1ffffffc2246cd1e00000fc0007ebfe9ed0737feebfff600,1,TX 41 seq=23116 rx_latency=1ms tx_dur=1ms,21.594,
2734,10,614,2866807398,2026-07-14T15:39:00.517713+00:00,61.300138,22565,41,0202aae002665825005a5811460e29efbf1ffffffc2246cd1e00000fc0007ebfe9ed0737feebfff600,1,TX 41 seq=23117 rx_latency=1ms tx_dur=1ms,23.373,
2734,10,615,2866807399,2026-07-14T15:39:00.617716+00:00,61.400153,22665,41,0202aae002675889005a5811460e29efbf1ffffffc2246cd1e00000fc0007ebfe9ed0737feebfff600,1,TX 41 seq=23118 rx_latency=1ms tx_dur=1ms,15.059,
2734,10,616,2866807400,2026-07-14T15:39:00.717715+00:00,61.500145,22765,41,0202aae0026858ed005a5811460e29efbf1ffffffc2246cd1e00000fc0007ebfe9ed0737feebfff600,1,TX 41 seq=23119 rx_latency=1ms tx_dur=1ms,17.021,
2734,10,617,2866807401,2026-07-14T15:39:00.817706+00:00,61.600128,22865,41,0202aae002695951005a5811460e29efbf1ffffffc2246cd1e00000fc0007ebfe9ed0737feebfff600,1,TX 41 seq=23120 rx_latency=1ms tx_dur=1ms,19.799,
2734,10,618,2866807402,2026-07-14T15:39:00.917713+00:00,61.700137,22965,41,0202aae0026a59b5005a5811460e29efbf1ffffffc2246cd1e00000fc0007ebfe9ed0737feebfff600,1,TX 41 seq=23121 rx_latency=1ms tx_dur=1ms,21.370,
2734,10,619,2866807403,2026-07-14T15:39:01.017713+00:00,61.800139,23065,41,0202aae0026b5a19005a5811460e29efbf1ffffffc2246cd1e00000fc0007ebfe9ed0737feebfff600,1,TX 41 seq=23122 rx_latency=1ms tx_dur=1ms,23.721,
2734,10,620,2866807404,2026-07-14T15:39:01.117685+00:00,61.900108,23165,41,0202aae0026c5a7d005a5811460e29efbf1ffffffc2246cd1e00000fc0007ebfe9ed0737feebfff600,1,TX 41 seq=23123 rx_latency=1ms tx_dur=1ms,15.658,
2734,10,621,2866807405,2026-07-14T15:39:01.217735+00:00,62.000190,23265,41,0202aae0026d5ae1005a5811460e29efbf1ffffffc2246cd1e00000fc0007ebfe9ed0737feebfff600,1,TX 41 seq=23124 rx_latency=1ms tx_dur=1ms,16.823,
2734,10,622,2866807406,2026-07-14T15:39:01.317713+00:00,62.100143,23365,41,0202aae0026e5b45005a5811460e29efbf1ffffffc2246cd1e00000fc0007ebfe9ed0737feebfff600,1,TX 41 seq=23125 rx_latency=1ms tx_dur=1ms,19.367,
2734,10,623,2866807407,2026-07-14T15:39:01.417708+00:00,62.200136,23465,41,0202aae0026f5ba9005a5811460e29efbf1ffffffc2246cd1e00000fc0007ebfe9ed0737feebfff600,1,TX 41 seq=23126 rx_latency=1ms tx_dur=1ms,21.169,
2734,10,624,2866807408,2026-07-14T15:39:01.517715+00:00,62.300144,23565,41,0202aae002705c0d005a5811460e29efbf1ffffffc2246cd1e00000fc0007ebfe9ed0737feebfff600,1,TX 41 seq=23127 rx_latency=1ms tx_dur=1ms,23.631,
2734,10,625,2866807409,2026-07-14T15:39:01.617716+00:00,62.400153,23665,41,0202aae002715c71005a5811460e29efbf1ffffffc2246cd1e00000fc0007ebfe9ed0737feebfff600,1,TX 41 seq=23128 rx_latency=1ms tx_dur=1ms,14.916,
2734,10,626,2866807410,2026-07-14T15:39:01.717727+00:00,62.500177,23765,41,0202aae002725cd5005a5811460e29efbf1ffffffc2246cd1e00000fc0007ebfe9ed0737feebfff600,1,TX 41 seq=23129 rx_latency=1ms tx_dur=1ms,16.705,
2734,10,627,2866807411,2026-07-14T15:39:01.817714+00:00,62.600146,23865,41,0202aae002735d39005a5811460e29efbf1ffffffc2246cd1e00000fc0007ebfe9ed0737feebfff600,1,TX 41 seq=23130 rx_latency=1ms tx_dur=1ms,19.236,
2734,10,628,2866807412,2026-07-14T15:39:01.917712+00:00,62.700138,23965,41,0202aae002745d9d005a5811460e29efbf1ffffffc2246cd1e00000fc0007ebfe9ed0737feebfff600,1,TX 41 seq=23131 rx_latency=1ms tx_dur=1ms,21.627,
2734,10,629,2866807413,2026-07-14T15:39:02.017713+00:00,62.800138,24065,41,0202aae002755e01005a5811460e29efbf1ffffffc2246cd1e00000fc0007ebfe9ed0737feebfff600,1,TX 41 seq=23132 rx_latency=1ms tx_dur=1ms,23.459,
2734,10,630,2866807414,2026-07-14T15:39:02.117715+00:00,62.900146,24165,41,0202aae002765e65005a5811460e29efbf1ffffffc2246cd1e00000fc0007ebfe9ed0737feebfff600,1,TX 41 seq=23133 rx_latency=1ms tx_dur=1ms,14.738,
2734,10,631,2866807415,2026-07-14T15:39:02.217713+00:00,63.000142,24265,41,0202aae002775ec9005a5811460e29efbf1ffffffc2246cd1e00000fc0007ebfe9ed0737feebfff600,1,TX 41 seq=23134 rx_latency=1ms tx_dur=1ms,17.145,
2734,10,632,2866807416,2026-07-14T15:39:02.317655+00:00,63.100080,24365,41,0202aae002785f2d005a5811460e29efbf1ffffffc2246cd1e00000fc0007ebfe9ed0737feebfff600,1,TX 41 seq=23135 rx_latency=1ms tx_dur=1ms,18.994,
2734,10,633,2866807417,2026-07-14T15:39:02.417711+00:00,63.200134,24465,41,0202aae002795f91005a5811460e29efbf1ffffffc2246cd1e00000fc0007ebfe9ed0737feebfff600,1,TX 41 seq=23136 rx_latency=1ms tx_dur=1ms,21.768,
2734,10,634,2866807418,2026-07-14T15:39:02.517713+00:00,63.300139,24565,41,0202aae0027a5ff5005a5811460e29efbf1ffffffc2246cd1e00000fc0007ebfe9ed0737feebfff600,1,TX 41 seq=23137 rx_latency=1ms tx_dur=1ms,23.671,
2734,10,635,2866807419,2026-07-14T15:39:02.617661+00:00,63.400100,24665,41,0202aae0027b6059005a5811460e29efbf1ffffffc2246cd1e00000fc0007ebfe9ed0737feebfff600,1,TX 41 seq=23138 rx_latency=1ms tx_dur=1ms,14.979,
2734,10,636,2866807420,2026-07-14T15:39:02.717708+00:00,63.500132,24765,41,0202aae0027c60bd005a5811460e29efbf1ffffffc2246cd1e00000fc0007ebfe9ed0737feebfff600,1,TX 41 seq=23139 rx_latency=1ms tx_dur=1ms,17.865,
2734,10,637,2866807421,2026-07-14T15:39:02.817723+00:00,63.600165,24865,41,0202aae0027d6121005a5811460e29efbf1ffffffc2246cd1e00000fc0007ebfe9ed0737feebfff600,1,TX 41 seq=23140 rx_latency=1ms tx_dur=1ms,19.509,
2734,10,638,2866807422,2026-07-14T15:39:02.917708+00:00,63.700136,24965,41,0202aae0027e6185005a5811460e29efbf1ffffffc2246cd1e00000fc0007ebfe9ed0737feebfff600,1,TX 41 seq=23141 rx_latency=1ms tx_dur=1ms,21.444,
2734,10,639,2866807423,2026-07-14T15:39:03.017712+00:00,63.800137,25065,41,0202aae0027f61e9005a5811460e29efbf1ffffffc2246cd1e00000fc0007ebfe9ed0737feebfff600,1,TX 41 seq=23142 rx_latency=1ms tx_dur=1ms,23.364,
2734,10,640,2866807424,2026-07-14T15:39:03.117716+00:00,63.900148,25165,41,0202aae00280624d005a5811460e29efbf1ffffffc2246cd1e00000fc0007ebfe9ed0737feebfff600,1,TX 41 seq=23143 rx_latency=1ms tx_dur=1ms,15.833,
2734,10,641,2866807425,2026-07-14T15:39:03.217711+00:00,64.000136,25265,41,0202aae0028162b1005a5811460e29efbf1ffffffc2246cd1e00000fc0007ebfe9ed0737feebfff600,1,TX 41 seq=23144 rx_latency=1ms tx_dur=1ms,17.146,
2734,10,642,2866807426,2026-07-14T15:39:03.317713+00:00,64.100140,25365,41,0202aae002826315005a5811460e29efbf1ffffffc2246cd1e00000fc0007ebfe9ed0737feebfff600,1,TX 41 seq=23145 rx_latency=1ms tx_dur=1ms,18.944,
2734,10,643,2866807427,2026-07-14T15:39:03.417711+00:00,64.200138,25465,41,0202aae002836379005a5811460e29efbf1ffffffc2246cd1e00000fc0007ebfe9ed0737feebfff600,1,TX 41 seq=23146 rx_latency=1ms tx_dur=1ms,21.430,
2734,10,644,2866807428,2026-07-14T15:39:03.517712+00:00,64.300140,25565,41,0202aae0028463dd005a5811460e29efbf1ffffffc2246cd1e00000fc0007ebfe9ed0737feebfff600,1,TX 41 seq=23147 rx_latency=1ms tx_dur=1ms,23.798,
2734,10,645,2866807429,2026-07-14T15:39:03.617709+00:00,64.400134,25665,41,0202aae002856441005a5811460e29efbf1ffffffc2246cd1e00000fc0007ebfe9ed0737feebfff600,1,TX 41 seq=23148 rx_latency=1ms tx_dur=1ms,15.780,
2734,10,646,2866807430,2026-07-14T15:39:03.717718+00:00,64.500156,25765,41,0202aae0028664a5005a5811460e29efbf1ffffffc2246cd1e00000fc0007ebfe9ed0737feebfff600,1,TX 41 seq=23149 rx_latency=1ms tx_dur=1ms,17.014,
2734,10,647,2866807431,2026-07-14T15:39:03.817718+00:00,64.600151,25865,41,0202aae002876509005a5811460e29efbf1ffffffc2246cd1e00000fc0007ebfe9ed0737feebfff600,1,TX 41 seq=23150 rx_latency=1ms tx_dur=1ms,19.810,
2734,10,648,2866807432,2026-07-14T15:39:03.917715+00:00,64.700148,25965,41,0202aae00288656d005a5811460e29efbf1ffffffc2246cd1e00000fc0007ebfe9ed0737feebfff600,1,TX 41 seq=23151 rx_latency=1ms tx_dur=1ms,21.181,
2734,10,649,2866807433,2026-07-14T15:39:04.017714+00:00,64.800142,26065,41,0202aae0028965d1005a5811460e29efbf1ffffffc2246cd1e00000fc0007ebfe9ed0737feebfff600,1,TX 41 seq=23152 rx_latency=1ms tx_dur=1ms,23.610,
2734,10,650,2866807434,2026-07-14T15:39:04.117706+00:00,64.900127,26165,41,0202aae0028a6635005a5811460e29efbf1ffffffc2246cd1e00000fc0007ebfe9ed0737feebfff600,1,TX 41 seq=23153 rx_latency=1ms tx_dur=1ms,16.467,
2734,10,651,2866807435,2026-07-14T15:39:04.217667+00:00,65.000098,26265,41,0202aae0028b6699005a5811460e29efbf1ffffffc2246cd1e00000fc0007ebfe9ed0737feebfff600,1,TX 41 seq=23154 rx_latency=1ms tx_dur=1ms,16.879,
2734,10,652,2866807436,2026-07-14T15:39:04.317725+00:00,65.100175,26365,41,0202aae0028c66fd005a5811460e29efbf1ffffffc2246cd1e00000fc0007ebfe9ed0737feebfff600,1,TX 41 seq=23155 rx_latency=1ms tx_dur=1ms,19.126,
2734,10,653,2866807437,2026-07-14T15:39:04.417719+00:00,65.200152,26465,41,0202aae0028d6761005a5811460e29efbf1ffffffc2246cd1e00000fc0007ebfe9ed0737feebfff600,1,TX 41 seq=23156 rx_latency=1ms tx_dur=1ms,21.588,
2734,10,654,2866807438,2026-07-14T15:39:04.517713+00:00,65.300141,26565,41,0202aae0028e67c5005a5811460e29efbf1ffffffc2246cd1e00000fc0007ebfe9ed0737feebfff600,1,TX 41 seq=23157 rx_latency=1ms tx_dur=1ms,23.358,
2734,10,655,2866807439,2026-07-14T15:39:04.617713+00:00,65.400137,26665,41,0202aae0028f6829005a5811460e29efbf1ffffffc2246cd1e00000fc0007ebfe9ed0737feebfff600,1,TX 41 seq=23158 rx_latency=1ms tx_dur=1ms,15.134,
2734,10,656,2866807440,2026-07-14T15:39:04.717719+00:00,65.500161,26765,41,0202aae00290688d005a5811460e29efbf1ffffffc2246cd1e00000fc0007ebfe9ed0737feebfff600,1,TX 41 seq=23159 rx_latency=1ms tx_dur=1ms,16.980,
2734,10,657,2866807441,2026-07-14T15:39:04.817717+00:00,65.600151,26865,41,0202aae0029168f1005a5811460e29efbf1ffffffc2246cd1e00000fc0007ebfe9ed0737feebfff600,1,TX 41 seq=23160 rx_latency=1ms tx_dur=1ms,19.451,
2734,10,658,2866807442,2026-07-14T15:39:04.917713+00:00,65.700150,26965,41,0202aae002926955005a5811460e29efbf1ffffffc2246cd1e00000fc0007ebfe9ed0737feebfff600,1,TX 41 seq=23161 rx_latency=1ms tx_dur=1ms,21.115,
2734,10,659,2866807443,2026-07-14T15:39:05.017715+00:00,65.800145,27065,41,0202aae0029369b9005a5811460e29efbf1ffffffc2246cd1e00000fc0007ebfe9ed0737feebfff600,1,TX 41 seq=23162 rx_latency=1ms tx_dur=1ms,22.906,
2734,10,660,2866807444,2026-07-14T15:39:05.117713+00:00,65.900139,27165,41,0202aae002946a1d005a5811460e29efbf1ffffffc2246cd1e00000fc0007ebfe9ed0737feebfff600,1,TX 41 seq=23163 rx_latency=1ms tx_dur=1ms,14.954,
2734,10,661,2866807445,2026-07-14T15:39:05.217711+00:00,66.000141,27265,41,0202aae002956a81005a5811460e29efbf1ffffffc2246cd1e00000fc0007ebfe9ed0737feebfff600,1,TX 41 seq=23164 rx_latency=1ms tx_dur=1ms,17.857,
2734,10,662,2866807446,2026-07-14T15:39:05.317714+00:00,66.100143,27365,41,0202aae002966ae5005a5811460e29efbf1ffffffc2246cd1e00000fc0007ebfe9ed0737feebfff600,1,TX 41 seq=23165 rx_latency=1ms tx_dur=1ms,19.214,
2734,10,663,2866807447,2026-07-14T15:39:05.417707+00:00,66.200132,27465,41,0202aae002976b49005a5811460e29efbf1ffffffc2246cd1e00000fc0007ebfe9ed0737feebfff600,1,TX 41 seq=23166 rx_latency=1ms tx_dur=1ms,21.566,
2734,10,664,2866807448,2026-07-14T15:39:05.517714+00:00,66.300141,27565,41,0202aae002986bad005a5811460e29efbf1ffffffc2246cd1e00000fc0007ebfe9ed0737feebfff600,1,TX 41 seq=23167 rx_latency=1ms tx_dur=1ms,23.415,
2734,10,665,2866807449,2026-07-14T15:39:05.617713+00:00,66.400140,27665,41,0202aae002996c11005a5811460e29efbf1ffffffc2246cd1e00000fc0007ebfe9ed0737feebfff600,1,TX 41 seq=23168 rx_latency=1ms tx_dur=1ms,14.836,
2734,10,666,2866807450,2026-07-14T15:39:05.717713+00:00,66.500142,27765,41,0202aae0029a6c75005a5811460e29efbf1ffffffc2246cd1e00000fc0007ebfe9ed0737feebfff600,1,TX 41 seq=23169 rx_latency=1ms tx_dur=1ms,17.194,
2734,10,667,2866807451,2026-07-14T15:39:05.817636+00:00,66.600060,27865,41,0202aae0029b6cd9005a5811460e29efbf1ffffffc2246cd1e00000fc0007ebfe9ed0737feebfff600,1,TX 41 seq=23170 rx_latency=1ms tx_dur=1ms,19.122,
2734,10,668,2866807452,2026-07-14T15:39:05.917719+00:00,66.700152,27965,41,0202aae0029c6d3d005a5811460e29efbf1ffffffc2246cd1e00000fc0007ebfe9ed0737feebfff600,1,TX 41 seq=23171 rx_latency=1ms tx_dur=1ms,21.387,
2734,10,669,2866807453,2026-07-14T15:39:06.017706+00:00,66.800128,28065,41,0202aae0029d6da1005a5811460e29efbf1ffffffc2246cd1e00000fc0007ebfe9ed0737feebfff600,1,TX 41 seq=23172 rx_latency=1ms tx_dur=1ms,23.040,
2734,10,670,2866807454,2026-07-14T15:39:06.117714+00:00,66.900152,28165,41,0202aae0029e6e05005a5811460e29efbf1ffffffc2246cd1e00000fc0007ebfe9ed0737feebfff600,1,TX 41 seq=23173 rx_latency=1ms tx_dur=1ms,15.733,
2734,10,671,2866807455,2026-07-14T15:39:06.217717+00:00,67.000147,28265,41,0202aae0029f6e69005a5811460e29efbf1ffffffc2246cd1e00000fc0007ebfe9ed0737feebfff600,1,TX 41 seq=23174 rx_latency=1ms tx_dur=1ms,16.985,
2734,10,672,2866807456,2026-07-14T15:39:06.317712+00:00,67.100137,28365,41,0202aae002a06ecd005a5811460e29efbf1ffffffc2246cd1e00000fc0007ebfe9ed0737feebfff600,1,TX 41 seq=23175 rx_latency=1ms tx_dur=1ms,18.981,
2734,10,673,2866807457,2026-07-14T15:39:06.417712+00:00,67.200135,28465,41,0202aae002a16f31005a5811460e29efbf1ffffffc2246cd1e00000fc0007ebfe9ed0737feebfff600,1,TX 41 seq=23176 rx_latency=1ms tx_dur=1ms,21.356,
2734,10,674,2866807458,2026-07-14T15:39:06.517712+00:00,67.300134,28565,41,0202aae002a26f95005a5811460e29efbf1ffffffc2246cd1e00000fc0007ebfe9ed0737feebfff600,1,TX 41 seq=23177 rx_latency=1ms tx_dur=1ms,23.794,
2734,10,675,2866807459,2026-07-14T15:39:06.617715+00:00,67.400142,28665,41,0202aae002a36ff9005a5811460e29efbf1ffffffc2246cd1e00000fc0007ebfe9ed0737feebfff600,1,TX 41 seq=23178 rx_latency=1ms tx_dur=1ms,15.507,
2734,10,676,2866807460,2026-07-14T15:39:06.717723+00:00,67.500169,28765,41,0202aae002a4705d005a5811460e29efbf1ffffffc2246cd1e00000fc0007ebfe9ed0737feebfff600,1,TX 41 seq=23179 rx_latency=1ms tx_dur=1ms,17.155,
2734,10,677,2866807461,2026-07-14T15:39:06.817713+00:00,67.600140,28865,41,0202aae002a570c1005a5811460e29efbf1ffffffc2246cd1e00000fc0007ebfe9ed0737feebfff600,1,TX 41 seq=23180 rx_latency=1ms tx_dur=1ms,19.124,
2734,10,678,2866807462,2026-07-14T15:39:06.917716+00:00,67.700144,28965,41,0202aae002a67125005a5811460e29efbf1ffffffc2246cd1e00000fc0007ebfe9ed0737feebfff600,1,TX 41 seq=23181 rx_latency=1ms tx_dur=1ms,21.576,
2734,10,679,2866807463,2026-07-14T15:39:07.017714+00:00,67.800138,29065,41,0202aae002a77189005a5811460e29efbf1ffffffc2246cd1e00000fc0007ebfe9ed0737feebfff600,1,TX 41 seq=23182 rx_latency=1ms tx_dur=1ms,23.344,
2734,10,680,2866807464,2026-07-14T15:39:07.117723+00:00,67.900164,29165,41,0202aae002a871ed005a5811460e29efbf1ffffffc2246cd1e00000fc0007ebfe9ed0737feebfff600,1,TX 41 seq=23183 rx_latency=1ms tx_dur=1ms,15.031,
2734,10,681,2866807465,2026-07-14T15:39:07.217719+00:00,68.000153,29265,41,0202aae002a97251005a5811460e29efbf1ffffffc2246cd1e00000fc0007ebfe9ed0737feebfff600,1,TX 41 seq=23184 rx_latency=1ms tx_dur=1ms,16.988,
2734,10,682,2866807466,2026-07-14T15:39:07.317716+00:00,68.100144,29365,41,0202aae002aa72b5005a5811460e29efbf1ffffffc2246cd1e00000fc0007ebfe9ed0737feebfff600,1,TX 41 seq=23185 rx_latency=1ms tx_dur=1ms,19.409,
2734,10,683,2866807467,2026-07-14T15:39:07.417715+00:00,68.200139,29465,41,0202aae002ab7319005a5811460e29efbf1ffffffc2246cd1e00000fc0007ebfe9ed0737feebfff600,1,TX 41 seq=23186 rx_latency=1ms tx_dur=1ms,21.147,
2734,10,684,2866807468,2026-07-14T15:39:07.517713+00:00,68.300136,29565,41,0202aae002ac737d005a5811460e29efbf1ffffffc2246cd1e00000fc0007ebfe9ed0737feebfff600,1,TX 41 seq=23187 rx_latency=1ms tx_dur=1ms,22.894,
2734,10,685,2866807469,2026-07-14T15:39:07.617723+00:00,68.400149,29665,41,0202aae002ad73e1005a5811460e29efbf1ffffffc2246cd1e00000fc0007ebfe9ed0737feebfff600,1,TX 41 seq=23188 rx_latency=1ms tx_dur=1ms,14.785,
2734,10,686,2866807470,2026-07-14T15:39:07.717737+00:00,68.500185,29765,41,0202aae002ae7445005a5811460e29efbf1ffffffc2246cd1e00000fc0007ebfe9ed0737feebfff600,1,TX 41 seq=23189 rx_latency=1ms tx_dur=1ms,17.244,
2734,10,687,2866807471,2026-07-14T15:39:07.817721+00:00,68.600153,29865,41,0202aae002af74a9005a5811460e29efbf1ffffffc2246cd1e00000fc0007ebfe9ed0737feebfff600,1,TX 41 seq=23190 rx_latency=1ms tx_dur=1ms,18.891,
2734,10,688,2866807472,2026-07-14T15:39:07.917716+00:00,68.700137,29965,41,0202aae002b0750d005a5811460e29efbf1ffffffc2246cd1e00000fc0007ebfe9ed0737feebfff600,1,TX 41 seq=23191 rx_latency=1ms tx_dur=1ms,21.900,
2734,10,689,2866807473,2026-07-14T15:39:08.017726+00:00,68.800156,30065,41,0202aae002b17571005a5811460e29efbf1ffffffc2246cd1e00000fc0007ebfe9ed0737feebfff600,1,TX 41 seq=23192 rx_latency=1ms tx_dur=1ms,23.774,
2734,10,690,2866807474,2026-07-14T15:39:08.117715+00:00,68.900142,30165,41,0202aae002b275d5005a5811460e29efbf1ffffffc2246cd1e00000fc0007ebfe9ed0737feebfff600,1,TX 41 seq=23193 rx_latency=1ms tx_dur=1ms,15.637,
2734,10,691,2866807475,2026-07-14T15:39:08.217711+00:00,69.000139,30265,41,0202aae002b37639005a5811460e29efbf1ffffffc2246cd1e00000fc0007ebfe9ed0737feebfff600,1,TX 41 seq=23194 rx_latency=1ms tx_dur=1ms,16.944,
2734,10,692,2866807476,2026-07-14T15:39:08.317713+00:00,69.100142,30365,41,0202aae002b4769d005a5811460e29efbf1ffffffc2246cd1e00000fc0007ebfe9ed0737feebfff600,1,TX 41 seq=23195 rx_latency=1ms tx_dur=1ms,19.301,
2734,10,693,2866807477,2026-07-14T15:39:08.417650+00:00,69.200072,30465,41,0202aae002b57701005a5811460e29efbf1ffffffc2246cd1e00000fc0007ebfe9ed0737feebfff600,1,TX 41 seq=23196 rx_latency=1ms tx_dur=1ms,21.111,
2734,10,694,2866807478,2026-07-14T15:39:08.517714+00:00,69.300136,30565,41,0202aae002b67765005a5811460e29efbf1ffffffc2246cd1e00000fc0007ebfe9ed0737feebfff600,1,TX 41 seq=23197 rx_latency=1ms tx_dur=1ms,23.877,
2734,10,695,2866807479,2026-07-14T15:39:08.617712+00:00,69.400135,30665,41,0202aae002b777c9005a5811460e29efbf1ffffffc2246cd1e00000fc0007ebfe9ed0737feebfff600,1,TX 41 seq=23198 rx_latency=1ms tx_dur=1ms,14.783,
2734,10,696,2866807480,2026-07-14T15:39:08.717708+00:00,69.500129,30765,41,0202aae002b8782d005a5811460e29efbf1ffffffc2246cd1e00000fc0007ebfe9ed0737feebfff600,1,TX 41 seq=23199 rx_latency=1ms tx_dur=1ms,17.575,
2734,10,697,2866807481,2026-07-14T15:39:08.817715+00:00,69.600140,30865,41,0202aae002b97891005a5811460e29efbf1ffffffc2246cd1e00000fc0007ebfe9ed0737feebfff600,1,TX 41 seq=23200 rx_latency=1ms tx_dur=1ms,19.052,
2734,10,698,2866807482,2026-07-14T15:39:08.917713+00:00,69.700138,30965,41,0202aae002ba78f5005a5811460e29efbf1ffffffc2246cd1e00000fc0007ebfe9ed0737feebfff600,1,TX 41 seq=23201 rx_latency=1ms tx_dur=1ms,21.403,
2734,10,699,2866807483,2026-07-14T15:39:09.017708+00:00,69.800127,31065,41,0202aae002bb7959005a5811460e29efbf1ffffffc2246cd1e00000fc0007ebfe9ed0737feebfff600,1,TX 41 seq=23202 rx_latency=1ms tx_dur=1ms,23.130,
2734,10,700,2866807484,2026-07-14T15:39:09.117713+00:00,69.900136,31165,41,0202aae002bc79bd005a5811460e29efbf1ffffffc2246cd1e00000fc0007ebfe9ed0737feebfff600,1,TX 41 seq=23203 rx_latency=1ms tx_dur=1ms,15.781,
2734,10,701,2866807485,2026-07-14T15:39:09.217714+00:00,70.000148,31265,41,0202aae002bd7a21005a5811460e29efbf1ffffffc2246cd1e00000fc0007ebfe9ed0737feebfff600,1,TX 41 seq=23204 rx_latency=1ms tx_dur=1ms,16.972,
2734,10,702,2866807486,2026-07-14T15:39:09.317713+00:00,70.100141,31365,41,0202aae002be7a85005a5811460e29efbf1ffffffc2246cd1e00000fc0007ebfe9ed0737feebfff600,1,TX 41 seq=23205 rx_latency=1ms tx_dur=1ms,19.448,
2734,10,703,2866807487,2026-07-14T15:39:09.417720+00:00,70.200165,31465,41,0202aae002bf7ae9005a5811460e29efbf1ffffffc2246cd1e00000fc0007ebfe9ed0737feebfff600,1,TX 41 seq=23206 rx_latency=1ms tx_dur=1ms,21.157,
2734,10,704,2866807488,2026-07-14T15:39:09.517710+00:00,70.300136,31565,41,0202aae002c07b4d005a5811460e29efbf1ffffffc2246cd1e00000fc0007ebfe9ed0737feebfff600,1,TX 41 seq=23207 rx_latency=1ms tx_dur=1ms,22.897,
2734,10,705,2866807489,2026-07-14T15:39:09.617720+00:00,70.400157,31665,41,0202aae002c17bb1005a5811460e29efbf1ffffffc2246cd1e00000fc0007ebfe9ed0737feebfff600,1,TX 41 seq=23208 rx_latency=1ms tx_dur=1ms,14.833,
2734,10,706,2866807490,2026-07-14T15:39:09.717706+00:00,70.500129,31765,41,0202aae002c27c15005a5811460e29efbf1ffffffc2246cd1e00000fc0007ebfe9ed0737feebfff600,1,TX 41 seq=23209 rx_latency=1ms tx_dur=1ms,17.865,
2734,10,707,2866807491,2026-07-14T15:39:09.817715+00:00,70.600143,31865,41,0202aae002c37c79005a5811460e29efbf1ffffffc2246cd1e00000fc0007ebfe9ed0737feebfff600,1,TX 41 seq=23210 rx_latency=1ms tx_dur=1ms,19.182,
2734,10,708,2866807492,2026-07-14T15:39:09.917709+00:00,70.700135,31965,41,0202aae002c47cdd005a5811460e29efbf1ffffffc2246cd1e00000fc0007ebfe9ed0737feebfff600,1,TX 41 seq=23211 rx_latency=1ms tx_dur=1ms,21.533,
2734,10,709,2866807493,2026-07-14T15:39:10.017713+00:00,70.800140,32065,41,0202aae002c57d41005a5811460e29efbf1ffffffc2246cd1e00000fc0007ebfe9ed0737feebfff600,1,TX 41 seq=23212 rx_latency=1ms tx_dur=1ms,23.421,
2734,10,710,2866807494,2026-07-14T15:39:10.117713+00:00,70.900136,32165,41,0202aae002c67da5005a5811460e29efbf1ffffffc2246cd1e00000fc0007ebfe9ed0737feebfff600,1,TX 41 seq=23213 rx_latency=1ms tx_dur=1ms,15.815,
2734,10,711,2866807495,2026-07-14T15:39:10.217706+00:00,71.000124,32265,41,0202aae002c77e09005a5811460e29efbf1ffffffc2246cd1e00000fc0007ebfe9ed0737feebfff600,1,TX 41 seq=23214 rx_latency=1ms tx_dur=1ms,17.125,
2734,10,712,2866807496,2026-07-14T15:39:10.317716+00:00,71.100142,32365,41,0202aae002c87e6d005a5811460e29efbf1ffffffc2246cd1e00000fc0007ebfe9ed0737feebfff600,1,TX 41 seq=23215 rx_latency=1ms tx_dur=1ms,18.817,
2734,10,713,2866807497,2026-07-14T15:39:10.417713+00:00,71.200144,32465,41,0202aae002c97ed1005a5811460e29efbf1ffffffc2246cd1e00000fc0007ebfe9ed0737feebfff600,1,TX 41 seq=23216 rx_latency=1ms tx_dur=1ms,21.603,
2734,10,714,2866807498,2026-07-14T15:39:10.517723+00:00,71.300166,32565,41,0202aae002ca7f35005a5811460e29efbf1ffffffc2246cd1e00000fc0007ebfe9ed0737feebfff600,1,TX 41 seq=23217 rx_latency=1ms tx_dur=1ms,23.657,
2734,10,715,2866807499,2026-07-14T15:39:10.617723+00:00,71.400162,32665,41,0202aae002cb7f99005a5811460e29efbf1ffffffc2246cd1e00000fc0007ebfe9ed0737feebfff600,1,TX 41 seq=23218 rx_latency=1ms tx_dur=1ms,14.967,
2734,10,716,2866807500,2026-07-14T15:39:10.717710+00:00,71.500136,32765,41,0202aae002cc7ffd005a5811460e29efbf1ffffffc2246cd1e00000fc0007ebfe9ed0737feebfff600,1,TX 41 seq=23219 rx_latency=1ms tx_dur=1ms,16.868,
2734,10,717,2866807501,2026-07-14T15:39:10.817715+00:00,71.600142,32865,41,0202aae002cd8061005a5811460e29efbf1ffffffc2246cd1e00000fc0007ebfe9ed0737feebfff600,1,TX 41 seq=23220 rx_latency=1ms tx_dur=1ms,19.208,
2734,10,718,2866807502,2026-07-14T15:39:10.917709+00:00,71.700134,32965,41,0202aae002ce80c5005a5811460e29efbf1ffffffc2246cd1e00000fc0007ebfe9ed0737feebfff600,1,TX 41 seq=23221 rx_latency=1ms tx_dur=1ms,21.170,
2734,10,719,2866807503,2026-07-14T15:39:11.017714+00:00,71.800141,33065,41,0202aae002cf8129005a5811460e29efbf1ffffffc2246cd1e00000fc0007ebfe9ed0737feebfff600,1,TX 41 seq=23222 rx_latency=1ms tx_dur=1ms,23.642,
2734,10,720,2866807504,2026-07-14T15:39:11.117707+00:00,71.900130,33165,41,0202aae002d0818d005a5811460e29efbf1ffffffc2246cd1e00000fc0007ebfe9ed0737feebfff600,1,TX 41 seq=23223 rx_latency=1ms tx_dur=1ms,14.979,
2734,10,721,2866807505,2026-07-14T15:39:11.217730+00:00,72.000183,33265,41,0202aae002d181f1005a5811460e29efbf1ffffffc2246cd1e00000fc0007ebfe9ed0737feebfff600,1,TX 41 seq=23224 rx_latency=1ms tx_dur=1ms,17.238,
2734,10,722,2866807506,2026-07-14T15:39:11.317708+00:00,72.100136,33365,41,0202aae002d28255005a5811460e29efbf1ffffffc2246cd1e00000fc0007ebfe9ed0737feebfff600,1,TX 41 seq=23225 rx_latency=1ms tx_dur=1ms,19.076,
2734,10,723,2866807507,2026-07-14T15:39:11.417714+00:00,72.200140,33465,41,0202aae002d382b9005a5811460e29efbf1ffffffc2246cd1e00000fc0007ebfe9ed0737feebfff600,1,TX 41 seq=23226 rx_latency=1ms tx_dur=1ms,20.812,
2734,10,724,2866807508,2026-07-14T15:39:11.517707+00:00,72.300127,33565,41,0202aae002d4831d005a5811460e29efbf1ffffffc2246cd1e00000fc0007ebfe9ed0737feebfff600,1,TX 41 seq=23227 rx_latency=1ms tx_dur=1ms,23.810,
2734,10,725,2866807509,2026-07-14T15:39:11.617726+00:00,72.400169,33665,41,0202aae002d58381005a5811460e29efbf1ffffffc2246cd1e00000fc0007ebfe9ed0737feebfff600,1,TX 41 seq=23228 rx_latency=1ms tx_dur=1ms,15.675,
2734,10,726,2866807510,2026-07-14T15:39:11.717718+00:00,72.500150,33765,41,0202aae002d683e5005a5811460e29efbf1ffffffc2246cd1e00000fc0007ebfe9ed0737feebfff600,1,TX 41 seq=23229 rx_latency=1ms tx_dur=1ms,16.976,
2734,10,727,2866807511,2026-07-14T15:39:11.817709+00:00,72.600135,33865,41,0202aae002d78449005a5811460e29efbf1ffffffc2246cd1e00000fc0007ebfe9ed0737feebfff600,1,TX 41 seq=23230 rx_latency=1ms tx_dur=1ms,19.411,
2734,10,728,2866807512,2026-07-14T15:39:11.917708+00:00,72.700132,33965,41,0202aae002d884ad005a5811460e29efbf1ffffffc2246cd1e00000fc0007ebfe9ed0737feebfff600,1,TX 41 seq=23231 rx_latency=1ms tx_dur=1ms,21.108,
2734,10,729,2866807513,2026-07-14T15:39:12.017715+00:00,72.800138,34065,41,0202aae002d98511005a5811460e29efbf1ffffffc2246cd1e00000fc0007ebfe9ed0737feebfff600,1,TX 41 seq=23232 rx_latency=1ms tx_dur=1ms,22.857,
2734,10,730,2866807514,2026-07-14T15:39:12.117709+00:00,72.900128,34165,41,0202aae002da8575005a5811460e29efbf1ffffffc2246cd1e00000fc0007ebfe9ed0737feebfff600,1,TX 41 seq=23233 rx_latency=1ms tx_dur=1ms,15.945,
2734,10,731,2866807515,2026-07-14T15:39:12.217716+00:00,73.000146,34265,41,0202aae002db85d9005a5811460e29efbf1ffffffc2246cd1e00000fc0007ebfe9ed0737feebfff600,1,TX 41 seq=23234 rx_latency=1ms tx_dur=1ms,17.205,
2734,10,732,2866807516,2026-07-14T15:39:12.317712+00:00,73.100136,34365,41,0202aae002dc863d005a5811460e29efbf1ffffffc2246cd1e00000fc0007ebfe9ed0737feebfff600,1,TX 41 seq=23235 rx_latency=1ms tx_dur=1ms,18.966,
2734,10,733,2866807517,2026-07-14T15:39:12.417712+00:00,73.200135,34465,41,0202aae002dd86a1005a5811460e29efbf1ffffffc2246cd1e00000fc0007ebfe9ed0737feebfff600,1,TX 41 seq=23236 rx_latency=1ms tx_dur=1ms,21.845,
2734,10,734,2866807518,2026-07-14T15:39:12.517715+00:00,73.300140,34565,41,0202aae002de8705005a5811460e29efbf1ffffffc2246cd1e00000fc0007ebfe9ed0737feebfff600,1,TX 41 seq=23237 rx_latency=1ms tx_dur=1ms,23.785,
2734,10,735,2866807519,2026-07-14T15:39:12.617707+00:00,73.400127,34665,41,0202aae002df8769005a5811460e29efbf1ffffffc2246cd1e00000fc0007ebfe9ed0737feebfff600,1,TX 41 seq=23238 rx_latency=1ms tx_dur=1ms,15.666,
2734,10,736,2866807520,2026-07-14T15:39:12.717722+00:00,73.500164,34765,41,0202aae002e087cd005a5811460e29efbf1ffffffc2246cd1e00000fc0007ebfe9ed0737feebfff600,1,TX 41 seq=23239 rx_latency=1ms tx_dur=1ms,16.915,
2734,10,737,2866807521,2026-07-14T15:39:12.817714+00:00,73.600139,34865,41,0202aae002e18831005a5811460e29efbf1ffffffc2246cd1e00000fc0007ebfe9ed0737feebfff600,1,TX 41 seq=23240 rx_latency=1ms tx_dur=1ms,19.393,
2734,10,738,2866807522,2026-07-14T15:39:12.917709+00:00,73.700134,34965,41,0202aae002e28895005a5811460e29efbf1ffffffc2246cd1e00000fc0007ebfe9ed0737feebfff600,1,TX 41 seq=23241 rx_latency=1ms tx_dur=1ms,21.172,
2734,10,739,2866807523,2026-07-14T15:39:13.017716+00:00,73.800142,35065,41,0202aae002e388f9005a5811460e29efbf1ffffffc2246cd1e00000fc0007ebfe9ed0737feebfff600,1,TX 41 seq=23242 rx_latency=1ms tx_dur=1ms,23.668,
2734,10,740,2866807524,2026-07-14T15:39:13.117713+00:00,73.900137,35165,41,0202aae002e4895d005a5811460e29efbf1ffffffc2246cd1e00000fc0007ebfe9ed0737feebfff600,1,TX 41 seq=23243 rx_latency=1ms tx_dur=1ms,14.976,
2734,10,741,2866807525,2026-07-14T15:39:13.217713+00:00,74.000139,35265,41,0202aae002e589c1005a5811460e29efbf1ffffffc2246cd1e00000fc0007ebfe9ed0737feebfff600,1,TX 41 seq=23244 rx_latency=1ms tx_dur=1ms,17.899,
2734,10,742,2866807526,2026-07-14T15:39:13.317716+00:00,74.100146,35365,41,0202aae002e68a25005a5811460e29efbf1ffffffc2246cd1e00000fc0007ebfe9ed0737feebfff600,1,TX 41 seq=23245 rx_latency=1ms tx_dur=1ms,19.158,
2734,10,743,2866807527,2026-07-14T15:39:13.417714+00:00,74.200141,35465,41,0202aae002e78a89005a5811460e29efbf1ffffffc2246cd1e00000fc0007ebfe9ed0737feebfff600,1,TX 41 seq=23246 rx_latency=1ms tx_dur=1ms,21.575,
2734,10,744,2866807528,2026-07-14T15:39:13.517707+00:00,74.300125,35565,41,0202aae002e88aed005a5811460e29efbf1ffffffc2246cd1e00000fc0007ebfe9ed0737feebfff600,1,TX 41 seq=23247 rx_latency=1ms tx_dur=1ms,23.283,
2734,10,745,2866807529,2026-07-14T15:39:13.617715+00:00,74.400143,35665,41,0202aae002e98b51005a5811460e29efbf1ffffffc2246cd1e00000fc0007ebfe9ed0737feebfff600,1,TX 41 seq=23248 rx_latency=1ms tx_dur=1ms,15.065,
2734,10,746,2866807530,2026-07-14T15:39:13.717733+00:00,74.500189,35765,41,0202aae002ea8bb5005a5811460e29efbf1ffffffc2246cd1e00000fc0007ebfe9ed0737feebfff600,1,TX 41 seq=23249 rx_latency=1ms tx_dur=1ms,17.002,
2734,10,747,2866807531,2026-07-14T15:39:13.817664+00:00,74.600093,35865,41,0202aae002eb8c19005a5811460e29efbf1ffffffc2246cd1e00000fc0007ebfe9ed0737feebfff600,1,TX 41 seq=23250 rx_latency=1ms tx_dur=1ms,19.523,
2734,10,748,2866807532,2026-07-14T15:39:13.917709+00:00,74.700133,35965,41,0202aae002ec8c7d005a5811460e29efbf1ffffffc2246cd1e00000fc0007ebfe9ed0737feebfff600,1,TX 41 seq=23251 rx_latency=1ms tx_dur=1ms,21.318,
2734,10,749,2866807533,2026-07-14T15:39:14.017717+00:00,74.800148,36065,41,0202aae002ed8ce1005a5811460e29efbf1ffffffc2246cd1e00000fc0007ebfe9ed0737feebfff600,1,TX 41 seq=23252 rx_latency=1ms tx_dur=1ms,23.672,
2734,10,750,2866807534,2026-07-14T15:39:14.117708+00:00,74.900128,36165,41,0202aae002ee8d45005a5811460e29efbf1ffffffc2246cd1e00000fc0007ebfe9ed0737feebfff600,1,TX 41 seq=23253 rx_latency=1ms tx_dur=1ms,16.509,
2734,10,751,2866807535,2026-07-14T15:39:14.217717+00:00,75.000144,36265,41,0202aae002ef8da9005a5811460e29efbf1ffffffc2246cd1e00000fc0007ebfe9ed0737feebfff600,1,TX 41 seq=23254 rx_latency=1ms tx_dur=1ms,16.923,
2734,10,752,2866807536,2026-07-14T15:39:14.317730+00:00,75.100183,36365,41,0202aae002f08e0d005a5811460e29efbf1ffffffc2246cd1e00000fc0007ebfe9ed0737feebfff600,1,TX 41 seq=23255 rx_latency=1ms tx_dur=1ms,19.297,
2734,10,753,2866807537,2026-07-14T15:39:14.417716+00:00,75.200146,36465,41,0202aae002f18e71005a5811460e29efbf1ffffffc2246cd1e00000fc0007ebfe9ed0737feebfff600,1,TX 41 seq=23256 rx_latency=1ms tx_dur=1ms,21.871,
2734,10,754,2866807538,2026-07-14T15:39:14.517715+00:00,75.300140,36565,41,0202aae002f28ed5005a5811460e29efbf1ffffffc2246cd1e00000fc0007ebfe9ed0737feebfff600,1,TX 41 seq=23257 rx_latency=1ms tx_dur=1ms,22.935,
2734,10,755,2866807539,2026-07-14T15:39:14.617707+00:00,75.400127,36665,41,0202aae002f38f39005a5811460e29efbf1ffffffc2246cd1e00000fc0007ebfe9ed0737feebfff600,1,TX 41 seq=23258 rx_latency=1ms tx_dur=1ms,14.918,
2734,10,756,2866807540,2026-07-14T15:39:14.717715+00:00,75.500144,36765,41,0202aae002f48f9d005a5811460e29efbf1ffffffc2246cd1e00000fc0007ebfe9ed0737feebfff600,1,TX 41 seq=23259 rx_latency=1ms tx_dur=1ms,17.852,
2734,10,757,2866807541,2026-07-14T15:39:14.817713+00:00,75.600136,36865,41,0202aae002f59001005a5811460e29efbf1ffffffc2246cd1e00000fc0007ebfe9ed0737feebfff600,1,TX 41 seq=23260 rx_latency=1ms tx_dur=1ms,19.132,
2734,10,758,2866807542,2026-07-14T15:39:14.917718+00:00,75.700158,36965,41,0202aae002f69065005a5811460e29efbf1ffffffc2246cd1e00000fc0007ebfe9ed0737feebfff600,1,TX 41 seq=23261 rx_latency=1ms tx_dur=1ms,21.450,
2734,10,759,2866807543,2026-07-14T15:39:15.017716+00:00,75.800148,37065,41,0202aae002f790c9005a5811460e29efbf1ffffffc2246cd1e00000fc0007ebfe9ed0737feebfff600,1,TX 41 seq=23262 rx_latency=1ms tx_dur=1ms,23.237,
2734,10,760,2866807544,2026-07-14T15:39:15.117707+00:00,75.900128,37165,41,0202aae002f8912d005a5811460e29efbf1ffffffc2246cd1e00000fc0007ebfe9ed0737feebfff600,1,TX 41 seq=23263 rx_latency=1ms tx_dur=1ms,15.390,
2734,10,761,2866807545,2026-07-14T15:39:15.217714+00:00,76.000138,37265,41,0202aae002f99191005a5811460e29efbf1ffffffc2246cd1e00000fc0007ebfe9ed0737feebfff600,1,TX 41 seq=23264 rx_latency=1ms tx_dur=1ms,17.491,
2734,10,762,2866807546,2026-07-14T15:39:15.317713+00:00,76.100137,37365,41,0202aae002fa91f5005a5811460e29efbf1ffffffc2246cd1e00000fc0007ebfe9ed0737feebfff600,1,TX 41 seq=23265 rx_latency=1ms tx_dur=1ms,19.443,
2734,10,763,2866807547,2026-07-14T15:39:15.417717+00:00,76.200144,37465,41,0202aae002fb9259005a5811460e29efbf1ffffffc2246cd1e00000fc0007ebfe9ed0737feebfff600,1,TX 41 seq=23266 rx_latency=1ms tx_dur=1ms,21.262,
2734,10,764,2866807548,2026-07-14T15:39:15.517713+00:00,76.300136,37565,41,0202aae002fc92bd005a5811460e29efbf1ffffffc2246cd1e00000fc0007ebfe9ed0737feebfff600,1,TX 41 seq=23267 rx_latency=1ms tx_dur=1ms,23.657,
2734,10,765,2866807549,2026-07-14T15:39:15.617707+00:00,76.400127,37665,41,0202aae002fd9321005a5811460e29efbf1ffffffc2246cd1e00000fc0007ebfe9ed0737feebfff600,1,TX 41 seq=23268 rx_latency=1ms tx_dur=1ms,16.460,
2734,10,766,2866807550,2026-07-14T15:39:15.717717+00:00,76.500148,37765,41,0202aae002fe9385005a5811460e29efbf1ffffffc2246cd1e00000fc0007ebfe9ed0737feebfff600,1,TX 41 seq=23269 rx_latency=1ms tx_dur=1ms,16.869,
2734,10,767,2866807551,2026-07-14T15:39:15.817713+00:00,76.600139,37865,41,0202aae002ff93e9005a5811460e29efbf1ffffffc2246cd1e00000fc0007ebfe9ed0737feebfff600,1,TX 41 seq=23270 rx_latency=1ms tx_dur=1ms,19.250,
2734,10,768,2866807552,2026-07-14T15:39:15.917718+00:00,76.700157,37965,41,0202aae00300944d005a5811460e29efbf1ffffffc2246cd1e00000fc0007ebfe9ed0737feebfff600,1,TX 41 seq=23271 rx_latency=1ms tx_dur=1ms,21.577,
2734,10,769,2866807553,2026-07-14T15:39:16.017706+00:00,76.800142,38065,41,0202aae0030194b1005a5811460e29efbf1ffffffc2246cd1e00000fc0007ebfe9ed0737feebfff600,1,TX 41 seq=23272 rx_latency=1ms tx_dur=1ms,23.351,
2734,10,770,2866807554,2026-07-14T15:39:16.117708+00:00,76.900130,38165,41,0202aae003029515005a5811460e29efbf1ffffffc2246cd1e00000fc0007ebfe9ed0737feebfff600,1,TX 41 seq=23273 rx_latency=1ms tx_dur=1ms,15.176,
2734,10,771,2866807555,2026-07-14T15:39:16.217712+00:00,77.000139,38265,41,0202aae003039579005a5811460e29efbf1ffffffc2246cd1e00000fc0007ebfe9ed0737feebfff600,1,TX 41 seq=23274 rx_latency=1ms tx_dur=1ms,17.098,
2734,10,772,2866807556,2026-07-14T15:39:16.317712+00:00,77.100136,38365,41,0202aae0030495dd005a5811460e29efbf1ffffffc2246cd1e00000fc0007ebfe9ed0737feebfff600,1,TX 41 seq=23275 rx_latency=1ms tx_dur=1ms,18.954,
2734,10,773,2866807557,2026-07-14T15:39:16.417715+00:00,77.200142,38465,41,0202aae003059641005a5811460e29efbf1ffffffc2246cd1e00000fc0007ebfe9ed0737feebfff600,1,TX 41 seq=23276 rx_latency=1ms tx_dur=1ms,21.397,
2734,10,774,2866807558,2026-07-14T15:39:16.517714+00:00,77.300141,38565,41,0202aae0030696a5005a5811460e29efbf1ffffffc2246cd1e00000fc0007ebfe9ed0737feebfff600,1,TX 41 seq=23277 rx_latency=1ms tx_dur=1ms,23.804,
2734,10,775,2866807559,2026-07-14T15:39:16.617676+00:00,77.400097,38665,41,0202aae003079709005a5811460e29efbf1ffffffc2246cd1e00000fc0007ebfe9ed0737feebfff600,1,TX 41 seq=23278 rx_latency=1ms tx_dur=1ms,15.716,
2734,10,776,2866807560,2026-07-14T15:39:16.717714+00:00,77.500138,38765,41,0202aae00308976d005a5811460e29efbf1ffffffc2246cd1e00000fc0007ebfe9ed0737feebfff600,1,TX 41 seq=23279 rx_latency=1ms tx_dur=1ms,17.017,
2734,10,777,2866807561,2026-07-14T15:39:16.817713+00:00,77.600135,38865,41,0202aae0030997d1005a5811460e29efbf1ffffffc2246cd1e00000fc0007ebfe9ed0737feebfff600,1,TX 41 seq=23280 rx_latency=1ms tx_dur=1ms,19.397,
2734,10,778,2866807562,2026-07-14T15:39:16.917713+00:00,77.700134,38965,41,0202aae0030a9835005a5811460e29efbf1ffffffc2246cd1e00000fc0007ebfe9ed0737feebfff600,1,TX 41 seq=23281 rx_latency=1ms tx_dur=1ms,21.213,
2734,10,779,2866807563,2026-07-14T15:39:17.017714+00:00,77.800139,39065,41,0202aae0030b9899005a5811460e29efbf1ffffffc2246cd1e00000fc0007ebfe9ed0737feebfff600,1,TX 41 seq=23282 rx_latency=1ms tx_dur=1ms,23.572,
2734,10,780,2866807564,2026-07-14T15:39:17.117708+00:00,77.900129,39165,41,0202aae0030c98fd005a5811460e29efbf1ffffffc2246cd1e00000fc0007ebfe9ed0737feebfff600,1,TX 41 seq=23283 rx_latency=1ms tx_dur=1ms,14.983,
2734,10,781,2866807565,2026-07-14T15:39:17.217721+00:00,78.000159,39265,41,0202aae0030d9961005a5811460e29efbf1ffffffc2246cd1e00000fc0007ebfe9ed0737feebfff600,1,TX 41 seq=23284 rx_latency=1ms tx_dur=1ms,17.757,
2734,10,782,2866807566,2026-07-14T15:39:17.317715+00:00,78.100140,39365,41,0202aae0030e99c5005a5811460e29efbf1ffffffc2246cd1e00000fc0007ebfe9ed0737feebfff600,1,TX 41 seq=23285 rx_latency=1ms tx_dur=1ms,19.489,
2734,10,783,2866807567,2026-07-14T15:39:17.417714+00:00,78.200137,39465,41,0202aae0030f9a29005a5811460e29efbf1ffffffc2246cd1e00000fc0007ebfe9ed0737feebfff600,1,TX 41 seq=23286 rx_latency=1ms tx_dur=1ms,21.436,
2734,10,784,2866807568,2026-07-14T15:39:17.517707+00:00,78.300127,39565,41,0202aae003109a8d005a5811460e29efbf1ffffffc2246cd1e00000fc0007ebfe9ed0737feebfff600,1,TX 41 seq=23287 rx_latency=1ms tx_dur=1ms,23.058,
2734,10,785,2866807569,2026-07-14T15:39:17.617711+00:00,78.400135,39665,41,0202aae003119af1005a5811460e29efbf1ffffffc2246cd1e00000fc0007ebfe9ed0737feebfff600,1,TX 41 seq=23288 rx_latency=1ms tx_dur=1ms,15.770,
2734,10,786,2866807570,2026-07-14T15:39:17.717714+00:00,78.500140,39765,41,0202aae003129b55005a5811460e29efbf1ffffffc2246cd1e00000fc0007ebfe9ed0737feebfff600,1,TX 41 seq=23289 rx_latency=1ms tx_dur=1ms,17.036,
2734,10,787,2866807571,2026-07-14T15:39:17.817714+00:00,78.600143,39865,41,0202aae003139bb9005a5811460e29efbf1ffffffc2246cd1e00000fc0007ebfe9ed0737feebfff600,1,TX 41 seq=23290 rx_latency=1ms tx_dur=1ms,19.437,
2734,10,788,2866807572,2026-07-14T15:39:17.917713+00:00,78.700136,39965,41,0202aae003149c1d005a5811460e29efbf1ffffffc2246cd1e00000fc0007ebfe9ed0737feebfff600,1,TX 41 seq=23291 rx_latency=1ms tx_dur=1ms,21.186,
2734,10,789,2866807573,2026-07-14T15:39:18.017708+00:00,78.800130,40065,41,0202aae003159c81005a5811460e29efbf1ffffffc2246cd1e00000fc0007ebfe9ed0737feebfff600,1,TX 41 seq=23292 rx_latency=1ms tx_dur=1ms,23.956,
2734,10,790,2866807574,2026-07-14T15:39:18.117713+00:00,78.900137,40165,41,0202aae003169ce5005a5811460e29efbf1ffffffc2246cd1e00000fc0007ebfe9ed0737feebfff600,1,TX 41 seq=23293 rx_latency=1ms tx_dur=1ms,14.876,
2734,10,791,2866807575,2026-07-14T15:39:18.217722+00:00,79.000163,40265,41,0202aae003179d49005a5811460e29efbf1ffffffc2246cd1e00000fc0007ebfe9ed0737feebfff600,1,TX 41 seq=23294 rx_latency=1ms tx_dur=1ms,17.218,
2734,10,792,2866807576,2026-07-14T15:39:18.317714+00:00,79.100140,40365,41,0202aae003189dad005a5811460e29efbf1ffffffc2246cd1e00000fc0007ebfe9ed0737feebfff600,1,TX 41 seq=23295 rx_latency=1ms tx_dur=1ms,19.012,
2734,10,793,2866807577,2026-07-14T15:39:18.417713+00:00,79.200136,40465,41,0202aae003199e11005a5811460e29efbf1ffffffc2246cd1e00000fc0007ebfe9ed0737feebfff600,1,TX 41 seq=23296 rx_latency=1ms tx_dur=1ms,21.857,
2734,10,794,2866807578,2026-07-14T15:39:18.517714+00:00,79.300136,40565,41,0202aae0031a9e75005a5811460e29efbf1ffffffc2246cd1e00000fc0007ebfe9ed0737feebfff600,1,TX 41 seq=23297 rx_latency=1ms tx_dur=1ms,23.805,
2734,10,795,2866807579,2026-07-14T15:39:18.617694+00:00,79.400129,40665,41,0202aae0031b9ed9005a5811460e29efbf1ffffffc2246cd1e00000fc0007ebfe9ed0737feebfff600,1,TX 41 seq=23298 rx_latency=1ms tx_dur=1ms,15.674,
2734,10,796,2866807580,2026-07-14T15:39:18.717717+00:00,79.500147,40765,41,0202aae0031c9f3d005a5811460e29efbf1ffffffc2246cd1e00000fc0007ebfe9ed0737feebfff600,1,TX 41 seq=23299 rx_latency=1ms tx_dur=1ms,17.003,
2734,10,797,2866807581,2026-07-14T15:39:18.817713+00:00,79.600140,40865,41,0202aae0031d9fa1005a5811460e29efbf1ffffffc2246cd1e00000fc0007ebfe9ed0737feebfff600,1,TX 41 seq=23300 rx_latency=1ms tx_dur=1ms,19.401,
2734,10,798,2866807582,2026-07-14T15:39:18.917675+00:00,79.700096,40965,41,0202aae0031ea005005a5811460e29efbf1ffffffc2246cd1e00000fc0007ebfe9ed0737feebfff600,1,TX 41 seq=23301 rx_latency=1ms tx_dur=1ms,21.270,
2734,10,799,2866807583,2026-07-14T15:39:19.017711+00:00,79.800138,41065,41,0202aae0031fa069005a5811460e29efbf1ffffffc2246cd1e00000fc0007ebfe9ed0737feebfff600,1,TX 41 seq=23302 rx_latency=1ms tx_dur=1ms,23.621,
2734,10,800,2866807584,2026-07-14T15:39:19.117709+00:00,79.900135,41165,41,0202aae00320a0cd005a5811460e29efbf1ffffffc2246cd1e00000fc0007ebfe9ed0737feebfff600,1,TX 41 seq=23303 rx_latency=1ms tx_dur=1ms,16.403,
2734,10,801,2866807585,2026-07-14T15:39:19.217726+00:00,80.000175,41265,41,0202aae00321a131005a5811460e29efbf1ffffffc2246cd1e00000fc0007ebfe9ed0737feebfff600,1,TX 41 seq=23304 rx_latency=1ms tx_dur=1ms,17.309,
2734,10,802,2866807586,2026-07-14T15:39:19.317709+00:00,80.100133,41365,41,0202aae00322a195005a5811460e29efbf1ffffffc2246cd1e00000fc0007ebfe9ed0737feebfff600,1,TX 41 seq=23305 rx_latency=1ms tx_dur=1ms,19.127,
2734,10,803,2866807587,2026-07-14T15:39:19.417712+00:00,80.200140,41465,41,0202aae00323a1f9005a5811460e29efbf1ffffffc2246cd1e00000fc0007ebfe9ed0737feebfff600,1,TX 41 seq=23306 rx_latency=1ms tx_dur=1ms,20.869,
2734,10,804,2866807588,2026-07-14T15:39:19.517712+00:00,80.300139,41565,41,0202aae00324a25d005a5811460e29efbf1ffffffc2246cd1e00000fc0007ebfe9ed0737feebfff600,1,TX 41 seq=23307 rx_latency=1ms tx_dur=1ms,23.927,
2734,10,805,2866807589,2026-07-14T15:39:19.617712+00:00,80.400148,41665,41,0202aae00325a2c1005a5811460e29efbf1ffffffc2246cd1e00000fc0007ebfe9ed0737feebfff600,1,TX 41 seq=23308 rx_latency=1ms tx_dur=1ms,15.783,
2734,10,806,2866807590,2026-07-14T15:39:19.717724+00:00,80.500175,41765,41,0202aae00326a325005a5811460e29efbf1ffffffc2246cd1e00000fc0007ebfe9ed0737feebfff600,1,TX 41 seq=23309 rx_latency=1ms tx_dur=1ms,16.946,
2734,10,807,2866807591,2026-07-14T15:39:19.817712+00:00,80.600142,41865,41,0202aae00327a389005a5811460e29efbf1ffffffc2246cd1e00000fc0007ebfe9ed0737feebfff600,1,TX 41 seq=23310 rx_latency=1ms tx_dur=1ms,19.768,
2734,10,808,2866807592,2026-07-14T15:39:19.917714+00:00,80.700140,41965,41,0202aae00328a3ed005a5811460e29efbf1ffffffc2246cd1e00000fc0007ebfe9ed0737feebfff600,1,TX 41 seq=23311 rx_latency=1ms tx_dur=1ms,21.357,
2734,10,809,2866807593,2026-07-14T15:39:20.017714+00:00,80.800141,42065,41,0202aae00329a451005a5811460e29efbf1ffffffc2246cd1e00000fc0007ebfe9ed0737feebfff600,1,TX 41 seq=23312 rx_latency=1ms tx_dur=1ms,23.728,
2734,10,810,2866807594,2026-07-14T15:39:20.117647+00:00,80.900074,42165,41,0202aae0032aa4b5005a5811460e29efbf1ffffffc2246cd1e00000fc0007ebfe9ed0737feebfff600,1,TX 41 seq=23313 rx_latency=1ms tx_dur=1ms,15.698,
2734,10,811,2866807595,2026-07-14T15:39:20.217748+00:00,81.000201,42265,41,0202aae0032ba519005a5811460e29efbf1ffffffc2246cd1e00000fc0007ebfe9ed0737feebfff600,1,TX 41 seq=23314 rx_latency=1ms tx_dur=1ms,16.830,
2734,10,812,2866807596,2026-07-14T15:39:20.317717+00:00,81.100156,42365,41,0202aae0032ca57d005a5811460e29efbf1ffffffc2246cd1e00000fc0007ebfe9ed0737feebfff600,1,TX 41 seq=23315 rx_latency=1ms tx_dur=1ms,19.236,
2734,10,813,2866807597,2026-07-14T15:39:20.417715+00:00,81.200144,42465,41,0202aae0032da5e1005a5811460e29efbf1ffffffc2246cd1e00000fc0007ebfe9ed0737feebfff600,1,TX 41 seq=23316 rx_latency=1ms tx_dur=1ms,21.168,
2734,10,814,2866807598,2026-07-14T15:39:20.517714+00:00,81.300136,42565,41,0202aae0032ea645005a5811460e29efbf1ffffffc2246cd1e00000fc0007ebfe9ed0737feebfff600,1,TX 41 seq=23317 rx_latency=1ms tx_dur=1ms,23.704,
2734,10,815,2866807599,2026-07-14T15:39:20.617717+00:00,81.400145,42665,41,0202aae0032fa6a9005a5811460e29efbf1ffffffc2246cd1e00000fc0007ebfe9ed0737feebfff600,1,TX 41 seq=23318 rx_latency=1ms tx_dur=1ms,14.925,
2734,10,816,2866807600,2026-07-14T15:39:20.717712+00:00,81.500137,42765,41,0202aae00330a70d005a5811460e29efbf1ffffffc2246cd1e00000fc0007ebfe9ed0737feebfff600,1,TX 41 seq=23319 rx_latency=1ms tx_dur=1ms,17.909,
2734,10,817,2866807601,2026-07-14T15:39:20.817715+00:00,81.600142,42865,41,0202aae00331a771005a5811460e29efbf1ffffffc2246cd1e00000fc0007ebfe9ed0737feebfff600,1,TX 41 seq=23320 rx_latency=1ms tx_dur=1ms,19.160,
2734,10,818,2866807602,2026-07-14T15:39:20.917713+00:00,81.700138,42965,41,0202aae00332a7d5005a5811460e29efbf1ffffffc2246cd1e00000fc0007ebfe9ed0737feebfff600,1,TX 41 seq=23321 rx_latency=1ms tx_dur=1ms,21.582,
2734,10,819,2866807603,2026-07-14T15:39:21.017713+00:00,81.800135,43065,41,0202aae00333a839005a5811460e29efbf1ffffffc2246cd1e00000fc0007ebfe9ed0737feebfff600,1,TX 41 seq=23322 rx_latency=1ms tx_dur=1ms,23.300,
2734,10,820,2866807604,2026-07-14T15:39:21.117707+00:00,81.900130,43165,41,0202aae00334a89d005a5811460e29efbf1ffffffc2246cd1e00000fc0007ebfe9ed0737feebfff600,1,TX 41 seq=23323 rx_latency=1ms tx_dur=1ms,15.076,
2734,10,821,2866807605,2026-07-14T15:39:21.217715+00:00,82.000141,43265,41,0202aae00335a901005a5811460e29efbf1ffffffc2246cd1e00000fc0007ebfe9ed0737feebfff600,1,TX 41 seq=23324 rx_latency=1ms tx_dur=1ms,16.995,
2734,10,822,2866807606,2026-07-14T15:39:21.317712+00:00,82.100136,43365,41,0202aae00336a965005a5811460e29efbf1ffffffc2246cd1e00000fc0007ebfe9ed0737feebfff600,1,TX 41 seq=23325 rx_latency=1ms tx_dur=1ms,18.969,
2734,10,823,2866807607,2026-07-14T15:39:21.417712+00:00,82.200134,43465,41,0202aae00337a9c9005a5811460e29efbf1ffffffc2246cd1e00000fc0007ebfe9ed0737feebfff600,1,TX 41 seq=23326 rx_latency=1ms tx_dur=1ms,21.449,
2734,10,824,2866807608,2026-07-14T15:39:21.517721+00:00,82.300159,43565,41,0202aae00338aa2d005a5811460e29efbf1ffffffc2246cd1e00000fc0007ebfe9ed0737feebfff600,1,TX 41 seq=23327 rx_latency=1ms tx_dur=1ms,23.768,
2734,10,825,2866807609,2026-07-14T15:39:21.617709+00:00,82.400133,43665,41,0202aae00339aa91005a5811460e29efbf1ffffffc2246cd1e00000fc0007ebfe9ed0737feebfff600,1,TX 41 seq=23328 rx_latency=1ms tx_dur=1ms,15.713,
2734,10,826,2866807610,2026-07-14T15:39:21.717722+00:00,82.500164,43765,41,0202aae0033aaaf5005a5811460e29efbf1ffffffc2246cd1e00000fc0007ebfe9ed0737feebfff600,1,TX 41 seq=23329 rx_latency=1ms tx_dur=1ms,16.989,
2734,10,827,2866807611,2026-07-14T15:39:21.817714+00:00,82.600143,43865,41,0202aae0033bab59005a5811460e29efbf1ffffffc2246cd1e00000fc0007ebfe9ed0737feebfff600,1,TX 41 seq=23330 rx_latency=1ms tx_dur=1ms,19.407,
2734,10,828,2866807612,2026-07-14T15:39:21.917696+00:00,82.700119,43965,41,0202aae0033cabbd005a5811460e29efbf1ffffffc2246cd1e00000fc0007ebfe9ed0737feebfff600,1,TX 41 seq=23331 rx_latency=1ms tx_dur=1ms,21.273,
2734,10,829,2866807613,2026-07-14T15:39:22.017714+00:00,82.800141,44065,41,0202aae0033dac21005a5811460e29efbf1ffffffc2246cd1e00000fc0007ebfe9ed0737feebfff600,1,TX 41 seq=23332 rx_latency=1ms tx_dur=1ms,23.619,
2734,10,830,2866807614,2026-07-14T15:39:22.117707+00:00,82.900130,44165,41,0202aae0033eac85005a5811460e29efbf1ffffffc2246cd1e00000fc0007ebfe9ed0737feebfff600,1,TX 41 seq=23333 rx_latency=1ms tx_dur=1ms,16.443,
2734,10,831,2866807615,2026-07-14T15:39:22.217675+00:00,83.000108,44265,41,0202aae0033face9005a5811460e29efbf1ffffffc2246cd1e00000fc0007ebfe9ed0737feebfff600,1,TX 41 seq=23334 rx_latency=1ms tx_dur=1ms,17.982,
2734,10,832,2866807616,2026-07-14T15:39:22.317713+00:00,83.100138,44365,41,0202aae00340ad4d005a5811460e29efbf1ffffffc2246cd1e00000fc0007ebfe9ed0737feebfff600,1,TX 41 seq=23335 rx_latency=1ms tx_dur=1ms,19.236,
2734,10,833,2866807617,2026-07-14T15:39:22.417711+00:00,83.200134,44465,41,0202aae00341adb1005a5811460e29efbf1ffffffc2246cd1e00000fc0007ebfe9ed0737feebfff600,1,TX 41 seq=23336 rx_latency=1ms tx_dur=1ms,20.866,
2734,10,834,2866807618,2026-07-14T15:39:22.517721+00:00,83.300159,44565,41,0202aae00342ae15005a5811460e29efbf1ffffffc2246cd1e00000fc0007ebfe9ed0737feebfff600,1,TX 41 seq=23337 rx_latency=1ms tx_dur=1ms,23.505,
2734,10,835,2866807619,2026-07-14T15:39:22.617713+00:00,83.400140,44665,41,0202aae00343ae79005a5811460e29efbf1ffffffc2246cd1e00000fc0007ebfe9ed0737feebfff600,1,TX 41 seq=23338 rx_latency=1ms tx_dur=1ms,15.955,
2734,10,836,2866807620,2026-07-14T15:39:22.717712+00:00,83.500136,44765,41,0202aae00344aedd005a5811460e29efbf1ffffffc2246cd1e00000fc0007ebfe9ed0737feebfff600,1,TX 41 seq=23339 rx_latency=1ms tx_dur=1ms,17.921,
2734,10,837,2866807621,2026-07-14T15:39:22.817712+00:00,83.600136,44865,41,0202aae00345af41005a5811460e29efbf1ffffffc2246cd1e00000fc0007ebfe9ed0737feebfff600,1,TX 41 seq=23340 rx_latency=1ms tx_dur=1ms,19.183,
2734,10,838,2866807622,2026-07-14T15:39:22.917712+00:00,83.700136,44965,41,0202aae00346afa5005a5811460e29efbf1ffffffc2246cd1e00000fc0007ebfe9ed0737feebfff600,1,TX 41 seq=23341 rx_latency=1ms tx_dur=1ms,21.601,
2734,10,839,2866807623,2026-07-14T15:39:23.017715+00:00,83.800141,45065,41,0202aae00347b009005a5811460e29efbf1ffffffc2246cd1e00000fc0007ebfe9ed0737feebfff600,1,TX 41 seq=23342 rx_latency=1ms tx_dur=1ms,23.338,
2734,10,840,2866807624,2026-07-14T15:39:23.117709+00:00,83.900134,45165,41,0202aae00348b06d005a5811460e29efbf1ffffffc2246cd1e00000fc0007ebfe9ed0737feebfff600,1,TX 41 seq=23343 rx_latency=1ms tx_dur=1ms,15.090,
2734,10,841,2866807625,2026-07-14T15:39:23.217714+00:00,84.000141,45265,41,0202aae00349b0d1005a5811460e29efbf1ffffffc2246cd1e00000fc0007ebfe9ed0737feebfff600,1,TX 41 seq=23344 rx_latency=1ms tx_dur=1ms,17.020,
2734,10,842,2866807626,2026-07-14T15:39:23.317708+00:00,84.100133,45365,41,0202aae0034ab135005a5811460e29efbf1ffffffc2246cd1e00000fc0007ebfe9ed0737feebfff600,1,TX 41 seq=23345 rx_latency=1ms tx_dur=1ms,19.777,
2734,10,843,2866807627,2026-07-14T15:39:23.417713+00:00,84.200140,45465,41,0202aae0034bb199005a5811460e29efbf1ffffffc2246cd1e00000fc0007ebfe9ed0737feebfff600,1,TX 41 seq=23346 rx_latency=1ms tx_dur=1ms,21.342,
2734,10,844,2866807628,2026-07-14T15:39:23.517718+00:00,84.300155,45565,41,0202aae0034cb1fd005a5811460e29efbf1ffffffc2246cd1e00000fc0007ebfe9ed0737feebfff600,1,TX 41 seq=23347 rx_latency=1ms tx_dur=1ms,23.673,
2734,10,845,2866807629,2026-07-14T15:39:23.617707+00:00,84.400129,45665,41,0202aae0034db261005a5811460e29efbf1ffffffc2246cd1e00000fc0007ebfe9ed0737feebfff600,1,TX 41 seq=23348 rx_latency=1ms tx_dur=1ms,15.603,
2734,10,846,2866807630,2026-07-14T15:39:23.717726+00:00,84.500169,45765,41,0202aae0034eb2c5005a5811460e29efbf1ffffffc2246cd1e00000fc0007ebfe9ed0737feebfff600,1,TX 41 seq=23349 rx_latency=1ms tx_dur=1ms,16.878,
2734,10,847,2866807631,2026-07-14T15:39:23.817715+00:00,84.600142,45865,41,0202aae0034fb329005a5811460e29efbf1ffffffc2246cd1e00000fc0007ebfe9ed0737feebfff600,1,TX 41 seq=23350 rx_latency=1ms tx_dur=1ms,19.302,
2734,10,848,2866807632,2026-07-14T15:39:23.917710+00:00,84.700140,45965,41,0202aae00350b38d005a5811460e29efbf1ffffffc2246cd1e00000fc0007ebfe9ed0737feebfff600,1,TX 41 seq=23351 rx_latency=1ms tx_dur=1ms,21.155,
2734,10,849,2866807633,2026-07-14T15:39:24.017716+00:00,84.800146,46065,41,0202aae00351b3f1005a5811460e29efbf1ffffffc2246cd1e00000fc0007ebfe9ed0737feebfff600,1,TX 41 seq=23352 rx_latency=1ms tx_dur=1ms,23.613,
2734,10,850,2866807634,2026-07-14T15:39:24.117650+00:00,84.900079,46165,41,0202aae00352b455005a5811460e29efbf1ffffffc2246cd1e00000fc0007ebfe9ed0737feebfff600,1,TX 41 seq=23353 rx_latency=1ms tx_dur=1ms,15.003,
2734,10,851,2866807635,2026-07-14T15:39:24.217709+00:00,85.000133,46265,41,0202aae00353b4b9005a5811460e29efbf1ffffffc2246cd1e00000fc0007ebfe9ed0737feebfff600,1,TX 41 seq=23354 rx_latency=1ms tx_dur=1ms,17.880,
2734,10,852,2866807636,2026-07-14T15:39:24.317715+00:00,85.100142,46365,41,0202aae00354b51d005a5811460e29efbf1ffffffc2246cd1e00000fc0007ebfe9ed0737feebfff600,1,TX 41 seq=23355 rx_latency=1ms tx_dur=1ms,19.234,
2734,10,853,2866807637,2026-07-14T15:39:24.417712+00:00,85.200136,46465,41,0202aae00355b581005a5811460e29efbf1ffffffc2246cd1e00000fc0007ebfe9ed0737feebfff600,1,TX 41 seq=23356 rx_latency=1ms tx_dur=1ms,21.610,
2734,10,854,2866807638,2026-07-14T15:39:24.517714+00:00,85.300139,46565,41,0202aae00356b5e5005a5811460e29efbf1ffffffc2246cd1e00000fc0007ebfe9ed0737feebfff600,1,TX 41 seq=23357 rx_latency=1ms tx_dur=1ms,23.452,
2734,10,855,2866807639,2026-07-14T15:39:24.617707+00:00,85.400132,46665,41,0202aae00357b649005a5811460e29efbf1ffffffc2246cd1e00000fc0007ebfe9ed0737feebfff600,1,TX 41 seq=23358 rx_latency=1ms tx_dur=1ms,15.862,
2734,10,856,2866807640,2026-07-14T15:39:24.717714+00:00,85.500139,46765,41,0202aae00358b6ad005a5811460e29efbf1ffffffc2246cd1e00000fc0007ebfe9ed0737feebfff600,1,TX 41 seq=23359 rx_latency=1ms tx_dur=1ms,17.178,
2734,10,857,2866807641,2026-07-14T15:39:24.817677+00:00,85.600115,46865,41,0202aae00359b711005a5811460e29efbf1ffffffc2246cd1e00000fc0007ebfe9ed0737feebfff600,1,TX 41 seq=23360 rx_latency=1ms tx_dur=1ms,18.904,
2734,10,858,2866807642,2026-07-14T15:39:24.917718+00:00,85.700152,46965,41,0202aae0035ab775005a5811460e29efbf1ffffffc2246cd1e00000fc0007ebfe9ed0737feebfff600,1,TX 41 seq=23361 rx_latency=1ms tx_dur=1ms,21.710,
2734,10,859,2866807643,2026-07-14T15:39:25.017714+00:00,85.800142,47065,41,0202aae0035bb7d9005a5811460e29efbf1ffffffc2246cd1e00000fc0007ebfe9ed0737feebfff600,1,TX 41 seq=23362 rx_latency=1ms tx_dur=1ms,23.643,
2734,10,860,2866807644,2026-07-14T15:39:25.117655+00:00,85.900077,47165,41,0202aae0035cb83d005a5811460e29efbf1ffffffc2246cd1e00000fc0007ebfe9ed0737feebfff600,1,TX 41 seq=23363 rx_latency=1ms tx_dur=1ms,16.527,
2734,10,861,2866807645,2026-07-14T15:39:25.217714+00:00,86.000139,47265,41,0202aae0035db8a1005a5811460e29efbf1ffffffc2246cd1e00000fc0007ebfe9ed0737feebfff600,1,TX 41 seq=23364 rx_latency=1ms tx_dur=1ms,16.905,
2734,10,862,2866807646,2026-07-14T15:39:25.317716+00:00,86.100145,47365,41,0202aae0035eb905005a5811460e29efbf1ffffffc2246cd1e00000fc0007ebfe9ed0737feebfff600,1,TX 41 seq=23365 rx_latency=1ms tx_dur=1ms,19.332,
2734,10,863,2866807647,2026-07-14T15:39:25.417728+00:00,86.200171,47465,41,0202aae0035fb969005a5811460e29efbf1ffffffc2246cd1e00000fc0007ebfe9ed0737feebfff600,1,TX 41 seq=23366 rx_latency=1ms tx_dur=1ms,21.509,
2734,10,864,2866807648,2026-07-14T15:39:25.517709+00:00,86.300132,47565,41,0202aae00360b9cd005a5811460e29efbf1ffffffc2246cd1e00000fc0007ebfe9ed0737feebfff600,1,TX 41 seq=23367 rx_latency=1ms tx_dur=1ms,23.475,
2734,10,865,2866807649,2026-07-14T15:39:25.617716+00:00,86.400142,47665,41,0202aae00361ba31005a5811460e29efbf1ffffffc2246cd1e00000fc0007ebfe9ed0737feebfff600,1,TX 41 seq=23368 rx_latency=1ms tx_dur=1ms,15.156,
2734,10,866,2866807650,2026-07-14T15:39:25.717746+00:00,86.500199,47765,41,0202aae00362ba95005a5811460e29efbf1ffffffc2246cd1e00000fc0007ebfe9ed0737feebfff600,1,TX 41 seq=23369 rx_latency=1ms tx_dur=1ms,17.049,
2734,10,867,2866807651,2026-07-14T15:39:25.817717+00:00,86.600160,47865,41,0202aae00363baf9005a5811460e29efbf1ffffffc2246cd1e00000fc0007ebfe9ed0737feebfff600,1,TX 41 seq=23370 rx_latency=1ms tx_dur=1ms,19.692,
2734,10,868,2866807652,2026-07-14T15:39:25.917717+00:00,86.700151,47965,41,0202aae00364bb5d005a5811460e29efbf1ffffffc2246cd1e00000fc0007ebfe9ed0737feebfff600,1,TX 41 seq=23371 rx_latency=1ms tx_dur=1ms,21.821,
2734,10,869,2866807653,2026-07-14T15:39:26.017713+00:00,86.800139,48065,41,0202aae00365bbc1005a5811460e29efbf1ffffffc2246cd1e00000fc0007ebfe9ed0737feebfff600,1,TX 41 seq=23372 rx_latency=1ms tx_dur=1ms,23.789,
2734,10,870,2866807654,2026-07-14T15:39:26.117712+00:00,86.900135,48165,41,0202aae00366bc25005a5811460e29efbf1ffffffc2246cd1e00000fc0007ebfe9ed0737feebfff600,1,TX 41 seq=23373 rx_latency=1ms tx_dur=1ms,15.661,
2734,10,871,2866807655,2026-07-14T15:39:26.217714+00:00,87.000142,48265,41,0202aae00367bc89005a5811460e29efbf1ffffffc2246cd1e00000fc0007ebfe9ed0737feebfff600,1,TX 41 seq=23374 rx_latency=1ms tx_dur=1ms,17.019,
2734,10,872,2866807656,2026-07-14T15:39:26.317715+00:00,87.100147,48365,41,0202aae00368bced005a5811460e29efbf1ffffffc2246cd1e00000fc0007ebfe9ed0737feebfff600,1,TX 41 seq=23375 rx_latency=1ms tx_dur=1ms,19.385,
2734,10,873,2866807657,2026-07-14T15:39:26.417708+00:00,87.200134,48465,41,0202aae00369bd51005a5811460e29efbf1ffffffc2246cd1e00000fc0007ebfe9ed0737feebfff600,1,TX 41 seq=23376 rx_latency=1ms tx_dur=1ms,21.233,
2734,10,874,2866807658,2026-07-14T15:39:26.517712+00:00,87.300135,48565,41,0202aae0036abdb5005a5811460e29efbf1ffffffc2246cd1e00000fc0007ebfe9ed0737feebfff600,1,TX 41 seq=23377 rx_latency=1ms tx_dur=1ms,23.604,
2734,10,875,2866807659,2026-07-14T15:39:26.617711+00:00,87.400132,48665,41,0202aae0036bbe19005a5811460e29efbf1ffffffc2246cd1e00000fc0007ebfe9ed0737feebfff600,1,TX 41 seq=23378 rx_latency=1ms tx_dur=1ms,14.940,
2734,10,876,2866807660,2026-07-14T15:39:26.717713+00:00,87.500138,48765,41,0202aae0036cbe7d005a5811460e29efbf1ffffffc2246cd1e00000fc0007ebfe9ed0737feebfff600,1,TX 41 seq=23379 rx_latency=1ms tx_dur=1ms,17.816,
2734,10,877,2866807661,2026-07-14T15:39:26.817713+00:00,87.600135,48865,41,0202aae0036dbee1005a5811460e29efbf1ffffffc2246cd1e00000fc0007ebfe9ed0737feebfff600,1,TX 41 seq=23380 rx_latency=1ms tx_dur=1ms,19.518,
2734,10,878,2866807662,2026-07-14T15:39:26.917714+00:00,87.700137,48965,41,0202aae0036ebf45005a5811460e29efbf1ffffffc2246cd1e00000fc0007ebfe9ed0737feebfff600,1,TX 41 seq=23381 rx_latency=1ms tx_dur=1ms,21.482,
2734,10,879,2866807663,2026-07-14T15:39:27.017718+00:00,87.800156,49065,41,0202aae0036fbfa9005a5811460e29efbf1ffffffc2246cd1e00000fc0007ebfe9ed0737feebfff600,1,TX 41 seq=23382 rx_latency=1ms tx_dur=1ms,23.816,
2734,10,880,2866807664,2026-07-14T15:39:27.117714+00:00,87.900140,49165,41,0202aae00370c00d005a5811460e29efbf1ffffffc2246cd1e00000fc0007ebfe9ed0737feebfff600,1,TX 41 seq=23383 rx_latency=1ms tx_dur=1ms,15.631,
2734,10,881,2866807665,2026-07-14T15:39:27.217714+00:00,88.000141,49265,41,0202aae00371c071005a5811460e29efbf1ffffffc2246cd1e00000fc0007ebfe9ed0737feebfff600,1,TX 41 seq=23384 rx_latency=1ms tx_dur=1ms,17.347,
2734,10,882,2866807666,2026-07-14T15:39:27.317714+00:00,88.100139,49365,41,0202aae00372c0d5005a5811460e29efbf1ffffffc2246cd1e00000fc0007ebfe9ed0737feebfff600,1,TX 41 seq=23385 rx_latency=1ms tx_dur=1ms,19.293,
2734,10,883,2866807667,2026-07-14T15:39:27.417711+00:00,88.200134,49465,41,0202aae00373c139005a5811460e29efbf1ffffffc2246cd1e00000fc0007ebfe9ed0737feebfff600,1,TX 41 seq=23386 rx_latency=1ms tx_dur=1ms,20.916,
2734,10,884,2866807668,2026-07-14T15:39:27.517715+00:00,88.300139,49565,41,0202aae00374c19d005a5811460e29efbf1ffffffc2246cd1e00000fc0007ebfe9ed0737feebfff600,1,TX 41 seq=23387 rx_latency=1ms tx_dur=1ms,23.592,
2734,10,885,2866807669,2026-07-14T15:39:27.617712+00:00,88.400137,49665,41,0202aae00375c201005a5811460e29efbf1ffffffc2246cd1e00000fc0007ebfe9ed0737feebfff600,1,TX 41 seq=23388 rx_latency=1ms tx_dur=1ms,15.997,
2734,10,886,2866807670,2026-07-14T15:39:27.717710+00:00,88.500138,49765,41,0202aae00376c265005a5811460e29efbf1ffffffc2246cd1e00000fc0007ebfe9ed0737feebfff600,1,TX 41 seq=23389 rx_latency=1ms tx_dur=1ms,17.873,
2734,10,887,2866807671,2026-07-14T15:39:27.817713+00:00,88.600139,49865,41,0202aae00377c2c9005a5811460e29efbf1ffffffc2246cd1e00000fc0007ebfe9ed0737feebfff600,1,TX 41 seq=23390 rx_latency=1ms tx_dur=1ms,19.197,
2734,10,888,2866807672,2026-07-14T15:39:27.917711+00:00,88.700136,49965,41,0202aae00378c32d005a5811460e29efbf1ffffffc2246cd1e00000fc0007ebfe9ed0737feebfff600,1,TX 41 seq=23391 rx_latency=1ms tx_dur=1ms,21.553,
2734,10,889,2866807673,2026-07-14T15:39:28.017713+00:00,88.800147,50065,41,0202aae00379c391005a5811460e29efbf1ffffffc2246cd1e00000fc0007ebfe9ed0737feebfff600,1,TX 41 seq=23392 rx_latency=1ms tx_dur=1ms,23.425,
2734,10,890,2866807674,2026-07-14T15:39:28.117713+00:00,88.900142,50165,41,0202aae0037ac3f5005a5811460e29efbf1ffffffc2246cd1e00000fc0007ebfe9ed0737feebfff600,1,TX 41 seq=23393 rx_latency=1ms tx_dur=1ms,15.916,
2734,10,891,2866807675,2026-07-14T15:39:28.217707+00:00,89.000130,50265,41,0202aae0037bc459005a5811460e29efbf1ffffffc2246cd1e00000fc0007ebfe9ed0737feebfff600,1,TX 41 seq=23394 rx_latency=1ms tx_dur=1ms,17.192,
2734,10,892,2866807676,2026-07-14T15:39:28.317714+00:00,89.100141,50365,41,0202aae0037cc4bd005a5811460e29efbf1ffffffc2246cd1e00000fc0007ebfe9ed0737feebfff600,1,TX 41 seq=23395 rx_latency=1ms tx_dur=1ms,19.020,
2734,10,893,2866807677,2026-07-14T15:39:28.417711+00:00,89.200135,50465,41,0202aae0037dc521005a5811460e29efbf1ffffffc2246cd1e00000fc0007ebfe9ed0737feebfff600,1,TX 41 seq=23396 rx_latency=1ms tx_dur=1ms,21.421,
2734,10,894,2866807678,2026-07-14T15:39:28.517648+00:00,89.300074,50565,41,0202aae0037ec585005a5811460e29efbf1ffffffc2246cd1e00000fc0007ebfe9ed0737feebfff600,1,TX 41 seq=23397 rx_latency=1ms tx_dur=1ms,23.866,
2734,10,895,2866807679,2026-07-14T15:39:28.617714+00:00,89.400138,50665,41,0202aae0037fc5e9005a5811460e29efbf1ffffffc2246cd1e00000fc0007ebfe9ed0737feebfff600,1,TX 41 seq=23398 rx_latency=1ms tx_dur=1ms,15.553,
2734,10,896,2866807680,2026-07-14T15:39:28.717709+00:00,89.500131,50765,41,0202aae00380c64d005a5811460e29efbf1ffffffc2246cd1e00000fc0007ebfe9ed0737feebfff600,1,TX 41 seq=23399 rx_latency=1ms tx_dur=1ms,17.288,
2734,10,897,2866807681,2026-07-14T15:39:28.817714+00:00,89.600140,50865,41,0202aae00381c6b1005a5811460e29efbf1ffffffc2246cd1e00000fc0007ebfe9ed0737feebfff600,1,TX 41 seq=23400 rx_latency=1ms tx_dur=1ms,19.220,
2734,10,898,2866807682,2026-07-14T15:39:28.917711+00:00,89.700134,50965,41,0202aae00382c715005a5811460e29efbf1ffffffc2246cd1e00000fc0007ebfe9ed0737feebfff600,1,TX 41 seq=23401 rx_latency=1ms tx_dur=1ms,21.204,
2734,10,899,2866807683,2026-07-14T15:39:29.017711+00:00,89.800133,51065,41,0202aae00383c779005a5811460e29efbf1ffffffc2246cd1e00000fc0007ebfe9ed0737feebfff600,1,TX 41 seq=23402 rx_latency=1ms tx_dur=1ms,23.593,
2734,10,900,2866807684,2026-07-14T15:39:29.117710+00:00,89.900132,51165,41,0202aae00384c7dd005a5811460e29efbf1ffffffc2246cd1e00000fc0007ebfe9ed0737feebfff600,1,TX 41 seq=23403 rx_latency=1ms tx_dur=1ms,16.000,
2734,10,901,2866807685,2026-07-14T15:39:29.217716+00:00,90.000155,51265,41,0202aae00385c841005a5811460e29efbf1ffffffc2246cd1e00000fc0007ebfe9ed0737feebfff600,1,TX 41 seq=23404 rx_latency=1ms tx_dur=1ms,17.747,
2734,10,902,2866807686,2026-07-14T15:39:29.317720+00:00,90.100164,51365,41,0202aae00386c8a5005a5811460e29efbf1ffffffc2246cd1e00000fc0007ebfe9ed0737feebfff600,1,TX 41 seq=23405 rx_latency=1ms tx_dur=1ms,19.388,
2734,10,903,2866807687,2026-07-14T15:39:29.417705+00:00,90.200129,51465,41,0202aae00387c909005a5811460e29efbf1ffffffc2246cd1e00000fc0007ebfe9ed0737feebfff600,1,TX 41 seq=23406 rx_latency=1ms tx_dur=1ms,21.342,
2734,10,904,2866807688,2026-07-14T15:39:29.517713+00:00,90.300139,51565,41,0202aae00388c96d005a5811460e29efbf1ffffffc2246cd1e00000fc0007ebfe9ed0737feebfff600,1,TX 41 seq=23407 rx_latency=1ms tx_dur=1ms,23.825,
2734,10,905,2866807689,2026-07-14T15:39:29.617714+00:00,90.400140,51665,41,0202aae00389c9d1005a5811460e29efbf1ffffffc2246cd1e00000fc0007ebfe9ed0737feebfff600,1,TX 41 seq=23408 rx_latency=1ms tx_dur=1ms,15.558,
2734,10,906,2866807690,2026-07-14T15:39:29.717719+00:00,90.500158,51765,41,0202aae0038aca35005a5811460e29efbf1ffffffc2246cd1e00000fc0007ebfe9ed0737feebfff600,1,TX 41 seq=23409 rx_latency=1ms tx_dur=1ms,17.239,
2734,10,907,2866807691,2026-07-14T15:39:29.817718+00:00,90.600148,51865,41,0202aae0038bca99005a5811460e29efbf1ffffffc2246cd1e00000fc0007ebfe9ed0737feebfff600,1,TX 41 seq=23410 rx_latency=1ms tx_dur=1ms,19.211,
2734,10,908,2866807692,2026-07-14T15:39:29.917715+00:00,90.700141,51965,41,0202aae0038ccafd005a5811460e29efbf1ffffffc2246cd1e00000fc0007ebfe9ed0737feebfff600,1,TX 41 seq=23411 rx_latency=1ms tx_dur=1ms,21.634,
2734,10,909,2866807693,2026-07-14T15:39:30.017713+00:00,90.800136,52065,41,0202aae0038dcb61005a5811460e29efbf1ffffffc2246cd1e00000fc0007ebfe9ed0737feebfff600,1,TX 41 seq=23412 rx_latency=1ms tx_dur=1ms,23.374,
2734,10,910,2866807694,2026-07-14T15:39:30.117713+00:00,90.900136,52165,41,0202aae0038ecbc5005a5811460e29efbf1ffffffc2246cd1e00000fc0007ebfe9ed0737feebfff600,1,TX 41 seq=23413 rx_latency=1ms tx_dur=1ms,15.140,
2734,10,911,2866807695,2026-07-14T15:39:30.217714+00:00,91.000138,52265,41,0202aae0038fcc29005a5811460e29efbf1ffffffc2246cd1e00000fc0007ebfe9ed0737feebfff600,1,TX 41 seq=23414 rx_latency=1ms tx_dur=1ms,17.062,
2734,10,912,2866807696,2026-07-14T15:39:30.317725+00:00,91.100170,52365,41,0202aae00390cc8d005a5811460e29efbf1ffffffc2246cd1e00000fc0007ebfe9ed0737feebfff600,1,TX 41 seq=23415 rx_latency=1ms tx_dur=1ms,19.406,
2734,10,913,2866807697,2026-07-14T15:39:30.417707+00:00,91.200132,52465,41,0202aae00391ccf1005a5811460e29efbf1ffffffc2246cd1e00000fc0007ebfe9ed0737feebfff600,1,TX 41 seq=23416 rx_latency=1ms tx_dur=1ms,21.174,
2734,10,914,2866807698,2026-07-14T15:39:30.517714+00:00,91.300139,52565,41,0202aae00392cd55005a5811460e29efbf1ffffffc2246cd1e00000fc0007ebfe9ed0737feebfff600,1,TX 41 seq=23417 rx_latency=1ms tx_dur=1ms,22.944,
2734,10,915,2866807699,2026-07-14T15:39:30.617712+00:00,91.400137,52665,41,0202aae00393cdb9005a5811460e29efbf1ffffffc2246cd1e00000fc0007ebfe9ed0737feebfff600,1,TX 41 seq=23418 rx_latency=1ms tx_dur=1ms,14.952,
2734,10,916,2866807700,2026-07-14T15:39:30.717710+00:00,91.500136,52765,41,0202aae00394ce1d005a5811460e29efbf1ffffffc2246cd1e00000fc0007ebfe9ed0737feebfff600,1,TX 41 seq=23419 rx_latency=1ms tx_dur=1ms,17.990,
2734,10,917,2866807701,2026-07-14T15:39:30.817715+00:00,91.600145,52865,41,0202aae00395ce81005a5811460e29efbf1ffffffc2246cd1e00000fc0007ebfe9ed0737feebfff600,1,TX 41 seq=23420 rx_latency=1ms tx_dur=1ms,19.226,
2734,10,918,2866807702,2026-07-14T15:39:30.917705+00:00,91.700127,52965,41,0202aae00396cee5005a5811460e29efbf1ffffffc2246cd1e00000fc0007ebfe9ed0737feebfff600,1,TX 41 seq=23421 rx_latency=1ms tx_dur=1ms,21.982,
2734,10,919,2866807703,2026-07-14T15:39:31.017712+00:00,91.800138,53065,41,0202aae00397cf49005a5811460e29efbf1ffffffc2246cd1e00000fc0007ebfe9ed0737feebfff600,1,TX 41 seq=23422 rx_latency=1ms tx_dur=1ms,23.557,
2734,10,920,2866807704,2026-07-14T15:39:31.117712+00:00,91.900135,53165,41,0202aae00398cfad005a5811460e29efbf1ffffffc2246cd1e00000fc0007ebfe9ed0737feebfff600,1,TX 41 seq=23423 rx_latency=1ms tx_dur=1ms,15.970,
2734,10,921,2866807705,2026-07-14T15:39:31.217711+00:00,92.000133,53265,41,0202aae00399d011005a5811460e29efbf1ffffffc2246cd1e00000fc0007ebfe9ed0737feebfff600,1,TX 41 seq=23424 rx_latency=1ms tx_dur=1ms,17.925,
2734,10,922,2866807706,2026-07-14T15:39:31.317681+00:00,92.100137,53365,41,0202aae0039ad075005a5811460e29efbf1ffffffc2246cd1e00000fc0007ebfe9ed0737feebfff600,1,TX 41 seq=23425 rx_latency=1ms tx_dur=1ms,19.208,
2734,10,923,2866807707,2026-07-14T15:39:31.417709+00:00,92.200135,53465,41,0202aae0039bd0d9005a5811460e29efbf1ffffffc2246cd1e00000fc0007ebfe9ed0737feebfff600,1,TX 41 seq=23426 rx_latency=1ms tx_dur=1ms,21.589,
2734,10,924,2866807708,2026-07-14T15:39:31.517713+00:00,92.300140,53565,41,0202aae0039cd13d005a5811460e29efbf1ffffffc2246cd1e00000fc0007ebfe9ed0737feebfff600,1,TX 41 seq=23427 rx_latency=1ms tx_dur=1ms,23.496,
2734,10,925,2866807709,2026-07-14T15:39:31.617712+00:00,92.400136,53665,41,0202aae0039dd1a1005a5811460e29efbf1ffffffc2246cd1e00000fc0007ebfe9ed0737feebfff600,1,TX 41 seq=23428 rx_latency=1ms tx_dur=1ms,15.912,
2734,10,926,2866807710,2026-07-14T15:39:31.717731+00:00,92.500189,53765,41,0202aae0039ed205005a5811460e29efbf1ffffffc2246cd1e00000fc0007ebfe9ed0737feebfff600,1,TX 41 seq=23429 rx_latency=1ms tx_dur=1ms,17.084,
2734,10,927,2866807711,2026-07-14T15:39:31.817712+00:00,92.600144,53865,41,0202aae0039fd269005a5811460e29efbf1ffffffc2246cd1e00000fc0007ebfe9ed0737feebfff600,1,TX 41 seq=23430 rx_latency=1ms tx_dur=1ms,19.984,
2734,10,928,2866807712,2026-07-14T15:39:31.917717+00:00,92.700146,53965,41,0202aae003a0d2cd005a5811460e29efbf1ffffffc2246cd1e00000fc0007ebfe9ed0737feebfff600,1,TX 41 seq=23431 rx_latency=1ms tx_dur=1ms,21.779,
2734,10,929,2866807713,2026-07-14T15:39:32.017711+00:00,92.800137,54065,41,0202aae003a1d331005a5811460e29efbf1ffffffc2246cd1e00000fc0007ebfe9ed0737feebfff600,1,TX 41 seq=23432 rx_latency=1ms tx_dur=1ms,23.682,
2734,10,930,2866807714,2026-07-14T15:39:32.117673+00:00,92.900097,54165,41,0202aae003a2d395005a5811460e29efbf1ffffffc2246cd1e00000fc0007ebfe9ed0737feebfff600,1,TX 41 seq=23433 rx_latency=1ms tx_dur=1ms,16.505,
2734,10,931,2866807715,2026-07-14T15:39:32.217715+00:00,93.000141,54265,41,0202aae003a3d3f9005a5811460e29efbf1ffffffc2246cd1e00000fc0007ebfe9ed0737feebfff600,1,TX 41 seq=23434 rx_latency=1ms tx_dur=1ms,16.936,
2734,10,932,2866807716,2026-07-14T15:39:32.317720+00:00,93.100162,54365,41,0202aae003a4d45d005a5811460e29efbf1ffffffc2246cd1e00000fc0007ebfe9ed0737feebfff600,1,TX 41 seq=23435 rx_latency=1ms tx_dur=1ms,19.314,
2734,10,933,2866807717,2026-07-14T15:39:32.417709+00:00,93.200135,54465,41,0202aae003a5d4c1005a5811460e29efbf1ffffffc2246cd1e00000fc0007ebfe9ed0737feebfff600,1,TX 41 seq=23436 rx_latency=1ms tx_dur=1ms,21.158,
2734,10,934,2866807718,2026-07-14T15:39:32.517720+00:00,93.300164,54565,41,0202aae003a6d525005a5811460e29efbf1ffffffc2246cd1e00000fc0007ebfe9ed0737feebfff600,1,TX 41 seq=23437 rx_latency=1ms tx_dur=1ms,23.550,
2734,10,935,2866807719,2026-07-14T15:39:32.617710+00:00,93.400135,54665,41,0202aae003a7d589005a5811460e29efbf1ffffffc2246cd1e00000fc0007ebfe9ed0737feebfff600,1,TX 41 seq=23438 rx_latency=1ms tx_dur=1ms,16.008,
2734,10,936,2866807720,2026-07-14T15:39:32.717712+00:00,93.500136,54765,41,0202aae003a8d5ed005a5811460e29efbf1ffffffc2246cd1e00000fc0007ebfe9ed0737feebfff600,1,TX 41 seq=23439 rx_latency=1ms tx_dur=1ms,17.878,
2734,10,937,2866807721,2026-07-14T15:39:32.817714+00:00,93.600141,54865,41,0202aae003a9d651005a5811460e29efbf1ffffffc2246cd1e00000fc0007ebfe9ed0737feebfff600,1,TX 41 seq=23440 rx_latency=1ms tx_dur=1ms,19.135,
2734,10,938,2866807722,2026-07-14T15:39:32.917714+00:00,93.700138,54965,41,0202aae003aad6b5005a5811460e29efbf1ffffffc2246cd1e00000fc0007ebfe9ed0737feebfff600,1,TX 41 seq=23441 rx_latency=1ms tx_dur=1ms,21.574,
2734,10,939,2866807723,2026-07-14T15:39:33.017714+00:00,93.800141,55065,41,0202aae003abd719005a5811460e29efbf1ffffffc2246cd1e00000fc0007ebfe9ed0737feebfff600,1,TX 41 seq=23442 rx_latency=1ms tx_dur=1ms,23.256,
2734,10,940,2866807724,2026-07-14T15:39:33.117711+00:00,93.900135,55165,41,0202aae003acd77d005a5811460e29efbf1ffffffc2246cd1e00000fc0007ebfe9ed0737feebfff600,1,TX 41 seq=23443 rx_latency=1ms tx_dur=1ms,15.028,
2734,10,941,2866807725,2026-07-14T15:39:33.217650+00:00,94.000073,55265,41,0202aae003add7e1005a5811460e29efbf1ffffffc2246cd1e00000fc0007ebfe9ed0737feebfff600,1,TX 41 seq=23444 rx_latency=1ms tx_dur=1ms,17.040,
2734,10,942,2866807726,2026-07-14T15:39:33.317711+00:00,94.100133,55365,41,0202aae003aed845005a5811460e29efbf1ffffffc2246cd1e00000fc0007ebfe9ed0737feebfff600,1,TX 41 seq=23445 rx_latency=1ms tx_dur=1ms,19.396,
2734,10,943,2866807727,2026-07-14T15:39:33.417704+00:00,94.200128,55465,41,0202aae003afd8a9005a5811460e29efbf1ffffffc2246cd1e00000fc0007ebfe9ed0737feebfff600,1,TX 41 seq=23446 rx_latency=1ms tx_dur=1ms,21.090,
2734,10,944,2866807728,2026-07-14T15:39:33.517718+00:00,94.300151,55565,41,0202aae003b0d90d005a5811460e29efbf1ffffffc2246cd1e00000fc0007ebfe9ed0737feebfff600,1,TX 41 seq=23447 rx_latency=1ms tx_dur=1ms,23.947,
2734,10,945,2866807729,2026-07-14T15:39:33.617712+00:00,94.400142,55665,41,0202aae003b1d971005a5811460e29efbf1ffffffc2246cd1e00000fc0007ebfe9ed0737feebfff600,1,TX 41 seq=23448 rx_latency=1ms tx_dur=1ms,15.879,
2734,10,946,2866807730,2026-07-14T15:39:33.717715+00:00,94.500140,55765,41,0202aae003b2d9d5005a5811460e29efbf1ffffffc2246cd1e00000fc0007ebfe9ed0737feebfff600,1,TX 41 seq=23449 rx_latency=1ms tx_dur=1ms,17.208,
2734,10,947,2866807731,2026-07-14T15:39:33.817713+00:00,94.600137,55865,41,0202aae003b3da39005a5811460e29efbf1ffffffc2246cd1e00000fc0007ebfe9ed0737feebfff600,1,TX 41 seq=23450 rx_latency=1ms tx_dur=1ms,18.971,
2734,10,948,2866807732,2026-07-14T15:39:33.917713+00:00,94.700138,55965,41,0202aae003b4da9d005a5811460e29efbf1ffffffc2246cd1e00000fc0007ebfe9ed0737feebfff600,1,TX 41 seq=23451 rx_latency=1ms tx_dur=1ms,21.813,
2734,10,949,2866807733,2026-07-14T15:39:34.017713+00:00,94.800136,56065,41,0202aae003b5db01005a5811460e29efbf1ffffffc2246cd1e00000fc0007ebfe9ed0737feebfff600,1,TX 41 seq=23452 rx_latency=1ms tx_dur=1ms,23.734,
2734,10,950,2866807734,2026-07-14T15:39:34.117713+00:00,94.900139,56165,41,0202aae003b6db65005a5811460e29efbf1ffffffc2246cd1e00000fc0007ebfe9ed0737feebfff600,1,TX 41 seq=23453 rx_latency=1ms tx_dur=1ms,15.709,
2734,10,951,2866807735,2026-07-14T15:39:34.217711+00:00,95.000135,56265,41,0202aae003b7dbc9005a5811460e29efbf1ffffffc2246cd1e00000fc0007ebfe9ed0737feebfff600,1,TX 41 seq=23454 rx_latency=1ms tx_dur=1ms,16.983,
2734,10,952,2866807736,2026-07-14T15:39:34.317710+00:00,95.100132,56365,41,0202aae003b8dc2d005a5811460e29efbf1ffffffc2246cd1e00000fc0007ebfe9ed0737feebfff600,1,TX 41 seq=23455 rx_latency=1ms tx_dur=1ms,19.396,
2734,10,953,2866807737,2026-07-14T15:39:34.417668+00:00,95.200093,56465,41,0202aae003b9dc91005a5811460e29efbf1ffffffc2246cd1e00000fc0007ebfe9ed0737feebfff600,1,TX 41 seq=23456 rx_latency=1ms tx_dur=1ms,21.198,
2734,10,954,2866807738,2026-07-14T15:39:34.517714+00:00,95.300141,56565,41,0202aae003badcf5005a5811460e29efbf1ffffffc2246cd1e00000fc0007ebfe9ed0737feebfff600,1,TX 41 seq=23457 rx_latency=1ms tx_dur=1ms,23.955,
2734,10,955,2866807739,2026-07-14T15:39:34.617714+00:00,95.400149,56665,41,0202aae003bbdd59005a5811460e29efbf1ffffffc2246cd1e00000fc0007ebfe9ed0737feebfff600,1,TX 41 seq=23458 rx_latency=1ms tx_dur=1ms,15.877,
2734,10,956,2866807740,2026-07-14T15:39:34.717713+00:00,95.500142,56765,41,0202aae003bcddbd005a5811460e29efbf1ffffffc2246cd1e00000fc0007ebfe9ed0737feebfff600,1,TX 41 seq=23459 rx_latency=1ms tx_dur=1ms,17.879,
2734,10,957,2866807741,2026-07-14T15:39:34.817712+00:00,95.600136,56865,41,0202aae003bdde21005a5811460e29efbf1ffffffc2246cd1e00000fc0007ebfe9ed0737feebfff600,1,TX 41 seq=23460 rx_latency=1ms tx_dur=1ms,19.153,
2734,10,958,2866807742,2026-07-14T15:39:34.917712+00:00,95.700136,56965,41,0202aae003bede85005a5811460e29efbf1ffffffc2246cd1e00000fc0007ebfe9ed0737feebfff600,1,TX 41 seq=23461 rx_latency=1ms tx_dur=1ms,21.580,
2734,10,959,2866807743,2026-07-14T15:39:35.017713+00:00,95.800138,57065,41,0202aae003bfdee9005a5811460e29efbf1ffffffc2246cd1e00000fc0007ebfe9ed0737feebfff600,1,TX 41 seq=23462 rx_latency=1ms tx_dur=1ms,23.284,
2734,10,960,2866807744,2026-07-14T15:39:35.117714+00:00,95.900140,57165,41,0202aae003c0df4d005a5811460e29efbf1ffffffc2246cd1e00000fc0007ebfe9ed0737feebfff600,1,TX 41 seq=23463 rx_latency=1ms tx_dur=1ms,15.042,
2734,10,961,2866807745,2026-07-14T15:39:35.217713+00:00,96.000136,57265,41,0202aae003c1dfb1005a5811460e29efbf1ffffffc2246cd1e00000fc0007ebfe9ed0737feebfff600,1,TX 41 seq=23464 rx_latency=1ms tx_dur=1ms,16.998,
2734,10,962,2866807746,2026-07-14T15:39:35.317712+00:00,96.100135,57365,41,0202aae003c2e015005a5811460e29efbf1ffffffc2246cd1e00000fc0007ebfe9ed0737feebfff600,1,TX 41 seq=23465 rx_latency=1ms tx_dur=1ms,19.406,
2734,10,963,2866807747,2026-07-14T15:39:35.417715+00:00,96.200142,57465,41,0202aae003c3e079005a5811460e29efbf1ffffffc2246cd1e00000fc0007ebfe9ed0737feebfff600,1,TX 41 seq=23466 rx_latency=1ms tx_dur=1ms,21.145,
2734,10,964,2866807748,2026-07-14T15:39:35.517712+00:00,96.300139,57565,41,0202aae003c4e0dd005a5811460e29efbf1ffffffc2246cd1e00000fc0007ebfe9ed0737feebfff600,1,TX 41 seq=23467 rx_latency=1ms tx_dur=1ms,23.953,
2734,10,965,2866807749,2026-07-14T15:39:35.617725+00:00,96.400170,57665,41,0202aae003c5e141005a5811460e29efbf1ffffffc2246cd1e00000fc0007ebfe9ed0737feebfff600,1,TX 41 seq=23468 rx_latency=1ms tx_dur=1ms,15.853,
2734,10,966,2866807750,2026-07-14T15:39:35.717711+00:00,96.500141,57765,41,0202aae003c6e1a5005a5811460e29efbf1ffffffc2246cd1e00000fc0007ebfe9ed0737feebfff600,1,TX 41 seq=23469 rx_latency=1ms tx_dur=1ms,17.558,
2734,10,967,2866807751,2026-07-14T15:39:35.817722+00:00,96.600168,57865,41,0202aae003c7e209005a5811460e29efbf1ffffffc2246cd1e00000fc0007ebfe9ed0737feebfff600,1,TX 41 seq=23470 rx_latency=1ms tx_dur=1ms,19.064,
2734,10,968,2866807752,2026-07-14T15:39:35.917714+00:00,96.700143,57965,41,0202aae003c8e26d005a5811460e29efbf1ffffffc2246cd1e00000fc0007ebfe9ed0737feebfff600,1,TX 41 seq=23471 rx_latency=1ms tx_dur=1ms,21.495,
2734,10,969,2866807753,2026-07-14T15:39:36.017707+00:00,96.800132,58065,41,0202aae003c9e2d1005a5811460e29efbf1ffffffc2246cd1e00000fc0007ebfe9ed0737feebfff600,1,TX 41 seq=23472 rx_latency=1ms tx_dur=1ms,23.323,
2734,10,970,2866807754,2026-07-14T15:39:36.117713+00:00,96.900139,58165,41,0202aae003cae335005a5811460e29efbf1ffffffc2246cd1e00000fc0007ebfe9ed0737feebfff600,1,TX 41 seq=23473 rx_latency=1ms tx_dur=1ms,15.859,
2734,10,971,2866807755,2026-07-14T15:39:36.217712+00:00,97.000136,58265,41,0202aae003cbe399005a5811460e29efbf1ffffffc2246cd1e00000fc0007ebfe9ed0737feebfff600,1,TX 41 seq=23474 rx_latency=1ms tx_dur=1ms,17.155,
2734,10,972,2866807756,2026-07-14T15:39:36.317649+00:00,97.100076,58365,41,0202aae003cce3fd005a5811460e29efbf1ffffffc2246cd1e00000fc0007ebfe9ed0737feebfff600,1,TX 41 seq=23475 rx_latency=1ms tx_dur=1ms,19.016,
2734,10,973,2866807757,2026-07-14T15:39:36.417715+00:00,97.200142,58465,41,0202aae003cde461005a5811460e29efbf1ffffffc2246cd1e00000fc0007ebfe9ed0737feebfff600,1,TX 41 seq=23476 rx_latency=1ms tx_dur=1ms,21.425,
2734,10,974,2866807758,2026-07-14T15:39:36.517712+00:00,97.300141,58565,41,0202aae003cee4c5005a5811460e29efbf1ffffffc2246cd1e00000fc0007ebfe9ed0737feebfff600,1,TX 41 seq=23477 rx_latency=1ms tx_dur=1ms,23.797,
2734,10,975,2866807759,2026-07-14T15:39:36.617717+00:00,97.400156,58665,41,0202aae003cfe529005a5811460e29efbf1ffffffc2246cd1e00000fc0007ebfe9ed0737feebfff600,1,TX 41 seq=23478 rx_latency=1ms tx_dur=1ms,15.660,
2734,10,976,2866807760,2026-07-14T15:39:36.717721+00:00,97.500159,58765,41,0202aae003d0e58d005a5811460e29efbf1ffffffc2246cd1e00000fc0007ebfe9ed0737feebfff600,1,TX 41 seq=23479 rx_latency=1ms tx_dur=1ms,16.998,
2734,10,977,2866807761,2026-07-14T15:39:36.817716+00:00,97.600155,58865,41,0202aae003d1e5f1005a5811460e29efbf1ffffffc2246cd1e00000fc0007ebfe9ed0737feebfff600,1,TX 41 seq=23480 rx_latency=1ms tx_dur=1ms,19.354,
2734,10,978,2866807762,2026-07-14T15:39:36.917710+00:00,97.700134,58965,41,0202aae003d2e655005a5811460e29efbf1ffffffc2246cd1e00000fc0007ebfe9ed0737feebfff600,1,TX 41 seq=23481 rx_latency=1ms tx_dur=1ms,21.238,
2734,10,979,2866807763,2026-07-14T15:39:37.017714+00:00,97.800139,59065,41,0202aae003d3e6b9005a5811460e29efbf1ffffffc2246cd1e00000fc0007ebfe9ed0737feebfff600,1,TX 41 seq=23482 rx_latency=1ms tx_dur=1ms,23.616,
2734,10,980,2866807764,2026-07-14T15:39:37.117709+00:00,97.900133,59165,41,0202aae003d4e71d005a5811460e29efbf1ffffffc2246cd1e00000fc0007ebfe9ed0737feebfff600,1,TX 41 seq=23483 rx_latency=1ms tx_dur=1ms,16.421,
2734,10,981,2866807765,2026-07-14T15:39:37.217734+00:00,98.000188,59265,41,0202aae003d5e781005a5811460e29efbf1ffffffc2246cd1e00000fc0007ebfe9ed0737feebfff600,1,TX 41 seq=23484 rx_latency=1ms tx_dur=1ms,17.316,
2734,10,982,2866807766,2026-07-14T15:39:37.317713+00:00,98.100142,59365,41,0202aae003d6e7e5005a5811460e29efbf1ffffffc2246cd1e00000fc0007ebfe9ed0737feebfff600,1,TX 41 seq=23485 rx_latency=1ms tx_dur=1ms,19.119,
2734,10,983,2866807767,2026-07-14T15:39:37.417710+00:00,98.200138,59465,41,0202aae003d7e849005a5811460e29efbf1ffffffc2246cd1e00000fc0007ebfe9ed0737feebfff600,1,TX 41 seq=23486 rx_latency=1ms tx_dur=1ms,21.985,
2734,10,984,2866807768,2026-07-14T15:39:37.517710+00:00,98.300137,59565,41,0202aae003d8e8ad005a5811460e29efbf1ffffffc2246cd1e00000fc0007ebfe9ed0737feebfff600,1,TX 41 seq=23487 rx_latency=1ms tx_dur=1ms,23.860,
2734,10,985,2866807769,2026-07-14T15:39:37.617713+00:00,98.400139,59665,41,0202aae003d9e911005a5811460e29efbf1ffffffc2246cd1e00000fc0007ebfe9ed0737feebfff600,1,TX 41 seq=23488 rx_latency=1ms tx_dur=1ms,15.797,
2734,10,986,2866807770,2026-07-14T15:39:37.717722+00:00,98.500175,59765,41,0202aae003dae975005a5811460e29efbf1ffffffc2246cd1e00000fc0007ebfe9ed0737feebfff600,1,TX 41 seq=23489 rx_latency=1ms tx_dur=1ms,16.947,
2734,10,987,2866807771,2026-07-14T15:39:37.817716+00:00,98.600149,59865,41,0202aae003dbe9d9005a5811460e29efbf1ffffffc2246cd1e00000fc0007ebfe9ed0737feebfff600,1,TX 41 seq=23490 rx_latency=1ms tx_dur=1ms,19.486,
2734,10,988,2866807772,2026-07-14T15:39:37.917713+00:00,98.700145,59965,41,0202aae003dcea3d005a5811460e29efbf1ffffffc2246cd1e00000fc0007ebfe9ed0737feebfff600,1,TX 41 seq=23491 rx_latency=1ms tx_dur=1ms,21.145,
2734,10,989,2866807773,2026-07-14T15:39:38.017713+00:00,98.800142,60065,41,0202aae003ddeaa1005a5811460e29efbf1ffffffc2246cd1e00000fc0007ebfe9ed0737feebfff600,1,TX 41 seq=23492 rx_latency=1ms tx_dur=1ms,24.054,
2734,10,990,2866807774,2026-07-14T15:39:38.117714+00:00,98.900145,60165,41,0202aae003deeb05005a5811460e29efbf1ffffffc2246cd1e00000fc0007ebfe9ed0737feebfff600,1,TX 41 seq=23493 rx_latency=1ms tx_dur=1ms,15.962,
2734,10,991,2866807775,2026-07-14T15:39:38.217713+00:00,99.000141,60265,41,0202aae003dfeb69005a5811460e29efbf1ffffffc2246cd1e00000fc0007ebfe9ed0737feebfff600,1,TX 41 seq=23494 rx_latency=1ms tx_dur=1ms,17.972,
2734,10,992,2866807776,2026-07-14T15:39:38.317714+00:00,99.100138,60365,41,0202aae003e0ebcd005a5811460e29efbf1ffffffc2246cd1e00000fc0007ebfe9ed0737feebfff600,1,TX 41 seq=23495 rx_latency=1ms tx_dur=1ms,19.246,
2734,10,993,2866807777,2026-07-14T15:39:38.417714+00:00,99.200141,60465,41,0202aae003e1ec31005a5811460e29efbf1ffffffc2246cd1e00000fc0007ebfe9ed0737feebfff600,1,TX 41 seq=23496 rx_latency=1ms tx_dur=1ms,21.632,
2734,10,994,2866807778,2026-07-14T15:39:38.517689+00:00,99.300112,60565,41,0202aae003e2ec95005a5811460e29efbf1ffffffc2246cd1e00000fc0007ebfe9ed0737feebfff600,1,TX 41 seq=23497 rx_latency=1ms tx_dur=1ms,23.333,
2734,10,995,2866807779,2026-07-14T15:39:38.617716+00:00,99.400144,60665,41,0202aae003e3ecf9005a5811460e29efbf1ffffffc2246cd1e00000fc0007ebfe9ed0737feebfff600,1,TX 41 seq=23498 rx_latency=1ms tx_dur=1ms,15.111,
2734,10,996,2866807780,2026-07-14T15:39:38.717714+00:00,99.500138,60765,41,0202aae003e4ed5d005a5811460e29efbf1ffffffc2246cd1e00000fc0007ebfe9ed0737feebfff600,1,TX 41 seq=23499 rx_latency=1ms tx_dur=1ms,17.080,
2734,10,997,2866807781,2026-07-14T15:39:38.817711+00:00,99.600134,60865,41,0202aae003e5edc1005a5811460e29efbf1ffffffc2246cd1e00000fc0007ebfe9ed0737feebfff600,1,TX 41 seq=23500 rx_latency=1ms tx_dur=1ms,20.067,
2734,10,998,2866807782,2026-07-14T15:39:38.917718+00:00,99.700151,60965,41,0202aae003e6ee25005a5811460e29efbf1ffffffc2246cd1e00000fc0007ebfe9ed0737feebfff600,1,TX 41 seq=23501 rx_latency=1ms tx_dur=1ms,21.366,
2734,10,999,2866807783,2026-07-14T15:39:39.017713+00:00,99.800138,61065,41,0202aae003e7ee89005a5811460e29efbf1ffffffc2246cd1e00000fc0007ebfe9ed0737feebfff600,1,TX 41 seq=23502 rx_latency=1ms tx_dur=1ms,23.792,
2734,10,1000,2866807784,2026-07-14T15:39:39.117708+00:00,99.900129,61165,41,0202aae003e8eeed005a5811460e29efbf1ffffffc2246cd1e00000fc0007ebfe9ed0737feebfff600,1,TX 41 seq=23503 rx_latency=1ms tx_dur=1ms,15.671,
