test_id,rate_hz,seq,station_id,sent_at,elapsed_s,generation_delta_time,payload_bytes,raw_hex,tx_ok,tx_ack,tx_latency_ms,serial_error
2731,10,1,2863661057,2026-07-14T15:28:07.207649+00:00,0.000370,24615,41,0202aab000016027005a5811460e29efbf1ffffffc2246cd1e00000fc0007ebfe9ed0737feebfff600,1,TX 41 seq=17547 rx_latency=1ms tx_dur=1ms,20.789,
2731,10,2,2863661058,2026-07-14T15:28:13.128476+00:00,5.921108,30536,41,0202aab000027748005a5811460e29efbf1ffffffc2246cd1e00000fc0007ebfe9ed0737feebfff600,1,TX 41 seq=17548 rx_latency=1ms tx_dur=1ms,21.118,
2731,10,3,2863661059,2026-07-14T15:28:13.149946+00:00,5.942562,30557,41,0202aab00003775d005a5811460e29efbf1ffffffc2246cd1e00000fc0007ebfe9ed0737feebfff600,1,TX 41 seq=17549 rx_latency=1ms tx_dur=1ms,22.142,
2731,10,4,2863661060,2026-07-14T15:28:13.172371+00:00,5.964984,30580,41,0202aab000047774005a5811460e29efbf1ffffffc2246cd1e00000fc0007ebfe9ed0737feebfff600,1,TX 41 seq=17550 rx_latency=1ms tx_dur=1ms,21.341,
2731,10,5,2863661061,2026-07-14T15:28:13.193987+00:00,5.986598,30601,41,0202aab000057789005a5811460e29efbf1ffffffc2246cd1e00000fc0007ebfe9ed0737feebfff600,1,TX 41 seq=17551 rx_latency=1ms tx_dur=1ms,21.702,
2731,10,6,2863661062,2026-07-14T15:28:13.215948+00:00,6.008573,30623,41,0202aab00006779f005a5811460e29efbf1ffffffc2246cd1e00000fc0007ebfe9ed0737feebfff600,1,TX 41 seq=17552 rx_latency=1ms tx_dur=1ms,21.643,
2731,10,7,2863661063,2026-07-14T15:28:13.237860+00:00,6.030471,30645,41,0202aab0000777b5005a5811460e29efbf1ffffffc2246cd1e00000fc0007ebfe9ed0737feebfff600,1,TX 41 seq=17553 rx_latency=1ms tx_dur=1ms,22.323,
2731,10,8,2863661064,2026-07-14T15:28:13.260432+00:00,6.053041,30668,41,0202aab0000877cc005a5811460e29efbf1ffffffc2246cd1e00000fc0007ebfe9ed0737feebfff600,1,TX 41 seq=17554 rx_latency=1ms tx_dur=1ms,21.117,
2731,10,9,2863661065,2026-07-14T15:28:13.281802+00:00,6.074412,30689,41,0202aab0000977e1005a5811460e29efbf1ffffffc2246cd1e00000fc0007ebfe9ed0737feebfff600,1,TX 41 seq=17555 rx_latency=1ms tx_dur=1ms,22.171,
2731,10,10,2863661066,2026-07-14T15:28:13.304233+00:00,6.096843,30712,41,0202aab0000a77f8005a5811460e29efbf1ffffffc2246cd1e00000fc0007ebfe9ed0737feebfff600,1,TX 41 seq=17556 rx_latency=1ms tx_dur=1ms,21.383,
2731,10,11,2863661067,2026-07-14T15:28:13.325871+00:00,6.118481,30733,41,0202aab0000b780d005a5811460e29efbf1ffffffc2246cd1e00000fc0007ebfe9ed0737feebfff600,1,TX 41 seq=17557 rx_latency=1ms tx_dur=1ms,22.322,
2731,10,12,2863661068,2026-07-14T15:28:13.348442+00:00,6.141051,30756,41,0202aab0000c7824005a5811460e29efbf1ffffffc2246cd1e00000fc0007ebfe9ed0737feebfff600,1,TX 41 seq=17558 rx_latency=1ms tx_dur=1ms,21.120,
2731,10,13,2863661069,2026-07-14T15:28:13.369807+00:00,6.162416,30777,41,0202aab0000d7839005a5811460e29efbf1ffffffc2246cd1e00000fc0007ebfe9ed0737feebfff600,1,TX 41 seq=17559 rx_latency=1ms tx_dur=1ms,21.726,
2731,10,14,2863661070,2026-07-14T15:28:13.391782+00:00,6.184395,30799,41,0202aab0000e784f005a5811460e29efbf1ffffffc2246cd1e00000fc0007ebfe9ed0737feebfff600,1,TX 41 seq=17560 rx_latency=1ms tx_dur=1ms,21.633,
2731,10,15,2863661071,2026-07-14T15:28:13.413692+00:00,6.206303,30821,41,0202aab0000f7865005a5811460e29efbf1ffffffc2246cd1e00000fc0007ebfe9ed0737feebfff600,1,TX 41 seq=17561 rx_latency=1ms tx_dur=1ms,22.180,
2731,10,16,2863661072,2026-07-14T15:28:13.436125+00:00,6.228735,30844,41,0202aab00010787c005a5811460e29efbf1ffffffc2246cd1e00000fc0007ebfe9ed0737feebfff600,1,TX 41 seq=17562 rx_latency=1ms tx_dur=1ms,21.381,
2731,10,17,2863661073,2026-07-14T15:28:13.457758+00:00,6.250368,30865,41,0202aab000117891005a5811460e29efbf1ffffffc2246cd1e00000fc0007ebfe9ed0737feebfff600,1,TX 41 seq=17563 rx_latency=1ms tx_dur=1ms,22.329,
2731,10,18,2863661074,2026-07-14T15:28:13.480337+00:00,6.272947,30888,41,0202aab0001278a8005a5811460e29efbf1ffffffc2246cd1e00000fc0007ebfe9ed0737feebfff600,1,TX 41 seq=17564 rx_latency=1ms tx_dur=1ms,21.116,
2731,10,19,2863661075,2026-07-14T15:28:13.501701+00:00,6.294311,30909,41,0202aab0001378bd005a5811460e29efbf1ffffffc2246cd1e00000fc0007ebfe9ed0737feebfff600,1,TX 41 seq=17565 rx_latency=1ms tx_dur=1ms,22.181,
2731,10,20,2863661076,2026-07-14T15:28:13.524133+00:00,6.316743,30932,41,0202aab0001478d4005a5811460e29efbf1ffffffc2246cd1e00000fc0007ebfe9ed0737feebfff600,1,TX 41 seq=17566 rx_latency=1ms tx_dur=1ms,21.387,
2731,10,21,2863661077,2026-07-14T15:28:13.545789+00:00,6.338399,30953,41,0202aab0001578e9005a5811460e29efbf1ffffffc2246cd1e00000fc0007ebfe9ed0737feebfff600,1,TX 41 seq=17567 rx_latency=1ms tx_dur=1ms,22.320,
2731,10,22,2863661078,2026-07-14T15:28:13.568393+00:00,6.361012,30976,41,0202aab000167900005a5811460e29efbf1ffffffc2246cd1e00000fc0007ebfe9ed0737feebfff600,1,TX 41 seq=17568 rx_latency=1ms tx_dur=1ms,21.034,
2731,10,23,2863661079,2026-07-14T15:28:13.589720+00:00,6.382332,30997,41,0202aab000177915005a5811460e29efbf1ffffffc2246cd1e00000fc0007ebfe9ed0737feebfff600,1,TX 41 seq=17569 rx_latency=1ms tx_dur=1ms,22.168,
2731,10,24,2863661080,2026-07-14T15:28:13.612150+00:00,6.404760,31020,41,0202aab00018792c005a5811460e29efbf1ffffffc2246cd1e00000fc0007ebfe9ed0737feebfff600,1,TX 41 seq=17570 rx_latency=1ms tx_dur=1ms,21.384,
2731,10,25,2863661081,2026-07-14T15:28:13.633784+00:00,6.426395,31041,41,0202aab000197941005a5811460e29efbf1ffffffc2246cd1e00000fc0007ebfe9ed0737feebfff600,1,TX 41 seq=17571 rx_latency=1ms tx_dur=1ms,22.350,
2731,10,26,2863661082,2026-07-14T15:28:13.656419+00:00,6.449039,31064,41,0202aab0001a7958005a5811460e29efbf1ffffffc2246cd1e00000fc0007ebfe9ed0737feebfff600,1,TX 41 seq=17572 rx_latency=1ms tx_dur=1ms,21.073,
2731,10,27,2863661083,2026-07-14T15:28:13.677860+00:00,6.470486,31085,41,0202aab0001b796d005a5811460e29efbf1ffffffc2246cd1e00000fc0007ebfe9ed0737feebfff600,1,TX 41 seq=17573 rx_latency=1ms tx_dur=1ms,21.979,
2731,10,28,2863661084,2026-07-14T15:28:13.700189+00:00,6.492802,31108,41,0202aab0001c7984005a5811460e29efbf1ffffffc2246cd1e00000fc0007ebfe9ed0737feebfff600,1,TX 41 seq=17574 rx_latency=1ms tx_dur=1ms,21.349,
2731,10,29,2863661085,2026-07-14T15:28:13.721806+00:00,6.514417,31129,41,0202aab0001d7999005a5811460e29efbf1ffffffc2246cd1e00000fc0007ebfe9ed0737feebfff600,1,TX 41 seq=17575 rx_latency=1ms tx_dur=1ms,22.311,
2731,10,30,2863661086,2026-07-14T15:28:13.744371+00:00,6.536983,31152,41,0202aab0001e79b0005a5811460e29efbf1ffffffc2246cd1e00000fc0007ebfe9ed0737feebfff600,1,TX 41 seq=17576 rx_latency=1ms tx_dur=1ms,21.109,
2731,10,31,2863661087,2026-07-14T15:28:13.765736+00:00,6.558347,31173,41,0202aab0001f79c5005a5811460e29efbf1ffffffc2246cd1e00000fc0007ebfe9ed0737feebfff600,1,TX 41 seq=17577 rx_latency=1ms tx_dur=1ms,22.182,
2731,10,32,2863661088,2026-07-14T15:28:13.788171+00:00,6.580781,31196,41,0202aab0002079dc005a5811460e29efbf1ffffffc2246cd1e00000fc0007ebfe9ed0737feebfff600,1,TX 41 seq=17578 rx_latency=1ms tx_dur=1ms,21.388,
2731,10,33,2863661089,2026-07-14T15:28:13.809808+00:00,6.602418,31217,41,0202aab0002179f1005a5811460e29efbf1ffffffc2246cd1e00000fc0007ebfe9ed0737feebfff600,1,TX 41 seq=17579 rx_latency=1ms tx_dur=1ms,22.325,
2731,10,34,2863661090,2026-07-14T15:28:13.832381+00:00,6.624991,31240,41,0202aab000227a08005a5811460e29efbf1ffffffc2246cd1e00000fc0007ebfe9ed0737feebfff600,1,TX 41 seq=17580 rx_latency=1ms tx_dur=1ms,21.116,
2731,10,35,2863661091,2026-07-14T15:28:13.853745+00:00,6.646357,31261,41,0202aab000237a1d005a5811460e29efbf1ffffffc2246cd1e00000fc0007ebfe9ed0737feebfff600,1,TX 41 seq=17581 rx_latency=1ms tx_dur=1ms,21.714,
2731,10,36,2863661092,2026-07-14T15:28:13.875708+00:00,6.668318,31283,41,0202aab000247a33005a5811460e29efbf1ffffffc2246cd1e00000fc0007ebfe9ed0737feebfff600,1,TX 41 seq=17582 rx_latency=1ms tx_dur=1ms,22.740,
2731,10,37,2863661093,2026-07-14T15:28:13.898690+00:00,6.691299,31306,41,0202aab000257a4a005a5811460e29efbf1ffffffc2246cd1e00000fc0007ebfe9ed0737feebfff600,1,TX 41 seq=17583 rx_latency=1ms tx_dur=1ms,21.125,
2731,10,38,2863661094,2026-07-14T15:28:13.920065+00:00,6.712676,31328,41,0202aab000267a60005a5811460e29efbf1ffffffc2246cd1e00000fc0007ebfe9ed0737feebfff600,1,TX 41 seq=17584 rx_latency=1ms tx_dur=1ms,21.384,
2731,10,39,2863661095,2026-07-14T15:28:13.941702+00:00,6.734312,31349,41,0202aab000277a75005a5811460e29efbf1ffffffc2246cd1e00000fc0007ebfe9ed0737feebfff600,1,TX 41 seq=17585 rx_latency=1ms tx_dur=1ms,22.323,
2731,10,40,2863661096,2026-07-14T15:28:13.964293+00:00,6.756905,31372,41,0202aab000287a8c005a5811460e29efbf1ffffffc2246cd1e00000fc0007ebfe9ed0737feebfff600,1,TX 41 seq=17586 rx_latency=1ms tx_dur=1ms,22.156,
2731,10,41,2863661097,2026-07-14T15:28:13.986708+00:00,6.779318,31394,41,0202aab000297aa2005a5811460e29efbf1ffffffc2246cd1e00000fc0007ebfe9ed0737feebfff600,1,TX 41 seq=17587 rx_latency=1ms tx_dur=1ms,21.226,
2731,10,42,2863661098,2026-07-14T15:28:14.008254+00:00,6.800883,31416,41,0202aab0002a7ab8005a5811460e29efbf1ffffffc2246cd1e00000fc0007ebfe9ed0737feebfff600,1,TX 41 seq=17588 rx_latency=1ms tx_dur=1ms,21.118,
2731,10,43,2863661099,2026-07-14T15:28:14.029734+00:00,6.822348,31437,41,0202aab0002b7acd005a5811460e29efbf1ffffffc2246cd1e00000fc0007ebfe9ed0737feebfff600,1,TX 41 seq=17589 rx_latency=1ms tx_dur=1ms,22.293,
2731,10,44,2863661100,2026-07-14T15:28:14.052298+00:00,6.844912,31460,41,0202aab0002c7ae4005a5811460e29efbf1ffffffc2246cd1e00000fc0007ebfe9ed0737feebfff600,1,TX 41 seq=17590 rx_latency=1ms tx_dur=1ms,22.161,
2731,10,45,2863661101,2026-07-14T15:28:14.074721+00:00,6.867331,31482,41,0202aab0002d7afa005a5811460e29efbf1ffffffc2246cd1e00000fc0007ebfe9ed0737feebfff600,1,TX 41 seq=17591 rx_latency=1ms tx_dur=1ms,21.353,
2731,10,46,2863661102,2026-07-14T15:28:14.096424+00:00,6.889058,31504,41,0202aab0002e7b10005a5811460e29efbf1ffffffc2246cd1e00000fc0007ebfe9ed0737feebfff600,1,TX 41 seq=17592 rx_latency=1ms tx_dur=1ms,21.161,
2731,10,47,2863661103,2026-07-14T15:28:14.118279+00:00,6.910912,31526,41,0202aab0002f7b26005a5811460e29efbf1ffffffc2246cd1e00000fc0007ebfe9ed0737feebfff600,1,TX 41 seq=17593 rx_latency=1ms tx_dur=1ms,21.445,
2731,10,48,2863661104,2026-07-14T15:28:14.140431+00:00,6.933066,31548,41,0202aab000307b3c005a5811460e29efbf1ffffffc2246cd1e00000fc0007ebfe9ed0737feebfff600,1,TX 41 seq=17594 rx_latency=1ms tx_dur=1ms,20.799,
2731,10,49,2863661105,2026-07-14T15:28:14.161931+00:00,6.954563,31569,41,0202aab000317b51005a5811460e29efbf1ffffffc2246cd1e00000fc0007ebfe9ed0737feebfff600,1,TX 41 seq=17595 rx_latency=1ms tx_dur=1ms,22.235,
2731,10,50,2863661106,2026-07-14T15:28:14.184858+00:00,6.977490,31592,41,0202aab000327b68005a5811460e29efbf1ffffffc2246cd1e00000fc0007ebfe9ed0737feebfff600,1,TX 41 seq=17596 rx_latency=1ms tx_dur=1ms,21.246,
2731,10,51,2863661107,2026-07-14T15:28:14.206783+00:00,6.999415,31614,41,0202aab000337b7e005a5811460e29efbf1ffffffc2246cd1e00000fc0007ebfe9ed0737feebfff600,1,TX 41 seq=17597 rx_latency=1ms tx_dur=1ms,20.616,
2731,10,52,2863661108,2026-07-14T15:28:14.228119+00:00,7.020751,31636,41,0202aab000347b94005a5811460e29efbf1ffffffc2246cd1e00000fc0007ebfe9ed0737feebfff600,1,TX 41 seq=17598 rx_latency=1ms tx_dur=1ms,22.090,
2731,10,53,2863661109,2026-07-14T15:28:14.250900+00:00,7.043532,31658,41,0202aab000357baa005a5811460e29efbf1ffffffc2246cd1e00000fc0007ebfe9ed0737feebfff600,1,TX 41 seq=17599 rx_latency=1ms tx_dur=1ms,20.628,
2731,10,54,2863661110,2026-07-14T15:28:14.272220+00:00,7.064851,31680,41,0202aab000367bc0005a5811460e29efbf1ffffffc2246cd1e00000fc0007ebfe9ed0737feebfff600,1,TX 41 seq=17600 rx_latency=1ms tx_dur=1ms,21.895,
2731,10,55,2863661111,2026-07-14T15:28:14.294795+00:00,7.087425,31702,41,0202aab000377bd6005a5811460e29efbf1ffffffc2246cd1e00000fc0007ebfe9ed0737feebfff600,1,TX 41 seq=17601 rx_latency=1ms tx_dur=1ms,20.611,
2731,10,56,2863661112,2026-07-14T15:28:14.316113+00:00,7.108745,31724,41,0202aab000387bec005a5811460e29efbf1ffffffc2246cd1e00000fc0007ebfe9ed0737feebfff600,1,TX 41 seq=17602 rx_latency=1ms tx_dur=1ms,22.127,
2731,10,57,2863661113,2026-07-14T15:28:14.338934+00:00,7.131571,31746,41,0202aab000397c02005a5811460e29efbf1ffffffc2246cd1e00000fc0007ebfe9ed0737feebfff600,1,TX 41 seq=17603 rx_latency=1ms tx_dur=1ms,20.595,
2731,10,58,2863661114,2026-07-14T15:28:14.360238+00:00,7.152872,31768,41,0202aab0003a7c18005a5811460e29efbf1ffffffc2246cd1e00000fc0007ebfe9ed0737feebfff600,1,TX 41 seq=17604 rx_latency=1ms tx_dur=1ms,21.877,
2731,10,59,2863661115,2026-07-14T15:28:14.382815+00:00,7.175447,31790,41,0202aab0003b7c2e005a5811460e29efbf1ffffffc2246cd1e00000fc0007ebfe9ed0737feebfff600,1,TX 41 seq=17605 rx_latency=1ms tx_dur=1ms,20.591,
2731,10,60,2863661116,2026-07-14T15:28:14.404163+00:00,7.196798,31812,41,0202aab0003c7c44005a5811460e29efbf1ffffffc2246cd1e00000fc0007ebfe9ed0737feebfff600,1,TX 41 seq=17606 rx_latency=1ms tx_dur=1ms,20.974,
2731,10,61,2863661117,2026-07-14T15:28:14.425838+00:00,7.218471,31833,41,0202aab0003d7c59005a5811460e29efbf1ffffffc2246cd1e00000fc0007ebfe9ed0737feebfff600,1,TX 41 seq=17607 rx_latency=1ms tx_dur=1ms,21.692,
2731,10,62,2863661118,2026-07-14T15:28:14.448224+00:00,7.240855,31856,41,0202aab0003e7c70005a5811460e29efbf1ffffffc2246cd1e00000fc0007ebfe9ed0737feebfff600,1,TX 41 seq=17608 rx_latency=1ms tx_dur=1ms,21.914,
2731,10,63,2863661119,2026-07-14T15:28:14.470818+00:00,7.263449,31878,41,0202aab0003f7c86005a5811460e29efbf1ffffffc2246cd1e00000fc0007ebfe9ed0737feebfff600,1,TX 41 seq=17609 rx_latency=1ms tx_dur=1ms,20.651,
2731,10,64,2863661120,2026-07-14T15:28:14.492158+00:00,7.284791,31900,41,0202aab000407c9c005a5811460e29efbf1ffffffc2246cd1e00000fc0007ebfe9ed0737feebfff600,1,TX 41 seq=17610 rx_latency=1ms tx_dur=1ms,21.012,
2731,10,65,2863661121,2026-07-14T15:28:14.513886+00:00,7.306524,31921,41,0202aab000417cb1005a5811460e29efbf1ffffffc2246cd1e00000fc0007ebfe9ed0737feebfff600,1,TX 41 seq=17611 rx_latency=1ms tx_dur=1ms,21.644,
2731,10,66,2863661122,2026-07-14T15:28:14.536251+00:00,7.328883,31944,41,0202aab000427cc8005a5811460e29efbf1ffffffc2246cd1e00000fc0007ebfe9ed0737feebfff600,1,TX 41 seq=17612 rx_latency=1ms tx_dur=1ms,21.924,
2731,10,67,2863661123,2026-07-14T15:28:14.558869+00:00,7.351502,31966,41,0202aab000437cde005a5811460e29efbf1ffffffc2246cd1e00000fc0007ebfe9ed0737feebfff600,1,TX 41 seq=17613 rx_latency=1ms tx_dur=1ms,20.582,
2731,10,68,2863661124,2026-07-14T15:28:14.580150+00:00,7.372784,31988,41,0202aab000447cf4005a5811460e29efbf1ffffffc2246cd1e00000fc0007ebfe9ed0737feebfff600,1,TX 41 seq=17614 rx_latency=1ms tx_dur=1ms,20.995,
2731,10,69,2863661125,2026-07-14T15:28:14.601840+00:00,7.394472,32009,41,0202aab000457d09005a5811460e29efbf1ffffffc2246cd1e00000fc0007ebfe9ed0737feebfff600,1,TX 41 seq=17615 rx_latency=1ms tx_dur=1ms,21.738,
2731,10,70,2863661126,2026-07-14T15:28:14.624261+00:00,7.416892,32032,41,0202aab000467d20005a5811460e29efbf1ffffffc2246cd1e00000fc0007ebfe9ed0737feebfff600,1,TX 41 seq=17616 rx_latency=1ms tx_dur=1ms,21.911,
2731,10,71,2863661127,2026-07-14T15:28:14.646863+00:00,7.439495,32054,41,0202aab000477d36005a5811460e29efbf1ffffffc2246cd1e00000fc0007ebfe9ed0737feebfff600,1,TX 41 seq=17617 rx_latency=1ms tx_dur=1ms,20.601,
2731,10,72,2863661128,2026-07-14T15:28:14.668153+00:00,7.460785,32076,41,0202aab000487d4c005a5811460e29efbf1ffffffc2246cd1e00000fc0007ebfe9ed0737feebfff600,1,TX 41 seq=17618 rx_latency=1ms tx_dur=1ms,21.012,
2731,10,73,2863661129,2026-07-14T15:28:14.689843+00:00,7.482474,32097,41,0202aab000497d61005a5811460e29efbf1ffffffc2246cd1e00000fc0007ebfe9ed0737feebfff600,1,TX 41 seq=17619 rx_latency=1ms tx_dur=1ms,21.731,
2731,10,74,2863661130,2026-07-14T15:28:14.712243+00:00,7.504875,32120,41,0202aab0004a7d78005a5811460e29efbf1ffffffc2246cd1e00000fc0007ebfe9ed0737feebfff600,1,TX 41 seq=17620 rx_latency=1ms tx_dur=1ms,21.966,
2731,10,75,2863661131,2026-07-14T15:28:14.734882+00:00,7.527513,32142,41,0202aab0004b7d8e005a5811460e29efbf1ffffffc2246cd1e00000fc0007ebfe9ed0737feebfff600,1,TX 41 seq=17621 rx_latency=1ms tx_dur=1ms,20.605,
2731,10,76,2863661132,2026-07-14T15:28:14.756164+00:00,7.548796,32164,41,0202aab0004c7da4005a5811460e29efbf1ffffffc2246cd1e00000fc0007ebfe9ed0737feebfff600,1,TX 41 seq=17622 rx_latency=1ms tx_dur=1ms,21.010,
2731,10,77,2863661133,2026-07-14T15:28:14.807500+00:00,7.600134,32215,41,0202aab0004d7dd7005a5811460e29efbf1ffffffc2246cd1e00000fc0007ebfe9ed0737feebfff600,1,TX 41 seq=17623 rx_latency=1ms tx_dur=1ms,22.245,
2731,10,78,2863661134,2026-07-14T15:28:14.907500+00:00,7.700133,32315,41,0202aab0004e7e3b005a5811460e29efbf1ffffffc2246cd1e00000fc0007ebfe9ed0737feebfff600,1,TX 41 seq=17624 rx_latency=1ms tx_dur=1ms,13.789,
2731,10,79,2863661135,2026-07-14T15:28:15.007503+00:00,7.800144,32415,41,0202aab0004f7e9f005a5811460e29efbf1ffffffc2246cd1e00000fc0007ebfe9ed0737feebfff600,1,TX 41 seq=17625 rx_latency=1ms tx_dur=1ms,16.641,
2731,10,80,2863661136,2026-07-14T15:28:15.107508+00:00,7.900156,32515,41,0202aab000507f03005a5811460e29efbf1ffffffc2246cd1e00000fc0007ebfe9ed0737feebfff600,1,TX 41 seq=17626 rx_latency=1ms tx_dur=1ms,18.302,
2731,10,81,2863661137,2026-07-14T15:28:15.207503+00:00,8.000138,32615,41,0202aab000517f67005a5811460e29efbf1ffffffc2246cd1e00000fc0007ebfe9ed0737feebfff600,1,TX 41 seq=17627 rx_latency=1ms tx_dur=1ms,20.057,
2731,10,82,2863661138,2026-07-14T15:28:15.307500+00:00,8.100133,32715,41,0202aab000527fcb005a5811460e29efbf1ffffffc2246cd1e00000fc0007ebfe9ed0737feebfff600,1,TX 41 seq=17628 rx_latency=1ms tx_dur=1ms,21.596,
2731,10,83,2863661139,2026-07-14T15:28:15.407501+00:00,8.200135,32815,41,0202aab00053802f005a5811460e29efbf1ffffffc2246cd1e00000fc0007ebfe9ed0737feebfff600,1,TX 41 seq=17629 rx_latency=1ms tx_dur=1ms,14.465,
2731,10,84,2863661140,2026-07-14T15:28:15.507504+00:00,8.300141,32915,41,0202aab000548093005a5811460e29efbf1ffffffc2246cd1e00000fc0007ebfe9ed0737feebfff600,1,TX 41 seq=17630 rx_latency=1ms tx_dur=1ms,16.187,
2731,10,85,2863661141,2026-07-14T15:28:15.607505+00:00,8.400144,33015,41,0202aab0005580f7005a5811460e29efbf1ffffffc2246cd1e00000fc0007ebfe9ed0737feebfff600,1,TX 41 seq=17631 rx_latency=1ms tx_dur=1ms,17.900,
2731,10,86,2863661142,2026-07-14T15:28:15.707506+00:00,8.500145,33115,41,0202aab00056815b005a5811460e29efbf1ffffffc2246cd1e00000fc0007ebfe9ed0737feebfff600,1,TX 41 seq=17632 rx_latency=1ms tx_dur=1ms,20.513,
2731,10,87,2863661143,2026-07-14T15:28:15.807503+00:00,8.600138,33215,41,0202aab0005781bf005a5811460e29efbf1ffffffc2246cd1e00000fc0007ebfe9ed0737feebfff600,1,TX 41 seq=17633 rx_latency=1ms tx_dur=1ms,22.247,
2731,10,88,2863661144,2026-07-14T15:28:15.907505+00:00,8.700141,33315,41,0202aab000588223005a5811460e29efbf1ffffffc2246cd1e00000fc0007ebfe9ed0737feebfff600,1,TX 41 seq=17634 rx_latency=1ms tx_dur=1ms,14.007,
2731,10,89,2863661145,2026-07-14T15:28:16.007508+00:00,8.800147,33415,41,0202aab000598287005a5811460e29efbf1ffffffc2246cd1e00000fc0007ebfe9ed0737feebfff600,1,TX 41 seq=17635 rx_latency=1ms tx_dur=1ms,15.738,
2731,10,90,2863661146,2026-07-14T15:28:16.107504+00:00,8.900139,33515,41,0202aab0005a82eb005a5811460e29efbf1ffffffc2246cd1e00000fc0007ebfe9ed0737feebfff600,1,TX 41 seq=17636 rx_latency=1ms tx_dur=1ms,18.368,
2731,10,91,2863661147,2026-07-14T15:28:16.207505+00:00,9.000139,33615,41,0202aab0005b834f005a5811460e29efbf1ffffffc2246cd1e00000fc0007ebfe9ed0737feebfff600,1,TX 41 seq=17637 rx_latency=1ms tx_dur=1ms,20.105,
2731,10,92,2863661148,2026-07-14T15:28:16.307502+00:00,9.100136,33715,41,0202aab0005c83b3005a5811460e29efbf1ffffffc2246cd1e00000fc0007ebfe9ed0737feebfff600,1,TX 41 seq=17638 rx_latency=1ms tx_dur=1ms,21.828,
2731,10,93,2863661149,2026-07-14T15:28:16.407500+00:00,9.200132,33815,41,0202aab0005d8417005a5811460e29efbf1ffffffc2246cd1e00000fc0007ebfe9ed0737feebfff600,1,TX 41 seq=17639 rx_latency=1ms tx_dur=1ms,13.522,
2731,10,94,2863661150,2026-07-14T15:28:16.507504+00:00,9.300144,33915,41,0202aab0005e847b005a5811460e29efbf1ffffffc2246cd1e00000fc0007ebfe9ed0737feebfff600,1,TX 41 seq=17640 rx_latency=1ms tx_dur=1ms,16.376,
2731,10,95,2863661151,2026-07-14T15:28:16.607503+00:00,9.400140,34015,41,0202aab0005f84df005a5811460e29efbf1ffffffc2246cd1e00000fc0007ebfe9ed0737feebfff600,1,TX 41 seq=17641 rx_latency=1ms tx_dur=1ms,17.933,
2731,10,96,2863661152,2026-07-14T15:28:16.707501+00:00,9.500135,34115,41,0202aab000608543005a5811460e29efbf1ffffffc2246cd1e00000fc0007ebfe9ed0737feebfff600,1,TX 41 seq=17642 rx_latency=1ms tx_dur=1ms,19.676,
2731,10,97,2863661153,2026-07-14T15:28:16.807503+00:00,9.600139,34215,41,0202aab0006185a7005a5811460e29efbf1ffffffc2246cd1e00000fc0007ebfe9ed0737feebfff600,1,TX 41 seq=17643 rx_latency=1ms tx_dur=1ms,22.505,
2731,10,98,2863661154,2026-07-14T15:28:16.907521+00:00,9.700186,34315,41,0202aab00062860b005a5811460e29efbf1ffffffc2246cd1e00000fc0007ebfe9ed0737feebfff600,1,TX 41 seq=17644 rx_latency=1ms tx_dur=1ms,24.121,
2731,10,99,2863661155,2026-07-14T15:28:17.007506+00:00,9.800147,34415,41,0202aab00063866f005a5811460e29efbf1ffffffc2246cd1e00000fc0007ebfe9ed0737feebfff600,1,TX 41 seq=17645 rx_latency=1ms tx_dur=1ms,15.707,
2731,10,100,2863661156,2026-07-14T15:28:17.107497+00:00,9.900130,34515,41,0202aab0006486d3005a5811460e29efbf1ffffffc2246cd1e00000fc0007ebfe9ed0737feebfff600,1,TX 41 seq=17646 rx_latency=1ms tx_dur=1ms,18.716,
2731,10,101,2863661157,2026-07-14T15:28:17.207510+00:00,10.000163,34615,41,0202aab000658737005a5811460e29efbf1ffffffc2246cd1e00000fc0007ebfe9ed0737feebfff600,1,TX 41 seq=17647 rx_latency=1ms tx_dur=1ms,20.202,
2731,10,102,2863661158,2026-07-14T15:28:17.307498+00:00,10.100133,34715,41,0202aab00066879b005a5811460e29efbf1ffffffc2246cd1e00000fc0007ebfe9ed0737feebfff600,1,TX 41 seq=17648 rx_latency=1ms tx_dur=1ms,22.129,
2731,10,103,2863661159,2026-07-14T15:28:17.407503+00:00,10.200141,34815,41,0202aab0006787ff005a5811460e29efbf1ffffffc2246cd1e00000fc0007ebfe9ed0737feebfff600,1,TX 41 seq=17649 rx_latency=1ms tx_dur=1ms,13.583,
2731,10,104,2863661160,2026-07-14T15:28:17.507497+00:00,10.300133,34915,41,0202aab000688863005a5811460e29efbf1ffffffc2246cd1e00000fc0007ebfe9ed0737feebfff600,1,TX 41 seq=17650 rx_latency=1ms tx_dur=1ms,16.528,
2731,10,105,2863661161,2026-07-14T15:28:17.607504+00:00,10.400145,35015,41,0202aab0006988c7005a5811460e29efbf1ffffffc2246cd1e00000fc0007ebfe9ed0737feebfff600,1,TX 41 seq=17651 rx_latency=1ms tx_dur=1ms,18.144,
2731,10,106,2863661162,2026-07-14T15:28:17.707496+00:00,10.500127,35115,41,0202aab0006a892b005a5811460e29efbf1ffffffc2246cd1e00000fc0007ebfe9ed0737feebfff600,1,TX 41 seq=17652 rx_latency=1ms tx_dur=1ms,20.002,
2731,10,107,2863661163,2026-07-14T15:28:17.807505+00:00,10.600146,35215,41,0202aab0006b898f005a5811460e29efbf1ffffffc2246cd1e00000fc0007ebfe9ed0737feebfff600,1,TX 41 seq=17653 rx_latency=1ms tx_dur=1ms,22.521,
2731,10,108,2863661164,2026-07-14T15:28:17.907452+00:00,10.700088,35315,41,0202aab0006c89f3005a5811460e29efbf1ffffffc2246cd1e00000fc0007ebfe9ed0737feebfff600,1,TX 41 seq=17654 rx_latency=1ms tx_dur=1ms,14.363,
2731,10,109,2863661165,2026-07-14T15:28:18.007503+00:00,10.800140,35415,41,0202aab0006d8a57005a5811460e29efbf1ffffffc2246cd1e00000fc0007ebfe9ed0737feebfff600,1,TX 41 seq=17655 rx_latency=1ms tx_dur=1ms,16.046,
2731,10,110,2863661166,2026-07-14T15:28:18.107429+00:00,10.900063,35515,41,0202aab0006e8abb005a5811460e29efbf1ffffffc2246cd1e00000fc0007ebfe9ed0737feebfff600,1,TX 41 seq=17656 rx_latency=1ms tx_dur=1ms,17.843,
2731,10,111,2863661167,2026-07-14T15:28:18.207500+00:00,11.000135,35615,41,0202aab0006f8b1f005a5811460e29efbf1ffffffc2246cd1e00000fc0007ebfe9ed0737feebfff600,1,TX 41 seq=17657 rx_latency=1ms tx_dur=1ms,20.430,
2731,10,112,2863661168,2026-07-14T15:28:18.307484+00:00,11.100117,35715,41,0202aab000708b83005a5811460e29efbf1ffffffc2246cd1e00000fc0007ebfe9ed0737feebfff600,1,TX 41 seq=17658 rx_latency=1ms tx_dur=1ms,22.144,
2731,10,113,2863661169,2026-07-14T15:28:18.407501+00:00,11.200135,35815,41,0202aab000718be7005a5811460e29efbf1ffffffc2246cd1e00000fc0007ebfe9ed0737feebfff600,1,TX 41 seq=17659 rx_latency=1ms tx_dur=1ms,13.861,
2731,10,114,2863661170,2026-07-14T15:28:18.507503+00:00,11.300152,35915,41,0202aab000728c4b005a5811460e29efbf1ffffffc2246cd1e00000fc0007ebfe9ed0737feebfff600,1,TX 41 seq=17660 rx_latency=1ms tx_dur=1ms,16.541,
2731,10,115,2863661171,2026-07-14T15:28:18.607509+00:00,11.400155,36015,41,0202aab000738caf005a5811460e29efbf1ffffffc2246cd1e00000fc0007ebfe9ed0737feebfff600,1,TX 41 seq=17661 rx_latency=1ms tx_dur=1ms,18.177,
2731,10,116,2863661172,2026-07-14T15:28:18.707497+00:00,11.500131,36115,41,0202aab000748d13005a5811460e29efbf1ffffffc2246cd1e00000fc0007ebfe9ed0737feebfff600,1,TX 41 seq=17662 rx_latency=1ms tx_dur=1ms,20.032,
2731,10,117,2863661173,2026-07-14T15:28:18.807502+00:00,11.600138,36215,41,0202aab000758d77005a5811460e29efbf1ffffffc2246cd1e00000fc0007ebfe9ed0737feebfff600,1,TX 41 seq=17663 rx_latency=1ms tx_dur=1ms,21.655,
2731,10,118,2863661174,2026-07-14T15:28:18.907497+00:00,11.700128,36315,41,0202aab000768ddb005a5811460e29efbf1ffffffc2246cd1e00000fc0007ebfe9ed0737feebfff600,1,TX 41 seq=17664 rx_latency=1ms tx_dur=1ms,14.548,
2731,10,119,2863661175,2026-07-14T15:28:19.007507+00:00,11.800146,36415,41,0202aab000778e3f005a5811460e29efbf1ffffffc2246cd1e00000fc0007ebfe9ed0737feebfff600,1,TX 41 seq=17665 rx_latency=1ms tx_dur=1ms,16.017,
2731,10,120,2863661176,2026-07-14T15:28:19.107500+00:00,11.900137,36515,41,0202aab000788ea3005a5811460e29efbf1ffffffc2246cd1e00000fc0007ebfe9ed0737feebfff600,1,TX 41 seq=17666 rx_latency=1ms tx_dur=1ms,17.786,
2731,10,121,2863661177,2026-07-14T15:28:19.207510+00:00,12.000154,36615,41,0202aab000798f07005a5811460e29efbf1ffffffc2246cd1e00000fc0007ebfe9ed0737feebfff600,1,TX 41 seq=17667 rx_latency=1ms tx_dur=1ms,20.589,
2731,10,122,2863661178,2026-07-14T15:28:19.307504+00:00,12.100142,36715,41,0202aab0007a8f6b005a5811460e29efbf1ffffffc2246cd1e00000fc0007ebfe9ed0737feebfff600,1,TX 41 seq=17668 rx_latency=1ms tx_dur=1ms,22.364,
2731,10,123,2863661179,2026-07-14T15:28:19.407501+00:00,12.200137,36815,41,0202aab0007b8fcf005a5811460e29efbf1ffffffc2246cd1e00000fc0007ebfe9ed0737feebfff600,1,TX 41 seq=17669 rx_latency=1ms tx_dur=1ms,13.881,
2731,10,124,2863661180,2026-07-14T15:28:19.507495+00:00,12.300128,36915,41,0202aab0007c9033005a5811460e29efbf1ffffffc2246cd1e00000fc0007ebfe9ed0737feebfff600,1,TX 41 seq=17670 rx_latency=1ms tx_dur=1ms,16.731,
2731,10,125,2863661181,2026-07-14T15:28:19.607515+00:00,12.400172,37015,41,0202aab0007d9097005a5811460e29efbf1ffffffc2246cd1e00000fc0007ebfe9ed0737feebfff600,1,TX 41 seq=17671 rx_latency=1ms tx_dur=1ms,18.354,
2731,10,126,2863661182,2026-07-14T15:28:19.707515+00:00,12.500176,37115,41,0202aab0007e90fb005a5811460e29efbf1ffffffc2246cd1e00000fc0007ebfe9ed0737feebfff600,1,TX 41 seq=17672 rx_latency=1ms tx_dur=1ms,20.025,
2731,10,127,2863661183,2026-07-14T15:28:19.807506+00:00,12.600148,37215,41,0202aab0007f915f005a5811460e29efbf1ffffffc2246cd1e00000fc0007ebfe9ed0737feebfff600,1,TX 41 seq=17673 rx_latency=1ms tx_dur=1ms,21.659,
2731,10,128,2863661184,2026-07-14T15:28:19.907429+00:00,12.700063,37315,41,0202aab0008091c3005a5811460e29efbf1ffffffc2246cd1e00000fc0007ebfe9ed0737feebfff600,1,TX 41 seq=17674 rx_latency=1ms tx_dur=1ms,14.685,
2731,10,129,2863661185,2026-07-14T15:28:20.007511+00:00,12.800161,37415,41,0202aab000819227005a5811460e29efbf1ffffffc2246cd1e00000fc0007ebfe9ed0737feebfff600,1,TX 41 seq=17675 rx_latency=1ms tx_dur=1ms,16.227,
2731,10,130,2863661186,2026-07-14T15:28:20.107476+00:00,12.900113,37515,41,0202aab00082928b005a5811460e29efbf1ffffffc2246cd1e00000fc0007ebfe9ed0737feebfff600,1,TX 41 seq=17676 rx_latency=1ms tx_dur=1ms,17.998,
2731,10,131,2863661187,2026-07-14T15:28:20.207505+00:00,13.000147,37615,41,0202aab0008392ef005a5811460e29efbf1ffffffc2246cd1e00000fc0007ebfe9ed0737feebfff600,1,TX 41 seq=17677 rx_latency=1ms tx_dur=1ms,19.694,
2731,10,132,2863661188,2026-07-14T15:28:20.307498+00:00,13.100132,37715,41,0202aab000849353005a5811460e29efbf1ffffffc2246cd1e00000fc0007ebfe9ed0737feebfff600,1,TX 41 seq=17678 rx_latency=1ms tx_dur=1ms,22.323,
2731,10,133,2863661189,2026-07-14T15:28:20.407502+00:00,13.200139,37815,41,0202aab0008593b7005a5811460e29efbf1ffffffc2246cd1e00000fc0007ebfe9ed0737feebfff600,1,TX 41 seq=17679 rx_latency=1ms tx_dur=1ms,14.246,
2731,10,134,2863661190,2026-07-14T15:28:20.507501+00:00,13.300137,37915,41,0202aab00086941b005a5811460e29efbf1ffffffc2246cd1e00000fc0007ebfe9ed0737feebfff600,1,TX 41 seq=17680 rx_latency=1ms tx_dur=1ms,15.953,
2731,10,135,2863661191,2026-07-14T15:28:20.607464+00:00,13.400134,38015,41,0202aab00087947f005a5811460e29efbf1ffffffc2246cd1e00000fc0007ebfe9ed0737feebfff600,1,TX 41 seq=17681 rx_latency=1ms tx_dur=1ms,17.597,
2731,10,136,2863661192,2026-07-14T15:28:20.707502+00:00,13.500146,38115,41,0202aab0008894e3005a5811460e29efbf1ffffffc2246cd1e00000fc0007ebfe9ed0737feebfff600,1,TX 41 seq=17682 rx_latency=1ms tx_dur=1ms,20.253,
2731,10,137,2863661193,2026-07-14T15:28:20.807506+00:00,13.600147,38215,41,0202aab000899547005a5811460e29efbf1ffffffc2246cd1e00000fc0007ebfe9ed0737feebfff600,1,TX 41 seq=17683 rx_latency=1ms tx_dur=1ms,22.020,
2731,10,138,2863661194,2026-07-14T15:28:20.907498+00:00,13.700129,38315,41,0202aab0008a95ab005a5811460e29efbf1ffffffc2246cd1e00000fc0007ebfe9ed0737feebfff600,1,TX 41 seq=17684 rx_latency=1ms tx_dur=1ms,13.830,
2731,10,139,2863661195,2026-07-14T15:28:21.007520+00:00,13.800185,38415,41,0202aab0008b960f005a5811460e29efbf1ffffffc2246cd1e00000fc0007ebfe9ed0737feebfff600,1,TX 41 seq=17685 rx_latency=1ms tx_dur=1ms,16.517,
2731,10,140,2863661196,2026-07-14T15:28:21.107503+00:00,13.900146,38515,41,0202aab0008c9673005a5811460e29efbf1ffffffc2246cd1e00000fc0007ebfe9ed0737feebfff600,1,TX 41 seq=17686 rx_latency=1ms tx_dur=1ms,18.127,
2731,10,141,2863661197,2026-07-14T15:28:21.207503+00:00,14.000142,38615,41,0202aab0008d96d7005a5811460e29efbf1ffffffc2246cd1e00000fc0007ebfe9ed0737feebfff600,1,TX 41 seq=17687 rx_latency=1ms tx_dur=1ms,19.896,
2731,10,142,2863661198,2026-07-14T15:28:21.307496+00:00,14.100128,38715,41,0202aab0008e973b005a5811460e29efbf1ffffffc2246cd1e00000fc0007ebfe9ed0737feebfff600,1,TX 41 seq=17688 rx_latency=1ms tx_dur=1ms,22.677,
2731,10,143,2863661199,2026-07-14T15:28:21.407504+00:00,14.200141,38815,41,0202aab0008f979f005a5811460e29efbf1ffffffc2246cd1e00000fc0007ebfe9ed0737feebfff600,1,TX 41 seq=17689 rx_latency=1ms tx_dur=1ms,14.482,
2731,10,144,2863661200,2026-07-14T15:28:21.507504+00:00,14.300148,38915,41,0202aab000909803005a5811460e29efbf1ffffffc2246cd1e00000fc0007ebfe9ed0737feebfff600,1,TX 41 seq=17690 rx_latency=1ms tx_dur=1ms,15.983,
2731,10,145,2863661201,2026-07-14T15:28:21.607510+00:00,14.400165,39015,41,0202aab000919867005a5811460e29efbf1ffffffc2246cd1e00000fc0007ebfe9ed0737feebfff600,1,TX 41 seq=17691 rx_latency=1ms tx_dur=1ms,17.671,
2731,10,146,2863661202,2026-07-14T15:28:21.707502+00:00,14.500143,39115,41,0202aab0009298cb005a5811460e29efbf1ffffffc2246cd1e00000fc0007ebfe9ed0737feebfff600,1,TX 41 seq=17692 rx_latency=1ms tx_dur=1ms,20.496,
2731,10,147,2863661203,2026-07-14T15:28:21.807505+00:00,14.600145,39215,41,0202aab00093992f005a5811460e29efbf1ffffffc2246cd1e00000fc0007ebfe9ed0737feebfff600,1,TX 41 seq=17693 rx_latency=1ms tx_dur=1ms,22.267,
2731,10,148,2863661204,2026-07-14T15:28:21.907497+00:00,14.700129,39315,41,0202aab000949993005a5811460e29efbf1ffffffc2246cd1e00000fc0007ebfe9ed0737feebfff600,1,TX 41 seq=17694 rx_latency=1ms tx_dur=1ms,13.874,
2731,10,149,2863661205,2026-07-14T15:28:22.007505+00:00,14.800145,39415,41,0202aab0009599f7005a5811460e29efbf1ffffffc2246cd1e00000fc0007ebfe9ed0737feebfff600,1,TX 41 seq=17695 rx_latency=1ms tx_dur=1ms,16.638,
2731,10,150,2863661206,2026-07-14T15:28:22.107505+00:00,14.900144,39515,41,0202aab000969a5b005a5811460e29efbf1ffffffc2246cd1e00000fc0007ebfe9ed0737feebfff600,1,TX 41 seq=17696 rx_latency=1ms tx_dur=1ms,18.385,
2731,10,151,2863661207,2026-07-14T15:28:22.207504+00:00,15.000140,39615,41,0202aab000979abf005a5811460e29efbf1ffffffc2246cd1e00000fc0007ebfe9ed0737feebfff600,1,TX 41 seq=17697 rx_latency=1ms tx_dur=1ms,20.124,
2731,10,152,2863661208,2026-07-14T15:28:22.307495+00:00,15.100126,39715,41,0202aab000989b23005a5811460e29efbf1ffffffc2246cd1e00000fc0007ebfe9ed0737feebfff600,1,TX 41 seq=17698 rx_latency=1ms tx_dur=1ms,22.721,
2731,10,153,2863661209,2026-07-14T15:28:22.407488+00:00,15.200125,39815,41,0202aab000999b87005a5811460e29efbf1ffffffc2246cd1e00000fc0007ebfe9ed0737feebfff600,1,TX 41 seq=17699 rx_latency=1ms tx_dur=1ms,14.517,
2731,10,154,2863661210,2026-07-14T15:28:22.507503+00:00,15.300138,39915,41,0202aab0009a9beb005a5811460e29efbf1ffffffc2246cd1e00000fc0007ebfe9ed0737feebfff600,1,TX 41 seq=17700 rx_latency=1ms tx_dur=1ms,16.174,
2731,10,155,2863661211,2026-07-14T15:28:22.607509+00:00,15.400152,40015,41,0202aab0009b9c4f005a5811460e29efbf1ffffffc2246cd1e00000fc0007ebfe9ed0737feebfff600,1,TX 41 seq=17701 rx_latency=1ms tx_dur=1ms,17.927,
2731,10,156,2863661212,2026-07-14T15:28:22.707498+00:00,15.500133,40115,41,0202aab0009c9cb3005a5811460e29efbf1ffffffc2246cd1e00000fc0007ebfe9ed0737feebfff600,1,TX 41 seq=17702 rx_latency=1ms tx_dur=1ms,20.569,
2731,10,157,2863661213,2026-07-14T15:28:22.807505+00:00,15.600143,40215,41,0202aab0009d9d17005a5811460e29efbf1ffffffc2246cd1e00000fc0007ebfe9ed0737feebfff600,1,TX 41 seq=17703 rx_latency=1ms tx_dur=1ms,22.303,
2731,10,158,2863661214,2026-07-14T15:28:22.907497+00:00,15.700128,40315,41,0202aab0009e9d7b005a5811460e29efbf1ffffffc2246cd1e00000fc0007ebfe9ed0737feebfff600,1,TX 41 seq=17704 rx_latency=1ms tx_dur=1ms,14.114,
2731,10,159,2863661215,2026-07-14T15:28:23.007480+00:00,15.800116,40415,41,0202aab0009f9ddf005a5811460e29efbf1ffffffc2246cd1e00000fc0007ebfe9ed0737feebfff600,1,TX 41 seq=17705 rx_latency=1ms tx_dur=1ms,15.829,
2731,10,160,2863661216,2026-07-14T15:28:23.107500+00:00,15.900134,40515,41,0202aab000a09e43005a5811460e29efbf1ffffffc2246cd1e00000fc0007ebfe9ed0737feebfff600,1,TX 41 seq=17706 rx_latency=1ms tx_dur=1ms,18.649,
2731,10,161,2863661217,2026-07-14T15:28:23.207496+00:00,16.000127,40615,41,0202aab000a19ea7005a5811460e29efbf1ffffffc2246cd1e00000fc0007ebfe9ed0737feebfff600,1,TX 41 seq=17707 rx_latency=1ms tx_dur=1ms,20.185,
2731,10,162,2863661218,2026-07-14T15:28:23.307510+00:00,16.100159,40715,41,0202aab000a29f0b005a5811460e29efbf1ffffffc2246cd1e00000fc0007ebfe9ed0737feebfff600,1,TX 41 seq=17708 rx_latency=1ms tx_dur=1ms,21.821,
2731,10,163,2863661219,2026-07-14T15:28:23.407500+00:00,16.200135,40815,41,0202aab000a39f6f005a5811460e29efbf1ffffffc2246cd1e00000fc0007ebfe9ed0737feebfff600,1,TX 41 seq=17709 rx_latency=1ms tx_dur=1ms,14.778,
2731,10,164,2863661220,2026-07-14T15:28:23.507510+00:00,16.300156,40915,41,0202aab000a49fd3005a5811460e29efbf1ffffffc2246cd1e00000fc0007ebfe9ed0737feebfff600,1,TX 41 seq=17710 rx_latency=1ms tx_dur=1ms,16.410,
2731,10,165,2863661221,2026-07-14T15:28:23.607500+00:00,16.400137,41015,41,0202aab000a5a037005a5811460e29efbf1ffffffc2246cd1e00000fc0007ebfe9ed0737feebfff600,1,TX 41 seq=17711 rx_latency=1ms tx_dur=1ms,17.950,
2731,10,166,2863661222,2026-07-14T15:28:23.707508+00:00,16.500152,41115,41,0202aab000a6a09b005a5811460e29efbf1ffffffc2246cd1e00000fc0007ebfe9ed0737feebfff600,1,TX 41 seq=17712 rx_latency=1ms tx_dur=1ms,19.790,
2731,10,167,2863661223,2026-07-14T15:28:23.807501+00:00,16.600138,41215,41,0202aab000a7a0ff005a5811460e29efbf1ffffffc2246cd1e00000fc0007ebfe9ed0737feebfff600,1,TX 41 seq=17713 rx_latency=1ms tx_dur=1ms,22.647,
2731,10,168,2863661224,2026-07-14T15:28:23.907509+00:00,16.700157,41315,41,0202aab000a8a163005a5811460e29efbf1ffffffc2246cd1e00000fc0007ebfe9ed0737feebfff600,1,TX 41 seq=17714 rx_latency=1ms tx_dur=1ms,14.376,
2731,10,169,2863661225,2026-07-14T15:28:24.007498+00:00,16.800133,41415,41,0202aab000a9a1c7005a5811460e29efbf1ffffffc2246cd1e00000fc0007ebfe9ed0737feebfff600,1,TX 41 seq=17715 rx_latency=1ms tx_dur=1ms,15.981,
2731,10,170,2863661226,2026-07-14T15:28:24.107503+00:00,16.900143,41515,41,0202aab000aaa22b005a5811460e29efbf1ffffffc2246cd1e00000fc0007ebfe9ed0737feebfff600,1,TX 41 seq=17716 rx_latency=1ms tx_dur=1ms,17.677,
2731,10,171,2863661227,2026-07-14T15:28:24.207497+00:00,17.000131,41615,41,0202aab000aba28f005a5811460e29efbf1ffffffc2246cd1e00000fc0007ebfe9ed0737feebfff600,1,TX 41 seq=17717 rx_latency=1ms tx_dur=1ms,20.494,
2731,10,172,2863661228,2026-07-14T15:28:24.307503+00:00,17.100138,41715,41,0202aab000aca2f3005a5811460e29efbf1ffffffc2246cd1e00000fc0007ebfe9ed0737feebfff600,1,TX 41 seq=17718 rx_latency=1ms tx_dur=1ms,22.238,
2731,10,173,2863661229,2026-07-14T15:28:24.407496+00:00,17.200127,41815,41,0202aab000ada357005a5811460e29efbf1ffffffc2246cd1e00000fc0007ebfe9ed0737feebfff600,1,TX 41 seq=17719 rx_latency=1ms tx_dur=1ms,13.840,
2731,10,174,2863661230,2026-07-14T15:28:24.507502+00:00,17.300139,41915,41,0202aab000aea3bb005a5811460e29efbf1ffffffc2246cd1e00000fc0007ebfe9ed0737feebfff600,1,TX 41 seq=17720 rx_latency=1ms tx_dur=1ms,16.628,
2731,10,175,2863661231,2026-07-14T15:28:24.607523+00:00,17.400196,42015,41,0202aab000afa41f005a5811460e29efbf1ffffffc2246cd1e00000fc0007ebfe9ed0737feebfff600,1,TX 41 seq=17721 rx_latency=1ms tx_dur=1ms,18.199,
2731,10,176,2863661232,2026-07-14T15:28:24.707471+00:00,17.500110,42115,41,0202aab000b0a483005a5811460e29efbf1ffffffc2246cd1e00000fc0007ebfe9ed0737feebfff600,1,TX 41 seq=17722 rx_latency=1ms tx_dur=1ms,20.069,
2731,10,177,2863661233,2026-07-14T15:28:24.807504+00:00,17.600146,42215,41,0202aab000b1a4e7005a5811460e29efbf1ffffffc2246cd1e00000fc0007ebfe9ed0737feebfff600,1,TX 41 seq=17723 rx_latency=1ms tx_dur=1ms,22.680,
2731,10,178,2863661234,2026-07-14T15:28:24.907497+00:00,17.700130,42315,41,0202aab000b2a54b005a5811460e29efbf1ffffffc2246cd1e00000fc0007ebfe9ed0737feebfff600,1,TX 41 seq=17724 rx_latency=1ms tx_dur=1ms,14.495,
2731,10,179,2863661235,2026-07-14T15:28:25.007503+00:00,17.800139,42415,41,0202aab000b3a5af005a5811460e29efbf1ffffffc2246cd1e00000fc0007ebfe9ed0737feebfff600,1,TX 41 seq=17725 rx_latency=1ms tx_dur=1ms,16.190,
2731,10,180,2863661236,2026-07-14T15:28:25.107512+00:00,17.900164,42515,41,0202aab000b4a613005a5811460e29efbf1ffffffc2246cd1e00000fc0007ebfe9ed0737feebfff600,1,TX 41 seq=17726 rx_latency=1ms tx_dur=1ms,17.855,
2731,10,181,2863661237,2026-07-14T15:28:25.207499+00:00,18.000134,42615,41,0202aab000b5a677005a5811460e29efbf1ffffffc2246cd1e00000fc0007ebfe9ed0737feebfff600,1,TX 41 seq=17727 rx_latency=1ms tx_dur=1ms,20.518,
2731,10,182,2863661238,2026-07-14T15:28:25.307443+00:00,18.100081,42715,41,0202aab000b6a6db005a5811460e29efbf1ffffffc2246cd1e00000fc0007ebfe9ed0737feebfff600,1,TX 41 seq=17728 rx_latency=1ms tx_dur=1ms,22.344,
2731,10,183,2863661239,2026-07-14T15:28:25.407496+00:00,18.200129,42815,41,0202aab000b7a73f005a5811460e29efbf1ffffffc2246cd1e00000fc0007ebfe9ed0737feebfff600,1,TX 41 seq=17729 rx_latency=1ms tx_dur=1ms,14.066,
2731,10,184,2863661240,2026-07-14T15:28:25.507501+00:00,18.300138,42915,41,0202aab000b8a7a3005a5811460e29efbf1ffffffc2246cd1e00000fc0007ebfe9ed0737feebfff600,1,TX 41 seq=17730 rx_latency=1ms tx_dur=1ms,15.752,
2731,10,185,2863661241,2026-07-14T15:28:25.607499+00:00,18.400137,43015,41,0202aab000b9a807005a5811460e29efbf1ffffffc2246cd1e00000fc0007ebfe9ed0737feebfff600,1,TX 41 seq=17731 rx_latency=1ms tx_dur=1ms,18.355,
2731,10,186,2863661242,2026-07-14T15:28:25.707516+00:00,18.500184,43115,41,0202aab000baa86b005a5811460e29efbf1ffffffc2246cd1e00000fc0007ebfe9ed0737feebfff600,1,TX 41 seq=17732 rx_latency=1ms tx_dur=1ms,19.987,
2731,10,187,2863661243,2026-07-14T15:28:25.807500+00:00,18.600138,43215,41,0202aab000bba8cf005a5811460e29efbf1ffffffc2246cd1e00000fc0007ebfe9ed0737feebfff600,1,TX 41 seq=17733 rx_latency=1ms tx_dur=1ms,21.786,
2731,10,188,2863661244,2026-07-14T15:28:25.907504+00:00,18.700143,43315,41,0202aab000bca933005a5811460e29efbf1ffffffc2246cd1e00000fc0007ebfe9ed0737feebfff600,1,TX 41 seq=17734 rx_latency=1ms tx_dur=1ms,14.693,
2731,10,189,2863661245,2026-07-14T15:28:26.007503+00:00,18.800140,43415,41,0202aab000bda997005a5811460e29efbf1ffffffc2246cd1e00000fc0007ebfe9ed0737feebfff600,1,TX 41 seq=17735 rx_latency=1ms tx_dur=1ms,16.565,
2731,10,190,2863661246,2026-07-14T15:28:26.107504+00:00,18.900139,43515,41,0202aab000bea9fb005a5811460e29efbf1ffffffc2246cd1e00000fc0007ebfe9ed0737feebfff600,1,TX 41 seq=17736 rx_latency=1ms tx_dur=1ms,18.076,
2731,10,191,2863661247,2026-07-14T15:28:26.207503+00:00,19.000140,43615,41,0202aab000bfaa5f005a5811460e29efbf1ffffffc2246cd1e00000fc0007ebfe9ed0737feebfff600,1,TX 41 seq=17737 rx_latency=1ms tx_dur=1ms,19.791,
2731,10,192,2863661248,2026-07-14T15:28:26.307504+00:00,19.100139,43715,41,0202aab000c0aac3005a5811460e29efbf1ffffffc2246cd1e00000fc0007ebfe9ed0737feebfff600,1,TX 41 seq=17738 rx_latency=1ms tx_dur=1ms,22.646,
2731,10,193,2863661249,2026-07-14T15:28:26.407448+00:00,19.200080,43815,41,0202aab000c1ab27005a5811460e29efbf1ffffffc2246cd1e00000fc0007ebfe9ed0737feebfff600,1,TX 41 seq=17739 rx_latency=1ms tx_dur=1ms,14.508,
2731,10,194,2863661250,2026-07-14T15:28:26.507504+00:00,19.300139,43915,41,0202aab000c2ab8b005a5811460e29efbf1ffffffc2246cd1e00000fc0007ebfe9ed0737feebfff600,1,TX 41 seq=17740 rx_latency=1ms tx_dur=1ms,15.944,
2731,10,195,2863661251,2026-07-14T15:28:26.607502+00:00,19.400136,44015,41,0202aab000c3abef005a5811460e29efbf1ffffffc2246cd1e00000fc0007ebfe9ed0737feebfff600,1,TX 41 seq=17741 rx_latency=1ms tx_dur=1ms,17.613,
2731,10,196,2863661252,2026-07-14T15:28:26.707499+00:00,19.500134,44115,41,0202aab000c4ac53005a5811460e29efbf1ffffffc2246cd1e00000fc0007ebfe9ed0737feebfff600,1,TX 41 seq=17742 rx_latency=1ms tx_dur=1ms,20.434,
2731,10,197,2863661253,2026-07-14T15:28:26.807505+00:00,19.600144,44215,41,0202aab000c5acb7005a5811460e29efbf1ffffffc2246cd1e00000fc0007ebfe9ed0737feebfff600,1,TX 41 seq=17743 rx_latency=1ms tx_dur=1ms,22.213,
2731,10,198,2863661254,2026-07-14T15:28:26.907516+00:00,19.700177,44315,41,0202aab000c6ad1b005a5811460e29efbf1ffffffc2246cd1e00000fc0007ebfe9ed0737feebfff600,1,TX 41 seq=17744 rx_latency=1ms tx_dur=1ms,13.663,
2731,10,199,2863661255,2026-07-14T15:28:27.007512+00:00,19.800164,44415,41,0202aab000c7ad7f005a5811460e29efbf1ffffffc2246cd1e00000fc0007ebfe9ed0737feebfff600,1,TX 41 seq=17745 rx_latency=1ms tx_dur=1ms,16.518,
2731,10,200,2863661256,2026-07-14T15:28:27.107497+00:00,19.900131,44515,41,0202aab000c8ade3005a5811460e29efbf1ffffffc2246cd1e00000fc0007ebfe9ed0737feebfff600,1,TX 41 seq=17746 rx_latency=1ms tx_dur=1ms,18.304,
2731,10,201,2863661257,2026-07-14T15:28:27.207451+00:00,20.000102,44615,41,0202aab000c9ae47005a5811460e29efbf1ffffffc2246cd1e00000fc0007ebfe9ed0737feebfff600,1,TX 41 seq=17747 rx_latency=1ms tx_dur=1ms,20.040,
2731,10,202,2863661258,2026-07-14T15:28:27.307499+00:00,20.100135,44715,41,0202aab000caaeab005a5811460e29efbf1ffffffc2246cd1e00000fc0007ebfe9ed0737feebfff600,1,TX 41 seq=17748 rx_latency=1ms tx_dur=1ms,22.630,
2731,10,203,2863661259,2026-07-14T15:28:27.407506+00:00,20.200152,44815,41,0202aab000cbaf0f005a5811460e29efbf1ffffffc2246cd1e00000fc0007ebfe9ed0737feebfff600,1,TX 41 seq=17749 rx_latency=1ms tx_dur=1ms,14.369,
2731,10,204,2863661260,2026-07-14T15:28:27.507503+00:00,20.300140,44915,41,0202aab000ccaf73005a5811460e29efbf1ffffffc2246cd1e00000fc0007ebfe9ed0737feebfff600,1,TX 41 seq=17750 rx_latency=1ms tx_dur=1ms,16.078,
2731,10,205,2863661261,2026-07-14T15:28:27.607504+00:00,20.400140,45015,41,0202aab000cdafd7005a5811460e29efbf1ffffffc2246cd1e00000fc0007ebfe9ed0737feebfff600,1,TX 41 seq=17751 rx_latency=1ms tx_dur=1ms,17.878,
2731,10,206,2863661262,2026-07-14T15:28:27.707500+00:00,20.500139,45115,41,0202aab000ceb03b005a5811460e29efbf1ffffffc2246cd1e00000fc0007ebfe9ed0737feebfff600,1,TX 41 seq=17752 rx_latency=1ms tx_dur=1ms,20.480,
2731,10,207,2863661263,2026-07-14T15:28:27.807504+00:00,20.600146,45215,41,0202aab000cfb09f005a5811460e29efbf1ffffffc2246cd1e00000fc0007ebfe9ed0737feebfff600,1,TX 41 seq=17753 rx_latency=1ms tx_dur=1ms,22.209,
2731,10,208,2863661264,2026-07-14T15:28:27.907497+00:00,20.700130,45315,41,0202aab000d0b103005a5811460e29efbf1ffffffc2246cd1e00000fc0007ebfe9ed0737feebfff600,1,TX 41 seq=17754 rx_latency=1ms tx_dur=1ms,14.010,
2731,10,209,2863661265,2026-07-14T15:28:28.007502+00:00,20.800138,45415,41,0202aab000d1b167005a5811460e29efbf1ffffffc2246cd1e00000fc0007ebfe9ed0737feebfff600,1,TX 41 seq=17755 rx_latency=1ms tx_dur=1ms,15.709,
2731,10,210,2863661266,2026-07-14T15:28:28.107497+00:00,20.900126,45515,41,0202aab000d2b1cb005a5811460e29efbf1ffffffc2246cd1e00000fc0007ebfe9ed0737feebfff600,1,TX 41 seq=17756 rx_latency=1ms tx_dur=1ms,18.347,
2731,10,211,2863661267,2026-07-14T15:28:28.207501+00:00,21.000136,45615,41,0202aab000d3b22f005a5811460e29efbf1ffffffc2246cd1e00000fc0007ebfe9ed0737feebfff600,1,TX 41 seq=17757 rx_latency=1ms tx_dur=1ms,20.074,
2731,10,212,2863661268,2026-07-14T15:28:28.307503+00:00,21.100138,45715,41,0202aab000d4b293005a5811460e29efbf1ffffffc2246cd1e00000fc0007ebfe9ed0737feebfff600,1,TX 41 seq=17758 rx_latency=1ms tx_dur=1ms,21.792,
2731,10,213,2863661269,2026-07-14T15:28:28.407502+00:00,21.200136,45815,41,0202aab000d5b2f7005a5811460e29efbf1ffffffc2246cd1e00000fc0007ebfe9ed0737feebfff600,1,TX 41 seq=17759 rx_latency=1ms tx_dur=1ms,14.667,
2731,10,214,2863661270,2026-07-14T15:28:28.507502+00:00,21.300135,45915,41,0202aab000d6b35b005a5811460e29efbf1ffffffc2246cd1e00000fc0007ebfe9ed0737feebfff600,1,TX 41 seq=17760 rx_latency=1ms tx_dur=1ms,16.123,
2731,10,215,2863661271,2026-07-14T15:28:28.607511+00:00,21.400161,46015,41,0202aab000d7b3bf005a5811460e29efbf1ffffffc2246cd1e00000fc0007ebfe9ed0737feebfff600,1,TX 41 seq=17761 rx_latency=1ms tx_dur=1ms,17.831,
2731,10,216,2863661272,2026-07-14T15:28:28.707498+00:00,21.500133,46115,41,0202aab000d8b423005a5811460e29efbf1ffffffc2246cd1e00000fc0007ebfe9ed0737feebfff600,1,TX 41 seq=17762 rx_latency=1ms tx_dur=1ms,20.718,
2731,10,217,2863661273,2026-07-14T15:28:28.807495+00:00,21.600134,46215,41,0202aab000d9b487005a5811460e29efbf1ffffffc2246cd1e00000fc0007ebfe9ed0737feebfff600,1,TX 41 seq=17763 rx_latency=1ms tx_dur=1ms,22.464,
2731,10,218,2863661274,2026-07-14T15:28:28.907496+00:00,21.700129,46315,41,0202aab000dab4eb005a5811460e29efbf1ffffffc2246cd1e00000fc0007ebfe9ed0737feebfff600,1,TX 41 seq=17764 rx_latency=1ms tx_dur=1ms,14.266,
2731,10,219,2863661275,2026-07-14T15:28:29.007495+00:00,21.800132,46415,41,0202aab000dbb54f005a5811460e29efbf1ffffffc2246cd1e00000fc0007ebfe9ed0737feebfff600,1,TX 41 seq=17765 rx_latency=1ms tx_dur=1ms,15.745,
2731,10,220,2863661276,2026-07-14T15:28:29.107502+00:00,21.900136,46515,41,0202aab000dcb5b3005a5811460e29efbf1ffffffc2246cd1e00000fc0007ebfe9ed0737feebfff600,1,TX 41 seq=17766 rx_latency=1ms tx_dur=1ms,18.584,
2731,10,221,2863661277,2026-07-14T15:28:29.207503+00:00,22.000136,46615,41,0202aab000ddb617005a5811460e29efbf1ffffffc2246cd1e00000fc0007ebfe9ed0737feebfff600,1,TX 41 seq=17767 rx_latency=1ms tx_dur=1ms,20.318,
2731,10,222,2863661278,2026-07-14T15:28:29.307497+00:00,22.100128,46715,41,0202aab000deb67b005a5811460e29efbf1ffffffc2246cd1e00000fc0007ebfe9ed0737feebfff600,1,TX 41 seq=17768 rx_latency=1ms tx_dur=1ms,22.004,
2731,10,223,2863661279,2026-07-14T15:28:29.407504+00:00,22.200140,46815,41,0202aab000dfb6df005a5811460e29efbf1ffffffc2246cd1e00000fc0007ebfe9ed0737feebfff600,1,TX 41 seq=17769 rx_latency=1ms tx_dur=1ms,14.683,
2731,10,224,2863661280,2026-07-14T15:28:29.507503+00:00,22.300138,46915,41,0202aab000e0b743005a5811460e29efbf1ffffffc2246cd1e00000fc0007ebfe9ed0737feebfff600,1,TX 41 seq=17770 rx_latency=1ms tx_dur=1ms,16.440,
2731,10,225,2863661281,2026-07-14T15:28:29.607502+00:00,22.400135,47015,41,0202aab000e1b7a7005a5811460e29efbf1ffffffc2246cd1e00000fc0007ebfe9ed0737feebfff600,1,TX 41 seq=17771 rx_latency=1ms tx_dur=1ms,18.146,
2731,10,226,2863661282,2026-07-14T15:28:29.707505+00:00,22.500146,47115,41,0202aab000e2b80b005a5811460e29efbf1ffffffc2246cd1e00000fc0007ebfe9ed0737feebfff600,1,TX 41 seq=17772 rx_latency=1ms tx_dur=1ms,19.865,
2731,10,227,2863661283,2026-07-14T15:28:29.807499+00:00,22.600133,47215,41,0202aab000e3b86f005a5811460e29efbf1ffffffc2246cd1e00000fc0007ebfe9ed0737feebfff600,1,TX 41 seq=17773 rx_latency=1ms tx_dur=1ms,22.452,
2731,10,228,2863661284,2026-07-14T15:28:29.907504+00:00,22.700142,47315,41,0202aab000e4b8d3005a5811460e29efbf1ffffffc2246cd1e00000fc0007ebfe9ed0737feebfff600,1,TX 41 seq=17774 rx_latency=1ms tx_dur=1ms,14.248,
2731,10,229,2863661285,2026-07-14T15:28:30.007522+00:00,22.800183,47415,41,0202aab000e5b937005a5811460e29efbf1ffffffc2246cd1e00000fc0007ebfe9ed0737feebfff600,1,TX 41 seq=17775 rx_latency=1ms tx_dur=1ms,15.858,
2731,10,230,2863661286,2026-07-14T15:28:30.107467+00:00,22.900103,47515,41,0202aab000e6b99b005a5811460e29efbf1ffffffc2246cd1e00000fc0007ebfe9ed0737feebfff600,1,TX 41 seq=17776 rx_latency=1ms tx_dur=1ms,18.816,
2731,10,231,2863661287,2026-07-14T15:28:30.207505+00:00,23.000141,47615,41,0202aab000e7b9ff005a5811460e29efbf1ffffffc2246cd1e00000fc0007ebfe9ed0737feebfff600,1,TX 41 seq=17777 rx_latency=1ms tx_dur=1ms,20.306,
2731,10,232,2863661288,2026-07-14T15:28:30.307498+00:00,23.100132,47715,41,0202aab000e8ba63005a5811460e29efbf1ffffffc2246cd1e00000fc0007ebfe9ed0737feebfff600,1,TX 41 seq=17778 rx_latency=1ms tx_dur=1ms,22.026,
2731,10,233,2863661289,2026-07-14T15:28:30.407506+00:00,23.200143,47815,41,0202aab000e9bac7005a5811460e29efbf1ffffffc2246cd1e00000fc0007ebfe9ed0737feebfff600,1,TX 41 seq=17779 rx_latency=1ms tx_dur=1ms,13.819,
2731,10,234,2863661290,2026-07-14T15:28:30.507502+00:00,23.300137,47915,41,0202aab000eabb2b005a5811460e29efbf1ffffffc2246cd1e00000fc0007ebfe9ed0737feebfff600,1,TX 41 seq=17780 rx_latency=1ms tx_dur=1ms,16.606,
2731,10,235,2863661291,2026-07-14T15:28:30.607505+00:00,23.400141,48015,41,0202aab000ebbb8f005a5811460e29efbf1ffffffc2246cd1e00000fc0007ebfe9ed0737feebfff600,1,TX 41 seq=17781 rx_latency=1ms tx_dur=1ms,18.187,
2731,10,236,2863661292,2026-07-14T15:28:30.707451+00:00,23.500088,48115,41,0202aab000ecbbf3005a5811460e29efbf1ffffffc2246cd1e00000fc0007ebfe9ed0737feebfff600,1,TX 41 seq=17782 rx_latency=1ms tx_dur=1ms,19.974,
2731,10,237,2863661293,2026-07-14T15:28:30.807505+00:00,23.600142,48215,41,0202aab000edbc57005a5811460e29efbf1ffffffc2246cd1e00000fc0007ebfe9ed0737feebfff600,1,TX 41 seq=17783 rx_latency=1ms tx_dur=1ms,22.717,
2731,10,238,2863661294,2026-07-14T15:28:30.907498+00:00,23.700132,48315,41,0202aab000eebcbb005a5811460e29efbf1ffffffc2246cd1e00000fc0007ebfe9ed0737feebfff600,1,TX 41 seq=17784 rx_latency=1ms tx_dur=1ms,14.510,
2731,10,239,2863661295,2026-07-14T15:28:31.007514+00:00,23.800168,48415,41,0202aab000efbd1f005a5811460e29efbf1ffffffc2246cd1e00000fc0007ebfe9ed0737feebfff600,1,TX 41 seq=17785 rx_latency=1ms tx_dur=1ms,15.935,
2731,10,240,2863661296,2026-07-14T15:28:31.107436+00:00,23.900072,48515,41,0202aab000f0bd83005a5811460e29efbf1ffffffc2246cd1e00000fc0007ebfe9ed0737feebfff600,1,TX 41 seq=17786 rx_latency=1ms tx_dur=1ms,17.818,
2731,10,241,2863661297,2026-07-14T15:28:31.207505+00:00,24.000142,48615,41,0202aab000f1bde7005a5811460e29efbf1ffffffc2246cd1e00000fc0007ebfe9ed0737feebfff600,1,TX 41 seq=17787 rx_latency=1ms tx_dur=1ms,20.562,
2731,10,242,2863661298,2026-07-14T15:28:31.307493+00:00,24.100124,48715,41,0202aab000f2be4b005a5811460e29efbf1ffffffc2246cd1e00000fc0007ebfe9ed0737feebfff600,1,TX 41 seq=17788 rx_latency=1ms tx_dur=1ms,22.252,
2731,10,243,2863661299,2026-07-14T15:28:31.407504+00:00,24.200141,48815,41,0202aab000f3beaf005a5811460e29efbf1ffffffc2246cd1e00000fc0007ebfe9ed0737feebfff600,1,TX 41 seq=17789 rx_latency=1ms tx_dur=1ms,13.829,
2731,10,244,2863661300,2026-07-14T15:28:31.507504+00:00,24.300144,48915,41,0202aab000f4bf13005a5811460e29efbf1ffffffc2246cd1e00000fc0007ebfe9ed0737feebfff600,1,TX 41 seq=17790 rx_latency=1ms tx_dur=1ms,16.612,
2731,10,245,2863661301,2026-07-14T15:28:31.607504+00:00,24.400141,49015,41,0202aab000f5bf77005a5811460e29efbf1ffffffc2246cd1e00000fc0007ebfe9ed0737feebfff600,1,TX 41 seq=17791 rx_latency=1ms tx_dur=1ms,18.399,
2731,10,246,2863661302,2026-07-14T15:28:31.707517+00:00,24.500175,49115,41,0202aab000f6bfdb005a5811460e29efbf1ffffffc2246cd1e00000fc0007ebfe9ed0737feebfff600,1,TX 41 seq=17792 rx_latency=1ms tx_dur=1ms,19.992,
2731,10,247,2863661303,2026-07-14T15:28:31.807505+00:00,24.600149,49215,41,0202aab000f7c03f005a5811460e29efbf1ffffffc2246cd1e00000fc0007ebfe9ed0737feebfff600,1,TX 41 seq=17793 rx_latency=1ms tx_dur=1ms,22.728,
2731,10,248,2863661304,2026-07-14T15:28:31.907503+00:00,24.700138,49315,41,0202aab000f8c0a3005a5811460e29efbf1ffffffc2246cd1e00000fc0007ebfe9ed0737feebfff600,1,TX 41 seq=17794 rx_latency=1ms tx_dur=1ms,14.531,
2731,10,249,2863661305,2026-07-14T15:28:32.007506+00:00,24.800144,49415,41,0202aab000f9c107005a5811460e29efbf1ffffffc2246cd1e00000fc0007ebfe9ed0737feebfff600,1,TX 41 seq=17795 rx_latency=1ms tx_dur=1ms,16.230,
2731,10,250,2863661306,2026-07-14T15:28:32.107505+00:00,24.900140,49515,41,0202aab000fac16b005a5811460e29efbf1ffffffc2246cd1e00000fc0007ebfe9ed0737feebfff600,1,TX 41 seq=17796 rx_latency=1ms tx_dur=1ms,17.962,
2731,10,251,2863661307,2026-07-14T15:28:32.207504+00:00,25.000140,49615,41,0202aab000fbc1cf005a5811460e29efbf1ffffffc2246cd1e00000fc0007ebfe9ed0737feebfff600,1,TX 41 seq=17797 rx_latency=1ms tx_dur=1ms,20.584,
2731,10,252,2863661308,2026-07-14T15:28:32.307504+00:00,25.100140,49715,41,0202aab000fcc233005a5811460e29efbf1ffffffc2246cd1e00000fc0007ebfe9ed0737feebfff600,1,TX 41 seq=17798 rx_latency=1ms tx_dur=1ms,22.306,
2731,10,253,2863661309,2026-07-14T15:28:32.407503+00:00,25.200140,49815,41,0202aab000fdc297005a5811460e29efbf1ffffffc2246cd1e00000fc0007ebfe9ed0737feebfff600,1,TX 41 seq=17799 rx_latency=1ms tx_dur=1ms,14.080,
2731,10,254,2863661310,2026-07-14T15:28:32.507504+00:00,25.300141,49915,41,0202aab000fec2fb005a5811460e29efbf1ffffffc2246cd1e00000fc0007ebfe9ed0737feebfff600,1,TX 41 seq=17800 rx_latency=1ms tx_dur=1ms,15.758,
2731,10,255,2863661311,2026-07-14T15:28:32.607502+00:00,25.400137,50015,41,0202aab000ffc35f005a5811460e29efbf1ffffffc2246cd1e00000fc0007ebfe9ed0737feebfff600,1,TX 41 seq=17801 rx_latency=1ms tx_dur=1ms,18.654,
2731,10,256,2863661312,2026-07-14T15:28:32.707510+00:00,25.500159,50115,41,0202aab00100c3c3005a5811460e29efbf1ffffffc2246cd1e00000fc0007ebfe9ed0737feebfff600,1,TX 41 seq=17802 rx_latency=1ms tx_dur=1ms,20.067,
2731,10,257,2863661313,2026-07-14T15:28:32.807506+00:00,25.600147,50215,41,0202aab00101c427005a5811460e29efbf1ffffffc2246cd1e00000fc0007ebfe9ed0737feebfff600,1,TX 41 seq=17803 rx_latency=1ms tx_dur=1ms,21.855,
2731,10,258,2863661314,2026-07-14T15:28:32.907499+00:00,25.700134,50315,41,0202aab00102c48b005a5811460e29efbf1ffffffc2246cd1e00000fc0007ebfe9ed0737feebfff600,1,TX 41 seq=17804 rx_latency=1ms tx_dur=1ms,14.752,
2731,10,259,2863661315,2026-07-14T15:28:33.007498+00:00,25.800133,50415,41,0202aab00103c4ef005a5811460e29efbf1ffffffc2246cd1e00000fc0007ebfe9ed0737feebfff600,1,TX 41 seq=17805 rx_latency=1ms tx_dur=1ms,16.524,
2731,10,260,2863661316,2026-07-14T15:28:33.107505+00:00,25.900141,50515,41,0202aab00104c553005a5811460e29efbf1ffffffc2246cd1e00000fc0007ebfe9ed0737feebfff600,1,TX 41 seq=17806 rx_latency=1ms tx_dur=1ms,17.999,
2731,10,261,2863661317,2026-07-14T15:28:33.207505+00:00,26.000144,50615,41,0202aab00105c5b7005a5811460e29efbf1ffffffc2246cd1e00000fc0007ebfe9ed0737feebfff600,1,TX 41 seq=17807 rx_latency=1ms tx_dur=1ms,19.725,
2731,10,262,2863661318,2026-07-14T15:28:33.307513+00:00,26.100148,50715,41,0202aab00106c61b005a5811460e29efbf1ffffffc2246cd1e00000fc0007ebfe9ed0737feebfff600,1,TX 41 seq=17808 rx_latency=1ms tx_dur=1ms,22.428,
2731,10,263,2863661319,2026-07-14T15:28:33.407496+00:00,26.200127,50815,41,0202aab00107c67f005a5811460e29efbf1ffffffc2246cd1e00000fc0007ebfe9ed0737feebfff600,1,TX 41 seq=17809 rx_latency=1ms tx_dur=1ms,14.391,
2731,10,264,2863661320,2026-07-14T15:28:33.507511+00:00,26.300164,50915,41,0202aab00108c6e3005a5811460e29efbf1ffffffc2246cd1e00000fc0007ebfe9ed0737feebfff600,1,TX 41 seq=17810 rx_latency=1ms tx_dur=1ms,15.691,
2731,10,265,2863661321,2026-07-14T15:28:33.607498+00:00,26.400135,51015,41,0202aab00109c747005a5811460e29efbf1ffffffc2246cd1e00000fc0007ebfe9ed0737feebfff600,1,TX 41 seq=17811 rx_latency=1ms tx_dur=1ms,18.750,
2731,10,266,2863661322,2026-07-14T15:28:33.707508+00:00,26.500155,51115,41,0202aab0010ac7ab005a5811460e29efbf1ffffffc2246cd1e00000fc0007ebfe9ed0737feebfff600,1,TX 41 seq=17812 rx_latency=1ms tx_dur=1ms,20.389,
2731,10,267,2863661323,2026-07-14T15:28:33.807504+00:00,26.600142,51215,41,0202aab0010bc80f005a5811460e29efbf1ffffffc2246cd1e00000fc0007ebfe9ed0737feebfff600,1,TX 41 seq=17813 rx_latency=1ms tx_dur=1ms,22.123,
2731,10,268,2863661324,2026-07-14T15:28:33.907504+00:00,26.700143,51315,41,0202aab0010cc873005a5811460e29efbf1ffffffc2246cd1e00000fc0007ebfe9ed0737feebfff600,1,TX 41 seq=17814 rx_latency=1ms tx_dur=1ms,14.730,
2731,10,269,2863661325,2026-07-14T15:28:34.007499+00:00,26.800135,51415,41,0202aab0010dc8d7005a5811460e29efbf1ffffffc2246cd1e00000fc0007ebfe9ed0737feebfff600,1,TX 41 seq=17815 rx_latency=1ms tx_dur=1ms,16.564,
2731,10,270,2863661326,2026-07-14T15:28:34.107520+00:00,26.900185,51515,41,0202aab0010ec93b005a5811460e29efbf1ffffffc2246cd1e00000fc0007ebfe9ed0737feebfff600,1,TX 41 seq=17816 rx_latency=1ms tx_dur=1ms,18.058,
2731,10,271,2863661327,2026-07-14T15:28:34.207500+00:00,27.000138,51615,41,0202aab0010fc99f005a5811460e29efbf1ffffffc2246cd1e00000fc0007ebfe9ed0737feebfff600,1,TX 41 seq=17817 rx_latency=1ms tx_dur=1ms,20.032,
2731,10,272,2863661328,2026-07-14T15:28:34.307504+00:00,27.100142,51715,41,0202aab00110ca03005a5811460e29efbf1ffffffc2246cd1e00000fc0007ebfe9ed0737feebfff600,1,TX 41 seq=17818 rx_latency=1ms tx_dur=1ms,22.476,
2731,10,273,2863661329,2026-07-14T15:28:34.407497+00:00,27.200130,51815,41,0202aab00111ca67005a5811460e29efbf1ffffffc2246cd1e00000fc0007ebfe9ed0737feebfff600,1,TX 41 seq=17819 rx_latency=1ms tx_dur=1ms,14.425,
2731,10,274,2863661330,2026-07-14T15:28:34.507509+00:00,27.300166,51915,41,0202aab00112cacb005a5811460e29efbf1ffffffc2246cd1e00000fc0007ebfe9ed0737feebfff600,1,TX 41 seq=17820 rx_latency=1ms tx_dur=1ms,15.976,
2731,10,275,2863661331,2026-07-14T15:28:34.607498+00:00,27.400135,52015,41,0202aab00113cb2f005a5811460e29efbf1ffffffc2246cd1e00000fc0007ebfe9ed0737feebfff600,1,TX 41 seq=17821 rx_latency=1ms tx_dur=1ms,17.845,
2731,10,276,2863661332,2026-07-14T15:28:34.707506+00:00,27.500145,52115,41,0202aab00114cb93005a5811460e29efbf1ffffffc2246cd1e00000fc0007ebfe9ed0737feebfff600,1,TX 41 seq=17822 rx_latency=1ms tx_dur=1ms,20.377,
2731,10,277,2863661333,2026-07-14T15:28:34.807497+00:00,27.600129,52215,41,0202aab00115cbf7005a5811460e29efbf1ffffffc2246cd1e00000fc0007ebfe9ed0737feebfff600,1,TX 41 seq=17823 rx_latency=1ms tx_dur=1ms,22.233,
2731,10,278,2863661334,2026-07-14T15:28:34.907513+00:00,27.700166,52315,41,0202aab00116cc5b005a5811460e29efbf1ffffffc2246cd1e00000fc0007ebfe9ed0737feebfff600,1,TX 41 seq=17824 rx_latency=1ms tx_dur=1ms,13.833,
2731,10,279,2863661335,2026-07-14T15:28:35.007499+00:00,27.800138,52415,41,0202aab00117ccbf005a5811460e29efbf1ffffffc2246cd1e00000fc0007ebfe9ed0737feebfff600,1,TX 41 seq=17825 rx_latency=1ms tx_dur=1ms,16.758,
2731,10,280,2863661336,2026-07-14T15:28:35.107504+00:00,27.900141,52515,41,0202aab00118cd23005a5811460e29efbf1ffffffc2246cd1e00000fc0007ebfe9ed0737feebfff600,1,TX 41 seq=17826 rx_latency=1ms tx_dur=1ms,18.284,
2731,10,281,2863661337,2026-07-14T15:28:35.207496+00:00,28.000127,52615,41,0202aab00119cd87005a5811460e29efbf1ffffffc2246cd1e00000fc0007ebfe9ed0737feebfff600,1,TX 41 seq=17827 rx_latency=1ms tx_dur=1ms,20.064,
2731,10,282,2863661338,2026-07-14T15:28:35.307502+00:00,28.100136,52715,41,0202aab0011acdeb005a5811460e29efbf1ffffffc2246cd1e00000fc0007ebfe9ed0737feebfff600,1,TX 41 seq=17828 rx_latency=1ms tx_dur=1ms,21.716,
2731,10,283,2863661339,2026-07-14T15:28:35.407495+00:00,28.200128,52815,41,0202aab0011bce4f005a5811460e29efbf1ffffffc2246cd1e00000fc0007ebfe9ed0737feebfff600,1,TX 41 seq=17829 rx_latency=1ms tx_dur=1ms,14.605,
2731,10,284,2863661340,2026-07-14T15:28:35.507503+00:00,28.300141,52915,41,0202aab0011cceb3005a5811460e29efbf1ffffffc2246cd1e00000fc0007ebfe9ed0737feebfff600,1,TX 41 seq=17830 rx_latency=1ms tx_dur=1ms,16.091,
2731,10,285,2863661341,2026-07-14T15:28:35.607506+00:00,28.400156,53015,41,0202aab0011dcf17005a5811460e29efbf1ffffffc2246cd1e00000fc0007ebfe9ed0737feebfff600,1,TX 41 seq=17831 rx_latency=1ms tx_dur=1ms,17.751,
2731,10,286,2863661342,2026-07-14T15:28:35.707508+00:00,28.500153,53115,41,0202aab0011ecf7b005a5811460e29efbf1ffffffc2246cd1e00000fc0007ebfe9ed0737feebfff600,1,TX 41 seq=17832 rx_latency=1ms tx_dur=1ms,20.637,
2731,10,287,2863661343,2026-07-14T15:28:35.807498+00:00,28.600131,53215,41,0202aab0011fcfdf005a5811460e29efbf1ffffffc2246cd1e00000fc0007ebfe9ed0737feebfff600,1,TX 41 seq=17833 rx_latency=1ms tx_dur=1ms,22.420,
2731,10,288,2863661344,2026-07-14T15:28:35.907505+00:00,28.700144,53315,41,0202aab00120d043005a5811460e29efbf1ffffffc2246cd1e00000fc0007ebfe9ed0737feebfff600,1,TX 41 seq=17834 rx_latency=1ms tx_dur=1ms,13.936,
2731,10,289,2863661345,2026-07-14T15:28:36.007497+00:00,28.800132,53415,41,0202aab00121d0a7005a5811460e29efbf1ffffffc2246cd1e00000fc0007ebfe9ed0737feebfff600,1,TX 41 seq=17835 rx_latency=1ms tx_dur=1ms,16.787,
2731,10,290,2863661346,2026-07-14T15:28:36.107502+00:00,28.900140,53515,41,0202aab00122d10b005a5811460e29efbf1ffffffc2246cd1e00000fc0007ebfe9ed0737feebfff600,1,TX 41 seq=17836 rx_latency=1ms tx_dur=1ms,18.551,
2731,10,291,2863661347,2026-07-14T15:28:36.207502+00:00,29.000143,53615,41,0202aab00123d16f005a5811460e29efbf1ffffffc2246cd1e00000fc0007ebfe9ed0737feebfff600,1,TX 41 seq=17837 rx_latency=1ms tx_dur=1ms,20.142,
2731,10,292,2863661348,2026-07-14T15:28:36.307503+00:00,29.100142,53715,41,0202aab00124d1d3005a5811460e29efbf1ffffffc2246cd1e00000fc0007ebfe9ed0737feebfff600,1,TX 41 seq=17838 rx_latency=1ms tx_dur=1ms,21.956,
2731,10,293,2863661349,2026-07-14T15:28:36.407497+00:00,29.200129,53815,41,0202aab00125d237005a5811460e29efbf1ffffffc2246cd1e00000fc0007ebfe9ed0737feebfff600,1,TX 41 seq=17839 rx_latency=1ms tx_dur=1ms,14.638,
2731,10,294,2863661350,2026-07-14T15:28:36.507503+00:00,29.300140,53915,41,0202aab00126d29b005a5811460e29efbf1ffffffc2246cd1e00000fc0007ebfe9ed0737feebfff600,1,TX 41 seq=17840 rx_latency=1ms tx_dur=1ms,16.453,
2731,10,295,2863661351,2026-07-14T15:28:36.607504+00:00,29.400152,54015,41,0202aab00127d2ff005a5811460e29efbf1ffffffc2246cd1e00000fc0007ebfe9ed0737feebfff600,1,TX 41 seq=17841 rx_latency=1ms tx_dur=1ms,18.123,
2731,10,296,2863661352,2026-07-14T15:28:36.707504+00:00,29.500145,54115,41,0202aab00128d363005a5811460e29efbf1ffffffc2246cd1e00000fc0007ebfe9ed0737feebfff600,1,TX 41 seq=17842 rx_latency=1ms tx_dur=1ms,19.931,
2731,10,297,2863661353,2026-07-14T15:28:36.807497+00:00,29.600130,54215,41,0202aab00129d3c7005a5811460e29efbf1ffffffc2246cd1e00000fc0007ebfe9ed0737feebfff600,1,TX 41 seq=17843 rx_latency=1ms tx_dur=1ms,22.502,
2731,10,298,2863661354,2026-07-14T15:28:36.907502+00:00,29.700138,54315,41,0202aab0012ad42b005a5811460e29efbf1ffffffc2246cd1e00000fc0007ebfe9ed0737feebfff600,1,TX 41 seq=17844 rx_latency=1ms tx_dur=1ms,14.297,
2731,10,299,2863661355,2026-07-14T15:28:37.007508+00:00,29.800155,54415,41,0202aab0012bd48f005a5811460e29efbf1ffffffc2246cd1e00000fc0007ebfe9ed0737feebfff600,1,TX 41 seq=17845 rx_latency=1ms tx_dur=1ms,15.983,
2731,10,300,2863661356,2026-07-14T15:28:37.107464+00:00,29.900106,54515,41,0202aab0012cd4f3005a5811460e29efbf1ffffffc2246cd1e00000fc0007ebfe9ed0737feebfff600,1,TX 41 seq=17846 rx_latency=1ms tx_dur=1ms,17.766,
2731,10,301,2863661357,2026-07-14T15:28:37.207504+00:00,30.000150,54615,41,0202aab0012dd557005a5811460e29efbf1ffffffc2246cd1e00000fc0007ebfe9ed0737feebfff600,1,TX 41 seq=17847 rx_latency=1ms tx_dur=1ms,20.310,
2731,10,302,2863661358,2026-07-14T15:28:37.307504+00:00,30.100143,54715,41,0202aab0012ed5bb005a5811460e29efbf1ffffffc2246cd1e00000fc0007ebfe9ed0737feebfff600,1,TX 41 seq=17848 rx_latency=1ms tx_dur=1ms,22.092,
2731,10,303,2863661359,2026-07-14T15:28:37.407496+00:00,30.200127,54815,41,0202aab0012fd61f005a5811460e29efbf1ffffffc2246cd1e00000fc0007ebfe9ed0737feebfff600,1,TX 41 seq=17849 rx_latency=1ms tx_dur=1ms,13.911,
2731,10,304,2863661360,2026-07-14T15:28:37.507504+00:00,30.300145,54915,41,0202aab00130d683005a5811460e29efbf1ffffffc2246cd1e00000fc0007ebfe9ed0737feebfff600,1,TX 41 seq=17850 rx_latency=1ms tx_dur=1ms,16.687,
2731,10,305,2863661361,2026-07-14T15:28:37.607497+00:00,30.400129,55015,41,0202aab00131d6e7005a5811460e29efbf1ffffffc2246cd1e00000fc0007ebfe9ed0737feebfff600,1,TX 41 seq=17851 rx_latency=1ms tx_dur=1ms,18.243,
2731,10,306,2863661362,2026-07-14T15:28:37.707516+00:00,30.500174,55115,41,0202aab00132d74b005a5811460e29efbf1ffffffc2246cd1e00000fc0007ebfe9ed0737feebfff600,1,TX 41 seq=17852 rx_latency=1ms tx_dur=1ms,19.889,
2731,10,307,2863661363,2026-07-14T15:28:37.807498+00:00,30.600134,55215,41,0202aab00133d7af005a5811460e29efbf1ffffffc2246cd1e00000fc0007ebfe9ed0737feebfff600,1,TX 41 seq=17853 rx_latency=1ms tx_dur=1ms,22.725,
2731,10,308,2863661364,2026-07-14T15:28:37.907504+00:00,30.700140,55315,41,0202aab00134d813005a5811460e29efbf1ffffffc2246cd1e00000fc0007ebfe9ed0737feebfff600,1,TX 41 seq=17854 rx_latency=1ms tx_dur=1ms,14.543,
2731,10,309,2863661365,2026-07-14T15:28:38.007506+00:00,30.800149,55415,41,0202aab00135d877005a5811460e29efbf1ffffffc2246cd1e00000fc0007ebfe9ed0737feebfff600,1,TX 41 seq=17855 rx_latency=1ms tx_dur=1ms,16.038,
2731,10,310,2863661366,2026-07-14T15:28:38.107492+00:00,30.900130,55515,41,0202aab00136d8db005a5811460e29efbf1ffffffc2246cd1e00000fc0007ebfe9ed0737feebfff600,1,TX 41 seq=17856 rx_latency=1ms tx_dur=1ms,17.781,
2731,10,311,2863661367,2026-07-14T15:28:38.207502+00:00,31.000145,55615,41,0202aab00137d93f005a5811460e29efbf1ffffffc2246cd1e00000fc0007ebfe9ed0737feebfff600,1,TX 41 seq=17857 rx_latency=1ms tx_dur=1ms,20.546,
2731,10,312,2863661368,2026-07-14T15:28:38.307505+00:00,31.100146,55715,41,0202aab00138d9a3005a5811460e29efbf1ffffffc2246cd1e00000fc0007ebfe9ed0737feebfff600,1,TX 41 seq=17858 rx_latency=1ms tx_dur=1ms,22.325,
2731,10,313,2863661369,2026-07-14T15:28:38.407497+00:00,31.200130,55815,41,0202aab00139da07005a5811460e29efbf1ffffffc2246cd1e00000fc0007ebfe9ed0737feebfff600,1,TX 41 seq=17859 rx_latency=1ms tx_dur=1ms,13.932,
2731,10,314,2863661370,2026-07-14T15:28:38.507504+00:00,31.300142,55915,41,0202aab0013ada6b005a5811460e29efbf1ffffffc2246cd1e00000fc0007ebfe9ed0737feebfff600,1,TX 41 seq=17860 rx_latency=1ms tx_dur=1ms,16.727,
2731,10,315,2863661371,2026-07-14T15:28:38.607500+00:00,31.400144,56015,41,0202aab0013bdacf005a5811460e29efbf1ffffffc2246cd1e00000fc0007ebfe9ed0737feebfff600,1,TX 41 seq=17861 rx_latency=1ms tx_dur=1ms,18.399,
2731,10,316,2863661372,2026-07-14T15:28:38.707508+00:00,31.500151,56115,41,0202aab0013cdb33005a5811460e29efbf1ffffffc2246cd1e00000fc0007ebfe9ed0737feebfff600,1,TX 41 seq=17862 rx_latency=1ms tx_dur=1ms,20.153,
2731,10,317,2863661373,2026-07-14T15:28:38.807498+00:00,31.600132,56215,41,0202aab0013ddb97005a5811460e29efbf1ffffffc2246cd1e00000fc0007ebfe9ed0737feebfff600,1,TX 41 seq=17863 rx_latency=1ms tx_dur=1ms,22.773,
2731,10,318,2863661374,2026-07-14T15:28:38.907503+00:00,31.700140,56315,41,0202aab0013edbfb005a5811460e29efbf1ffffffc2246cd1e00000fc0007ebfe9ed0737feebfff600,1,TX 41 seq=17864 rx_latency=1ms tx_dur=1ms,14.569,
2731,10,319,2863661375,2026-07-14T15:28:39.007523+00:00,31.800190,56415,41,0202aab0013fdc5f005a5811460e29efbf1ffffffc2246cd1e00000fc0007ebfe9ed0737feebfff600,1,TX 41 seq=17865 rx_latency=1ms tx_dur=1ms,16.151,
2731,10,320,2863661376,2026-07-14T15:28:39.107503+00:00,31.900145,56515,41,0202aab00140dcc3005a5811460e29efbf1ffffffc2246cd1e00000fc0007ebfe9ed0737feebfff600,1,TX 41 seq=17866 rx_latency=1ms tx_dur=1ms,17.980,
2731,10,321,2863661377,2026-07-14T15:28:39.207510+00:00,32.000159,56615,41,0202aab00141dd27005a5811460e29efbf1ffffffc2246cd1e00000fc0007ebfe9ed0737feebfff600,1,TX 41 seq=17867 rx_latency=1ms tx_dur=1ms,19.707,
2731,10,322,2863661378,2026-07-14T15:28:39.307500+00:00,32.100136,56715,41,0202aab00142dd8b005a5811460e29efbf1ffffffc2246cd1e00000fc0007ebfe9ed0737feebfff600,1,TX 41 seq=17868 rx_latency=1ms tx_dur=1ms,22.326,
2731,10,323,2863661379,2026-07-14T15:28:39.407507+00:00,32.200156,56815,41,0202aab00143ddef005a5811460e29efbf1ffffffc2246cd1e00000fc0007ebfe9ed0737feebfff600,1,TX 41 seq=17869 rx_latency=1ms tx_dur=1ms,14.067,
2731,10,324,2863661380,2026-07-14T15:28:39.507502+00:00,32.300144,56915,41,0202aab00144de53005a5811460e29efbf1ffffffc2246cd1e00000fc0007ebfe9ed0737feebfff600,1,TX 41 seq=17870 rx_latency=1ms tx_dur=1ms,15.839,
2731,10,325,2863661381,2026-07-14T15:28:39.607504+00:00,32.400143,57015,41,0202aab00145deb7005a5811460e29efbf1ffffffc2246cd1e00000fc0007ebfe9ed0737feebfff600,1,TX 41 seq=17871 rx_latency=1ms tx_dur=1ms,18.682,
2731,10,326,2863661382,2026-07-14T15:28:39.707501+00:00,32.500141,57115,41,0202aab00146df1b005a5811460e29efbf1ffffffc2246cd1e00000fc0007ebfe9ed0737feebfff600,1,TX 41 seq=17872 rx_latency=1ms tx_dur=1ms,20.176,
2731,10,327,2863661383,2026-07-14T15:28:39.807505+00:00,32.600144,57215,41,0202aab00147df7f005a5811460e29efbf1ffffffc2246cd1e00000fc0007ebfe9ed0737feebfff600,1,TX 41 seq=17873 rx_latency=1ms tx_dur=1ms,21.939,
2731,10,328,2863661384,2026-07-14T15:28:39.907497+00:00,32.700131,57315,41,0202aab00148dfe3005a5811460e29efbf1ffffffc2246cd1e00000fc0007ebfe9ed0737feebfff600,1,TX 41 seq=17874 rx_latency=1ms tx_dur=1ms,14.814,
2731,10,329,2863661385,2026-07-14T15:28:40.007502+00:00,32.800139,57415,41,0202aab00149e047005a5811460e29efbf1ffffffc2246cd1e00000fc0007ebfe9ed0737feebfff600,1,TX 41 seq=17875 rx_latency=1ms tx_dur=1ms,16.541,
2731,10,330,2863661386,2026-07-14T15:28:40.107498+00:00,32.900135,57515,41,0202aab0014ae0ab005a5811460e29efbf1ffffffc2246cd1e00000fc0007ebfe9ed0737feebfff600,1,TX 41 seq=17876 rx_latency=1ms tx_dur=1ms,17.986,
2731,10,331,2863661387,2026-07-14T15:28:40.207502+00:00,33.000139,57615,41,0202aab0014be10f005a5811460e29efbf1ffffffc2246cd1e00000fc0007ebfe9ed0737feebfff600,1,TX 41 seq=17877 rx_latency=1ms tx_dur=1ms,19.774,
2731,10,332,2863661388,2026-07-14T15:28:40.307503+00:00,33.100140,57715,41,0202aab0014ce173005a5811460e29efbf1ffffffc2246cd1e00000fc0007ebfe9ed0737feebfff600,1,TX 41 seq=17878 rx_latency=1ms tx_dur=1ms,22.641,
2731,10,333,2863661389,2026-07-14T15:28:40.407447+00:00,33.200082,57815,41,0202aab0014de1d7005a5811460e29efbf1ffffffc2246cd1e00000fc0007ebfe9ed0737feebfff600,1,TX 41 seq=17879 rx_latency=1ms tx_dur=1ms,14.475,
2731,10,334,2863661390,2026-07-14T15:28:40.507502+00:00,33.300138,57915,41,0202aab0014ee23b005a5811460e29efbf1ffffffc2246cd1e00000fc0007ebfe9ed0737feebfff600,1,TX 41 seq=17880 rx_latency=1ms tx_dur=1ms,15.892,
2731,10,335,2863661391,2026-07-14T15:28:40.607496+00:00,33.400128,58015,41,0202aab0014fe29f005a5811460e29efbf1ffffffc2246cd1e00000fc0007ebfe9ed0737feebfff600,1,TX 41 seq=17881 rx_latency=1ms tx_dur=1ms,18.751,
2731,10,336,2863661392,2026-07-14T15:28:40.707512+00:00,33.500162,58115,41,0202aab00150e303005a5811460e29efbf1ffffffc2246cd1e00000fc0007ebfe9ed0737feebfff600,1,TX 41 seq=17882 rx_latency=1ms tx_dur=1ms,20.390,
2731,10,337,2863661393,2026-07-14T15:28:40.807498+00:00,33.600136,58215,41,0202aab00151e367005a5811460e29efbf1ffffffc2246cd1e00000fc0007ebfe9ed0737feebfff600,1,TX 41 seq=17883 rx_latency=1ms tx_dur=1ms,22.120,
2731,10,338,2863661394,2026-07-14T15:28:40.907503+00:00,33.700140,58315,41,0202aab00152e3cb005a5811460e29efbf1ffffffc2246cd1e00000fc0007ebfe9ed0737feebfff600,1,TX 41 seq=17884 rx_latency=1ms tx_dur=1ms,13.720,
2731,10,339,2863661395,2026-07-14T15:28:41.007503+00:00,33.800138,58415,41,0202aab00153e42f005a5811460e29efbf1ffffffc2246cd1e00000fc0007ebfe9ed0737feebfff600,1,TX 41 seq=17885 rx_latency=1ms tx_dur=1ms,16.561,
2731,10,340,2863661396,2026-07-14T15:28:41.107509+00:00,33.900156,58515,41,0202aab00154e493005a5811460e29efbf1ffffffc2246cd1e00000fc0007ebfe9ed0737feebfff600,1,TX 41 seq=17886 rx_latency=1ms tx_dur=1ms,18.234,
2731,10,341,2863661397,2026-07-14T15:28:41.207494+00:00,34.000134,58615,41,0202aab00155e4f7005a5811460e29efbf1ffffffc2246cd1e00000fc0007ebfe9ed0737feebfff600,1,TX 41 seq=17887 rx_latency=1ms tx_dur=1ms,19.985,
2731,10,342,2863661398,2026-07-14T15:28:41.307502+00:00,34.100141,58715,41,0202aab00156e55b005a5811460e29efbf1ffffffc2246cd1e00000fc0007ebfe9ed0737feebfff600,1,TX 41 seq=17888 rx_latency=1ms tx_dur=1ms,22.624,
2731,10,343,2863661399,2026-07-14T15:28:41.407496+00:00,34.200127,58815,41,0202aab00157e5bf005a5811460e29efbf1ffffffc2246cd1e00000fc0007ebfe9ed0737feebfff600,1,TX 41 seq=17889 rx_latency=1ms tx_dur=1ms,14.436,
2731,10,344,2863661400,2026-07-14T15:28:41.507503+00:00,34.300140,58915,41,0202aab00158e623005a5811460e29efbf1ffffffc2246cd1e00000fc0007ebfe9ed0737feebfff600,1,TX 41 seq=17890 rx_latency=1ms tx_dur=1ms,16.113,
2731,10,345,2863661401,2026-07-14T15:28:41.607495+00:00,34.400127,59015,41,0202aab00159e687005a5811460e29efbf1ffffffc2246cd1e00000fc0007ebfe9ed0737feebfff600,1,TX 41 seq=17891 rx_latency=1ms tx_dur=1ms,17.850,
2731,10,346,2863661402,2026-07-14T15:28:41.707504+00:00,34.500142,59115,41,0202aab0015ae6eb005a5811460e29efbf1ffffffc2246cd1e00000fc0007ebfe9ed0737feebfff600,1,TX 41 seq=17892 rx_latency=1ms tx_dur=1ms,20.448,
2731,10,347,2863661403,2026-07-14T15:28:41.807424+00:00,34.600058,59215,41,0202aab0015be74f005a5811460e29efbf1ffffffc2246cd1e00000fc0007ebfe9ed0737feebfff600,1,TX 41 seq=17893 rx_latency=1ms tx_dur=1ms,22.275,
2731,10,348,2863661404,2026-07-14T15:28:41.907504+00:00,34.700147,59315,41,0202aab0015ce7b3005a5811460e29efbf1ffffffc2246cd1e00000fc0007ebfe9ed0737feebfff600,1,TX 41 seq=17894 rx_latency=1ms tx_dur=1ms,13.940,
2731,10,349,2863661405,2026-07-14T15:28:42.007503+00:00,34.800139,59415,41,0202aab0015de817005a5811460e29efbf1ffffffc2246cd1e00000fc0007ebfe9ed0737feebfff600,1,TX 41 seq=17895 rx_latency=1ms tx_dur=1ms,16.764,
2731,10,350,2863661406,2026-07-14T15:28:42.107503+00:00,34.900139,59515,41,0202aab0015ee87b005a5811460e29efbf1ffffffc2246cd1e00000fc0007ebfe9ed0737feebfff600,1,TX 41 seq=17896 rx_latency=1ms tx_dur=1ms,18.324,
2731,10,351,2863661407,2026-07-14T15:28:42.207492+00:00,35.000127,59615,41,0202aab0015fe8df005a5811460e29efbf1ffffffc2246cd1e00000fc0007ebfe9ed0737feebfff600,1,TX 41 seq=17897 rx_latency=1ms tx_dur=1ms,20.040,
2731,10,352,2863661408,2026-07-14T15:28:42.307504+00:00,35.100140,59715,41,0202aab00160e943005a5811460e29efbf1ffffffc2246cd1e00000fc0007ebfe9ed0737feebfff600,1,TX 41 seq=17898 rx_latency=1ms tx_dur=1ms,21.746,
2731,10,353,2863661409,2026-07-14T15:28:42.407497+00:00,35.200128,59815,41,0202aab00161e9a7005a5811460e29efbf1ffffffc2246cd1e00000fc0007ebfe9ed0737feebfff600,1,TX 41 seq=17899 rx_latency=1ms tx_dur=1ms,14.664,
2731,10,354,2863661410,2026-07-14T15:28:42.507502+00:00,35.300137,59915,41,0202aab00162ea0b005a5811460e29efbf1ffffffc2246cd1e00000fc0007ebfe9ed0737feebfff600,1,TX 41 seq=17900 rx_latency=1ms tx_dur=1ms,16.142,
2731,10,355,2863661411,2026-07-14T15:28:42.607503+00:00,35.400138,60015,41,0202aab00163ea6f005a5811460e29efbf1ffffffc2246cd1e00000fc0007ebfe9ed0737feebfff600,1,TX 41 seq=17901 rx_latency=1ms tx_dur=1ms,17.875,
2731,10,356,2863661412,2026-07-14T15:28:42.707501+00:00,35.500135,60115,41,0202aab00164ead3005a5811460e29efbf1ffffffc2246cd1e00000fc0007ebfe9ed0737feebfff600,1,TX 41 seq=17902 rx_latency=1ms tx_dur=1ms,20.711,
2731,10,357,2863661413,2026-07-14T15:28:42.807496+00:00,35.600127,60215,41,0202aab00165eb37005a5811460e29efbf1ffffffc2246cd1e00000fc0007ebfe9ed0737feebfff600,1,TX 41 seq=17903 rx_latency=1ms tx_dur=1ms,22.406,
2731,10,358,2863661414,2026-07-14T15:28:42.907503+00:00,35.700138,60315,41,0202aab00166eb9b005a5811460e29efbf1ffffffc2246cd1e00000fc0007ebfe9ed0737feebfff600,1,TX 41 seq=17904 rx_latency=1ms tx_dur=1ms,14.223,
2731,10,359,2863661415,2026-07-14T15:28:43.007496+00:00,35.800125,60415,41,0202aab00167ebff005a5811460e29efbf1ffffffc2246cd1e00000fc0007ebfe9ed0737feebfff600,1,TX 41 seq=17905 rx_latency=1ms tx_dur=1ms,16.844,
2731,10,360,2863661416,2026-07-14T15:28:43.107511+00:00,35.900163,60515,41,0202aab00168ec63005a5811460e29efbf1ffffffc2246cd1e00000fc0007ebfe9ed0737feebfff600,1,TX 41 seq=17906 rx_latency=1ms tx_dur=1ms,18.488,
2731,10,361,2863661417,2026-07-14T15:28:43.207500+00:00,36.000137,60615,41,0202aab00169ecc7005a5811460e29efbf1ffffffc2246cd1e00000fc0007ebfe9ed0737feebfff600,1,TX 41 seq=17907 rx_latency=1ms tx_dur=1ms,20.228,
2731,10,362,2863661418,2026-07-14T15:28:43.307505+00:00,36.100141,60715,41,0202aab0016aed2b005a5811460e29efbf1ffffffc2246cd1e00000fc0007ebfe9ed0737feebfff600,1,TX 41 seq=17908 rx_latency=1ms tx_dur=1ms,22.004,
2731,10,363,2863661419,2026-07-14T15:28:43.407498+00:00,36.200129,60815,41,0202aab0016bed8f005a5811460e29efbf1ffffffc2246cd1e00000fc0007ebfe9ed0737feebfff600,1,TX 41 seq=17909 rx_latency=1ms tx_dur=1ms,14.692,
2731,10,364,2863661420,2026-07-14T15:28:43.507503+00:00,36.300140,60915,41,0202aab0016cedf3005a5811460e29efbf1ffffffc2246cd1e00000fc0007ebfe9ed0737feebfff600,1,TX 41 seq=17910 rx_latency=1ms tx_dur=1ms,16.404,
2731,10,365,2863661421,2026-07-14T15:28:43.607501+00:00,36.400137,61015,41,0202aab0016dee57005a5811460e29efbf1ffffffc2246cd1e00000fc0007ebfe9ed0737feebfff600,1,TX 41 seq=17911 rx_latency=1ms tx_dur=1ms,18.087,
2731,10,366,2863661422,2026-07-14T15:28:43.707522+00:00,36.500189,61115,41,0202aab0016eeebb005a5811460e29efbf1ffffffc2246cd1e00000fc0007ebfe9ed0737feebfff600,1,TX 41 seq=17912 rx_latency=1ms tx_dur=1ms,19.743,
2731,10,367,2863661423,2026-07-14T15:28:43.807498+00:00,36.600134,61215,41,0202aab0016fef1f005a5811460e29efbf1ffffffc2246cd1e00000fc0007ebfe9ed0737feebfff600,1,TX 41 seq=17913 rx_latency=1ms tx_dur=1ms,22.415,
2731,10,368,2863661424,2026-07-14T15:28:43.907512+00:00,36.700160,61315,41,0202aab00170ef83005a5811460e29efbf1ffffffc2246cd1e00000fc0007ebfe9ed0737feebfff600,1,TX 41 seq=17914 rx_latency=1ms tx_dur=1ms,14.304,
2731,10,369,2863661425,2026-07-14T15:28:44.007503+00:00,36.800148,61415,41,0202aab00171efe7005a5811460e29efbf1ffffffc2246cd1e00000fc0007ebfe9ed0737feebfff600,1,TX 41 seq=17915 rx_latency=1ms tx_dur=1ms,16.050,
2731,10,370,2863661426,2026-07-14T15:28:44.107501+00:00,36.900140,61515,41,0202aab00172f04b005a5811460e29efbf1ffffffc2246cd1e00000fc0007ebfe9ed0737feebfff600,1,TX 41 seq=17916 rx_latency=1ms tx_dur=1ms,17.784,
2731,10,371,2863661427,2026-07-14T15:28:44.207500+00:00,37.000137,61615,41,0202aab00173f0af005a5811460e29efbf1ffffffc2246cd1e00000fc0007ebfe9ed0737feebfff600,1,TX 41 seq=17917 rx_latency=1ms tx_dur=1ms,20.420,
2731,10,372,2863661428,2026-07-14T15:28:44.307504+00:00,37.100141,61715,41,0202aab00174f113005a5811460e29efbf1ffffffc2246cd1e00000fc0007ebfe9ed0737feebfff600,1,TX 41 seq=17918 rx_latency=1ms tx_dur=1ms,22.155,
2731,10,373,2863661429,2026-07-14T15:28:44.407499+00:00,37.200134,61815,41,0202aab00175f177005a5811460e29efbf1ffffffc2246cd1e00000fc0007ebfe9ed0737feebfff600,1,TX 41 seq=17919 rx_latency=1ms tx_dur=1ms,13.935,
2731,10,374,2863661430,2026-07-14T15:28:44.507504+00:00,37.300144,61915,41,0202aab00176f1db005a5811460e29efbf1ffffffc2246cd1e00000fc0007ebfe9ed0737feebfff600,1,TX 41 seq=17920 rx_latency=1ms tx_dur=1ms,16.753,
2731,10,375,2863661431,2026-07-14T15:28:44.607497+00:00,37.400129,62015,41,0202aab00177f23f005a5811460e29efbf1ffffffc2246cd1e00000fc0007ebfe9ed0737feebfff600,1,TX 41 seq=17921 rx_latency=1ms tx_dur=1ms,18.268,
2731,10,376,2863661432,2026-07-14T15:28:44.707503+00:00,37.500139,62115,41,0202aab00178f2a3005a5811460e29efbf1ffffffc2246cd1e00000fc0007ebfe9ed0737feebfff600,1,TX 41 seq=17922 rx_latency=1ms tx_dur=1ms,19.995,
2731,10,377,2863661433,2026-07-14T15:28:44.807498+00:00,37.600132,62215,41,0202aab00179f307005a5811460e29efbf1ffffffc2246cd1e00000fc0007ebfe9ed0737feebfff600,1,TX 41 seq=17923 rx_latency=1ms tx_dur=1ms,22.786,
2731,10,378,2863661434,2026-07-14T15:28:44.907454+00:00,37.700094,62315,41,0202aab0017af36b005a5811460e29efbf1ffffffc2246cd1e00000fc0007ebfe9ed0737feebfff600,1,TX 41 seq=17924 rx_latency=1ms tx_dur=1ms,14.615,
2731,10,379,2863661435,2026-07-14T15:28:45.007504+00:00,37.800143,62415,41,0202aab0017bf3cf005a5811460e29efbf1ffffffc2246cd1e00000fc0007ebfe9ed0737feebfff600,1,TX 41 seq=17925 rx_latency=1ms tx_dur=1ms,16.096,
2731,10,380,2863661436,2026-07-14T15:28:45.107502+00:00,37.900138,62515,41,0202aab0017cf433005a5811460e29efbf1ffffffc2246cd1e00000fc0007ebfe9ed0737feebfff600,1,TX 41 seq=17926 rx_latency=1ms tx_dur=1ms,17.840,
2731,10,381,2863661437,2026-07-14T15:28:45.207510+00:00,38.000157,62615,41,0202aab0017df497005a5811460e29efbf1ffffffc2246cd1e00000fc0007ebfe9ed0737feebfff600,1,TX 41 seq=17927 rx_latency=1ms tx_dur=1ms,20.614,
2731,10,382,2863661438,2026-07-14T15:28:45.307499+00:00,38.100133,62715,41,0202aab0017ef4fb005a5811460e29efbf1ffffffc2246cd1e00000fc0007ebfe9ed0737feebfff600,1,TX 41 seq=17928 rx_latency=1ms tx_dur=1ms,22.328,
2731,10,383,2863661439,2026-07-14T15:28:45.407503+00:00,38.200140,62815,41,0202aab0017ff55f005a5811460e29efbf1ffffffc2246cd1e00000fc0007ebfe9ed0737feebfff600,1,TX 41 seq=17929 rx_latency=1ms tx_dur=1ms,13.934,
2731,10,384,2863661440,2026-07-14T15:28:45.507503+00:00,38.300138,62915,41,0202aab00180f5c3005a5811460e29efbf1ffffffc2246cd1e00000fc0007ebfe9ed0737feebfff600,1,TX 41 seq=17930 rx_latency=1ms tx_dur=1ms,16.742,
2731,10,385,2863661441,2026-07-14T15:28:45.607500+00:00,38.400134,63015,41,0202aab00181f627005a5811460e29efbf1ffffffc2246cd1e00000fc0007ebfe9ed0737feebfff600,1,TX 41 seq=17931 rx_latency=1ms tx_dur=1ms,18.514,
2731,10,386,2863661442,2026-07-14T15:28:45.707502+00:00,38.500139,63115,41,0202aab00182f68b005a5811460e29efbf1ffffffc2246cd1e00000fc0007ebfe9ed0737feebfff600,1,TX 41 seq=17932 rx_latency=1ms tx_dur=1ms,20.225,
2731,10,387,2863661443,2026-07-14T15:28:45.807501+00:00,38.600136,63215,41,0202aab00183f6ef005a5811460e29efbf1ffffffc2246cd1e00000fc0007ebfe9ed0737feebfff600,1,TX 41 seq=17933 rx_latency=1ms tx_dur=1ms,21.960,
2731,10,388,2863661444,2026-07-14T15:28:45.907501+00:00,38.700136,63315,41,0202aab00184f753005a5811460e29efbf1ffffffc2246cd1e00000fc0007ebfe9ed0737feebfff600,1,TX 41 seq=17934 rx_latency=1ms tx_dur=1ms,14.623,
2731,10,389,2863661445,2026-07-14T15:28:46.007520+00:00,38.800184,63415,41,0202aab00185f7b7005a5811460e29efbf1ffffffc2246cd1e00000fc0007ebfe9ed0737feebfff600,1,TX 41 seq=17935 rx_latency=1ms tx_dur=1ms,16.220,
2731,10,390,2863661446,2026-07-14T15:28:46.107500+00:00,38.900138,63515,41,0202aab00186f81b005a5811460e29efbf1ffffffc2246cd1e00000fc0007ebfe9ed0737feebfff600,1,TX 41 seq=17936 rx_latency=1ms tx_dur=1ms,18.031,
2731,10,391,2863661447,2026-07-14T15:28:46.207504+00:00,39.000145,63615,41,0202aab00187f87f005a5811460e29efbf1ffffffc2246cd1e00000fc0007ebfe9ed0737feebfff600,1,TX 41 seq=17937 rx_latency=1ms tx_dur=1ms,19.784,
2731,10,392,2863661448,2026-07-14T15:28:46.307499+00:00,39.100132,63715,41,0202aab00188f8e3005a5811460e29efbf1ffffffc2246cd1e00000fc0007ebfe9ed0737feebfff600,1,TX 41 seq=17938 rx_latency=1ms tx_dur=1ms,22.387,
2731,10,393,2863661449,2026-07-14T15:28:46.407504+00:00,39.200140,63815,41,0202aab00189f947005a5811460e29efbf1ffffffc2246cd1e00000fc0007ebfe9ed0737feebfff600,1,TX 41 seq=17939 rx_latency=1ms tx_dur=1ms,14.199,
2731,10,394,2863661450,2026-07-14T15:28:46.507502+00:00,39.300137,63915,41,0202aab0018af9ab005a5811460e29efbf1ffffffc2246cd1e00000fc0007ebfe9ed0737feebfff600,1,TX 41 seq=17940 rx_latency=1ms tx_dur=1ms,15.882,
2731,10,395,2863661451,2026-07-14T15:28:46.607501+00:00,39.400136,64015,41,0202aab0018bfa0f005a5811460e29efbf1ffffffc2246cd1e00000fc0007ebfe9ed0737feebfff600,1,TX 41 seq=17941 rx_latency=1ms tx_dur=1ms,18.740,
2731,10,396,2863661452,2026-07-14T15:28:46.707502+00:00,39.500136,64115,41,0202aab0018cfa73005a5811460e29efbf1ffffffc2246cd1e00000fc0007ebfe9ed0737feebfff600,1,TX 41 seq=17942 rx_latency=1ms tx_dur=1ms,20.271,
2731,10,397,2863661453,2026-07-14T15:28:46.807502+00:00,39.600137,64215,41,0202aab0018dfad7005a5811460e29efbf1ffffffc2246cd1e00000fc0007ebfe9ed0737feebfff600,1,TX 41 seq=17943 rx_latency=1ms tx_dur=1ms,21.998,
2731,10,398,2863661454,2026-07-14T15:28:46.907497+00:00,39.700129,64315,41,0202aab0018efb3b005a5811460e29efbf1ffffffc2246cd1e00000fc0007ebfe9ed0737feebfff600,1,TX 41 seq=17944 rx_latency=1ms tx_dur=1ms,14.887,
2731,10,399,2863661455,2026-07-14T15:28:47.007502+00:00,39.800137,64415,41,0202aab0018ffb9f005a5811460e29efbf1ffffffc2246cd1e00000fc0007ebfe9ed0737feebfff600,1,TX 41 seq=17945 rx_latency=1ms tx_dur=1ms,16.587,
2731,10,400,2863661456,2026-07-14T15:28:47.107496+00:00,39.900126,64515,41,0202aab00190fc03005a5811460e29efbf1ffffffc2246cd1e00000fc0007ebfe9ed0737feebfff600,1,TX 41 seq=17946 rx_latency=1ms tx_dur=1ms,18.097,
2731,10,401,2863661457,2026-07-14T15:28:47.207503+00:00,40.000155,64615,41,0202aab00191fc67005a5811460e29efbf1ffffffc2246cd1e00000fc0007ebfe9ed0737feebfff600,1,TX 41 seq=17947 rx_latency=1ms tx_dur=1ms,19.755,
2731,10,402,2863661458,2026-07-14T15:28:47.307498+00:00,40.100133,64715,41,0202aab00192fccb005a5811460e29efbf1ffffffc2246cd1e00000fc0007ebfe9ed0737feebfff600,1,TX 41 seq=17948 rx_latency=1ms tx_dur=1ms,22.636,
2731,10,403,2863661459,2026-07-14T15:28:47.407502+00:00,40.200139,64815,41,0202aab00193fd2f005a5811460e29efbf1ffffffc2246cd1e00000fc0007ebfe9ed0737feebfff600,1,TX 41 seq=17949 rx_latency=1ms tx_dur=1ms,14.414,
2731,10,404,2863661460,2026-07-14T15:28:47.507501+00:00,40.300138,64915,41,0202aab00194fd93005a5811460e29efbf1ffffffc2246cd1e00000fc0007ebfe9ed0737feebfff600,1,TX 41 seq=17950 rx_latency=1ms tx_dur=1ms,15.901,
2731,10,405,2863661461,2026-07-14T15:28:47.607502+00:00,40.400137,65015,41,0202aab00195fdf7005a5811460e29efbf1ffffffc2246cd1e00000fc0007ebfe9ed0737feebfff600,1,TX 41 seq=17951 rx_latency=1ms tx_dur=1ms,18.766,
2731,10,406,2863661462,2026-07-14T15:28:47.707501+00:00,40.500138,65115,41,0202aab00196fe5b005a5811460e29efbf1ffffffc2246cd1e00000fc0007ebfe9ed0737feebfff600,1,TX 41 seq=17952 rx_latency=1ms tx_dur=1ms,20.445,
2731,10,407,2863661463,2026-07-14T15:28:47.807504+00:00,40.600141,65215,41,0202aab00197febf005a5811460e29efbf1ffffffc2246cd1e00000fc0007ebfe9ed0737feebfff600,1,TX 41 seq=17953 rx_latency=1ms tx_dur=1ms,22.207,
2731,10,408,2863661464,2026-07-14T15:28:47.907497+00:00,40.700129,65315,41,0202aab00198ff23005a5811460e29efbf1ffffffc2246cd1e00000fc0007ebfe9ed0737feebfff600,1,TX 41 seq=17954 rx_latency=1ms tx_dur=1ms,13.818,
2731,10,409,2863661465,2026-07-14T15:28:48.007502+00:00,40.800138,65415,41,0202aab00199ff87005a5811460e29efbf1ffffffc2246cd1e00000fc0007ebfe9ed0737feebfff600,1,TX 41 seq=17955 rx_latency=1ms tx_dur=1ms,16.620,
2731,10,410,2863661466,2026-07-14T15:28:48.107506+00:00,40.900151,65515,41,0202aab0019affeb005a5811460e29efbf1ffffffc2246cd1e00000fc0007ebfe9ed0737feebfff600,1,TX 41 seq=17956 rx_latency=1ms tx_dur=1ms,18.303,
2731,10,411,2863661467,2026-07-14T15:28:48.207505+00:00,41.000147,79,41,0202aab0019b004f005a5811460e29efbf1ffffffc2246cd1e00000fc0007ebfe9ed0737feebfff600,1,TX 41 seq=17957 rx_latency=1ms tx_dur=1ms,20.046,
2731,10,412,2863661468,2026-07-14T15:28:48.307497+00:00,41.100130,179,41,0202aab0019c00b3005a5811460e29efbf1ffffffc2246cd1e00000fc0007ebfe9ed0737feebfff600,1,TX 41 seq=17958 rx_latency=1ms tx_dur=1ms,22.649,
2731,10,413,2863661469,2026-07-14T15:28:48.407503+00:00,41.200140,279,41,0202aab0019d0117005a5811460e29efbf1ffffffc2246cd1e00000fc0007ebfe9ed0737feebfff600,1,TX 41 seq=17959 rx_latency=1ms tx_dur=1ms,14.442,
2731,10,414,2863661470,2026-07-14T15:28:48.507503+00:00,41.300137,379,41,0202aab0019e017b005a5811460e29efbf1ffffffc2246cd1e00000fc0007ebfe9ed0737feebfff600,1,TX 41 seq=17960 rx_latency=1ms tx_dur=1ms,16.138,
2731,10,415,2863661471,2026-07-14T15:28:48.607504+00:00,41.400140,479,41,0202aab0019f01df005a5811460e29efbf1ffffffc2246cd1e00000fc0007ebfe9ed0737feebfff600,1,TX 41 seq=17961 rx_latency=1ms tx_dur=1ms,17.924,
2731,10,416,2863661472,2026-07-14T15:28:48.707511+00:00,41.500159,579,41,0202aab001a00243005a5811460e29efbf1ffffffc2246cd1e00000fc0007ebfe9ed0737feebfff600,1,TX 41 seq=17962 rx_latency=1ms tx_dur=1ms,20.472,
2731,10,417,2863661473,2026-07-14T15:28:48.807501+00:00,41.600137,679,41,0202aab001a102a7005a5811460e29efbf1ffffffc2246cd1e00000fc0007ebfe9ed0737feebfff600,1,TX 41 seq=17963 rx_latency=1ms tx_dur=1ms,22.225,
2731,10,418,2863661474,2026-07-14T15:28:48.907503+00:00,41.700140,779,41,0202aab001a2030b005a5811460e29efbf1ffffffc2246cd1e00000fc0007ebfe9ed0737feebfff600,1,TX 41 seq=17964 rx_latency=1ms tx_dur=1ms,14.006,
2731,10,419,2863661475,2026-07-14T15:28:49.007503+00:00,41.800138,879,41,0202aab001a3036f005a5811460e29efbf1ffffffc2246cd1e00000fc0007ebfe9ed0737feebfff600,1,TX 41 seq=17965 rx_latency=1ms tx_dur=1ms,15.736,
2731,10,420,2863661476,2026-07-14T15:28:49.107501+00:00,41.900135,979,41,0202aab001a403d3005a5811460e29efbf1ffffffc2246cd1e00000fc0007ebfe9ed0737feebfff600,1,TX 41 seq=17966 rx_latency=1ms tx_dur=1ms,18.391,
2731,10,421,2863661477,2026-07-14T15:28:49.207504+00:00,42.000143,1079,41,0202aab001a50437005a5811460e29efbf1ffffffc2246cd1e00000fc0007ebfe9ed0737feebfff600,1,TX 41 seq=17967 rx_latency=1ms tx_dur=1ms,20.073,
2731,10,422,2863661478,2026-07-14T15:28:49.307498+00:00,42.100131,1179,41,0202aab001a6049b005a5811460e29efbf1ffffffc2246cd1e00000fc0007ebfe9ed0737feebfff600,1,TX 41 seq=17968 rx_latency=1ms tx_dur=1ms,22.881,
2731,10,423,2863661479,2026-07-14T15:28:49.407503+00:00,42.200140,1279,41,0202aab001a704ff005a5811460e29efbf1ffffffc2246cd1e00000fc0007ebfe9ed0737feebfff600,1,TX 41 seq=17969 rx_latency=1ms tx_dur=1ms,14.676,
2731,10,424,2863661480,2026-07-14T15:28:49.507496+00:00,42.300127,1379,41,0202aab001a80563005a5811460e29efbf1ffffffc2246cd1e00000fc0007ebfe9ed0737feebfff600,1,TX 41 seq=17970 rx_latency=1ms tx_dur=1ms,16.441,
2731,10,425,2863661481,2026-07-14T15:28:49.607503+00:00,42.400139,1479,41,0202aab001a905c7005a5811460e29efbf1ffffffc2246cd1e00000fc0007ebfe9ed0737feebfff600,1,TX 41 seq=17971 rx_latency=1ms tx_dur=1ms,17.924,
2731,10,426,2863661482,2026-07-14T15:28:49.707504+00:00,42.500167,1579,41,0202aab001aa062b005a5811460e29efbf1ffffffc2246cd1e00000fc0007ebfe9ed0737feebfff600,1,TX 41 seq=17972 rx_latency=1ms tx_dur=1ms,20.632,
2731,10,427,2863661483,2026-07-14T15:28:49.807508+00:00,42.600154,1679,41,0202aab001ab068f005a5811460e29efbf1ffffffc2246cd1e00000fc0007ebfe9ed0737feebfff600,1,TX 41 seq=17973 rx_latency=1ms tx_dur=1ms,22.373,
2731,10,428,2863661484,2026-07-14T15:28:49.907478+00:00,42.700118,1779,41,0202aab001ac06f3005a5811460e29efbf1ffffffc2246cd1e00000fc0007ebfe9ed0737feebfff600,1,TX 41 seq=17974 rx_latency=1ms tx_dur=1ms,14.204,
2731,10,429,2863661485,2026-07-14T15:28:50.007439+00:00,42.800072,1879,41,0202aab001ad0757005a5811460e29efbf1ffffffc2246cd1e00000fc0007ebfe9ed0737feebfff600,1,TX 41 seq=17975 rx_latency=1ms tx_dur=1ms,15.942,
2731,10,430,2863661486,2026-07-14T15:28:50.107504+00:00,42.900140,1979,41,0202aab001ae07bb005a5811460e29efbf1ffffffc2246cd1e00000fc0007ebfe9ed0737feebfff600,1,TX 41 seq=17976 rx_latency=1ms tx_dur=1ms,18.616,
2731,10,431,2863661487,2026-07-14T15:28:50.207533+00:00,43.000171,2079,41,0202aab001af081f005a5811460e29efbf1ffffffc2246cd1e00000fc0007ebfe9ed0737feebfff600,1,TX 41 seq=17977 rx_latency=1ms tx_dur=1ms,20.207,
2731,10,432,2863661488,2026-07-14T15:28:50.307453+00:00,43.100095,2179,41,0202aab001b00883005a5811460e29efbf1ffffffc2246cd1e00000fc0007ebfe9ed0737feebfff600,1,TX 41 seq=17978 rx_latency=1ms tx_dur=1ms,21.946,
2731,10,433,2863661489,2026-07-14T15:28:50.407498+00:00,43.200133,2279,41,0202aab001b108e7005a5811460e29efbf1ffffffc2246cd1e00000fc0007ebfe9ed0737feebfff600,1,TX 41 seq=17979 rx_latency=1ms tx_dur=1ms,14.798,
2731,10,434,2863661490,2026-07-14T15:28:50.507502+00:00,43.300139,2379,41,0202aab001b2094b005a5811460e29efbf1ffffffc2246cd1e00000fc0007ebfe9ed0737feebfff600,1,TX 41 seq=17980 rx_latency=1ms tx_dur=1ms,16.438,
2731,10,435,2863661491,2026-07-14T15:28:50.607502+00:00,43.400136,2479,41,0202aab001b309af005a5811460e29efbf1ffffffc2246cd1e00000fc0007ebfe9ed0737feebfff600,1,TX 41 seq=17981 rx_latency=1ms tx_dur=1ms,18.198,
2731,10,436,2863661492,2026-07-14T15:28:50.707433+00:00,43.500068,2579,41,0202aab001b40a13005a5811460e29efbf1ffffffc2246cd1e00000fc0007ebfe9ed0737feebfff600,1,TX 41 seq=17982 rx_latency=1ms tx_dur=1ms,20.001,
2731,10,437,2863661493,2026-07-14T15:28:50.807503+00:00,43.600139,2679,41,0202aab001b50a77005a5811460e29efbf1ffffffc2246cd1e00000fc0007ebfe9ed0737feebfff600,1,TX 41 seq=17983 rx_latency=1ms tx_dur=1ms,22.525,
2731,10,438,2863661494,2026-07-14T15:28:50.907450+00:00,43.700089,2779,41,0202aab001b60adb005a5811460e29efbf1ffffffc2246cd1e00000fc0007ebfe9ed0737feebfff600,1,TX 41 seq=17984 rx_latency=1ms tx_dur=1ms,14.281,
2731,10,439,2863661495,2026-07-14T15:28:51.007497+00:00,43.800129,2879,41,0202aab001b70b3f005a5811460e29efbf1ffffffc2246cd1e00000fc0007ebfe9ed0737feebfff600,1,TX 41 seq=17985 rx_latency=1ms tx_dur=1ms,16.104,
2731,10,440,2863661496,2026-07-14T15:28:51.107425+00:00,43.900060,2979,41,0202aab001b80ba3005a5811460e29efbf1ffffffc2246cd1e00000fc0007ebfe9ed0737feebfff600,1,TX 41 seq=17986 rx_latency=1ms tx_dur=1ms,18.929,
2731,10,441,2863661497,2026-07-14T15:28:51.207501+00:00,44.000136,3079,41,0202aab001b90c07005a5811460e29efbf1ffffffc2246cd1e00000fc0007ebfe9ed0737feebfff600,1,TX 41 seq=17987 rx_latency=1ms tx_dur=1ms,20.283,
2731,10,442,2863661498,2026-07-14T15:28:51.307491+00:00,44.100123,3179,41,0202aab001ba0c6b005a5811460e29efbf1ffffffc2246cd1e00000fc0007ebfe9ed0737feebfff600,1,TX 41 seq=17988 rx_latency=1ms tx_dur=1ms,22.162,
2731,10,443,2863661499,2026-07-14T15:28:51.407504+00:00,44.200141,3279,41,0202aab001bb0ccf005a5811460e29efbf1ffffffc2246cd1e00000fc0007ebfe9ed0737feebfff600,1,TX 41 seq=17989 rx_latency=1ms tx_dur=1ms,13.777,
2731,10,444,2863661500,2026-07-14T15:28:51.507496+00:00,44.300128,3379,41,0202aab001bc0d33005a5811460e29efbf1ffffffc2246cd1e00000fc0007ebfe9ed0737feebfff600,1,TX 41 seq=17990 rx_latency=1ms tx_dur=1ms,16.773,
2731,10,445,2863661501,2026-07-14T15:28:51.607503+00:00,44.400139,3479,41,0202aab001bd0d97005a5811460e29efbf1ffffffc2246cd1e00000fc0007ebfe9ed0737feebfff600,1,TX 41 seq=17991 rx_latency=1ms tx_dur=1ms,18.179,
2731,10,446,2863661502,2026-07-14T15:28:51.707509+00:00,44.500161,3579,41,0202aab001be0dfb005a5811460e29efbf1ffffffc2246cd1e00000fc0007ebfe9ed0737feebfff600,1,TX 41 seq=17992 rx_latency=1ms tx_dur=1ms,19.951,
2731,10,447,2863661503,2026-07-14T15:28:51.807507+00:00,44.600151,3679,41,0202aab001bf0e5f005a5811460e29efbf1ffffffc2246cd1e00000fc0007ebfe9ed0737feebfff600,1,TX 41 seq=17993 rx_latency=1ms tx_dur=1ms,22.669,
2731,10,448,2863661504,2026-07-14T15:28:51.907515+00:00,44.700173,3779,41,0202aab001c00ec3005a5811460e29efbf1ffffffc2246cd1e00000fc0007ebfe9ed0737feebfff600,1,TX 41 seq=17994 rx_latency=1ms tx_dur=1ms,14.432,
2731,10,449,2863661505,2026-07-14T15:28:52.007500+00:00,44.800137,3879,41,0202aab001c10f27005a5811460e29efbf1ffffffc2246cd1e00000fc0007ebfe9ed0737feebfff600,1,TX 41 seq=17995 rx_latency=1ms tx_dur=1ms,16.110,
2731,10,450,2863661506,2026-07-14T15:28:52.107506+00:00,44.900144,3979,41,0202aab001c20f8b005a5811460e29efbf1ffffffc2246cd1e00000fc0007ebfe9ed0737feebfff600,1,TX 41 seq=17996 rx_latency=1ms tx_dur=1ms,17.746,
2731,10,451,2863661507,2026-07-14T15:28:52.207499+00:00,45.000137,4079,41,0202aab001c30fef005a5811460e29efbf1ffffffc2246cd1e00000fc0007ebfe9ed0737feebfff600,1,TX 41 seq=17997 rx_latency=1ms tx_dur=1ms,20.620,
2731,10,452,2863661508,2026-07-14T15:28:52.307505+00:00,45.100144,4179,41,0202aab001c41053005a5811460e29efbf1ffffffc2246cd1e00000fc0007ebfe9ed0737feebfff600,1,TX 41 seq=17998 rx_latency=1ms tx_dur=1ms,22.269,
2731,10,453,2863661509,2026-07-14T15:28:52.407496+00:00,45.200131,4279,41,0202aab001c510b7005a5811460e29efbf1ffffffc2246cd1e00000fc0007ebfe9ed0737feebfff600,1,TX 41 seq=17999 rx_latency=1ms tx_dur=1ms,13.895,
2731,10,454,2863661510,2026-07-14T15:28:52.507510+00:00,45.300162,4379,41,0202aab001c6111b005a5811460e29efbf1ffffffc2246cd1e00000fc0007ebfe9ed0737feebfff600,1,TX 41 seq=18000 rx_latency=1ms tx_dur=1ms,16.676,
2731,10,455,2863661511,2026-07-14T15:28:52.607498+00:00,45.400132,4479,41,0202aab001c7117f005a5811460e29efbf1ffffffc2246cd1e00000fc0007ebfe9ed0737feebfff600,1,TX 41 seq=18001 rx_latency=1ms tx_dur=1ms,18.442,
2731,10,456,2863661512,2026-07-14T15:28:52.707504+00:00,45.500140,4579,41,0202aab001c811e3005a5811460e29efbf1ffffffc2246cd1e00000fc0007ebfe9ed0737feebfff600,1,TX 41 seq=18002 rx_latency=1ms tx_dur=1ms,20.157,
2731,10,457,2863661513,2026-07-14T15:28:52.807497+00:00,45.600127,4679,41,0202aab001c91247005a5811460e29efbf1ffffffc2246cd1e00000fc0007ebfe9ed0737feebfff600,1,TX 41 seq=18003 rx_latency=1ms tx_dur=1ms,22.828,
2731,10,458,2863661514,2026-07-14T15:28:52.907504+00:00,45.700141,4779,41,0202aab001ca12ab005a5811460e29efbf1ffffffc2246cd1e00000fc0007ebfe9ed0737feebfff600,1,TX 41 seq=18004 rx_latency=1ms tx_dur=1ms,14.542,
2731,10,459,2863661515,2026-07-14T15:28:53.007499+00:00,45.800133,4879,41,0202aab001cb130f005a5811460e29efbf1ffffffc2246cd1e00000fc0007ebfe9ed0737feebfff600,1,TX 41 seq=18005 rx_latency=1ms tx_dur=1ms,16.282,
2731,10,460,2863661516,2026-07-14T15:28:53.107505+00:00,45.900139,4979,41,0202aab001cc1373005a5811460e29efbf1ffffffc2246cd1e00000fc0007ebfe9ed0737feebfff600,1,TX 41 seq=18006 rx_latency=1ms tx_dur=1ms,18.004,
2731,10,461,2863661517,2026-07-14T15:28:53.207498+00:00,46.000133,5079,41,0202aab001cd13d7005a5811460e29efbf1ffffffc2246cd1e00000fc0007ebfe9ed0737feebfff600,1,TX 41 seq=18007 rx_latency=1ms tx_dur=1ms,20.804,
2731,10,462,2863661518,2026-07-14T15:28:53.307503+00:00,46.100139,5179,41,0202aab001ce143b005a5811460e29efbf1ffffffc2246cd1e00000fc0007ebfe9ed0737feebfff600,1,TX 41 seq=18008 rx_latency=1ms tx_dur=1ms,22.352,
2731,10,463,2863661519,2026-07-14T15:28:53.407496+00:00,46.200127,5279,41,0202aab001cf149f005a5811460e29efbf1ffffffc2246cd1e00000fc0007ebfe9ed0737feebfff600,1,TX 41 seq=18009 rx_latency=1ms tx_dur=1ms,14.133,
2731,10,464,2863661520,2026-07-14T15:28:53.507506+00:00,46.300146,5379,41,0202aab001d01503005a5811460e29efbf1ffffffc2246cd1e00000fc0007ebfe9ed0737feebfff600,1,TX 41 seq=18010 rx_latency=1ms tx_dur=1ms,15.821,
2731,10,465,2863661521,2026-07-14T15:28:53.607498+00:00,46.400128,5479,41,0202aab001d11567005a5811460e29efbf1ffffffc2246cd1e00000fc0007ebfe9ed0737feebfff600,1,TX 41 seq=18011 rx_latency=1ms tx_dur=1ms,18.666,
2731,10,466,2863661522,2026-07-14T15:28:53.707502+00:00,46.500136,5579,41,0202aab001d215cb005a5811460e29efbf1ffffffc2246cd1e00000fc0007ebfe9ed0737feebfff600,1,TX 41 seq=18012 rx_latency=1ms tx_dur=1ms,20.194,
2731,10,467,2863661523,2026-07-14T15:28:53.807504+00:00,46.600151,5679,41,0202aab001d3162f005a5811460e29efbf1ffffffc2246cd1e00000fc0007ebfe9ed0737feebfff600,1,TX 41 seq=18013 rx_latency=1ms tx_dur=1ms,21.817,
2731,10,468,2863661524,2026-07-14T15:28:53.907507+00:00,46.700147,5779,41,0202aab001d41693005a5811460e29efbf1ffffffc2246cd1e00000fc0007ebfe9ed0737feebfff600,1,TX 41 seq=18014 rx_latency=1ms tx_dur=1ms,14.771,
2731,10,469,2863661525,2026-07-14T15:28:54.007503+00:00,46.800137,5879,41,0202aab001d516f7005a5811460e29efbf1ffffffc2246cd1e00000fc0007ebfe9ed0737feebfff600,1,TX 41 seq=18015 rx_latency=1ms tx_dur=1ms,16.515,
2731,10,470,2863661526,2026-07-14T15:28:54.107498+00:00,46.900128,5979,41,0202aab001d6175b005a5811460e29efbf1ffffffc2246cd1e00000fc0007ebfe9ed0737feebfff600,1,TX 41 seq=18016 rx_latency=1ms tx_dur=1ms,18.029,
2731,10,471,2863661527,2026-07-14T15:28:54.207501+00:00,47.000137,6079,41,0202aab001d717bf005a5811460e29efbf1ffffffc2246cd1e00000fc0007ebfe9ed0737feebfff600,1,TX 41 seq=18017 rx_latency=1ms tx_dur=1ms,20.862,
2731,10,472,2863661528,2026-07-14T15:28:54.307498+00:00,47.100133,6179,41,0202aab001d81823005a5811460e29efbf1ffffffc2246cd1e00000fc0007ebfe9ed0737feebfff600,1,TX 41 seq=18018 rx_latency=1ms tx_dur=1ms,22.527,
2731,10,473,2863661529,2026-07-14T15:28:54.407504+00:00,47.200143,6279,41,0202aab001d91887005a5811460e29efbf1ffffffc2246cd1e00000fc0007ebfe9ed0737feebfff600,1,TX 41 seq=18019 rx_latency=1ms tx_dur=1ms,14.342,
2731,10,474,2863661530,2026-07-14T15:28:54.507499+00:00,47.300132,6379,41,0202aab001da18eb005a5811460e29efbf1ffffffc2246cd1e00000fc0007ebfe9ed0737feebfff600,1,TX 41 seq=18020 rx_latency=1ms tx_dur=1ms,15.879,
2731,10,475,2863661531,2026-07-14T15:28:54.607503+00:00,47.400139,6479,41,0202aab001db194f005a5811460e29efbf1ffffffc2246cd1e00000fc0007ebfe9ed0737feebfff600,1,TX 41 seq=18021 rx_latency=1ms tx_dur=1ms,18.692,
2731,10,476,2863661532,2026-07-14T15:28:54.707497+00:00,47.500127,6579,41,0202aab001dc19b3005a5811460e29efbf1ffffffc2246cd1e00000fc0007ebfe9ed0737feebfff600,1,TX 41 seq=18022 rx_latency=1ms tx_dur=1ms,20.408,
2731,10,477,2863661533,2026-07-14T15:28:54.807509+00:00,47.600154,6679,41,0202aab001dd1a17005a5811460e29efbf1ffffffc2246cd1e00000fc0007ebfe9ed0737feebfff600,1,TX 41 seq=18023 rx_latency=1ms tx_dur=1ms,22.138,
2731,10,478,2863661534,2026-07-14T15:28:54.907498+00:00,47.700131,6779,41,0202aab001de1a7b005a5811460e29efbf1ffffffc2246cd1e00000fc0007ebfe9ed0737feebfff600,1,TX 41 seq=18024 rx_latency=1ms tx_dur=1ms,14.829,
2731,10,479,2863661535,2026-07-14T15:28:55.007511+00:00,47.800162,6879,41,0202aab001df1adf005a5811460e29efbf1ffffffc2246cd1e00000fc0007ebfe9ed0737feebfff600,1,TX 41 seq=18025 rx_latency=1ms tx_dur=1ms,16.483,
2731,10,480,2863661536,2026-07-14T15:28:55.107496+00:00,47.900131,6979,41,0202aab001e01b43005a5811460e29efbf1ffffffc2246cd1e00000fc0007ebfe9ed0737feebfff600,1,TX 41 seq=18026 rx_latency=1ms tx_dur=1ms,18.265,
2731,10,481,2863661537,2026-07-14T15:28:55.207503+00:00,48.000141,7079,41,0202aab001e11ba7005a5811460e29efbf1ffffffc2246cd1e00000fc0007ebfe9ed0737feebfff600,1,TX 41 seq=18027 rx_latency=1ms tx_dur=1ms,19.992,
2731,10,482,2863661538,2026-07-14T15:28:55.307499+00:00,48.100133,7179,41,0202aab001e21c0b005a5811460e29efbf1ffffffc2246cd1e00000fc0007ebfe9ed0737feebfff600,1,TX 41 seq=18028 rx_latency=1ms tx_dur=1ms,22.577,
2731,10,483,2863661539,2026-07-14T15:28:55.407503+00:00,48.200141,7279,41,0202aab001e31c6f005a5811460e29efbf1ffffffc2246cd1e00000fc0007ebfe9ed0737feebfff600,1,TX 41 seq=18029 rx_latency=1ms tx_dur=1ms,14.357,
2731,10,484,2863661540,2026-07-14T15:28:55.507500+00:00,48.300138,7379,41,0202aab001e41cd3005a5811460e29efbf1ffffffc2246cd1e00000fc0007ebfe9ed0737feebfff600,1,TX 41 seq=18030 rx_latency=1ms tx_dur=1ms,16.085,
2731,10,485,2863661541,2026-07-14T15:28:55.607509+00:00,48.400163,7479,41,0202aab001e51d37005a5811460e29efbf1ffffffc2246cd1e00000fc0007ebfe9ed0737feebfff600,1,TX 41 seq=18031 rx_latency=1ms tx_dur=1ms,17.770,
2731,10,486,2863661542,2026-07-14T15:28:55.707513+00:00,48.500170,7579,41,0202aab001e61d9b005a5811460e29efbf1ffffffc2246cd1e00000fc0007ebfe9ed0737feebfff600,1,TX 41 seq=18032 rx_latency=1ms tx_dur=1ms,20.336,
2731,10,487,2863661543,2026-07-14T15:28:55.807499+00:00,48.600136,7679,41,0202aab001e71dff005a5811460e29efbf1ffffffc2246cd1e00000fc0007ebfe9ed0737feebfff600,1,TX 41 seq=18033 rx_latency=1ms tx_dur=1ms,22.122,
2731,10,488,2863661544,2026-07-14T15:28:55.907504+00:00,48.700145,7779,41,0202aab001e81e63005a5811460e29efbf1ffffffc2246cd1e00000fc0007ebfe9ed0737feebfff600,1,TX 41 seq=18034 rx_latency=1ms tx_dur=1ms,13.924,
2731,10,489,2863661545,2026-07-14T15:28:56.007504+00:00,48.800151,7879,41,0202aab001e91ec7005a5811460e29efbf1ffffffc2246cd1e00000fc0007ebfe9ed0737feebfff600,1,TX 41 seq=18035 rx_latency=1ms tx_dur=1ms,16.726,
2731,10,490,2863661546,2026-07-14T15:28:56.107506+00:00,48.900150,7979,41,0202aab001ea1f2b005a5811460e29efbf1ffffffc2246cd1e00000fc0007ebfe9ed0737feebfff600,1,TX 41 seq=18036 rx_latency=1ms tx_dur=1ms,18.256,
2731,10,491,2863661547,2026-07-14T15:28:56.207497+00:00,49.000130,8079,41,0202aab001eb1f8f005a5811460e29efbf1ffffffc2246cd1e00000fc0007ebfe9ed0737feebfff600,1,TX 41 seq=18037 rx_latency=1ms tx_dur=1ms,20.017,
2731,10,492,2863661548,2026-07-14T15:28:56.307505+00:00,49.100141,8179,41,0202aab001ec1ff3005a5811460e29efbf1ffffffc2246cd1e00000fc0007ebfe9ed0737feebfff600,1,TX 41 seq=18038 rx_latency=1ms tx_dur=1ms,22.849,
2731,10,493,2863661549,2026-07-14T15:28:56.407499+00:00,49.200131,8279,41,0202aab001ed2057005a5811460e29efbf1ffffffc2246cd1e00000fc0007ebfe9ed0737feebfff600,1,TX 41 seq=18039 rx_latency=1ms tx_dur=1ms,14.632,
2731,10,494,2863661550,2026-07-14T15:28:56.507507+00:00,49.300148,8379,41,0202aab001ee20bb005a5811460e29efbf1ffffffc2246cd1e00000fc0007ebfe9ed0737feebfff600,1,TX 41 seq=18040 rx_latency=1ms tx_dur=1ms,16.114,
2731,10,495,2863661551,2026-07-14T15:28:56.607497+00:00,49.400128,8479,41,0202aab001ef211f005a5811460e29efbf1ffffffc2246cd1e00000fc0007ebfe9ed0737feebfff600,1,TX 41 seq=18041 rx_latency=1ms tx_dur=1ms,17.865,
2731,10,496,2863661552,2026-07-14T15:28:56.707502+00:00,49.500139,8579,41,0202aab001f02183005a5811460e29efbf1ffffffc2246cd1e00000fc0007ebfe9ed0737feebfff600,1,TX 41 seq=18042 rx_latency=1ms tx_dur=1ms,20.689,
2731,10,497,2863661553,2026-07-14T15:28:56.807496+00:00,49.600125,8679,41,0202aab001f121e7005a5811460e29efbf1ffffffc2246cd1e00000fc0007ebfe9ed0737feebfff600,1,TX 41 seq=18043 rx_latency=1ms tx_dur=1ms,22.384,
2731,10,498,2863661554,2026-07-14T15:28:56.907497+00:00,49.700133,8779,41,0202aab001f2224b005a5811460e29efbf1ffffffc2246cd1e00000fc0007ebfe9ed0737feebfff600,1,TX 41 seq=18044 rx_latency=1ms tx_dur=1ms,14.293,
2731,10,499,2863661555,2026-07-14T15:28:57.007541+00:00,49.800203,8879,41,0202aab001f322af005a5811460e29efbf1ffffffc2246cd1e00000fc0007ebfe9ed0737feebfff600,1,TX 41 seq=18045 rx_latency=1ms tx_dur=1ms,16.782,
2731,10,500,2863661556,2026-07-14T15:28:57.107503+00:00,49.900148,8979,41,0202aab001f42313005a5811460e29efbf1ffffffc2246cd1e00000fc0007ebfe9ed0737feebfff600,1,TX 41 seq=18046 rx_latency=1ms tx_dur=1ms,18.589,
2731,10,501,2863661557,2026-07-14T15:28:57.207512+00:00,50.000160,9079,41,0202aab001f52377005a5811460e29efbf1ffffffc2246cd1e00000fc0007ebfe9ed0737feebfff600,1,TX 41 seq=18047 rx_latency=1ms tx_dur=1ms,20.344,
2731,10,502,2863661558,2026-07-14T15:28:57.307499+00:00,50.100132,9179,41,0202aab001f623db005a5811460e29efbf1ffffffc2246cd1e00000fc0007ebfe9ed0737feebfff600,1,TX 41 seq=18048 rx_latency=1ms tx_dur=1ms,22.061,
2731,10,503,2863661559,2026-07-14T15:28:57.407507+00:00,50.200145,9279,41,0202aab001f7243f005a5811460e29efbf1ffffffc2246cd1e00000fc0007ebfe9ed0737feebfff600,1,TX 41 seq=18049 rx_latency=1ms tx_dur=1ms,14.747,
2731,10,504,2863661560,2026-07-14T15:28:57.507504+00:00,50.300142,9379,41,0202aab001f824a3005a5811460e29efbf1ffffffc2246cd1e00000fc0007ebfe9ed0737feebfff600,1,TX 41 seq=18050 rx_latency=1ms tx_dur=1ms,16.506,
2731,10,505,2863661561,2026-07-14T15:28:57.607499+00:00,50.400136,9479,41,0202aab001f92507005a5811460e29efbf1ffffffc2246cd1e00000fc0007ebfe9ed0737feebfff600,1,TX 41 seq=18051 rx_latency=1ms tx_dur=1ms,18.193,
2731,10,506,2863661562,2026-07-14T15:28:57.707503+00:00,50.500140,9579,41,0202aab001fa256b005a5811460e29efbf1ffffffc2246cd1e00000fc0007ebfe9ed0737feebfff600,1,TX 41 seq=18052 rx_latency=1ms tx_dur=1ms,19.976,
2731,10,507,2863661563,2026-07-14T15:28:57.807496+00:00,50.600127,9679,41,0202aab001fb25cf005a5811460e29efbf1ffffffc2246cd1e00000fc0007ebfe9ed0737feebfff600,1,TX 41 seq=18053 rx_latency=1ms tx_dur=1ms,22.545,
2731,10,508,2863661564,2026-07-14T15:28:57.907503+00:00,50.700138,9779,41,0202aab001fc2633005a5811460e29efbf1ffffffc2246cd1e00000fc0007ebfe9ed0737feebfff600,1,TX 41 seq=18054 rx_latency=1ms tx_dur=1ms,14.337,
2731,10,509,2863661565,2026-07-14T15:28:58.007496+00:00,50.800126,9879,41,0202aab001fd2697005a5811460e29efbf1ffffffc2246cd1e00000fc0007ebfe9ed0737feebfff600,1,TX 41 seq=18055 rx_latency=1ms tx_dur=1ms,16.089,
2731,10,510,2863661566,2026-07-14T15:28:58.107507+00:00,50.900162,9979,41,0202aab001fe26fb005a5811460e29efbf1ffffffc2246cd1e00000fc0007ebfe9ed0737feebfff600,1,TX 41 seq=18056 rx_latency=1ms tx_dur=1ms,18.814,
2731,10,511,2863661567,2026-07-14T15:28:58.207499+00:00,51.000135,10079,41,0202aab001ff275f005a5811460e29efbf1ffffffc2246cd1e00000fc0007ebfe9ed0737feebfff600,1,TX 41 seq=18057 rx_latency=1ms tx_dur=1ms,20.376,
2731,10,512,2863661568,2026-07-14T15:28:58.307503+00:00,51.100139,10179,41,0202aab0020027c3005a5811460e29efbf1ffffffc2246cd1e00000fc0007ebfe9ed0737feebfff600,1,TX 41 seq=18058 rx_latency=1ms tx_dur=1ms,22.138,
2731,10,513,2863661569,2026-07-14T15:28:58.407497+00:00,51.200127,10279,41,0202aab002012827005a5811460e29efbf1ffffffc2246cd1e00000fc0007ebfe9ed0737feebfff600,1,TX 41 seq=18059 rx_latency=1ms tx_dur=1ms,13.942,
2731,10,514,2863661570,2026-07-14T15:28:58.507503+00:00,51.300143,10379,41,0202aab00202288b005a5811460e29efbf1ffffffc2246cd1e00000fc0007ebfe9ed0737feebfff600,1,TX 41 seq=18060 rx_latency=1ms tx_dur=1ms,16.711,
2731,10,515,2863661571,2026-07-14T15:28:58.607499+00:00,51.400134,10479,41,0202aab0020328ef005a5811460e29efbf1ffffffc2246cd1e00000fc0007ebfe9ed0737feebfff600,1,TX 41 seq=18061 rx_latency=1ms tx_dur=1ms,18.230,
2731,10,516,2863661572,2026-07-14T15:28:58.707505+00:00,51.500142,10579,41,0202aab002042953005a5811460e29efbf1ffffffc2246cd1e00000fc0007ebfe9ed0737feebfff600,1,TX 41 seq=18062 rx_latency=1ms tx_dur=1ms,19.991,
2731,10,517,2863661573,2026-07-14T15:28:58.807496+00:00,51.600127,10679,41,0202aab0020529b7005a5811460e29efbf1ffffffc2246cd1e00000fc0007ebfe9ed0737feebfff600,1,TX 41 seq=18063 rx_latency=1ms tx_dur=1ms,22.779,
2731,10,518,2863661574,2026-07-14T15:28:58.907503+00:00,51.700139,10779,41,0202aab002062a1b005a5811460e29efbf1ffffffc2246cd1e00000fc0007ebfe9ed0737feebfff600,1,TX 41 seq=18064 rx_latency=1ms tx_dur=1ms,14.574,
2731,10,519,2863661575,2026-07-14T15:28:59.007497+00:00,51.800129,10879,41,0202aab002072a7f005a5811460e29efbf1ffffffc2246cd1e00000fc0007ebfe9ed0737feebfff600,1,TX 41 seq=18065 rx_latency=1ms tx_dur=1ms,16.109,
2731,10,520,2863661576,2026-07-14T15:28:59.107501+00:00,51.900137,10979,41,0202aab002082ae3005a5811460e29efbf1ffffffc2246cd1e00000fc0007ebfe9ed0737feebfff600,1,TX 41 seq=18066 rx_latency=1ms tx_dur=1ms,17.812,
2731,10,521,2863661577,2026-07-14T15:28:59.207503+00:00,52.000138,11079,41,0202aab002092b47005a5811460e29efbf1ffffffc2246cd1e00000fc0007ebfe9ed0737feebfff600,1,TX 41 seq=18067 rx_latency=1ms tx_dur=1ms,20.641,
2731,10,522,2863661578,2026-07-14T15:28:59.307513+00:00,52.100163,11179,41,0202aab0020a2bab005a5811460e29efbf1ffffffc2246cd1e00000fc0007ebfe9ed0737feebfff600,1,TX 41 seq=18068 rx_latency=1ms tx_dur=1ms,22.307,
2731,10,523,2863661579,2026-07-14T15:28:59.407497+00:00,52.200130,11279,41,0202aab0020b2c0f005a5811460e29efbf1ffffffc2246cd1e00000fc0007ebfe9ed0737feebfff600,1,TX 41 seq=18069 rx_latency=1ms tx_dur=1ms,13.952,
2731,10,524,2863661580,2026-07-14T15:28:59.507505+00:00,52.300145,11379,41,0202aab0020c2c73005a5811460e29efbf1ffffffc2246cd1e00000fc0007ebfe9ed0737feebfff600,1,TX 41 seq=18070 rx_latency=1ms tx_dur=1ms,16.747,
2731,10,525,2863661581,2026-07-14T15:28:59.607498+00:00,52.400130,11479,41,0202aab0020d2cd7005a5811460e29efbf1ffffffc2246cd1e00000fc0007ebfe9ed0737feebfff600,1,TX 41 seq=18071 rx_latency=1ms tx_dur=1ms,18.476,
2731,10,526,2863661582,2026-07-14T15:28:59.707465+00:00,52.500107,11579,41,0202aab0020e2d3b005a5811460e29efbf1ffffffc2246cd1e00000fc0007ebfe9ed0737feebfff600,1,TX 41 seq=18072 rx_latency=1ms tx_dur=1ms,20.228,
2731,10,527,2863661583,2026-07-14T15:28:59.807504+00:00,52.600144,11679,41,0202aab0020f2d9f005a5811460e29efbf1ffffffc2246cd1e00000fc0007ebfe9ed0737feebfff600,1,TX 41 seq=18073 rx_latency=1ms tx_dur=1ms,21.937,
2731,10,528,2863661584,2026-07-14T15:28:59.907515+00:00,52.700173,11779,41,0202aab002102e03005a5811460e29efbf1ffffffc2246cd1e00000fc0007ebfe9ed0737feebfff600,1,TX 41 seq=18074 rx_latency=1ms tx_dur=1ms,14.514,
2731,10,529,2863661585,2026-07-14T15:29:00.007497+00:00,52.800133,11879,41,0202aab002112e67005a5811460e29efbf1ffffffc2246cd1e00000fc0007ebfe9ed0737feebfff600,1,TX 41 seq=18075 rx_latency=1ms tx_dur=1ms,16.314,
2731,10,530,2863661586,2026-07-14T15:29:00.107504+00:00,52.900143,11979,41,0202aab002122ecb005a5811460e29efbf1ffffffc2246cd1e00000fc0007ebfe9ed0737feebfff600,1,TX 41 seq=18076 rx_latency=1ms tx_dur=1ms,18.041,
2731,10,531,2863661587,2026-07-14T15:29:00.207496+00:00,53.000128,12079,41,0202aab002132f2f005a5811460e29efbf1ffffffc2246cd1e00000fc0007ebfe9ed0737feebfff600,1,TX 41 seq=18077 rx_latency=1ms tx_dur=1ms,20.859,
2731,10,532,2863661588,2026-07-14T15:29:00.307514+00:00,53.100168,12179,41,0202aab002142f93005a5811460e29efbf1ffffffc2246cd1e00000fc0007ebfe9ed0737feebfff600,1,TX 41 seq=18078 rx_latency=1ms tx_dur=1ms,22.328,
2731,10,533,2863661589,2026-07-14T15:29:00.407499+00:00,53.200136,12279,41,0202aab002152ff7005a5811460e29efbf1ffffffc2246cd1e00000fc0007ebfe9ed0737feebfff600,1,TX 41 seq=18079 rx_latency=1ms tx_dur=1ms,14.171,
2731,10,534,2863661590,2026-07-14T15:29:00.507486+00:00,53.300127,12379,41,0202aab00216305b005a5811460e29efbf1ffffffc2246cd1e00000fc0007ebfe9ed0737feebfff600,1,TX 41 seq=18080 rx_latency=1ms tx_dur=1ms,15.908,
2731,10,535,2863661591,2026-07-14T15:29:00.607498+00:00,53.400132,12479,41,0202aab0021730bf005a5811460e29efbf1ffffffc2246cd1e00000fc0007ebfe9ed0737feebfff600,1,TX 41 seq=18081 rx_latency=1ms tx_dur=1ms,18.703,
2731,10,536,2863661592,2026-07-14T15:29:00.707504+00:00,53.500139,12579,41,0202aab002183123005a5811460e29efbf1ffffffc2246cd1e00000fc0007ebfe9ed0737feebfff600,1,TX 41 seq=18082 rx_latency=1ms tx_dur=1ms,20.232,
2731,10,537,2863661593,2026-07-14T15:29:00.807499+00:00,53.600135,12679,41,0202aab002193187005a5811460e29efbf1ffffffc2246cd1e00000fc0007ebfe9ed0737feebfff600,1,TX 41 seq=18083 rx_latency=1ms tx_dur=1ms,21.935,
2731,10,538,2863661594,2026-07-14T15:29:00.907499+00:00,53.700136,12779,41,0202aab0021a31eb005a5811460e29efbf1ffffffc2246cd1e00000fc0007ebfe9ed0737feebfff600,1,TX 41 seq=18084 rx_latency=1ms tx_dur=1ms,14.818,
2731,10,539,2863661595,2026-07-14T15:29:01.007503+00:00,53.800138,12879,41,0202aab0021b324f005a5811460e29efbf1ffffffc2246cd1e00000fc0007ebfe9ed0737feebfff600,1,TX 41 seq=18085 rx_latency=1ms tx_dur=1ms,16.566,
2731,10,540,2863661596,2026-07-14T15:29:01.107502+00:00,53.900136,12979,41,0202aab0021c32b3005a5811460e29efbf1ffffffc2246cd1e00000fc0007ebfe9ed0737feebfff600,1,TX 41 seq=18086 rx_latency=1ms tx_dur=1ms,18.093,
2731,10,541,2863661597,2026-07-14T15:29:01.207501+00:00,54.000136,13079,41,0202aab0021d3317005a5811460e29efbf1ffffffc2246cd1e00000fc0007ebfe9ed0737feebfff600,1,TX 41 seq=18087 rx_latency=1ms tx_dur=1ms,20.923,
2731,10,542,2863661598,2026-07-14T15:29:01.307508+00:00,54.100152,13179,41,0202aab0021e337b005a5811460e29efbf1ffffffc2246cd1e00000fc0007ebfe9ed0737feebfff600,1,TX 41 seq=18088 rx_latency=1ms tx_dur=1ms,22.608,
2731,10,543,2863661599,2026-07-14T15:29:01.407500+00:00,54.200135,13279,41,0202aab0021f33df005a5811460e29efbf1ffffffc2246cd1e00000fc0007ebfe9ed0737feebfff600,1,TX 41 seq=18089 rx_latency=1ms tx_dur=1ms,14.395,
2731,10,544,2863661600,2026-07-14T15:29:01.507505+00:00,54.300140,13379,41,0202aab002203443005a5811460e29efbf1ffffffc2246cd1e00000fc0007ebfe9ed0737feebfff600,1,TX 41 seq=18090 rx_latency=1ms tx_dur=1ms,15.938,
2731,10,545,2863661601,2026-07-14T15:29:01.607498+00:00,54.400133,13479,41,0202aab0022134a7005a5811460e29efbf1ffffffc2246cd1e00000fc0007ebfe9ed0737feebfff600,1,TX 41 seq=18091 rx_latency=1ms tx_dur=1ms,18.736,
2731,10,546,2863661602,2026-07-14T15:29:01.707516+00:00,54.500176,13579,41,0202aab00222350b005a5811460e29efbf1ffffffc2246cd1e00000fc0007ebfe9ed0737feebfff600,1,TX 41 seq=18092 rx_latency=1ms tx_dur=1ms,20.331,
2731,10,547,2863661603,2026-07-14T15:29:01.807506+00:00,54.600148,13679,41,0202aab00223356f005a5811460e29efbf1ffffffc2246cd1e00000fc0007ebfe9ed0737feebfff600,1,TX 41 seq=18093 rx_latency=1ms tx_dur=1ms,22.182,
2731,10,548,2863661604,2026-07-14T15:29:01.907499+00:00,54.700135,13779,41,0202aab0022435d3005a5811460e29efbf1ffffffc2246cd1e00000fc0007ebfe9ed0737feebfff600,1,TX 41 seq=18094 rx_latency=1ms tx_dur=1ms,14.871,
2731,10,549,2863661605,2026-07-14T15:29:02.007504+00:00,54.800142,13879,41,0202aab002253637005a5811460e29efbf1ffffffc2246cd1e00000fc0007ebfe9ed0737feebfff600,1,TX 41 seq=18095 rx_latency=1ms tx_dur=1ms,16.584,
2731,10,550,2863661606,2026-07-14T15:29:02.107498+00:00,54.900134,13979,41,0202aab00226369b005a5811460e29efbf1ffffffc2246cd1e00000fc0007ebfe9ed0737feebfff600,1,TX 41 seq=18096 rx_latency=1ms tx_dur=1ms,18.299,
2731,10,551,2863661607,2026-07-14T15:29:02.207505+00:00,55.000143,14079,41,0202aab0022736ff005a5811460e29efbf1ffffffc2246cd1e00000fc0007ebfe9ed0737feebfff600,1,TX 41 seq=18097 rx_latency=1ms tx_dur=1ms,20.027,
2731,10,552,2863661608,2026-07-14T15:29:02.307497+00:00,55.100128,14179,41,0202aab002283763005a5811460e29efbf1ffffffc2246cd1e00000fc0007ebfe9ed0737feebfff600,1,TX 41 seq=18098 rx_latency=1ms tx_dur=1ms,22.667,
2731,10,553,2863661609,2026-07-14T15:29:02.407503+00:00,55.200138,14279,41,0202aab0022937c7005a5811460e29efbf1ffffffc2246cd1e00000fc0007ebfe9ed0737feebfff600,1,TX 41 seq=18099 rx_latency=1ms tx_dur=1ms,14.438,
2731,10,554,2863661610,2026-07-14T15:29:02.507504+00:00,55.300138,14379,41,0202aab0022a382b005a5811460e29efbf1ffffffc2246cd1e00000fc0007ebfe9ed0737feebfff600,1,TX 41 seq=18100 rx_latency=1ms tx_dur=1ms,16.109,
2731,10,555,2863661611,2026-07-14T15:29:02.607468+00:00,55.400114,14479,41,0202aab0022b388f005a5811460e29efbf1ffffffc2246cd1e00000fc0007ebfe9ed0737feebfff600,1,TX 41 seq=18101 rx_latency=1ms tx_dur=1ms,17.862,
2731,10,556,2863661612,2026-07-14T15:29:02.707505+00:00,55.500145,14579,41,0202aab0022c38f3005a5811460e29efbf1ffffffc2246cd1e00000fc0007ebfe9ed0737feebfff600,1,TX 41 seq=18102 rx_latency=1ms tx_dur=1ms,20.486,
2731,10,557,2863661613,2026-07-14T15:29:02.807498+00:00,55.600130,14679,41,0202aab0022d3957005a5811460e29efbf1ffffffc2246cd1e00000fc0007ebfe9ed0737feebfff600,1,TX 41 seq=18103 rx_latency=1ms tx_dur=1ms,22.201,
2731,10,558,2863661614,2026-07-14T15:29:02.907503+00:00,55.700137,14779,41,0202aab0022e39bb005a5811460e29efbf1ffffffc2246cd1e00000fc0007ebfe9ed0737feebfff600,1,TX 41 seq=18104 rx_latency=1ms tx_dur=1ms,13.993,
2731,10,559,2863661615,2026-07-14T15:29:03.007518+00:00,55.800178,14879,41,0202aab0022f3a1f005a5811460e29efbf1ffffffc2246cd1e00000fc0007ebfe9ed0737feebfff600,1,TX 41 seq=18105 rx_latency=1ms tx_dur=1ms,16.707,
2731,10,560,2863661616,2026-07-14T15:29:03.107508+00:00,55.900153,14979,41,0202aab002303a83005a5811460e29efbf1ffffffc2246cd1e00000fc0007ebfe9ed0737feebfff600,1,TX 41 seq=18106 rx_latency=1ms tx_dur=1ms,18.301,
2731,10,561,2863661617,2026-07-14T15:29:03.207498+00:00,56.000131,15079,41,0202aab002313ae7005a5811460e29efbf1ffffffc2246cd1e00000fc0007ebfe9ed0737feebfff600,1,TX 41 seq=18107 rx_latency=1ms tx_dur=1ms,20.069,
2731,10,562,2863661618,2026-07-14T15:29:03.307504+00:00,56.100139,15179,41,0202aab002323b4b005a5811460e29efbf1ffffffc2246cd1e00000fc0007ebfe9ed0737feebfff600,1,TX 41 seq=18108 rx_latency=1ms tx_dur=1ms,22.895,
2731,10,563,2863661619,2026-07-14T15:29:03.407497+00:00,56.200127,15279,41,0202aab002333baf005a5811460e29efbf1ffffffc2246cd1e00000fc0007ebfe9ed0737feebfff600,1,TX 41 seq=18109 rx_latency=1ms tx_dur=1ms,14.691,
2731,10,564,2863661620,2026-07-14T15:29:03.507503+00:00,56.300141,15379,41,0202aab002343c13005a5811460e29efbf1ffffffc2246cd1e00000fc0007ebfe9ed0737feebfff600,1,TX 41 seq=18110 rx_latency=1ms tx_dur=1ms,16.174,
2731,10,565,2863661621,2026-07-14T15:29:03.607513+00:00,56.400167,15479,41,0202aab002353c77005a5811460e29efbf1ffffffc2246cd1e00000fc0007ebfe9ed0737feebfff600,1,TX 41 seq=18111 rx_latency=1ms tx_dur=1ms,17.838,
2731,10,566,2863661622,2026-07-14T15:29:03.707502+00:00,56.500145,15579,41,0202aab002363cdb005a5811460e29efbf1ffffffc2246cd1e00000fc0007ebfe9ed0737feebfff600,1,TX 41 seq=18112 rx_latency=1ms tx_dur=1ms,20.802,
2731,10,567,2863661623,2026-07-14T15:29:03.807509+00:00,56.600160,15679,41,0202aab002373d3f005a5811460e29efbf1ffffffc2246cd1e00000fc0007ebfe9ed0737feebfff600,1,TX 41 seq=18113 rx_latency=1ms tx_dur=1ms,22.557,
2731,10,568,2863661624,2026-07-14T15:29:03.907499+00:00,56.700133,15779,41,0202aab002383da3005a5811460e29efbf1ffffffc2246cd1e00000fc0007ebfe9ed0737feebfff600,1,TX 41 seq=18114 rx_latency=1ms tx_dur=1ms,14.365,
2731,10,569,2863661625,2026-07-14T15:29:04.007503+00:00,56.800140,15879,41,0202aab002393e07005a5811460e29efbf1ffffffc2246cd1e00000fc0007ebfe9ed0737feebfff600,1,TX 41 seq=18115 rx_latency=1ms tx_dur=1ms,15.896,
2731,10,570,2863661626,2026-07-14T15:29:04.107507+00:00,56.900148,15979,41,0202aab0023a3e6b005a5811460e29efbf1ffffffc2246cd1e00000fc0007ebfe9ed0737feebfff600,1,TX 41 seq=18116 rx_latency=1ms tx_dur=1ms,18.680,
2731,10,571,2863661627,2026-07-14T15:29:04.207503+00:00,57.000140,16079,41,0202aab0023b3ecf005a5811460e29efbf1ffffffc2246cd1e00000fc0007ebfe9ed0737feebfff600,1,TX 41 seq=18117 rx_latency=1ms tx_dur=1ms,20.430,
2731,10,572,2863661628,2026-07-14T15:29:04.307498+00:00,57.100134,16179,41,0202aab0023c3f33005a5811460e29efbf1ffffffc2246cd1e00000fc0007ebfe9ed0737feebfff600,1,TX 41 seq=18118 rx_latency=1ms tx_dur=1ms,22.156,
2731,10,573,2863661629,2026-07-14T15:29:04.407502+00:00,57.200138,16279,41,0202aab0023d3f97005a5811460e29efbf1ffffffc2246cd1e00000fc0007ebfe9ed0737feebfff600,1,TX 41 seq=18119 rx_latency=1ms tx_dur=1ms,14.819,
2731,10,574,2863661630,2026-07-14T15:29:04.507503+00:00,57.300138,16379,41,0202aab0023e3ffb005a5811460e29efbf1ffffffc2246cd1e00000fc0007ebfe9ed0737feebfff600,1,TX 41 seq=18120 rx_latency=1ms tx_dur=1ms,16.544,
2731,10,575,2863661631,2026-07-14T15:29:04.607512+00:00,57.400165,16479,41,0202aab0023f405f005a5811460e29efbf1ffffffc2246cd1e00000fc0007ebfe9ed0737feebfff600,1,TX 41 seq=18121 rx_latency=1ms tx_dur=1ms,18.188,
2731,10,576,2863661632,2026-07-14T15:29:04.707503+00:00,57.500141,16579,41,0202aab0024040c3005a5811460e29efbf1ffffffc2246cd1e00000fc0007ebfe9ed0737feebfff600,1,TX 41 seq=18122 rx_latency=1ms tx_dur=1ms,19.970,
2731,10,577,2863661633,2026-07-14T15:29:04.807512+00:00,57.600160,16679,41,0202aab002414127005a5811460e29efbf1ffffffc2246cd1e00000fc0007ebfe9ed0737feebfff600,1,TX 41 seq=18123 rx_latency=1ms tx_dur=1ms,22.582,
2731,10,578,2863661634,2026-07-14T15:29:04.907498+00:00,57.700132,16779,41,0202aab00242418b005a5811460e29efbf1ffffffc2246cd1e00000fc0007ebfe9ed0737feebfff600,1,TX 41 seq=18124 rx_latency=1ms tx_dur=1ms,14.408,
2731,10,579,2863661635,2026-07-14T15:29:05.007503+00:00,57.800139,16879,41,0202aab0024341ef005a5811460e29efbf1ffffffc2246cd1e00000fc0007ebfe9ed0737feebfff600,1,TX 41 seq=18125 rx_latency=1ms tx_dur=1ms,16.114,
2731,10,580,2863661636,2026-07-14T15:29:05.107505+00:00,57.900145,16979,41,0202aab002444253005a5811460e29efbf1ffffffc2246cd1e00000fc0007ebfe9ed0737feebfff600,1,TX 41 seq=18126 rx_latency=1ms tx_dur=1ms,17.813,
2731,10,581,2863661637,2026-07-14T15:29:05.207503+00:00,58.000139,17079,41,0202aab0024542b7005a5811460e29efbf1ffffffc2246cd1e00000fc0007ebfe9ed0737feebfff600,1,TX 41 seq=18127 rx_latency=1ms tx_dur=1ms,20.444,
2731,10,582,2863661638,2026-07-14T15:29:05.307487+00:00,58.100123,17179,41,0202aab00246431b005a5811460e29efbf1ffffffc2246cd1e00000fc0007ebfe9ed0737feebfff600,1,TX 41 seq=18128 rx_latency=1ms tx_dur=1ms,22.213,
2731,10,583,2863661639,2026-07-14T15:29:05.407502+00:00,58.200137,17279,41,0202aab00247437f005a5811460e29efbf1ffffffc2246cd1e00000fc0007ebfe9ed0737feebfff600,1,TX 41 seq=18129 rx_latency=1ms tx_dur=1ms,13.947,
2731,10,584,2863661640,2026-07-14T15:29:05.507440+00:00,58.300074,17379,41,0202aab0024843e3005a5811460e29efbf1ffffffc2246cd1e00000fc0007ebfe9ed0737feebfff600,1,TX 41 seq=18130 rx_latency=1ms tx_dur=1ms,16.847,
2731,10,585,2863661641,2026-07-14T15:29:05.607499+00:00,58.400138,17479,41,0202aab002494447005a5811460e29efbf1ffffffc2246cd1e00000fc0007ebfe9ed0737feebfff600,1,TX 41 seq=18131 rx_latency=1ms tx_dur=1ms,18.269,
2731,10,586,2863661642,2026-07-14T15:29:05.707499+00:00,58.500141,17579,41,0202aab0024a44ab005a5811460e29efbf1ffffffc2246cd1e00000fc0007ebfe9ed0737feebfff600,1,TX 41 seq=18132 rx_latency=1ms tx_dur=1ms,19.995,
2731,10,587,2863661643,2026-07-14T15:29:05.807499+00:00,58.600134,17679,41,0202aab0024b450f005a5811460e29efbf1ffffffc2246cd1e00000fc0007ebfe9ed0737feebfff600,1,TX 41 seq=18133 rx_latency=1ms tx_dur=1ms,22.810,
2731,10,588,2863661644,2026-07-14T15:29:05.907509+00:00,58.700152,17779,41,0202aab0024c4573005a5811460e29efbf1ffffffc2246cd1e00000fc0007ebfe9ed0737feebfff600,1,TX 41 seq=18134 rx_latency=1ms tx_dur=1ms,14.582,
2731,10,589,2863661645,2026-07-14T15:29:06.007504+00:00,58.800140,17879,41,0202aab0024d45d7005a5811460e29efbf1ffffffc2246cd1e00000fc0007ebfe9ed0737feebfff600,1,TX 41 seq=18135 rx_latency=1ms tx_dur=1ms,16.140,
2731,10,590,2863661646,2026-07-14T15:29:06.107502+00:00,58.900136,17979,41,0202aab0024e463b005a5811460e29efbf1ffffffc2246cd1e00000fc0007ebfe9ed0737feebfff600,1,TX 41 seq=18136 rx_latency=1ms tx_dur=1ms,17.857,
2731,10,591,2863661647,2026-07-14T15:29:06.207501+00:00,59.000137,18079,41,0202aab0024f469f005a5811460e29efbf1ffffffc2246cd1e00000fc0007ebfe9ed0737feebfff600,1,TX 41 seq=18137 rx_latency=1ms tx_dur=1ms,20.696,
2731,10,592,2863661648,2026-07-14T15:29:06.307502+00:00,59.100136,18179,41,0202aab002504703005a5811460e29efbf1ffffffc2246cd1e00000fc0007ebfe9ed0737feebfff600,1,TX 41 seq=18138 rx_latency=1ms tx_dur=1ms,22.427,
2731,10,593,2863661649,2026-07-14T15:29:06.407504+00:00,59.200140,18279,41,0202aab002514767005a5811460e29efbf1ffffffc2246cd1e00000fc0007ebfe9ed0737feebfff600,1,TX 41 seq=18139 rx_latency=1ms tx_dur=1ms,14.187,
2731,10,594,2863661650,2026-07-14T15:29:06.507502+00:00,59.300137,18379,41,0202aab0025247cb005a5811460e29efbf1ffffffc2246cd1e00000fc0007ebfe9ed0737feebfff600,1,TX 41 seq=18140 rx_latency=1ms tx_dur=1ms,16.811,
2731,10,595,2863661651,2026-07-14T15:29:06.607503+00:00,59.400136,18479,41,0202aab00253482f005a5811460e29efbf1ffffffc2246cd1e00000fc0007ebfe9ed0737feebfff600,1,TX 41 seq=18141 rx_latency=1ms tx_dur=1ms,18.543,
2731,10,596,2863661652,2026-07-14T15:29:06.707505+00:00,59.500141,18579,41,0202aab002544893005a5811460e29efbf1ffffffc2246cd1e00000fc0007ebfe9ed0737feebfff600,1,TX 41 seq=18142 rx_latency=1ms tx_dur=1ms,20.260,
2731,10,597,2863661653,2026-07-14T15:29:06.807503+00:00,59.600139,18679,41,0202aab0025548f7005a5811460e29efbf1ffffffc2246cd1e00000fc0007ebfe9ed0737feebfff600,1,TX 41 seq=18143 rx_latency=1ms tx_dur=1ms,21.995,
2731,10,598,2863661654,2026-07-14T15:29:06.907505+00:00,59.700142,18779,41,0202aab00256495b005a5811460e29efbf1ffffffc2246cd1e00000fc0007ebfe9ed0737feebfff600,1,TX 41 seq=18144 rx_latency=1ms tx_dur=1ms,14.637,
2731,10,599,2863661655,2026-07-14T15:29:07.007503+00:00,59.800138,18879,41,0202aab0025749bf005a5811460e29efbf1ffffffc2246cd1e00000fc0007ebfe9ed0737feebfff600,1,TX 41 seq=18145 rx_latency=1ms tx_dur=1ms,16.372,
2731,10,600,2863661656,2026-07-14T15:29:07.107539+00:00,59.900189,18979,41,0202aab002584a23005a5811460e29efbf1ffffffc2246cd1e00000fc0007ebfe9ed0737feebfff600,1,TX 41 seq=18146 rx_latency=1ms tx_dur=1ms,18.021,
2731,10,601,2863661657,2026-07-14T15:29:07.207520+00:00,60.000167,19079,41,0202aab002594a87005a5811460e29efbf1ffffffc2246cd1e00000fc0007ebfe9ed0737feebfff600,1,TX 41 seq=18147 rx_latency=1ms tx_dur=1ms,20.776,
2731,10,602,2863661658,2026-07-14T15:29:07.307508+00:00,60.100146,19179,41,0202aab0025a4aeb005a5811460e29efbf1ffffffc2246cd1e00000fc0007ebfe9ed0737feebfff600,1,TX 41 seq=18148 rx_latency=1ms tx_dur=1ms,22.450,
2731,10,603,2863661659,2026-07-14T15:29:07.407527+00:00,60.200169,19279,41,0202aab0025b4b4f005a5811460e29efbf1ffffffc2246cd1e00000fc0007ebfe9ed0737feebfff600,1,TX 41 seq=18149 rx_latency=1ms tx_dur=1ms,14.164,
2731,10,604,2863661660,2026-07-14T15:29:07.507526+00:00,60.300164,19379,41,0202aab0025c4bb3005a5811460e29efbf1ffffffc2246cd1e00000fc0007ebfe9ed0737feebfff600,1,TX 41 seq=18150 rx_latency=1ms tx_dur=1ms,15.925,
2731,10,605,2863661661,2026-07-14T15:29:07.607504+00:00,60.400144,19479,41,0202aab0025d4c17005a5811460e29efbf1ffffffc2246cd1e00000fc0007ebfe9ed0737feebfff600,1,TX 41 seq=18151 rx_latency=1ms tx_dur=1ms,18.574,
2731,10,606,2863661662,2026-07-14T15:29:07.707514+00:00,60.500176,19579,41,0202aab0025e4c7b005a5811460e29efbf1ffffffc2246cd1e00000fc0007ebfe9ed0737feebfff600,1,TX 41 seq=18152 rx_latency=1ms tx_dur=1ms,20.160,
2731,10,607,2863661663,2026-07-14T15:29:07.807499+00:00,60.600136,19679,41,0202aab0025f4cdf005a5811460e29efbf1ffffffc2246cd1e00000fc0007ebfe9ed0737feebfff600,1,TX 41 seq=18153 rx_latency=1ms tx_dur=1ms,22.073,
2731,10,608,2863661664,2026-07-14T15:29:07.907502+00:00,60.700140,19779,41,0202aab002604d43005a5811460e29efbf1ffffffc2246cd1e00000fc0007ebfe9ed0737feebfff600,1,TX 41 seq=18154 rx_latency=1ms tx_dur=1ms,14.827,
2731,10,609,2863661665,2026-07-14T15:29:08.007496+00:00,60.800129,19879,41,0202aab002614da7005a5811460e29efbf1ffffffc2246cd1e00000fc0007ebfe9ed0737feebfff600,1,TX 41 seq=18155 rx_latency=1ms tx_dur=1ms,16.686,
2731,10,610,2863661666,2026-07-14T15:29:08.107507+00:00,60.900159,19979,41,0202aab002624e0b005a5811460e29efbf1ffffffc2246cd1e00000fc0007ebfe9ed0737feebfff600,1,TX 41 seq=18156 rx_latency=1ms tx_dur=1ms,17.993,
2731,10,611,2863661667,2026-07-14T15:29:08.207497+00:00,61.000133,20079,41,0202aab002634e6f005a5811460e29efbf1ffffffc2246cd1e00000fc0007ebfe9ed0737feebfff600,1,TX 41 seq=18157 rx_latency=1ms tx_dur=1ms,21.017,
2731,10,612,2863661668,2026-07-14T15:29:08.307503+00:00,61.100140,20179,41,0202aab002644ed3005a5811460e29efbf1ffffffc2246cd1e00000fc0007ebfe9ed0737feebfff600,1,TX 41 seq=18158 rx_latency=1ms tx_dur=1ms,22.694,
2731,10,613,2863661669,2026-07-14T15:29:08.407503+00:00,61.200138,20279,41,0202aab002654f37005a5811460e29efbf1ffffffc2246cd1e00000fc0007ebfe9ed0737feebfff600,1,TX 41 seq=18159 rx_latency=1ms tx_dur=1ms,14.458,
2731,10,614,2863661670,2026-07-14T15:29:08.507502+00:00,61.300137,20379,41,0202aab002664f9b005a5811460e29efbf1ffffffc2246cd1e00000fc0007ebfe9ed0737feebfff600,1,TX 41 seq=18160 rx_latency=1ms tx_dur=1ms,15.990,
2731,10,615,2863661671,2026-07-14T15:29:08.607504+00:00,61.400144,20479,41,0202aab002674fff005a5811460e29efbf1ffffffc2246cd1e00000fc0007ebfe9ed0737feebfff600,1,TX 41 seq=18161 rx_latency=1ms tx_dur=1ms,18.784,
2731,10,616,2863661672,2026-07-14T15:29:08.707502+00:00,61.500140,20579,41,0202aab002685063005a5811460e29efbf1ffffffc2246cd1e00000fc0007ebfe9ed0737feebfff600,1,TX 41 seq=18162 rx_latency=1ms tx_dur=1ms,20.529,
2731,10,617,2863661673,2026-07-14T15:29:08.807503+00:00,61.600140,20679,41,0202aab0026950c7005a5811460e29efbf1ffffffc2246cd1e00000fc0007ebfe9ed0737feebfff600,1,TX 41 seq=18163 rx_latency=1ms tx_dur=1ms,22.160,
2731,10,618,2863661674,2026-07-14T15:29:08.907512+00:00,61.700170,20779,41,0202aab0026a512b005a5811460e29efbf1ffffffc2246cd1e00000fc0007ebfe9ed0737feebfff600,1,TX 41 seq=18164 rx_latency=1ms tx_dur=1ms,14.880,
2731,10,619,2863661675,2026-07-14T15:29:09.007496+00:00,61.800139,20879,41,0202aab0026b518f005a5811460e29efbf1ffffffc2246cd1e00000fc0007ebfe9ed0737feebfff600,1,TX 41 seq=18165 rx_latency=1ms tx_dur=1ms,16.606,
2731,10,620,2863661676,2026-07-14T15:29:09.107499+00:00,61.900137,20979,41,0202aab0026c51f3005a5811460e29efbf1ffffffc2246cd1e00000fc0007ebfe9ed0737feebfff600,1,TX 41 seq=18166 rx_latency=1ms tx_dur=1ms,18.412,
2731,10,621,2863661677,2026-07-14T15:29:09.207510+00:00,62.000158,21079,41,0202aab0026d5257005a5811460e29efbf1ffffffc2246cd1e00000fc0007ebfe9ed0737feebfff600,1,TX 41 seq=18167 rx_latency=1ms tx_dur=1ms,20.010,
2731,10,622,2863661678,2026-07-14T15:29:09.307507+00:00,62.100154,21179,41,0202aab0026e52bb005a5811460e29efbf1ffffffc2246cd1e00000fc0007ebfe9ed0737feebfff600,1,TX 41 seq=18168 rx_latency=1ms tx_dur=1ms,22.696,
2731,10,623,2863661679,2026-07-14T15:29:09.407505+00:00,62.200147,21279,41,0202aab0026f531f005a5811460e29efbf1ffffffc2246cd1e00000fc0007ebfe9ed0737feebfff600,1,TX 41 seq=18169 rx_latency=1ms tx_dur=1ms,14.464,
2731,10,624,2863661680,2026-07-14T15:29:09.507498+00:00,62.300134,21379,41,0202aab002705383005a5811460e29efbf1ffffffc2246cd1e00000fc0007ebfe9ed0737feebfff600,1,TX 41 seq=18170 rx_latency=1ms tx_dur=1ms,16.268,
2731,10,625,2863661681,2026-07-14T15:29:09.607504+00:00,62.400141,21479,41,0202aab0027153e7005a5811460e29efbf1ffffffc2246cd1e00000fc0007ebfe9ed0737feebfff600,1,TX 41 seq=18171 rx_latency=1ms tx_dur=1ms,17.976,
2731,10,626,2863661682,2026-07-14T15:29:09.707493+00:00,62.500124,21579,41,0202aab00272544b005a5811460e29efbf1ffffffc2246cd1e00000fc0007ebfe9ed0737feebfff600,1,TX 41 seq=18172 rx_latency=1ms tx_dur=1ms,20.611,
2731,10,627,2863661683,2026-07-14T15:29:09.807507+00:00,62.600151,21679,41,0202aab0027354af005a5811460e29efbf1ffffffc2246cd1e00000fc0007ebfe9ed0737feebfff600,1,TX 41 seq=18173 rx_latency=1ms tx_dur=1ms,22.225,
2731,10,628,2863661684,2026-07-14T15:29:09.907497+00:00,62.700129,21779,41,0202aab002745513005a5811460e29efbf1ffffffc2246cd1e00000fc0007ebfe9ed0737feebfff600,1,TX 41 seq=18174 rx_latency=1ms tx_dur=1ms,14.069,
2731,10,629,2863661685,2026-07-14T15:29:10.007504+00:00,62.800142,21879,41,0202aab002755577005a5811460e29efbf1ffffffc2246cd1e00000fc0007ebfe9ed0737feebfff600,1,TX 41 seq=18175 rx_latency=1ms tx_dur=1ms,16.886,
2731,10,630,2863661686,2026-07-14T15:29:10.107502+00:00,62.900137,21979,41,0202aab0027655db005a5811460e29efbf1ffffffc2246cd1e00000fc0007ebfe9ed0737feebfff600,1,TX 41 seq=18176 rx_latency=1ms tx_dur=1ms,18.755,
2731,10,631,2863661687,2026-07-14T15:29:10.207501+00:00,63.000135,22079,41,0202aab00277563f005a5811460e29efbf1ffffffc2246cd1e00000fc0007ebfe9ed0737feebfff600,1,TX 41 seq=18177 rx_latency=1ms tx_dur=1ms,20.268,
2731,10,632,2863661688,2026-07-14T15:29:10.307501+00:00,63.100135,22179,41,0202aab0027856a3005a5811460e29efbf1ffffffc2246cd1e00000fc0007ebfe9ed0737feebfff600,1,TX 41 seq=18178 rx_latency=1ms tx_dur=1ms,21.993,
2731,10,633,2863661689,2026-07-14T15:29:10.407502+00:00,63.200136,22279,41,0202aab002795707005a5811460e29efbf1ffffffc2246cd1e00000fc0007ebfe9ed0737feebfff600,1,TX 41 seq=18179 rx_latency=1ms tx_dur=1ms,14.845,
2731,10,634,2863661690,2026-07-14T15:29:10.507496+00:00,63.300128,22379,41,0202aab0027a576b005a5811460e29efbf1ffffffc2246cd1e00000fc0007ebfe9ed0737feebfff600,1,TX 41 seq=18180 rx_latency=1ms tx_dur=1ms,16.609,
2731,10,635,2863661691,2026-07-14T15:29:10.607510+00:00,63.400161,22479,41,0202aab0027b57cf005a5811460e29efbf1ffffffc2246cd1e00000fc0007ebfe9ed0737feebfff600,1,TX 41 seq=18181 rx_latency=1ms tx_dur=1ms,18.009,
2731,10,636,2863661692,2026-07-14T15:29:10.707501+00:00,63.500137,22579,41,0202aab0027c5833005a5811460e29efbf1ffffffc2246cd1e00000fc0007ebfe9ed0737feebfff600,1,TX 41 seq=18182 rx_latency=1ms tx_dur=1ms,20.874,
2731,10,637,2863661693,2026-07-14T15:29:10.807505+00:00,63.600146,22679,41,0202aab0027d5897005a5811460e29efbf1ffffffc2246cd1e00000fc0007ebfe9ed0737feebfff600,1,TX 41 seq=18183 rx_latency=1ms tx_dur=1ms,22.634,
2731,10,638,2863661694,2026-07-14T15:29:10.907503+00:00,63.700141,22779,41,0202aab0027e58fb005a5811460e29efbf1ffffffc2246cd1e00000fc0007ebfe9ed0737feebfff600,1,TX 41 seq=18184 rx_latency=1ms tx_dur=1ms,14.366,
2731,10,639,2863661695,2026-07-14T15:29:11.007505+00:00,63.800151,22879,41,0202aab0027f595f005a5811460e29efbf1ffffffc2246cd1e00000fc0007ebfe9ed0737feebfff600,1,TX 41 seq=18185 rx_latency=1ms tx_dur=1ms,16.994,
2731,10,640,2863661696,2026-07-14T15:29:11.107505+00:00,63.900149,22979,41,0202aab0028059c3005a5811460e29efbf1ffffffc2246cd1e00000fc0007ebfe9ed0737feebfff600,1,TX 41 seq=18186 rx_latency=1ms tx_dur=1ms,18.718,
2731,10,641,2863661697,2026-07-14T15:29:11.207497+00:00,64.000129,23079,41,0202aab002815a27005a5811460e29efbf1ffffffc2246cd1e00000fc0007ebfe9ed0737feebfff600,1,TX 41 seq=18187 rx_latency=1ms tx_dur=1ms,20.458,
2731,10,642,2863661698,2026-07-14T15:29:11.307503+00:00,64.100140,23179,41,0202aab002825a8b005a5811460e29efbf1ffffffc2246cd1e00000fc0007ebfe9ed0737feebfff600,1,TX 41 seq=18188 rx_latency=1ms tx_dur=1ms,22.197,
2731,10,643,2863661699,2026-07-14T15:29:11.407497+00:00,64.200128,23279,41,0202aab002835aef005a5811460e29efbf1ffffffc2246cd1e00000fc0007ebfe9ed0737feebfff600,1,TX 41 seq=18189 rx_latency=1ms tx_dur=1ms,14.889,
2731,10,644,2863661700,2026-07-14T15:29:11.507505+00:00,64.300143,23379,41,0202aab002845b53005a5811460e29efbf1ffffffc2246cd1e00000fc0007ebfe9ed0737feebfff600,1,TX 41 seq=18190 rx_latency=1ms tx_dur=1ms,16.577,
2731,10,645,2863661701,2026-07-14T15:29:11.607497+00:00,64.400130,23479,41,0202aab002855bb7005a5811460e29efbf1ffffffc2246cd1e00000fc0007ebfe9ed0737feebfff600,1,TX 41 seq=18191 rx_latency=1ms tx_dur=1ms,18.314,
2731,10,646,2863661702,2026-07-14T15:29:11.707506+00:00,64.500152,23579,41,0202aab002865c1b005a5811460e29efbf1ffffffc2246cd1e00000fc0007ebfe9ed0737feebfff600,1,TX 41 seq=18192 rx_latency=1ms tx_dur=1ms,20.010,
2731,10,647,2863661703,2026-07-14T15:29:11.807499+00:00,64.600135,23679,41,0202aab002875c7f005a5811460e29efbf1ffffffc2246cd1e00000fc0007ebfe9ed0737feebfff600,1,TX 41 seq=18193 rx_latency=1ms tx_dur=1ms,22.639,
2731,10,648,2863661704,2026-07-14T15:29:11.907458+00:00,64.700097,23779,41,0202aab002885ce3005a5811460e29efbf1ffffffc2246cd1e00000fc0007ebfe9ed0737feebfff600,1,TX 41 seq=18194 rx_latency=1ms tx_dur=1ms,14.467,
2731,10,649,2863661705,2026-07-14T15:29:12.007510+00:00,64.800158,23879,41,0202aab002895d47005a5811460e29efbf1ffffffc2246cd1e00000fc0007ebfe9ed0737feebfff600,1,TX 41 seq=18195 rx_latency=1ms tx_dur=1ms,16.117,
2731,10,650,2863661706,2026-07-14T15:29:12.107499+00:00,64.900132,23979,41,0202aab0028a5dab005a5811460e29efbf1ffffffc2246cd1e00000fc0007ebfe9ed0737feebfff600,1,TX 41 seq=18196 rx_latency=1ms tx_dur=1ms,18.980,
2731,10,651,2863661707,2026-07-14T15:29:12.207502+00:00,65.000139,24079,41,0202aab0028b5e0f005a5811460e29efbf1ffffffc2246cd1e00000fc0007ebfe9ed0737feebfff600,1,TX 41 seq=18197 rx_latency=1ms tx_dur=1ms,20.513,
2731,10,652,2863661708,2026-07-14T15:29:12.307497+00:00,65.100129,24179,41,0202aab0028c5e73005a5811460e29efbf1ffffffc2246cd1e00000fc0007ebfe9ed0737feebfff600,1,TX 41 seq=18198 rx_latency=1ms tx_dur=1ms,22.215,
2731,10,653,2863661709,2026-07-14T15:29:12.407504+00:00,65.200141,24279,41,0202aab0028d5ed7005a5811460e29efbf1ffffffc2246cd1e00000fc0007ebfe9ed0737feebfff600,1,TX 41 seq=18199 rx_latency=1ms tx_dur=1ms,13.995,
2731,10,654,2863661710,2026-07-14T15:29:12.507498+00:00,65.300131,24379,41,0202aab0028e5f3b005a5811460e29efbf1ffffffc2246cd1e00000fc0007ebfe9ed0737feebfff600,1,TX 41 seq=18200 rx_latency=1ms tx_dur=1ms,16.818,
2731,10,655,2863661711,2026-07-14T15:29:12.607504+00:00,65.400140,24479,41,0202aab0028f5f9f005a5811460e29efbf1ffffffc2246cd1e00000fc0007ebfe9ed0737feebfff600,1,TX 41 seq=18201 rx_latency=1ms tx_dur=1ms,18.334,
2731,10,656,2863661712,2026-07-14T15:29:12.707495+00:00,65.500127,24579,41,0202aab002906003005a5811460e29efbf1ffffffc2246cd1e00000fc0007ebfe9ed0737feebfff600,1,TX 41 seq=18202 rx_latency=1ms tx_dur=1ms,20.068,
2731,10,657,2863661713,2026-07-14T15:29:12.807511+00:00,65.600163,24679,41,0202aab002916067005a5811460e29efbf1ffffffc2246cd1e00000fc0007ebfe9ed0737feebfff600,1,TX 41 seq=18203 rx_latency=1ms tx_dur=1ms,22.846,
2731,10,658,2863661714,2026-07-14T15:29:12.907499+00:00,65.700135,24779,41,0202aab0029260cb005a5811460e29efbf1ffffffc2246cd1e00000fc0007ebfe9ed0737feebfff600,1,TX 41 seq=18204 rx_latency=1ms tx_dur=1ms,14.671,
2731,10,659,2863661715,2026-07-14T15:29:13.007503+00:00,65.800142,24879,41,0202aab00293612f005a5811460e29efbf1ffffffc2246cd1e00000fc0007ebfe9ed0737feebfff600,1,TX 41 seq=18205 rx_latency=1ms tx_dur=1ms,16.406,
2731,10,660,2863661716,2026-07-14T15:29:13.107496+00:00,65.900128,24979,41,0202aab002946193005a5811460e29efbf1ffffffc2246cd1e00000fc0007ebfe9ed0737feebfff600,1,TX 41 seq=18206 rx_latency=1ms tx_dur=1ms,19.019,
2731,10,661,2863661717,2026-07-14T15:29:13.207502+00:00,66.000139,25079,41,0202aab0029561f7005a5811460e29efbf1ffffffc2246cd1e00000fc0007ebfe9ed0737feebfff600,1,TX 41 seq=18207 rx_latency=1ms tx_dur=1ms,20.882,
2731,10,662,2863661718,2026-07-14T15:29:13.307504+00:00,66.100143,25179,41,0202aab00296625b005a5811460e29efbf1ffffffc2246cd1e00000fc0007ebfe9ed0737feebfff600,1,TX 41 seq=18208 rx_latency=1ms tx_dur=1ms,22.630,
2731,10,663,2863661719,2026-07-14T15:29:13.407496+00:00,66.200128,25279,41,0202aab0029762bf005a5811460e29efbf1ffffffc2246cd1e00000fc0007ebfe9ed0737feebfff600,1,TX 41 seq=18209 rx_latency=1ms tx_dur=1ms,14.390,
2731,10,664,2863661720,2026-07-14T15:29:13.507504+00:00,66.300141,25379,41,0202aab002986323005a5811460e29efbf1ffffffc2246cd1e00000fc0007ebfe9ed0737feebfff600,1,TX 41 seq=18210 rx_latency=1ms tx_dur=1ms,15.894,
2731,10,665,2863661721,2026-07-14T15:29:13.607503+00:00,66.400139,25479,41,0202aab002996387005a5811460e29efbf1ffffffc2246cd1e00000fc0007ebfe9ed0737feebfff600,1,TX 41 seq=18211 rx_latency=1ms tx_dur=1ms,18.697,
2731,10,666,2863661722,2026-07-14T15:29:13.707523+00:00,66.500186,25579,41,0202aab0029a63eb005a5811460e29efbf1ffffffc2246cd1e00000fc0007ebfe9ed0737feebfff600,1,TX 41 seq=18212 rx_latency=1ms tx_dur=1ms,20.329,
2731,10,667,2863661723,2026-07-14T15:29:13.807501+00:00,66.600150,25679,41,0202aab0029b644f005a5811460e29efbf1ffffffc2246cd1e00000fc0007ebfe9ed0737feebfff600,1,TX 41 seq=18213 rx_latency=1ms tx_dur=1ms,22.060,
2731,10,668,2863661724,2026-07-14T15:29:13.907513+00:00,66.700167,25779,41,0202aab0029c64b3005a5811460e29efbf1ffffffc2246cd1e00000fc0007ebfe9ed0737feebfff600,1,TX 41 seq=18214 rx_latency=1ms tx_dur=1ms,14.764,
2731,10,669,2863661725,2026-07-14T15:29:14.007499+00:00,66.800134,25879,41,0202aab0029d6517005a5811460e29efbf1ffffffc2246cd1e00000fc0007ebfe9ed0737feebfff600,1,TX 41 seq=18215 rx_latency=1ms tx_dur=1ms,16.549,
2731,10,670,2863661726,2026-07-14T15:29:14.107503+00:00,66.900142,25979,41,0202aab0029e657b005a5811460e29efbf1ffffffc2246cd1e00000fc0007ebfe9ed0737feebfff600,1,TX 41 seq=18216 rx_latency=1ms tx_dur=1ms,18.259,
2731,10,671,2863661727,2026-07-14T15:29:14.207503+00:00,67.000139,26079,41,0202aab0029f65df005a5811460e29efbf1ffffffc2246cd1e00000fc0007ebfe9ed0737feebfff600,1,TX 41 seq=18217 rx_latency=1ms tx_dur=1ms,20.003,
2731,10,672,2863661728,2026-07-14T15:29:14.307499+00:00,67.100134,26179,41,0202aab002a06643005a5811460e29efbf1ffffffc2246cd1e00000fc0007ebfe9ed0737feebfff600,1,TX 41 seq=18218 rx_latency=1ms tx_dur=1ms,22.589,
2731,10,673,2863661729,2026-07-14T15:29:14.407505+00:00,67.200145,26279,41,0202aab002a166a7005a5811460e29efbf1ffffffc2246cd1e00000fc0007ebfe9ed0737feebfff600,1,TX 41 seq=18219 rx_latency=1ms tx_dur=1ms,14.385,
2731,10,674,2863661730,2026-07-14T15:29:14.507503+00:00,67.300139,26379,41,0202aab002a2670b005a5811460e29efbf1ffffffc2246cd1e00000fc0007ebfe9ed0737feebfff600,1,TX 41 seq=18220 rx_latency=1ms tx_dur=1ms,16.049,
2731,10,675,2863661731,2026-07-14T15:29:14.607504+00:00,67.400139,26479,41,0202aab002a3676f005a5811460e29efbf1ffffffc2246cd1e00000fc0007ebfe9ed0737feebfff600,1,TX 41 seq=18221 rx_latency=1ms tx_dur=1ms,18.952,
2731,10,676,2863661732,2026-07-14T15:29:14.707495+00:00,67.500126,26579,41,0202aab002a467d3005a5811460e29efbf1ffffffc2246cd1e00000fc0007ebfe9ed0737feebfff600,1,TX 41 seq=18222 rx_latency=1ms tx_dur=1ms,20.471,
2731,10,677,2863661733,2026-07-14T15:29:14.807503+00:00,67.600140,26679,41,0202aab002a56837005a5811460e29efbf1ffffffc2246cd1e00000fc0007ebfe9ed0737feebfff600,1,TX 41 seq=18223 rx_latency=1ms tx_dur=1ms,22.232,
2731,10,678,2863661734,2026-07-14T15:29:14.907497+00:00,67.700130,26779,41,0202aab002a6689b005a5811460e29efbf1ffffffc2246cd1e00000fc0007ebfe9ed0737feebfff600,1,TX 41 seq=18224 rx_latency=1ms tx_dur=1ms,13.979,
2731,10,679,2863661735,2026-07-14T15:29:15.007504+00:00,67.800141,26879,41,0202aab002a768ff005a5811460e29efbf1ffffffc2246cd1e00000fc0007ebfe9ed0737feebfff600,1,TX 41 seq=18225 rx_latency=1ms tx_dur=1ms,16.775,
2731,10,680,2863661736,2026-07-14T15:29:15.107515+00:00,67.900174,26979,41,0202aab002a86963005a5811460e29efbf1ffffffc2246cd1e00000fc0007ebfe9ed0737feebfff600,1,TX 41 seq=18226 rx_latency=1ms tx_dur=1ms,18.188,
2731,10,681,2863661737,2026-07-14T15:29:15.207466+00:00,68.000108,27079,41,0202aab002a969c7005a5811460e29efbf1ffffffc2246cd1e00000fc0007ebfe9ed0737feebfff600,1,TX 41 seq=18227 rx_latency=1ms tx_dur=1ms,20.041,
2731,10,682,2863661738,2026-07-14T15:29:15.307497+00:00,68.100129,27179,41,0202aab002aa6a2b005a5811460e29efbf1ffffffc2246cd1e00000fc0007ebfe9ed0737feebfff600,1,TX 41 seq=18228 rx_latency=1ms tx_dur=1ms,22.825,
2731,10,683,2863661739,2026-07-14T15:29:15.407504+00:00,68.200142,27279,41,0202aab002ab6a8f005a5811460e29efbf1ffffffc2246cd1e00000fc0007ebfe9ed0737feebfff600,1,TX 41 seq=18229 rx_latency=1ms tx_dur=1ms,14.610,
2731,10,684,2863661740,2026-07-14T15:29:15.507495+00:00,68.300128,27379,41,0202aab002ac6af3005a5811460e29efbf1ffffffc2246cd1e00000fc0007ebfe9ed0737feebfff600,1,TX 41 seq=18230 rx_latency=1ms tx_dur=1ms,16.164,
2731,10,685,2863661741,2026-07-14T15:29:15.607504+00:00,68.400145,27479,41,0202aab002ad6b57005a5811460e29efbf1ffffffc2246cd1e00000fc0007ebfe9ed0737feebfff600,1,TX 41 seq=18231 rx_latency=1ms tx_dur=1ms,18.952,
2731,10,686,2863661742,2026-07-14T15:29:15.707499+00:00,68.500136,27579,41,0202aab002ae6bbb005a5811460e29efbf1ffffffc2246cd1e00000fc0007ebfe9ed0737feebfff600,1,TX 41 seq=18232 rx_latency=1ms tx_dur=1ms,20.667,
2731,10,687,2863661743,2026-07-14T15:29:15.807504+00:00,68.600142,27679,41,0202aab002af6c1f005a5811460e29efbf1ffffffc2246cd1e00000fc0007ebfe9ed0737feebfff600,1,TX 41 seq=18233 rx_latency=1ms tx_dur=1ms,22.412,
2731,10,688,2863661744,2026-07-14T15:29:15.907497+00:00,68.700130,27779,41,0202aab002b06c83005a5811460e29efbf1ffffffc2246cd1e00000fc0007ebfe9ed0737feebfff600,1,TX 41 seq=18234 rx_latency=1ms tx_dur=1ms,14.209,
2731,10,689,2863661745,2026-07-14T15:29:16.007504+00:00,68.800142,27879,41,0202aab002b16ce7005a5811460e29efbf1ffffffc2246cd1e00000fc0007ebfe9ed0737feebfff600,1,TX 41 seq=18235 rx_latency=1ms tx_dur=1ms,16.818,
2731,10,690,2863661746,2026-07-14T15:29:16.107503+00:00,68.900147,27979,41,0202aab002b26d4b005a5811460e29efbf1ffffffc2246cd1e00000fc0007ebfe9ed0737feebfff600,1,TX 41 seq=18236 rx_latency=1ms tx_dur=1ms,18.492,
2731,10,691,2863661747,2026-07-14T15:29:16.207504+00:00,69.000142,28079,41,0202aab002b36daf005a5811460e29efbf1ffffffc2246cd1e00000fc0007ebfe9ed0737feebfff600,1,TX 41 seq=18237 rx_latency=1ms tx_dur=1ms,20.248,
2731,10,692,2863661748,2026-07-14T15:29:16.307496+00:00,69.100129,28179,41,0202aab002b46e13005a5811460e29efbf1ffffffc2246cd1e00000fc0007ebfe9ed0737feebfff600,1,TX 41 seq=18238 rx_latency=1ms tx_dur=1ms,21.962,
2731,10,693,2863661749,2026-07-14T15:29:16.407503+00:00,69.200139,28279,41,0202aab002b56e77005a5811460e29efbf1ffffffc2246cd1e00000fc0007ebfe9ed0737feebfff600,1,TX 41 seq=18239 rx_latency=1ms tx_dur=1ms,14.653,
2731,10,694,2863661750,2026-07-14T15:29:16.507502+00:00,69.300137,28379,41,0202aab002b66edb005a5811460e29efbf1ffffffc2246cd1e00000fc0007ebfe9ed0737feebfff600,1,TX 41 seq=18240 rx_latency=1ms tx_dur=1ms,16.362,
2731,10,695,2863661751,2026-07-14T15:29:16.607503+00:00,69.400139,28479,41,0202aab002b76f3f005a5811460e29efbf1ffffffc2246cd1e00000fc0007ebfe9ed0737feebfff600,1,TX 41 seq=18241 rx_latency=1ms tx_dur=1ms,18.098,
2731,10,696,2863661752,2026-07-14T15:29:16.707502+00:00,69.500137,28579,41,0202aab002b86fa3005a5811460e29efbf1ffffffc2246cd1e00000fc0007ebfe9ed0737feebfff600,1,TX 41 seq=18242 rx_latency=1ms tx_dur=1ms,20.950,
2731,10,697,2863661753,2026-07-14T15:29:16.807496+00:00,69.600129,28679,41,0202aab002b97007005a5811460e29efbf1ffffffc2246cd1e00000fc0007ebfe9ed0737feebfff600,1,TX 41 seq=18243 rx_latency=1ms tx_dur=1ms,22.427,
2731,10,698,2863661754,2026-07-14T15:29:16.907499+00:00,69.700138,28779,41,0202aab002ba706b005a5811460e29efbf1ffffffc2246cd1e00000fc0007ebfe9ed0737feebfff600,1,TX 41 seq=18244 rx_latency=1ms tx_dur=1ms,14.208,
2731,10,699,2863661755,2026-07-14T15:29:17.007498+00:00,69.800130,28879,41,0202aab002bb70cf005a5811460e29efbf1ffffffc2246cd1e00000fc0007ebfe9ed0737feebfff600,1,TX 41 seq=18245 rx_latency=1ms tx_dur=1ms,17.046,
2731,10,700,2863661756,2026-07-14T15:29:17.107502+00:00,69.900139,28979,41,0202aab002bc7133005a5811460e29efbf1ffffffc2246cd1e00000fc0007ebfe9ed0737feebfff600,1,TX 41 seq=18246 rx_latency=1ms tx_dur=1ms,18.791,
2731,10,701,2863661757,2026-07-14T15:29:17.207505+00:00,70.000149,29079,41,0202aab002bd7197005a5811460e29efbf1ffffffc2246cd1e00000fc0007ebfe9ed0737feebfff600,1,TX 41 seq=18247 rx_latency=1ms tx_dur=1ms,20.227,
2731,10,702,2863661758,2026-07-14T15:29:17.307513+00:00,70.100168,29179,41,0202aab002be71fb005a5811460e29efbf1ffffffc2246cd1e00000fc0007ebfe9ed0737feebfff600,1,TX 41 seq=18248 rx_latency=1ms tx_dur=1ms,21.956,
2731,10,703,2863661759,2026-07-14T15:29:17.407498+00:00,70.200135,29279,41,0202aab002bf725f005a5811460e29efbf1ffffffc2246cd1e00000fc0007ebfe9ed0737feebfff600,1,TX 41 seq=18249 rx_latency=1ms tx_dur=1ms,14.887,
2731,10,704,2863661760,2026-07-14T15:29:17.507503+00:00,70.300141,29379,41,0202aab002c072c3005a5811460e29efbf1ffffffc2246cd1e00000fc0007ebfe9ed0737feebfff600,1,TX 41 seq=18250 rx_latency=1ms tx_dur=1ms,16.601,
2731,10,705,2863661761,2026-07-14T15:29:17.607496+00:00,70.400128,29479,41,0202aab002c17327005a5811460e29efbf1ffffffc2246cd1e00000fc0007ebfe9ed0737feebfff600,1,TX 41 seq=18251 rx_latency=1ms tx_dur=1ms,18.145,
2731,10,706,2863661762,2026-07-14T15:29:17.707503+00:00,70.500140,29579,41,0202aab002c2738b005a5811460e29efbf1ffffffc2246cd1e00000fc0007ebfe9ed0737feebfff600,1,TX 41 seq=18252 rx_latency=1ms tx_dur=1ms,20.966,
2731,10,707,2863661763,2026-07-14T15:29:17.807498+00:00,70.600134,29679,41,0202aab002c373ef005a5811460e29efbf1ffffffc2246cd1e00000fc0007ebfe9ed0737feebfff600,1,TX 41 seq=18253 rx_latency=1ms tx_dur=1ms,22.631,
2731,10,708,2863661764,2026-07-14T15:29:17.907502+00:00,70.700142,29779,41,0202aab002c47453005a5811460e29efbf1ffffffc2246cd1e00000fc0007ebfe9ed0737feebfff600,1,TX 41 seq=18254 rx_latency=1ms tx_dur=1ms,14.447,
2731,10,709,2863661765,2026-07-14T15:29:18.007497+00:00,70.800131,29879,41,0202aab002c574b7005a5811460e29efbf1ffffffc2246cd1e00000fc0007ebfe9ed0737feebfff600,1,TX 41 seq=18255 rx_latency=1ms tx_dur=1ms,16.020,
2731,10,710,2863661766,2026-07-14T15:29:18.107502+00:00,70.900139,29979,41,0202aab002c6751b005a5811460e29efbf1ffffffc2246cd1e00000fc0007ebfe9ed0737feebfff600,1,TX 41 seq=18256 rx_latency=1ms tx_dur=1ms,18.815,
2731,10,711,2863661767,2026-07-14T15:29:18.207502+00:00,71.000138,30079,41,0202aab002c7757f005a5811460e29efbf1ffffffc2246cd1e00000fc0007ebfe9ed0737feebfff600,1,TX 41 seq=18257 rx_latency=1ms tx_dur=1ms,20.537,
2731,10,712,2863661768,2026-07-14T15:29:18.307513+00:00,71.100163,30179,41,0202aab002c875e3005a5811460e29efbf1ffffffc2246cd1e00000fc0007ebfe9ed0737feebfff600,1,TX 41 seq=18258 rx_latency=1ms tx_dur=1ms,22.197,
2731,10,713,2863661769,2026-07-14T15:29:18.407503+00:00,71.200144,30279,41,0202aab002c97647005a5811460e29efbf1ffffffc2246cd1e00000fc0007ebfe9ed0737feebfff600,1,TX 41 seq=18259 rx_latency=1ms tx_dur=1ms,14.898,
2731,10,714,2863661770,2026-07-14T15:29:18.507505+00:00,71.300144,30379,41,0202aab002ca76ab005a5811460e29efbf1ffffffc2246cd1e00000fc0007ebfe9ed0737feebfff600,1,TX 41 seq=18260 rx_latency=1ms tx_dur=1ms,16.667,
2731,10,715,2863661771,2026-07-14T15:29:18.607505+00:00,71.400148,30479,41,0202aab002cb770f005a5811460e29efbf1ffffffc2246cd1e00000fc0007ebfe9ed0737feebfff600,1,TX 41 seq=18261 rx_latency=1ms tx_dur=1ms,18.314,
2731,10,716,2863661772,2026-07-14T15:29:18.707505+00:00,71.500145,30579,41,0202aab002cc7773005a5811460e29efbf1ffffffc2246cd1e00000fc0007ebfe9ed0737feebfff600,1,TX 41 seq=18262 rx_latency=1ms tx_dur=1ms,20.073,
2731,10,717,2863661773,2026-07-14T15:29:18.807499+00:00,71.600133,30679,41,0202aab002cd77d7005a5811460e29efbf1ffffffc2246cd1e00000fc0007ebfe9ed0737feebfff600,1,TX 41 seq=18263 rx_latency=1ms tx_dur=1ms,22.687,
2731,10,718,2863661774,2026-07-14T15:29:18.907504+00:00,71.700140,30779,41,0202aab002ce783b005a5811460e29efbf1ffffffc2246cd1e00000fc0007ebfe9ed0737feebfff600,1,TX 41 seq=18264 rx_latency=1ms tx_dur=1ms,14.458,
2731,10,719,2863661775,2026-07-14T15:29:19.007496+00:00,71.800129,30879,41,0202aab002cf789f005a5811460e29efbf1ffffffc2246cd1e00000fc0007ebfe9ed0737feebfff600,1,TX 41 seq=18265 rx_latency=1ms tx_dur=1ms,16.214,
2731,10,720,2863661776,2026-07-14T15:29:19.107507+00:00,71.900147,30979,41,0202aab002d07903005a5811460e29efbf1ffffffc2246cd1e00000fc0007ebfe9ed0737feebfff600,1,TX 41 seq=18266 rx_latency=1ms tx_dur=1ms,17.909,
2731,10,721,2863661777,2026-07-14T15:29:19.207496+00:00,72.000129,31079,41,0202aab002d17967005a5811460e29efbf1ffffffc2246cd1e00000fc0007ebfe9ed0737feebfff600,1,TX 41 seq=18267 rx_latency=1ms tx_dur=1ms,20.548,
2731,10,722,2863661778,2026-07-14T15:29:19.307503+00:00,72.100139,31179,41,0202aab002d279cb005a5811460e29efbf1ffffffc2246cd1e00000fc0007ebfe9ed0737feebfff600,1,TX 41 seq=18268 rx_latency=1ms tx_dur=1ms,22.307,
2731,10,723,2863661779,2026-07-14T15:29:19.407502+00:00,72.200142,31279,41,0202aab002d37a2f005a5811460e29efbf1ffffffc2246cd1e00000fc0007ebfe9ed0737feebfff600,1,TX 41 seq=18269 rx_latency=1ms tx_dur=1ms,14.046,
2731,10,724,2863661780,2026-07-14T15:29:19.507503+00:00,72.300142,31379,41,0202aab002d47a93005a5811460e29efbf1ffffffc2246cd1e00000fc0007ebfe9ed0737feebfff600,1,TX 41 seq=18270 rx_latency=1ms tx_dur=1ms,16.852,
2731,10,725,2863661781,2026-07-14T15:29:19.607506+00:00,72.400152,31479,41,0202aab002d57af7005a5811460e29efbf1ffffffc2246cd1e00000fc0007ebfe9ed0737feebfff600,1,TX 41 seq=18271 rx_latency=1ms tx_dur=1ms,18.525,
2731,10,726,2863661782,2026-07-14T15:29:19.707522+00:00,72.500189,31579,41,0202aab002d67b5b005a5811460e29efbf1ffffffc2246cd1e00000fc0007ebfe9ed0737feebfff600,1,TX 41 seq=18272 rx_latency=1ms tx_dur=1ms,20.007,
2731,10,727,2863661783,2026-07-14T15:29:19.807498+00:00,72.600135,31679,41,0202aab002d77bbf005a5811460e29efbf1ffffffc2246cd1e00000fc0007ebfe9ed0737feebfff600,1,TX 41 seq=18273 rx_latency=1ms tx_dur=1ms,22.906,
2731,10,728,2863661784,2026-07-14T15:29:19.907507+00:00,72.700148,31779,41,0202aab002d87c23005a5811460e29efbf1ffffffc2246cd1e00000fc0007ebfe9ed0737feebfff600,1,TX 41 seq=18274 rx_latency=1ms tx_dur=1ms,14.702,
2731,10,729,2863661785,2026-07-14T15:29:20.007499+00:00,72.800136,31879,41,0202aab002d97c87005a5811460e29efbf1ffffffc2246cd1e00000fc0007ebfe9ed0737feebfff600,1,TX 41 seq=18275 rx_latency=1ms tx_dur=1ms,16.434,
2731,10,730,2863661786,2026-07-14T15:29:20.107509+00:00,72.900151,31979,41,0202aab002da7ceb005a5811460e29efbf1ffffffc2246cd1e00000fc0007ebfe9ed0737feebfff600,1,TX 41 seq=18276 rx_latency=1ms tx_dur=1ms,17.932,
2731,10,731,2863661787,2026-07-14T15:29:20.207498+00:00,73.000129,32079,41,0202aab002db7d4f005a5811460e29efbf1ffffffc2246cd1e00000fc0007ebfe9ed0737feebfff600,1,TX 41 seq=18277 rx_latency=1ms tx_dur=1ms,20.776,
2731,10,732,2863661788,2026-07-14T15:29:20.307504+00:00,73.100140,32179,41,0202aab002dc7db3005a5811460e29efbf1ffffffc2246cd1e00000fc0007ebfe9ed0737feebfff600,1,TX 41 seq=18278 rx_latency=1ms tx_dur=1ms,22.529,
2731,10,733,2863661789,2026-07-14T15:29:20.407497+00:00,73.200129,32279,41,0202aab002dd7e17005a5811460e29efbf1ffffffc2246cd1e00000fc0007ebfe9ed0737feebfff600,1,TX 41 seq=18279 rx_latency=1ms tx_dur=1ms,14.311,
2731,10,734,2863661790,2026-07-14T15:29:20.507505+00:00,73.300140,32379,41,0202aab002de7e7b005a5811460e29efbf1ffffffc2246cd1e00000fc0007ebfe9ed0737feebfff600,1,TX 41 seq=18280 rx_latency=1ms tx_dur=1ms,16.917,
2731,10,735,2863661791,2026-07-14T15:29:20.607504+00:00,73.400148,32479,41,0202aab002df7edf005a5811460e29efbf1ffffffc2246cd1e00000fc0007ebfe9ed0737feebfff600,1,TX 41 seq=18281 rx_latency=1ms tx_dur=1ms,18.605,
2731,10,736,2863661792,2026-07-14T15:29:20.707503+00:00,73.500144,32579,41,0202aab002e07f43005a5811460e29efbf1ffffffc2246cd1e00000fc0007ebfe9ed0737feebfff600,1,TX 41 seq=18282 rx_latency=1ms tx_dur=1ms,20.345,
2731,10,737,2863661793,2026-07-14T15:29:20.807496+00:00,73.600128,32679,41,0202aab002e17fa7005a5811460e29efbf1ffffffc2246cd1e00000fc0007ebfe9ed0737feebfff600,1,TX 41 seq=18283 rx_latency=1ms tx_dur=1ms,22.051,
2731,10,738,2863661794,2026-07-14T15:29:20.907503+00:00,73.700140,32779,41,0202aab002e2800b005a5811460e29efbf1ffffffc2246cd1e00000fc0007ebfe9ed0737feebfff600,1,TX 41 seq=18284 rx_latency=1ms tx_dur=1ms,14.747,
2731,10,739,2863661795,2026-07-14T15:29:21.007514+00:00,73.800172,32879,41,0202aab002e3806f005a5811460e29efbf1ffffffc2246cd1e00000fc0007ebfe9ed0737feebfff600,1,TX 41 seq=18285 rx_latency=1ms tx_dur=1ms,16.382,
2731,10,740,2863661796,2026-07-14T15:29:21.107511+00:00,73.900157,32979,41,0202aab002e480d3005a5811460e29efbf1ffffffc2246cd1e00000fc0007ebfe9ed0737feebfff600,1,TX 41 seq=18286 rx_latency=1ms tx_dur=1ms,18.146,
2731,10,741,2863661797,2026-07-14T15:29:21.207498+00:00,74.000133,33079,41,0202aab002e58137005a5811460e29efbf1ffffffc2246cd1e00000fc0007ebfe9ed0737feebfff600,1,TX 41 seq=18287 rx_latency=1ms tx_dur=1ms,20.995,
2731,10,742,2863661798,2026-07-14T15:29:21.307504+00:00,74.100141,33179,41,0202aab002e6819b005a5811460e29efbf1ffffffc2246cd1e00000fc0007ebfe9ed0737feebfff600,1,TX 41 seq=18288 rx_latency=1ms tx_dur=1ms,22.544,
2731,10,743,2863661799,2026-07-14T15:29:21.407497+00:00,74.200129,33279,41,0202aab002e781ff005a5811460e29efbf1ffffffc2246cd1e00000fc0007ebfe9ed0737feebfff600,1,TX 41 seq=18289 rx_latency=1ms tx_dur=1ms,14.345,
2731,10,744,2863661800,2026-07-14T15:29:21.507505+00:00,74.300143,33379,41,0202aab002e88263005a5811460e29efbf1ffffffc2246cd1e00000fc0007ebfe9ed0737feebfff600,1,TX 41 seq=18290 rx_latency=1ms tx_dur=1ms,16.040,
2731,10,745,2863661801,2026-07-14T15:29:21.607448+00:00,74.400107,33479,41,0202aab002e982c7005a5811460e29efbf1ffffffc2246cd1e00000fc0007ebfe9ed0737feebfff600,1,TX 41 seq=18291 rx_latency=1ms tx_dur=1ms,18.879,
2731,10,746,2863661802,2026-07-14T15:29:21.707502+00:00,74.500141,33579,41,0202aab002ea832b005a5811460e29efbf1ffffffc2246cd1e00000fc0007ebfe9ed0737feebfff600,1,TX 41 seq=18292 rx_latency=1ms tx_dur=1ms,20.343,
2731,10,747,2863661803,2026-07-14T15:29:21.807506+00:00,74.600143,33679,41,0202aab002eb838f005a5811460e29efbf1ffffffc2246cd1e00000fc0007ebfe9ed0737feebfff600,1,TX 41 seq=18293 rx_latency=1ms tx_dur=1ms,22.104,
2731,10,748,2863661804,2026-07-14T15:29:21.907497+00:00,74.700129,33779,41,0202aab002ec83f3005a5811460e29efbf1ffffffc2246cd1e00000fc0007ebfe9ed0737feebfff600,1,TX 41 seq=18294 rx_latency=1ms tx_dur=1ms,15.010,
2731,10,749,2863661805,2026-07-14T15:29:22.007502+00:00,74.800138,33879,41,0202aab002ed8457005a5811460e29efbf1ffffffc2246cd1e00000fc0007ebfe9ed0737feebfff600,1,TX 41 seq=18295 rx_latency=1ms tx_dur=1ms,16.702,
2731,10,750,2863661806,2026-07-14T15:29:22.107500+00:00,74.900138,33979,41,0202aab002ee84bb005a5811460e29efbf1ffffffc2246cd1e00000fc0007ebfe9ed0737feebfff600,1,TX 41 seq=18296 rx_latency=1ms tx_dur=1ms,18.216,
2731,10,751,2863661807,2026-07-14T15:29:22.207504+00:00,75.000141,34079,41,0202aab002ef851f005a5811460e29efbf1ffffffc2246cd1e00000fc0007ebfe9ed0737feebfff600,1,TX 41 seq=18297 rx_latency=1ms tx_dur=1ms,19.976,
2731,10,752,2863661808,2026-07-14T15:29:22.307495+00:00,75.100126,34179,41,0202aab002f08583005a5811460e29efbf1ffffffc2246cd1e00000fc0007ebfe9ed0737feebfff600,1,TX 41 seq=18298 rx_latency=1ms tx_dur=1ms,22.756,
2731,10,753,2863661809,2026-07-14T15:29:22.407504+00:00,75.200140,34279,41,0202aab002f185e7005a5811460e29efbf1ffffffc2246cd1e00000fc0007ebfe9ed0737feebfff600,1,TX 41 seq=18299 rx_latency=1ms tx_dur=1ms,14.543,
2731,10,754,2863661810,2026-07-14T15:29:22.507498+00:00,75.300134,34379,41,0202aab002f2864b005a5811460e29efbf1ffffffc2246cd1e00000fc0007ebfe9ed0737feebfff600,1,TX 41 seq=18300 rx_latency=1ms tx_dur=1ms,16.022,
2731,10,755,2863661811,2026-07-14T15:29:22.607485+00:00,75.400133,34479,41,0202aab002f386af005a5811460e29efbf1ffffffc2246cd1e00000fc0007ebfe9ed0737feebfff600,1,TX 41 seq=18301 rx_latency=1ms tx_dur=1ms,18.865,
2731,10,756,2863661812,2026-07-14T15:29:22.707505+00:00,75.500144,34579,41,0202aab002f48713005a5811460e29efbf1ffffffc2246cd1e00000fc0007ebfe9ed0737feebfff600,1,TX 41 seq=18302 rx_latency=1ms tx_dur=1ms,20.612,
2731,10,757,2863661813,2026-07-14T15:29:22.807497+00:00,75.600129,34679,41,0202aab002f58777005a5811460e29efbf1ffffffc2246cd1e00000fc0007ebfe9ed0737feebfff600,1,TX 41 seq=18303 rx_latency=1ms tx_dur=1ms,22.316,
2731,10,758,2863661814,2026-07-14T15:29:22.907504+00:00,75.700140,34779,41,0202aab002f687db005a5811460e29efbf1ffffffc2246cd1e00000fc0007ebfe9ed0737feebfff600,1,TX 41 seq=18304 rx_latency=1ms tx_dur=1ms,15.023,
2731,10,759,2863661815,2026-07-14T15:29:23.007504+00:00,75.800140,34879,41,0202aab002f7883f005a5811460e29efbf1ffffffc2246cd1e00000fc0007ebfe9ed0737feebfff600,1,TX 41 seq=18305 rx_latency=1ms tx_dur=1ms,16.729,
2731,10,760,2863661816,2026-07-14T15:29:23.107499+00:00,75.900135,34979,41,0202aab002f888a3005a5811460e29efbf1ffffffc2246cd1e00000fc0007ebfe9ed0737feebfff600,1,TX 41 seq=18306 rx_latency=1ms tx_dur=1ms,18.454,
2731,10,761,2863661817,2026-07-14T15:29:23.207505+00:00,76.000143,35079,41,0202aab002f98907005a5811460e29efbf1ffffffc2246cd1e00000fc0007ebfe9ed0737feebfff600,1,TX 41 seq=18307 rx_latency=1ms tx_dur=1ms,20.203,
2731,10,762,2863661818,2026-07-14T15:29:23.307499+00:00,76.100133,35179,41,0202aab002fa896b005a5811460e29efbf1ffffffc2246cd1e00000fc0007ebfe9ed0737feebfff600,1,TX 41 seq=18308 rx_latency=1ms tx_dur=1ms,21.997,
2731,10,763,2863661819,2026-07-14T15:29:23.407510+00:00,76.200156,35279,41,0202aab002fb89cf005a5811460e29efbf1ffffffc2246cd1e00000fc0007ebfe9ed0737feebfff600,1,TX 41 seq=18309 rx_latency=1ms tx_dur=1ms,14.649,
2731,10,764,2863661820,2026-07-14T15:29:23.507503+00:00,76.300140,35379,41,0202aab002fc8a33005a5811460e29efbf1ffffffc2246cd1e00000fc0007ebfe9ed0737feebfff600,1,TX 41 seq=18310 rx_latency=1ms tx_dur=1ms,16.361,
2731,10,765,2863661821,2026-07-14T15:29:23.607499+00:00,76.400135,35479,41,0202aab002fd8a97005a5811460e29efbf1ffffffc2246cd1e00000fc0007ebfe9ed0737feebfff600,1,TX 41 seq=18311 rx_latency=1ms tx_dur=1ms,18.136,
2731,10,766,2863661822,2026-07-14T15:29:23.707509+00:00,76.500155,35579,41,0202aab002fe8afb005a5811460e29efbf1ffffffc2246cd1e00000fc0007ebfe9ed0737feebfff600,1,TX 41 seq=18312 rx_latency=1ms tx_dur=1ms,20.952,
2731,10,767,2863661823,2026-07-14T15:29:23.807497+00:00,76.600129,35679,41,0202aab002ff8b5f005a5811460e29efbf1ffffffc2246cd1e00000fc0007ebfe9ed0737feebfff600,1,TX 41 seq=18313 rx_latency=1ms tx_dur=1ms,22.462,
2731,10,768,2863661824,2026-07-14T15:29:23.907509+00:00,76.700157,35779,41,0202aab003008bc3005a5811460e29efbf1ffffffc2246cd1e00000fc0007ebfe9ed0737feebfff600,1,TX 41 seq=18314 rx_latency=1ms tx_dur=1ms,14.216,
2731,10,769,2863661825,2026-07-14T15:29:24.007506+00:00,76.800144,35879,41,0202aab003018c27005a5811460e29efbf1ffffffc2246cd1e00000fc0007ebfe9ed0737feebfff600,1,TX 41 seq=18315 rx_latency=1ms tx_dur=1ms,15.988,
2731,10,770,2863661826,2026-07-14T15:29:24.107498+00:00,76.900132,35979,41,0202aab003028c8b005a5811460e29efbf1ffffffc2246cd1e00000fc0007ebfe9ed0737feebfff600,1,TX 41 seq=18316 rx_latency=1ms tx_dur=1ms,18.826,
2731,10,771,2863661827,2026-07-14T15:29:24.207505+00:00,77.000142,36079,41,0202aab003038cef005a5811460e29efbf1ffffffc2246cd1e00000fc0007ebfe9ed0737feebfff600,1,TX 41 seq=18317 rx_latency=1ms tx_dur=1ms,20.337,
2731,10,772,2863661828,2026-07-14T15:29:24.307445+00:00,77.100080,36179,41,0202aab003048d53005a5811460e29efbf1ffffffc2246cd1e00000fc0007ebfe9ed0737feebfff600,1,TX 41 seq=18318 rx_latency=1ms tx_dur=1ms,22.141,
2731,10,773,2863661829,2026-07-14T15:29:24.407505+00:00,77.200141,36279,41,0202aab003058db7005a5811460e29efbf1ffffffc2246cd1e00000fc0007ebfe9ed0737feebfff600,1,TX 41 seq=18319 rx_latency=1ms tx_dur=1ms,14.932,
2731,10,774,2863661830,2026-07-14T15:29:24.507461+00:00,77.300095,36379,41,0202aab003068e1b005a5811460e29efbf1ffffffc2246cd1e00000fc0007ebfe9ed0737feebfff600,1,TX 41 seq=18320 rx_latency=1ms tx_dur=1ms,16.711,
2731,10,775,2863661831,2026-07-14T15:29:24.607504+00:00,77.400139,36479,41,0202aab003078e7f005a5811460e29efbf1ffffffc2246cd1e00000fc0007ebfe9ed0737feebfff600,1,TX 41 seq=18321 rx_latency=1ms tx_dur=1ms,18.198,
2731,10,776,2863661832,2026-07-14T15:29:24.707440+00:00,77.500074,36579,41,0202aab003088ee3005a5811460e29efbf1ffffffc2246cd1e00000fc0007ebfe9ed0737feebfff600,1,TX 41 seq=18322 rx_latency=1ms tx_dur=1ms,21.093,
2731,10,777,2863661833,2026-07-14T15:29:24.807503+00:00,77.600137,36679,41,0202aab003098f47005a5811460e29efbf1ffffffc2246cd1e00000fc0007ebfe9ed0737feebfff600,1,TX 41 seq=18323 rx_latency=1ms tx_dur=1ms,22.746,
2731,10,778,2863661834,2026-07-14T15:29:24.907517+00:00,77.700162,36779,41,0202aab0030a8fab005a5811460e29efbf1ffffffc2246cd1e00000fc0007ebfe9ed0737feebfff600,1,TX 41 seq=18324 rx_latency=1ms tx_dur=1ms,14.411,
2731,10,779,2863661835,2026-07-14T15:29:25.007497+00:00,77.800129,36879,41,0202aab0030b900f005a5811460e29efbf1ffffffc2246cd1e00000fc0007ebfe9ed0737feebfff600,1,TX 41 seq=18325 rx_latency=1ms tx_dur=1ms,16.083,
2731,10,780,2863661836,2026-07-14T15:29:25.107503+00:00,77.900142,36979,41,0202aab0030c9073005a5811460e29efbf1ffffffc2246cd1e00000fc0007ebfe9ed0737feebfff600,1,TX 41 seq=18326 rx_latency=1ms tx_dur=1ms,18.748,
2731,10,781,2863661837,2026-07-14T15:29:25.207496+00:00,78.000128,37079,41,0202aab0030d90d7005a5811460e29efbf1ffffffc2246cd1e00000fc0007ebfe9ed0737feebfff600,1,TX 41 seq=18327 rx_latency=1ms tx_dur=1ms,20.664,
2731,10,782,2863661838,2026-07-14T15:29:25.307504+00:00,78.100139,37179,41,0202aab0030e913b005a5811460e29efbf1ffffffc2246cd1e00000fc0007ebfe9ed0737feebfff600,1,TX 41 seq=18328 rx_latency=1ms tx_dur=1ms,22.318,
2731,10,783,2863661839,2026-07-14T15:29:25.407503+00:00,78.200140,37279,41,0202aab0030f919f005a5811460e29efbf1ffffffc2246cd1e00000fc0007ebfe9ed0737feebfff600,1,TX 41 seq=18329 rx_latency=1ms tx_dur=1ms,14.969,
2731,10,784,2863661840,2026-07-14T15:29:25.507434+00:00,78.300071,37379,41,0202aab003109203005a5811460e29efbf1ffffffc2246cd1e00000fc0007ebfe9ed0737feebfff600,1,TX 41 seq=18330 rx_latency=1ms tx_dur=1ms,16.769,
2731,10,785,2863661841,2026-07-14T15:29:25.607502+00:00,78.400138,37479,41,0202aab003119267005a5811460e29efbf1ffffffc2246cd1e00000fc0007ebfe9ed0737feebfff600,1,TX 41 seq=18331 rx_latency=1ms tx_dur=1ms,18.418,
2731,10,786,2863661842,2026-07-14T15:29:25.707517+00:00,78.500185,37579,41,0202aab0031292cb005a5811460e29efbf1ffffffc2246cd1e00000fc0007ebfe9ed0737feebfff600,1,TX 41 seq=18332 rx_latency=1ms tx_dur=1ms,19.930,
2731,10,787,2863661843,2026-07-14T15:29:25.807501+00:00,78.600139,37679,41,0202aab00313932f005a5811460e29efbf1ffffffc2246cd1e00000fc0007ebfe9ed0737feebfff600,1,TX 41 seq=18333 rx_latency=1ms tx_dur=1ms,22.837,
2731,10,788,2863661844,2026-07-14T15:29:25.907510+00:00,78.700159,37779,41,0202aab003149393005a5811460e29efbf1ffffffc2246cd1e00000fc0007ebfe9ed0737feebfff600,1,TX 41 seq=18334 rx_latency=1ms tx_dur=1ms,14.491,
2731,10,789,2863661845,2026-07-14T15:29:26.007497+00:00,78.800132,37879,41,0202aab0031593f7005a5811460e29efbf1ffffffc2246cd1e00000fc0007ebfe9ed0737feebfff600,1,TX 41 seq=18335 rx_latency=1ms tx_dur=1ms,16.356,
2731,10,790,2863661846,2026-07-14T15:29:26.107506+00:00,78.900144,37979,41,0202aab00316945b005a5811460e29efbf1ffffffc2246cd1e00000fc0007ebfe9ed0737feebfff600,1,TX 41 seq=18336 rx_latency=1ms tx_dur=1ms,17.937,
2731,10,791,2863661847,2026-07-14T15:29:26.207500+00:00,79.000136,38079,41,0202aab0031794bf005a5811460e29efbf1ffffffc2246cd1e00000fc0007ebfe9ed0737feebfff600,1,TX 41 seq=18337 rx_latency=1ms tx_dur=1ms,20.979,
2731,10,792,2863661848,2026-07-14T15:29:26.307502+00:00,79.100140,38179,41,0202aab003189523005a5811460e29efbf1ffffffc2246cd1e00000fc0007ebfe9ed0737feebfff600,1,TX 41 seq=18338 rx_latency=1ms tx_dur=1ms,22.420,
2731,10,793,2863661849,2026-07-14T15:29:26.407498+00:00,79.200132,38279,41,0202aab003199587005a5811460e29efbf1ffffffc2246cd1e00000fc0007ebfe9ed0737feebfff600,1,TX 41 seq=18339 rx_latency=1ms tx_dur=1ms,14.282,
2731,10,794,2863661850,2026-07-14T15:29:26.507503+00:00,79.300139,38379,41,0202aab0031a95eb005a5811460e29efbf1ffffffc2246cd1e00000fc0007ebfe9ed0737feebfff600,1,TX 41 seq=18340 rx_latency=1ms tx_dur=1ms,15.991,
2731,10,795,2863661851,2026-07-14T15:29:26.607498+00:00,79.400131,38479,41,0202aab0031b964f005a5811460e29efbf1ffffffc2246cd1e00000fc0007ebfe9ed0737feebfff600,1,TX 41 seq=18341 rx_latency=1ms tx_dur=1ms,18.859,
2731,10,796,2863661852,2026-07-14T15:29:26.707503+00:00,79.500140,38579,41,0202aab0031c96b3005a5811460e29efbf1ffffffc2246cd1e00000fc0007ebfe9ed0737feebfff600,1,TX 41 seq=18342 rx_latency=1ms tx_dur=1ms,20.279,
2731,10,797,2863661853,2026-07-14T15:29:26.807496+00:00,79.600127,38679,41,0202aab0031d9717005a5811460e29efbf1ffffffc2246cd1e00000fc0007ebfe9ed0737feebfff600,1,TX 41 seq=18343 rx_latency=1ms tx_dur=1ms,22.074,
2731,10,798,2863661854,2026-07-14T15:29:26.907503+00:00,79.700141,38779,41,0202aab0031e977b005a5811460e29efbf1ffffffc2246cd1e00000fc0007ebfe9ed0737feebfff600,1,TX 41 seq=18344 rx_latency=1ms tx_dur=1ms,14.896,
2731,10,799,2863661855,2026-07-14T15:29:27.007496+00:00,79.800128,38879,41,0202aab0031f97df005a5811460e29efbf1ffffffc2246cd1e00000fc0007ebfe9ed0737feebfff600,1,TX 41 seq=18345 rx_latency=1ms tx_dur=1ms,16.646,
2731,10,800,2863661856,2026-07-14T15:29:27.107502+00:00,79.900137,38979,41,0202aab003209843005a5811460e29efbf1ffffffc2246cd1e00000fc0007ebfe9ed0737feebfff600,1,TX 41 seq=18346 rx_latency=1ms tx_dur=1ms,18.261,
2731,10,801,2863661857,2026-07-14T15:29:27.207516+00:00,80.000172,39079,41,0202aab0032198a7005a5811460e29efbf1ffffffc2246cd1e00000fc0007ebfe9ed0737feebfff600,1,TX 41 seq=18347 rx_latency=1ms tx_dur=1ms,20.878,
2731,10,802,2863661858,2026-07-14T15:29:27.307498+00:00,80.100133,39179,41,0202aab00322990b005a5811460e29efbf1ffffffc2246cd1e00000fc0007ebfe9ed0737feebfff600,1,TX 41 seq=18348 rx_latency=1ms tx_dur=1ms,22.712,
2731,10,803,2863661859,2026-07-14T15:29:27.407506+00:00,80.200146,39279,41,0202aab00323996f005a5811460e29efbf1ffffffc2246cd1e00000fc0007ebfe9ed0737feebfff600,1,TX 41 seq=18349 rx_latency=1ms tx_dur=1ms,14.441,
2731,10,804,2863661860,2026-07-14T15:29:27.507498+00:00,80.300130,39379,41,0202aab0032499d3005a5811460e29efbf1ffffffc2246cd1e00000fc0007ebfe9ed0737feebfff600,1,TX 41 seq=18350 rx_latency=1ms tx_dur=1ms,17.107,
2731,10,805,2863661861,2026-07-14T15:29:27.607504+00:00,80.400138,39479,41,0202aab003259a37005a5811460e29efbf1ffffffc2246cd1e00000fc0007ebfe9ed0737feebfff600,1,TX 41 seq=18351 rx_latency=1ms tx_dur=1ms,18.818,
2731,10,806,2863661862,2026-07-14T15:29:27.707502+00:00,80.500146,39579,41,0202aab003269a9b005a5811460e29efbf1ffffffc2246cd1e00000fc0007ebfe9ed0737feebfff600,1,TX 41 seq=18352 rx_latency=1ms tx_dur=1ms,20.484,
2731,10,807,2863661863,2026-07-14T15:29:27.807504+00:00,80.600143,39679,41,0202aab003279aff005a5811460e29efbf1ffffffc2246cd1e00000fc0007ebfe9ed0737feebfff600,1,TX 41 seq=18353 rx_latency=1ms tx_dur=1ms,22.293,
2731,10,808,2863661864,2026-07-14T15:29:27.907495+00:00,80.700127,39779,41,0202aab003289b63005a5811460e29efbf1ffffffc2246cd1e00000fc0007ebfe9ed0737feebfff600,1,TX 41 seq=18354 rx_latency=1ms tx_dur=1ms,14.957,
2731,10,809,2863661865,2026-07-14T15:29:28.007522+00:00,80.800186,39879,41,0202aab003299bc7005a5811460e29efbf1ffffffc2246cd1e00000fc0007ebfe9ed0737feebfff600,1,TX 41 seq=18355 rx_latency=1ms tx_dur=1ms,16.518,
2731,10,810,2863661866,2026-07-14T15:29:28.107500+00:00,80.900137,39979,41,0202aab0032a9c2b005a5811460e29efbf1ffffffc2246cd1e00000fc0007ebfe9ed0737feebfff600,1,TX 41 seq=18356 rx_latency=1ms tx_dur=1ms,18.365,
2731,10,811,2863661867,2026-07-14T15:29:28.207504+00:00,81.000148,40079,41,0202aab0032b9c8f005a5811460e29efbf1ffffffc2246cd1e00000fc0007ebfe9ed0737feebfff600,1,TX 41 seq=18357 rx_latency=1ms tx_dur=1ms,20.075,
2731,10,812,2863661868,2026-07-14T15:29:28.307497+00:00,81.100130,40179,41,0202aab0032c9cf3005a5811460e29efbf1ffffffc2246cd1e00000fc0007ebfe9ed0737feebfff600,1,TX 41 seq=18358 rx_latency=1ms tx_dur=1ms,22.689,
2731,10,813,2863661869,2026-07-14T15:29:28.407501+00:00,81.200156,40279,41,0202aab0032d9d57005a5811460e29efbf1ffffffc2246cd1e00000fc0007ebfe9ed0737feebfff600,1,TX 41 seq=18359 rx_latency=1ms tx_dur=1ms,14.428,
2731,10,814,2863661870,2026-07-14T15:29:28.507498+00:00,81.300134,40379,41,0202aab0032e9dbb005a5811460e29efbf1ffffffc2246cd1e00000fc0007ebfe9ed0737feebfff600,1,TX 41 seq=18360 rx_latency=1ms tx_dur=1ms,16.200,
2731,10,815,2863661871,2026-07-14T15:29:28.607504+00:00,81.400141,40479,41,0202aab0032f9e1f005a5811460e29efbf1ffffffc2246cd1e00000fc0007ebfe9ed0737feebfff600,1,TX 41 seq=18361 rx_latency=1ms tx_dur=1ms,19.044,
2731,10,816,2863661872,2026-07-14T15:29:28.707496+00:00,81.500131,40579,41,0202aab003309e83005a5811460e29efbf1ffffffc2246cd1e00000fc0007ebfe9ed0737feebfff600,1,TX 41 seq=18362 rx_latency=1ms tx_dur=1ms,20.560,
2731,10,817,2863661873,2026-07-14T15:29:28.807503+00:00,81.600138,40679,41,0202aab003319ee7005a5811460e29efbf1ffffffc2246cd1e00000fc0007ebfe9ed0737feebfff600,1,TX 41 seq=18363 rx_latency=1ms tx_dur=1ms,22.288,
2731,10,818,2863661874,2026-07-14T15:29:28.907500+00:00,81.700134,40779,41,0202aab003329f4b005a5811460e29efbf1ffffffc2246cd1e00000fc0007ebfe9ed0737feebfff600,1,TX 41 seq=18364 rx_latency=1ms tx_dur=1ms,14.079,
2731,10,819,2863661875,2026-07-14T15:29:29.007504+00:00,81.800140,40879,41,0202aab003339faf005a5811460e29efbf1ffffffc2246cd1e00000fc0007ebfe9ed0737feebfff600,1,TX 41 seq=18365 rx_latency=1ms tx_dur=1ms,16.884,
2731,10,820,2863661876,2026-07-14T15:29:29.107496+00:00,81.900128,40979,41,0202aab00334a013005a5811460e29efbf1ffffffc2246cd1e00000fc0007ebfe9ed0737feebfff600,1,TX 41 seq=18366 rx_latency=1ms tx_dur=1ms,18.606,
2731,10,821,2863661877,2026-07-14T15:29:29.207510+00:00,82.000163,41079,41,0202aab00335a077005a5811460e29efbf1ffffffc2246cd1e00000fc0007ebfe9ed0737feebfff600,1,TX 41 seq=18367 rx_latency=1ms tx_dur=1ms,20.042,
2731,10,822,2863661878,2026-07-14T15:29:29.307498+00:00,82.100133,41179,41,0202aab00336a0db005a5811460e29efbf1ffffffc2246cd1e00000fc0007ebfe9ed0737feebfff600,1,TX 41 seq=18368 rx_latency=1ms tx_dur=1ms,22.915,
2731,10,823,2863661879,2026-07-14T15:29:29.407511+00:00,82.200160,41279,41,0202aab00337a13f005a5811460e29efbf1ffffffc2246cd1e00000fc0007ebfe9ed0737feebfff600,1,TX 41 seq=18369 rx_latency=1ms tx_dur=1ms,14.670,
2731,10,824,2863661880,2026-07-14T15:29:29.507497+00:00,82.300133,41379,41,0202aab00338a1a3005a5811460e29efbf1ffffffc2246cd1e00000fc0007ebfe9ed0737feebfff600,1,TX 41 seq=18370 rx_latency=1ms tx_dur=1ms,16.452,
2731,10,825,2863661881,2026-07-14T15:29:29.607505+00:00,82.400142,41479,41,0202aab00339a207005a5811460e29efbf1ffffffc2246cd1e00000fc0007ebfe9ed0737feebfff600,1,TX 41 seq=18371 rx_latency=1ms tx_dur=1ms,17.958,
2731,10,826,2863661882,2026-07-14T15:29:29.707500+00:00,82.500135,41579,41,0202aab0033aa26b005a5811460e29efbf1ffffffc2246cd1e00000fc0007ebfe9ed0737feebfff600,1,TX 41 seq=18372 rx_latency=1ms tx_dur=1ms,20.766,
2731,10,827,2863661883,2026-07-14T15:29:29.807505+00:00,82.600144,41679,41,0202aab0033ba2cf005a5811460e29efbf1ffffffc2246cd1e00000fc0007ebfe9ed0737feebfff600,1,TX 41 seq=18373 rx_latency=1ms tx_dur=1ms,22.522,
2731,10,828,2863661884,2026-07-14T15:29:29.907500+00:00,82.700134,41779,41,0202aab0033ca333005a5811460e29efbf1ffffffc2246cd1e00000fc0007ebfe9ed0737feebfff600,1,TX 41 seq=18374 rx_latency=1ms tx_dur=1ms,14.306,
2731,10,829,2863661885,2026-07-14T15:29:30.007504+00:00,82.800141,41879,41,0202aab0033da397005a5811460e29efbf1ffffffc2246cd1e00000fc0007ebfe9ed0737feebfff600,1,TX 41 seq=18375 rx_latency=1ms tx_dur=1ms,16.915,
2731,10,830,2863661886,2026-07-14T15:29:30.107496+00:00,82.900128,41979,41,0202aab0033ea3fb005a5811460e29efbf1ffffffc2246cd1e00000fc0007ebfe9ed0737feebfff600,1,TX 41 seq=18376 rx_latency=1ms tx_dur=1ms,18.670,
2731,10,831,2863661887,2026-07-14T15:29:30.207505+00:00,83.000144,42079,41,0202aab0033fa45f005a5811460e29efbf1ffffffc2246cd1e00000fc0007ebfe9ed0737feebfff600,1,TX 41 seq=18377 rx_latency=1ms tx_dur=1ms,20.340,
2731,10,832,2863661888,2026-07-14T15:29:30.307501+00:00,83.100142,42179,41,0202aab00340a4c3005a5811460e29efbf1ffffffc2246cd1e00000fc0007ebfe9ed0737feebfff600,1,TX 41 seq=18378 rx_latency=1ms tx_dur=1ms,22.018,
2731,10,833,2863661889,2026-07-14T15:29:30.407508+00:00,83.200160,42279,41,0202aab00341a527005a5811460e29efbf1ffffffc2246cd1e00000fc0007ebfe9ed0737feebfff600,1,TX 41 seq=18379 rx_latency=1ms tx_dur=1ms,14.660,
2731,10,834,2863661890,2026-07-14T15:29:30.507500+00:00,83.300136,42379,41,0202aab00342a58b005a5811460e29efbf1ffffffc2246cd1e00000fc0007ebfe9ed0737feebfff600,1,TX 41 seq=18380 rx_latency=1ms tx_dur=1ms,16.463,
2731,10,835,2863661891,2026-07-14T15:29:30.607503+00:00,83.400142,42479,41,0202aab00343a5ef005a5811460e29efbf1ffffffc2246cd1e00000fc0007ebfe9ed0737feebfff600,1,TX 41 seq=18381 rx_latency=1ms tx_dur=1ms,18.209,
2731,10,836,2863661892,2026-07-14T15:29:30.707497+00:00,83.500132,42579,41,0202aab00344a653005a5811460e29efbf1ffffffc2246cd1e00000fc0007ebfe9ed0737feebfff600,1,TX 41 seq=18382 rx_latency=1ms tx_dur=1ms,21.000,
2731,10,837,2863661893,2026-07-14T15:29:30.807506+00:00,83.600144,42679,41,0202aab00345a6b7005a5811460e29efbf1ffffffc2246cd1e00000fc0007ebfe9ed0737feebfff600,1,TX 41 seq=18383 rx_latency=1ms tx_dur=1ms,22.543,
2731,10,838,2863661894,2026-07-14T15:29:30.907497+00:00,83.700131,42779,41,0202aab00346a71b005a5811460e29efbf1ffffffc2246cd1e00000fc0007ebfe9ed0737feebfff600,1,TX 41 seq=18384 rx_latency=1ms tx_dur=1ms,14.341,
2731,10,839,2863661895,2026-07-14T15:29:31.007504+00:00,83.800141,42879,41,0202aab00347a77f005a5811460e29efbf1ffffffc2246cd1e00000fc0007ebfe9ed0737feebfff600,1,TX 41 seq=18385 rx_latency=1ms tx_dur=1ms,16.044,
2731,10,840,2863661896,2026-07-14T15:29:31.107496+00:00,83.900127,42979,41,0202aab00348a7e3005a5811460e29efbf1ffffffc2246cd1e00000fc0007ebfe9ed0737feebfff600,1,TX 41 seq=18386 rx_latency=1ms tx_dur=1ms,18.873,
2731,10,841,2863661897,2026-07-14T15:29:31.207503+00:00,84.000140,43079,41,0202aab00349a847005a5811460e29efbf1ffffffc2246cd1e00000fc0007ebfe9ed0737feebfff600,1,TX 41 seq=18387 rx_latency=1ms tx_dur=1ms,20.438,
2731,10,842,2863661898,2026-07-14T15:29:31.307492+00:00,84.100126,43179,41,0202aab0034aa8ab005a5811460e29efbf1ffffffc2246cd1e00000fc0007ebfe9ed0737feebfff600,1,TX 41 seq=18388 rx_latency=1ms tx_dur=1ms,22.101,
2731,10,843,2863661899,2026-07-14T15:29:31.407506+00:00,84.200146,43279,41,0202aab0034ba90f005a5811460e29efbf1ffffffc2246cd1e00000fc0007ebfe9ed0737feebfff600,1,TX 41 seq=18389 rx_latency=1ms tx_dur=1ms,15.008,
2731,10,844,2863661900,2026-07-14T15:29:31.507501+00:00,84.300139,43379,41,0202aab0034ca973005a5811460e29efbf1ffffffc2246cd1e00000fc0007ebfe9ed0737feebfff600,1,TX 41 seq=18390 rx_latency=1ms tx_dur=1ms,16.674,
2731,10,845,2863661901,2026-07-14T15:29:31.607504+00:00,84.400142,43479,41,0202aab0034da9d7005a5811460e29efbf1ffffffc2246cd1e00000fc0007ebfe9ed0737feebfff600,1,TX 41 seq=18391 rx_latency=1ms tx_dur=1ms,18.210,
2731,10,846,2863661902,2026-07-14T15:29:31.707513+00:00,84.500173,43579,41,0202aab0034eaa3b005a5811460e29efbf1ffffffc2246cd1e00000fc0007ebfe9ed0737feebfff600,1,TX 41 seq=18392 rx_latency=1ms tx_dur=1ms,20.922,
2731,10,847,2863661903,2026-07-14T15:29:31.807508+00:00,84.600149,43679,41,0202aab0034faa9f005a5811460e29efbf1ffffffc2246cd1e00000fc0007ebfe9ed0737feebfff600,1,TX 41 seq=18393 rx_latency=1ms tx_dur=1ms,22.808,
2731,10,848,2863661904,2026-07-14T15:29:31.907503+00:00,84.700146,43779,41,0202aab00350ab03005a5811460e29efbf1ffffffc2246cd1e00000fc0007ebfe9ed0737feebfff600,1,TX 41 seq=18394 rx_latency=1ms tx_dur=1ms,14.531,
2731,10,849,2863661905,2026-07-14T15:29:32.007505+00:00,84.800146,43879,41,0202aab00351ab67005a5811460e29efbf1ffffffc2246cd1e00000fc0007ebfe9ed0737feebfff600,1,TX 41 seq=18395 rx_latency=1ms tx_dur=1ms,16.052,
2731,10,850,2863661906,2026-07-14T15:29:32.107495+00:00,84.900127,43979,41,0202aab00352abcb005a5811460e29efbf1ffffffc2246cd1e00000fc0007ebfe9ed0737feebfff600,1,TX 41 seq=18396 rx_latency=1ms tx_dur=1ms,18.912,
2731,10,851,2863661907,2026-07-14T15:29:32.207504+00:00,85.000140,44079,41,0202aab00353ac2f005a5811460e29efbf1ffffffc2246cd1e00000fc0007ebfe9ed0737feebfff600,1,TX 41 seq=18397 rx_latency=1ms tx_dur=1ms,20.624,
2731,10,852,2863661908,2026-07-14T15:29:32.307498+00:00,85.100133,44179,41,0202aab00354ac93005a5811460e29efbf1ffffffc2246cd1e00000fc0007ebfe9ed0737feebfff600,1,TX 41 seq=18398 rx_latency=1ms tx_dur=1ms,22.317,
2731,10,853,2863661909,2026-07-14T15:29:32.407506+00:00,85.200145,44279,41,0202aab00355acf7005a5811460e29efbf1ffffffc2246cd1e00000fc0007ebfe9ed0737feebfff600,1,TX 41 seq=18399 rx_latency=1ms tx_dur=1ms,15.008,
2731,10,854,2863661910,2026-07-14T15:29:32.507505+00:00,85.300144,44379,41,0202aab00356ad5b005a5811460e29efbf1ffffffc2246cd1e00000fc0007ebfe9ed0737feebfff600,1,TX 41 seq=18400 rx_latency=1ms tx_dur=1ms,16.740,
2731,10,855,2863661911,2026-07-14T15:29:32.607502+00:00,85.400138,44479,41,0202aab00357adbf005a5811460e29efbf1ffffffc2246cd1e00000fc0007ebfe9ed0737feebfff600,1,TX 41 seq=18401 rx_latency=1ms tx_dur=1ms,18.469,
2731,10,856,2863661912,2026-07-14T15:29:32.707505+00:00,85.500150,44579,41,0202aab00358ae23005a5811460e29efbf1ffffffc2246cd1e00000fc0007ebfe9ed0737feebfff600,1,TX 41 seq=18402 rx_latency=1ms tx_dur=1ms,20.114,
2731,10,857,2863661913,2026-07-14T15:29:32.807506+00:00,85.600154,44679,41,0202aab00359ae87005a5811460e29efbf1ffffffc2246cd1e00000fc0007ebfe9ed0737feebfff600,1,TX 41 seq=18403 rx_latency=1ms tx_dur=1ms,22.006,
2731,10,858,2863661914,2026-07-14T15:29:32.907497+00:00,85.700130,44779,41,0202aab0035aaeeb005a5811460e29efbf1ffffffc2246cd1e00000fc0007ebfe9ed0737feebfff600,1,TX 41 seq=18404 rx_latency=1ms tx_dur=1ms,14.725,
2731,10,859,2863661915,2026-07-14T15:29:33.007502+00:00,85.800138,44879,41,0202aab0035baf4f005a5811460e29efbf1ffffffc2246cd1e00000fc0007ebfe9ed0737feebfff600,1,TX 41 seq=18405 rx_latency=1ms tx_dur=1ms,16.437,
2731,10,860,2863661916,2026-07-14T15:29:33.107515+00:00,85.900175,44979,41,0202aab0035cafb3005a5811460e29efbf1ffffffc2246cd1e00000fc0007ebfe9ed0737feebfff600,1,TX 41 seq=18406 rx_latency=1ms tx_dur=1ms,18.045,
2731,10,861,2863661917,2026-07-14T15:29:33.207508+00:00,86.000154,45079,41,0202aab0035db017005a5811460e29efbf1ffffffc2246cd1e00000fc0007ebfe9ed0737feebfff600,1,TX 41 seq=18407 rx_latency=1ms tx_dur=1ms,20.957,
2731,10,862,2863661918,2026-07-14T15:29:33.307499+00:00,86.100136,45179,41,0202aab0035eb07b005a5811460e29efbf1ffffffc2246cd1e00000fc0007ebfe9ed0737feebfff600,1,TX 41 seq=18408 rx_latency=1ms tx_dur=1ms,22.459,
2731,10,863,2863661919,2026-07-14T15:29:33.407503+00:00,86.200143,45279,41,0202aab0035fb0df005a5811460e29efbf1ffffffc2246cd1e00000fc0007ebfe9ed0737feebfff600,1,TX 41 seq=18409 rx_latency=1ms tx_dur=1ms,14.257,
2731,10,864,2863661920,2026-07-14T15:29:33.507499+00:00,86.300143,45379,41,0202aab00360b143005a5811460e29efbf1ffffffc2246cd1e00000fc0007ebfe9ed0737feebfff600,1,TX 41 seq=18410 rx_latency=1ms tx_dur=1ms,17.082,
2731,10,865,2863661921,2026-07-14T15:29:33.607504+00:00,86.400144,45479,41,0202aab00361b1a7005a5811460e29efbf1ffffffc2246cd1e00000fc0007ebfe9ed0737feebfff600,1,TX 41 seq=18411 rx_latency=1ms tx_dur=1ms,18.827,
2731,10,866,2863661922,2026-07-14T15:29:33.707503+00:00,86.500147,45579,41,0202aab00362b20b005a5811460e29efbf1ffffffc2246cd1e00000fc0007ebfe9ed0737feebfff600,1,TX 41 seq=18412 rx_latency=1ms tx_dur=1ms,20.299,
2731,10,867,2863661923,2026-07-14T15:29:33.807503+00:00,86.600142,45679,41,0202aab00363b26f005a5811460e29efbf1ffffffc2246cd1e00000fc0007ebfe9ed0737feebfff600,1,TX 41 seq=18413 rx_latency=1ms tx_dur=1ms,22.071,
2731,10,868,2863661924,2026-07-14T15:29:33.907496+00:00,86.700127,45779,41,0202aab00364b2d3005a5811460e29efbf1ffffffc2246cd1e00000fc0007ebfe9ed0737feebfff600,1,TX 41 seq=18414 rx_latency=1ms tx_dur=1ms,14.964,
2731,10,869,2863661925,2026-07-14T15:29:34.007503+00:00,86.800139,45879,41,0202aab00365b337005a5811460e29efbf1ffffffc2246cd1e00000fc0007ebfe9ed0737feebfff600,1,TX 41 seq=18415 rx_latency=1ms tx_dur=1ms,16.678,
2731,10,870,2863661926,2026-07-14T15:29:34.107497+00:00,86.900128,45979,41,0202aab00366b39b005a5811460e29efbf1ffffffc2246cd1e00000fc0007ebfe9ed0737feebfff600,1,TX 41 seq=18416 rx_latency=1ms tx_dur=1ms,18.207,
2731,10,871,2863661927,2026-07-14T15:29:34.207504+00:00,87.000143,46079,41,0202aab00367b3ff005a5811460e29efbf1ffffffc2246cd1e00000fc0007ebfe9ed0737feebfff600,1,TX 41 seq=18417 rx_latency=1ms tx_dur=1ms,21.003,
2731,10,872,2863661928,2026-07-14T15:29:34.307498+00:00,87.100131,46179,41,0202aab00368b463005a5811460e29efbf1ffffffc2246cd1e00000fc0007ebfe9ed0737feebfff600,1,TX 41 seq=18418 rx_latency=1ms tx_dur=1ms,22.715,
2731,10,873,2863661929,2026-07-14T15:29:34.407503+00:00,87.200142,46279,41,0202aab00369b4c7005a5811460e29efbf1ffffffc2246cd1e00000fc0007ebfe9ed0737feebfff600,1,TX 41 seq=18419 rx_latency=1ms tx_dur=1ms,14.497,
2731,10,874,2863661930,2026-07-14T15:29:34.507505+00:00,87.300152,46379,41,0202aab0036ab52b005a5811460e29efbf1ffffffc2246cd1e00000fc0007ebfe9ed0737feebfff600,1,TX 41 seq=18420 rx_latency=1ms tx_dur=1ms,15.996,
2731,10,875,2863661931,2026-07-14T15:29:34.607506+00:00,87.400151,46479,41,0202aab0036bb58f005a5811460e29efbf1ffffffc2246cd1e00000fc0007ebfe9ed0737feebfff600,1,TX 41 seq=18421 rx_latency=1ms tx_dur=1ms,18.828,
2731,10,876,2863661932,2026-07-14T15:29:34.707502+00:00,87.500145,46579,41,0202aab0036cb5f3005a5811460e29efbf1ffffffc2246cd1e00000fc0007ebfe9ed0737feebfff600,1,TX 41 seq=18422 rx_latency=1ms tx_dur=1ms,20.525,
2731,10,877,2863661933,2026-07-14T15:29:34.807469+00:00,87.600109,46679,41,0202aab0036db657005a5811460e29efbf1ffffffc2246cd1e00000fc0007ebfe9ed0737feebfff600,1,TX 41 seq=18423 rx_latency=1ms tx_dur=1ms,22.343,
2731,10,878,2863661934,2026-07-14T15:29:34.907505+00:00,87.700150,46779,41,0202aab0036eb6bb005a5811460e29efbf1ffffffc2246cd1e00000fc0007ebfe9ed0737feebfff600,1,TX 41 seq=18424 rx_latency=1ms tx_dur=1ms,14.954,
2731,10,879,2863661935,2026-07-14T15:29:35.007507+00:00,87.800149,46879,41,0202aab0036fb71f005a5811460e29efbf1ffffffc2246cd1e00000fc0007ebfe9ed0737feebfff600,1,TX 41 seq=18425 rx_latency=1ms tx_dur=1ms,16.664,
2731,10,880,2863661936,2026-07-14T15:29:35.107499+00:00,87.900133,46979,41,0202aab00370b783005a5811460e29efbf1ffffffc2246cd1e00000fc0007ebfe9ed0737feebfff600,1,TX 41 seq=18426 rx_latency=1ms tx_dur=1ms,18.418,
2731,10,881,2863661937,2026-07-14T15:29:35.207445+00:00,88.000085,47079,41,0202aab00371b7e7005a5811460e29efbf1ffffffc2246cd1e00000fc0007ebfe9ed0737feebfff600,1,TX 41 seq=18427 rx_latency=1ms tx_dur=1ms,20.206,
2731,10,882,2863661938,2026-07-14T15:29:35.307492+00:00,88.100124,47179,41,0202aab00372b84b005a5811460e29efbf1ffffffc2246cd1e00000fc0007ebfe9ed0737feebfff600,1,TX 41 seq=18428 rx_latency=1ms tx_dur=1ms,22.751,
2731,10,883,2863661939,2026-07-14T15:29:35.407439+00:00,88.200081,47279,41,0202aab00373b8af005a5811460e29efbf1ffffffc2246cd1e00000fc0007ebfe9ed0737feebfff600,1,TX 41 seq=18429 rx_latency=1ms tx_dur=1ms,14.581,
2731,10,884,2863661940,2026-07-14T15:29:35.507496+00:00,88.300128,47379,41,0202aab00374b913005a5811460e29efbf1ffffffc2246cd1e00000fc0007ebfe9ed0737feebfff600,1,TX 41 seq=18430 rx_latency=1ms tx_dur=1ms,16.394,
2731,10,885,2863661941,2026-07-14T15:29:35.607516+00:00,88.400176,47479,41,0202aab00375b977005a5811460e29efbf1ffffffc2246cd1e00000fc0007ebfe9ed0737feebfff600,1,TX 41 seq=18431 rx_latency=1ms tx_dur=1ms,18.022,
2731,10,886,2863661942,2026-07-14T15:29:35.707504+00:00,88.500147,47579,41,0202aab00376b9db005a5811460e29efbf1ffffffc2246cd1e00000fc0007ebfe9ed0737feebfff600,1,TX 41 seq=18432 rx_latency=1ms tx_dur=1ms,20.859,
2731,10,887,2863661943,2026-07-14T15:29:35.807506+00:00,88.600146,47679,41,0202aab00377ba3f005a5811460e29efbf1ffffffc2246cd1e00000fc0007ebfe9ed0737feebfff600,1,TX 41 seq=18433 rx_latency=1ms tx_dur=1ms,22.437,
2731,10,888,2863661944,2026-07-14T15:29:35.907499+00:00,88.700136,47779,41,0202aab00378baa3005a5811460e29efbf1ffffffc2246cd1e00000fc0007ebfe9ed0737feebfff600,1,TX 41 seq=18434 rx_latency=1ms tx_dur=1ms,14.272,
2731,10,889,2863661945,2026-07-14T15:29:36.007513+00:00,88.800163,47879,41,0202aab00379bb07005a5811460e29efbf1ffffffc2246cd1e00000fc0007ebfe9ed0737feebfff600,1,TX 41 seq=18435 rx_latency=1ms tx_dur=1ms,17.025,
2731,10,890,2863661946,2026-07-14T15:29:36.107498+00:00,88.900132,47979,41,0202aab0037abb6b005a5811460e29efbf1ffffffc2246cd1e00000fc0007ebfe9ed0737feebfff600,1,TX 41 seq=18436 rx_latency=1ms tx_dur=1ms,18.770,
2731,10,891,2863661947,2026-07-14T15:29:36.207504+00:00,89.000141,48079,41,0202aab0037bbbcf005a5811460e29efbf1ffffffc2246cd1e00000fc0007ebfe9ed0737feebfff600,1,TX 41 seq=18437 rx_latency=1ms tx_dur=1ms,20.297,
2731,10,892,2863661948,2026-07-14T15:29:36.307496+00:00,89.100128,48179,41,0202aab0037cbc33005a5811460e29efbf1ffffffc2246cd1e00000fc0007ebfe9ed0737feebfff600,1,TX 41 seq=18438 rx_latency=1ms tx_dur=1ms,23.101,
2731,10,893,2863661949,2026-07-14T15:29:36.407504+00:00,89.200143,48279,41,0202aab0037dbc97005a5811460e29efbf1ffffffc2246cd1e00000fc0007ebfe9ed0737feebfff600,1,TX 41 seq=18439 rx_latency=1ms tx_dur=1ms,14.888,
2731,10,894,2863661950,2026-07-14T15:29:36.507503+00:00,89.300144,48379,41,0202aab0037ebcfb005a5811460e29efbf1ffffffc2246cd1e00000fc0007ebfe9ed0737feebfff600,1,TX 41 seq=18440 rx_latency=1ms tx_dur=1ms,16.611,
2731,10,895,2863661951,2026-07-14T15:29:36.607504+00:00,89.400151,48479,41,0202aab0037fbd5f005a5811460e29efbf1ffffffc2246cd1e00000fc0007ebfe9ed0737feebfff600,1,TX 41 seq=18441 rx_latency=1ms tx_dur=1ms,18.083,
2731,10,896,2863661952,2026-07-14T15:29:36.707507+00:00,89.500149,48579,41,0202aab00380bdc3005a5811460e29efbf1ffffffc2246cd1e00000fc0007ebfe9ed0737feebfff600,1,TX 41 seq=18442 rx_latency=1ms tx_dur=1ms,20.943,
2731,10,897,2863661953,2026-07-14T15:29:36.807497+00:00,89.600129,48679,41,0202aab00381be27005a5811460e29efbf1ffffffc2246cd1e00000fc0007ebfe9ed0737feebfff600,1,TX 41 seq=18443 rx_latency=1ms tx_dur=1ms,22.661,
2731,10,898,2863661954,2026-07-14T15:29:36.907504+00:00,89.700141,48779,41,0202aab00382be8b005a5811460e29efbf1ffffffc2246cd1e00000fc0007ebfe9ed0737feebfff600,1,TX 41 seq=18444 rx_latency=1ms tx_dur=1ms,14.467,
2731,10,899,2863661955,2026-07-14T15:29:37.007525+00:00,89.800190,48879,41,0202aab00383beef005a5811460e29efbf1ffffffc2246cd1e00000fc0007ebfe9ed0737feebfff600,1,TX 41 seq=18445 rx_latency=1ms tx_dur=1ms,15.845,
2731,10,900,2863661956,2026-07-14T15:29:37.107450+00:00,89.900092,48979,41,0202aab00384bf53005a5811460e29efbf1ffffffc2246cd1e00000fc0007ebfe9ed0737feebfff600,1,TX 41 seq=18446 rx_latency=1ms tx_dur=1ms,18.832,
2731,10,901,2863661957,2026-07-14T15:29:37.207513+00:00,90.000168,49079,41,0202aab00385bfb7005a5811460e29efbf1ffffffc2246cd1e00000fc0007ebfe9ed0737feebfff600,1,TX 41 seq=18447 rx_latency=1ms tx_dur=1ms,20.472,
2731,10,902,2863661958,2026-07-14T15:29:37.307498+00:00,90.100134,49179,41,0202aab00386c01b005a5811460e29efbf1ffffffc2246cd1e00000fc0007ebfe9ed0737feebfff600,1,TX 41 seq=18448 rx_latency=1ms tx_dur=1ms,22.252,
2731,10,903,2863661959,2026-07-14T15:29:37.407504+00:00,90.200144,49279,41,0202aab00387c07f005a5811460e29efbf1ffffffc2246cd1e00000fc0007ebfe9ed0737feebfff600,1,TX 41 seq=18449 rx_latency=1ms tx_dur=1ms,14.921,
2731,10,904,2863661960,2026-07-14T15:29:37.507501+00:00,90.300141,49379,41,0202aab00388c0e3005a5811460e29efbf1ffffffc2246cd1e00000fc0007ebfe9ed0737feebfff600,1,TX 41 seq=18450 rx_latency=1ms tx_dur=1ms,16.638,
2731,10,905,2863661961,2026-07-14T15:29:37.607504+00:00,90.400142,49479,41,0202aab00389c147005a5811460e29efbf1ffffffc2246cd1e00000fc0007ebfe9ed0737feebfff600,1,TX 41 seq=18451 rx_latency=1ms tx_dur=1ms,18.379,
2731,10,906,2863661962,2026-07-14T15:29:37.707512+00:00,90.500169,49579,41,0202aab0038ac1ab005a5811460e29efbf1ffffffc2246cd1e00000fc0007ebfe9ed0737feebfff600,1,TX 41 seq=18452 rx_latency=1ms tx_dur=1ms,19.983,
2731,10,907,2863661963,2026-07-14T15:29:37.807508+00:00,90.600149,49679,41,0202aab0038bc20f005a5811460e29efbf1ffffffc2246cd1e00000fc0007ebfe9ed0737feebfff600,1,TX 41 seq=18453 rx_latency=1ms tx_dur=1ms,22.706,
2731,10,908,2863661964,2026-07-14T15:29:37.907499+00:00,90.700134,49779,41,0202aab0038cc273005a5811460e29efbf1ffffffc2246cd1e00000fc0007ebfe9ed0737feebfff600,1,TX 41 seq=18454 rx_latency=1ms tx_dur=1ms,14.521,
2731,10,909,2863661965,2026-07-14T15:29:38.007506+00:00,90.800147,49879,41,0202aab0038dc2d7005a5811460e29efbf1ffffffc2246cd1e00000fc0007ebfe9ed0737feebfff600,1,TX 41 seq=18455 rx_latency=1ms tx_dur=1ms,16.193,
2731,10,910,2863661966,2026-07-14T15:29:38.107504+00:00,90.900142,49979,41,0202aab0038ec33b005a5811460e29efbf1ffffffc2246cd1e00000fc0007ebfe9ed0737feebfff600,1,TX 41 seq=18456 rx_latency=1ms tx_dur=1ms,19.009,
2731,10,911,2863661967,2026-07-14T15:29:38.207506+00:00,91.000154,50079,41,0202aab0038fc39f005a5811460e29efbf1ffffffc2246cd1e00000fc0007ebfe9ed0737feebfff600,1,TX 41 seq=18457 rx_latency=1ms tx_dur=1ms,20.482,
2731,10,912,2863661968,2026-07-14T15:29:38.307504+00:00,91.100144,50179,41,0202aab00390c403005a5811460e29efbf1ffffffc2246cd1e00000fc0007ebfe9ed0737feebfff600,1,TX 41 seq=18458 rx_latency=1ms tx_dur=1ms,22.289,
2731,10,913,2863661969,2026-07-14T15:29:38.407498+00:00,91.200132,50279,41,0202aab00391c467005a5811460e29efbf1ffffffc2246cd1e00000fc0007ebfe9ed0737feebfff600,1,TX 41 seq=18459 rx_latency=1ms tx_dur=1ms,14.094,
2731,10,914,2863661970,2026-07-14T15:29:38.507505+00:00,91.300146,50379,41,0202aab00392c4cb005a5811460e29efbf1ffffffc2246cd1e00000fc0007ebfe9ed0737feebfff600,1,TX 41 seq=18460 rx_latency=1ms tx_dur=1ms,16.884,
2731,10,915,2863661971,2026-07-14T15:29:38.607498+00:00,91.400130,50479,41,0202aab00393c52f005a5811460e29efbf1ffffffc2246cd1e00000fc0007ebfe9ed0737feebfff600,1,TX 41 seq=18461 rx_latency=1ms tx_dur=1ms,18.609,
2731,10,916,2863661972,2026-07-14T15:29:38.707505+00:00,91.500146,50579,41,0202aab00394c593005a5811460e29efbf1ffffffc2246cd1e00000fc0007ebfe9ed0737feebfff600,1,TX 41 seq=18462 rx_latency=1ms tx_dur=1ms,20.115,
2731,10,917,2863661973,2026-07-14T15:29:38.807496+00:00,91.600129,50679,41,0202aab00395c5f7005a5811460e29efbf1ffffffc2246cd1e00000fc0007ebfe9ed0737feebfff600,1,TX 41 seq=18463 rx_latency=1ms tx_dur=1ms,22.932,
2731,10,918,2863661974,2026-07-14T15:29:38.907505+00:00,91.700144,50779,41,0202aab00396c65b005a5811460e29efbf1ffffffc2246cd1e00000fc0007ebfe9ed0737feebfff600,1,TX 41 seq=18464 rx_latency=1ms tx_dur=1ms,14.722,
2731,10,919,2863661975,2026-07-14T15:29:39.007497+00:00,91.800128,50879,41,0202aab00397c6bf005a5811460e29efbf1ffffffc2246cd1e00000fc0007ebfe9ed0737feebfff600,1,TX 41 seq=18465 rx_latency=1ms tx_dur=1ms,16.470,
2731,10,920,2863661976,2026-07-14T15:29:39.107504+00:00,91.900138,50979,41,0202aab00398c723005a5811460e29efbf1ffffffc2246cd1e00000fc0007ebfe9ed0737feebfff600,1,TX 41 seq=18466 rx_latency=1ms tx_dur=1ms,19.091,
2731,10,921,2863661977,2026-07-14T15:29:39.207504+00:00,92.000140,51079,41,0202aab00399c787005a5811460e29efbf1ffffffc2246cd1e00000fc0007ebfe9ed0737feebfff600,1,TX 41 seq=18467 rx_latency=1ms tx_dur=1ms,20.817,
2731,10,922,2863661978,2026-07-14T15:29:39.307496+00:00,92.100128,51179,41,0202aab0039ac7eb005a5811460e29efbf1ffffffc2246cd1e00000fc0007ebfe9ed0737feebfff600,1,TX 41 seq=18468 rx_latency=1ms tx_dur=1ms,22.506,
2731,10,923,2863661979,2026-07-14T15:29:39.407515+00:00,92.200170,51279,41,0202aab0039bc84f005a5811460e29efbf1ffffffc2246cd1e00000fc0007ebfe9ed0737feebfff600,1,TX 41 seq=18469 rx_latency=1ms tx_dur=1ms,14.233,
2731,10,924,2863661980,2026-07-14T15:29:39.507501+00:00,92.300139,51379,41,0202aab0039cc8b3005a5811460e29efbf1ffffffc2246cd1e00000fc0007ebfe9ed0737feebfff600,1,TX 41 seq=18470 rx_latency=1ms tx_dur=1ms,16.912,
2731,10,925,2863661981,2026-07-14T15:29:39.607504+00:00,92.400143,51479,41,0202aab0039dc917005a5811460e29efbf1ffffffc2246cd1e00000fc0007ebfe9ed0737feebfff600,1,TX 41 seq=18471 rx_latency=1ms tx_dur=1ms,18.635,
2731,10,926,2863661982,2026-07-14T15:29:39.707500+00:00,92.500138,51579,41,0202aab0039ec97b005a5811460e29efbf1ffffffc2246cd1e00000fc0007ebfe9ed0737feebfff600,1,TX 41 seq=18472 rx_latency=1ms tx_dur=1ms,20.334,
2731,10,927,2863661983,2026-07-14T15:29:39.807502+00:00,92.600142,51679,41,0202aab0039fc9df005a5811460e29efbf1ffffffc2246cd1e00000fc0007ebfe9ed0737feebfff600,1,TX 41 seq=18473 rx_latency=1ms tx_dur=1ms,22.089,
2731,10,928,2863661984,2026-07-14T15:29:39.907498+00:00,92.700132,51779,41,0202aab003a0ca43005a5811460e29efbf1ffffffc2246cd1e00000fc0007ebfe9ed0737feebfff600,1,TX 41 seq=18474 rx_latency=1ms tx_dur=1ms,14.777,
2731,10,929,2863661985,2026-07-14T15:29:40.007504+00:00,92.800143,51879,41,0202aab003a1caa7005a5811460e29efbf1ffffffc2246cd1e00000fc0007ebfe9ed0737feebfff600,1,TX 41 seq=18475 rx_latency=1ms tx_dur=1ms,16.556,
2731,10,930,2863661986,2026-07-14T15:29:40.107508+00:00,92.900158,51979,41,0202aab003a2cb0b005a5811460e29efbf1ffffffc2246cd1e00000fc0007ebfe9ed0737feebfff600,1,TX 41 seq=18476 rx_latency=1ms tx_dur=1ms,18.110,
2731,10,931,2863661987,2026-07-14T15:29:40.207505+00:00,93.000145,52079,41,0202aab003a3cb6f005a5811460e29efbf1ffffffc2246cd1e00000fc0007ebfe9ed0737feebfff600,1,TX 41 seq=18477 rx_latency=1ms tx_dur=1ms,21.024,
2731,10,932,2863661988,2026-07-14T15:29:40.307497+00:00,93.100130,52179,41,0202aab003a4cbd3005a5811460e29efbf1ffffffc2246cd1e00000fc0007ebfe9ed0737feebfff600,1,TX 41 seq=18478 rx_latency=1ms tx_dur=1ms,22.536,
2731,10,933,2863661989,2026-07-14T15:29:40.407505+00:00,93.200145,52279,41,0202aab003a5cc37005a5811460e29efbf1ffffffc2246cd1e00000fc0007ebfe9ed0737feebfff600,1,TX 41 seq=18479 rx_latency=1ms tx_dur=1ms,14.299,
2731,10,934,2863661990,2026-07-14T15:29:40.507508+00:00,93.300159,52379,41,0202aab003a6cc9b005a5811460e29efbf1ffffffc2246cd1e00000fc0007ebfe9ed0737feebfff600,1,TX 41 seq=18480 rx_latency=1ms tx_dur=1ms,17.101,
2731,10,935,2863661991,2026-07-14T15:29:40.607507+00:00,93.400149,52479,41,0202aab003a7ccff005a5811460e29efbf1ffffffc2246cd1e00000fc0007ebfe9ed0737feebfff600,1,TX 41 seq=18481 rx_latency=1ms tx_dur=1ms,18.860,
2731,10,936,2863661992,2026-07-14T15:29:40.707506+00:00,93.500153,52579,41,0202aab003a8cd63005a5811460e29efbf1ffffffc2246cd1e00000fc0007ebfe9ed0737feebfff600,1,TX 41 seq=18482 rx_latency=1ms tx_dur=1ms,20.325,
2731,10,937,2863661993,2026-07-14T15:29:40.807506+00:00,93.600146,52679,41,0202aab003a9cdc7005a5811460e29efbf1ffffffc2246cd1e00000fc0007ebfe9ed0737feebfff600,1,TX 41 seq=18483 rx_latency=1ms tx_dur=1ms,22.111,
2731,10,938,2863661994,2026-07-14T15:29:40.907497+00:00,93.700128,52779,41,0202aab003aace2b005a5811460e29efbf1ffffffc2246cd1e00000fc0007ebfe9ed0737feebfff600,1,TX 41 seq=18484 rx_latency=1ms tx_dur=1ms,15.033,
2731,10,939,2863661995,2026-07-14T15:29:41.007507+00:00,93.800148,52879,41,0202aab003abce8f005a5811460e29efbf1ffffffc2246cd1e00000fc0007ebfe9ed0737feebfff600,1,TX 41 seq=18485 rx_latency=1ms tx_dur=1ms,16.695,
2731,10,940,2863661996,2026-07-14T15:29:41.107498+00:00,93.900130,52979,41,0202aab003accef3005a5811460e29efbf1ffffffc2246cd1e00000fc0007ebfe9ed0737feebfff600,1,TX 41 seq=18486 rx_latency=1ms tx_dur=1ms,18.252,
2731,10,941,2863661997,2026-07-14T15:29:41.207506+00:00,94.000145,53079,41,0202aab003adcf57005a5811460e29efbf1ffffffc2246cd1e00000fc0007ebfe9ed0737feebfff600,1,TX 41 seq=18487 rx_latency=1ms tx_dur=1ms,21.083,
2731,10,942,2863661998,2026-07-14T15:29:41.307497+00:00,94.100131,53179,41,0202aab003aecfbb005a5811460e29efbf1ffffffc2246cd1e00000fc0007ebfe9ed0737feebfff600,1,TX 41 seq=18488 rx_latency=1ms tx_dur=1ms,22.766,
2731,10,943,2863661999,2026-07-14T15:29:41.407502+00:00,94.200139,53279,41,0202aab003afd01f005a5811460e29efbf1ffffffc2246cd1e00000fc0007ebfe9ed0737feebfff600,1,TX 41 seq=18489 rx_latency=1ms tx_dur=1ms,14.572,
2731,10,944,2863662000,2026-07-14T15:29:41.507508+00:00,94.300158,53379,41,0202aab003b0d083005a5811460e29efbf1ffffffc2246cd1e00000fc0007ebfe9ed0737feebfff600,1,TX 41 seq=18490 rx_latency=1ms tx_dur=1ms,16.022,
2731,10,945,2863662001,2026-07-14T15:29:41.607507+00:00,94.400148,53479,41,0202aab003b1d0e7005a5811460e29efbf1ffffffc2246cd1e00000fc0007ebfe9ed0737feebfff600,1,TX 41 seq=18491 rx_latency=1ms tx_dur=1ms,18.881,
2731,10,946,2863662002,2026-07-14T15:29:41.707499+00:00,94.500137,53579,41,0202aab003b2d14b005a5811460e29efbf1ffffffc2246cd1e00000fc0007ebfe9ed0737feebfff600,1,TX 41 seq=18492 rx_latency=1ms tx_dur=1ms,20.598,
2731,10,947,2863662003,2026-07-14T15:29:41.807504+00:00,94.600141,53679,41,0202aab003b3d1af005a5811460e29efbf1ffffffc2246cd1e00000fc0007ebfe9ed0737feebfff600,1,TX 41 seq=18493 rx_latency=1ms tx_dur=1ms,22.345,
2731,10,948,2863662004,2026-07-14T15:29:41.907503+00:00,94.700139,53779,41,0202aab003b4d213005a5811460e29efbf1ffffffc2246cd1e00000fc0007ebfe9ed0737feebfff600,1,TX 41 seq=18494 rx_latency=1ms tx_dur=1ms,14.978,
2731,10,949,2863662005,2026-07-14T15:29:42.007501+00:00,94.800137,53879,41,0202aab003b5d277005a5811460e29efbf1ffffffc2246cd1e00000fc0007ebfe9ed0737feebfff600,1,TX 41 seq=18495 rx_latency=1ms tx_dur=1ms,16.826,
2731,10,950,2863662006,2026-07-14T15:29:42.107511+00:00,94.900148,53979,41,0202aab003b6d2db005a5811460e29efbf1ffffffc2246cd1e00000fc0007ebfe9ed0737feebfff600,1,TX 41 seq=18496 rx_latency=1ms tx_dur=1ms,18.381,
2731,10,951,2863662007,2026-07-14T15:29:42.207496+00:00,95.000127,54079,41,0202aab003b7d33f005a5811460e29efbf1ffffffc2246cd1e00000fc0007ebfe9ed0737feebfff600,1,TX 41 seq=18497 rx_latency=1ms tx_dur=1ms,20.286,
2731,10,952,2863662008,2026-07-14T15:29:42.307501+00:00,95.100136,54179,41,0202aab003b8d3a3005a5811460e29efbf1ffffffc2246cd1e00000fc0007ebfe9ed0737feebfff600,1,TX 41 seq=18498 rx_latency=1ms tx_dur=1ms,22.899,
2731,10,953,2863662009,2026-07-14T15:29:42.407493+00:00,95.200122,54279,41,0202aab003b9d407005a5811460e29efbf1ffffffc2246cd1e00000fc0007ebfe9ed0737feebfff600,1,TX 41 seq=18499 rx_latency=1ms tx_dur=1ms,14.693,
2731,10,954,2863662010,2026-07-14T15:29:42.507508+00:00,95.300161,54379,41,0202aab003bad46b005a5811460e29efbf1ffffffc2246cd1e00000fc0007ebfe9ed0737feebfff600,1,TX 41 seq=18500 rx_latency=1ms tx_dur=1ms,16.175,
2731,10,955,2863662011,2026-07-14T15:29:42.607498+00:00,95.400135,54479,41,0202aab003bbd4cf005a5811460e29efbf1ffffffc2246cd1e00000fc0007ebfe9ed0737feebfff600,1,TX 41 seq=18501 rx_latency=1ms tx_dur=1ms,18.117,
2731,10,956,2863662012,2026-07-14T15:29:42.707502+00:00,95.500140,54579,41,0202aab003bcd533005a5811460e29efbf1ffffffc2246cd1e00000fc0007ebfe9ed0737feebfff600,1,TX 41 seq=18502 rx_latency=1ms tx_dur=1ms,20.881,
2731,10,957,2863662013,2026-07-14T15:29:42.807501+00:00,95.600136,54679,41,0202aab003bdd597005a5811460e29efbf1ffffffc2246cd1e00000fc0007ebfe9ed0737feebfff600,1,TX 41 seq=18503 rx_latency=1ms tx_dur=1ms,22.304,
2731,10,958,2863662014,2026-07-14T15:29:42.907495+00:00,95.700125,54779,41,0202aab003bed5fb005a5811460e29efbf1ffffffc2246cd1e00000fc0007ebfe9ed0737feebfff600,1,TX 41 seq=18504 rx_latency=1ms tx_dur=1ms,14.247,
2731,10,959,2863662015,2026-07-14T15:29:43.007505+00:00,95.800145,54879,41,0202aab003bfd65f005a5811460e29efbf1ffffffc2246cd1e00000fc0007ebfe9ed0737feebfff600,1,TX 41 seq=18505 rx_latency=1ms tx_dur=1ms,16.917,
2731,10,960,2863662016,2026-07-14T15:29:43.107497+00:00,95.900127,54979,41,0202aab003c0d6c3005a5811460e29efbf1ffffffc2246cd1e00000fc0007ebfe9ed0737feebfff600,1,TX 41 seq=18506 rx_latency=1ms tx_dur=1ms,18.797,
2731,10,961,2863662017,2026-07-14T15:29:43.207502+00:00,96.000135,55079,41,0202aab003c1d727005a5811460e29efbf1ffffffc2246cd1e00000fc0007ebfe9ed0737feebfff600,1,TX 41 seq=18507 rx_latency=1ms tx_dur=1ms,20.148,
2731,10,962,2863662018,2026-07-14T15:29:43.307496+00:00,96.100127,55179,41,0202aab003c2d78b005a5811460e29efbf1ffffffc2246cd1e00000fc0007ebfe9ed0737feebfff600,1,TX 41 seq=18508 rx_latency=1ms tx_dur=1ms,23.183,
2731,10,963,2863662019,2026-07-14T15:29:43.407503+00:00,96.200138,55279,41,0202aab003c3d7ef005a5811460e29efbf1ffffffc2246cd1e00000fc0007ebfe9ed0737feebfff600,1,TX 41 seq=18509 rx_latency=1ms tx_dur=1ms,14.828,
2731,10,964,2863662020,2026-07-14T15:29:43.507504+00:00,96.300148,55379,41,0202aab003c4d853005a5811460e29efbf1ffffffc2246cd1e00000fc0007ebfe9ed0737feebfff600,1,TX 41 seq=18510 rx_latency=1ms tx_dur=1ms,16.578,
2731,10,965,2863662021,2026-07-14T15:29:43.607513+00:00,96.400164,55479,41,0202aab003c5d8b7005a5811460e29efbf1ffffffc2246cd1e00000fc0007ebfe9ed0737feebfff600,1,TX 41 seq=18511 rx_latency=1ms tx_dur=1ms,17.994,
2731,10,966,2863662022,2026-07-14T15:29:43.707513+00:00,96.500172,55579,41,0202aab003c6d91b005a5811460e29efbf1ffffffc2246cd1e00000fc0007ebfe9ed0737feebfff600,1,TX 41 seq=18512 rx_latency=1ms tx_dur=1ms,20.857,
2731,10,967,2863662023,2026-07-14T15:29:43.807506+00:00,96.600149,55679,41,0202aab003c7d97f005a5811460e29efbf1ffffffc2246cd1e00000fc0007ebfe9ed0737feebfff600,1,TX 41 seq=18513 rx_latency=1ms tx_dur=1ms,22.542,
2731,10,968,2863662024,2026-07-14T15:29:43.907499+00:00,96.700135,55779,41,0202aab003c8d9e3005a5811460e29efbf1ffffffc2246cd1e00000fc0007ebfe9ed0737feebfff600,1,TX 41 seq=18514 rx_latency=1ms tx_dur=1ms,14.378,
2731,10,969,2863662025,2026-07-14T15:29:44.007516+00:00,96.800171,55879,41,0202aab003c9da47005a5811460e29efbf1ffffffc2246cd1e00000fc0007ebfe9ed0737feebfff600,1,TX 41 seq=18515 rx_latency=1ms tx_dur=1ms,16.939,
2731,10,970,2863662026,2026-07-14T15:29:44.107504+00:00,96.900146,55979,41,0202aab003cadaab005a5811460e29efbf1ffffffc2246cd1e00000fc0007ebfe9ed0737feebfff600,1,TX 41 seq=18516 rx_latency=1ms tx_dur=1ms,18.747,
2731,10,971,2863662027,2026-07-14T15:29:44.207503+00:00,97.000142,56079,41,0202aab003cbdb0f005a5811460e29efbf1ffffffc2246cd1e00000fc0007ebfe9ed0737feebfff600,1,TX 41 seq=18517 rx_latency=1ms tx_dur=1ms,20.487,
2731,10,972,2863662028,2026-07-14T15:29:44.307497+00:00,97.100129,56179,41,0202aab003ccdb73005a5811460e29efbf1ffffffc2246cd1e00000fc0007ebfe9ed0737feebfff600,1,TX 41 seq=18518 rx_latency=1ms tx_dur=1ms,22.233,
2731,10,973,2863662029,2026-07-14T15:29:44.407504+00:00,97.200143,56279,41,0202aab003cddbd7005a5811460e29efbf1ffffffc2246cd1e00000fc0007ebfe9ed0737feebfff600,1,TX 41 seq=18519 rx_latency=1ms tx_dur=1ms,14.842,
2731,10,974,2863662030,2026-07-14T15:29:44.507497+00:00,97.300131,56379,41,0202aab003cedc3b005a5811460e29efbf1ffffffc2246cd1e00000fc0007ebfe9ed0737feebfff600,1,TX 41 seq=18520 rx_latency=1ms tx_dur=1ms,16.582,
2731,10,975,2863662031,2026-07-14T15:29:44.607505+00:00,97.400141,56479,41,0202aab003cfdc9f005a5811460e29efbf1ffffffc2246cd1e00000fc0007ebfe9ed0737feebfff600,1,TX 41 seq=18521 rx_latency=1ms tx_dur=1ms,18.299,
2731,10,976,2863662032,2026-07-14T15:29:44.707504+00:00,97.500141,56579,41,0202aab003d0dd03005a5811460e29efbf1ffffffc2246cd1e00000fc0007ebfe9ed0737feebfff600,1,TX 41 seq=18522 rx_latency=1ms tx_dur=1ms,20.145,
2731,10,977,2863662033,2026-07-14T15:29:44.807501+00:00,97.600142,56679,41,0202aab003d1dd67005a5811460e29efbf1ffffffc2246cd1e00000fc0007ebfe9ed0737feebfff600,1,TX 41 seq=18523 rx_latency=1ms tx_dur=1ms,22.695,
2731,10,978,2863662034,2026-07-14T15:29:44.907504+00:00,97.700142,56779,41,0202aab003d2ddcb005a5811460e29efbf1ffffffc2246cd1e00000fc0007ebfe9ed0737feebfff600,1,TX 41 seq=18524 rx_latency=1ms tx_dur=1ms,14.414,
2731,10,979,2863662035,2026-07-14T15:29:45.007497+00:00,97.800128,56879,41,0202aab003d3de2f005a5811460e29efbf1ffffffc2246cd1e00000fc0007ebfe9ed0737feebfff600,1,TX 41 seq=18525 rx_latency=1ms tx_dur=1ms,16.158,
2731,10,980,2863662036,2026-07-14T15:29:45.107427+00:00,97.900063,56979,41,0202aab003d4de93005a5811460e29efbf1ffffffc2246cd1e00000fc0007ebfe9ed0737feebfff600,1,TX 41 seq=18526 rx_latency=1ms tx_dur=1ms,19.065,
2731,10,981,2863662037,2026-07-14T15:29:45.207502+00:00,98.000136,57079,41,0202aab003d5def7005a5811460e29efbf1ffffffc2246cd1e00000fc0007ebfe9ed0737feebfff600,1,TX 41 seq=18527 rx_latency=1ms tx_dur=1ms,20.535,
2731,10,982,2863662038,2026-07-14T15:29:45.307506+00:00,98.100144,57179,41,0202aab003d6df5b005a5811460e29efbf1ffffffc2246cd1e00000fc0007ebfe9ed0737feebfff600,1,TX 41 seq=18528 rx_latency=1ms tx_dur=1ms,22.217,
2731,10,983,2863662039,2026-07-14T15:29:45.407497+00:00,98.200127,57279,41,0202aab003d7dfbf005a5811460e29efbf1ffffffc2246cd1e00000fc0007ebfe9ed0737feebfff600,1,TX 41 seq=18529 rx_latency=1ms tx_dur=1ms,15.114,
2731,10,984,2863662040,2026-07-14T15:29:45.507504+00:00,98.300140,57379,41,0202aab003d8e023005a5811460e29efbf1ffffffc2246cd1e00000fc0007ebfe9ed0737feebfff600,1,TX 41 seq=18530 rx_latency=1ms tx_dur=1ms,16.820,
2731,10,985,2863662041,2026-07-14T15:29:45.607508+00:00,98.400162,57479,41,0202aab003d9e087005a5811460e29efbf1ffffffc2246cd1e00000fc0007ebfe9ed0737feebfff600,1,TX 41 seq=18531 rx_latency=1ms tx_dur=1ms,18.256,
2731,10,986,2863662042,2026-07-14T15:29:45.707506+00:00,98.500148,57579,41,0202aab003dae0eb005a5811460e29efbf1ffffffc2246cd1e00000fc0007ebfe9ed0737feebfff600,1,TX 41 seq=18532 rx_latency=1ms tx_dur=1ms,20.050,
2731,10,987,2863662043,2026-07-14T15:29:45.807501+00:00,98.600144,57679,41,0202aab003dbe14f005a5811460e29efbf1ffffffc2246cd1e00000fc0007ebfe9ed0737feebfff600,1,TX 41 seq=18533 rx_latency=1ms tx_dur=1ms,22.810,
2731,10,988,2863662044,2026-07-14T15:29:45.907505+00:00,98.700145,57779,41,0202aab003dce1b3005a5811460e29efbf1ffffffc2246cd1e00000fc0007ebfe9ed0737feebfff600,1,TX 41 seq=18534 rx_latency=1ms tx_dur=1ms,14.631,
2731,10,989,2863662045,2026-07-14T15:29:46.007497+00:00,98.800128,57879,41,0202aab003dde217005a5811460e29efbf1ffffffc2246cd1e00000fc0007ebfe9ed0737feebfff600,1,TX 41 seq=18535 rx_latency=1ms tx_dur=1ms,16.512,
2731,10,990,2863662046,2026-07-14T15:29:46.107502+00:00,98.900139,57979,41,0202aab003dee27b005a5811460e29efbf1ffffffc2246cd1e00000fc0007ebfe9ed0737feebfff600,1,TX 41 seq=18536 rx_latency=1ms tx_dur=1ms,19.134,
2731,10,991,2863662047,2026-07-14T15:29:46.207502+00:00,99.000136,58079,41,0202aab003dfe2df005a5811460e29efbf1ffffffc2246cd1e00000fc0007ebfe9ed0737feebfff600,1,TX 41 seq=18537 rx_latency=1ms tx_dur=1ms,20.862,
2731,10,992,2863662048,2026-07-14T15:29:46.307498+00:00,99.100133,58179,41,0202aab003e0e343005a5811460e29efbf1ffffffc2246cd1e00000fc0007ebfe9ed0737feebfff600,1,TX 41 seq=18538 rx_latency=1ms tx_dur=1ms,22.551,
2731,10,993,2863662049,2026-07-14T15:29:46.407502+00:00,99.200139,58279,41,0202aab003e1e3a7005a5811460e29efbf1ffffffc2246cd1e00000fc0007ebfe9ed0737feebfff600,1,TX 41 seq=18539 rx_latency=1ms tx_dur=1ms,14.344,
2731,10,994,2863662050,2026-07-14T15:29:46.507503+00:00,99.300137,58379,41,0202aab003e2e40b005a5811460e29efbf1ffffffc2246cd1e00000fc0007ebfe9ed0737feebfff600,1,TX 41 seq=18540 rx_latency=1ms tx_dur=1ms,16.921,
2731,10,995,2863662051,2026-07-14T15:29:46.607496+00:00,99.400130,58479,41,0202aab003e3e46f005a5811460e29efbf1ffffffc2246cd1e00000fc0007ebfe9ed0737feebfff600,1,TX 41 seq=18541 rx_latency=1ms tx_dur=1ms,18.684,
2731,10,996,2863662052,2026-07-14T15:29:46.707503+00:00,99.500140,58579,41,0202aab003e4e4d3005a5811460e29efbf1ffffffc2246cd1e00000fc0007ebfe9ed0737feebfff600,1,TX 41 seq=18542 rx_latency=1ms tx_dur=1ms,20.416,
2731,10,997,2863662053,2026-07-14T15:29:46.807496+00:00,99.600127,58679,41,0202aab003e5e537005a5811460e29efbf1ffffffc2246cd1e00000fc0007ebfe9ed0737feebfff600,1,TX 41 seq=18543 rx_latency=1ms tx_dur=1ms,22.137,
2731,10,998,2863662054,2026-07-14T15:29:46.907501+00:00,99.700137,58779,41,0202aab003e6e59b005a5811460e29efbf1ffffffc2246cd1e00000fc0007ebfe9ed0737feebfff600,1,TX 41 seq=18544 rx_latency=1ms tx_dur=1ms,14.829,
2731,10,999,2863662055,2026-07-14T15:29:47.007513+00:00,99.800167,58879,41,0202aab003e7e5ff005a5811460e29efbf1ffffffc2246cd1e00000fc0007ebfe9ed0737feebfff600,1,TX 41 seq=18545 rx_latency=1ms tx_dur=1ms,16.472,
2731,10,1000,2863662056,2026-07-14T15:29:47.107499+00:00,99.900136,58979,41,0202aab003e8e663005a5811460e29efbf1ffffffc2246cd1e00000fc0007ebfe9ed0737feebfff600,1,TX 41 seq=18546 rx_latency=1ms tx_dur=1ms,18.244,
