received_at,elapsed_s,event,test_id,seq,station_id,generation_delta_time,payload_bytes,payload_encoding,asn_type,raw_hex,line,error
2026-07-14T15:45:47.701455+00:00,11.711961,rx_error,,,,,,,,,RX ERROR: 0x1810F07,
2026-07-14T15:45:47.730136+00:00,11.740635,valid,2736,2,2868903938,36538,41,hex,CAM,0202ab0000028eba005a5811460e29efbf1ffffffc2246cd1e00000fc0007ebfe9ed0737feebfff600,0202AB0000028EBA005A5811460E29EFBF1FFFFFFC2246CD1E00000FC0007EBFE9ED0737FEEBFFF600,
2026-07-14T15:45:47.767409+00:00,11.777909,rx_error,,,,,,,,,RX ERROR: 0x1810F07,
2026-07-14T15:45:47.789372+00:00,11.799872,rx_error,,,,,,,,,RX ERROR: 0x1810F07,
2026-07-14T15:45:47.811780+00:00,11.822290,rx_error,,,,,,,,,RX ERROR: 0x1810F07,
2026-07-14T15:45:47.885429+00:00,11.895941,valid,2736,9,2868903945,36693,41,hex,CAM,0202ab0000098f55005a5811460e29efbf1ffffffc2246cd1e00000fc0007ebfe9ed0737feebfff600,0202AB0000098F55005A5811460E29EFBF1FFFFFFC2246CD1E00000FC0007EBFE9ED0737FEEBFFF600,
2026-07-14T15:45:47.899772+00:00,11.910292,rx_error,,,,,,,,,RX ERROR: 0x1810F07,
2026-07-14T15:45:47.921763+00:00,11.932283,rx_error,,,,,,,,,RX ERROR: 0x1810F07,
2026-07-14T15:45:48.009938+00:00,12.020448,rx_error,,,,,,,,,RX ERROR: 0x180AF07,
2026-07-14T15:45:48.053453+00:00,12.063955,rx_error,,,,,,,,,RX ERROR: 0x1810F07,
2026-07-14T15:45:48.075439+00:00,12.085940,rx_error,,,,,,,,,RX ERROR: 0x1810F07,
2026-07-14T15:45:48.097416+00:00,12.107917,rx_error,,,,,,,,,RX ERROR: 0x1810F07,
2026-07-14T15:45:48.119197+00:00,12.129685,rx_error,,,,,,,,,RX ERROR: 0x1810F07,
2026-07-14T15:45:48.141171+00:00,12.151659,rx_error,,,,,,,,,RX ERROR: 0x1810F07,
2026-07-14T15:45:48.185161+00:00,12.195650,rx_error,,,,,,,,,RX ERROR: 0x1801307,
2026-07-14T15:45:48.295409+00:00,12.305913,rx_error,,,,,,,,,RX ERROR: 0x1810F07,
2026-07-14T15:45:48.339454+00:00,12.349959,rx_error,,,,,,,,,RX ERROR: 0x1810F07,
2026-07-14T15:45:48.390048+00:00,12.400547,valid,2736,32,2868903968,37199,41,hex,CAM,0202ab000020914f005a5811460e29efbf1ffffffc2246cd1e00000fc0007ebfe9ed0737feebfff600,0202AB000020914F005A5811460E29EFBF1FFFFFFC2246CD1E00000FC0007EBFE9ED0737FEEBFFF600,
2026-07-14T15:45:48.405844+00:00,12.416358,rx_error,,,,,,,,,RX ERROR: 0x1810F07,
2026-07-14T15:45:48.427795+00:00,12.438307,rx_error,,,,,,,,,RX ERROR: 0x1810F07,
2026-07-14T15:45:48.449718+00:00,12.460232,rx_error,,,,,,,,,RX ERROR: 0x1810F07,
2026-07-14T15:45:48.471593+00:00,12.482098,rx_error,,,,,,,,,RX ERROR: 0x1810F07,
2026-07-14T15:45:48.493753+00:00,12.504265,rx_error,,,,,,,,,RX ERROR: 0x1810F07,
2026-07-14T15:45:48.515613+00:00,12.526138,rx_error,,,,,,,,,RX ERROR: 0x1810F07,
2026-07-14T15:45:48.610898+00:00,12.621410,valid,2736,42,2868903978,37418,41,hex,CAM,0202ab00002a922a005a5811460e29efbf1ffffffc2246cd1e00000fc0007ebfe9ed0737feebfff600,0202AB00002A922A005A5811460E29EFBF1FFFFFFC2246CD1E00000FC0007EBFE9ED0737FEEBFFF600,
2026-07-14T15:45:48.647489+00:00,12.657995,rx_error,,,,,,,,,RX ERROR: 0x1810F07,
2026-07-14T15:45:48.676266+00:00,12.686763,valid,2736,45,2868903981,37484,41,hex,CAM,0202ab00002d926c005a5811460e29efbf1ffffffc2246cd1e00000fc0007ebfe9ed0737feebfff600,0202AB00002D926C005A5811460E29EFBF1FFFFFFC2246CD1E00000FC0007EBFE9ED0737FEEBFFF600,
2026-07-14T15:45:48.713618+00:00,12.724152,rx_error,,,,,,,,,RX ERROR: 0x1810F07,
2026-07-14T15:45:48.801804+00:00,12.812321,rx_error,,,,,,,,,RX ERROR: 0x1810F07,
2026-07-14T15:45:48.845528+00:00,12.856036,rx_error,,,,,,,,,RX ERROR: 0x1810F07,
2026-07-14T15:45:48.874771+00:00,12.885273,valid,2736,54,2868903990,37682,41,hex,CAM,0202ab0000369332005a5811460e29efbf1ffffffc2246cd1e00000fc0007ebfe9ed0737feebfff600,0202AB0000369332005A5811460E29EFBF1FFFFFFC2246CD1E00000FC0007EBFE9ED0737FEEBFFF600,
2026-07-14T15:45:48.911425+00:00,12.921927,rx_error,,,,,,,,,RX ERROR: 0x1810F07,
2026-07-14T15:45:48.933342+00:00,12.943842,rx_error,,,,,,,,,RX ERROR: 0x1810F07,
2026-07-14T15:45:48.961913+00:00,12.972411,valid,2736,58,2868903994,37770,41,hex,CAM,0202ab00003a938a005a5811460e29efbf1ffffffc2246cd1e00000fc0007ebfe9ed0737feebfff600,0202AB00003A938A005A5811460E29EFBF1FFFFFFC2246CD1E00000FC0007EBFE9ED0737FEEBFFF600,
2026-07-14T15:45:48.999367+00:00,13.009868,rx_error,,,,,,,,,RX ERROR: 0x1810F07,
2026-07-14T15:45:49.021290+00:00,13.031790,rx_error,,,,,,,,,RX ERROR: 0x1810F07,
2026-07-14T15:45:49.049946+00:00,13.060444,valid,2736,62,2868903998,37858,41,hex,CAM,0202ab00003e93e2005a5811460e29efbf1ffffffc2246cd1e00000fc0007ebfe9ed0737feebfff600,0202AB00003E93E2005A5811460E29EFBF1FFFFFFC2246CD1E00000FC0007EBFE9ED0737FEEBFFF600,
2026-07-14T15:45:49.153292+00:00,13.163792,rx_error,,,,,,,,,RX ERROR: 0x1810F07,
2026-07-14T15:45:49.203863+00:00,13.214365,valid,2736,69,2868904005,38012,41,hex,CAM,0202ab000045947c005a5811460e29efbf1ffffffc2246cd1e00000fc0007ebfe9ed0737feebfff600,0202AB000045947C005A5811460E29EFBF1FFFFFFC2246CD1E00000FC0007EBFE9ED0737FEEBFFF600,
2026-07-14T15:45:49.247849+00:00,13.258349,valid,2736,71,2868904007,38056,41,hex,CAM,0202ab00004794a8005a5811460e29efbf1ffffffc2246cd1e00000fc0007ebfe9ed0737feebfff600,0202AB00004794A8005A5811460E29EFBF1FFFFFFC2246CD1E00000FC0007EBFE9ED0737FEEBFFF600,
2026-07-14T15:45:49.263262+00:00,13.273760,rx_error,,,,,,,,,RX ERROR: 0x1810F07,
2026-07-14T15:45:49.291897+00:00,13.302396,valid,2736,73,2868904009,38100,41,hex,CAM,0202ab00004994d4005a5811460e29efbf1ffffffc2246cd1e00000fc0007ebfe9ed0737feebfff600,0202AB00004994D4005A5811460E29EFBF1FFFFFFC2246CD1E00000FC0007EBFE9ED0737FEEBFFF600,
2026-07-14T15:45:49.329359+00:00,13.339859,rx_error,,,,,,,,,RX ERROR: 0x1810F07,
2026-07-14T15:45:49.401338+00:00,13.411838,rx_error,,,,,,,,,RX ERROR: 0x1810F07,
2026-07-14T15:45:49.707411+00:00,13.717915,rx_error,,,,,,,,,RX ERROR: 0x1810F07,
2026-07-14T15:45:49.799355+00:00,13.809862,rx_error,,,,,,,,,RX ERROR: 0x1810F07,
2026-07-14T15:45:49.909670+00:00,13.920189,valid,2736,81,2868904017,38721,41,hex,CAM,0202ab0000519741005a5811460e29efbf1ffffffc2246cd1e00000fc0007ebfe9ed0737feebfff600,0202AB0000519741005A5811460E29EFBF1FFFFFFC2246CD1E00000FC0007EBFE9ED0737FEEBFFF600,
2026-07-14T15:45:50.215386+00:00,14.225904,valid,2736,84,2868904020,39021,41,hex,CAM,0202ab000054986d005a5811460e29efbf1ffffffc2246cd1e00000fc0007ebfe9ed0737feebfff600,0202AB000054986D005A5811460E29EFBF1FFFFFFC2246CD1E00000FC0007EBFE9ED0737FEEBFFF600,
2026-07-14T15:45:50.299345+00:00,14.309846,rx_error,,,,,,,,,RX ERROR: 0x1810F07,
2026-07-14T15:45:50.509264+00:00,14.519755,valid,2736,87,2868904023,39321,41,hex,CAM,0202ab0000579999005a5811460e29efbf1ffffffc2246cd1e00000fc0007ebfe9ed0737feebfff600,0202AB0000579999005A5811460E29EFBF1FFFFFFC2246CD1E00000FC0007EBFE9ED0737FEEBFFF600,
2026-07-14T15:45:50.605257+00:00,14.615749,rx_error,,,,,,,,,RX ERROR: 0x1810F07,
2026-07-14T15:45:50.707607+00:00,14.718144,rx_error,,,,,,,,,RX ERROR: 0x1810F07,
2026-07-14T15:45:50.799201+00:00,14.809693,rx_error,,,,,,,,,RX ERROR: 0x5800107,
2026-07-14T15:45:50.907214+00:00,14.917705,valid,2736,91,2868904027,39721,41,hex,CAM,0202ab00005b9b29005a5811460e29efbf1ffffffc2246cd1e00000fc0007ebfe9ed0737feebfff600,0202AB00005B9B29005A5811460E29EFBF1FFFFFFC2246CD1E00000FC0007EBFE9ED0737FEEBFFF600,
2026-07-14T15:45:51.010836+00:00,15.021341,valid,2736,92,2868904028,39821,41,hex,CAM,0202ab00005c9b8d005a5811460e29efbf1ffffffc2246cd1e00000fc0007ebfe9ed0737feebfff600,0202AB00005C9B8D005A5811460E29EFBF1FFFFFFC2246CD1E00000FC0007EBFE9ED0737FEEBFFF600,
2026-07-14T15:45:51.105507+00:00,15.116018,rx_error,,,,,,,,,RX ERROR: 0x1810F07,
2026-07-14T15:45:51.214129+00:00,15.224629,valid,2736,94,2868904030,40021,41,hex,CAM,0202ab00005e9c55005a5811460e29efbf1ffffffc2246cd1e00000fc0007ebfe9ed0737feebfff600,0202AB00005E9C55005A5811460E29EFBF1FFFFFFC2246CD1E00000FC0007EBFE9ED0737FEEBFFF600,
2026-07-14T15:45:51.299408+00:00,15.309912,rx_error,,,,,,,,,RX ERROR: 0x1801307,
2026-07-14T15:45:51.611988+00:00,15.622493,valid,2736,98,2868904034,40421,41,hex,CAM,0202ab0000629de5005a5811460e29efbf1ffffffc2246cd1e00000fc0007ebfe9ed0737feebfff600,0202AB0000629DE5005A5811460E29EFBF1FFFFFFC2246CD1E00000FC0007EBFE9ED0737FEEBFFF600,
2026-07-14T15:45:51.713134+00:00,15.723624,valid,2736,99,2868904035,40521,41,hex,CAM,0202ab0000639e49005a5811460e29efbf1ffffffc2246cd1e00000fc0007ebfe9ed0737feebfff600,0202AB0000639E49005A5811460E29EFBF1FFFFFFC2246CD1E00000FC0007EBFE9ED0737FEEBFFF600,
2026-07-14T15:45:51.799326+00:00,15.809834,rx_error,,,,,,,,,RX ERROR: 0x1810F07,
2026-07-14T15:45:52.105482+00:00,16.115991,rx_error,,,,,,,,,RX ERROR: 0x1810F07,
2026-07-14T15:45:52.214132+00:00,16.224631,valid,2736,104,2868904040,41021,41,hex,CAM,0202ab000068a03d005a5811460e29efbf1ffffffc2246cd1e00000fc0007ebfe9ed0737feebfff600,0202AB000068A03D005A5811460E29EFBF1FFFFFFC2246CD1E00000FC0007EBFE9ED0737FEEBFFF600,
2026-07-14T15:45:52.299463+00:00,16.309966,rx_error,,,,,,,,,RX ERROR: 0x1810F07,
2026-07-14T15:45:52.401206+00:00,16.411694,rx_error,,,,,,,,,RX ERROR: 0x5800107,
2026-07-14T15:45:52.510209+00:00,16.520713,valid,2736,107,2868904043,41321,41,hex,CAM,0202ab00006ba169005a5811460e29efbf1ffffffc2246cd1e00000fc0007ebfe9ed0737feebfff600,0202AB00006BA169005A5811460E29EFBF1FFFFFFC2246CD1E00000FC0007EBFE9ED0737FEEBFFF600,
2026-07-14T15:45:52.611901+00:00,16.622403,valid,2736,108,2868904044,41421,41,hex,CAM,0202ab00006ca1cd005a5811460e29efbf1ffffffc2246cd1e00000fc0007ebfe9ed0737feebfff600,0202AB00006CA1CD005A5811460E29EFBF1FFFFFFC2246CD1E00000FC0007EBFE9ED0737FEEBFFF600,
2026-07-14T15:45:52.707366+00:00,16.717874,rx_error,,,,,,,,,RX ERROR: 0x1810F07,
2026-07-14T15:45:52.799453+00:00,16.809960,rx_error,,,,,,,,,RX ERROR: 0x180AF07,
2026-07-14T15:45:53.105326+00:00,17.115835,rx_error,,,,,,,,,RX ERROR: 0x1810F07,
2026-07-14T15:45:53.207279+00:00,17.217787,rx_error,,,,,,,,,RX ERROR: 0x1801307,
2026-07-14T15:45:53.305938+00:00,17.316438,valid,2736,115,2868904051,42121,41,hex,CAM,0202ab000073a489005a5811460e29efbf1ffffffc2246cd1e00000fc0007ebfe9ed0737feebfff600,0202AB000073A489005A5811460E29EFBF1FFFFFFC2246CD1E00000FC0007EBFE9ED0737FEEBFFF600,
2026-07-14T15:45:53.401312+00:00,17.411817,rx_error,,,,,,,,,RX ERROR: 0x1810F07,
2026-07-14T15:45:53.503234+00:00,17.513733,rx_error,,,,,,,,,RX ERROR: 0x1810F07,
2026-07-14T15:45:53.605355+00:00,17.615863,rx_error,,,,,,,,,RX ERROR: 0x1810F07,
2026-07-14T15:45:53.707216+00:00,17.717706,rx_error,,,,,,,,,RX ERROR: 0x1810F07,
2026-07-14T15:45:53.907454+00:00,17.917947,valid,2736,121,2868904057,42721,41,hex,CAM,0202ab000079a6e1005a5811460e29efbf1ffffffc2246cd1e00000fc0007ebfe9ed0737feebfff600,0202AB000079A6E1005A5811460E29EFBF1FFFFFFC2246CD1E00000FC0007EBFE9ED0737FEEBFFF600,
2026-07-14T15:45:54.009326+00:00,18.019820,valid,2736,122,2868904058,42821,41,hex,CAM,0202ab00007aa745005a5811460e29efbf1ffffffc2246cd1e00000fc0007ebfe9ed0737feebfff600,0202AB00007AA745005A5811460E29EFBF1FFFFFFC2246CD1E00000FC0007EBFE9ED0737FEEBFFF600,
2026-07-14T15:45:54.110900+00:00,18.121387,valid,2736,123,2868904059,42921,41,hex,CAM,0202ab00007ba7a9005a5811460e29efbf1ffffffc2246cd1e00000fc0007ebfe9ed0737feebfff600,0202AB00007BA7A9005A5811460E29EFBF1FFFFFFC2246CD1E00000FC0007EBFE9ED0737FEEBFFF600,
2026-07-14T15:45:54.213995+00:00,18.224499,valid,2736,124,2868904060,43021,41,hex,CAM,0202ab00007ca80d005a5811460e29efbf1ffffffc2246cd1e00000fc0007ebfe9ed0737feebfff600,0202AB00007CA80D005A5811460E29EFBF1FFFFFFC2246CD1E00000FC0007EBFE9ED0737FEEBFFF600,
2026-07-14T15:45:54.306036+00:00,18.316540,valid,2736,125,2868904061,43121,41,hex,CAM,0202ab00007da871005a5811460e29efbf1ffffffc2246cd1e00000fc0007ebfe9ed0737feebfff600,0202AB00007DA871005A5811460E29EFBF1FFFFFFC2246CD1E00000FC0007EBFE9ED0737FEEBFFF600,
2026-07-14T15:45:54.401099+00:00,18.411587,rx_error,,,,,,,,,RX ERROR: 0x1810F07,
2026-07-14T15:45:54.806106+00:00,18.816609,valid,2736,130,2868904066,43621,41,hex,CAM,0202ab000082aa65005a5811460e29efbf1ffffffc2246cd1e00000fc0007ebfe9ed0737feebfff600,0202AB000082AA65005A5811460E29EFBF1FFFFFFC2246CD1E00000FC0007EBFE9ED0737FEEBFFF600,
2026-07-14T15:45:55.011527+00:00,19.022043,valid,2736,132,2868904068,43821,41,hex,CAM,0202ab000084ab2d005a5811460e29efbf1ffffffc2246cd1e00000fc0007ebfe9ed0737feebfff600,0202AB000084AB2D005A5811460E29EFBF1FFFFFFC2246CD1E00000FC0007EBFE9ED0737FEEBFFF600,
2026-07-14T15:45:55.215513+00:00,19.226030,valid,2736,134,2868904070,44021,41,hex,CAM,0202ab000086abf5005a5811460e29efbf1ffffffc2246cd1e00000fc0007ebfe9ed0737feebfff600,0202AB000086ABF5005A5811460E29EFBF1FFFFFFC2246CD1E00000FC0007EBFE9ED0737FEEBFFF600,
2026-07-14T15:45:55.409451+00:00,19.419971,valid,2736,136,2868904072,44221,41,hex,CAM,0202ab000088acbd005a5811460e29efbf1ffffffc2246cd1e00000fc0007ebfe9ed0737feebfff600,0202AB000088ACBD005A5811460E29EFBF1FFFFFFC2246CD1E00000FC0007EBFE9ED0737FEEBFFF600,
2026-07-14T15:45:55.503856+00:00,19.514364,rx_error,,,,,,,,,RX ERROR: 0x1810F07,
2026-07-14T15:45:55.605428+00:00,19.615936,rx_error,,,,,,,,,RX ERROR: 0x1810F07,
2026-07-14T15:45:55.799206+00:00,19.809700,rx_error,,,,,,,,,RX ERROR: 0x1810F07,
2026-07-14T15:45:55.901341+00:00,19.911847,rx_error,,,,,,,,,RX ERROR: 0x1810F07,
2026-07-14T15:45:56.003406+00:00,20.013910,rx_error,,,,,,,,,RX ERROR: 0x5800107,
2026-07-14T15:45:56.105351+00:00,20.115859,rx_error,,,,,,,,,RX ERROR: 0x1810F07,
2026-07-14T15:45:56.207392+00:00,20.217901,rx_error,,,,,,,,,RX ERROR: 0x1810F07,
2026-07-14T15:45:56.299388+00:00,20.309893,rx_error,,,,,,,,,RX ERROR: 0x1810F07,
2026-07-14T15:45:56.401437+00:00,20.411954,rx_error,,,,,,,,,RX ERROR: 0x1810F07,
2026-07-14T15:45:56.503408+00:00,20.513915,rx_error,,,,,,,,,RX ERROR: 0x1810F07,
2026-07-14T15:45:56.713005+00:00,20.723492,valid,2736,149,2868904085,45521,41,hex,CAM,0202ab000095b1d1005a5811460e29efbf1ffffffc2246cd1e00000fc0007ebfe9ed0737feebfff600,0202AB000095B1D1005A5811460E29EFBF1FFFFFFC2246CD1E00000FC0007EBFE9ED0737FEEBFFF600,
2026-07-14T15:45:56.799355+00:00,20.809863,rx_error,,,,,,,,,RX ERROR: 0x1810F07,
2026-07-14T15:45:56.907699+00:00,20.918195,valid,2736,151,2868904087,45721,41,hex,CAM,0202ab000097b299005a5811460e29efbf1ffffffc2246cd1e00000fc0007ebfe9ed0737feebfff600,0202AB000097B299005A5811460E29EFBF1FFFFFFC2246CD1E00000FC0007EBFE9ED0737FEEBFFF600,
2026-07-14T15:45:57.003343+00:00,21.013851,rx_error,,,,,,,,,RX ERROR: 0x1810F07,
2026-07-14T15:45:57.105303+00:00,21.115803,rx_error,,,,,,,,,RX ERROR: 0x1810F07,
2026-07-14T15:45:57.213998+00:00,21.224502,valid,2736,154,2868904090,46021,41,hex,CAM,0202ab00009ab3c5005a5811460e29efbf1ffffffc2246cd1e00000fc0007ebfe9ed0737feebfff600,0202AB00009AB3C5005A5811460E29EFBF1FFFFFFC2246CD1E00000FC0007EBFE9ED0737FEEBFFF600,
2026-07-14T15:45:57.306016+00:00,21.316520,valid,2736,155,2868904091,46121,41,hex,CAM,0202ab00009bb429005a5811460e29efbf1ffffffc2246cd1e00000fc0007ebfe9ed0737feebfff600,0202AB00009BB429005A5811460E29EFBF1FFFFFFC2246CD1E00000FC0007EBFE9ED0737FEEBFFF600,
2026-07-14T15:45:57.407979+00:00,21.418485,valid,2736,156,2868904092,46221,41,hex,CAM,0202ab00009cb48d005a5811460e29efbf1ffffffc2246cd1e00000fc0007ebfe9ed0737feebfff600,0202AB00009CB48D005A5811460E29EFBF1FFFFFFC2246CD1E00000FC0007EBFE9ED0737FEEBFFF600,
2026-07-14T15:45:57.503399+00:00,21.513905,rx_error,,,,,,,,,RX ERROR: 0x1810F07,
2026-07-14T15:45:57.611362+00:00,21.621860,valid,2736,158,2868904094,46421,41,hex,CAM,0202ab00009eb555005a5811460e29efbf1ffffffc2246cd1e00000fc0007ebfe9ed0737feebfff600,0202AB00009EB555005A5811460E29EFBF1FFFFFFC2246CD1E00000FC0007EBFE9ED0737FEEBFFF600,
2026-07-14T15:45:57.707424+00:00,21.717931,rx_error,,,,,,,,,RX ERROR: 0x1810F07,
2026-07-14T15:45:57.806023+00:00,21.816529,valid,2736,160,2868904096,46621,41,hex,CAM,0202ab0000a0b61d005a5811460e29efbf1ffffffc2246cd1e00000fc0007ebfe9ed0737feebfff600,0202AB0000A0B61D005A5811460E29EFBF1FFFFFFC2246CD1E00000FC0007EBFE9ED0737FEEBFFF600,
2026-07-14T15:45:57.901394+00:00,21.911897,rx_error,,,,,,,,,RX ERROR: 0x1810F07,
2026-07-14T15:45:58.003340+00:00,22.013848,rx_error,,,,,,,,,RX ERROR: 0x1810F07,
2026-07-14T15:45:58.105408+00:00,22.115915,rx_error,,,,,,,,,RX ERROR: 0x1810F07,
2026-07-14T15:45:58.213332+00:00,22.223820,valid,2736,164,2868904100,47021,41,hex,CAM,0202ab0000a4b7ad005a5811460e29efbf1ffffffc2246cd1e00000fc0007ebfe9ed0737feebfff600,0202AB0000A4B7AD005A5811460E29EFBF1FFFFFFC2246CD1E00000FC0007EBFE9ED0737FEEBFFF600,
2026-07-14T15:45:58.299492+00:00,22.309989,rx_error,,,,,,,,,RX ERROR: 0x1810F07,
2026-07-14T15:45:58.407912+00:00,22.418412,valid,2736,166,2868904102,47221,41,hex,CAM,0202ab0000a6b875005a5811460e29efbf1ffffffc2246cd1e00000fc0007ebfe9ed0737feebfff600,0202AB0000A6B875005A5811460E29EFBF1FFFFFFC2246CD1E00000FC0007EBFE9ED0737FEEBFFF600,
2026-07-14T15:45:58.503411+00:00,22.513913,rx_error,,,,,,,,,RX ERROR: 0x1810F07,
2026-07-14T15:45:58.612146+00:00,22.622650,valid,2736,168,2868904104,47421,41,hex,CAM,0202ab0000a8b93d005a5811460e29efbf1ffffffc2246cd1e00000fc0007ebfe9ed0737feebfff600,0202AB0000A8B93D005A5811460E29EFBF1FFFFFFC2246CD1E00000FC0007EBFE9ED0737FEEBFFF600,
2026-07-14T15:45:58.799420+00:00,22.809927,rx_error,,,,,,,,,RX ERROR: 0x1810F07,
2026-07-14T15:45:58.901423+00:00,22.911932,rx_error,,,,,,,,,RX ERROR: 0x1810F07,
2026-07-14T15:45:59.207370+00:00,23.217876,rx_error,,,,,,,,,RX ERROR: 0x1810F07,
2026-07-14T15:45:59.299377+00:00,23.309881,rx_error,,,,,,,,,RX ERROR: 0x1810F07,
2026-07-14T15:45:59.408051+00:00,23.418550,valid,2736,176,2868904112,48221,41,hex,CAM,0202ab0000b0bc5d005a5811460e29efbf1ffffffc2246cd1e00000fc0007ebfe9ed0737feebfff600,0202AB0000B0BC5D005A5811460E29EFBF1FFFFFFC2246CD1E00000FC0007EBFE9ED0737FEEBFFF600,
2026-07-14T15:45:59.503423+00:00,23.513925,rx_error,,,,,,,,,RX ERROR: 0x1810F07,
2026-07-14T15:45:59.612125+00:00,23.622627,valid,2736,178,2868904114,48421,41,hex,CAM,0202ab0000b2bd25005a5811460e29efbf1ffffffc2246cd1e00000fc0007ebfe9ed0737feebfff600,0202AB0000B2BD25005A5811460E29EFBF1FFFFFFC2246CD1E00000FC0007EBFE9ED0737FEEBFFF600,
2026-07-14T15:45:59.901464+00:00,23.911978,rx_error,,,,,,,,,RX ERROR: 0x180AF07,
2026-07-14T15:46:00.003502+00:00,24.014008,rx_error,,,,,,,,,RX ERROR: 0x1810F07,
2026-07-14T15:46:00.111010+00:00,24.121498,valid,2736,183,2868904119,48921,41,hex,CAM,0202ab0000b7bf19005a5811460e29efbf1ffffffc2246cd1e00000fc0007ebfe9ed0737feebfff600,0202AB0000B7BF19005A5811460E29EFBF1FFFFFFC2246CD1E00000FC0007EBFE9ED0737FEEBFFF600,
2026-07-14T15:46:00.214071+00:00,24.224576,valid,2736,184,2868904120,49021,41,hex,CAM,0202ab0000b8bf7d005a5811460e29efbf1ffffffc2246cd1e00000fc0007ebfe9ed0737feebfff600,0202AB0000B8BF7D005A5811460E29EFBF1FFFFFFC2246CD1E00000FC0007EBFE9ED0737FEEBFFF600,
2026-07-14T15:46:00.305078+00:00,24.315565,valid,2736,185,2868904121,49121,41,hex,CAM,0202ab0000b9bfe1005a5811460e29efbf1ffffffc2246cd1e00000fc0007ebfe9ed0737feebfff600,0202AB0000B9BFE1005A5811460E29EFBF1FFFFFFC2246CD1E00000FC0007EBFE9ED0737FEEBFFF600,
2026-07-14T15:46:00.401328+00:00,24.411820,rx_error,,,,,,,,,RX ERROR: 0x1810F07,
2026-07-14T15:46:00.511621+00:00,24.522160,valid,2736,187,2868904123,49321,41,hex,CAM,0202ab0000bbc0a9005a5811460e29efbf1ffffffc2246cd1e00000fc0007ebfe9ed0737feebfff600,0202AB0000BBC0A9005A5811460E29EFBF1FFFFFFC2246CD1E00000FC0007EBFE9ED0737FEEBFFF600,
2026-07-14T15:46:00.715011+00:00,24.725520,valid,2736,189,2868904125,49521,41,hex,CAM,0202ab0000bdc171005a5811460e29efbf1ffffffc2246cd1e00000fc0007ebfe9ed0737feebfff600,0202AB0000BDC171005A5811460E29EFBF1FFFFFFC2246CD1E00000FC0007EBFE9ED0737FEEBFFF600,
2026-07-14T15:46:00.799353+00:00,24.809859,rx_error,,,,,,,,,RX ERROR: 0x1810F07,
2026-07-14T15:46:00.901158+00:00,24.911646,rx_error,,,,,,,,,RX ERROR: 0x1810F07,
2026-07-14T15:46:01.003472+00:00,25.013979,rx_error,,,,,,,,,RX ERROR: 0x1810F07,
2026-07-14T15:46:01.112064+00:00,25.122567,valid,2736,193,2868904129,49921,41,hex,CAM,0202ab0000c1c301005a5811460e29efbf1ffffffc2246cd1e00000fc0007ebfe9ed0737feebfff600,0202AB0000C1C301005A5811460E29EFBF1FFFFFFC2246CD1E00000FC0007EBFE9ED0737FEEBFFF600,
2026-07-14T15:46:01.207424+00:00,25.217930,rx_error,,,,,,,,,RX ERROR: 0x1810F07,
2026-07-14T15:46:01.299427+00:00,25.309945,rx_error,,,,,,,,,RX ERROR: 0x1810F07,
2026-07-14T15:46:01.408069+00:00,25.418572,valid,2736,196,2868904132,50221,41,hex,CAM,0202ab0000c4c42d005a5811460e29efbf1ffffffc2246cd1e00000fc0007ebfe9ed0737feebfff600,0202AB0000C4C42D005A5811460E29EFBF1FFFFFFC2246CD1E00000FC0007EBFE9ED0737FEEBFFF600,
2026-07-14T15:46:02.105144+00:00,26.115634,rx_error,,,,,,,,,RX ERROR: 0x1810F07,
2026-07-14T15:46:02.207284+00:00,26.217783,rx_error,,,,,,,,,RX ERROR: 0x1810F07,
2026-07-14T15:46:02.305972+00:00,26.316475,valid,2736,205,2868904141,51121,41,hex,CAM,0202ab0000cdc7b1005a5811460e29efbf1ffffffc2246cd1e00000fc0007ebfe9ed0737feebfff600,0202AB0000CDC7B1005A5811460E29EFBF1FFFFFFC2246CD1E00000FC0007EBFE9ED0737FEEBFFF600,
2026-07-14T15:46:02.407007+00:00,26.417493,valid,2736,206,2868904142,51221,41,hex,CAM,0202ab0000cec815005a5811460e29efbf1ffffffc2246cd1e00000fc0007ebfe9ed0737feebfff600,0202AB0000CEC815005A5811460E29EFBF1FFFFFFC2246CD1E00000FC0007EBFE9ED0737FEEBFFF600,
2026-07-14T15:46:02.503338+00:00,26.513849,rx_error,,,,,,,,,RX ERROR: 0x1810F07,
2026-07-14T15:46:02.805941+00:00,26.816445,valid,2736,210,2868904146,51621,41,hex,CAM,0202ab0000d2c9a5005a5811460e29efbf1ffffffc2246cd1e00000fc0007ebfe9ed0737feebfff600,0202AB0000D2C9A5005A5811460E29EFBF1FFFFFFC2246CD1E00000FC0007EBFE9ED0737FEEBFFF600,
2026-07-14T15:46:03.105458+00:00,27.115963,rx_error,,,,,,,,,RX ERROR: 0x1810F07,
2026-07-14T15:46:03.299475+00:00,27.309981,rx_error,,,,,,,,,RX ERROR: 0x1810F07,
2026-07-14T15:46:03.408029+00:00,27.418533,valid,2736,216,2868904152,52221,41,hex,CAM,0202ab0000d8cbfd005a5811460e29efbf1ffffffc2246cd1e00000fc0007ebfe9ed0737feebfff600,0202AB0000D8CBFD005A5811460E29EFBF1FFFFFFC2246CD1E00000FC0007EBFE9ED0737FEEBFFF600,
2026-07-14T15:46:03.799417+00:00,27.809926,rx_error,,,,,,,,,RX ERROR: 0x1810F07,
2026-07-14T15:46:04.105492+00:00,28.116000,rx_error,,,,,,,,,RX ERROR: 0x1810F07,
2026-07-14T15:46:04.299218+00:00,28.309707,rx_error,,,,,,,,,RX ERROR: 0x1810F07,
2026-07-14T15:46:04.401409+00:00,28.411913,rx_error,,,,,,,,,RX ERROR: 0x1810F07,
2026-07-14T15:46:04.707972+00:00,28.718481,rx_error,,,,,,,,,RX ERROR: 0x1810F07,
2026-07-14T15:46:04.799157+00:00,28.809645,rx_error,,,,,,,,,RX ERROR: 0x1810F07,
2026-07-14T15:46:04.901154+00:00,28.911643,rx_error,,,,,,,,,RX ERROR: 0x1810F07,
2026-07-14T15:46:05.009937+00:00,29.020441,valid,2736,232,2868904168,53821,41,hex,CAM,0202ab0000e8d23d005a5811460e29efbf1ffffffc2246cd1e00000fc0007ebfe9ed0737feebfff600,0202AB0000E8D23D005A5811460E29EFBF1FFFFFFC2246CD1E00000FC0007EBFE9ED0737FEEBFFF600,
2026-07-14T15:46:05.111915+00:00,29.122419,valid,2736,233,2868904169,53921,41,hex,CAM,0202ab0000e9d2a1005a5811460e29efbf1ffffffc2246cd1e00000fc0007ebfe9ed0737feebfff600,0202AB0000E9D2A1005A5811460E29EFBF1FFFFFFC2246CD1E00000FC0007EBFE9ED0737FEEBFFF600,
2026-07-14T15:46:05.207196+00:00,29.217683,rx_error,,,,,,,,,RX ERROR: 0x1810F07,
2026-07-14T15:46:05.306002+00:00,29.316505,valid,2736,235,2868904171,54121,41,hex,CAM,0202ab0000ebd369005a5811460e29efbf1ffffffc2246cd1e00000fc0007ebfe9ed0737feebfff600,0202AB0000EBD369005A5811460E29EFBF1FFFFFFC2246CD1E00000FC0007EBFE9ED0737FEEBFFF600,
2026-07-14T15:46:05.605358+00:00,29.615865,rx_error,,,,,,,,,RX ERROR: 0x1810F07,
2026-07-14T15:46:05.707309+00:00,29.717817,rx_error,,,,,,,,,RX ERROR: 0x1801307,
2026-07-14T15:46:06.105592+00:00,30.116097,rx_error,,,,,,,,,RX ERROR: 0x1810F07,
2026-07-14T15:46:06.207384+00:00,30.217890,rx_error,,,,,,,,,RX ERROR: 0x1810F07,
2026-07-14T15:46:06.306138+00:00,30.316640,valid,2736,245,2868904181,55121,41,hex,CAM,0202ab0000f5d751005a5811460e29efbf1ffffffc2246cd1e00000fc0007ebfe9ed0737feebfff600,0202AB0000F5D751005A5811460E29EFBF1FFFFFFC2246CD1E00000FC0007EBFE9ED0737FEEBFFF600,
2026-07-14T15:46:06.503428+00:00,30.513937,rx_error,,,,,,,,,RX ERROR: 0x1810F07,
2026-07-14T15:46:06.605426+00:00,30.615929,rx_error,,,,,,,,,RX ERROR: 0x1810F07,
2026-07-14T15:46:06.707530+00:00,30.718040,rx_error,,,,,,,,,RX ERROR: 0x180AF07,
2026-07-14T15:46:06.799467+00:00,30.809972,rx_error,,,,,,,,,RX ERROR: 0x1810F07,
2026-07-14T15:46:06.901482+00:00,30.911988,rx_error,,,,,,,,,RX ERROR: 0x1810F07,
2026-07-14T15:46:07.010059+00:00,31.020565,valid,2736,252,2868904188,55821,41,hex,CAM,0202ab0000fcda0d005a5811460e29efbf1ffffffc2246cd1e00000fc0007ebfe9ed0737feebfff600,0202AB0000FCDA0D005A5811460E29EFBF1FFFFFFC2246CD1E00000FC0007EBFE9ED0737FEEBFFF600,
2026-07-14T15:46:07.105581+00:00,31.116086,rx_error,,,,,,,,,RX ERROR: 0x1810F07,
2026-07-14T15:46:07.214017+00:00,31.224518,valid,2736,254,2868904190,56021,41,hex,CAM,0202ab0000fedad5005a5811460e29efbf1ffffffc2246cd1e00000fc0007ebfe9ed0737feebfff600,0202AB0000FEDAD5005A5811460E29EFBF1FFFFFFC2246CD1E00000FC0007EBFE9ED0737FEEBFFF600,
2026-07-14T15:46:07.299444+00:00,31.309953,rx_error,,,,,,,,,RX ERROR: 0x1810F07,
2026-07-14T15:46:07.503471+00:00,31.513977,rx_error,,,,,,,,,RX ERROR: 0x1810F07,
2026-07-14T15:46:07.611942+00:00,31.622441,valid,2736,258,2868904194,56421,41,hex,CAM,0202ab000102dc65005a5811460e29efbf1ffffffc2246cd1e00000fc0007ebfe9ed0737feebfff600,0202AB000102DC65005A5811460E29EFBF1FFFFFFC2246CD1E00000FC0007EBFE9ED0737FEEBFFF600,
2026-07-14T15:46:07.707445+00:00,31.717946,rx_error,,,,,,,,,RX ERROR: 0x1810F07,
2026-07-14T15:46:08.207449+00:00,32.217958,rx_error,,,,,,,,,RX ERROR: 0x1810F07,
2026-07-14T15:46:08.299161+00:00,32.309654,rx_error,,,,,,,,,RX ERROR: 0x1801307,
2026-07-14T15:46:08.401255+00:00,32.411753,rx_error,,,,,,,,,RX ERROR: 0x1810F07,
2026-07-14T15:46:10.401442+00:00,34.411949,rx_error,,,,,,,,,RX ERROR: 0x1810F07,
2026-07-14T15:46:10.510004+00:00,34.520509,valid,2736,287,2868904223,59321,41,hex,CAM,0202ab00011fe7b9005a5811460e29efbf1ffffffc2246cd1e00000fc0007ebfe9ed0737feebfff600,0202AB00011FE7B9005A5811460E29EFBF1FFFFFFC2246CD1E00000FC0007EBFE9ED0737FEEBFFF600,
2026-07-14T15:46:10.799260+00:00,34.809754,rx_error,,,,,,,,,RX ERROR: 0x1810F07,
2026-07-14T15:46:11.003810+00:00,35.014322,rx_error,,,,,,,,,RX ERROR: 0x1810F07,
2026-07-14T15:46:11.299402+00:00,35.309910,rx_error,,,,,,,,,RX ERROR: 0x1810F07,
2026-07-14T15:46:11.401464+00:00,35.411971,rx_error,,,,,,,,,RX ERROR: 0x1810F07,
2026-07-14T15:46:11.611187+00:00,35.621678,valid,2736,298,2868904234,60421,41,hex,CAM,0202ab00012aec05005a5811460e29efbf1ffffffc2246cd1e00000fc0007ebfe9ed0737feebfff600,0202AB00012AEC05005A5811460E29EFBF1FFFFFFC2246CD1E00000FC0007EBFE9ED0737FEEBFFF600,
2026-07-14T15:46:11.707216+00:00,35.717709,rx_error,,,,,,,,,RX ERROR: 0x1810F07,
2026-07-14T15:46:11.799879+00:00,35.810397,rx_error,,,,,,,,,RX ERROR: 0x1810F07,
2026-07-14T15:46:11.907253+00:00,35.917743,valid,2736,301,2868904237,60721,41,hex,CAM,0202ab00012ded31005a5811460e29efbf1ffffffc2246cd1e00000fc0007ebfe9ed0737feebfff600,0202AB00012DED31005A5811460E29EFBF1FFFFFFC2246CD1E00000FC0007EBFE9ED0737FEEBFFF600,
2026-07-14T15:46:12.010774+00:00,36.021277,valid,2736,302,2868904238,60821,41,hex,CAM,0202ab00012eed95005a5811460e29efbf1ffffffc2246cd1e00000fc0007ebfe9ed0737feebfff600,0202AB00012EED95005A5811460E29EFBF1FFFFFFC2246CD1E00000FC0007EBFE9ED0737FEEBFFF600,
2026-07-14T15:46:12.207473+00:00,36.217978,rx_error,,,,,,,,,RX ERROR: 0x1810F07,
2026-07-14T15:46:12.299386+00:00,36.309887,rx_error,,,,,,,,,RX ERROR: 0x1810F07,
2026-07-14T15:46:12.401481+00:00,36.411989,rx_error,,,,,,,,,RX ERROR: 0x180AF07,
2026-07-14T15:46:12.503237+00:00,36.513731,rx_error,,,,,,,,,RX ERROR: 0x180AF07,
2026-07-14T15:46:12.707168+00:00,36.717657,rx_error,,,,,,,,,RX ERROR: 0x1810F07,
2026-07-14T15:46:12.806006+00:00,36.816511,valid,2736,310,2868904246,61621,41,hex,CAM,0202ab000136f0b5005a5811460e29efbf1ffffffc2246cd1e00000fc0007ebfe9ed0737feebfff600,0202AB000136F0B5005A5811460E29EFBF1FFFFFFC2246CD1E00000FC0007EBFE9ED0737FEEBFFF600,
2026-07-14T15:46:12.901399+00:00,36.911906,rx_error,,,,,,,,,RX ERROR: 0x1810F07,
2026-07-14T15:46:13.003284+00:00,37.013781,rx_error,,,,,,,,,RX ERROR: 0x1810F07,
2026-07-14T15:46:13.213171+00:00,37.223666,valid,2736,314,2868904250,62021,41,hex,CAM,0202ab00013af245005a5811460e29efbf1ffffffc2246cd1e00000fc0007ebfe9ed0737feebfff600,0202AB00013AF245005A5811460E29EFBF1FFFFFFC2246CD1E00000FC0007EBFE9ED0737FEEBFFF600,
2026-07-14T15:46:13.299281+00:00,37.309778,rx_error,,,,,,,,,RX ERROR: 0x1810F07,
2026-07-14T15:46:13.401542+00:00,37.412049,rx_error,,,,,,,,,RX ERROR: 0x1810F07,
2026-07-14T15:46:13.503411+00:00,37.513919,rx_error,,,,,,,,,RX ERROR: 0x1810F07,
2026-07-14T15:46:13.605403+00:00,37.615906,rx_error,,,,,,,,,RX ERROR: 0x1810F07,
2026-07-14T15:46:14.105355+00:00,38.115855,rx_error,,,,,,,,,RX ERROR: 0x1810F07,
2026-07-14T15:46:14.207387+00:00,38.217889,rx_error,,,,,,,,,RX ERROR: 0x1810F07,
2026-07-14T15:46:14.401680+00:00,38.412191,rx_error,,,,,,,,,RX ERROR: 0x1810F07,
2026-07-14T15:46:14.605832+00:00,38.616337,rx_error,,,,,,,,,RX ERROR: 0x1810F07,
2026-07-14T15:46:14.707392+00:00,38.717899,rx_error,,,,,,,,,RX ERROR: 0x1810F07,
2026-07-14T15:46:15.003240+00:00,39.013732,rx_error,,,,,,,,,RX ERROR: 0x1810F07,
2026-07-14T15:46:15.111552+00:00,39.122043,valid,2736,333,2868904269,63921,41,hex,CAM,0202ab00014df9b1005a5811460e29efbf1ffffffc2246cd1e00000fc0007ebfe9ed0737feebfff600,0202AB00014DF9B1005A5811460E29EFBF1FFFFFFC2246CD1E00000FC0007EBFE9ED0737FEEBFFF600,
2026-07-14T15:46:15.503952+00:00,39.514481,rx_error,,,,,,,,,RX ERROR: 0x1810F07,
2026-07-14T15:46:15.605843+00:00,39.616359,rx_error,,,,,,,,,RX ERROR: 0x1810F07,
2026-07-14T15:46:15.901285+00:00,39.911776,rx_error,,,,,,,,,RX ERROR: 0x180AF07,
2026-07-14T15:46:16.003234+00:00,40.013724,rx_error,,,,,,,,,RX ERROR: 0x1810F07,
2026-07-14T15:46:16.105313+00:00,40.115803,rx_error,,,,,,,,,RX ERROR: 0x1810F07,
2026-07-14T15:46:16.299250+00:00,40.309740,rx_error,,,,,,,,,RX ERROR: 0x180AF07,
2026-07-14T15:46:16.503299+00:00,40.513792,rx_error,,,,,,,,,RX ERROR: 0x1810F07,
2026-07-14T15:46:16.605817+00:00,40.616324,rx_error,,,,,,,,,RX ERROR: 0x1810F07,
2026-07-14T15:46:16.901182+00:00,40.911670,rx_error,,,,,,,,,RX ERROR: 0x1810F07,
2026-07-14T15:46:17.214064+00:00,41.224570,valid,2736,354,2868904290,485,41,hex,CAM,0202ab00016201e5005a5811460e29efbf1ffffffc2246cd1e00000fc0007ebfe9ed0737feebfff600,0202AB00016201E5005A5811460E29EFBF1FFFFFFC2246CD1E00000FC0007EBFE9ED0737FEEBFFF600,
2026-07-14T15:46:17.305969+00:00,41.316473,valid,2736,355,2868904291,585,41,hex,CAM,0202ab0001630249005a5811460e29efbf1ffffffc2246cd1e00000fc0007ebfe9ed0737feebfff600,0202AB0001630249005A5811460E29EFBF1FFFFFFC2246CD1E00000FC0007EBFE9ED0737FEEBFFF600,
2026-07-14T15:46:17.408063+00:00,41.418567,valid,2736,356,2868904292,685,41,hex,CAM,0202ab00016402ad005a5811460e29efbf1ffffffc2246cd1e00000fc0007ebfe9ed0737feebfff600,0202AB00016402AD005A5811460E29EFBF1FFFFFFC2246CD1E00000FC0007EBFE9ED0737FEEBFFF600,
2026-07-14T15:46:17.503606+00:00,41.514131,rx_error,,,,,,,,,RX ERROR: 0x1810F07,
2026-07-14T15:46:17.612138+00:00,41.622644,valid,2736,358,2868904294,885,41,hex,CAM,0202ab0001660375005a5811460e29efbf1ffffffc2246cd1e00000fc0007ebfe9ed0737feebfff600,0202AB0001660375005A5811460E29EFBF1FFFFFFC2246CD1E00000FC0007EBFE9ED0737FEEBFFF600,
2026-07-14T15:46:17.714033+00:00,41.724537,valid,2736,359,2868904295,985,41,hex,CAM,0202ab00016703d9005a5811460e29efbf1ffffffc2246cd1e00000fc0007ebfe9ed0737feebfff600,0202AB00016703D9005A5811460E29EFBF1FFFFFFC2246CD1E00000FC0007EBFE9ED0737FEEBFFF600,
2026-07-14T15:46:17.901543+00:00,41.912052,rx_error,,,,,,,,,RX ERROR: 0x1810F07,
2026-07-14T15:46:18.010090+00:00,42.020594,valid,2736,362,2868904298,1285,41,hex,CAM,0202ab00016a0505005a5811460e29efbf1ffffffc2246cd1e00000fc0007ebfe9ed0737feebfff600,0202AB00016A0505005A5811460E29EFBF1FFFFFFC2246CD1E00000FC0007EBFE9ED0737FEEBFFF600,
2026-07-14T15:46:18.112053+00:00,42.122556,valid,2736,363,2868904299,1385,41,hex,CAM,0202ab00016b0569005a5811460e29efbf1ffffffc2246cd1e00000fc0007ebfe9ed0737feebfff600,0202AB00016B0569005A5811460E29EFBF1FFFFFFC2246CD1E00000FC0007EBFE9ED0737FEEBFFF600,
2026-07-14T15:46:18.215555+00:00,42.226072,valid,2736,364,2868904300,1485,41,hex,CAM,0202ab00016c05cd005a5811460e29efbf1ffffffc2246cd1e00000fc0007ebfe9ed0737feebfff600,0202AB00016C05CD005A5811460E29EFBF1FFFFFFC2246CD1E00000FC0007EBFE9ED0737FEEBFFF600,
2026-07-14T15:46:18.299603+00:00,42.310126,rx_error,,,,,,,,,RX ERROR: 0x1810F07,
2026-07-14T15:46:18.408712+00:00,42.419223,valid,2736,366,2868904302,1685,41,hex,CAM,0202ab00016e0695005a5811460e29efbf1ffffffc2246cd1e00000fc0007ebfe9ed0737feebfff600,0202AB00016E0695005A5811460E29EFBF1FFFFFFC2246CD1E00000FC0007EBFE9ED0737FEEBFFF600,
2026-07-14T15:46:18.613579+00:00,42.624096,valid,2736,368,2868904304,1885,41,hex,CAM,0202ab000170075d005a5811460e29efbf1ffffffc2246cd1e00000fc0007ebfe9ed0737feebfff600,0202AB000170075D005A5811460E29EFBF1FFFFFFC2246CD1E00000FC0007EBFE9ED0737FEEBFFF600,
2026-07-14T15:46:18.807457+00:00,42.817976,valid,2736,370,2868904306,2085,41,hex,CAM,0202ab0001720825005a5811460e29efbf1ffffffc2246cd1e00000fc0007ebfe9ed0737feebfff600,0202AB0001720825005A5811460E29EFBF1FFFFFFC2246CD1E00000FC0007EBFE9ED0737FEEBFFF600,
2026-07-14T15:46:18.901353+00:00,42.911846,rx_error,,,,,,,,,RX ERROR: 0x1810F07,
2026-07-14T15:46:19.105946+00:00,43.116465,rx_error,,,,,,,,,RX ERROR: 0x1810F07,
2026-07-14T15:46:19.215436+00:00,43.225943,valid,2736,374,2868904310,2485,41,hex,CAM,0202ab00017609b5005a5811460e29efbf1ffffffc2246cd1e00000fc0007ebfe9ed0737feebfff600,0202AB00017609B5005A5811460E29EFBF1FFFFFFC2246CD1E00000FC0007EBFE9ED0737FEEBFFF600,
2026-07-14T15:46:19.299520+00:00,43.310028,rx_error,,,,,,,,,RX ERROR: 0x1810F07,
2026-07-14T15:46:19.407702+00:00,43.418201,valid,2736,376,2868904312,2685,41,hex,CAM,0202ab0001780a7d005a5811460e29efbf1ffffffc2246cd1e00000fc0007ebfe9ed0737feebfff600,0202AB0001780A7D005A5811460E29EFBF1FFFFFFC2246CD1E00000FC0007EBFE9ED0737FEEBFFF600,
2026-07-14T15:46:19.510030+00:00,43.520534,valid,2736,377,2868904313,2785,41,hex,CAM,0202ab0001790ae1005a5811460e29efbf1ffffffc2246cd1e00000fc0007ebfe9ed0737feebfff600,0202AB0001790AE1005A5811460E29EFBF1FFFFFFC2246CD1E00000FC0007EBFE9ED0737FEEBFFF600,
2026-07-14T15:46:19.612041+00:00,43.622544,valid,2736,378,2868904314,2885,41,hex,CAM,0202ab00017a0b45005a5811460e29efbf1ffffffc2246cd1e00000fc0007ebfe9ed0737feebfff600,0202AB00017A0B45005A5811460E29EFBF1FFFFFFC2246CD1E00000FC0007EBFE9ED0737FEEBFFF600,
2026-07-14T15:46:19.714006+00:00,43.724508,valid,2736,379,2868904315,2985,41,hex,CAM,0202ab00017b0ba9005a5811460e29efbf1ffffffc2246cd1e00000fc0007ebfe9ed0737feebfff600,0202AB00017B0BA9005A5811460E29EFBF1FFFFFFC2246CD1E00000FC0007EBFE9ED0737FEEBFFF600,
2026-07-14T15:46:19.799554+00:00,43.810060,rx_error,,,,,,,,,RX ERROR: 0x1810F07,
2026-07-14T15:46:19.907933+00:00,43.918437,valid,2736,381,2868904317,3185,41,hex,CAM,0202ab00017d0c71005a5811460e29efbf1ffffffc2246cd1e00000fc0007ebfe9ed0737feebfff600,0202AB00017D0C71005A5811460E29EFBF1FFFFFFC2246CD1E00000FC0007EBFE9ED0737FEEBFFF600,
2026-07-14T15:46:20.009939+00:00,44.020441,valid,2736,382,2868904318,3285,41,hex,CAM,0202ab00017e0cd5005a5811460e29efbf1ffffffc2246cd1e00000fc0007ebfe9ed0737feebfff600,0202AB00017E0CD5005A5811460E29EFBF1FFFFFFC2246CD1E00000FC0007EBFE9ED0737FEEBFFF600,
2026-07-14T15:46:20.111470+00:00,44.121961,valid,2736,383,2868904319,3385,41,hex,CAM,0202ab00017f0d39005a5811460e29efbf1ffffffc2246cd1e00000fc0007ebfe9ed0737feebfff600,0202AB00017F0D39005A5811460E29EFBF1FFFFFFC2246CD1E00000FC0007EBFE9ED0737FEEBFFF600,
2026-07-14T15:46:20.214016+00:00,44.224520,valid,2736,384,2868904320,3485,41,hex,CAM,0202ab0001800d9d005a5811460e29efbf1ffffffc2246cd1e00000fc0007ebfe9ed0737feebfff600,0202AB0001800D9D005A5811460E29EFBF1FFFFFFC2246CD1E00000FC0007EBFE9ED0737FEEBFFF600,
2026-07-14T15:46:20.306130+00:00,44.316634,valid,2736,385,2868904321,3585,41,hex,CAM,0202ab0001810e01005a5811460e29efbf1ffffffc2246cd1e00000fc0007ebfe9ed0737feebfff600,0202AB0001810E01005A5811460E29EFBF1FFFFFFC2246CD1E00000FC0007EBFE9ED0737FEEBFFF600,
2026-07-14T15:46:20.408158+00:00,44.418663,valid,2736,386,2868904322,3685,41,hex,CAM,0202ab0001820e65005a5811460e29efbf1ffffffc2246cd1e00000fc0007ebfe9ed0737feebfff600,0202AB0001820E65005A5811460E29EFBF1FFFFFFC2246CD1E00000FC0007EBFE9ED0737FEEBFFF600,
2026-07-14T15:46:20.605432+00:00,44.615939,rx_error,,,,,,,,,RX ERROR: 0x1810F07,
2026-07-14T15:46:20.707591+00:00,44.718130,rx_error,,,,,,,,,RX ERROR: 0x1810F07,
2026-07-14T15:46:20.806081+00:00,44.816585,valid,2736,390,2868904326,4085,41,hex,CAM,0202ab0001860ff5005a5811460e29efbf1ffffffc2246cd1e00000fc0007ebfe9ed0737feebfff600,0202AB0001860FF5005A5811460E29EFBF1FFFFFFC2246CD1E00000FC0007EBFE9ED0737FEEBFFF600,
2026-07-14T15:46:20.907899+00:00,44.918399,valid,2736,391,2868904327,4185,41,hex,CAM,0202ab0001871059005a5811460e29efbf1ffffffc2246cd1e00000fc0007ebfe9ed0737feebfff600,0202AB0001871059005A5811460E29EFBF1FFFFFFC2246CD1E00000FC0007EBFE9ED0737FEEBFFF600,
2026-07-14T15:46:21.011911+00:00,45.022438,valid,2736,392,2868904328,4285,41,hex,CAM,0202ab00018810bd005a5811460e29efbf1ffffffc2246cd1e00000fc0007ebfe9ed0737feebfff600,0202AB00018810BD005A5811460E29EFBF1FFFFFFC2246CD1E00000FC0007EBFE9ED0737FEEBFFF600,
2026-07-14T15:46:21.113592+00:00,45.124125,valid,2736,393,2868904329,4385,41,hex,CAM,0202ab0001891121005a5811460e29efbf1ffffffc2246cd1e00000fc0007ebfe9ed0737feebfff600,0202AB0001891121005A5811460E29EFBF1FFFFFFC2246CD1E00000FC0007EBFE9ED0737FEEBFFF600,
2026-07-14T15:46:21.299962+00:00,45.310484,rx_error,,,,,,,,,RX ERROR: 0x1810F07,
2026-07-14T15:46:21.409585+00:00,45.420121,valid,2736,396,2868904332,4685,41,hex,CAM,0202ab00018c124d005a5811460e29efbf1ffffffc2246cd1e00000fc0007ebfe9ed0737feebfff600,0202AB00018C124D005A5811460E29EFBF1FFFFFFC2246CD1E00000FC0007EBFE9ED0737FEEBFFF600,
2026-07-14T15:46:21.503952+00:00,45.514472,rx_error,,,,,,,,,RX ERROR: 0x1810F07,
2026-07-14T15:46:21.613524+00:00,45.624043,valid,2736,398,2868904334,4885,41,hex,CAM,0202ab00018e1315005a5811460e29efbf1ffffffc2246cd1e00000fc0007ebfe9ed0737feebfff600,0202AB00018E1315005A5811460E29EFBF1FFFFFFC2246CD1E00000FC0007EBFE9ED0737FEEBFFF600,
2026-07-14T15:46:21.715548+00:00,45.726066,valid,2736,399,2868904335,4985,41,hex,CAM,0202ab00018f1379005a5811460e29efbf1ffffffc2246cd1e00000fc0007ebfe9ed0737feebfff600,0202AB00018F1379005A5811460E29EFBF1FFFFFFC2246CD1E00000FC0007EBFE9ED0737FEEBFFF600,
2026-07-14T15:46:21.805927+00:00,45.816429,valid,2736,400,2868904336,5085,41,hex,CAM,0202ab00019013dd005a5811460e29efbf1ffffffc2246cd1e00000fc0007ebfe9ed0737feebfff600,0202AB00019013DD005A5811460E29EFBF1FFFFFFC2246CD1E00000FC0007EBFE9ED0737FEEBFFF600,
2026-07-14T15:46:21.908045+00:00,45.918554,valid,2736,401,2868904337,5185,41,hex,CAM,0202ab0001911441005a5811460e29efbf1ffffffc2246cd1e00000fc0007ebfe9ed0737feebfff600,0202AB0001911441005A5811460E29EFBF1FFFFFFC2246CD1E00000FC0007EBFE9ED0737FEEBFFF600,
2026-07-14T15:46:22.011864+00:00,46.022383,valid,2736,402,2868904338,5285,41,hex,CAM,0202ab00019214a5005a5811460e29efbf1ffffffc2246cd1e00000fc0007ebfe9ed0737feebfff600,0202AB00019214A5005A5811460E29EFBF1FFFFFFC2246CD1E00000FC0007EBFE9ED0737FEEBFFF600,
2026-07-14T15:46:22.105851+00:00,46.116374,rx_error,,,,,,,,,RX ERROR: 0x1810F07,
2026-07-14T15:46:22.307612+00:00,46.318159,valid,2736,405,2868904341,5585,41,hex,CAM,0202ab00019515d1005a5811460e29efbf1ffffffc2246cd1e00000fc0007ebfe9ed0737feebfff600,0202AB00019515D1005A5811460E29EFBF1FFFFFFC2246CD1E00000FC0007EBFE9ED0737FEEBFFF600,
2026-07-14T15:46:22.408920+00:00,46.419440,valid,2736,406,2868904342,5685,41,hex,CAM,0202ab0001961635005a5811460e29efbf1ffffffc2246cd1e00000fc0007ebfe9ed0737feebfff600,0202AB0001961635005A5811460E29EFBF1FFFFFFC2246CD1E00000FC0007EBFE9ED0737FEEBFFF600,
2026-07-14T15:46:22.503527+00:00,46.514034,rx_error,,,,,,,,,RX ERROR: 0x1810F07,
2026-07-14T15:46:22.612113+00:00,46.622618,valid,2736,408,2868904344,5885,41,hex,CAM,0202ab00019816fd005a5811460e29efbf1ffffffc2246cd1e00000fc0007ebfe9ed0737feebfff600,0202AB00019816FD005A5811460E29EFBF1FFFFFFC2246CD1E00000FC0007EBFE9ED0737FEEBFFF600,
2026-07-14T15:46:22.714024+00:00,46.724526,valid,2736,409,2868904345,5985,41,hex,CAM,0202ab0001991761005a5811460e29efbf1ffffffc2246cd1e00000fc0007ebfe9ed0737feebfff600,0202AB0001991761005A5811460E29EFBF1FFFFFFC2246CD1E00000FC0007EBFE9ED0737FEEBFFF600,
2026-07-14T15:46:22.806157+00:00,46.816662,valid,2736,410,2868904346,6085,41,hex,CAM,0202ab00019a17c5005a5811460e29efbf1ffffffc2246cd1e00000fc0007ebfe9ed0737feebfff600,0202AB00019A17C5005A5811460E29EFBF1FFFFFFC2246CD1E00000FC0007EBFE9ED0737FEEBFFF600,
2026-07-14T15:46:22.908122+00:00,46.918626,valid,2736,411,2868904347,6185,41,hex,CAM,0202ab00019b1829005a5811460e29efbf1ffffffc2246cd1e00000fc0007ebfe9ed0737feebfff600,0202AB00019B1829005A5811460E29EFBF1FFFFFFC2246CD1E00000FC0007EBFE9ED0737FEEBFFF600,
2026-07-14T15:46:23.010028+00:00,47.020532,valid,2736,412,2868904348,6285,41,hex,CAM,0202ab00019c188d005a5811460e29efbf1ffffffc2246cd1e00000fc0007ebfe9ed0737feebfff600,0202AB00019C188D005A5811460E29EFBF1FFFFFFC2246CD1E00000FC0007EBFE9ED0737FEEBFFF600,
2026-07-14T15:46:23.111997+00:00,47.122498,valid,2736,413,2868904349,6385,41,hex,CAM,0202ab00019d18f1005a5811460e29efbf1ffffffc2246cd1e00000fc0007ebfe9ed0737feebfff600,0202AB00019D18F1005A5811460E29EFBF1FFFFFFC2246CD1E00000FC0007EBFE9ED0737FEEBFFF600,
2026-07-14T15:46:23.214080+00:00,47.224582,valid,2736,414,2868904350,6485,41,hex,CAM,0202ab00019e1955005a5811460e29efbf1ffffffc2246cd1e00000fc0007ebfe9ed0737feebfff600,0202AB00019E1955005A5811460E29EFBF1FFFFFFC2246CD1E00000FC0007EBFE9ED0737FEEBFFF600,
2026-07-14T15:46:23.306032+00:00,47.316537,valid,2736,415,2868904351,6585,41,hex,CAM,0202ab00019f19b9005a5811460e29efbf1ffffffc2246cd1e00000fc0007ebfe9ed0737feebfff600,0202AB00019F19B9005A5811460E29EFBF1FFFFFFC2246CD1E00000FC0007EBFE9ED0737FEEBFFF600,
2026-07-14T15:46:23.408241+00:00,47.418749,valid,2736,416,2868904352,6685,41,hex,CAM,0202ab0001a01a1d005a5811460e29efbf1ffffffc2246cd1e00000fc0007ebfe9ed0737feebfff600,0202AB0001A01A1D005A5811460E29EFBF1FFFFFFC2246CD1E00000FC0007EBFE9ED0737FEEBFFF600,
2026-07-14T15:46:23.510269+00:00,47.520774,valid,2736,417,2868904353,6785,41,hex,CAM,0202ab0001a11a81005a5811460e29efbf1ffffffc2246cd1e00000fc0007ebfe9ed0737feebfff600,0202AB0001A11A81005A5811460E29EFBF1FFFFFFC2246CD1E00000FC0007EBFE9ED0737FEEBFFF600,
2026-07-14T15:46:23.605554+00:00,47.616062,rx_error,,,,,,,,,RX ERROR: 0x1810F07,
2026-07-14T15:46:23.714163+00:00,47.724667,valid,2736,419,2868904355,6985,41,hex,CAM,0202ab0001a31b49005a5811460e29efbf1ffffffc2246cd1e00000fc0007ebfe9ed0737feebfff600,0202AB0001A31B49005A5811460E29EFBF1FFFFFFC2246CD1E00000FC0007EBFE9ED0737FEEBFFF600,
2026-07-14T15:46:23.799501+00:00,47.810008,rx_error,,,,,,,,,RX ERROR: 0x1810F07,
2026-07-14T15:46:23.908049+00:00,47.918555,valid,2736,421,2868904357,7185,41,hex,CAM,0202ab0001a51c11005a5811460e29efbf1ffffffc2246cd1e00000fc0007ebfe9ed0737feebfff600,0202AB0001A51C11005A5811460E29EFBF1FFFFFFC2246CD1E00000FC0007EBFE9ED0737FEEBFFF600,
2026-07-14T15:46:24.010046+00:00,48.020550,valid,2736,422,2868904358,7285,41,hex,CAM,0202ab0001a61c75005a5811460e29efbf1ffffffc2246cd1e00000fc0007ebfe9ed0737feebfff600,0202AB0001A61C75005A5811460E29EFBF1FFFFFFC2246CD1E00000FC0007EBFE9ED0737FEEBFFF600,
2026-07-14T15:46:24.112161+00:00,48.122665,valid,2736,423,2868904359,7385,41,hex,CAM,0202ab0001a71cd9005a5811460e29efbf1ffffffc2246cd1e00000fc0007ebfe9ed0737feebfff600,0202AB0001A71CD9005A5811460E29EFBF1FFFFFFC2246CD1E00000FC0007EBFE9ED0737FEEBFFF600,
2026-07-14T15:46:24.207623+00:00,48.218148,rx_error,,,,,,,,,RX ERROR: 0x1810F07,
2026-07-14T15:46:24.306149+00:00,48.316654,valid,2736,425,2868904361,7585,41,hex,CAM,0202ab0001a91da1005a5811460e29efbf1ffffffc2246cd1e00000fc0007ebfe9ed0737feebfff600,0202AB0001A91DA1005A5811460E29EFBF1FFFFFFC2246CD1E00000FC0007EBFE9ED0737FEEBFFF600,
2026-07-14T15:46:24.407509+00:00,48.418003,valid,2736,426,2868904362,7685,41,hex,CAM,0202ab0001aa1e05005a5811460e29efbf1ffffffc2246cd1e00000fc0007ebfe9ed0737feebfff600,0202AB0001AA1E05005A5811460E29EFBF1FFFFFFC2246CD1E00000FC0007EBFE9ED0737FEEBFFF600,
2026-07-14T15:46:24.510203+00:00,48.520707,valid,2736,427,2868904363,7785,41,hex,CAM,0202ab0001ab1e69005a5811460e29efbf1ffffffc2246cd1e00000fc0007ebfe9ed0737feebfff600,0202AB0001AB1E69005A5811460E29EFBF1FFFFFFC2246CD1E00000FC0007EBFE9ED0737FEEBFFF600,
2026-07-14T15:46:24.612101+00:00,48.622608,valid,2736,428,2868904364,7885,41,hex,CAM,0202ab0001ac1ecd005a5811460e29efbf1ffffffc2246cd1e00000fc0007ebfe9ed0737feebfff600,0202AB0001AC1ECD005A5811460E29EFBF1FFFFFFC2246CD1E00000FC0007EBFE9ED0737FEEBFFF600,
2026-07-14T15:46:24.707570+00:00,48.718078,rx_error,,,,,,,,,RX ERROR: 0x1810F07,
2026-07-14T15:46:24.799910+00:00,48.810431,rx_error,,,,,,,,,RX ERROR: 0x1810F07,
2026-07-14T15:46:24.901989+00:00,48.912510,rx_error,,,,,,,,,RX ERROR: 0x1810F07,
2026-07-14T15:46:25.010922+00:00,49.021436,valid,2736,432,2868904368,8285,41,hex,CAM,0202ab0001b0205d005a5811460e29efbf1ffffffc2246cd1e00000fc0007ebfe9ed0737feebfff600,0202AB0001B0205D005A5811460E29EFBF1FFFFFFC2246CD1E00000FC0007EBFE9ED0737FEEBFFF600,
2026-07-14T15:46:25.113618+00:00,49.124152,valid,2736,433,2868904369,8385,41,hex,CAM,0202ab0001b120c1005a5811460e29efbf1ffffffc2246cd1e00000fc0007ebfe9ed0737feebfff600,0202AB0001B120C1005A5811460E29EFBF1FFFFFFC2246CD1E00000FC0007EBFE9ED0737FEEBFFF600,
2026-07-14T15:46:25.307581+00:00,49.318100,valid,2736,435,2868904371,8585,41,hex,CAM,0202ab0001b32189005a5811460e29efbf1ffffffc2246cd1e00000fc0007ebfe9ed0737feebfff600,0202AB0001B32189005A5811460E29EFBF1FFFFFFC2246CD1E00000FC0007EBFE9ED0737FEEBFFF600,
2026-07-14T15:46:25.408860+00:00,49.419374,valid,2736,436,2868904372,8685,41,hex,CAM,0202ab0001b421ed005a5811460e29efbf1ffffffc2246cd1e00000fc0007ebfe9ed0737feebfff600,0202AB0001B421ED005A5811460E29EFBF1FFFFFFC2246CD1E00000FC0007EBFE9ED0737FEEBFFF600,
2026-07-14T15:46:25.510008+00:00,49.520512,valid,2736,437,2868904373,8785,41,hex,CAM,0202ab0001b52251005a5811460e29efbf1ffffffc2246cd1e00000fc0007ebfe9ed0737feebfff600,0202AB0001B52251005A5811460E29EFBF1FFFFFFC2246CD1E00000FC0007EBFE9ED0737FEEBFFF600,
2026-07-14T15:46:25.612008+00:00,49.622512,valid,2736,438,2868904374,8885,41,hex,CAM,0202ab0001b622b5005a5811460e29efbf1ffffffc2246cd1e00000fc0007ebfe9ed0737feebfff600,0202AB0001B622B5005A5811460E29EFBF1FFFFFFC2246CD1E00000FC0007EBFE9ED0737FEEBFFF600,
2026-07-14T15:46:25.707600+00:00,49.718131,rx_error,,,,,,,,,RX ERROR: 0x1810F07,
2026-07-14T15:46:25.799574+00:00,49.810080,rx_error,,,,,,,,,RX ERROR: 0x1810F07,
2026-07-14T15:46:25.901556+00:00,49.912063,rx_error,,,,,,,,,RX ERROR: 0x1810F07,
2026-07-14T15:46:26.003584+00:00,50.014090,rx_error,,,,,,,,,RX ERROR: 0x1810F07,
2026-07-14T15:46:26.112014+00:00,50.122519,valid,2736,443,2868904379,9385,41,hex,CAM,0202ab0001bb24a9005a5811460e29efbf1ffffffc2246cd1e00000fc0007ebfe9ed0737feebfff600,0202AB0001BB24A9005A5811460E29EFBF1FFFFFFC2246CD1E00000FC0007EBFE9ED0737FEEBFFF600,
2026-07-14T15:46:26.214079+00:00,50.224588,valid,2736,444,2868904380,9485,41,hex,CAM,0202ab0001bc250d005a5811460e29efbf1ffffffc2246cd1e00000fc0007ebfe9ed0737feebfff600,0202AB0001BC250D005A5811460E29EFBF1FFFFFFC2246CD1E00000FC0007EBFE9ED0737FEEBFFF600,
2026-07-14T15:46:26.306087+00:00,50.316589,valid,2736,445,2868904381,9585,41,hex,CAM,0202ab0001bd2571005a5811460e29efbf1ffffffc2246cd1e00000fc0007ebfe9ed0737feebfff600,0202AB0001BD2571005A5811460E29EFBF1FFFFFFC2246CD1E00000FC0007EBFE9ED0737FEEBFFF600,
2026-07-14T15:46:26.408096+00:00,50.418600,valid,2736,446,2868904382,9685,41,hex,CAM,0202ab0001be25d5005a5811460e29efbf1ffffffc2246cd1e00000fc0007ebfe9ed0737feebfff600,0202AB0001BE25D5005A5811460E29EFBF1FFFFFFC2246CD1E00000FC0007EBFE9ED0737FEEBFFF600,
2026-07-14T15:46:26.503602+00:00,50.514140,rx_error,,,,,,,,,RX ERROR: 0x1810F07,
2026-07-14T15:46:26.611015+00:00,50.621502,valid,2736,448,2868904384,9885,41,hex,CAM,0202ab0001c0269d005a5811460e29efbf1ffffffc2246cd1e00000fc0007ebfe9ed0737feebfff600,0202AB0001C0269D005A5811460E29EFBF1FFFFFFC2246CD1E00000FC0007EBFE9ED0737FEEBFFF600,
2026-07-14T15:46:26.715749+00:00,50.726271,valid,2736,449,2868904385,9985,41,hex,CAM,0202ab0001c12701005a5811460e29efbf1ffffffc2246cd1e00000fc0007ebfe9ed0737feebfff600,0202AB0001C12701005A5811460E29EFBF1FFFFFFC2246CD1E00000FC0007EBFE9ED0737FEEBFFF600,
2026-07-14T15:46:26.806822+00:00,50.817328,valid,2736,450,2868904386,10085,41,hex,CAM,0202ab0001c22765005a5811460e29efbf1ffffffc2246cd1e00000fc0007ebfe9ed0737feebfff600,0202AB0001C22765005A5811460E29EFBF1FFFFFFC2246CD1E00000FC0007EBFE9ED0737FEEBFFF600,
2026-07-14T15:46:26.909792+00:00,50.920311,valid,2736,451,2868904387,10185,41,hex,CAM,0202ab0001c327c9005a5811460e29efbf1ffffffc2246cd1e00000fc0007ebfe9ed0737feebfff600,0202AB0001C327C9005A5811460E29EFBF1FFFFFFC2246CD1E00000FC0007EBFE9ED0737FEEBFFF600,
2026-07-14T15:46:27.010832+00:00,51.021343,valid,2736,452,2868904388,10285,41,hex,CAM,0202ab0001c4282d005a5811460e29efbf1ffffffc2246cd1e00000fc0007ebfe9ed0737feebfff600,0202AB0001C4282D005A5811460E29EFBF1FFFFFFC2246CD1E00000FC0007EBFE9ED0737FEEBFFF600,
2026-07-14T15:46:27.111959+00:00,51.122462,valid,2736,453,2868904389,10385,41,hex,CAM,0202ab0001c52891005a5811460e29efbf1ffffffc2246cd1e00000fc0007ebfe9ed0737feebfff600,0202AB0001C52891005A5811460E29EFBF1FFFFFFC2246CD1E00000FC0007EBFE9ED0737FEEBFFF600,
2026-07-14T15:46:27.213961+00:00,51.224464,valid,2736,454,2868904390,10485,41,hex,CAM,0202ab0001c628f5005a5811460e29efbf1ffffffc2246cd1e00000fc0007ebfe9ed0737feebfff600,0202AB0001C628F5005A5811460E29EFBF1FFFFFFC2246CD1E00000FC0007EBFE9ED0737FEEBFFF600,
2026-07-14T15:46:27.305807+00:00,51.316299,valid,2736,455,2868904391,10585,41,hex,CAM,0202ab0001c72959005a5811460e29efbf1ffffffc2246cd1e00000fc0007ebfe9ed0737feebfff600,0202AB0001C72959005A5811460E29EFBF1FFFFFFC2246CD1E00000FC0007EBFE9ED0737FEEBFFF600,
2026-07-14T15:46:27.401528+00:00,51.412037,rx_error,,,,,,,,,RX ERROR: 0x1810F07,
2026-07-14T15:46:27.510032+00:00,51.520536,valid,2736,457,2868904393,10785,41,hex,CAM,0202ab0001c92a21005a5811460e29efbf1ffffffc2246cd1e00000fc0007ebfe9ed0737feebfff600,0202AB0001C92A21005A5811460E29EFBF1FFFFFFC2246CD1E00000FC0007EBFE9ED0737FEEBFFF600,
2026-07-14T15:46:27.605516+00:00,51.616020,rx_error,,,,,,,,,RX ERROR: 0x1810F07,
2026-07-14T15:46:27.714024+00:00,51.724523,valid,2736,459,2868904395,10985,41,hex,CAM,0202ab0001cb2ae9005a5811460e29efbf1ffffffc2246cd1e00000fc0007ebfe9ed0737feebfff600,0202AB0001CB2AE9005A5811460E29EFBF1FFFFFFC2246CD1E00000FC0007EBFE9ED0737FEEBFFF600,
2026-07-14T15:46:27.805890+00:00,51.816388,valid,2736,460,2868904396,11085,41,hex,CAM,0202ab0001cc2b4d005a5811460e29efbf1ffffffc2246cd1e00000fc0007ebfe9ed0737feebfff600,0202AB0001CC2B4D005A5811460E29EFBF1FFFFFFC2246CD1E00000FC0007EBFE9ED0737FEEBFFF600,
2026-07-14T15:46:27.908051+00:00,51.918554,valid,2736,461,2868904397,11185,41,hex,CAM,0202ab0001cd2bb1005a5811460e29efbf1ffffffc2246cd1e00000fc0007ebfe9ed0737feebfff600,0202AB0001CD2BB1005A5811460E29EFBF1FFFFFFC2246CD1E00000FC0007EBFE9ED0737FEEBFFF600,
2026-07-14T15:46:28.010108+00:00,52.020613,valid,2736,462,2868904398,11285,41,hex,CAM,0202ab0001ce2c15005a5811460e29efbf1ffffffc2246cd1e00000fc0007ebfe9ed0737feebfff600,0202AB0001CE2C15005A5811460E29EFBF1FFFFFFC2246CD1E00000FC0007EBFE9ED0737FEEBFFF600,
2026-07-14T15:46:28.112073+00:00,52.122578,valid,2736,463,2868904399,11385,41,hex,CAM,0202ab0001cf2c79005a5811460e29efbf1ffffffc2246cd1e00000fc0007ebfe9ed0737feebfff600,0202AB0001CF2C79005A5811460E29EFBF1FFFFFFC2246CD1E00000FC0007EBFE9ED0737FEEBFFF600,
2026-07-14T15:46:28.214110+00:00,52.224614,valid,2736,464,2868904400,11485,41,hex,CAM,0202ab0001d02cdd005a5811460e29efbf1ffffffc2246cd1e00000fc0007ebfe9ed0737feebfff600,0202AB0001D02CDD005A5811460E29EFBF1FFFFFFC2246CD1E00000FC0007EBFE9ED0737FEEBFFF600,
2026-07-14T15:46:28.306087+00:00,52.316591,valid,2736,465,2868904401,11585,41,hex,CAM,0202ab0001d12d41005a5811460e29efbf1ffffffc2246cd1e00000fc0007ebfe9ed0737feebfff600,0202AB0001D12D41005A5811460E29EFBF1FFFFFFC2246CD1E00000FC0007EBFE9ED0737FEEBFFF600,
2026-07-14T15:46:28.408047+00:00,52.418550,valid,2736,466,2868904402,11685,41,hex,CAM,0202ab0001d22da5005a5811460e29efbf1ffffffc2246cd1e00000fc0007ebfe9ed0737feebfff600,0202AB0001D22DA5005A5811460E29EFBF1FFFFFFC2246CD1E00000FC0007EBFE9ED0737FEEBFFF600,
2026-07-14T15:46:28.510097+00:00,52.520601,valid,2736,467,2868904403,11785,41,hex,CAM,0202ab0001d32e09005a5811460e29efbf1ffffffc2246cd1e00000fc0007ebfe9ed0737feebfff600,0202AB0001D32E09005A5811460E29EFBF1FFFFFFC2246CD1E00000FC0007EBFE9ED0737FEEBFFF600,
2026-07-14T15:46:28.612014+00:00,52.622518,valid,2736,468,2868904404,11885,41,hex,CAM,0202ab0001d42e6d005a5811460e29efbf1ffffffc2246cd1e00000fc0007ebfe9ed0737feebfff600,0202AB0001D42E6D005A5811460E29EFBF1FFFFFFC2246CD1E00000FC0007EBFE9ED0737FEEBFFF600,
2026-07-14T15:46:28.714063+00:00,52.724568,valid,2736,469,2868904405,11985,41,hex,CAM,0202ab0001d52ed1005a5811460e29efbf1ffffffc2246cd1e00000fc0007ebfe9ed0737feebfff600,0202AB0001D52ED1005A5811460E29EFBF1FFFFFFC2246CD1E00000FC0007EBFE9ED0737FEEBFFF600,
2026-07-14T15:46:28.799315+00:00,52.809807,rx_error,,,,,,,,,RX ERROR: 0x1810F07,
2026-07-14T15:46:28.907679+00:00,52.918178,valid,2736,471,2868904407,12185,41,hex,CAM,0202ab0001d72f99005a5811460e29efbf1ffffffc2246cd1e00000fc0007ebfe9ed0737feebfff600,0202AB0001D72F99005A5811460E29EFBF1FFFFFFC2246CD1E00000FC0007EBFE9ED0737FEEBFFF600,
2026-07-14T15:46:29.003525+00:00,53.014037,rx_error,,,,,,,,,RX ERROR: 0x1810F07,
2026-07-14T15:46:29.112031+00:00,53.122535,valid,2736,473,2868904409,12385,41,hex,CAM,0202ab0001d93061005a5811460e29efbf1ffffffc2246cd1e00000fc0007ebfe9ed0737feebfff600,0202AB0001D93061005A5811460E29EFBF1FFFFFFC2246CD1E00000FC0007EBFE9ED0737FEEBFFF600,
2026-07-14T15:46:29.207528+00:00,53.218034,rx_error,,,,,,,,,RX ERROR: 0x1810F07,
2026-07-14T15:46:29.306193+00:00,53.316701,valid,2736,475,2868904411,12585,41,hex,CAM,0202ab0001db3129005a5811460e29efbf1ffffffc2246cd1e00000fc0007ebfe9ed0737feebfff600,0202AB0001DB3129005A5811460E29EFBF1FFFFFFC2246CD1E00000FC0007EBFE9ED0737FEEBFFF600,
2026-07-14T15:46:29.408052+00:00,53.418557,valid,2736,476,2868904412,12685,41,hex,CAM,0202ab0001dc318d005a5811460e29efbf1ffffffc2246cd1e00000fc0007ebfe9ed0737feebfff600,0202AB0001DC318D005A5811460E29EFBF1FFFFFFC2246CD1E00000FC0007EBFE9ED0737FEEBFFF600,
2026-07-14T15:46:29.503500+00:00,53.514006,rx_error,,,,,,,,,RX ERROR: 0x1810F07,
2026-07-14T15:46:29.612061+00:00,53.622565,valid,2736,478,2868904414,12885,41,hex,CAM,0202ab0001de3255005a5811460e29efbf1ffffffc2246cd1e00000fc0007ebfe9ed0737feebfff600,0202AB0001DE3255005A5811460E29EFBF1FFFFFFC2246CD1E00000FC0007EBFE9ED0737FEEBFFF600,
2026-07-14T15:46:29.707483+00:00,53.717990,rx_error,,,,,,,,,RX ERROR: 0x1810F07,
2026-07-14T15:46:29.806028+00:00,53.816534,valid,2736,480,2868904416,13085,41,hex,CAM,0202ab0001e0331d005a5811460e29efbf1ffffffc2246cd1e00000fc0007ebfe9ed0737feebfff600,0202AB0001E0331D005A5811460E29EFBF1FFFFFFC2246CD1E00000FC0007EBFE9ED0737FEEBFFF600,
2026-07-14T15:46:29.901511+00:00,53.912017,rx_error,,,,,,,,,RX ERROR: 0x1810F07,
2026-07-14T15:46:30.010119+00:00,54.020625,valid,2736,482,2868904418,13285,41,hex,CAM,0202ab0001e233e5005a5811460e29efbf1ffffffc2246cd1e00000fc0007ebfe9ed0737feebfff600,0202AB0001E233E5005A5811460E29EFBF1FFFFFFC2246CD1E00000FC0007EBFE9ED0737FEEBFFF600,
2026-07-14T15:46:30.112080+00:00,54.122584,valid,2736,483,2868904419,13385,41,hex,CAM,0202ab0001e33449005a5811460e29efbf1ffffffc2246cd1e00000fc0007ebfe9ed0737feebfff600,0202AB0001E33449005A5811460E29EFBF1FFFFFFC2246CD1E00000FC0007EBFE9ED0737FEEBFFF600,
2026-07-14T15:46:30.214088+00:00,54.224593,valid,2736,484,2868904420,13485,41,hex,CAM,0202ab0001e434ad005a5811460e29efbf1ffffffc2246cd1e00000fc0007ebfe9ed0737feebfff600,0202AB0001E434AD005A5811460E29EFBF1FFFFFFC2246CD1E00000FC0007EBFE9ED0737FEEBFFF600,
2026-07-14T15:46:30.306009+00:00,54.316513,valid,2736,485,2868904421,13585,41,hex,CAM,0202ab0001e53511005a5811460e29efbf1ffffffc2246cd1e00000fc0007ebfe9ed0737feebfff600,0202AB0001E53511005A5811460E29EFBF1FFFFFFC2246CD1E00000FC0007EBFE9ED0737FEEBFFF600,
2026-07-14T15:46:30.408133+00:00,54.418639,valid,2736,486,2868904422,13685,41,hex,CAM,0202ab0001e63575005a5811460e29efbf1ffffffc2246cd1e00000fc0007ebfe9ed0737feebfff600,0202AB0001E63575005A5811460E29EFBF1FFFFFFC2246CD1E00000FC0007EBFE9ED0737FEEBFFF600,
2026-07-14T15:46:30.510016+00:00,54.520520,valid,2736,487,2868904423,13785,41,hex,CAM,0202ab0001e735d9005a5811460e29efbf1ffffffc2246cd1e00000fc0007ebfe9ed0737feebfff600,0202AB0001E735D9005A5811460E29EFBF1FFFFFFC2246CD1E00000FC0007EBFE9ED0737FEEBFFF600,
2026-07-14T15:46:30.612119+00:00,54.622623,valid,2736,488,2868904424,13885,41,hex,CAM,0202ab0001e8363d005a5811460e29efbf1ffffffc2246cd1e00000fc0007ebfe9ed0737feebfff600,0202AB0001E8363D005A5811460E29EFBF1FFFFFFC2246CD1E00000FC0007EBFE9ED0737FEEBFFF600,
2026-07-14T15:46:30.713990+00:00,54.724494,valid,2736,489,2868904425,13985,41,hex,CAM,0202ab0001e936a1005a5811460e29efbf1ffffffc2246cd1e00000fc0007ebfe9ed0737feebfff600,0202AB0001E936A1005A5811460E29EFBF1FFFFFFC2246CD1E00000FC0007EBFE9ED0737FEEBFFF600,
2026-07-14T15:46:30.805970+00:00,54.816474,valid,2736,490,2868904426,14085,41,hex,CAM,0202ab0001ea3705005a5811460e29efbf1ffffffc2246cd1e00000fc0007ebfe9ed0737feebfff600,0202AB0001EA3705005A5811460E29EFBF1FFFFFFC2246CD1E00000FC0007EBFE9ED0737FEEBFFF600,
2026-07-14T15:46:30.908020+00:00,54.918525,valid,2736,491,2868904427,14185,41,hex,CAM,0202ab0001eb3769005a5811460e29efbf1ffffffc2246cd1e00000fc0007ebfe9ed0737feebfff600,0202AB0001EB3769005A5811460E29EFBF1FFFFFFC2246CD1E00000FC0007EBFE9ED0737FEEBFFF600,
2026-07-14T15:46:31.003438+00:00,55.013946,rx_error,,,,,,,,,RX ERROR: 0x1810F07,
2026-07-14T15:46:31.105596+00:00,55.116103,rx_error,,,,,,,,,RX ERROR: 0x180AF07,
2026-07-14T15:46:31.214089+00:00,55.224593,valid,2736,494,2868904430,14485,41,hex,CAM,0202ab0001ee3895005a5811460e29efbf1ffffffc2246cd1e00000fc0007ebfe9ed0737feebfff600,0202AB0001EE3895005A5811460E29EFBF1FFFFFFC2246CD1E00000FC0007EBFE9ED0737FEEBFFF600,
2026-07-14T15:46:31.306089+00:00,55.316592,valid,2736,495,2868904431,14585,41,hex,CAM,0202ab0001ef38f9005a5811460e29efbf1ffffffc2246cd1e00000fc0007ebfe9ed0737feebfff600,0202AB0001EF38F9005A5811460E29EFBF1FFFFFFC2246CD1E00000FC0007EBFE9ED0737FEEBFFF600,
2026-07-14T15:46:31.408103+00:00,55.418607,valid,2736,496,2868904432,14685,41,hex,CAM,0202ab0001f0395d005a5811460e29efbf1ffffffc2246cd1e00000fc0007ebfe9ed0737feebfff600,0202AB0001F0395D005A5811460E29EFBF1FFFFFFC2246CD1E00000FC0007EBFE9ED0737FEEBFFF600,
2026-07-14T15:46:31.510391+00:00,55.520903,valid,2736,497,2868904433,14785,41,hex,CAM,0202ab0001f139c1005a5811460e29efbf1ffffffc2246cd1e00000fc0007ebfe9ed0737feebfff600,0202AB0001F139C1005A5811460E29EFBF1FFFFFFC2246CD1E00000FC0007EBFE9ED0737FEEBFFF600,
2026-07-14T15:46:31.605325+00:00,55.615814,rx_error,,,,,,,,,RX ERROR: 0x1810F07,
2026-07-14T15:46:31.714121+00:00,55.724624,valid,2736,499,2868904435,14985,41,hex,CAM,0202ab0001f33a89005a5811460e29efbf1ffffffc2246cd1e00000fc0007ebfe9ed0737feebfff600,0202AB0001F33A89005A5811460E29EFBF1FFFFFFC2246CD1E00000FC0007EBFE9ED0737FEEBFFF600,
2026-07-14T15:46:31.806130+00:00,55.816632,valid,2736,500,2868904436,15085,41,hex,CAM,0202ab0001f43aed005a5811460e29efbf1ffffffc2246cd1e00000fc0007ebfe9ed0737feebfff600,0202AB0001F43AED005A5811460E29EFBF1FFFFFFC2246CD1E00000FC0007EBFE9ED0737FEEBFFF600,
2026-07-14T15:46:31.907112+00:00,55.917598,valid,2736,501,2868904437,15185,41,hex,CAM,0202ab0001f53b51005a5811460e29efbf1ffffffc2246cd1e00000fc0007ebfe9ed0737feebfff600,0202AB0001F53B51005A5811460E29EFBF1FFFFFFC2246CD1E00000FC0007EBFE9ED0737FEEBFFF600,
2026-07-14T15:46:32.003583+00:00,56.014091,rx_error,,,,,,,,,RX ERROR: 0x180AF07,
2026-07-14T15:46:32.112116+00:00,56.122623,valid,2736,503,2868904439,15385,41,hex,CAM,0202ab0001f73c19005a5811460e29efbf1ffffffc2246cd1e00000fc0007ebfe9ed0737feebfff600,0202AB0001F73C19005A5811460E29EFBF1FFFFFFC2246CD1E00000FC0007EBFE9ED0737FEEBFFF600,
2026-07-14T15:46:32.214157+00:00,56.224661,valid,2736,504,2868904440,15485,41,hex,CAM,0202ab0001f83c7d005a5811460e29efbf1ffffffc2246cd1e00000fc0007ebfe9ed0737feebfff600,0202AB0001F83C7D005A5811460E29EFBF1FFFFFFC2246CD1E00000FC0007EBFE9ED0737FEEBFFF600,
2026-07-14T15:46:32.299226+00:00,56.309713,rx_error,,,,,,,,,RX ERROR: 0x1810F07,
2026-07-14T15:46:32.407785+00:00,56.418270,valid,2736,506,2868904442,15685,41,hex,CAM,0202ab0001fa3d45005a5811460e29efbf1ffffffc2246cd1e00000fc0007ebfe9ed0737feebfff600,0202AB0001FA3D45005A5811460E29EFBF1FFFFFFC2246CD1E00000FC0007EBFE9ED0737FEEBFFF600,
2026-07-14T15:46:32.510014+00:00,56.520518,valid,2736,507,2868904443,15785,41,hex,CAM,0202ab0001fb3da9005a5811460e29efbf1ffffffc2246cd1e00000fc0007ebfe9ed0737feebfff600,0202AB0001FB3DA9005A5811460E29EFBF1FFFFFFC2246CD1E00000FC0007EBFE9ED0737FEEBFFF600,
2026-07-14T15:46:32.612091+00:00,56.622595,valid,2736,508,2868904444,15885,41,hex,CAM,0202ab0001fc3e0d005a5811460e29efbf1ffffffc2246cd1e00000fc0007ebfe9ed0737feebfff600,0202AB0001FC3E0D005A5811460E29EFBF1FFFFFFC2246CD1E00000FC0007EBFE9ED0737FEEBFFF600,
2026-07-14T15:46:32.715604+00:00,56.726136,valid,2736,509,2868904445,15985,41,hex,CAM,0202ab0001fd3e71005a5811460e29efbf1ffffffc2246cd1e00000fc0007ebfe9ed0737feebfff600,0202AB0001FD3E71005A5811460E29EFBF1FFFFFFC2246CD1E00000FC0007EBFE9ED0737FEEBFFF600,
2026-07-14T15:46:32.806819+00:00,56.817333,valid,2736,510,2868904446,16085,41,hex,CAM,0202ab0001fe3ed5005a5811460e29efbf1ffffffc2246cd1e00000fc0007ebfe9ed0737feebfff600,0202AB0001FE3ED5005A5811460E29EFBF1FFFFFFC2246CD1E00000FC0007EBFE9ED0737FEEBFFF600,
2026-07-14T15:46:32.908155+00:00,56.918658,valid,2736,511,2868904447,16185,41,hex,CAM,0202ab0001ff3f39005a5811460e29efbf1ffffffc2246cd1e00000fc0007ebfe9ed0737feebfff600,0202AB0001FF3F39005A5811460E29EFBF1FFFFFFC2246CD1E00000FC0007EBFE9ED0737FEEBFFF600,
2026-07-14T15:46:33.010208+00:00,57.020714,valid,2736,512,2868904448,16285,41,hex,CAM,0202ab0002003f9d005a5811460e29efbf1ffffffc2246cd1e00000fc0007ebfe9ed0737feebfff600,0202AB0002003F9D005A5811460E29EFBF1FFFFFFC2246CD1E00000FC0007EBFE9ED0737FEEBFFF600,
2026-07-14T15:46:33.113652+00:00,57.124168,valid,2736,513,2868904449,16385,41,hex,CAM,0202ab0002014001005a5811460e29efbf1ffffffc2246cd1e00000fc0007ebfe9ed0737feebfff600,0202AB0002014001005A5811460E29EFBF1FFFFFFC2246CD1E00000FC0007EBFE9ED0737FEEBFFF600,
2026-07-14T15:46:33.215751+00:00,57.226270,valid,2736,514,2868904450,16485,41,hex,CAM,0202ab0002024065005a5811460e29efbf1ffffffc2246cd1e00000fc0007ebfe9ed0737feebfff600,0202AB0002024065005A5811460E29EFBF1FFFFFFC2246CD1E00000FC0007EBFE9ED0737FEEBFFF600,
2026-07-14T15:46:33.299982+00:00,57.310503,rx_error,,,,,,,,,RX ERROR: 0x1810F07,
2026-07-14T15:46:33.409753+00:00,57.420271,valid,2736,516,2868904452,16685,41,hex,CAM,0202ab000204412d005a5811460e29efbf1ffffffc2246cd1e00000fc0007ebfe9ed0737feebfff600,0202AB000204412D005A5811460E29EFBF1FFFFFFC2246CD1E00000FC0007EBFE9ED0737FEEBFFF600,
2026-07-14T15:46:33.511704+00:00,57.522224,valid,2736,517,2868904453,16785,41,hex,CAM,0202ab0002054191005a5811460e29efbf1ffffffc2246cd1e00000fc0007ebfe9ed0737feebfff600,0202AB0002054191005A5811460E29EFBF1FFFFFFC2246CD1E00000FC0007EBFE9ED0737FEEBFFF600,
2026-07-14T15:46:33.613717+00:00,57.624235,valid,2736,518,2868904454,16885,41,hex,CAM,0202ab00020641f5005a5811460e29efbf1ffffffc2246cd1e00000fc0007ebfe9ed0737feebfff600,0202AB00020641F5005A5811460E29EFBF1FFFFFFC2246CD1E00000FC0007EBFE9ED0737FEEBFFF600,
2026-07-14T15:46:33.707981+00:00,57.718503,rx_error,,,,,,,,,RX ERROR: 0x1810F07,
2026-07-14T15:46:33.807824+00:00,57.818343,valid,2736,520,2868904456,17085,41,hex,CAM,0202ab00020842bd005a5811460e29efbf1ffffffc2246cd1e00000fc0007ebfe9ed0737feebfff600,0202AB00020842BD005A5811460E29EFBF1FFFFFFC2246CD1E00000FC0007EBFE9ED0737FEEBFFF600,
2026-07-14T15:46:33.909704+00:00,57.920224,valid,2736,521,2868904457,17185,41,hex,CAM,0202ab0002094321005a5811460e29efbf1ffffffc2246cd1e00000fc0007ebfe9ed0737feebfff600,0202AB0002094321005A5811460E29EFBF1FFFFFFC2246CD1E00000FC0007EBFE9ED0737FEEBFFF600,
2026-07-14T15:46:34.010919+00:00,58.021428,valid,2736,522,2868904458,17285,41,hex,CAM,0202ab00020a4385005a5811460e29efbf1ffffffc2246cd1e00000fc0007ebfe9ed0737feebfff600,0202AB00020A4385005A5811460E29EFBF1FFFFFFC2246CD1E00000FC0007EBFE9ED0737FEEBFFF600,
2026-07-14T15:46:34.112088+00:00,58.122591,valid,2736,523,2868904459,17385,41,hex,CAM,0202ab00020b43e9005a5811460e29efbf1ffffffc2246cd1e00000fc0007ebfe9ed0737feebfff600,0202AB00020B43E9005A5811460E29EFBF1FFFFFFC2246CD1E00000FC0007EBFE9ED0737FEEBFFF600,
2026-07-14T15:46:34.214085+00:00,58.224591,valid,2736,524,2868904460,17485,41,hex,CAM,0202ab00020c444d005a5811460e29efbf1ffffffc2246cd1e00000fc0007ebfe9ed0737feebfff600,0202AB00020C444D005A5811460E29EFBF1FFFFFFC2246CD1E00000FC0007EBFE9ED0737FEEBFFF600,
2026-07-14T15:46:34.306140+00:00,58.316645,valid,2736,525,2868904461,17585,41,hex,CAM,0202ab00020d44b1005a5811460e29efbf1ffffffc2246cd1e00000fc0007ebfe9ed0737feebfff600,0202AB00020D44B1005A5811460E29EFBF1FFFFFFC2246CD1E00000FC0007EBFE9ED0737FEEBFFF600,
2026-07-14T15:46:34.408134+00:00,58.418638,valid,2736,526,2868904462,17685,41,hex,CAM,0202ab00020e4515005a5811460e29efbf1ffffffc2246cd1e00000fc0007ebfe9ed0737feebfff600,0202AB00020E4515005A5811460E29EFBF1FFFFFFC2246CD1E00000FC0007EBFE9ED0737FEEBFFF600,
2026-07-14T15:46:34.503873+00:00,58.514395,rx_error,,,,,,,,,RX ERROR: 0x1810F07,
2026-07-14T15:46:34.613624+00:00,58.624155,valid,2736,528,2868904464,17885,41,hex,CAM,0202ab00021045dd005a5811460e29efbf1ffffffc2246cd1e00000fc0007ebfe9ed0737feebfff600,0202AB00021045DD005A5811460E29EFBF1FFFFFFC2246CD1E00000FC0007EBFE9ED0737FEEBFFF600,
2026-07-14T15:46:34.715738+00:00,58.726255,valid,2736,529,2868904465,17985,41,hex,CAM,0202ab0002114641005a5811460e29efbf1ffffffc2246cd1e00000fc0007ebfe9ed0737feebfff600,0202AB0002114641005A5811460E29EFBF1FFFFFFC2246CD1E00000FC0007EBFE9ED0737FEEBFFF600,
2026-07-14T15:46:34.799877+00:00,58.810397,rx_error,,,,,,,,,RX ERROR: 0x1801307,
2026-07-14T15:46:34.909586+00:00,58.920121,valid,2736,531,2868904467,18185,41,hex,CAM,0202ab0002134709005a5811460e29efbf1ffffffc2246cd1e00000fc0007ebfe9ed0737feebfff600,0202AB0002134709005A5811460E29EFBF1FFFFFFC2246CD1E00000FC0007EBFE9ED0737FEEBFFF600,
2026-07-14T15:46:35.011620+00:00,59.022156,valid,2736,532,2868904468,18285,41,hex,CAM,0202ab000214476d005a5811460e29efbf1ffffffc2246cd1e00000fc0007ebfe9ed0737feebfff600,0202AB000214476D005A5811460E29EFBF1FFFFFFC2246CD1E00000FC0007EBFE9ED0737FEEBFFF600,
2026-07-14T15:46:35.113704+00:00,59.124221,valid,2736,533,2868904469,18385,41,hex,CAM,0202ab00021547d1005a5811460e29efbf1ffffffc2246cd1e00000fc0007ebfe9ed0737feebfff600,0202AB00021547D1005A5811460E29EFBF1FFFFFFC2246CD1E00000FC0007EBFE9ED0737FEEBFFF600,
2026-07-14T15:46:35.214566+00:00,59.225055,valid,2736,534,2868904470,18485,41,hex,CAM,0202ab0002164835005a5811460e29efbf1ffffffc2246cd1e00000fc0007ebfe9ed0737feebfff600,0202AB0002164835005A5811460E29EFBF1FFFFFFC2246CD1E00000FC0007EBFE9ED0737FEEBFFF600,
2026-07-14T15:46:35.299953+00:00,59.310472,rx_error,,,,,,,,,RX ERROR: 0x1810F07,
2026-07-14T15:46:35.409690+00:00,59.420207,valid,2736,536,2868904472,18685,41,hex,CAM,0202ab00021848fd005a5811460e29efbf1ffffffc2246cd1e00000fc0007ebfe9ed0737feebfff600,0202AB00021848FD005A5811460E29EFBF1FFFFFFC2246CD1E00000FC0007EBFE9ED0737FEEBFFF600,
2026-07-14T15:46:35.511548+00:00,59.522065,valid,2736,537,2868904473,18785,41,hex,CAM,0202ab0002194961005a5811460e29efbf1ffffffc2246cd1e00000fc0007ebfe9ed0737feebfff600,0202AB0002194961005A5811460E29EFBF1FFFFFFC2246CD1E00000FC0007EBFE9ED0737FEEBFFF600,
2026-07-14T15:46:35.613650+00:00,59.624168,valid,2736,538,2868904474,18885,41,hex,CAM,0202ab00021a49c5005a5811460e29efbf1ffffffc2246cd1e00000fc0007ebfe9ed0737feebfff600,0202AB00021A49C5005A5811460E29EFBF1FFFFFFC2246CD1E00000FC0007EBFE9ED0737FEEBFFF600,
2026-07-14T15:46:35.707945+00:00,59.718467,rx_error,,,,,,,,,RX ERROR: 0x1810F07,
2026-07-14T15:46:35.806141+00:00,59.816653,valid,2736,540,2868904476,19085,41,hex,CAM,0202ab00021c4a8d005a5811460e29efbf1ffffffc2246cd1e00000fc0007ebfe9ed0737feebfff600,0202AB00021C4A8D005A5811460E29EFBF1FFFFFFC2246CD1E00000FC0007EBFE9ED0737FEEBFFF600,
2026-07-14T15:46:35.908056+00:00,59.918560,valid,2736,541,2868904477,19185,41,hex,CAM,0202ab00021d4af1005a5811460e29efbf1ffffffc2246cd1e00000fc0007ebfe9ed0737feebfff600,0202AB00021D4AF1005A5811460E29EFBF1FFFFFFC2246CD1E00000FC0007EBFE9ED0737FEEBFFF600,
2026-07-14T15:46:36.010114+00:00,60.020619,valid,2736,542,2868904478,19285,41,hex,CAM,0202ab00021e4b55005a5811460e29efbf1ffffffc2246cd1e00000fc0007ebfe9ed0737feebfff600,0202AB00021E4B55005A5811460E29EFBF1FFFFFFC2246CD1E00000FC0007EBFE9ED0737FEEBFFF600,
2026-07-14T15:46:36.111072+00:00,60.121559,valid,2736,543,2868904479,19385,41,hex,CAM,0202ab00021f4bb9005a5811460e29efbf1ffffffc2246cd1e00000fc0007ebfe9ed0737feebfff600,0202AB00021F4BB9005A5811460E29EFBF1FFFFFFC2246CD1E00000FC0007EBFE9ED0737FEEBFFF600,
2026-07-14T15:46:36.214038+00:00,60.224543,valid,2736,544,2868904480,19485,41,hex,CAM,0202ab0002204c1d005a5811460e29efbf1ffffffc2246cd1e00000fc0007ebfe9ed0737feebfff600,0202AB0002204C1D005A5811460E29EFBF1FFFFFFC2246CD1E00000FC0007EBFE9ED0737FEEBFFF600,
2026-07-14T15:46:36.306154+00:00,60.316657,valid,2736,545,2868904481,19585,41,hex,CAM,0202ab0002214c81005a5811460e29efbf1ffffffc2246cd1e00000fc0007ebfe9ed0737feebfff600,0202AB0002214C81005A5811460E29EFBF1FFFFFFC2246CD1E00000FC0007EBFE9ED0737FEEBFFF600,
2026-07-14T15:46:36.408147+00:00,60.418652,valid,2736,546,2868904482,19685,41,hex,CAM,0202ab0002224ce5005a5811460e29efbf1ffffffc2246cd1e00000fc0007ebfe9ed0737feebfff600,0202AB0002224CE5005A5811460E29EFBF1FFFFFFC2246CD1E00000FC0007EBFE9ED0737FEEBFFF600,
2026-07-14T15:46:36.509048+00:00,60.519533,valid,2736,547,2868904483,19785,41,hex,CAM,0202ab0002234d49005a5811460e29efbf1ffffffc2246cd1e00000fc0007ebfe9ed0737feebfff600,0202AB0002234D49005A5811460E29EFBF1FFFFFFC2246CD1E00000FC0007EBFE9ED0737FEEBFFF600,
2026-07-14T15:46:36.612063+00:00,60.622568,valid,2736,548,2868904484,19885,41,hex,CAM,0202ab0002244dad005a5811460e29efbf1ffffffc2246cd1e00000fc0007ebfe9ed0737feebfff600,0202AB0002244DAD005A5811460E29EFBF1FFFFFFC2246CD1E00000FC0007EBFE9ED0737FEEBFFF600,
2026-07-14T15:46:36.714063+00:00,60.724568,valid,2736,549,2868904485,19985,41,hex,CAM,0202ab0002254e11005a5811460e29efbf1ffffffc2246cd1e00000fc0007ebfe9ed0737feebfff600,0202AB0002254E11005A5811460E29EFBF1FFFFFFC2246CD1E00000FC0007EBFE9ED0737FEEBFFF600,
2026-07-14T15:46:36.806059+00:00,60.816563,valid,2736,550,2868904486,20085,41,hex,CAM,0202ab0002264e75005a5811460e29efbf1ffffffc2246cd1e00000fc0007ebfe9ed0737feebfff600,0202AB0002264E75005A5811460E29EFBF1FFFFFFC2246CD1E00000FC0007EBFE9ED0737FEEBFFF600,
2026-07-14T15:46:36.908183+00:00,60.918686,valid,2736,551,2868904487,20185,41,hex,CAM,0202ab0002274ed9005a5811460e29efbf1ffffffc2246cd1e00000fc0007ebfe9ed0737feebfff600,0202AB0002274ED9005A5811460E29EFBF1FFFFFFC2246CD1E00000FC0007EBFE9ED0737FEEBFFF600,
2026-07-14T15:46:37.010159+00:00,61.020662,valid,2736,552,2868904488,20285,41,hex,CAM,0202ab0002284f3d005a5811460e29efbf1ffffffc2246cd1e00000fc0007ebfe9ed0737feebfff600,0202AB0002284F3D005A5811460E29EFBF1FFFFFFC2246CD1E00000FC0007EBFE9ED0737FEEBFFF600,
2026-07-14T15:46:37.112003+00:00,61.122508,valid,2736,553,2868904489,20385,41,hex,CAM,0202ab0002294fa1005a5811460e29efbf1ffffffc2246cd1e00000fc0007ebfe9ed0737feebfff600,0202AB0002294FA1005A5811460E29EFBF1FFFFFFC2246CD1E00000FC0007EBFE9ED0737FEEBFFF600,
2026-07-14T15:46:37.207507+00:00,61.218015,rx_error,,,,,,,,,RX ERROR: 0x1810F07,
2026-07-14T15:46:37.306134+00:00,61.316639,valid,2736,555,2868904491,20585,41,hex,CAM,0202ab00022b5069005a5811460e29efbf1ffffffc2246cd1e00000fc0007ebfe9ed0737feebfff600,0202AB00022B5069005A5811460E29EFBF1FFFFFFC2246CD1E00000FC0007EBFE9ED0737FEEBFFF600,
2026-07-14T15:46:37.408235+00:00,61.418737,valid,2736,556,2868904492,20685,41,hex,CAM,0202ab00022c50cd005a5811460e29efbf1ffffffc2246cd1e00000fc0007ebfe9ed0737feebfff600,0202AB00022C50CD005A5811460E29EFBF1FFFFFFC2246CD1E00000FC0007EBFE9ED0737FEEBFFF600,
2026-07-14T15:46:37.510093+00:00,61.520597,valid,2736,557,2868904493,20785,41,hex,CAM,0202ab00022d5131005a5811460e29efbf1ffffffc2246cd1e00000fc0007ebfe9ed0737feebfff600,0202AB00022D5131005A5811460E29EFBF1FFFFFFC2246CD1E00000FC0007EBFE9ED0737FEEBFFF600,
2026-07-14T15:46:37.605494+00:00,61.616002,rx_error,,,,,,,,,RX ERROR: 0x1810F07,
2026-07-14T15:46:37.714104+00:00,61.724611,valid,2736,559,2868904495,20985,41,hex,CAM,0202ab00022f51f9005a5811460e29efbf1ffffffc2246cd1e00000fc0007ebfe9ed0737feebfff600,0202AB00022F51F9005A5811460E29EFBF1FFFFFFC2246CD1E00000FC0007EBFE9ED0737FEEBFFF600,
2026-07-14T15:46:37.806129+00:00,61.816632,valid,2736,560,2868904496,21085,41,hex,CAM,0202ab000230525d005a5811460e29efbf1ffffffc2246cd1e00000fc0007ebfe9ed0737feebfff600,0202AB000230525D005A5811460E29EFBF1FFFFFFC2246CD1E00000FC0007EBFE9ED0737FEEBFFF600,
2026-07-14T15:46:37.901668+00:00,61.912176,rx_error,,,,,,,,,RX ERROR: 0x1810F07,
2026-07-14T15:46:38.010140+00:00,62.020646,valid,2736,562,2868904498,21285,41,hex,CAM,0202ab0002325325005a5811460e29efbf1ffffffc2246cd1e00000fc0007ebfe9ed0737feebfff600,0202AB0002325325005A5811460E29EFBF1FFFFFFC2246CD1E00000FC0007EBFE9ED0737FEEBFFF600,
2026-07-14T15:46:38.112088+00:00,62.122593,valid,2736,563,2868904499,21385,41,hex,CAM,0202ab0002335389005a5811460e29efbf1ffffffc2246cd1e00000fc0007ebfe9ed0737feebfff600,0202AB0002335389005A5811460E29EFBF1FFFFFFC2246CD1E00000FC0007EBFE9ED0737FEEBFFF600,
2026-07-14T15:46:38.214117+00:00,62.224621,valid,2736,564,2868904500,21485,41,hex,CAM,0202ab00023453ed005a5811460e29efbf1ffffffc2246cd1e00000fc0007ebfe9ed0737feebfff600,0202AB00023453ED005A5811460E29EFBF1FFFFFFC2246CD1E00000FC0007EBFE9ED0737FEEBFFF600,
2026-07-14T15:46:38.299508+00:00,62.310014,rx_error,,,,,,,,,RX ERROR: 0x1810F07,
2026-07-14T15:46:38.408144+00:00,62.418648,valid,2736,566,2868904502,21685,41,hex,CAM,0202ab00023654b5005a5811460e29efbf1ffffffc2246cd1e00000fc0007ebfe9ed0737feebfff600,0202AB00023654B5005A5811460E29EFBF1FFFFFFC2246CD1E00000FC0007EBFE9ED0737FEEBFFF600,
2026-07-14T15:46:38.511778+00:00,62.522293,valid,2736,567,2868904503,21785,41,hex,CAM,0202ab0002375519005a5811460e29efbf1ffffffc2246cd1e00000fc0007ebfe9ed0737feebfff600,0202AB0002375519005A5811460E29EFBF1FFFFFFC2246CD1E00000FC0007EBFE9ED0737FEEBFFF600,
2026-07-14T15:46:38.611869+00:00,62.622357,valid,2736,568,2868904504,21885,41,hex,CAM,0202ab000238557d005a5811460e29efbf1ffffffc2246cd1e00000fc0007ebfe9ed0737feebfff600,0202AB000238557D005A5811460E29EFBF1FFFFFFC2246CD1E00000FC0007EBFE9ED0737FEEBFFF600,
2026-07-14T15:46:38.715731+00:00,62.726260,valid,2736,569,2868904505,21985,41,hex,CAM,0202ab00023955e1005a5811460e29efbf1ffffffc2246cd1e00000fc0007ebfe9ed0737feebfff600,0202AB00023955E1005A5811460E29EFBF1FFFFFFC2246CD1E00000FC0007EBFE9ED0737FEEBFFF600,
2026-07-14T15:46:38.806150+00:00,62.816654,valid,2736,570,2868904506,22085,41,hex,CAM,0202ab00023a5645005a5811460e29efbf1ffffffc2246cd1e00000fc0007ebfe9ed0737feebfff600,0202AB00023A5645005A5811460E29EFBF1FFFFFFC2246CD1E00000FC0007EBFE9ED0737FEEBFFF600,
2026-07-14T15:46:38.908045+00:00,62.918548,valid,2736,571,2868904507,22185,41,hex,CAM,0202ab00023b56a9005a5811460e29efbf1ffffffc2246cd1e00000fc0007ebfe9ed0737feebfff600,0202AB00023B56A9005A5811460E29EFBF1FFFFFFC2246CD1E00000FC0007EBFE9ED0737FEEBFFF600,
2026-07-14T15:46:39.010098+00:00,63.020604,valid,2736,572,2868904508,22285,41,hex,CAM,0202ab00023c570d005a5811460e29efbf1ffffffc2246cd1e00000fc0007ebfe9ed0737feebfff600,0202AB00023C570D005A5811460E29EFBF1FFFFFFC2246CD1E00000FC0007EBFE9ED0737FEEBFFF600,
2026-07-14T15:46:39.112080+00:00,63.122586,valid,2736,573,2868904509,22385,41,hex,CAM,0202ab00023d5771005a5811460e29efbf1ffffffc2246cd1e00000fc0007ebfe9ed0737feebfff600,0202AB00023D5771005A5811460E29EFBF1FFFFFFC2246CD1E00000FC0007EBFE9ED0737FEEBFFF600,
2026-07-14T15:46:39.214007+00:00,63.224510,valid,2736,574,2868904510,22485,41,hex,CAM,0202ab00023e57d5005a5811460e29efbf1ffffffc2246cd1e00000fc0007ebfe9ed0737feebfff600,0202AB00023E57D5005A5811460E29EFBF1FFFFFFC2246CD1E00000FC0007EBFE9ED0737FEEBFFF600,
2026-07-14T15:46:39.306131+00:00,63.316635,valid,2736,575,2868904511,22585,41,hex,CAM,0202ab00023f5839005a5811460e29efbf1ffffffc2246cd1e00000fc0007ebfe9ed0737feebfff600,0202AB00023F5839005A5811460E29EFBF1FFFFFFC2246CD1E00000FC0007EBFE9ED0737FEEBFFF600,
2026-07-14T15:46:39.408156+00:00,63.418660,valid,2736,576,2868904512,22685,41,hex,CAM,0202ab000240589d005a5811460e29efbf1ffffffc2246cd1e00000fc0007ebfe9ed0737feebfff600,0202AB000240589D005A5811460E29EFBF1FFFFFFC2246CD1E00000FC0007EBFE9ED0737FEEBFFF600,
2026-07-14T15:46:39.510140+00:00,63.520644,valid,2736,577,2868904513,22785,41,hex,CAM,0202ab0002415901005a5811460e29efbf1ffffffc2246cd1e00000fc0007ebfe9ed0737feebfff600,0202AB0002415901005A5811460E29EFBF1FFFFFFC2246CD1E00000FC0007EBFE9ED0737FEEBFFF600,
2026-07-14T15:46:39.612138+00:00,63.622646,valid,2736,578,2868904514,22885,41,hex,CAM,0202ab0002425965005a5811460e29efbf1ffffffc2246cd1e00000fc0007ebfe9ed0737feebfff600,0202AB0002425965005A5811460E29EFBF1FFFFFFC2246CD1E00000FC0007EBFE9ED0737FEEBFFF600,
2026-07-14T15:46:39.714209+00:00,63.724712,valid,2736,579,2868904515,22985,41,hex,CAM,0202ab00024359c9005a5811460e29efbf1ffffffc2246cd1e00000fc0007ebfe9ed0737feebfff600,0202AB00024359C9005A5811460E29EFBF1FFFFFFC2246CD1E00000FC0007EBFE9ED0737FEEBFFF600,
2026-07-14T15:46:39.806148+00:00,63.816651,valid,2736,580,2868904516,23085,41,hex,CAM,0202ab0002445a2d005a5811460e29efbf1ffffffc2246cd1e00000fc0007ebfe9ed0737feebfff600,0202AB0002445A2D005A5811460E29EFBF1FFFFFFC2246CD1E00000FC0007EBFE9ED0737FEEBFFF600,
2026-07-14T15:46:39.908227+00:00,63.918732,valid,2736,581,2868904517,23185,41,hex,CAM,0202ab0002455a91005a5811460e29efbf1ffffffc2246cd1e00000fc0007ebfe9ed0737feebfff600,0202AB0002455A91005A5811460E29EFBF1FFFFFFC2246CD1E00000FC0007EBFE9ED0737FEEBFFF600,
2026-07-14T15:46:40.010257+00:00,64.020760,valid,2736,582,2868904518,23285,41,hex,CAM,0202ab0002465af5005a5811460e29efbf1ffffffc2246cd1e00000fc0007ebfe9ed0737feebfff600,0202AB0002465AF5005A5811460E29EFBF1FFFFFFC2246CD1E00000FC0007EBFE9ED0737FEEBFFF600,
2026-07-14T15:46:40.105623+00:00,64.116157,rx_error,,,,,,,,,RX ERROR: 0x1810F07,
2026-07-14T15:46:40.214182+00:00,64.224685,valid,2736,584,2868904520,23485,41,hex,CAM,0202ab0002485bbd005a5811460e29efbf1ffffffc2246cd1e00000fc0007ebfe9ed0737feebfff600,0202AB0002485BBD005A5811460E29EFBF1FFFFFFC2246CD1E00000FC0007EBFE9ED0737FEEBFFF600,
2026-07-14T15:46:40.306123+00:00,64.316628,valid,2736,585,2868904521,23585,41,hex,CAM,0202ab0002495c21005a5811460e29efbf1ffffffc2246cd1e00000fc0007ebfe9ed0737feebfff600,0202AB0002495C21005A5811460E29EFBF1FFFFFFC2246CD1E00000FC0007EBFE9ED0737FEEBFFF600,
2026-07-14T15:46:40.401707+00:00,64.412215,rx_error,,,,,,,,,RX ERROR: 0x1810F07,
2026-07-14T15:46:40.511748+00:00,64.522265,valid,2736,587,2868904523,23785,41,hex,CAM,0202ab00024b5ce9005a5811460e29efbf1ffffffc2246cd1e00000fc0007ebfe9ed0737feebfff600,0202AB00024B5CE9005A5811460E29EFBF1FFFFFFC2246CD1E00000FC0007EBFE9ED0737FEEBFFF600,
2026-07-14T15:46:40.612867+00:00,64.623370,valid,2736,588,2868904524,23885,41,hex,CAM,0202ab00024c5d4d005a5811460e29efbf1ffffffc2246cd1e00000fc0007ebfe9ed0737feebfff600,0202AB00024C5D4D005A5811460E29EFBF1FFFFFFC2246CD1E00000FC0007EBFE9ED0737FEEBFFF600,
2026-07-14T15:46:40.707607+00:00,64.718141,rx_error,,,,,,,,,RX ERROR: 0x1810F07,
2026-07-14T15:46:40.806207+00:00,64.816709,valid,2736,590,2868904526,24085,41,hex,CAM,0202ab00024e5e15005a5811460e29efbf1ffffffc2246cd1e00000fc0007ebfe9ed0737feebfff600,0202AB00024E5E15005A5811460E29EFBF1FFFFFFC2246CD1E00000FC0007EBFE9ED0737FEEBFFF600,
2026-07-14T15:46:40.908131+00:00,64.918636,valid,2736,591,2868904527,24185,41,hex,CAM,0202ab00024f5e79005a5811460e29efbf1ffffffc2246cd1e00000fc0007ebfe9ed0737feebfff600,0202AB00024F5E79005A5811460E29EFBF1FFFFFFC2246CD1E00000FC0007EBFE9ED0737FEEBFFF600,
2026-07-14T15:46:41.011700+00:00,65.022215,valid,2736,592,2868904528,24285,41,hex,CAM,0202ab0002505edd005a5811460e29efbf1ffffffc2246cd1e00000fc0007ebfe9ed0737feebfff600,0202AB0002505EDD005A5811460E29EFBF1FFFFFFC2246CD1E00000FC0007EBFE9ED0737FEEBFFF600,
2026-07-14T15:46:41.105963+00:00,65.116471,rx_error,,,,,,,,,RX ERROR: 0x1810F07,
2026-07-14T15:46:41.306103+00:00,65.316607,valid,2736,595,2868904531,24585,41,hex,CAM,0202ab0002536009005a5811460e29efbf1ffffffc2246cd1e00000fc0007ebfe9ed0737feebfff600,0202AB0002536009005A5811460E29EFBF1FFFFFFC2246CD1E00000FC0007EBFE9ED0737FEEBFFF600,
2026-07-14T15:46:41.409705+00:00,65.420223,valid,2736,596,2868904532,24685,41,hex,CAM,0202ab000254606d005a5811460e29efbf1ffffffc2246cd1e00000fc0007ebfe9ed0737feebfff600,0202AB000254606D005A5811460E29EFBF1FFFFFFC2246CD1E00000FC0007EBFE9ED0737FEEBFFF600,
2026-07-14T15:46:41.503982+00:00,65.514490,rx_error,,,,,,,,,RX ERROR: 0x1810F07,
2026-07-14T15:46:41.612169+00:00,65.622674,valid,2736,598,2868904534,24885,41,hex,CAM,0202ab0002566135005a5811460e29efbf1ffffffc2246cd1e00000fc0007ebfe9ed0737feebfff600,0202AB0002566135005A5811460E29EFBF1FFFFFFC2246CD1E00000FC0007EBFE9ED0737FEEBFFF600,
2026-07-14T15:46:41.714180+00:00,65.724684,valid,2736,599,2868904535,24985,41,hex,CAM,0202ab0002576199005a5811460e29efbf1ffffffc2246cd1e00000fc0007ebfe9ed0737feebfff600,0202AB0002576199005A5811460E29EFBF1FFFFFFC2246CD1E00000FC0007EBFE9ED0737FEEBFFF600,
2026-07-14T15:46:41.806190+00:00,65.816691,valid,2736,600,2868904536,25085,41,hex,CAM,0202ab00025861fd005a5811460e29efbf1ffffffc2246cd1e00000fc0007ebfe9ed0737feebfff600,0202AB00025861FD005A5811460E29EFBF1FFFFFFC2246CD1E00000FC0007EBFE9ED0737FEEBFFF600,
2026-07-14T15:46:41.908177+00:00,65.918681,valid,2736,601,2868904537,25185,41,hex,CAM,0202ab0002596261005a5811460e29efbf1ffffffc2246cd1e00000fc0007ebfe9ed0737feebfff600,0202AB0002596261005A5811460E29EFBF1FFFFFFC2246CD1E00000FC0007EBFE9ED0737FEEBFFF600,
2026-07-14T15:46:42.010124+00:00,66.020631,valid,2736,602,2868904538,25285,41,hex,CAM,0202ab00025a62c5005a5811460e29efbf1ffffffc2246cd1e00000fc0007ebfe9ed0737feebfff600,0202AB00025A62C5005A5811460E29EFBF1FFFFFFC2246CD1E00000FC0007EBFE9ED0737FEEBFFF600,
2026-07-14T15:46:42.105491+00:00,66.115998,rx_error,,,,,,,,,RX ERROR: 0x1810F07,
2026-07-14T15:46:42.214134+00:00,66.224641,valid,2736,604,2868904540,25485,41,hex,CAM,0202ab00025c638d005a5811460e29efbf1ffffffc2246cd1e00000fc0007ebfe9ed0737feebfff600,0202AB00025C638D005A5811460E29EFBF1FFFFFFC2246CD1E00000FC0007EBFE9ED0737FEEBFFF600,
2026-07-14T15:46:42.306220+00:00,66.316727,valid,2736,605,2868904541,25585,41,hex,CAM,0202ab00025d63f1005a5811460e29efbf1ffffffc2246cd1e00000fc0007ebfe9ed0737feebfff600,0202AB00025D63F1005A5811460E29EFBF1FFFFFFC2246CD1E00000FC0007EBFE9ED0737FEEBFFF600,
2026-07-14T15:46:42.408095+00:00,66.418599,valid,2736,606,2868904542,25685,41,hex,CAM,0202ab00025e6455005a5811460e29efbf1ffffffc2246cd1e00000fc0007ebfe9ed0737feebfff600,0202AB00025E6455005A5811460E29EFBF1FFFFFFC2246CD1E00000FC0007EBFE9ED0737FEEBFFF600,
2026-07-14T15:46:42.510121+00:00,66.520625,valid,2736,607,2868904543,25785,41,hex,CAM,0202ab00025f64b9005a5811460e29efbf1ffffffc2246cd1e00000fc0007ebfe9ed0737feebfff600,0202AB00025F64B9005A5811460E29EFBF1FFFFFFC2246CD1E00000FC0007EBFE9ED0737FEEBFFF600,
2026-07-14T15:46:42.605520+00:00,66.616026,rx_error,,,,,,,,,RX ERROR: 0x1810F07,
2026-07-14T15:46:42.714125+00:00,66.724630,valid,2736,609,2868904545,25985,41,hex,CAM,0202ab0002616581005a5811460e29efbf1ffffffc2246cd1e00000fc0007ebfe9ed0737feebfff600,0202AB0002616581005A5811460E29EFBF1FFFFFFC2246CD1E00000FC0007EBFE9ED0737FEEBFFF600,
2026-07-14T15:46:42.806050+00:00,66.816553,valid,2736,610,2868904546,26085,41,hex,CAM,0202ab00026265e5005a5811460e29efbf1ffffffc2246cd1e00000fc0007ebfe9ed0737feebfff600,0202AB00026265E5005A5811460E29EFBF1FFFFFFC2246CD1E00000FC0007EBFE9ED0737FEEBFFF600,
2026-07-14T15:46:42.908147+00:00,66.918653,valid,2736,611,2868904547,26185,41,hex,CAM,0202ab0002636649005a5811460e29efbf1ffffffc2246cd1e00000fc0007ebfe9ed0737feebfff600,0202AB0002636649005A5811460E29EFBF1FFFFFFC2246CD1E00000FC0007EBFE9ED0737FEEBFFF600,
2026-07-14T15:46:43.010186+00:00,67.020690,valid,2736,612,2868904548,26285,41,hex,CAM,0202ab00026466ad005a5811460e29efbf1ffffffc2246cd1e00000fc0007ebfe9ed0737feebfff600,0202AB00026466AD005A5811460E29EFBF1FFFFFFC2246CD1E00000FC0007EBFE9ED0737FEEBFFF600,
2026-07-14T15:46:43.105579+00:00,67.116095,rx_error,,,,,,,,,RX ERROR: 0x1810F07,
2026-07-14T15:46:43.214078+00:00,67.224580,valid,2736,614,2868904550,26485,41,hex,CAM,0202ab0002666775005a5811460e29efbf1ffffffc2246cd1e00000fc0007ebfe9ed0737feebfff600,0202AB0002666775005A5811460E29EFBF1FFFFFFC2246CD1E00000FC0007EBFE9ED0737FEEBFFF600,
2026-07-14T15:46:43.306054+00:00,67.316559,valid,2736,615,2868904551,26585,41,hex,CAM,0202ab00026767d9005a5811460e29efbf1ffffffc2246cd1e00000fc0007ebfe9ed0737feebfff600,0202AB00026767D9005A5811460E29EFBF1FFFFFFC2246CD1E00000FC0007EBFE9ED0737FEEBFFF600,
2026-07-14T15:46:43.408150+00:00,67.418654,valid,2736,616,2868904552,26685,41,hex,CAM,0202ab000268683d005a5811460e29efbf1ffffffc2246cd1e00000fc0007ebfe9ed0737feebfff600,0202AB000268683D005A5811460E29EFBF1FFFFFFC2246CD1E00000FC0007EBFE9ED0737FEEBFFF600,
2026-07-14T15:46:43.510046+00:00,67.520550,valid,2736,617,2868904553,26785,41,hex,CAM,0202ab00026968a1005a5811460e29efbf1ffffffc2246cd1e00000fc0007ebfe9ed0737feebfff600,0202AB00026968A1005A5811460E29EFBF1FFFFFFC2246CD1E00000FC0007EBFE9ED0737FEEBFFF600,
2026-07-14T15:46:43.612110+00:00,67.622616,valid,2736,618,2868904554,26885,41,hex,CAM,0202ab00026a6905005a5811460e29efbf1ffffffc2246cd1e00000fc0007ebfe9ed0737feebfff600,0202AB00026A6905005A5811460E29EFBF1FFFFFFC2246CD1E00000FC0007EBFE9ED0737FEEBFFF600,
2026-07-14T15:46:43.714164+00:00,67.724667,valid,2736,619,2868904555,26985,41,hex,CAM,0202ab00026b6969005a5811460e29efbf1ffffffc2246cd1e00000fc0007ebfe9ed0737feebfff600,0202AB00026B6969005A5811460E29EFBF1FFFFFFC2246CD1E00000FC0007EBFE9ED0737FEEBFFF600,
2026-07-14T15:46:43.806156+00:00,67.816659,valid,2736,620,2868904556,27085,41,hex,CAM,0202ab00026c69cd005a5811460e29efbf1ffffffc2246cd1e00000fc0007ebfe9ed0737feebfff600,0202AB00026C69CD005A5811460E29EFBF1FFFFFFC2246CD1E00000FC0007EBFE9ED0737FEEBFFF600,
2026-07-14T15:46:43.908155+00:00,67.918660,valid,2736,621,2868904557,27185,41,hex,CAM,0202ab00026d6a31005a5811460e29efbf1ffffffc2246cd1e00000fc0007ebfe9ed0737feebfff600,0202AB00026D6A31005A5811460E29EFBF1FFFFFFC2246CD1E00000FC0007EBFE9ED0737FEEBFFF600,
2026-07-14T15:46:44.010104+00:00,68.020608,valid,2736,622,2868904558,27285,41,hex,CAM,0202ab00026e6a95005a5811460e29efbf1ffffffc2246cd1e00000fc0007ebfe9ed0737feebfff600,0202AB00026E6A95005A5811460E29EFBF1FFFFFFC2246CD1E00000FC0007EBFE9ED0737FEEBFFF600,
2026-07-14T15:46:44.105562+00:00,68.116069,rx_error,,,,,,,,,RX ERROR: 0x1810F07,
2026-07-14T15:46:44.214030+00:00,68.224536,valid,2736,624,2868904560,27485,41,hex,CAM,0202ab0002706b5d005a5811460e29efbf1ffffffc2246cd1e00000fc0007ebfe9ed0737feebfff600,0202AB0002706B5D005A5811460E29EFBF1FFFFFFC2246CD1E00000FC0007EBFE9ED0737FEEBFFF600,
2026-07-14T15:46:44.306157+00:00,68.316657,valid,2736,625,2868904561,27585,41,hex,CAM,0202ab0002716bc1005a5811460e29efbf1ffffffc2246cd1e00000fc0007ebfe9ed0737feebfff600,0202AB0002716BC1005A5811460E29EFBF1FFFFFFC2246CD1E00000FC0007EBFE9ED0737FEEBFFF600,
2026-07-14T15:46:44.408127+00:00,68.418631,valid,2736,626,2868904562,27685,41,hex,CAM,0202ab0002726c25005a5811460e29efbf1ffffffc2246cd1e00000fc0007ebfe9ed0737feebfff600,0202AB0002726C25005A5811460E29EFBF1FFFFFFC2246CD1E00000FC0007EBFE9ED0737FEEBFFF600,
2026-07-14T15:46:44.510155+00:00,68.520659,valid,2736,627,2868904563,27785,41,hex,CAM,0202ab0002736c89005a5811460e29efbf1ffffffc2246cd1e00000fc0007ebfe9ed0737feebfff600,0202AB0002736C89005A5811460E29EFBF1FFFFFFC2246CD1E00000FC0007EBFE9ED0737FEEBFFF600,
2026-07-14T15:46:44.612192+00:00,68.622695,valid,2736,628,2868904564,27885,41,hex,CAM,0202ab0002746ced005a5811460e29efbf1ffffffc2246cd1e00000fc0007ebfe9ed0737feebfff600,0202AB0002746CED005A5811460E29EFBF1FFFFFFC2246CD1E00000FC0007EBFE9ED0737FEEBFFF600,
2026-07-14T15:46:44.707684+00:00,68.718190,rx_error,,,,,,,,,RX ERROR: 0x1810F07,
2026-07-14T15:46:44.799583+00:00,68.810090,rx_error,,,,,,,,,RX ERROR: 0x1810F07,
2026-07-14T15:46:44.908122+00:00,68.918626,valid,2736,631,2868904567,28185,41,hex,CAM,0202ab0002776e19005a5811460e29efbf1ffffffc2246cd1e00000fc0007ebfe9ed0737feebfff600,0202AB0002776E19005A5811460E29EFBF1FFFFFFC2246CD1E00000FC0007EBFE9ED0737FEEBFFF600,
2026-07-14T15:46:45.003590+00:00,69.014096,rx_error,,,,,,,,,RX ERROR: 0x1810F07,
2026-07-14T15:46:45.105601+00:00,69.116124,rx_error,,,,,,,,,RX ERROR: 0x1810F07,
2026-07-14T15:46:45.214172+00:00,69.224675,valid,2736,634,2868904570,28485,41,hex,CAM,0202ab00027a6f45005a5811460e29efbf1ffffffc2246cd1e00000fc0007ebfe9ed0737feebfff600,0202AB00027A6F45005A5811460E29EFBF1FFFFFFC2246CD1E00000FC0007EBFE9ED0737FEEBFFF600,
2026-07-14T15:46:45.306183+00:00,69.316688,valid,2736,635,2868904571,28585,41,hex,CAM,0202ab00027b6fa9005a5811460e29efbf1ffffffc2246cd1e00000fc0007ebfe9ed0737feebfff600,0202AB00027B6FA9005A5811460E29EFBF1FFFFFFC2246CD1E00000FC0007EBFE9ED0737FEEBFFF600,
2026-07-14T15:46:45.408151+00:00,69.418655,valid,2736,636,2868904572,28685,41,hex,CAM,0202ab00027c700d005a5811460e29efbf1ffffffc2246cd1e00000fc0007ebfe9ed0737feebfff600,0202AB00027C700D005A5811460E29EFBF1FFFFFFC2246CD1E00000FC0007EBFE9ED0737FEEBFFF600,
2026-07-14T15:46:45.504045+00:00,69.514569,rx_error,,,,,,,,,RX ERROR: 0x1810F07,
2026-07-14T15:46:45.715677+00:00,69.726195,valid,2736,639,2868904575,28985,41,hex,CAM,0202ab00027f7139005a5811460e29efbf1ffffffc2246cd1e00000fc0007ebfe9ed0737feebfff600,0202AB00027F7139005A5811460E29EFBF1FFFFFFC2246CD1E00000FC0007EBFE9ED0737FEEBFFF600,
2026-07-14T15:46:45.799973+00:00,69.810495,rx_error,,,,,,,,,RX ERROR: 0x1810F07,
2026-07-14T15:46:45.901995+00:00,69.912513,rx_error,,,,,,,,,RX ERROR: 0x1810F07,
2026-07-14T15:46:46.010882+00:00,70.021391,valid,2736,642,2868904578,29285,41,hex,CAM,0202ab0002827265005a5811460e29efbf1ffffffc2246cd1e00000fc0007ebfe9ed0737feebfff600,0202AB0002827265005A5811460E29EFBF1FFFFFFC2246CD1E00000FC0007EBFE9ED0737FEEBFFF600,
2026-07-14T15:46:46.112149+00:00,70.122653,valid,2736,643,2868904579,29385,41,hex,CAM,0202ab00028372c9005a5811460e29efbf1ffffffc2246cd1e00000fc0007ebfe9ed0737feebfff600,0202AB00028372C9005A5811460E29EFBF1FFFFFFC2246CD1E00000FC0007EBFE9ED0737FEEBFFF600,
2026-07-14T15:46:46.214141+00:00,70.224644,valid,2736,644,2868904580,29485,41,hex,CAM,0202ab000284732d005a5811460e29efbf1ffffffc2246cd1e00000fc0007ebfe9ed0737feebfff600,0202AB000284732D005A5811460E29EFBF1FFFFFFC2246CD1E00000FC0007EBFE9ED0737FEEBFFF600,
2026-07-14T15:46:46.299600+00:00,70.310124,rx_error,,,,,,,,,RX ERROR: 0x1810F07,
2026-07-14T15:46:46.401525+00:00,70.412022,rx_error,,,,,,,,,RX ERROR: 0x1810F07,
2026-07-14T15:46:46.510188+00:00,70.520694,valid,2736,647,2868904583,29785,41,hex,CAM,0202ab0002877459005a5811460e29efbf1ffffffc2246cd1e00000fc0007ebfe9ed0737feebfff600,0202AB0002877459005A5811460E29EFBF1FFFFFFC2246CD1E00000FC0007EBFE9ED0737FEEBFFF600,
2026-07-14T15:46:46.611815+00:00,70.622316,valid,2736,648,2868904584,29885,41,hex,CAM,0202ab00028874bd005a5811460e29efbf1ffffffc2246cd1e00000fc0007ebfe9ed0737feebfff600,0202AB00028874BD005A5811460E29EFBF1FFFFFFC2246CD1E00000FC0007EBFE9ED0737FEEBFFF600,
2026-07-14T15:46:46.714169+00:00,70.724673,valid,2736,649,2868904585,29985,41,hex,CAM,0202ab0002897521005a5811460e29efbf1ffffffc2246cd1e00000fc0007ebfe9ed0737feebfff600,0202AB0002897521005A5811460E29EFBF1FFFFFFC2246CD1E00000FC0007EBFE9ED0737FEEBFFF600,
2026-07-14T15:46:46.806144+00:00,70.816649,valid,2736,650,2868904586,30085,41,hex,CAM,0202ab00028a7585005a5811460e29efbf1ffffffc2246cd1e00000fc0007ebfe9ed0737feebfff600,0202AB00028A7585005A5811460E29EFBF1FFFFFFC2246CD1E00000FC0007EBFE9ED0737FEEBFFF600,
2026-07-14T15:46:46.908070+00:00,70.918575,valid,2736,651,2868904587,30185,41,hex,CAM,0202ab00028b75e9005a5811460e29efbf1ffffffc2246cd1e00000fc0007ebfe9ed0737feebfff600,0202AB00028B75E9005A5811460E29EFBF1FFFFFFC2246CD1E00000FC0007EBFE9ED0737FEEBFFF600,
2026-07-14T15:46:47.003527+00:00,71.014033,rx_error,,,,,,,,,RX ERROR: 0x1810F07,
2026-07-14T15:46:47.112107+00:00,71.122610,valid,2736,653,2868904589,30385,41,hex,CAM,0202ab00028d76b1005a5811460e29efbf1ffffffc2246cd1e00000fc0007ebfe9ed0737feebfff600,0202AB00028D76B1005A5811460E29EFBF1FFFFFFC2246CD1E00000FC0007EBFE9ED0737FEEBFFF600,
2026-07-14T15:46:47.214048+00:00,71.224554,valid,2736,654,2868904590,30485,41,hex,CAM,0202ab00028e7715005a5811460e29efbf1ffffffc2246cd1e00000fc0007ebfe9ed0737feebfff600,0202AB00028E7715005A5811460E29EFBF1FFFFFFC2246CD1E00000FC0007EBFE9ED0737FEEBFFF600,
2026-07-14T15:46:47.306173+00:00,71.316677,valid,2736,655,2868904591,30585,41,hex,CAM,0202ab00028f7779005a5811460e29efbf1ffffffc2246cd1e00000fc0007ebfe9ed0737feebfff600,0202AB00028F7779005A5811460E29EFBF1FFFFFFC2246CD1E00000FC0007EBFE9ED0737FEEBFFF600,
2026-07-14T15:46:47.408168+00:00,71.418671,valid,2736,656,2868904592,30685,41,hex,CAM,0202ab00029077dd005a5811460e29efbf1ffffffc2246cd1e00000fc0007ebfe9ed0737feebfff600,0202AB00029077DD005A5811460E29EFBF1FFFFFFC2246CD1E00000FC0007EBFE9ED0737FEEBFFF600,
2026-07-14T15:46:47.510343+00:00,71.520845,valid,2736,657,2868904593,30785,41,hex,CAM,0202ab0002917841005a5811460e29efbf1ffffffc2246cd1e00000fc0007ebfe9ed0737feebfff600,0202AB0002917841005A5811460E29EFBF1FFFFFFC2246CD1E00000FC0007EBFE9ED0737FEEBFFF600,
2026-07-14T15:46:47.612147+00:00,71.622651,valid,2736,658,2868904594,30885,41,hex,CAM,0202ab00029278a5005a5811460e29efbf1ffffffc2246cd1e00000fc0007ebfe9ed0737feebfff600,0202AB00029278A5005A5811460E29EFBF1FFFFFFC2246CD1E00000FC0007EBFE9ED0737FEEBFFF600,
2026-07-14T15:46:47.714197+00:00,71.724703,valid,2736,659,2868904595,30985,41,hex,CAM,0202ab0002937909005a5811460e29efbf1ffffffc2246cd1e00000fc0007ebfe9ed0737feebfff600,0202AB0002937909005A5811460E29EFBF1FFFFFFC2246CD1E00000FC0007EBFE9ED0737FEEBFFF600,
2026-07-14T15:46:47.806062+00:00,71.816568,valid,2736,660,2868904596,31085,41,hex,CAM,0202ab000294796d005a5811460e29efbf1ffffffc2246cd1e00000fc0007ebfe9ed0737feebfff600,0202AB000294796D005A5811460E29EFBF1FFFFFFC2246CD1E00000FC0007EBFE9ED0737FEEBFFF600,
2026-07-14T15:46:47.908233+00:00,71.918738,valid,2736,661,2868904597,31185,41,hex,CAM,0202ab00029579d1005a5811460e29efbf1ffffffc2246cd1e00000fc0007ebfe9ed0737feebfff600,0202AB00029579D1005A5811460E29EFBF1FFFFFFC2246CD1E00000FC0007EBFE9ED0737FEEBFFF600,
2026-07-14T15:46:48.003664+00:00,72.014169,rx_error,,,,,,,,,RX ERROR: 0x1810F07,
2026-07-14T15:46:48.112173+00:00,72.122678,valid,2736,663,2868904599,31385,41,hex,CAM,0202ab0002977a99005a5811460e29efbf1ffffffc2246cd1e00000fc0007ebfe9ed0737feebfff600,0202AB0002977A99005A5811460E29EFBF1FFFFFFC2246CD1E00000FC0007EBFE9ED0737FEEBFFF600,
2026-07-14T15:46:48.214148+00:00,72.224651,valid,2736,664,2868904600,31485,41,hex,CAM,0202ab0002987afd005a5811460e29efbf1ffffffc2246cd1e00000fc0007ebfe9ed0737feebfff600,0202AB0002987AFD005A5811460E29EFBF1FFFFFFC2246CD1E00000FC0007EBFE9ED0737FEEBFFF600,
2026-07-14T15:46:48.306179+00:00,72.316686,valid,2736,665,2868904601,31585,41,hex,CAM,0202ab0002997b61005a5811460e29efbf1ffffffc2246cd1e00000fc0007ebfe9ed0737feebfff600,0202AB0002997B61005A5811460E29EFBF1FFFFFFC2246CD1E00000FC0007EBFE9ED0737FEEBFFF600,
2026-07-14T15:46:48.401401+00:00,72.411898,rx_error,,,,,,,,,RX ERROR: 0x1810F07,
2026-07-14T15:46:48.503546+00:00,72.514051,rx_error,,,,,,,,,RX ERROR: 0x1810F07,
2026-07-14T15:46:48.713205+00:00,72.723691,valid,2736,669,2868904605,31985,41,hex,CAM,0202ab00029d7cf1005a5811460e29efbf1ffffffc2246cd1e00000fc0007ebfe9ed0737feebfff600,0202AB00029D7CF1005A5811460E29EFBF1FFFFFFC2246CD1E00000FC0007EBFE9ED0737FEEBFFF600,
2026-07-14T15:46:48.799315+00:00,72.809802,rx_error,,,,,,,,,RX ERROR: 0x1810F07,
2026-07-14T15:46:48.907251+00:00,72.917738,valid,2736,671,2868904607,32185,41,hex,CAM,0202ab00029f7db9005a5811460e29efbf1ffffffc2246cd1e00000fc0007ebfe9ed0737feebfff600,0202AB00029F7DB9005A5811460E29EFBF1FFFFFFC2246CD1E00000FC0007EBFE9ED0737FEEBFFF600,
2026-07-14T15:46:49.009362+00:00,73.019852,valid,2736,672,2868904608,32285,41,hex,CAM,0202ab0002a07e1d005a5811460e29efbf1ffffffc2246cd1e00000fc0007ebfe9ed0737feebfff600,0202AB0002A07E1D005A5811460E29EFBF1FFFFFFC2246CD1E00000FC0007EBFE9ED0737FEEBFFF600,
2026-07-14T15:46:49.112229+00:00,73.122734,valid,2736,673,2868904609,32385,41,hex,CAM,0202ab0002a17e81005a5811460e29efbf1ffffffc2246cd1e00000fc0007ebfe9ed0737feebfff600,0202AB0002A17E81005A5811460E29EFBF1FFFFFFC2246CD1E00000FC0007EBFE9ED0737FEEBFFF600,
2026-07-14T15:46:49.214134+00:00,73.224636,valid,2736,674,2868904610,32485,41,hex,CAM,0202ab0002a27ee5005a5811460e29efbf1ffffffc2246cd1e00000fc0007ebfe9ed0737feebfff600,0202AB0002A27EE5005A5811460E29EFBF1FFFFFFC2246CD1E00000FC0007EBFE9ED0737FEEBFFF600,
2026-07-14T15:46:49.299611+00:00,73.310145,rx_error,,,,,,,,,RX ERROR: 0x1810F07,
2026-07-14T15:46:49.401742+00:00,73.412251,rx_error,,,,,,,,,RX ERROR: 0x1810F07,
2026-07-14T15:46:49.503675+00:00,73.514181,rx_error,,,,,,,,,RX ERROR: 0x1810F07,
2026-07-14T15:46:49.612156+00:00,73.622661,valid,2736,678,2868904614,32885,41,hex,CAM,0202ab0002a68075005a5811460e29efbf1ffffffc2246cd1e00000fc0007ebfe9ed0737feebfff600,0202AB0002A68075005A5811460E29EFBF1FFFFFFC2246CD1E00000FC0007EBFE9ED0737FEEBFFF600,
2026-07-14T15:46:49.707673+00:00,73.718180,rx_error,,,,,,,,,RX ERROR: 0x1810F07,
2026-07-14T15:46:49.806246+00:00,73.816753,valid,2736,680,2868904616,33085,41,hex,CAM,0202ab0002a8813d005a5811460e29efbf1ffffffc2246cd1e00000fc0007ebfe9ed0737feebfff600,0202AB0002A8813D005A5811460E29EFBF1FFFFFFC2246CD1E00000FC0007EBFE9ED0737FEEBFFF600,
2026-07-14T15:46:49.908228+00:00,73.918732,valid,2736,681,2868904617,33185,41,hex,CAM,0202ab0002a981a1005a5811460e29efbf1ffffffc2246cd1e00000fc0007ebfe9ed0737feebfff600,0202AB0002A981A1005A5811460E29EFBF1FFFFFFC2246CD1E00000FC0007EBFE9ED0737FEEBFFF600,
2026-07-14T15:46:50.003714+00:00,74.014223,rx_error,,,,,,,,,RX ERROR: 0x1810F07,
2026-07-14T15:46:50.112224+00:00,74.122727,valid,2736,683,2868904619,33385,41,hex,CAM,0202ab0002ab8269005a5811460e29efbf1ffffffc2246cd1e00000fc0007ebfe9ed0737feebfff600,0202AB0002AB8269005A5811460E29EFBF1FFFFFFC2246CD1E00000FC0007EBFE9ED0737FEEBFFF600,
2026-07-14T15:46:50.214102+00:00,74.224607,valid,2736,684,2868904620,33485,41,hex,CAM,0202ab0002ac82cd005a5811460e29efbf1ffffffc2246cd1e00000fc0007ebfe9ed0737feebfff600,0202AB0002AC82CD005A5811460E29EFBF1FFFFFFC2246CD1E00000FC0007EBFE9ED0737FEEBFFF600,
2026-07-14T15:46:50.306257+00:00,74.316761,valid,2736,685,2868904621,33585,41,hex,CAM,0202ab0002ad8331005a5811460e29efbf1ffffffc2246cd1e00000fc0007ebfe9ed0737feebfff600,0202AB0002AD8331005A5811460E29EFBF1FFFFFFC2246CD1E00000FC0007EBFE9ED0737FEEBFFF600,
2026-07-14T15:46:50.408171+00:00,74.418677,valid,2736,686,2868904622,33685,41,hex,CAM,0202ab0002ae8395005a5811460e29efbf1ffffffc2246cd1e00000fc0007ebfe9ed0737feebfff600,0202AB0002AE8395005A5811460E29EFBF1FFFFFFC2246CD1E00000FC0007EBFE9ED0737FEEBFFF600,
2026-07-14T15:46:50.503560+00:00,74.514059,rx_error,,,,,,,,,RX ERROR: 0x1810F07,
2026-07-14T15:46:50.612268+00:00,74.622773,valid,2736,688,2868904624,33885,41,hex,CAM,0202ab0002b0845d005a5811460e29efbf1ffffffc2246cd1e00000fc0007ebfe9ed0737feebfff600,0202AB0002B0845D005A5811460E29EFBF1FFFFFFC2246CD1E00000FC0007EBFE9ED0737FEEBFFF600,
2026-07-14T15:46:50.714251+00:00,74.724755,valid,2736,689,2868904625,33985,41,hex,CAM,0202ab0002b184c1005a5811460e29efbf1ffffffc2246cd1e00000fc0007ebfe9ed0737feebfff600,0202AB0002B184C1005A5811460E29EFBF1FFFFFFC2246CD1E00000FC0007EBFE9ED0737FEEBFFF600,
2026-07-14T15:46:50.806241+00:00,74.816749,valid,2736,690,2868904626,34085,41,hex,CAM,0202ab0002b28525005a5811460e29efbf1ffffffc2246cd1e00000fc0007ebfe9ed0737feebfff600,0202AB0002B28525005A5811460E29EFBF1FFFFFFC2246CD1E00000FC0007EBFE9ED0737FEEBFFF600,
2026-07-14T15:46:50.901698+00:00,74.912205,rx_error,,,,,,,,,RX ERROR: 0x180AF07,
2026-07-14T15:46:51.010312+00:00,75.020817,valid,2736,692,2868904628,34285,41,hex,CAM,0202ab0002b485ed005a5811460e29efbf1ffffffc2246cd1e00000fc0007ebfe9ed0737feebfff600,0202AB0002B485ED005A5811460E29EFBF1FFFFFFC2246CD1E00000FC0007EBFE9ED0737FEEBFFF600,
2026-07-14T15:46:51.112089+00:00,75.122592,valid,2736,693,2868904629,34385,41,hex,CAM,0202ab0002b58651005a5811460e29efbf1ffffffc2246cd1e00000fc0007ebfe9ed0737feebfff600,0202AB0002B58651005A5811460E29EFBF1FFFFFFC2246CD1E00000FC0007EBFE9ED0737FEEBFFF600,
2026-07-14T15:46:51.214097+00:00,75.224601,valid,2736,694,2868904630,34485,41,hex,CAM,0202ab0002b686b5005a5811460e29efbf1ffffffc2246cd1e00000fc0007ebfe9ed0737feebfff600,0202AB0002B686B5005A5811460E29EFBF1FFFFFFC2246CD1E00000FC0007EBFE9ED0737FEEBFFF600,
2026-07-14T15:46:51.299616+00:00,75.310171,rx_error,,,,,,,,,RX ERROR: 0x1810F07,
2026-07-14T15:46:51.401594+00:00,75.412101,rx_error,,,,,,,,,RX ERROR: 0x1810F07,
2026-07-14T15:46:51.503623+00:00,75.514151,rx_error,,,,,,,,,RX ERROR: 0x1810F07,
2026-07-14T15:46:51.612076+00:00,75.622583,valid,2736,698,2868904634,34885,41,hex,CAM,0202ab0002ba8845005a5811460e29efbf1ffffffc2246cd1e00000fc0007ebfe9ed0737feebfff600,0202AB0002BA8845005A5811460E29EFBF1FFFFFFC2246CD1E00000FC0007EBFE9ED0737FEEBFFF600,
2026-07-14T15:46:51.714178+00:00,75.724682,valid,2736,699,2868904635,34985,41,hex,CAM,0202ab0002bb88a9005a5811460e29efbf1ffffffc2246cd1e00000fc0007ebfe9ed0737feebfff600,0202AB0002BB88A9005A5811460E29EFBF1FFFFFFC2246CD1E00000FC0007EBFE9ED0737FEEBFFF600,
2026-07-14T15:46:51.806063+00:00,75.816569,valid,2736,700,2868904636,35085,41,hex,CAM,0202ab0002bc890d005a5811460e29efbf1ffffffc2246cd1e00000fc0007ebfe9ed0737feebfff600,0202AB0002BC890D005A5811460E29EFBF1FFFFFFC2246CD1E00000FC0007EBFE9ED0737FEEBFFF600,
2026-07-14T15:46:51.908114+00:00,75.918619,valid,2736,701,2868904637,35185,41,hex,CAM,0202ab0002bd8971005a5811460e29efbf1ffffffc2246cd1e00000fc0007ebfe9ed0737feebfff600,0202AB0002BD8971005A5811460E29EFBF1FFFFFFC2246CD1E00000FC0007EBFE9ED0737FEEBFFF600,
2026-07-14T15:46:52.105618+00:00,76.116144,rx_error,,,,,,,,,RX ERROR: 0x1810F07,
2026-07-14T15:46:52.207548+00:00,76.218047,rx_error,,,,,,,,,RX ERROR: 0x1810F07,
2026-07-14T15:46:52.306140+00:00,76.316646,valid,2736,705,2868904641,35585,41,hex,CAM,0202ab0002c18b01005a5811460e29efbf1ffffffc2246cd1e00000fc0007ebfe9ed0737feebfff600,0202AB0002C18B01005A5811460E29EFBF1FFFFFFC2246CD1E00000FC0007EBFE9ED0737FEEBFFF600,
2026-07-14T15:46:52.408195+00:00,76.418707,valid,2736,706,2868904642,35685,41,hex,CAM,0202ab0002c28b65005a5811460e29efbf1ffffffc2246cd1e00000fc0007ebfe9ed0737feebfff600,0202AB0002C28B65005A5811460E29EFBF1FFFFFFC2246CD1E00000FC0007EBFE9ED0737FEEBFFF600,
2026-07-14T15:46:52.510106+00:00,76.520608,valid,2736,707,2868904643,35785,41,hex,CAM,0202ab0002c38bc9005a5811460e29efbf1ffffffc2246cd1e00000fc0007ebfe9ed0737feebfff600,0202AB0002C38BC9005A5811460E29EFBF1FFFFFFC2246CD1E00000FC0007EBFE9ED0737FEEBFFF600,
2026-07-14T15:46:52.612122+00:00,76.622630,valid,2736,708,2868904644,35885,41,hex,CAM,0202ab0002c48c2d005a5811460e29efbf1ffffffc2246cd1e00000fc0007ebfe9ed0737feebfff600,0202AB0002C48C2D005A5811460E29EFBF1FFFFFFC2246CD1E00000FC0007EBFE9ED0737FEEBFFF600,
2026-07-14T15:46:52.714091+00:00,76.724594,valid,2736,709,2868904645,35985,41,hex,CAM,0202ab0002c58c91005a5811460e29efbf1ffffffc2246cd1e00000fc0007ebfe9ed0737feebfff600,0202AB0002C58C91005A5811460E29EFBF1FFFFFFC2246CD1E00000FC0007EBFE9ED0737FEEBFFF600,
2026-07-14T15:46:52.806195+00:00,76.816700,valid,2736,710,2868904646,36085,41,hex,CAM,0202ab0002c68cf5005a5811460e29efbf1ffffffc2246cd1e00000fc0007ebfe9ed0737feebfff600,0202AB0002C68CF5005A5811460E29EFBF1FFFFFFC2246CD1E00000FC0007EBFE9ED0737FEEBFFF600,
2026-07-14T15:46:52.908235+00:00,76.918740,valid,2736,711,2868904647,36185,41,hex,CAM,0202ab0002c78d59005a5811460e29efbf1ffffffc2246cd1e00000fc0007ebfe9ed0737feebfff600,0202AB0002C78D59005A5811460E29EFBF1FFFFFFC2246CD1E00000FC0007EBFE9ED0737FEEBFFF600,
2026-07-14T15:46:53.010503+00:00,77.021008,valid,2736,712,2868904648,36285,41,hex,CAM,0202ab0002c88dbd005a5811460e29efbf1ffffffc2246cd1e00000fc0007ebfe9ed0737feebfff600,0202AB0002C88DBD005A5811460E29EFBF1FFFFFFC2246CD1E00000FC0007EBFE9ED0737FEEBFFF600,
2026-07-14T15:46:53.112090+00:00,77.122592,valid,2736,713,2868904649,36385,41,hex,CAM,0202ab0002c98e21005a5811460e29efbf1ffffffc2246cd1e00000fc0007ebfe9ed0737feebfff600,0202AB0002C98E21005A5811460E29EFBF1FFFFFFC2246CD1E00000FC0007EBFE9ED0737FEEBFFF600,
2026-07-14T15:46:53.214070+00:00,77.224574,valid,2736,714,2868904650,36485,41,hex,CAM,0202ab0002ca8e85005a5811460e29efbf1ffffffc2246cd1e00000fc0007ebfe9ed0737feebfff600,0202AB0002CA8E85005A5811460E29EFBF1FFFFFFC2246CD1E00000FC0007EBFE9ED0737FEEBFFF600,
2026-07-14T15:46:53.306122+00:00,77.316627,valid,2736,715,2868904651,36585,41,hex,CAM,0202ab0002cb8ee9005a5811460e29efbf1ffffffc2246cd1e00000fc0007ebfe9ed0737feebfff600,0202AB0002CB8EE9005A5811460E29EFBF1FFFFFFC2246CD1E00000FC0007EBFE9ED0737FEEBFFF600,
2026-07-14T15:46:53.408107+00:00,77.418613,valid,2736,716,2868904652,36685,41,hex,CAM,0202ab0002cc8f4d005a5811460e29efbf1ffffffc2246cd1e00000fc0007ebfe9ed0737feebfff600,0202AB0002CC8F4D005A5811460E29EFBF1FFFFFFC2246CD1E00000FC0007EBFE9ED0737FEEBFFF600,
2026-07-14T15:46:53.503609+00:00,77.514138,rx_error,,,,,,,,,RX ERROR: 0x1810F07,
2026-07-14T15:46:53.605552+00:00,77.616059,rx_error,,,,,,,,,RX ERROR: 0x1810F07,
2026-07-14T15:46:53.707644+00:00,77.718151,rx_error,,,,,,,,,RX ERROR: 0x1810F07,
2026-07-14T15:46:53.806138+00:00,77.816644,valid,2736,720,2868904656,37085,41,hex,CAM,0202ab0002d090dd005a5811460e29efbf1ffffffc2246cd1e00000fc0007ebfe9ed0737feebfff600,0202AB0002D090DD005A5811460E29EFBF1FFFFFFC2246CD1E00000FC0007EBFE9ED0737FEEBFFF600,
2026-07-14T15:46:53.908204+00:00,77.918709,valid,2736,721,2868904657,37185,41,hex,CAM,0202ab0002d19141005a5811460e29efbf1ffffffc2246cd1e00000fc0007ebfe9ed0737feebfff600,0202AB0002D19141005A5811460E29EFBF1FFFFFFC2246CD1E00000FC0007EBFE9ED0737FEEBFFF600,
2026-07-14T15:46:54.003715+00:00,78.014223,rx_error,,,,,,,,,RX ERROR: 0x1810F07,
2026-07-14T15:46:54.105657+00:00,78.116165,rx_error,,,,,,,,,RX ERROR: 0x1810F07,
2026-07-14T15:46:54.215736+00:00,78.226251,valid,2736,724,2868904660,37485,41,hex,CAM,0202ab0002d4926d005a5811460e29efbf1ffffffc2246cd1e00000fc0007ebfe9ed0737feebfff600,0202AB0002D4926D005A5811460E29EFBF1FFFFFFC2246CD1E00000FC0007EBFE9ED0737FEEBFFF600,
2026-07-14T15:46:54.307784+00:00,78.318302,valid,2736,725,2868904661,37585,41,hex,CAM,0202ab0002d592d1005a5811460e29efbf1ffffffc2246cd1e00000fc0007ebfe9ed0737feebfff600,0202AB0002D592D1005A5811460E29EFBF1FFFFFFC2246CD1E00000FC0007EBFE9ED0737FEEBFFF600,
2026-07-14T15:46:54.401565+00:00,78.412072,rx_error,,,,,,,,,RX ERROR: 0x1810F07,
2026-07-14T15:46:54.509224+00:00,78.519711,valid,2736,727,2868904663,37785,41,hex,CAM,0202ab0002d79399005a5811460e29efbf1ffffffc2246cd1e00000fc0007ebfe9ed0737feebfff600,0202AB0002D79399005A5811460E29EFBF1FFFFFFC2246CD1E00000FC0007EBFE9ED0737FEEBFFF600,
2026-07-14T15:46:54.605681+00:00,78.616192,rx_error,,,,,,,,,RX ERROR: 0x1810F07,
2026-07-14T15:46:54.714267+00:00,78.724772,valid,2736,729,2868904665,37985,41,hex,CAM,0202ab0002d99461005a5811460e29efbf1ffffffc2246cd1e00000fc0007ebfe9ed0737feebfff600,0202AB0002D99461005A5811460E29EFBF1FFFFFFC2246CD1E00000FC0007EBFE9ED0737FEEBFFF600,
2026-07-14T15:46:54.806160+00:00,78.816665,valid,2736,730,2868904666,38085,41,hex,CAM,0202ab0002da94c5005a5811460e29efbf1ffffffc2246cd1e00000fc0007ebfe9ed0737feebfff600,0202AB0002DA94C5005A5811460E29EFBF1FFFFFFC2246CD1E00000FC0007EBFE9ED0737FEEBFFF600,
2026-07-14T15:46:54.908112+00:00,78.918616,valid,2736,731,2868904667,38185,41,hex,CAM,0202ab0002db9529005a5811460e29efbf1ffffffc2246cd1e00000fc0007ebfe9ed0737feebfff600,0202AB0002DB9529005A5811460E29EFBF1FFFFFFC2246CD1E00000FC0007EBFE9ED0737FEEBFFF600,
2026-07-14T15:46:55.010541+00:00,79.021054,valid,2736,732,2868904668,38285,41,hex,CAM,0202ab0002dc958d005a5811460e29efbf1ffffffc2246cd1e00000fc0007ebfe9ed0737feebfff600,0202AB0002DC958D005A5811460E29EFBF1FFFFFFC2246CD1E00000FC0007EBFE9ED0737FEEBFFF600,
2026-07-14T15:46:55.112223+00:00,79.122728,valid,2736,733,2868904669,38385,41,hex,CAM,0202ab0002dd95f1005a5811460e29efbf1ffffffc2246cd1e00000fc0007ebfe9ed0737feebfff600,0202AB0002DD95F1005A5811460E29EFBF1FFFFFFC2246CD1E00000FC0007EBFE9ED0737FEEBFFF600,
2026-07-14T15:46:55.214176+00:00,79.224679,valid,2736,734,2868904670,38485,41,hex,CAM,0202ab0002de9655005a5811460e29efbf1ffffffc2246cd1e00000fc0007ebfe9ed0737feebfff600,0202AB0002DE9655005A5811460E29EFBF1FFFFFFC2246CD1E00000FC0007EBFE9ED0737FEEBFFF600,
2026-07-14T15:46:55.299585+00:00,79.310092,rx_error,,,,,,,,,RX ERROR: 0x1810F07,
2026-07-14T15:46:55.408133+00:00,79.418638,valid,2736,736,2868904672,38685,41,hex,CAM,0202ab0002e0971d005a5811460e29efbf1ffffffc2246cd1e00000fc0007ebfe9ed0737feebfff600,0202AB0002E0971D005A5811460E29EFBF1FFFFFFC2246CD1E00000FC0007EBFE9ED0737FEEBFFF600,
2026-07-14T15:46:55.504039+00:00,79.514556,rx_error,,,,,,,,,RX ERROR: 0x1810F07,
2026-07-14T15:46:55.612125+00:00,79.622635,valid,2736,738,2868904674,38885,41,hex,CAM,0202ab0002e297e5005a5811460e29efbf1ffffffc2246cd1e00000fc0007ebfe9ed0737feebfff600,0202AB0002E297E5005A5811460E29EFBF1FFFFFFC2246CD1E00000FC0007EBFE9ED0737FEEBFFF600,
2026-07-14T15:46:55.713946+00:00,79.724448,valid,2736,739,2868904675,38985,41,hex,CAM,0202ab0002e39849005a5811460e29efbf1ffffffc2246cd1e00000fc0007ebfe9ed0737feebfff600,0202AB0002E39849005A5811460E29EFBF1FFFFFFC2246CD1E00000FC0007EBFE9ED0737FEEBFFF600,
2026-07-14T15:46:55.901603+00:00,79.912126,rx_error,,,,,,,,,RX ERROR: 0x1810F07,
2026-07-14T15:46:56.010137+00:00,80.020642,valid,2736,742,2868904678,39285,41,hex,CAM,0202ab0002e69975005a5811460e29efbf1ffffffc2246cd1e00000fc0007ebfe9ed0737feebfff600,0202AB0002E69975005A5811460E29EFBF1FFFFFFC2246CD1E00000FC0007EBFE9ED0737FEEBFFF600,
2026-07-14T15:46:56.113770+00:00,80.124286,valid,2736,743,2868904679,39385,41,hex,CAM,0202ab0002e799d9005a5811460e29efbf1ffffffc2246cd1e00000fc0007ebfe9ed0737feebfff600,0202AB0002E799D9005A5811460E29EFBF1FFFFFFC2246CD1E00000FC0007EBFE9ED0737FEEBFFF600,
2026-07-14T15:46:56.215912+00:00,80.226431,valid,2736,744,2868904680,39485,41,hex,CAM,0202ab0002e89a3d005a5811460e29efbf1ffffffc2246cd1e00000fc0007ebfe9ed0737feebfff600,0202AB0002E89A3D005A5811460E29EFBF1FFFFFFC2246CD1E00000FC0007EBFE9ED0737FEEBFFF600,
2026-07-14T15:46:56.307995+00:00,80.318511,valid,2736,745,2868904681,39585,41,hex,CAM,0202ab0002e99aa1005a5811460e29efbf1ffffffc2246cd1e00000fc0007ebfe9ed0737feebfff600,0202AB0002E99AA1005A5811460E29EFBF1FFFFFFC2246CD1E00000FC0007EBFE9ED0737FEEBFFF600,
2026-07-14T15:46:56.408186+00:00,80.418683,valid,2736,746,2868904682,39685,41,hex,CAM,0202ab0002ea9b05005a5811460e29efbf1ffffffc2246cd1e00000fc0007ebfe9ed0737feebfff600,0202AB0002EA9B05005A5811460E29EFBF1FFFFFFC2246CD1E00000FC0007EBFE9ED0737FEEBFFF600,
2026-07-14T15:46:56.510304+00:00,80.520809,valid,2736,747,2868904683,39785,41,hex,CAM,0202ab0002eb9b69005a5811460e29efbf1ffffffc2246cd1e00000fc0007ebfe9ed0737feebfff600,0202AB0002EB9B69005A5811460E29EFBF1FFFFFFC2246CD1E00000FC0007EBFE9ED0737FEEBFFF600,
2026-07-14T15:46:56.612231+00:00,80.622735,valid,2736,748,2868904684,39885,41,hex,CAM,0202ab0002ec9bcd005a5811460e29efbf1ffffffc2246cd1e00000fc0007ebfe9ed0737feebfff600,0202AB0002EC9BCD005A5811460E29EFBF1FFFFFFC2246CD1E00000FC0007EBFE9ED0737FEEBFFF600,
2026-07-14T15:46:56.707717+00:00,80.718224,rx_error,,,,,,,,,RX ERROR: 0x1810F07,
2026-07-14T15:46:56.806268+00:00,80.816773,valid,2736,750,2868904686,40085,41,hex,CAM,0202ab0002ee9c95005a5811460e29efbf1ffffffc2246cd1e00000fc0007ebfe9ed0737feebfff600,0202AB0002EE9C95005A5811460E29EFBF1FFFFFFC2246CD1E00000FC0007EBFE9ED0737FEEBFFF600,
2026-07-14T15:46:56.908308+00:00,80.918811,valid,2736,751,2868904687,40185,41,hex,CAM,0202ab0002ef9cf9005a5811460e29efbf1ffffffc2246cd1e00000fc0007ebfe9ed0737feebfff600,0202AB0002EF9CF9005A5811460E29EFBF1FFFFFFC2246CD1E00000FC0007EBFE9ED0737FEEBFFF600,
2026-07-14T15:46:57.003750+00:00,81.014256,rx_error,,,,,,,,,RX ERROR: 0x1810F07,
2026-07-14T15:46:57.105776+00:00,81.116284,rx_error,,,,,,,,,RX ERROR: 0x1810F07,
2026-07-14T15:46:57.207713+00:00,81.218219,rx_error,,,,,,,,,RX ERROR: 0x1810F07,
2026-07-14T15:46:57.306213+00:00,81.316715,valid,2736,755,2868904691,40585,41,hex,CAM,0202ab0002f39e89005a5811460e29efbf1ffffffc2246cd1e00000fc0007ebfe9ed0737feebfff600,0202AB0002F39E89005A5811460E29EFBF1FFFFFFC2246CD1E00000FC0007EBFE9ED0737FEEBFFF600,
2026-07-14T15:46:57.408183+00:00,81.418687,valid,2736,756,2868904692,40685,41,hex,CAM,0202ab0002f49eed005a5811460e29efbf1ffffffc2246cd1e00000fc0007ebfe9ed0737feebfff600,0202AB0002F49EED005A5811460E29EFBF1FFFFFFC2246CD1E00000FC0007EBFE9ED0737FEEBFFF600,
2026-07-14T15:46:57.510155+00:00,81.520657,valid,2736,757,2868904693,40785,41,hex,CAM,0202ab0002f59f51005a5811460e29efbf1ffffffc2246cd1e00000fc0007ebfe9ed0737feebfff600,0202AB0002F59F51005A5811460E29EFBF1FFFFFFC2246CD1E00000FC0007EBFE9ED0737FEEBFFF600,
2026-07-14T15:46:57.605686+00:00,81.616195,rx_error,,,,,,,,,RX ERROR: 0x1810F07,
2026-07-14T15:46:57.707749+00:00,81.718256,rx_error,,,,,,,,,RX ERROR: 0x1810F07,
2026-07-14T15:46:57.800107+00:00,81.810625,rx_error,,,,,,,,,RX ERROR: 0x1810F07,
2026-07-14T15:46:57.908804+00:00,81.919322,valid,2736,761,2868904697,41185,41,hex,CAM,0202ab0002f9a0e1005a5811460e29efbf1ffffffc2246cd1e00000fc0007ebfe9ed0737feebfff600,0202AB0002F9A0E1005A5811460E29EFBF1FFFFFFC2246CD1E00000FC0007EBFE9ED0737FEEBFFF600,
2026-07-14T15:46:58.010479+00:00,82.020984,valid,2736,762,2868904698,41285,41,hex,CAM,0202ab0002faa145005a5811460e29efbf1ffffffc2246cd1e00000fc0007ebfe9ed0737feebfff600,0202AB0002FAA145005A5811460E29EFBF1FFFFFFC2246CD1E00000FC0007EBFE9ED0737FEEBFFF600,
2026-07-14T15:46:58.105676+00:00,82.116187,rx_error,,,,,,,,,RX ERROR: 0x180AF07,
2026-07-14T15:46:58.214240+00:00,82.224745,valid,2736,764,2868904700,41485,41,hex,CAM,0202ab0002fca20d005a5811460e29efbf1ffffffc2246cd1e00000fc0007ebfe9ed0737feebfff600,0202AB0002FCA20D005A5811460E29EFBF1FFFFFFC2246CD1E00000FC0007EBFE9ED0737FEEBFFF600,
2026-07-14T15:46:58.306210+00:00,82.316714,valid,2736,765,2868904701,41585,41,hex,CAM,0202ab0002fda271005a5811460e29efbf1ffffffc2246cd1e00000fc0007ebfe9ed0737feebfff600,0202AB0002FDA271005A5811460E29EFBF1FFFFFFC2246CD1E00000FC0007EBFE9ED0737FEEBFFF600,
2026-07-14T15:46:58.408221+00:00,82.418729,valid,2736,766,2868904702,41685,41,hex,CAM,0202ab0002fea2d5005a5811460e29efbf1ffffffc2246cd1e00000fc0007ebfe9ed0737feebfff600,0202AB0002FEA2D5005A5811460E29EFBF1FFFFFFC2246CD1E00000FC0007EBFE9ED0737FEEBFFF600,
2026-07-14T15:46:58.503778+00:00,82.514284,rx_error,,,,,,,,,RX ERROR: 0x1810F07,
2026-07-14T15:46:58.612406+00:00,82.622915,valid,2736,768,2868904704,41885,41,hex,CAM,0202ab000300a39d005a5811460e29efbf1ffffffc2246cd1e00000fc0007ebfe9ed0737feebfff600,0202AB000300A39D005A5811460E29EFBF1FFFFFFC2246CD1E00000FC0007EBFE9ED0737FEEBFFF600,
2026-07-14T15:46:58.707541+00:00,82.718037,rx_error,,,,,,,,,RX ERROR: 0x1810F07,
2026-07-14T15:46:58.806151+00:00,82.816655,valid,2736,770,2868904706,42085,41,hex,CAM,0202ab000302a465005a5811460e29efbf1ffffffc2246cd1e00000fc0007ebfe9ed0737feebfff600,0202AB000302A465005A5811460E29EFBF1FFFFFFC2246CD1E00000FC0007EBFE9ED0737FEEBFFF600,
2026-07-14T15:46:58.901672+00:00,82.912179,rx_error,,,,,,,,,RX ERROR: 0x1810F07,
2026-07-14T15:46:59.010227+00:00,83.020733,valid,2736,772,2868904708,42285,41,hex,CAM,0202ab000304a52d005a5811460e29efbf1ffffffc2246cd1e00000fc0007ebfe9ed0737feebfff600,0202AB000304A52D005A5811460E29EFBF1FFFFFFC2246CD1E00000FC0007EBFE9ED0737FEEBFFF600,
2026-07-14T15:46:59.105653+00:00,83.116160,rx_error,,,,,,,,,RX ERROR: 0x1810F07,
2026-07-14T15:46:59.214264+00:00,83.224767,valid,2736,774,2868904710,42485,41,hex,CAM,0202ab000306a5f5005a5811460e29efbf1ffffffc2246cd1e00000fc0007ebfe9ed0737feebfff600,0202AB000306A5F5005A5811460E29EFBF1FFFFFFC2246CD1E00000FC0007EBFE9ED0737FEEBFFF600,
2026-07-14T15:46:59.299674+00:00,83.310180,rx_error,,,,,,,,,RX ERROR: 0x1810F07,
2026-07-14T15:46:59.408150+00:00,83.418657,valid,2736,776,2868904712,42685,41,hex,CAM,0202ab000308a6bd005a5811460e29efbf1ffffffc2246cd1e00000fc0007ebfe9ed0737feebfff600,0202AB000308A6BD005A5811460E29EFBF1FFFFFFC2246CD1E00000FC0007EBFE9ED0737FEEBFFF600,
2026-07-14T15:46:59.510122+00:00,83.520626,valid,2736,777,2868904713,42785,41,hex,CAM,0202ab000309a721005a5811460e29efbf1ffffffc2246cd1e00000fc0007ebfe9ed0737feebfff600,0202AB000309A721005A5811460E29EFBF1FFFFFFC2246CD1E00000FC0007EBFE9ED0737FEEBFFF600,
2026-07-14T15:46:59.612581+00:00,83.623086,valid,2736,778,2868904714,42885,41,hex,CAM,0202ab00030aa785005a5811460e29efbf1ffffffc2246cd1e00000fc0007ebfe9ed0737feebfff600,0202AB00030AA785005A5811460E29EFBF1FFFFFFC2246CD1E00000FC0007EBFE9ED0737FEEBFFF600,
2026-07-14T15:46:59.714149+00:00,83.724653,valid,2736,779,2868904715,42985,41,hex,CAM,0202ab00030ba7e9005a5811460e29efbf1ffffffc2246cd1e00000fc0007ebfe9ed0737feebfff600,0202AB00030BA7E9005A5811460E29EFBF1FFFFFFC2246CD1E00000FC0007EBFE9ED0737FEEBFFF600,
2026-07-14T15:46:59.806157+00:00,83.816662,valid,2736,780,2868904716,43085,41,hex,CAM,0202ab00030ca84d005a5811460e29efbf1ffffffc2246cd1e00000fc0007ebfe9ed0737feebfff600,0202AB00030CA84D005A5811460E29EFBF1FFFFFFC2246CD1E00000FC0007EBFE9ED0737FEEBFFF600,
2026-07-14T15:46:59.908148+00:00,83.918652,valid,2736,781,2868904717,43185,41,hex,CAM,0202ab00030da8b1005a5811460e29efbf1ffffffc2246cd1e00000fc0007ebfe9ed0737feebfff600,0202AB00030DA8B1005A5811460E29EFBF1FFFFFFC2246CD1E00000FC0007EBFE9ED0737FEEBFFF600,
2026-07-14T15:47:00.010115+00:00,84.020620,valid,2736,782,2868904718,43285,41,hex,CAM,0202ab00030ea915005a5811460e29efbf1ffffffc2246cd1e00000fc0007ebfe9ed0737feebfff600,0202AB00030EA915005A5811460E29EFBF1FFFFFFC2246CD1E00000FC0007EBFE9ED0737FEEBFFF600,
2026-07-14T15:47:00.105716+00:00,84.116231,rx_error,,,,,,,,,RX ERROR: 0x1810F07,
2026-07-14T15:47:00.214200+00:00,84.224704,valid,2736,784,2868904720,43485,41,hex,CAM,0202ab000310a9dd005a5811460e29efbf1ffffffc2246cd1e00000fc0007ebfe9ed0737feebfff600,0202AB000310A9DD005A5811460E29EFBF1FFFFFFC2246CD1E00000FC0007EBFE9ED0737FEEBFFF600,
2026-07-14T15:47:00.306937+00:00,84.317444,valid,2736,785,2868904721,43585,41,hex,CAM,0202ab000311aa41005a5811460e29efbf1ffffffc2246cd1e00000fc0007ebfe9ed0737feebfff600,0202AB000311AA41005A5811460E29EFBF1FFFFFFC2246CD1E00000FC0007EBFE9ED0737FEEBFFF600,
2026-07-14T15:47:00.401542+00:00,84.412038,rx_error,,,,,,,,,RX ERROR: 0x1810F07,
2026-07-14T15:47:00.510184+00:00,84.520690,valid,2736,787,2868904723,43785,41,hex,CAM,0202ab000313ab09005a5811460e29efbf1ffffffc2246cd1e00000fc0007ebfe9ed0737feebfff600,0202AB000313AB09005A5811460E29EFBF1FFFFFFC2246CD1E00000FC0007EBFE9ED0737FEEBFFF600,
2026-07-14T15:47:00.612126+00:00,84.622630,valid,2736,788,2868904724,43885,41,hex,CAM,0202ab000314ab6d005a5811460e29efbf1ffffffc2246cd1e00000fc0007ebfe9ed0737feebfff600,0202AB000314AB6D005A5811460E29EFBF1FFFFFFC2246CD1E00000FC0007EBFE9ED0737FEEBFFF600,
2026-07-14T15:47:00.715709+00:00,84.726225,valid,2736,789,2868904725,43985,41,hex,CAM,0202ab000315abd1005a5811460e29efbf1ffffffc2246cd1e00000fc0007ebfe9ed0737feebfff600,0202AB000315ABD1005A5811460E29EFBF1FFFFFFC2246CD1E00000FC0007EBFE9ED0737FEEBFFF600,
2026-07-14T15:47:00.806856+00:00,84.817369,valid,2736,790,2868904726,44085,41,hex,CAM,0202ab000316ac35005a5811460e29efbf1ffffffc2246cd1e00000fc0007ebfe9ed0737feebfff600,0202AB000316AC35005A5811460E29EFBF1FFFFFFC2246CD1E00000FC0007EBFE9ED0737FEEBFFF600,
2026-07-14T15:47:00.901681+00:00,84.912188,rx_error,,,,,,,,,RX ERROR: 0x1810F07,
2026-07-14T15:47:01.003619+00:00,85.014134,rx_error,,,,,,,,,RX ERROR: 0x1810F07,
2026-07-14T15:47:01.113808+00:00,85.124324,valid,2736,793,2868904729,44385,41,hex,CAM,0202ab000319ad61005a5811460e29efbf1ffffffc2246cd1e00000fc0007ebfe9ed0737feebfff600,0202AB000319AD61005A5811460E29EFBF1FFFFFFC2246CD1E00000FC0007EBFE9ED0737FEEBFFF600,
2026-07-14T15:47:01.207985+00:00,85.218500,rx_error,,,,,,,,,RX ERROR: 0x1810F07,
2026-07-14T15:47:01.306210+00:00,85.316714,valid,2736,795,2868904731,44585,41,hex,CAM,0202ab00031bae29005a5811460e29efbf1ffffffc2246cd1e00000fc0007ebfe9ed0737feebfff600,0202AB00031BAE29005A5811460E29EFBF1FFFFFFC2246CD1E00000FC0007EBFE9ED0737FEEBFFF600,
2026-07-14T15:47:01.401670+00:00,85.412177,rx_error,,,,,,,,,RX ERROR: 0x1810F07,
2026-07-14T15:47:01.510274+00:00,85.520780,valid,2736,797,2868904733,44785,41,hex,CAM,0202ab00031daef1005a5811460e29efbf1ffffffc2246cd1e00000fc0007ebfe9ed0737feebfff600,0202AB00031DAEF1005A5811460E29EFBF1FFFFFFC2246CD1E00000FC0007EBFE9ED0737FEEBFFF600,
2026-07-14T15:47:01.612256+00:00,85.622760,valid,2736,798,2868904734,44885,41,hex,CAM,0202ab00031eaf55005a5811460e29efbf1ffffffc2246cd1e00000fc0007ebfe9ed0737feebfff600,0202AB00031EAF55005A5811460E29EFBF1FFFFFFC2246CD1E00000FC0007EBFE9ED0737FEEBFFF600,
2026-07-14T15:47:01.714184+00:00,85.724688,valid,2736,799,2868904735,44985,41,hex,CAM,0202ab00031fafb9005a5811460e29efbf1ffffffc2246cd1e00000fc0007ebfe9ed0737feebfff600,0202AB00031FAFB9005A5811460E29EFBF1FFFFFFC2246CD1E00000FC0007EBFE9ED0737FEEBFFF600,
2026-07-14T15:47:01.806189+00:00,85.816694,valid,2736,800,2868904736,45085,41,hex,CAM,0202ab000320b01d005a5811460e29efbf1ffffffc2246cd1e00000fc0007ebfe9ed0737feebfff600,0202AB000320B01D005A5811460E29EFBF1FFFFFFC2246CD1E00000FC0007EBFE9ED0737FEEBFFF600,
2026-07-14T15:47:02.010226+00:00,86.020734,valid,2736,802,2868904738,45285,41,hex,CAM,0202ab000322b0e5005a5811460e29efbf1ffffffc2246cd1e00000fc0007ebfe9ed0737feebfff600,0202AB000322B0E5005A5811460E29EFBF1FFFFFFC2246CD1E00000FC0007EBFE9ED0737FEEBFFF600,
2026-07-14T15:47:02.105625+00:00,86.116140,rx_error,,,,,,,,,RX ERROR: 0x1810F07,
2026-07-14T15:47:02.216028+00:00,86.226540,valid,2736,804,2868904740,45485,41,hex,CAM,0202ab000324b1ad005a5811460e29efbf1ffffffc2246cd1e00000fc0007ebfe9ed0737feebfff600,0202AB000324B1AD005A5811460E29EFBF1FFFFFFC2246CD1E00000FC0007EBFE9ED0737FEEBFFF600,
2026-07-14T15:47:02.306317+00:00,86.316822,valid,2736,805,2868904741,45585,41,hex,CAM,0202ab000325b211005a5811460e29efbf1ffffffc2246cd1e00000fc0007ebfe9ed0737feebfff600,0202AB000325B211005A5811460E29EFBF1FFFFFFC2246CD1E00000FC0007EBFE9ED0737FEEBFFF600,
2026-07-14T15:47:02.401581+00:00,86.412082,rx_error,,,,,,,,,RX ERROR: 0x1810F07,
2026-07-14T15:47:02.509845+00:00,86.520345,valid,2736,807,2868904743,45785,41,hex,CAM,0202ab000327b2d9005a5811460e29efbf1ffffffc2246cd1e00000fc0007ebfe9ed0737feebfff600,0202AB000327B2D9005A5811460E29EFBF1FFFFFFC2246CD1E00000FC0007EBFE9ED0737FEEBFFF600,
2026-07-14T15:47:02.714255+00:00,86.724759,valid,2736,809,2868904745,45985,41,hex,CAM,0202ab000329b3a1005a5811460e29efbf1ffffffc2246cd1e00000fc0007ebfe9ed0737feebfff600,0202AB000329B3A1005A5811460E29EFBF1FFFFFFC2246CD1E00000FC0007EBFE9ED0737FEEBFFF600,
2026-07-14T15:47:02.806205+00:00,86.816716,valid,2736,810,2868904746,46085,41,hex,CAM,0202ab00032ab405005a5811460e29efbf1ffffffc2246cd1e00000fc0007ebfe9ed0737feebfff600,0202AB00032AB405005A5811460E29EFBF1FFFFFFC2246CD1E00000FC0007EBFE9ED0737FEEBFFF600,
2026-07-14T15:47:02.908296+00:00,86.918800,valid,2736,811,2868904747,46185,41,hex,CAM,0202ab00032bb469005a5811460e29efbf1ffffffc2246cd1e00000fc0007ebfe9ed0737feebfff600,0202AB00032BB469005A5811460E29EFBF1FFFFFFC2246CD1E00000FC0007EBFE9ED0737FEEBFFF600,
2026-07-14T15:47:03.003766+00:00,87.014272,rx_error,,,,,,,,,RX ERROR: 0x1810F07,
2026-07-14T15:47:03.112378+00:00,87.122883,valid,2736,813,2868904749,46385,41,hex,CAM,0202ab00032db531005a5811460e29efbf1ffffffc2246cd1e00000fc0007ebfe9ed0737feebfff600,0202AB00032DB531005A5811460E29EFBF1FFFFFFC2246CD1E00000FC0007EBFE9ED0737FEEBFFF600,
2026-07-14T15:47:03.214339+00:00,87.224843,valid,2736,814,2868904750,46485,41,hex,CAM,0202ab00032eb595005a5811460e29efbf1ffffffc2246cd1e00000fc0007ebfe9ed0737feebfff600,0202AB00032EB595005A5811460E29EFBF1FFFFFFC2246CD1E00000FC0007EBFE9ED0737FEEBFFF600,
2026-07-14T15:47:03.299687+00:00,87.310194,rx_error,,,,,,,,,RX ERROR: 0x1810F07,
2026-07-14T15:47:03.503599+00:00,87.514127,rx_error,,,,,,,,,RX ERROR: 0x1810F07,
2026-07-14T15:47:03.605642+00:00,87.616150,rx_error,,,,,,,,,RX ERROR: 0x1810F07,
2026-07-14T15:47:03.714308+00:00,87.724811,valid,2736,819,2868904755,46985,41,hex,CAM,0202ab000333b789005a5811460e29efbf1ffffffc2246cd1e00000fc0007ebfe9ed0737feebfff600,0202AB000333B789005A5811460E29EFBF1FFFFFFC2246CD1E00000FC0007EBFE9ED0737FEEBFFF600,
2026-07-14T15:47:03.806187+00:00,87.816691,valid,2736,820,2868904756,47085,41,hex,CAM,0202ab000334b7ed005a5811460e29efbf1ffffffc2246cd1e00000fc0007ebfe9ed0737feebfff600,0202AB000334B7ED005A5811460E29EFBF1FFFFFFC2246CD1E00000FC0007EBFE9ED0737FEEBFFF600,
2026-07-14T15:47:03.908341+00:00,87.918847,valid,2736,821,2868904757,47185,41,hex,CAM,0202ab000335b851005a5811460e29efbf1ffffffc2246cd1e00000fc0007ebfe9ed0737feebfff600,0202AB000335B851005A5811460E29EFBF1FFFFFFC2246CD1E00000FC0007EBFE9ED0737FEEBFFF600,
2026-07-14T15:47:04.010490+00:00,88.020994,valid,2736,822,2868904758,47285,41,hex,CAM,0202ab000336b8b5005a5811460e29efbf1ffffffc2246cd1e00000fc0007ebfe9ed0737feebfff600,0202AB000336B8B5005A5811460E29EFBF1FFFFFFC2246CD1E00000FC0007EBFE9ED0737FEEBFFF600,
2026-07-14T15:47:04.105610+00:00,88.116132,rx_error,,,,,,,,,RX ERROR: 0x1810F07,
2026-07-14T15:47:04.306231+00:00,88.316738,valid,2736,825,2868904761,47585,41,hex,CAM,0202ab000339b9e1005a5811460e29efbf1ffffffc2246cd1e00000fc0007ebfe9ed0737feebfff600,0202AB000339B9E1005A5811460E29EFBF1FFFFFFC2246CD1E00000FC0007EBFE9ED0737FEEBFFF600,
2026-07-14T15:47:04.401515+00:00,88.412014,rx_error,,,,,,,,,RX ERROR: 0x1810F07,
2026-07-14T15:47:04.511871+00:00,88.522389,valid,2736,827,2868904763,47785,41,hex,CAM,0202ab00033bbaa9005a5811460e29efbf1ffffffc2246cd1e00000fc0007ebfe9ed0737feebfff600,0202AB00033BBAA9005A5811460E29EFBF1FFFFFFC2246CD1E00000FC0007EBFE9ED0737FEEBFFF600,
2026-07-14T15:47:04.606096+00:00,88.616614,rx_error,,,,,,,,,RX ERROR: 0x1810F07,
2026-07-14T15:47:04.707999+00:00,88.718521,rx_error,,,,,,,,,RX ERROR: 0x1810F07,
2026-07-14T15:47:04.807771+00:00,88.818287,valid,2736,830,2868904766,48085,41,hex,CAM,0202ab00033ebbd5005a5811460e29efbf1ffffffc2246cd1e00000fc0007ebfe9ed0737feebfff600,0202AB00033EBBD5005A5811460E29EFBF1FFFFFFC2246CD1E00000FC0007EBFE9ED0737FEEBFFF600,
2026-07-14T15:47:04.909508+00:00,88.920015,valid,2736,831,2868904767,48185,41,hex,CAM,0202ab00033fbc39005a5811460e29efbf1ffffffc2246cd1e00000fc0007ebfe9ed0737feebfff600,0202AB00033FBC39005A5811460E29EFBF1FFFFFFC2246CD1E00000FC0007EBFE9ED0737FEEBFFF600,
2026-07-14T15:47:05.009339+00:00,89.019825,valid,2736,832,2868904768,48285,41,hex,CAM,0202ab000340bc9d005a5811460e29efbf1ffffffc2246cd1e00000fc0007ebfe9ed0737feebfff600,0202AB000340BC9D005A5811460E29EFBF1FFFFFFC2246CD1E00000FC0007EBFE9ED0737FEEBFFF600,
2026-07-14T15:47:05.111360+00:00,89.121846,valid,2736,833,2868904769,48385,41,hex,CAM,0202ab000341bd01005a5811460e29efbf1ffffffc2246cd1e00000fc0007ebfe9ed0737feebfff600,0202AB000341BD01005A5811460E29EFBF1FFFFFFC2246CD1E00000FC0007EBFE9ED0737FEEBFFF600,
2026-07-14T15:47:05.215822+00:00,89.226337,valid,2736,834,2868904770,48485,41,hex,CAM,0202ab000342bd65005a5811460e29efbf1ffffffc2246cd1e00000fc0007ebfe9ed0737feebfff600,0202AB000342BD65005A5811460E29EFBF1FFFFFFC2246CD1E00000FC0007EBFE9ED0737FEEBFFF600,
2026-07-14T15:47:05.307645+00:00,89.318150,valid,2736,835,2868904771,48585,41,hex,CAM,0202ab000343bdc9005a5811460e29efbf1ffffffc2246cd1e00000fc0007ebfe9ed0737feebfff600,0202AB000343BDC9005A5811460E29EFBF1FFFFFFC2246CD1E00000FC0007EBFE9ED0737FEEBFFF600,
2026-07-14T15:47:05.409621+00:00,89.420142,valid,2736,836,2868904772,48685,41,hex,CAM,0202ab000344be2d005a5811460e29efbf1ffffffc2246cd1e00000fc0007ebfe9ed0737feebfff600,0202AB000344BE2D005A5811460E29EFBF1FFFFFFC2246CD1E00000FC0007EBFE9ED0737FEEBFFF600,
2026-07-14T15:47:05.511592+00:00,89.522102,valid,2736,837,2868904773,48785,41,hex,CAM,0202ab000345be91005a5811460e29efbf1ffffffc2246cd1e00000fc0007ebfe9ed0737feebfff600,0202AB000345BE91005A5811460E29EFBF1FFFFFFC2246CD1E00000FC0007EBFE9ED0737FEEBFFF600,
2026-07-14T15:47:05.613714+00:00,89.624229,valid,2736,838,2868904774,48885,41,hex,CAM,0202ab000346bef5005a5811460e29efbf1ffffffc2246cd1e00000fc0007ebfe9ed0737feebfff600,0202AB000346BEF5005A5811460E29EFBF1FFFFFFC2246CD1E00000FC0007EBFE9ED0737FEEBFFF600,
2026-07-14T15:47:05.715702+00:00,89.726217,valid,2736,839,2868904775,48985,41,hex,CAM,0202ab000347bf59005a5811460e29efbf1ffffffc2246cd1e00000fc0007ebfe9ed0737feebfff600,0202AB000347BF59005A5811460E29EFBF1FFFFFFC2246CD1E00000FC0007EBFE9ED0737FEEBFFF600,
2026-07-14T15:47:05.807708+00:00,89.818224,valid,2736,840,2868904776,49085,41,hex,CAM,0202ab000348bfbd005a5811460e29efbf1ffffffc2246cd1e00000fc0007ebfe9ed0737feebfff600,0202AB000348BFBD005A5811460E29EFBF1FFFFFFC2246CD1E00000FC0007EBFE9ED0737FEEBFFF600,
2026-07-14T15:47:05.909853+00:00,89.920369,valid,2736,841,2868904777,49185,41,hex,CAM,0202ab000349c021005a5811460e29efbf1ffffffc2246cd1e00000fc0007ebfe9ed0737feebfff600,0202AB000349C021005A5811460E29EFBF1FFFFFFC2246CD1E00000FC0007EBFE9ED0737FEEBFFF600,
2026-07-14T15:47:06.010264+00:00,90.020770,valid,2736,842,2868904778,49285,41,hex,CAM,0202ab00034ac085005a5811460e29efbf1ffffffc2246cd1e00000fc0007ebfe9ed0737feebfff600,0202AB00034AC085005A5811460E29EFBF1FFFFFFC2246CD1E00000FC0007EBFE9ED0737FEEBFFF600,
2026-07-14T15:47:06.112116+00:00,90.122621,valid,2736,843,2868904779,49385,41,hex,CAM,0202ab00034bc0e9005a5811460e29efbf1ffffffc2246cd1e00000fc0007ebfe9ed0737feebfff600,0202AB00034BC0E9005A5811460E29EFBF1FFFFFFC2246CD1E00000FC0007EBFE9ED0737FEEBFFF600,
2026-07-14T15:47:06.214237+00:00,90.224741,valid,2736,844,2868904780,49485,41,hex,CAM,0202ab00034cc14d005a5811460e29efbf1ffffffc2246cd1e00000fc0007ebfe9ed0737feebfff600,0202AB00034CC14D005A5811460E29EFBF1FFFFFFC2246CD1E00000FC0007EBFE9ED0737FEEBFFF600,
2026-07-14T15:47:06.306191+00:00,90.316695,valid,2736,845,2868904781,49585,41,hex,CAM,0202ab00034dc1b1005a5811460e29efbf1ffffffc2246cd1e00000fc0007ebfe9ed0737feebfff600,0202AB00034DC1B1005A5811460E29EFBF1FFFFFFC2246CD1E00000FC0007EBFE9ED0737FEEBFFF600,
2026-07-14T15:47:06.408184+00:00,90.418689,valid,2736,846,2868904782,49685,41,hex,CAM,0202ab00034ec215005a5811460e29efbf1ffffffc2246cd1e00000fc0007ebfe9ed0737feebfff600,0202AB00034EC215005A5811460E29EFBF1FFFFFFC2246CD1E00000FC0007EBFE9ED0737FEEBFFF600,
2026-07-14T15:47:06.510182+00:00,90.520685,valid,2736,847,2868904783,49785,41,hex,CAM,0202ab00034fc279005a5811460e29efbf1ffffffc2246cd1e00000fc0007ebfe9ed0737feebfff600,0202AB00034FC279005A5811460E29EFBF1FFFFFFC2246CD1E00000FC0007EBFE9ED0737FEEBFFF600,
2026-07-14T15:47:06.612292+00:00,90.622796,valid,2736,848,2868904784,49885,41,hex,CAM,0202ab000350c2dd005a5811460e29efbf1ffffffc2246cd1e00000fc0007ebfe9ed0737feebfff600,0202AB000350C2DD005A5811460E29EFBF1FFFFFFC2246CD1E00000FC0007EBFE9ED0737FEEBFFF600,
2026-07-14T15:47:06.707670+00:00,90.718177,rx_error,,,,,,,,,RX ERROR: 0x1810F07,
2026-07-14T15:47:06.799599+00:00,90.810122,rx_error,,,,,,,,,RX ERROR: 0x1810F07,
2026-07-14T15:47:06.908163+00:00,90.918667,valid,2736,851,2868904787,50185,41,hex,CAM,0202ab000353c409005a5811460e29efbf1ffffffc2246cd1e00000fc0007ebfe9ed0737feebfff600,0202AB000353C409005A5811460E29EFBF1FFFFFFC2246CD1E00000FC0007EBFE9ED0737FEEBFFF600,
2026-07-14T15:47:07.010194+00:00,91.020699,valid,2736,852,2868904788,50285,41,hex,CAM,0202ab000354c46d005a5811460e29efbf1ffffffc2246cd1e00000fc0007ebfe9ed0737feebfff600,0202AB000354C46D005A5811460E29EFBF1FFFFFFC2246CD1E00000FC0007EBFE9ED0737FEEBFFF600,
2026-07-14T15:47:07.112182+00:00,91.122687,valid,2736,853,2868904789,50385,41,hex,CAM,0202ab000355c4d1005a5811460e29efbf1ffffffc2246cd1e00000fc0007ebfe9ed0737feebfff600,0202AB000355C4D1005A5811460E29EFBF1FFFFFFC2246CD1E00000FC0007EBFE9ED0737FEEBFFF600,
2026-07-14T15:47:07.214160+00:00,91.224663,valid,2736,854,2868904790,50485,41,hex,CAM,0202ab000356c535005a5811460e29efbf1ffffffc2246cd1e00000fc0007ebfe9ed0737feebfff600,0202AB000356C535005A5811460E29EFBF1FFFFFFC2246CD1E00000FC0007EBFE9ED0737FEEBFFF600,
2026-07-14T15:47:07.306357+00:00,91.316866,valid,2736,855,2868904791,50585,41,hex,CAM,0202ab000357c599005a5811460e29efbf1ffffffc2246cd1e00000fc0007ebfe9ed0737feebfff600,0202AB000357C599005A5811460E29EFBF1FFFFFFC2246CD1E00000FC0007EBFE9ED0737FEEBFFF600,
2026-07-14T15:47:07.401589+00:00,91.412096,rx_error,,,,,,,,,RX ERROR: 0x1810F07,
2026-07-14T15:47:07.510217+00:00,91.520721,valid,2736,857,2868904793,50785,41,hex,CAM,0202ab000359c661005a5811460e29efbf1ffffffc2246cd1e00000fc0007ebfe9ed0737feebfff600,0202AB000359C661005A5811460E29EFBF1FFFFFFC2246CD1E00000FC0007EBFE9ED0737FEEBFFF600,
2026-07-14T15:47:07.612204+00:00,91.622708,valid,2736,858,2868904794,50885,41,hex,CAM,0202ab00035ac6c5005a5811460e29efbf1ffffffc2246cd1e00000fc0007ebfe9ed0737feebfff600,0202AB00035AC6C5005A5811460E29EFBF1FFFFFFC2246CD1E00000FC0007EBFE9ED0737FEEBFFF600,
2026-07-14T15:47:07.707669+00:00,91.718177,rx_error,,,,,,,,,RX ERROR: 0x1810F07,
2026-07-14T15:47:07.806129+00:00,91.816635,valid,2736,860,2868904796,51085,41,hex,CAM,0202ab00035cc78d005a5811460e29efbf1ffffffc2246cd1e00000fc0007ebfe9ed0737feebfff600,0202AB00035CC78D005A5811460E29EFBF1FFFFFFC2246CD1E00000FC0007EBFE9ED0737FEEBFFF600,
2026-07-14T15:47:07.901615+00:00,91.912133,rx_error,,,,,,,,,RX ERROR: 0x180AF07,
2026-07-14T15:47:08.105581+00:00,92.116090,rx_error,,,,,,,,,RX ERROR: 0x1810F07,
2026-07-14T15:47:08.207621+00:00,92.218142,rx_error,,,,,,,,,RX ERROR: 0x1810F07,
2026-07-14T15:47:08.306136+00:00,92.316642,valid,2736,865,2868904801,51585,41,hex,CAM,0202ab000361c981005a5811460e29efbf1ffffffc2246cd1e00000fc0007ebfe9ed0737feebfff600,0202AB000361C981005A5811460E29EFBF1FFFFFFC2246CD1E00000FC0007EBFE9ED0737FEEBFFF600,
2026-07-14T15:47:08.408146+00:00,92.418650,valid,2736,866,2868904802,51685,41,hex,CAM,0202ab000362c9e5005a5811460e29efbf1ffffffc2246cd1e00000fc0007ebfe9ed0737feebfff600,0202AB000362C9E5005A5811460E29EFBF1FFFFFFC2246CD1E00000FC0007EBFE9ED0737FEEBFFF600,
2026-07-14T15:47:08.503592+00:00,92.514099,rx_error,,,,,,,,,RX ERROR: 0x1810F07,
2026-07-14T15:47:08.605582+00:00,92.616089,rx_error,,,,,,,,,RX ERROR: 0x1810F07,
2026-07-14T15:47:08.707695+00:00,92.718202,rx_error,,,,,,,,,RX ERROR: 0x1810F07,
2026-07-14T15:47:08.806217+00:00,92.816721,valid,2736,870,2868904806,52085,41,hex,CAM,0202ab000366cb75005a5811460e29efbf1ffffffc2246cd1e00000fc0007ebfe9ed0737feebfff600,0202AB000366CB75005A5811460E29EFBF1FFFFFFC2246CD1E00000FC0007EBFE9ED0737FEEBFFF600,
2026-07-14T15:47:08.908230+00:00,92.918735,valid,2736,871,2868904807,52185,41,hex,CAM,0202ab000367cbd9005a5811460e29efbf1ffffffc2246cd1e00000fc0007ebfe9ed0737feebfff600,0202AB000367CBD9005A5811460E29EFBF1FFFFFFC2246CD1E00000FC0007EBFE9ED0737FEEBFFF600,
2026-07-14T15:47:09.010241+00:00,93.020746,valid,2736,872,2868904808,52285,41,hex,CAM,0202ab000368cc3d005a5811460e29efbf1ffffffc2246cd1e00000fc0007ebfe9ed0737feebfff600,0202AB000368CC3D005A5811460E29EFBF1FFFFFFC2246CD1E00000FC0007EBFE9ED0737FEEBFFF600,
2026-07-14T15:47:09.112191+00:00,93.122695,valid,2736,873,2868904809,52385,41,hex,CAM,0202ab000369cca1005a5811460e29efbf1ffffffc2246cd1e00000fc0007ebfe9ed0737feebfff600,0202AB000369CCA1005A5811460E29EFBF1FFFFFFC2246CD1E00000FC0007EBFE9ED0737FEEBFFF600,
2026-07-14T15:47:09.213230+00:00,93.223716,valid,2736,874,2868904810,52485,41,hex,CAM,0202ab00036acd05005a5811460e29efbf1ffffffc2246cd1e00000fc0007ebfe9ed0737feebfff600,0202AB00036ACD05005A5811460E29EFBF1FFFFFFC2246CD1E00000FC0007EBFE9ED0737FEEBFFF600,
2026-07-14T15:47:09.306185+00:00,93.316691,valid,2736,875,2868904811,52585,41,hex,CAM,0202ab00036bcd69005a5811460e29efbf1ffffffc2246cd1e00000fc0007ebfe9ed0737feebfff600,0202AB00036BCD69005A5811460E29EFBF1FFFFFFC2246CD1E00000FC0007EBFE9ED0737FEEBFFF600,
2026-07-14T15:47:09.408140+00:00,93.418644,valid,2736,876,2868904812,52685,41,hex,CAM,0202ab00036ccdcd005a5811460e29efbf1ffffffc2246cd1e00000fc0007ebfe9ed0737feebfff600,0202AB00036CCDCD005A5811460E29EFBF1FFFFFFC2246CD1E00000FC0007EBFE9ED0737FEEBFFF600,
2026-07-14T15:47:09.510144+00:00,93.520650,valid,2736,877,2868904813,52785,41,hex,CAM,0202ab00036dce31005a5811460e29efbf1ffffffc2246cd1e00000fc0007ebfe9ed0737feebfff600,0202AB00036DCE31005A5811460E29EFBF1FFFFFFC2246CD1E00000FC0007EBFE9ED0737FEEBFFF600,
2026-07-14T15:47:09.605639+00:00,93.616147,rx_error,,,,,,,,,RX ERROR: 0x1810F07,
2026-07-14T15:47:09.714150+00:00,93.724653,valid,2736,879,2868904815,52985,41,hex,CAM,0202ab00036fcef9005a5811460e29efbf1ffffffc2246cd1e00000fc0007ebfe9ed0737feebfff600,0202AB00036FCEF9005A5811460E29EFBF1FFFFFFC2246CD1E00000FC0007EBFE9ED0737FEEBFFF600,
2026-07-14T15:47:09.806163+00:00,93.816667,valid,2736,880,2868904816,53085,41,hex,CAM,0202ab000370cf5d005a5811460e29efbf1ffffffc2246cd1e00000fc0007ebfe9ed0737feebfff600,0202AB000370CF5D005A5811460E29EFBF1FFFFFFC2246CD1E00000FC0007EBFE9ED0737FEEBFFF600,
2026-07-14T15:47:09.901698+00:00,93.912206,rx_error,,,,,,,,,RX ERROR: 0x1810F07,
2026-07-14T15:47:10.003648+00:00,94.014156,rx_error,,,,,,,,,RX ERROR: 0x1810F07,
2026-07-14T15:47:10.105708+00:00,94.116218,rx_error,,,,,,,,,RX ERROR: 0x1810F07,
2026-07-14T15:47:10.207730+00:00,94.218242,rx_error,,,,,,,,,RX ERROR: 0x1810F07,
2026-07-14T15:47:10.299699+00:00,94.310206,rx_error,,,,,,,,,RX ERROR: 0x1810F07,
2026-07-14T15:47:10.401742+00:00,94.412249,rx_error,,,,,,,,,RX ERROR: 0x1810F07,
2026-07-14T15:47:10.510200+00:00,94.520704,valid,2736,887,2868904823,53785,41,hex,CAM,0202ab000377d219005a5811460e29efbf1ffffffc2246cd1e00000fc0007ebfe9ed0737feebfff600,0202AB000377D219005A5811460E29EFBF1FFFFFFC2246CD1E00000FC0007EBFE9ED0737FEEBFFF600,
2026-07-14T15:47:10.612177+00:00,94.622680,valid,2736,888,2868904824,53885,41,hex,CAM,0202ab000378d27d005a5811460e29efbf1ffffffc2246cd1e00000fc0007ebfe9ed0737feebfff600,0202AB000378D27D005A5811460E29EFBF1FFFFFFC2246CD1E00000FC0007EBFE9ED0737FEEBFFF600,
2026-07-14T15:47:10.714321+00:00,94.724826,valid,2736,889,2868904825,53985,41,hex,CAM,0202ab000379d2e1005a5811460e29efbf1ffffffc2246cd1e00000fc0007ebfe9ed0737feebfff600,0202AB000379D2E1005A5811460E29EFBF1FFFFFFC2246CD1E00000FC0007EBFE9ED0737FEEBFFF600,
2026-07-14T15:47:10.800072+00:00,94.810590,rx_error,,,,,,,,,RX ERROR: 0x1810F07,
2026-07-14T15:47:10.910113+00:00,94.920629,valid,2736,891,2868904827,54185,41,hex,CAM,0202ab00037bd3a9005a5811460e29efbf1ffffffc2246cd1e00000fc0007ebfe9ed0737feebfff600,0202AB00037BD3A9005A5811460E29EFBF1FFFFFFC2246CD1E00000FC0007EBFE9ED0737FEEBFFF600,
2026-07-14T15:47:11.004063+00:00,95.014581,rx_error,,,,,,,,,RX ERROR: 0x1810F07,
2026-07-14T15:47:11.105929+00:00,95.116440,rx_error,,,,,,,,,RX ERROR: 0x1810F07,
2026-07-14T15:47:11.214299+00:00,95.224804,valid,2736,894,2868904830,54485,41,hex,CAM,0202ab00037ed4d5005a5811460e29efbf1ffffffc2246cd1e00000fc0007ebfe9ed0737feebfff600,0202AB00037ED4D5005A5811460E29EFBF1FFFFFFC2246CD1E00000FC0007EBFE9ED0737FEEBFFF600,
2026-07-14T15:47:11.306586+00:00,95.317087,valid,2736,895,2868904831,54585,41,hex,CAM,0202ab00037fd539005a5811460e29efbf1ffffffc2246cd1e00000fc0007ebfe9ed0737feebfff600,0202AB00037FD539005A5811460E29EFBF1FFFFFFC2246CD1E00000FC0007EBFE9ED0737FEEBFFF600,
2026-07-14T15:47:11.408298+00:00,95.418801,valid,2736,896,2868904832,54685,41,hex,CAM,0202ab000380d59d005a5811460e29efbf1ffffffc2246cd1e00000fc0007ebfe9ed0737feebfff600,0202AB000380D59D005A5811460E29EFBF1FFFFFFC2246CD1E00000FC0007EBFE9ED0737FEEBFFF600,
2026-07-14T15:47:11.511750+00:00,95.522268,valid,2736,897,2868904833,54785,41,hex,CAM,0202ab000381d601005a5811460e29efbf1ffffffc2246cd1e00000fc0007ebfe9ed0737feebfff600,0202AB000381D601005A5811460E29EFBF1FFFFFFC2246CD1E00000FC0007EBFE9ED0737FEEBFFF600,
2026-07-14T15:47:11.613865+00:00,95.624383,valid,2736,898,2868904834,54885,41,hex,CAM,0202ab000382d665005a5811460e29efbf1ffffffc2246cd1e00000fc0007ebfe9ed0737feebfff600,0202AB000382D665005A5811460E29EFBF1FFFFFFC2246CD1E00000FC0007EBFE9ED0737FEEBFFF600,
2026-07-14T15:47:11.707954+00:00,95.718466,rx_error,,,,,,,,,RX ERROR: 0x1810F07,
2026-07-14T15:47:11.806194+00:00,95.816700,valid,2736,900,2868904836,55085,41,hex,CAM,0202ab000384d72d005a5811460e29efbf1ffffffc2246cd1e00000fc0007ebfe9ed0737feebfff600,0202AB000384D72D005A5811460E29EFBF1FFFFFFC2246CD1E00000FC0007EBFE9ED0737FEEBFFF600,
2026-07-14T15:47:11.908260+00:00,95.918766,valid,2736,901,2868904837,55185,41,hex,CAM,0202ab000385d791005a5811460e29efbf1ffffffc2246cd1e00000fc0007ebfe9ed0737feebfff600,0202AB000385D791005A5811460E29EFBF1FFFFFFC2246CD1E00000FC0007EBFE9ED0737FEEBFFF600,
2026-07-14T15:47:12.010224+00:00,96.020729,valid,2736,902,2868904838,55285,41,hex,CAM,0202ab000386d7f5005a5811460e29efbf1ffffffc2246cd1e00000fc0007ebfe9ed0737feebfff600,0202AB000386D7F5005A5811460E29EFBF1FFFFFFC2246CD1E00000FC0007EBFE9ED0737FEEBFFF600,
2026-07-14T15:47:12.112081+00:00,96.122579,valid,2736,903,2868904839,55385,41,hex,CAM,0202ab000387d859005a5811460e29efbf1ffffffc2246cd1e00000fc0007ebfe9ed0737feebfff600,0202AB000387D859005A5811460E29EFBF1FFFFFFC2246CD1E00000FC0007EBFE9ED0737FEEBFFF600,
2026-07-14T15:47:12.214318+00:00,96.224822,valid,2736,904,2868904840,55485,41,hex,CAM,0202ab000388d8bd005a5811460e29efbf1ffffffc2246cd1e00000fc0007ebfe9ed0737feebfff600,0202AB000388D8BD005A5811460E29EFBF1FFFFFFC2246CD1E00000FC0007EBFE9ED0737FEEBFFF600,
2026-07-14T15:47:12.299601+00:00,96.310118,rx_error,,,,,,,,,RX ERROR: 0x1810F07,
2026-07-14T15:47:12.408281+00:00,96.418787,valid,2736,906,2868904842,55685,41,hex,CAM,0202ab00038ad985005a5811460e29efbf1ffffffc2246cd1e00000fc0007ebfe9ed0737feebfff600,0202AB00038AD985005A5811460E29EFBF1FFFFFFC2246CD1E00000FC0007EBFE9ED0737FEEBFFF600,
2026-07-14T15:47:12.510397+00:00,96.520901,valid,2736,907,2868904843,55785,41,hex,CAM,0202ab00038bd9e9005a5811460e29efbf1ffffffc2246cd1e00000fc0007ebfe9ed0737feebfff600,0202AB00038BD9E9005A5811460E29EFBF1FFFFFFC2246CD1E00000FC0007EBFE9ED0737FEEBFFF600,
2026-07-14T15:47:12.612266+00:00,96.622771,valid,2736,908,2868904844,55885,41,hex,CAM,0202ab00038cda4d005a5811460e29efbf1ffffffc2246cd1e00000fc0007ebfe9ed0737feebfff600,0202AB00038CDA4D005A5811460E29EFBF1FFFFFFC2246CD1E00000FC0007EBFE9ED0737FEEBFFF600,
2026-07-14T15:47:12.707741+00:00,96.718251,rx_error,,,,,,,,,RX ERROR: 0x1810F07,
2026-07-14T15:47:12.799730+00:00,96.810237,rx_error,,,,,,,,,RX ERROR: 0x1810F07,
2026-07-14T15:47:12.908291+00:00,96.918798,valid,2736,911,2868904847,56185,41,hex,CAM,0202ab00038fdb79005a5811460e29efbf1ffffffc2246cd1e00000fc0007ebfe9ed0737feebfff600,0202AB00038FDB79005A5811460E29EFBF1FFFFFFC2246CD1E00000FC0007EBFE9ED0737FEEBFFF600,
2026-07-14T15:47:13.010247+00:00,97.020751,valid,2736,912,2868904848,56285,41,hex,CAM,0202ab000390dbdd005a5811460e29efbf1ffffffc2246cd1e00000fc0007ebfe9ed0737feebfff600,0202AB000390DBDD005A5811460E29EFBF1FFFFFFC2246CD1E00000FC0007EBFE9ED0737FEEBFFF600,
2026-07-14T15:47:13.112246+00:00,97.122750,valid,2736,913,2868904849,56385,41,hex,CAM,0202ab000391dc41005a5811460e29efbf1ffffffc2246cd1e00000fc0007ebfe9ed0737feebfff600,0202AB000391DC41005A5811460E29EFBF1FFFFFFC2246CD1E00000FC0007EBFE9ED0737FEEBFFF600,
2026-07-14T15:47:13.214168+00:00,97.224671,valid,2736,914,2868904850,56485,41,hex,CAM,0202ab000392dca5005a5811460e29efbf1ffffffc2246cd1e00000fc0007ebfe9ed0737feebfff600,0202AB000392DCA5005A5811460E29EFBF1FFFFFFC2246CD1E00000FC0007EBFE9ED0737FEEBFFF600,
2026-07-14T15:47:13.306878+00:00,97.317382,valid,2736,915,2868904851,56585,41,hex,CAM,0202ab000393dd09005a5811460e29efbf1ffffffc2246cd1e00000fc0007ebfe9ed0737feebfff600,0202AB000393DD09005A5811460E29EFBF1FFFFFFC2246CD1E00000FC0007EBFE9ED0737FEEBFFF600,
2026-07-14T15:47:13.408307+00:00,97.418811,valid,2736,916,2868904852,56685,41,hex,CAM,0202ab000394dd6d005a5811460e29efbf1ffffffc2246cd1e00000fc0007ebfe9ed0737feebfff600,0202AB000394DD6D005A5811460E29EFBF1FFFFFFC2246CD1E00000FC0007EBFE9ED0737FEEBFFF600,
2026-07-14T15:47:13.510998+00:00,97.521520,valid,2736,917,2868904853,56785,41,hex,CAM,0202ab000395ddd1005a5811460e29efbf1ffffffc2246cd1e00000fc0007ebfe9ed0737feebfff600,0202AB000395DDD1005A5811460E29EFBF1FFFFFFC2246CD1E00000FC0007EBFE9ED0737FEEBFFF600,
2026-07-14T15:47:13.613728+00:00,97.624246,valid,2736,918,2868904854,56885,41,hex,CAM,0202ab000396de35005a5811460e29efbf1ffffffc2246cd1e00000fc0007ebfe9ed0737feebfff600,0202AB000396DE35005A5811460E29EFBF1FFFFFFC2246CD1E00000FC0007EBFE9ED0737FEEBFFF600,
2026-07-14T15:47:13.707977+00:00,97.718496,rx_error,,,,,,,,,RX ERROR: 0x180AF07,
2026-07-14T15:47:13.799617+00:00,97.810131,rx_error,,,,,,,,,RX ERROR: 0x1810F07,
2026-07-14T15:47:13.908269+00:00,97.918774,valid,2736,921,2868904857,57185,41,hex,CAM,0202ab000399df61005a5811460e29efbf1ffffffc2246cd1e00000fc0007ebfe9ed0737feebfff600,0202AB000399DF61005A5811460E29EFBF1FFFFFFC2246CD1E00000FC0007EBFE9ED0737FEEBFFF600,
2026-07-14T15:47:14.010210+00:00,98.020715,valid,2736,922,2868904858,57285,41,hex,CAM,0202ab00039adfc5005a5811460e29efbf1ffffffc2246cd1e00000fc0007ebfe9ed0737feebfff600,0202AB00039ADFC5005A5811460E29EFBF1FFFFFFC2246CD1E00000FC0007EBFE9ED0737FEEBFFF600,
2026-07-14T15:47:14.112185+00:00,98.122690,valid,2736,923,2868904859,57385,41,hex,CAM,0202ab00039be029005a5811460e29efbf1ffffffc2246cd1e00000fc0007ebfe9ed0737feebfff600,0202AB00039BE029005A5811460E29EFBF1FFFFFFC2246CD1E00000FC0007EBFE9ED0737FEEBFFF600,
2026-07-14T15:47:14.207635+00:00,98.218251,rx_error,,,,,,,,,RX ERROR: 0x1810F07,
2026-07-14T15:47:14.306193+00:00,98.316697,valid,2736,925,2868904861,57585,41,hex,CAM,0202ab00039de0f1005a5811460e29efbf1ffffffc2246cd1e00000fc0007ebfe9ed0737feebfff600,0202AB00039DE0F1005A5811460E29EFBF1FFFFFFC2246CD1E00000FC0007EBFE9ED0737FEEBFFF600,
2026-07-14T15:47:14.408492+00:00,98.419000,valid,2736,926,2868904862,57685,41,hex,CAM,0202ab00039ee155005a5811460e29efbf1ffffffc2246cd1e00000fc0007ebfe9ed0737feebfff600,0202AB00039EE155005A5811460E29EFBF1FFFFFFC2246CD1E00000FC0007EBFE9ED0737FEEBFFF600,
2026-07-14T15:47:14.511877+00:00,98.522399,valid,2736,927,2868904863,57785,41,hex,CAM,0202ab00039fe1b9005a5811460e29efbf1ffffffc2246cd1e00000fc0007ebfe9ed0737feebfff600,0202AB00039FE1B9005A5811460E29EFBF1FFFFFFC2246CD1E00000FC0007EBFE9ED0737FEEBFFF600,
2026-07-14T15:47:14.613691+00:00,98.624209,valid,2736,928,2868904864,57885,41,hex,CAM,0202ab0003a0e21d005a5811460e29efbf1ffffffc2246cd1e00000fc0007ebfe9ed0737feebfff600,0202AB0003A0E21D005A5811460E29EFBF1FFFFFFC2246CD1E00000FC0007EBFE9ED0737FEEBFFF600,
2026-07-14T15:47:14.715758+00:00,98.726275,valid,2736,929,2868904865,57985,41,hex,CAM,0202ab0003a1e281005a5811460e29efbf1ffffffc2246cd1e00000fc0007ebfe9ed0737feebfff600,0202AB0003A1E281005A5811460E29EFBF1FFFFFFC2246CD1E00000FC0007EBFE9ED0737FEEBFFF600,
2026-07-14T15:47:14.800098+00:00,98.810615,rx_error,,,,,,,,,RX ERROR: 0x1810F07,
2026-07-14T15:47:14.909002+00:00,98.919524,valid,2736,931,2868904867,58185,41,hex,CAM,0202ab0003a3e349005a5811460e29efbf1ffffffc2246cd1e00000fc0007ebfe9ed0737feebfff600,0202AB0003A3E349005A5811460E29EFBF1FFFFFFC2246CD1E00000FC0007EBFE9ED0737FEEBFFF600,
2026-07-14T15:47:15.010198+00:00,99.020703,valid,2736,932,2868904868,58285,41,hex,CAM,0202ab0003a4e3ad005a5811460e29efbf1ffffffc2246cd1e00000fc0007ebfe9ed0737feebfff600,0202AB0003A4E3AD005A5811460E29EFBF1FFFFFFC2246CD1E00000FC0007EBFE9ED0737FEEBFFF600,
2026-07-14T15:47:15.112249+00:00,99.122753,valid,2736,933,2868904869,58385,41,hex,CAM,0202ab0003a5e411005a5811460e29efbf1ffffffc2246cd1e00000fc0007ebfe9ed0737feebfff600,0202AB0003A5E411005A5811460E29EFBF1FFFFFFC2246CD1E00000FC0007EBFE9ED0737FEEBFFF600,
2026-07-14T15:47:15.214257+00:00,99.224762,valid,2736,934,2868904870,58485,41,hex,CAM,0202ab0003a6e475005a5811460e29efbf1ffffffc2246cd1e00000fc0007ebfe9ed0737feebfff600,0202AB0003A6E475005A5811460E29EFBF1FFFFFFC2246CD1E00000FC0007EBFE9ED0737FEEBFFF600,
2026-07-14T15:47:15.306257+00:00,99.316766,valid,2736,935,2868904871,58585,41,hex,CAM,0202ab0003a7e4d9005a5811460e29efbf1ffffffc2246cd1e00000fc0007ebfe9ed0737feebfff600,0202AB0003A7E4D9005A5811460E29EFBF1FFFFFFC2246CD1E00000FC0007EBFE9ED0737FEEBFFF600,
2026-07-14T15:47:15.408303+00:00,99.418807,valid,2736,936,2868904872,58685,41,hex,CAM,0202ab0003a8e53d005a5811460e29efbf1ffffffc2246cd1e00000fc0007ebfe9ed0737feebfff600,0202AB0003A8E53D005A5811460E29EFBF1FFFFFFC2246CD1E00000FC0007EBFE9ED0737FEEBFFF600,
2026-07-14T15:47:15.510144+00:00,99.520646,valid,2736,937,2868904873,58785,41,hex,CAM,0202ab0003a9e5a1005a5811460e29efbf1ffffffc2246cd1e00000fc0007ebfe9ed0737feebfff600,0202AB0003A9E5A1005A5811460E29EFBF1FFFFFFC2246CD1E00000FC0007EBFE9ED0737FEEBFFF600,
2026-07-14T15:47:15.612180+00:00,99.622684,valid,2736,938,2868904874,58885,41,hex,CAM,0202ab0003aae605005a5811460e29efbf1ffffffc2246cd1e00000fc0007ebfe9ed0737feebfff600,0202AB0003AAE605005A5811460E29EFBF1FFFFFFC2246CD1E00000FC0007EBFE9ED0737FEEBFFF600,
2026-07-14T15:47:15.714335+00:00,99.724839,valid,2736,939,2868904875,58985,41,hex,CAM,0202ab0003abe669005a5811460e29efbf1ffffffc2246cd1e00000fc0007ebfe9ed0737feebfff600,0202AB0003ABE669005A5811460E29EFBF1FFFFFFC2246CD1E00000FC0007EBFE9ED0737FEEBFFF600,
2026-07-14T15:47:15.806285+00:00,99.816790,valid,2736,940,2868904876,59085,41,hex,CAM,0202ab0003ace6cd005a5811460e29efbf1ffffffc2246cd1e00000fc0007ebfe9ed0737feebfff600,0202AB0003ACE6CD005A5811460E29EFBF1FFFFFFC2246CD1E00000FC0007EBFE9ED0737FEEBFFF600,
2026-07-14T15:47:15.901638+00:00,99.912146,rx_error,,,,,,,,,RX ERROR: 0x1810F07,
2026-07-14T15:47:16.010257+00:00,100.020761,valid,2736,942,2868904878,59285,41,hex,CAM,0202ab0003aee795005a5811460e29efbf1ffffffc2246cd1e00000fc0007ebfe9ed0737feebfff600,0202AB0003AEE795005A5811460E29EFBF1FFFFFFC2246CD1E00000FC0007EBFE9ED0737FEEBFFF600,
2026-07-14T15:47:16.112250+00:00,100.122755,valid,2736,943,2868904879,59385,41,hex,CAM,0202ab0003afe7f9005a5811460e29efbf1ffffffc2246cd1e00000fc0007ebfe9ed0737feebfff600,0202AB0003AFE7F9005A5811460E29EFBF1FFFFFFC2246CD1E00000FC0007EBFE9ED0737FEEBFFF600,
2026-07-14T15:47:16.214163+00:00,100.224667,valid,2736,944,2868904880,59485,41,hex,CAM,0202ab0003b0e85d005a5811460e29efbf1ffffffc2246cd1e00000fc0007ebfe9ed0737feebfff600,0202AB0003B0E85D005A5811460E29EFBF1FFFFFFC2246CD1E00000FC0007EBFE9ED0737FEEBFFF600,
2026-07-14T15:47:16.306185+00:00,100.316689,valid,2736,945,2868904881,59585,41,hex,CAM,0202ab0003b1e8c1005a5811460e29efbf1ffffffc2246cd1e00000fc0007ebfe9ed0737feebfff600,0202AB0003B1E8C1005A5811460E29EFBF1FFFFFFC2246CD1E00000FC0007EBFE9ED0737FEEBFFF600,
2026-07-14T15:47:16.408177+00:00,100.418683,valid,2736,946,2868904882,59685,41,hex,CAM,0202ab0003b2e925005a5811460e29efbf1ffffffc2246cd1e00000fc0007ebfe9ed0737feebfff600,0202AB0003B2E925005A5811460E29EFBF1FFFFFFC2246CD1E00000FC0007EBFE9ED0737FEEBFFF600,
2026-07-14T15:47:16.503615+00:00,100.514136,rx_error,,,,,,,,,RX ERROR: 0x1810F07,
2026-07-14T15:47:16.612270+00:00,100.622772,valid,2736,948,2868904884,59885,41,hex,CAM,0202ab0003b4e9ed005a5811460e29efbf1ffffffc2246cd1e00000fc0007ebfe9ed0737feebfff600,0202AB0003B4E9ED005A5811460E29EFBF1FFFFFFC2246CD1E00000FC0007EBFE9ED0737FEEBFFF600,
2026-07-14T15:47:16.713255+00:00,100.723741,valid,2736,949,2868904885,59985,41,hex,CAM,0202ab0003b5ea51005a5811460e29efbf1ffffffc2246cd1e00000fc0007ebfe9ed0737feebfff600,0202AB0003B5EA51005A5811460E29EFBF1FFFFFFC2246CD1E00000FC0007EBFE9ED0737FEEBFFF600,
2026-07-14T15:47:16.799757+00:00,100.810265,rx_error,,,,,,,,,RX ERROR: 0x1810F07,
2026-07-14T15:47:16.901724+00:00,100.912232,rx_error,,,,,,,,,RX ERROR: 0x1810F07,
2026-07-14T15:47:17.010303+00:00,101.020811,valid,2736,952,2868904888,60285,41,hex,CAM,0202ab0003b8eb7d005a5811460e29efbf1ffffffc2246cd1e00000fc0007ebfe9ed0737feebfff600,0202AB0003B8EB7D005A5811460E29EFBF1FFFFFFC2246CD1E00000FC0007EBFE9ED0737FEEBFFF600,
2026-07-14T15:47:17.113808+00:00,101.124326,valid,2736,953,2868904889,60385,41,hex,CAM,0202ab0003b9ebe1005a5811460e29efbf1ffffffc2246cd1e00000fc0007ebfe9ed0737feebfff600,0202AB0003B9EBE1005A5811460E29EFBF1FFFFFFC2246CD1E00000FC0007EBFE9ED0737FEEBFFF600,
2026-07-14T15:47:17.215940+00:00,101.226455,valid,2736,954,2868904890,60485,41,hex,CAM,0202ab0003baec45005a5811460e29efbf1ffffffc2246cd1e00000fc0007ebfe9ed0737feebfff600,0202AB0003BAEC45005A5811460E29EFBF1FFFFFFC2246CD1E00000FC0007EBFE9ED0737FEEBFFF600,
2026-07-14T15:47:17.299546+00:00,101.310039,rx_error,,,,,,,,,RX ERROR: 0x1810F07,
2026-07-14T15:47:17.409796+00:00,101.420313,valid,2736,956,2868904892,60685,41,hex,CAM,0202ab0003bced0d005a5811460e29efbf1ffffffc2246cd1e00000fc0007ebfe9ed0737feebfff600,0202AB0003BCED0D005A5811460E29EFBF1FFFFFFC2246CD1E00000FC0007EBFE9ED0737FEEBFFF600,
2026-07-14T15:47:17.510843+00:00,101.521349,valid,2736,957,2868904893,60785,41,hex,CAM,0202ab0003bded71005a5811460e29efbf1ffffffc2246cd1e00000fc0007ebfe9ed0737feebfff600,0202AB0003BDED71005A5811460E29EFBF1FFFFFFC2246CD1E00000FC0007EBFE9ED0737FEEBFFF600,
2026-07-14T15:47:17.612276+00:00,101.622780,valid,2736,958,2868904894,60885,41,hex,CAM,0202ab0003beedd5005a5811460e29efbf1ffffffc2246cd1e00000fc0007ebfe9ed0737feebfff600,0202AB0003BEEDD5005A5811460E29EFBF1FFFFFFC2246CD1E00000FC0007EBFE9ED0737FEEBFFF600,
2026-07-14T15:47:17.714205+00:00,101.724709,valid,2736,959,2868904895,60985,41,hex,CAM,0202ab0003bfee39005a5811460e29efbf1ffffffc2246cd1e00000fc0007ebfe9ed0737feebfff600,0202AB0003BFEE39005A5811460E29EFBF1FFFFFFC2246CD1E00000FC0007EBFE9ED0737FEEBFFF600,
2026-07-14T15:47:17.806252+00:00,101.816755,valid,2736,960,2868904896,61085,41,hex,CAM,0202ab0003c0ee9d005a5811460e29efbf1ffffffc2246cd1e00000fc0007ebfe9ed0737feebfff600,0202AB0003C0EE9D005A5811460E29EFBF1FFFFFFC2246CD1E00000FC0007EBFE9ED0737FEEBFFF600,
2026-07-14T15:47:17.908318+00:00,101.918823,valid,2736,961,2868904897,61185,41,hex,CAM,0202ab0003c1ef01005a5811460e29efbf1ffffffc2246cd1e00000fc0007ebfe9ed0737feebfff600,0202AB0003C1EF01005A5811460E29EFBF1FFFFFFC2246CD1E00000FC0007EBFE9ED0737FEEBFFF600,
2026-07-14T15:47:18.010291+00:00,102.020794,valid,2736,962,2868904898,61285,41,hex,CAM,0202ab0003c2ef65005a5811460e29efbf1ffffffc2246cd1e00000fc0007ebfe9ed0737feebfff600,0202AB0003C2EF65005A5811460E29EFBF1FFFFFFC2246CD1E00000FC0007EBFE9ED0737FEEBFFF600,
2026-07-14T15:47:18.112284+00:00,102.122788,valid,2736,963,2868904899,61385,41,hex,CAM,0202ab0003c3efc9005a5811460e29efbf1ffffffc2246cd1e00000fc0007ebfe9ed0737feebfff600,0202AB0003C3EFC9005A5811460E29EFBF1FFFFFFC2246CD1E00000FC0007EBFE9ED0737FEEBFFF600,
2026-07-14T15:47:18.214317+00:00,102.224821,valid,2736,964,2868904900,61485,41,hex,CAM,0202ab0003c4f02d005a5811460e29efbf1ffffffc2246cd1e00000fc0007ebfe9ed0737feebfff600,0202AB0003C4F02D005A5811460E29EFBF1FFFFFFC2246CD1E00000FC0007EBFE9ED0737FEEBFFF600,
2026-07-14T15:47:18.306151+00:00,102.316655,valid,2736,965,2868904901,61585,41,hex,CAM,0202ab0003c5f091005a5811460e29efbf1ffffffc2246cd1e00000fc0007ebfe9ed0737feebfff600,0202AB0003C5F091005A5811460E29EFBF1FFFFFFC2246CD1E00000FC0007EBFE9ED0737FEEBFFF600,
2026-07-14T15:47:18.408205+00:00,102.418710,valid,2736,966,2868904902,61685,41,hex,CAM,0202ab0003c6f0f5005a5811460e29efbf1ffffffc2246cd1e00000fc0007ebfe9ed0737feebfff600,0202AB0003C6F0F5005A5811460E29EFBF1FFFFFFC2246CD1E00000FC0007EBFE9ED0737FEEBFFF600,
2026-07-14T15:47:18.510279+00:00,102.520785,valid,2736,967,2868904903,61785,41,hex,CAM,0202ab0003c7f159005a5811460e29efbf1ffffffc2246cd1e00000fc0007ebfe9ed0737feebfff600,0202AB0003C7F159005A5811460E29EFBF1FFFFFFC2246CD1E00000FC0007EBFE9ED0737FEEBFFF600,
2026-07-14T15:47:18.605785+00:00,102.616295,rx_error,,,,,,,,,RX ERROR: 0x1810F07,
2026-07-14T15:47:18.707726+00:00,102.718233,rx_error,,,,,,,,,RX ERROR: 0x1810F07,
2026-07-14T15:47:18.806222+00:00,102.816726,valid,2736,970,2868904906,62085,41,hex,CAM,0202ab0003caf285005a5811460e29efbf1ffffffc2246cd1e00000fc0007ebfe9ed0737feebfff600,0202AB0003CAF285005A5811460E29EFBF1FFFFFFC2246CD1E00000FC0007EBFE9ED0737FEEBFFF600,
2026-07-14T15:47:18.908259+00:00,102.918764,valid,2736,971,2868904907,62185,41,hex,CAM,0202ab0003cbf2e9005a5811460e29efbf1ffffffc2246cd1e00000fc0007ebfe9ed0737feebfff600,0202AB0003CBF2E9005A5811460E29EFBF1FFFFFFC2246CD1E00000FC0007EBFE9ED0737FEEBFFF600,
2026-07-14T15:47:19.010290+00:00,103.020795,valid,2736,972,2868904908,62285,41,hex,CAM,0202ab0003ccf34d005a5811460e29efbf1ffffffc2246cd1e00000fc0007ebfe9ed0737feebfff600,0202AB0003CCF34D005A5811460E29EFBF1FFFFFFC2246CD1E00000FC0007EBFE9ED0737FEEBFFF600,
2026-07-14T15:47:19.112338+00:00,103.122842,valid,2736,973,2868904909,62385,41,hex,CAM,0202ab0003cdf3b1005a5811460e29efbf1ffffffc2246cd1e00000fc0007ebfe9ed0737feebfff600,0202AB0003CDF3B1005A5811460E29EFBF1FFFFFFC2246CD1E00000FC0007EBFE9ED0737FEEBFFF600,
2026-07-14T15:47:19.214242+00:00,103.224745,valid,2736,974,2868904910,62485,41,hex,CAM,0202ab0003cef415005a5811460e29efbf1ffffffc2246cd1e00000fc0007ebfe9ed0737feebfff600,0202AB0003CEF415005A5811460E29EFBF1FFFFFFC2246CD1E00000FC0007EBFE9ED0737FEEBFFF600,
2026-07-14T15:47:19.299695+00:00,103.310200,rx_error,,,,,,,,,RX ERROR: 0x1810F07,
2026-07-14T15:47:19.401616+00:00,103.412135,rx_error,,,,,,,,,RX ERROR: 0x1810F07,
2026-07-14T15:47:19.510361+00:00,103.520866,valid,2736,977,2868904913,62785,41,hex,CAM,0202ab0003d1f541005a5811460e29efbf1ffffffc2246cd1e00000fc0007ebfe9ed0737feebfff600,0202AB0003D1F541005A5811460E29EFBF1FFFFFFC2246CD1E00000FC0007EBFE9ED0737FEEBFFF600,
2026-07-14T15:47:19.612333+00:00,103.622837,valid,2736,978,2868904914,62885,41,hex,CAM,0202ab0003d2f5a5005a5811460e29efbf1ffffffc2246cd1e00000fc0007ebfe9ed0737feebfff600,0202AB0003D2F5A5005A5811460E29EFBF1FFFFFFC2246CD1E00000FC0007EBFE9ED0737FEEBFFF600,
2026-07-14T15:47:19.707735+00:00,103.718242,rx_error,,,,,,,,,RX ERROR: 0x1810F07,
2026-07-14T15:47:19.806297+00:00,103.816802,valid,2736,980,2868904916,63085,41,hex,CAM,0202ab0003d4f66d005a5811460e29efbf1ffffffc2246cd1e00000fc0007ebfe9ed0737feebfff600,0202AB0003D4F66D005A5811460E29EFBF1FFFFFFC2246CD1E00000FC0007EBFE9ED0737FEEBFFF600,
2026-07-14T15:47:19.901757+00:00,103.912267,rx_error,,,,,,,,,RX ERROR: 0x1810F07,
2026-07-14T15:47:20.010241+00:00,104.020746,valid,2736,982,2868904918,63285,41,hex,CAM,0202ab0003d6f735005a5811460e29efbf1ffffffc2246cd1e00000fc0007ebfe9ed0737feebfff600,0202AB0003D6F735005A5811460E29EFBF1FFFFFFC2246CD1E00000FC0007EBFE9ED0737FEEBFFF600,
2026-07-14T15:47:20.113812+00:00,104.124327,valid,2736,983,2868904919,63385,41,hex,CAM,0202ab0003d7f799005a5811460e29efbf1ffffffc2246cd1e00000fc0007ebfe9ed0737feebfff600,0202AB0003D7F799005A5811460E29EFBF1FFFFFFC2246CD1E00000FC0007EBFE9ED0737FEEBFFF600,
2026-07-14T15:47:20.215928+00:00,104.226448,valid,2736,984,2868904920,63485,41,hex,CAM,0202ab0003d8f7fd005a5811460e29efbf1ffffffc2246cd1e00000fc0007ebfe9ed0737feebfff600,0202AB0003D8F7FD005A5811460E29EFBF1FFFFFFC2246CD1E00000FC0007EBFE9ED0737FEEBFFF600,
2026-07-14T15:47:20.307803+00:00,104.318319,valid,2736,985,2868904921,63585,41,hex,CAM,0202ab0003d9f861005a5811460e29efbf1ffffffc2246cd1e00000fc0007ebfe9ed0737feebfff600,0202AB0003D9F861005A5811460E29EFBF1FFFFFFC2246CD1E00000FC0007EBFE9ED0737FEEBFFF600,
2026-07-14T15:47:20.401731+00:00,104.412228,rx_error,,,,,,,,,RX ERROR: 0x1810F07,
2026-07-14T15:47:20.511753+00:00,104.522271,valid,2736,987,2868904923,63785,41,hex,CAM,0202ab0003dbf929005a5811460e29efbf1ffffffc2246cd1e00000fc0007ebfe9ed0737feebfff600,0202AB0003DBF929005A5811460E29EFBF1FFFFFFC2246CD1E00000FC0007EBFE9ED0737FEEBFFF600,
2026-07-14T15:47:20.612842+00:00,104.623357,valid,2736,988,2868904924,63885,41,hex,CAM,0202ab0003dcf98d005a5811460e29efbf1ffffffc2246cd1e00000fc0007ebfe9ed0737feebfff600,0202AB0003DCF98D005A5811460E29EFBF1FFFFFFC2246CD1E00000FC0007EBFE9ED0737FEEBFFF600,
2026-07-14T15:47:20.714235+00:00,104.724741,valid,2736,989,2868904925,63985,41,hex,CAM,0202ab0003ddf9f1005a5811460e29efbf1ffffffc2246cd1e00000fc0007ebfe9ed0737feebfff600,0202AB0003DDF9F1005A5811460E29EFBF1FFFFFFC2246CD1E00000FC0007EBFE9ED0737FEEBFFF600,
2026-07-14T15:47:20.799625+00:00,104.810146,rx_error,,,,,,,,,RX ERROR: 0x1810F07,
2026-07-14T15:47:20.908249+00:00,104.918755,valid,2736,991,2868904927,64185,41,hex,CAM,0202ab0003dffab9005a5811460e29efbf1ffffffc2246cd1e00000fc0007ebfe9ed0737feebfff600,0202AB0003DFFAB9005A5811460E29EFBF1FFFFFFC2246CD1E00000FC0007EBFE9ED0737FEEBFFF600,
2026-07-14T15:47:21.009770+00:00,105.020265,valid,2736,992,2868904928,64285,41,hex,CAM,0202ab0003e0fb1d005a5811460e29efbf1ffffffc2246cd1e00000fc0007ebfe9ed0737feebfff600,0202AB0003E0FB1D005A5811460E29EFBF1FFFFFFC2246CD1E00000FC0007EBFE9ED0737FEEBFFF600,
2026-07-14T15:47:21.112269+00:00,105.122774,valid,2736,993,2868904929,64385,41,hex,CAM,0202ab0003e1fb81005a5811460e29efbf1ffffffc2246cd1e00000fc0007ebfe9ed0737feebfff600,0202AB0003E1FB81005A5811460E29EFBF1FFFFFFC2246CD1E00000FC0007EBFE9ED0737FEEBFFF600,
2026-07-14T15:47:21.214240+00:00,105.224744,valid,2736,994,2868904930,64485,41,hex,CAM,0202ab0003e2fbe5005a5811460e29efbf1ffffffc2246cd1e00000fc0007ebfe9ed0737feebfff600,0202AB0003E2FBE5005A5811460E29EFBF1FFFFFFC2246CD1E00000FC0007EBFE9ED0737FEEBFFF600,
2026-07-14T15:47:21.299667+00:00,105.310174,rx_error,,,,,,,,,RX ERROR: 0x1810F07,
2026-07-14T15:47:21.401645+00:00,105.412155,rx_error,,,,,,,,,RX ERROR: 0x1810F07,
2026-07-14T15:47:21.510418+00:00,105.520921,valid,2736,997,2868904933,64785,41,hex,CAM,0202ab0003e5fd11005a5811460e29efbf1ffffffc2246cd1e00000fc0007ebfe9ed0737feebfff600,0202AB0003E5FD11005A5811460E29EFBF1FFFFFFC2246CD1E00000FC0007EBFE9ED0737FEEBFFF600,
2026-07-14T15:47:21.612766+00:00,105.623269,valid,2736,998,2868904934,64885,41,hex,CAM,0202ab0003e6fd75005a5811460e29efbf1ffffffc2246cd1e00000fc0007ebfe9ed0737feebfff600,0202AB0003E6FD75005A5811460E29EFBF1FFFFFFC2246CD1E00000FC0007EBFE9ED0737FEEBFFF600,
2026-07-14T15:47:21.707833+00:00,105.718346,rx_error,,,,,,,,,RX ERROR: 0x1810F07,
2026-07-14T15:47:21.806305+00:00,105.816813,valid,2736,1000,2868904936,65085,41,hex,CAM,0202ab0003e8fe3d005a5811460e29efbf1ffffffc2246cd1e00000fc0007ebfe9ed0737feebfff600,0202AB0003E8FE3D005A5811460E29EFBF1FFFFFFC2246CD1E00000FC0007EBFE9ED0737FEEBFFF600,
