test_id,rate_hz,seq,station_id,sent_at,elapsed_s,generation_delta_time,payload_bytes,raw_hex,tx_ok,tx_ack,tx_latency_ms,serial_error
2732,10,1,2864709633,2026-07-14T15:30:13.278446+00:00,0.000376,19614,41,0202aac000014c9e005a5811460e29efbf1ffffffc2246cd1e00000fc0007ebfe9ed0737feebfff600,1,TX 41 seq=18547 rx_latency=1ms tx_dur=1ms,23.102,
2732,10,2,2864709634,2026-07-14T15:30:19.298477+00:00,6.020315,25634,41,0202aac000026422005a5811460e29efbf1ffffffc2246cd1e00000fc0007ebfe9ed0737feebfff600,1,TX 41 seq=18548 rx_latency=1ms tx_dur=1ms,21.926,
2732,10,3,2864709635,2026-07-14T15:30:19.320758+00:00,6.042579,25656,41,0202aac000036438005a5811460e29efbf1ffffffc2246cd1e00000fc0007ebfe9ed0737feebfff600,1,TX 41 seq=18549 rx_latency=1ms tx_dur=1ms,22.310,
2732,10,4,2864709636,2026-07-14T15:30:19.343345+00:00,6.065165,25679,41,0202aac00004644f005a5811460e29efbf1ffffffc2246cd1e00000fc0007ebfe9ed0737feebfff600,1,TX 41 seq=18550 rx_latency=1ms tx_dur=1ms,21.040,
2732,10,5,2864709637,2026-07-14T15:30:19.364657+00:00,6.086476,25700,41,0202aac000056464005a5811460e29efbf1ffffffc2246cd1e00000fc0007ebfe9ed0737feebfff600,1,TX 41 seq=18551 rx_latency=1ms tx_dur=1ms,21.387,
2732,10,6,2864709638,2026-07-14T15:30:19.386304+00:00,6.108123,25722,41,0202aac00006647a005a5811460e29efbf1ffffffc2246cd1e00000fc0007ebfe9ed0737feebfff600,1,TX 41 seq=18552 rx_latency=1ms tx_dur=1ms,22.167,
2732,10,7,2864709639,2026-07-14T15:30:19.408725+00:00,6.130542,25744,41,0202aac000076490005a5811460e29efbf1ffffffc2246cd1e00000fc0007ebfe9ed0737feebfff600,1,TX 41 seq=18553 rx_latency=1ms tx_dur=1ms,22.324,
2732,10,8,2864709640,2026-07-14T15:30:19.431295+00:00,6.153112,25767,41,0202aac0000864a7005a5811460e29efbf1ffffffc2246cd1e00000fc0007ebfe9ed0737feebfff600,1,TX 41 seq=18554 rx_latency=1ms tx_dur=1ms,21.122,
2732,10,9,2864709641,2026-07-14T15:30:19.452668+00:00,6.174486,25788,41,0202aac0000964bc005a5811460e29efbf1ffffffc2246cd1e00000fc0007ebfe9ed0737feebfff600,1,TX 41 seq=18555 rx_latency=1ms tx_dur=1ms,21.383,
2732,10,10,2864709642,2026-07-14T15:30:19.474301+00:00,6.196118,25810,41,0202aac0000a64d2005a5811460e29efbf1ffffffc2246cd1e00000fc0007ebfe9ed0737feebfff600,1,TX 41 seq=18556 rx_latency=1ms tx_dur=1ms,22.188,
2732,10,11,2864709643,2026-07-14T15:30:19.496738+00:00,6.218555,25832,41,0202aac0000b64e8005a5811460e29efbf1ffffffc2246cd1e00000fc0007ebfe9ed0737feebfff600,1,TX 41 seq=18557 rx_latency=1ms tx_dur=1ms,22.317,
2732,10,12,2864709644,2026-07-14T15:30:19.519304+00:00,6.241121,25855,41,0202aac0000c64ff005a5811460e29efbf1ffffffc2246cd1e00000fc0007ebfe9ed0737feebfff600,1,TX 41 seq=18558 rx_latency=1ms tx_dur=1ms,21.136,
2732,10,13,2864709645,2026-07-14T15:30:19.540726+00:00,6.262555,25876,41,0202aac0000d6514005a5811460e29efbf1ffffffc2246cd1e00000fc0007ebfe9ed0737feebfff600,1,TX 41 seq=18559 rx_latency=1ms tx_dur=1ms,21.290,
2732,10,14,2864709646,2026-07-14T15:30:19.562357+00:00,6.284181,25898,41,0202aac0000e652a005a5811460e29efbf1ffffffc2246cd1e00000fc0007ebfe9ed0737feebfff600,1,TX 41 seq=18560 rx_latency=1ms tx_dur=1ms,22.122,
2732,10,15,2864709647,2026-07-14T15:30:19.584760+00:00,6.306580,25920,41,0202aac0000f6540005a5811460e29efbf1ffffffc2246cd1e00000fc0007ebfe9ed0737feebfff600,1,TX 41 seq=18561 rx_latency=1ms tx_dur=1ms,22.295,
2732,10,16,2864709648,2026-07-14T15:30:19.607317+00:00,6.329134,25943,41,0202aac000106557005a5811460e29efbf1ffffffc2246cd1e00000fc0007ebfe9ed0737feebfff600,1,TX 41 seq=18562 rx_latency=1ms tx_dur=1ms,21.111,
2732,10,17,2864709649,2026-07-14T15:30:19.628677+00:00,6.350494,25964,41,0202aac00011656c005a5811460e29efbf1ffffffc2246cd1e00000fc0007ebfe9ed0737feebfff600,1,TX 41 seq=18563 rx_latency=1ms tx_dur=1ms,21.435,
2732,10,18,2864709650,2026-07-14T15:30:19.650392+00:00,6.372221,25986,41,0202aac000126582005a5811460e29efbf1ffffffc2246cd1e00000fc0007ebfe9ed0737feebfff600,1,TX 41 seq=18564 rx_latency=1ms tx_dur=1ms,22.132,
2732,10,19,2864709651,2026-07-14T15:30:19.672890+00:00,6.394724,26008,41,0202aac000136598005a5811460e29efbf1ffffffc2246cd1e00000fc0007ebfe9ed0737feebfff600,1,TX 41 seq=18565 rx_latency=1ms tx_dur=1ms,22.111,
2732,10,20,2864709652,2026-07-14T15:30:19.695349+00:00,6.417170,26031,41,0202aac0001465af005a5811460e29efbf1ffffffc2246cd1e00000fc0007ebfe9ed0737feebfff600,1,TX 41 seq=18566 rx_latency=1ms tx_dur=1ms,21.083,
2732,10,21,2864709653,2026-07-14T15:30:19.716721+00:00,6.438542,26052,41,0202aac0001565c4005a5811460e29efbf1ffffffc2246cd1e00000fc0007ebfe9ed0737feebfff600,1,TX 41 seq=18567 rx_latency=1ms tx_dur=1ms,21.363,
2732,10,22,2864709654,2026-07-14T15:30:19.738358+00:00,6.460180,26074,41,0202aac0001665da005a5811460e29efbf1ffffffc2246cd1e00000fc0007ebfe9ed0737feebfff600,1,TX 41 seq=18568 rx_latency=1ms tx_dur=1ms,22.144,
2732,10,23,2864709655,2026-07-14T15:30:19.760769+00:00,6.482588,26096,41,0202aac0001765f0005a5811460e29efbf1ffffffc2246cd1e00000fc0007ebfe9ed0737feebfff600,1,TX 41 seq=18569 rx_latency=1ms tx_dur=1ms,22.315,
2732,10,24,2864709656,2026-07-14T15:30:19.783343+00:00,6.505162,26119,41,0202aac000186607005a5811460e29efbf1ffffffc2246cd1e00000fc0007ebfe9ed0737feebfff600,1,TX 41 seq=18570 rx_latency=1ms tx_dur=1ms,21.113,
2732,10,25,2864709657,2026-07-14T15:30:19.804705+00:00,6.526523,26140,41,0202aac00019661c005a5811460e29efbf1ffffffc2246cd1e00000fc0007ebfe9ed0737feebfff600,1,TX 41 seq=18571 rx_latency=1ms tx_dur=1ms,21.392,
2732,10,26,2864709658,2026-07-14T15:30:19.826343+00:00,6.548161,26162,41,0202aac0001a6632005a5811460e29efbf1ffffffc2246cd1e00000fc0007ebfe9ed0737feebfff600,1,TX 41 seq=18572 rx_latency=1ms tx_dur=1ms,22.189,
2732,10,27,2864709659,2026-07-14T15:30:19.848777+00:00,6.570594,26184,41,0202aac0001b6648005a5811460e29efbf1ffffffc2246cd1e00000fc0007ebfe9ed0737feebfff600,1,TX 41 seq=18573 rx_latency=1ms tx_dur=1ms,21.847,
2732,10,28,2864709660,2026-07-14T15:30:19.870881+00:00,6.592700,26206,41,0202aac0001c665e005a5811460e29efbf1ffffffc2246cd1e00000fc0007ebfe9ed0737feebfff600,1,TX 41 seq=18574 rx_latency=1ms tx_dur=1ms,21.647,
2732,10,29,2864709661,2026-07-14T15:30:19.892786+00:00,6.614603,26228,41,0202aac0001d6674005a5811460e29efbf1ffffffc2246cd1e00000fc0007ebfe9ed0737feebfff600,1,TX 41 seq=18575 rx_latency=1ms tx_dur=1ms,21.715,
2732,10,30,2864709662,2026-07-14T15:30:19.914745+00:00,6.636561,26250,41,0202aac0001e668a005a5811460e29efbf1ffffffc2246cd1e00000fc0007ebfe9ed0737feebfff600,1,TX 41 seq=18576 rx_latency=1ms tx_dur=1ms,21.678,
2732,10,31,2864709663,2026-07-14T15:30:19.936662+00:00,6.658479,26272,41,0202aac0001f66a0005a5811460e29efbf1ffffffc2246cd1e00000fc0007ebfe9ed0737feebfff600,1,TX 41 seq=18577 rx_latency=1ms tx_dur=1ms,22.364,
2732,10,32,2864709664,2026-07-14T15:30:19.959309+00:00,6.681137,26295,41,0202aac0002066b7005a5811460e29efbf1ffffffc2246cd1e00000fc0007ebfe9ed0737feebfff600,1,TX 41 seq=18578 rx_latency=1ms tx_dur=1ms,21.010,
2732,10,33,2864709665,2026-07-14T15:30:19.980631+00:00,6.702451,26316,41,0202aac0002166cc005a5811460e29efbf1ffffffc2246cd1e00000fc0007ebfe9ed0737feebfff600,1,TX 41 seq=18579 rx_latency=1ms tx_dur=1ms,22.432,
2732,10,34,2864709666,2026-07-14T15:30:20.003326+00:00,6.725145,26339,41,0202aac0002266e3005a5811460e29efbf1ffffffc2246cd1e00000fc0007ebfe9ed0737feebfff600,1,TX 41 seq=18580 rx_latency=1ms tx_dur=1ms,21.095,
2732,10,35,2864709667,2026-07-14T15:30:20.024677+00:00,6.746495,26360,41,0202aac0002366f8005a5811460e29efbf1ffffffc2246cd1e00000fc0007ebfe9ed0737feebfff600,1,TX 41 seq=18581 rx_latency=1ms tx_dur=1ms,22.338,
2732,10,36,2864709668,2026-07-14T15:30:20.047278+00:00,6.769098,26383,41,0202aac00024670f005a5811460e29efbf1ffffffc2246cd1e00000fc0007ebfe9ed0737feebfff600,1,TX 41 seq=18582 rx_latency=1ms tx_dur=1ms,21.077,
2732,10,37,2864709669,2026-07-14T15:30:20.068619+00:00,6.790437,26404,41,0202aac000256724005a5811460e29efbf1ffffffc2246cd1e00000fc0007ebfe9ed0737feebfff600,1,TX 41 seq=18583 rx_latency=1ms tx_dur=1ms,22.455,
2732,10,38,2864709670,2026-07-14T15:30:20.091324+00:00,6.813142,26427,41,0202aac00026673b005a5811460e29efbf1ffffffc2246cd1e00000fc0007ebfe9ed0737feebfff600,1,TX 41 seq=18584 rx_latency=1ms tx_dur=1ms,21.116,
2732,10,39,2864709671,2026-07-14T15:30:20.112685+00:00,6.834502,26448,41,0202aac000276750005a5811460e29efbf1ffffffc2246cd1e00000fc0007ebfe9ed0737feebfff600,1,TX 41 seq=18585 rx_latency=1ms tx_dur=1ms,22.340,
2732,10,40,2864709672,2026-07-14T15:30:20.135301+00:00,6.857119,26471,41,0202aac000286767005a5811460e29efbf1ffffffc2246cd1e00000fc0007ebfe9ed0737feebfff600,1,TX 41 seq=18586 rx_latency=1ms tx_dur=1ms,21.070,
2732,10,41,2864709673,2026-07-14T15:30:20.156626+00:00,6.878443,26492,41,0202aac00029677c005a5811460e29efbf1ffffffc2246cd1e00000fc0007ebfe9ed0737feebfff600,1,TX 41 seq=18587 rx_latency=1ms tx_dur=1ms,22.461,
2732,10,42,2864709674,2026-07-14T15:30:20.179331+00:00,6.901147,26515,41,0202aac0002a6793005a5811460e29efbf1ffffffc2246cd1e00000fc0007ebfe9ed0737feebfff600,1,TX 41 seq=18588 rx_latency=1ms tx_dur=1ms,21.123,
2732,10,43,2864709675,2026-07-14T15:30:20.200694+00:00,6.922512,26536,41,0202aac0002b67a8005a5811460e29efbf1ffffffc2246cd1e00000fc0007ebfe9ed0737feebfff600,1,TX 41 seq=18589 rx_latency=1ms tx_dur=1ms,22.331,
2732,10,44,2864709676,2026-07-14T15:30:20.223267+00:00,6.945083,26559,41,0202aac0002c67bf005a5811460e29efbf1ffffffc2246cd1e00000fc0007ebfe9ed0737feebfff600,1,TX 41 seq=18590 rx_latency=1ms tx_dur=1ms,21.123,
2732,10,45,2864709677,2026-07-14T15:30:20.244634+00:00,6.966450,26580,41,0202aac0002d67d4005a5811460e29efbf1ffffffc2246cd1e00000fc0007ebfe9ed0737feebfff600,1,TX 41 seq=18591 rx_latency=1ms tx_dur=1ms,21.401,
2732,10,46,2864709678,2026-07-14T15:30:20.266274+00:00,6.988091,26602,41,0202aac0002e67ea005a5811460e29efbf1ffffffc2246cd1e00000fc0007ebfe9ed0737feebfff600,1,TX 41 seq=18592 rx_latency=1ms tx_dur=1ms,22.194,
2732,10,47,2864709679,2026-07-14T15:30:20.288710+00:00,7.010527,26624,41,0202aac0002f6800005a5811460e29efbf1ffffffc2246cd1e00000fc0007ebfe9ed0737feebfff600,1,TX 41 seq=18593 rx_latency=1ms tx_dur=1ms,22.327,
2732,10,48,2864709680,2026-07-14T15:30:20.311280+00:00,7.033096,26647,41,0202aac000306817005a5811460e29efbf1ffffffc2246cd1e00000fc0007ebfe9ed0737feebfff600,1,TX 41 seq=18594 rx_latency=1ms tx_dur=1ms,21.126,
2732,10,49,2864709681,2026-07-14T15:30:20.332645+00:00,7.054461,26668,41,0202aac00031682c005a5811460e29efbf1ffffffc2246cd1e00000fc0007ebfe9ed0737feebfff600,1,TX 41 seq=18595 rx_latency=1ms tx_dur=1ms,21.401,
2732,10,50,2864709682,2026-07-14T15:30:20.354288+00:00,7.076105,26690,41,0202aac000326842005a5811460e29efbf1ffffffc2246cd1e00000fc0007ebfe9ed0737feebfff600,1,TX 41 seq=18596 rx_latency=1ms tx_dur=1ms,22.203,
2732,10,51,2864709683,2026-07-14T15:30:20.376737+00:00,7.098557,26712,41,0202aac000336858005a5811460e29efbf1ffffffc2246cd1e00000fc0007ebfe9ed0737feebfff600,1,TX 41 seq=18597 rx_latency=1ms tx_dur=1ms,22.287,
2732,10,52,2864709684,2026-07-14T15:30:20.399281+00:00,7.121099,26735,41,0202aac00034686f005a5811460e29efbf1ffffffc2246cd1e00000fc0007ebfe9ed0737feebfff600,1,TX 41 seq=18598 rx_latency=1ms tx_dur=1ms,21.129,
2732,10,53,2864709685,2026-07-14T15:30:20.420660+00:00,7.142477,26756,41,0202aac000356884005a5811460e29efbf1ffffffc2246cd1e00000fc0007ebfe9ed0737feebfff600,1,TX 41 seq=18599 rx_latency=1ms tx_dur=1ms,21.395,
2732,10,54,2864709686,2026-07-14T15:30:20.442298+00:00,7.164114,26778,41,0202aac00036689a005a5811460e29efbf1ffffffc2246cd1e00000fc0007ebfe9ed0737feebfff600,1,TX 41 seq=18600 rx_latency=1ms tx_dur=1ms,22.202,
2732,10,55,2864709687,2026-07-14T15:30:20.464753+00:00,7.186575,26800,41,0202aac0003768b0005a5811460e29efbf1ffffffc2246cd1e00000fc0007ebfe9ed0737feebfff600,1,TX 41 seq=18601 rx_latency=1ms tx_dur=1ms,22.290,
2732,10,56,2864709688,2026-07-14T15:30:20.487312+00:00,7.209130,26823,41,0202aac0003868c7005a5811460e29efbf1ffffffc2246cd1e00000fc0007ebfe9ed0737feebfff600,1,TX 41 seq=18602 rx_latency=1ms tx_dur=1ms,21.109,
2732,10,57,2864709689,2026-07-14T15:30:20.508671+00:00,7.230489,26844,41,0202aac0003968dc005a5811460e29efbf1ffffffc2246cd1e00000fc0007ebfe9ed0737feebfff600,1,TX 41 seq=18603 rx_latency=1ms tx_dur=1ms,21.392,
2732,10,58,2864709690,2026-07-14T15:30:20.530310+00:00,7.252127,26866,41,0202aac0003a68f2005a5811460e29efbf1ffffffc2246cd1e00000fc0007ebfe9ed0737feebfff600,1,TX 41 seq=18604 rx_latency=1ms tx_dur=1ms,22.191,
2732,10,59,2864709691,2026-07-14T15:30:20.552751+00:00,7.274568,26888,41,0202aac0003b6908005a5811460e29efbf1ffffffc2246cd1e00000fc0007ebfe9ed0737feebfff600,1,TX 41 seq=18605 rx_latency=1ms tx_dur=1ms,22.339,
2732,10,60,2864709692,2026-07-14T15:30:20.575381+00:00,7.297207,26911,41,0202aac0003c691f005a5811460e29efbf1ffffffc2246cd1e00000fc0007ebfe9ed0737feebfff600,1,TX 41 seq=18606 rx_latency=1ms tx_dur=1ms,21.015,
2732,10,61,2864709693,2026-07-14T15:30:20.596693+00:00,7.318512,26932,41,0202aac0003d6934005a5811460e29efbf1ffffffc2246cd1e00000fc0007ebfe9ed0737feebfff600,1,TX 41 seq=18607 rx_latency=1ms tx_dur=1ms,21.381,
2732,10,62,2864709694,2026-07-14T15:30:20.618326+00:00,7.340143,26954,41,0202aac0003e694a005a5811460e29efbf1ffffffc2246cd1e00000fc0007ebfe9ed0737feebfff600,1,TX 41 seq=18608 rx_latency=1ms tx_dur=1ms,22.185,
2732,10,63,2864709695,2026-07-14T15:30:20.640756+00:00,7.362573,26976,41,0202aac0003f6960005a5811460e29efbf1ffffffc2246cd1e00000fc0007ebfe9ed0737feebfff600,1,TX 41 seq=18609 rx_latency=1ms tx_dur=1ms,22.329,
2732,10,64,2864709696,2026-07-14T15:30:20.663327+00:00,7.385143,26999,41,0202aac000406977005a5811460e29efbf1ffffffc2246cd1e00000fc0007ebfe9ed0737feebfff600,1,TX 41 seq=18610 rx_latency=1ms tx_dur=1ms,21.121,
2732,10,65,2864709697,2026-07-14T15:30:20.684689+00:00,7.406505,27020,41,0202aac00041698c005a5811460e29efbf1ffffffc2246cd1e00000fc0007ebfe9ed0737feebfff600,1,TX 41 seq=18611 rx_latency=1ms tx_dur=1ms,21.404,
2732,10,66,2864709698,2026-07-14T15:30:20.706331+00:00,7.428147,27042,41,0202aac0004269a2005a5811460e29efbf1ffffffc2246cd1e00000fc0007ebfe9ed0737feebfff600,1,TX 41 seq=18612 rx_latency=1ms tx_dur=1ms,22.197,
2732,10,67,2864709699,2026-07-14T15:30:20.728766+00:00,7.450582,27064,41,0202aac0004369b8005a5811460e29efbf1ffffffc2246cd1e00000fc0007ebfe9ed0737feebfff600,1,TX 41 seq=18613 rx_latency=1ms tx_dur=1ms,22.336,
2732,10,68,2864709700,2026-07-14T15:30:20.751337+00:00,7.473153,27087,41,0202aac0004469cf005a5811460e29efbf1ffffffc2246cd1e00000fc0007ebfe9ed0737feebfff600,1,TX 41 seq=18614 rx_latency=1ms tx_dur=1ms,21.127,
2732,10,69,2864709701,2026-07-14T15:30:20.772701+00:00,7.494517,27108,41,0202aac0004569e4005a5811460e29efbf1ffffffc2246cd1e00000fc0007ebfe9ed0737feebfff600,1,TX 41 seq=18615 rx_latency=1ms tx_dur=1ms,21.405,
2732,10,70,2864709702,2026-07-14T15:30:20.794341+00:00,7.516157,27130,41,0202aac0004669fa005a5811460e29efbf1ffffffc2246cd1e00000fc0007ebfe9ed0737feebfff600,1,TX 41 seq=18616 rx_latency=1ms tx_dur=1ms,22.196,
2732,10,71,2864709703,2026-07-14T15:30:20.816775+00:00,7.538590,27152,41,0202aac000476a10005a5811460e29efbf1ffffffc2246cd1e00000fc0007ebfe9ed0737feebfff600,1,TX 41 seq=18617 rx_latency=1ms tx_dur=1ms,21.265,
2732,10,72,2864709704,2026-07-14T15:30:20.838278+00:00,7.560093,27174,41,0202aac000486a26005a5811460e29efbf1ffffffc2246cd1e00000fc0007ebfe9ed0737feebfff600,1,TX 41 seq=18618 rx_latency=1ms tx_dur=1ms,22.814,
2732,10,73,2864709705,2026-07-14T15:30:20.861326+00:00,7.583142,27197,41,0202aac000496a3d005a5811460e29efbf1ffffffc2246cd1e00000fc0007ebfe9ed0737feebfff600,1,TX 41 seq=18619 rx_latency=1ms tx_dur=1ms,21.540,
2732,10,74,2864709706,2026-07-14T15:30:20.883108+00:00,7.604926,27219,41,0202aac0004a6a53005a5811460e29efbf1ffffffc2246cd1e00000fc0007ebfe9ed0737feebfff600,1,TX 41 seq=18620 rx_latency=1ms tx_dur=1ms,21.118,
2732,10,75,2864709707,2026-07-14T15:30:20.904472+00:00,7.626288,27240,41,0202aac0004b6a68005a5811460e29efbf1ffffffc2246cd1e00000fc0007ebfe9ed0737feebfff600,1,TX 41 seq=18621 rx_latency=1ms tx_dur=1ms,22.465,
2732,10,76,2864709708,2026-07-14T15:30:20.927177+00:00,7.648992,27263,41,0202aac0004c6a7f005a5811460e29efbf1ffffffc2246cd1e00000fc0007ebfe9ed0737feebfff600,1,TX 41 seq=18622 rx_latency=1ms tx_dur=1ms,21.126,
2732,10,77,2864709709,2026-07-14T15:30:20.948543+00:00,7.670359,27284,41,0202aac0004d6a94005a5811460e29efbf1ffffffc2246cd1e00000fc0007ebfe9ed0737feebfff600,1,TX 41 seq=18623 rx_latency=1ms tx_dur=1ms,22.342,
2732,10,78,2864709710,2026-07-14T15:30:20.978268+00:00,7.700095,27314,41,0202aac0004e6ab2005a5811460e29efbf1ffffffc2246cd1e00000fc0007ebfe9ed0737feebfff600,1,TX 41 seq=18624 rx_latency=1ms tx_dur=1ms,14.460,
2732,10,79,2864709711,2026-07-14T15:30:21.078265+00:00,7.800087,27414,41,0202aac0004f6b16005a5811460e29efbf1ffffffc2246cd1e00000fc0007ebfe9ed0737feebfff600,1,TX 41 seq=18625 rx_latency=1ms tx_dur=1ms,16.124,
2732,10,80,2864709712,2026-07-14T15:30:21.178264+00:00,7.900083,27514,41,0202aac000506b7a005a5811460e29efbf1ffffffc2246cd1e00000fc0007ebfe9ed0737feebfff600,1,TX 41 seq=18626 rx_latency=1ms tx_dur=1ms,17.790,
2732,10,81,2864709713,2026-07-14T15:30:21.278263+00:00,8.000082,27614,41,0202aac000516bde005a5811460e29efbf1ffffffc2246cd1e00000fc0007ebfe9ed0737feebfff600,1,TX 41 seq=18627 rx_latency=1ms tx_dur=1ms,19.916,
2732,10,82,2864709714,2026-07-14T15:30:21.378264+00:00,8.100082,27714,41,0202aac000526c42005a5811460e29efbf1ffffffc2246cd1e00000fc0007ebfe9ed0737feebfff600,1,TX 41 seq=18628 rx_latency=1ms tx_dur=1ms,21.986,
2732,10,83,2864709715,2026-07-14T15:30:21.478266+00:00,8.200088,27814,41,0202aac000536ca6005a5811460e29efbf1ffffffc2246cd1e00000fc0007ebfe9ed0737feebfff600,1,TX 41 seq=18629 rx_latency=1ms tx_dur=1ms,14.335,
2732,10,84,2864709716,2026-07-14T15:30:21.578284+00:00,8.300135,27914,41,0202aac000546d0a005a5811460e29efbf1ffffffc2246cd1e00000fc0007ebfe9ed0737feebfff600,1,TX 41 seq=18630 rx_latency=1ms tx_dur=1ms,16.659,
2732,10,85,2864709717,2026-07-14T15:30:21.678305+00:00,8.400163,28014,41,0202aac000556d6e005a5811460e29efbf1ffffffc2246cd1e00000fc0007ebfe9ed0737feebfff600,1,TX 41 seq=18631 rx_latency=1ms tx_dur=1ms,17.856,
2732,10,86,2864709718,2026-07-14T15:30:21.778299+00:00,8.500147,28114,41,0202aac000566dd2005a5811460e29efbf1ffffffc2246cd1e00000fc0007ebfe9ed0737feebfff600,1,TX 41 seq=18632 rx_latency=1ms tx_dur=1ms,20.057,
2732,10,87,2864709719,2026-07-14T15:30:21.878300+00:00,8.600150,28214,41,0202aac000576e36005a5811460e29efbf1ffffffc2246cd1e00000fc0007ebfe9ed0737feebfff600,1,TX 41 seq=18633 rx_latency=1ms tx_dur=1ms,21.565,
2732,10,88,2864709720,2026-07-14T15:30:21.978299+00:00,8.700148,28314,41,0202aac000586e9a005a5811460e29efbf1ffffffc2246cd1e00000fc0007ebfe9ed0737feebfff600,1,TX 41 seq=18634 rx_latency=1ms tx_dur=1ms,24.397,
2732,10,89,2864709721,2026-07-14T15:30:22.078298+00:00,8.800147,28414,41,0202aac000596efe005a5811460e29efbf1ffffffc2246cd1e00000fc0007ebfe9ed0737feebfff600,1,TX 41 seq=18635 rx_latency=1ms tx_dur=1ms,16.190,
2732,10,90,2864709722,2026-07-14T15:30:22.178303+00:00,8.900157,28514,41,0202aac0005a6f62005a5811460e29efbf1ffffffc2246cd1e00000fc0007ebfe9ed0737feebfff600,1,TX 41 seq=18636 rx_latency=1ms tx_dur=1ms,17.875,
2732,10,91,2864709723,2026-07-14T15:30:22.278307+00:00,9.000170,28614,41,0202aac0005b6fc6005a5811460e29efbf1ffffffc2246cd1e00000fc0007ebfe9ed0737feebfff600,1,TX 41 seq=18637 rx_latency=1ms tx_dur=1ms,19.396,
2732,10,92,2864709724,2026-07-14T15:30:22.378298+00:00,9.100146,28714,41,0202aac0005c702a005a5811460e29efbf1ffffffc2246cd1e00000fc0007ebfe9ed0737feebfff600,1,TX 41 seq=18638 rx_latency=1ms tx_dur=1ms,22.246,
2732,10,93,2864709725,2026-07-14T15:30:22.478299+00:00,9.200143,28814,41,0202aac0005d708e005a5811460e29efbf1ffffffc2246cd1e00000fc0007ebfe9ed0737feebfff600,1,TX 41 seq=18639 rx_latency=1ms tx_dur=1ms,23.991,
2732,10,94,2864709726,2026-07-14T15:30:22.578298+00:00,9.300144,28914,41,0202aac0005e70f2005a5811460e29efbf1ffffffc2246cd1e00000fc0007ebfe9ed0737feebfff600,1,TX 41 seq=18640 rx_latency=1ms tx_dur=1ms,15.735,
2732,10,95,2864709727,2026-07-14T15:30:22.678297+00:00,9.400141,29014,41,0202aac0005f7156005a5811460e29efbf1ffffffc2246cd1e00000fc0007ebfe9ed0737feebfff600,1,TX 41 seq=18641 rx_latency=1ms tx_dur=1ms,17.796,
2732,10,96,2864709728,2026-07-14T15:30:22.778300+00:00,9.500145,29114,41,0202aac0006071ba005a5811460e29efbf1ffffffc2246cd1e00000fc0007ebfe9ed0737feebfff600,1,TX 41 seq=18642 rx_latency=1ms tx_dur=1ms,20.279,
2732,10,97,2864709729,2026-07-14T15:30:22.878297+00:00,9.600140,29214,41,0202aac00061721e005a5811460e29efbf1ffffffc2246cd1e00000fc0007ebfe9ed0737feebfff600,1,TX 41 seq=18643 rx_latency=1ms tx_dur=1ms,22.433,
2732,10,98,2864709730,2026-07-14T15:30:22.978299+00:00,9.700143,29314,41,0202aac000627282005a5811460e29efbf1ffffffc2246cd1e00000fc0007ebfe9ed0737feebfff600,1,TX 41 seq=18644 rx_latency=1ms tx_dur=1ms,14.510,
2732,10,99,2864709731,2026-07-14T15:30:23.078298+00:00,9.800142,29414,41,0202aac0006372e6005a5811460e29efbf1ffffffc2246cd1e00000fc0007ebfe9ed0737feebfff600,1,TX 41 seq=18645 rx_latency=1ms tx_dur=1ms,15.572,
2732,10,100,2864709732,2026-07-14T15:30:23.178296+00:00,9.900137,29514,41,0202aac00064734a005a5811460e29efbf1ffffffc2246cd1e00000fc0007ebfe9ed0737feebfff600,1,TX 41 seq=18646 rx_latency=1ms tx_dur=1ms,18.192,
2732,10,101,2864709733,2026-07-14T15:30:23.278312+00:00,10.000178,29614,41,0202aac0006573ae005a5811460e29efbf1ffffffc2246cd1e00000fc0007ebfe9ed0737feebfff600,1,TX 41 seq=18647 rx_latency=1ms tx_dur=1ms,19.829,
2732,10,102,2864709734,2026-07-14T15:30:23.378298+00:00,10.100145,29714,41,0202aac000667412005a5811460e29efbf1ffffffc2246cd1e00000fc0007ebfe9ed0737feebfff600,1,TX 41 seq=18648 rx_latency=1ms tx_dur=1ms,21.668,
2732,10,103,2864709735,2026-07-14T15:30:23.478300+00:00,10.200146,29814,41,0202aac000677476005a5811460e29efbf1ffffffc2246cd1e00000fc0007ebfe9ed0737feebfff600,1,TX 41 seq=18649 rx_latency=1ms tx_dur=1ms,24.469,
2732,10,104,2864709736,2026-07-14T15:30:23.578313+00:00,10.300189,29914,41,0202aac0006874da005a5811460e29efbf1ffffffc2246cd1e00000fc0007ebfe9ed0737feebfff600,1,TX 41 seq=18650 rx_latency=1ms tx_dur=1ms,15.891,
2732,10,105,2864709737,2026-07-14T15:30:23.678304+00:00,10.400159,30014,41,0202aac00069753e005a5811460e29efbf1ffffffc2246cd1e00000fc0007ebfe9ed0737feebfff600,1,TX 41 seq=18651 rx_latency=1ms tx_dur=1ms,17.705,
2732,10,106,2864709738,2026-07-14T15:30:23.778303+00:00,10.500156,30114,41,0202aac0006a75a2005a5811460e29efbf1ffffffc2246cd1e00000fc0007ebfe9ed0737feebfff600,1,TX 41 seq=18652 rx_latency=1ms tx_dur=1ms,19.459,
2732,10,107,2864709739,2026-07-14T15:30:23.878300+00:00,10.600146,30214,41,0202aac0006b7606005a5811460e29efbf1ffffffc2246cd1e00000fc0007ebfe9ed0737feebfff600,1,TX 41 seq=18653 rx_latency=1ms tx_dur=1ms,22.348,
2732,10,108,2864709740,2026-07-14T15:30:23.978298+00:00,10.700143,30314,41,0202aac0006c766a005a5811460e29efbf1ffffffc2246cd1e00000fc0007ebfe9ed0737feebfff600,1,TX 41 seq=18654 rx_latency=1ms tx_dur=1ms,13.861,
2732,10,109,2864709741,2026-07-14T15:30:24.078317+00:00,10.800189,30414,41,0202aac0006d76ce005a5811460e29efbf1ffffffc2246cd1e00000fc0007ebfe9ed0737feebfff600,1,TX 41 seq=18655 rx_latency=1ms tx_dur=1ms,15.483,
2732,10,110,2864709742,2026-07-14T15:30:24.178300+00:00,10.900149,30514,41,0202aac0006e7732005a5811460e29efbf1ffffffc2246cd1e00000fc0007ebfe9ed0737feebfff600,1,TX 41 seq=18656 rx_latency=1ms tx_dur=1ms,18.345,
2732,10,111,2864709743,2026-07-14T15:30:24.278297+00:00,11.000150,30614,41,0202aac0006f7796005a5811460e29efbf1ffffffc2246cd1e00000fc0007ebfe9ed0737feebfff600,1,TX 41 seq=18657 rx_latency=1ms tx_dur=1ms,20.191,
2732,10,112,2864709744,2026-07-14T15:30:24.378299+00:00,11.100146,30714,41,0202aac0007077fa005a5811460e29efbf1ffffffc2246cd1e00000fc0007ebfe9ed0737feebfff600,1,TX 41 seq=18658 rx_latency=1ms tx_dur=1ms,22.229,
2732,10,113,2864709745,2026-07-14T15:30:24.478301+00:00,11.200154,30814,41,0202aac00071785e005a5811460e29efbf1ffffffc2246cd1e00000fc0007ebfe9ed0737feebfff600,1,TX 41 seq=18659 rx_latency=1ms tx_dur=1ms,14.540,
2732,10,114,2864709746,2026-07-14T15:30:24.578302+00:00,11.300153,30914,41,0202aac0007278c2005a5811460e29efbf1ffffffc2246cd1e00000fc0007ebfe9ed0737feebfff600,1,TX 41 seq=18660 rx_latency=1ms tx_dur=1ms,15.947,
2732,10,115,2864709747,2026-07-14T15:30:24.678294+00:00,11.400135,31014,41,0202aac000737926005a5811460e29efbf1ffffffc2246cd1e00000fc0007ebfe9ed0737feebfff600,1,TX 41 seq=18661 rx_latency=1ms tx_dur=1ms,17.837,
2732,10,116,2864709748,2026-07-14T15:30:24.778298+00:00,11.500143,31114,41,0202aac00074798a005a5811460e29efbf1ffffffc2246cd1e00000fc0007ebfe9ed0737feebfff600,1,TX 41 seq=18662 rx_latency=1ms tx_dur=1ms,20.537,
2732,10,117,2864709749,2026-07-14T15:30:24.878289+00:00,11.600127,31214,41,0202aac0007579ee005a5811460e29efbf1ffffffc2246cd1e00000fc0007ebfe9ed0737feebfff600,1,TX 41 seq=18663 rx_latency=1ms tx_dur=1ms,22.445,
2732,10,118,2864709750,2026-07-14T15:30:24.978300+00:00,11.700147,31314,41,0202aac000767a52005a5811460e29efbf1ffffffc2246cd1e00000fc0007ebfe9ed0737feebfff600,1,TX 41 seq=18664 rx_latency=1ms tx_dur=1ms,23.714,
2732,10,119,2864709751,2026-07-14T15:30:25.078289+00:00,11.800128,31414,41,0202aac000777ab6005a5811460e29efbf1ffffffc2246cd1e00000fc0007ebfe9ed0737feebfff600,1,TX 41 seq=18665 rx_latency=1ms tx_dur=1ms,15.673,
2732,10,120,2864709752,2026-07-14T15:30:25.178297+00:00,11.900139,31514,41,0202aac000787b1a005a5811460e29efbf1ffffffc2246cd1e00000fc0007ebfe9ed0737feebfff600,1,TX 41 seq=18666 rx_latency=1ms tx_dur=1ms,18.377,
2732,10,121,2864709753,2026-07-14T15:30:25.278291+00:00,12.000130,31614,41,0202aac000797b7e005a5811460e29efbf1ffffffc2246cd1e00000fc0007ebfe9ed0737feebfff600,1,TX 41 seq=18667 rx_latency=1ms tx_dur=1ms,20.242,
2732,10,122,2864709754,2026-07-14T15:30:25.378295+00:00,12.100138,31714,41,0202aac0007a7be2005a5811460e29efbf1ffffffc2246cd1e00000fc0007ebfe9ed0737feebfff600,1,TX 41 seq=18668 rx_latency=1ms tx_dur=1ms,22.169,
2732,10,123,2864709755,2026-07-14T15:30:25.478291+00:00,12.200130,31814,41,0202aac0007b7c46005a5811460e29efbf1ffffffc2246cd1e00000fc0007ebfe9ed0737feebfff600,1,TX 41 seq=18669 rx_latency=1ms tx_dur=1ms,14.815,
2732,10,124,2864709756,2026-07-14T15:30:25.578298+00:00,12.300151,31914,41,0202aac0007c7caa005a5811460e29efbf1ffffffc2246cd1e00000fc0007ebfe9ed0737feebfff600,1,TX 41 seq=18670 rx_latency=1ms tx_dur=1ms,15.753,
2732,10,125,2864709757,2026-07-14T15:30:25.678307+00:00,12.400173,32014,41,0202aac0007d7d0e005a5811460e29efbf1ffffffc2246cd1e00000fc0007ebfe9ed0737feebfff600,1,TX 41 seq=18671 rx_latency=1ms tx_dur=1ms,18.356,
2732,10,126,2864709758,2026-07-14T15:30:25.778299+00:00,12.500148,32114,41,0202aac0007e7d72005a5811460e29efbf1ffffffc2246cd1e00000fc0007ebfe9ed0737feebfff600,1,TX 41 seq=18672 rx_latency=1ms tx_dur=1ms,20.088,
2732,10,127,2864709759,2026-07-14T15:30:25.878291+00:00,12.600130,32214,41,0202aac0007f7dd6005a5811460e29efbf1ffffffc2246cd1e00000fc0007ebfe9ed0737feebfff600,1,TX 41 seq=18673 rx_latency=1ms tx_dur=1ms,21.896,
2732,10,128,2864709760,2026-07-14T15:30:25.978297+00:00,12.700141,32314,41,0202aac000807e3a005a5811460e29efbf1ffffffc2246cd1e00000fc0007ebfe9ed0737feebfff600,1,TX 41 seq=18674 rx_latency=1ms tx_dur=1ms,23.556,
2732,10,129,2864709761,2026-07-14T15:30:26.078291+00:00,12.800133,32414,41,0202aac000817e9e005a5811460e29efbf1ffffffc2246cd1e00000fc0007ebfe9ed0737feebfff600,1,TX 41 seq=18675 rx_latency=1ms tx_dur=1ms,15.703,
2732,10,130,2864709762,2026-07-14T15:30:26.178305+00:00,12.900164,32514,41,0202aac000827f02005a5811460e29efbf1ffffffc2246cd1e00000fc0007ebfe9ed0737feebfff600,1,TX 41 seq=18676 rx_latency=1ms tx_dur=1ms,17.776,
2732,10,131,2864709763,2026-07-14T15:30:26.278299+00:00,13.000144,32614,41,0202aac000837f66005a5811460e29efbf1ffffffc2246cd1e00000fc0007ebfe9ed0737feebfff600,1,TX 41 seq=18677 rx_latency=1ms tx_dur=1ms,20.450,
2732,10,132,2864709764,2026-07-14T15:30:26.378297+00:00,13.100140,32714,41,0202aac000847fca005a5811460e29efbf1ffffffc2246cd1e00000fc0007ebfe9ed0737feebfff600,1,TX 41 seq=18678 rx_latency=1ms tx_dur=1ms,22.208,
2732,10,133,2864709765,2026-07-14T15:30:26.478295+00:00,13.200137,32814,41,0202aac00085802e005a5811460e29efbf1ffffffc2246cd1e00000fc0007ebfe9ed0737feebfff600,1,TX 41 seq=18679 rx_latency=1ms tx_dur=1ms,13.948,
2732,10,134,2864709766,2026-07-14T15:30:26.578291+00:00,13.300133,32914,41,0202aac000868092005a5811460e29efbf1ffffffc2246cd1e00000fc0007ebfe9ed0737feebfff600,1,TX 41 seq=18680 rx_latency=1ms tx_dur=1ms,15.669,
2732,10,135,2864709767,2026-07-14T15:30:26.678302+00:00,13.400153,33014,41,0202aac0008780f6005a5811460e29efbf1ffffffc2246cd1e00000fc0007ebfe9ed0737feebfff600,1,TX 41 seq=18681 rx_latency=1ms tx_dur=1ms,18.246,
2732,10,136,2864709768,2026-07-14T15:30:26.778298+00:00,13.500150,33114,41,0202aac00088815a005a5811460e29efbf1ffffffc2246cd1e00000fc0007ebfe9ed0737feebfff600,1,TX 41 seq=18682 rx_latency=1ms tx_dur=1ms,19.943,
2732,10,137,2864709769,2026-07-14T15:30:26.878299+00:00,13.600147,33214,41,0202aac0008981be005a5811460e29efbf1ffffffc2246cd1e00000fc0007ebfe9ed0737feebfff600,1,TX 41 seq=18683 rx_latency=1ms tx_dur=1ms,21.729,
2732,10,138,2864709770,2026-07-14T15:30:26.978313+00:00,13.700186,33314,41,0202aac0008a8222005a5811460e29efbf1ffffffc2246cd1e00000fc0007ebfe9ed0737feebfff600,1,TX 41 seq=18684 rx_latency=1ms tx_dur=1ms,23.458,
2732,10,139,2864709771,2026-07-14T15:30:27.078294+00:00,13.800140,33414,41,0202aac0008b8286005a5811460e29efbf1ffffffc2246cd1e00000fc0007ebfe9ed0737feebfff600,1,TX 41 seq=18685 rx_latency=1ms tx_dur=1ms,15.694,
2732,10,140,2864709772,2026-07-14T15:30:27.178297+00:00,13.900143,33514,41,0202aac0008c82ea005a5811460e29efbf1ffffffc2246cd1e00000fc0007ebfe9ed0737feebfff600,1,TX 41 seq=18686 rx_latency=1ms tx_dur=1ms,17.824,
2732,10,141,2864709773,2026-07-14T15:30:27.278292+00:00,14.000133,33614,41,0202aac0008d834e005a5811460e29efbf1ffffffc2246cd1e00000fc0007ebfe9ed0737feebfff600,1,TX 41 seq=18687 rx_latency=1ms tx_dur=1ms,20.427,
2732,10,142,2864709774,2026-07-14T15:30:27.378277+00:00,14.100121,33714,41,0202aac0008e83b2005a5811460e29efbf1ffffffc2246cd1e00000fc0007ebfe9ed0737feebfff600,1,TX 41 seq=18688 rx_latency=1ms tx_dur=1ms,22.189,
2732,10,143,2864709775,2026-07-14T15:30:27.478292+00:00,14.200131,33814,41,0202aac0008f8416005a5811460e29efbf1ffffffc2246cd1e00000fc0007ebfe9ed0737feebfff600,1,TX 41 seq=18689 rx_latency=1ms tx_dur=1ms,13.956,
2732,10,144,2864709776,2026-07-14T15:30:27.578319+00:00,14.300201,33914,41,0202aac00090847a005a5811460e29efbf1ffffffc2246cd1e00000fc0007ebfe9ed0737feebfff600,1,TX 41 seq=18690 rx_latency=1ms tx_dur=1ms,15.513,
2732,10,145,2864709777,2026-07-14T15:30:27.678310+00:00,14.400185,34014,41,0202aac0009184de005a5811460e29efbf1ffffffc2246cd1e00000fc0007ebfe9ed0737feebfff600,1,TX 41 seq=18691 rx_latency=1ms tx_dur=1ms,18.158,
2732,10,146,2864709778,2026-07-14T15:30:27.778301+00:00,14.500158,34114,41,0202aac000928542005a5811460e29efbf1ffffffc2246cd1e00000fc0007ebfe9ed0737feebfff600,1,TX 41 seq=18692 rx_latency=1ms tx_dur=1ms,19.939,
2732,10,147,2864709779,2026-07-14T15:30:27.878298+00:00,14.600147,34214,41,0202aac0009385a6005a5811460e29efbf1ffffffc2246cd1e00000fc0007ebfe9ed0737feebfff600,1,TX 41 seq=18693 rx_latency=1ms tx_dur=1ms,21.713,
2732,10,148,2864709780,2026-07-14T15:30:27.978291+00:00,14.700131,34314,41,0202aac00094860a005a5811460e29efbf1ffffffc2246cd1e00000fc0007ebfe9ed0737feebfff600,1,TX 41 seq=18694 rx_latency=1ms tx_dur=1ms,14.624,
2732,10,149,2864709781,2026-07-14T15:30:28.078300+00:00,14.800149,34414,41,0202aac00095866e005a5811460e29efbf1ffffffc2246cd1e00000fc0007ebfe9ed0737feebfff600,1,TX 41 seq=18695 rx_latency=1ms tx_dur=1ms,16.098,
2732,10,150,2864709782,2026-07-14T15:30:28.178297+00:00,14.900141,34514,41,0202aac0009686d2005a5811460e29efbf1ffffffc2246cd1e00000fc0007ebfe9ed0737feebfff600,1,TX 41 seq=18696 rx_latency=1ms tx_dur=1ms,17.852,
2732,10,151,2864709783,2026-07-14T15:30:28.278298+00:00,15.000142,34614,41,0202aac000978736005a5811460e29efbf1ffffffc2246cd1e00000fc0007ebfe9ed0737feebfff600,1,TX 41 seq=18697 rx_latency=1ms tx_dur=1ms,19.582,
2732,10,152,2864709784,2026-07-14T15:30:28.378290+00:00,15.100128,34714,41,0202aac00098879a005a5811460e29efbf1ffffffc2246cd1e00000fc0007ebfe9ed0737feebfff600,1,TX 41 seq=18698 rx_latency=1ms tx_dur=1ms,22.401,
2732,10,153,2864709785,2026-07-14T15:30:28.478298+00:00,15.200144,34814,41,0202aac0009987fe005a5811460e29efbf1ffffffc2246cd1e00000fc0007ebfe9ed0737feebfff600,1,TX 41 seq=18699 rx_latency=1ms tx_dur=1ms,14.472,
2732,10,154,2864709786,2026-07-14T15:30:28.578299+00:00,15.300144,34914,41,0202aac0009a8862005a5811460e29efbf1ffffffc2246cd1e00000fc0007ebfe9ed0737feebfff600,1,TX 41 seq=18700 rx_latency=1ms tx_dur=1ms,15.536,
2732,10,155,2864709787,2026-07-14T15:30:28.678292+00:00,15.400133,35014,41,0202aac0009b88c6005a5811460e29efbf1ffffffc2246cd1e00000fc0007ebfe9ed0737feebfff600,1,TX 41 seq=18701 rx_latency=1ms tx_dur=1ms,18.162,
2732,10,156,2864709788,2026-07-14T15:30:28.778303+00:00,15.500161,35114,41,0202aac0009c892a005a5811460e29efbf1ffffffc2246cd1e00000fc0007ebfe9ed0737feebfff600,1,TX 41 seq=18702 rx_latency=1ms tx_dur=1ms,19.862,
2732,10,157,2864709789,2026-07-14T15:30:28.878293+00:00,15.600136,35214,41,0202aac0009d898e005a5811460e29efbf1ffffffc2246cd1e00000fc0007ebfe9ed0737feebfff600,1,TX 41 seq=18703 rx_latency=1ms tx_dur=1ms,21.584,
2732,10,158,2864709790,2026-07-14T15:30:28.978299+00:00,15.700143,35314,41,0202aac0009e89f2005a5811460e29efbf1ffffffc2246cd1e00000fc0007ebfe9ed0737feebfff600,1,TX 41 seq=18704 rx_latency=1ms tx_dur=1ms,14.487,
2732,10,159,2864709791,2026-07-14T15:30:29.078290+00:00,15.800130,35414,41,0202aac0009f8a56005a5811460e29efbf1ffffffc2246cd1e00000fc0007ebfe9ed0737feebfff600,1,TX 41 seq=18705 rx_latency=1ms tx_dur=1ms,16.027,
2732,10,160,2864709792,2026-07-14T15:30:29.178299+00:00,15.900152,35514,41,0202aac000a08aba005a5811460e29efbf1ffffffc2246cd1e00000fc0007ebfe9ed0737feebfff600,1,TX 41 seq=18706 rx_latency=1ms tx_dur=1ms,17.680,
2732,10,161,2864709793,2026-07-14T15:30:29.278293+00:00,16.000136,35614,41,0202aac000a18b1e005a5811460e29efbf1ffffffc2246cd1e00000fc0007ebfe9ed0737feebfff600,1,TX 41 seq=18707 rx_latency=1ms tx_dur=1ms,20.566,
2732,10,162,2864709794,2026-07-14T15:30:29.378299+00:00,16.100143,35714,41,0202aac000a28b82005a5811460e29efbf1ffffffc2246cd1e00000fc0007ebfe9ed0737feebfff600,1,TX 41 seq=18708 rx_latency=1ms tx_dur=1ms,22.294,
2732,10,163,2864709795,2026-07-14T15:30:29.478292+00:00,16.200131,35814,41,0202aac000a38be6005a5811460e29efbf1ffffffc2246cd1e00000fc0007ebfe9ed0737feebfff600,1,TX 41 seq=18709 rx_latency=1ms tx_dur=1ms,14.432,
2732,10,164,2864709796,2026-07-14T15:30:29.578296+00:00,16.300146,35914,41,0202aac000a48c4a005a5811460e29efbf1ffffffc2246cd1e00000fc0007ebfe9ed0737feebfff600,1,TX 41 seq=18710 rx_latency=1ms tx_dur=1ms,15.725,
2732,10,165,2864709797,2026-07-14T15:30:29.678294+00:00,16.400137,36014,41,0202aac000a58cae005a5811460e29efbf1ffffffc2246cd1e00000fc0007ebfe9ed0737feebfff600,1,TX 41 seq=18711 rx_latency=1ms tx_dur=1ms,17.884,
2732,10,166,2864709798,2026-07-14T15:30:29.778300+00:00,16.500148,36114,41,0202aac000a68d12005a5811460e29efbf1ffffffc2246cd1e00000fc0007ebfe9ed0737feebfff600,1,TX 41 seq=18712 rx_latency=1ms tx_dur=1ms,20.544,
2732,10,167,2864709799,2026-07-14T15:30:29.878287+00:00,16.600127,36214,41,0202aac000a78d76005a5811460e29efbf1ffffffc2246cd1e00000fc0007ebfe9ed0737feebfff600,1,TX 41 seq=18713 rx_latency=1ms tx_dur=1ms,22.223,
2732,10,168,2864709800,2026-07-14T15:30:29.978297+00:00,16.700141,36314,41,0202aac000a88dda005a5811460e29efbf1ffffffc2246cd1e00000fc0007ebfe9ed0737feebfff600,1,TX 41 seq=18714 rx_latency=1ms tx_dur=1ms,14.061,
2732,10,169,2864709801,2026-07-14T15:30:30.078295+00:00,16.800142,36414,41,0202aac000a98e3e005a5811460e29efbf1ffffffc2246cd1e00000fc0007ebfe9ed0737feebfff600,1,TX 41 seq=18715 rx_latency=1ms tx_dur=1ms,15.703,
2732,10,170,2864709802,2026-07-14T15:30:30.178297+00:00,16.900145,36514,41,0202aac000aa8ea2005a5811460e29efbf1ffffffc2246cd1e00000fc0007ebfe9ed0737feebfff600,1,TX 41 seq=18716 rx_latency=1ms tx_dur=1ms,17.787,
2732,10,171,2864709803,2026-07-14T15:30:30.278298+00:00,17.000140,36614,41,0202aac000ab8f06005a5811460e29efbf1ffffffc2246cd1e00000fc0007ebfe9ed0737feebfff600,1,TX 41 seq=18717 rx_latency=1ms tx_dur=1ms,20.271,
2732,10,172,2864709804,2026-07-14T15:30:30.378295+00:00,17.100135,36714,41,0202aac000ac8f6a005a5811460e29efbf1ffffffc2246cd1e00000fc0007ebfe9ed0737feebfff600,1,TX 41 seq=18718 rx_latency=1ms tx_dur=1ms,22.434,
2732,10,173,2864709805,2026-07-14T15:30:30.478288+00:00,17.200125,36814,41,0202aac000ad8fce005a5811460e29efbf1ffffffc2246cd1e00000fc0007ebfe9ed0737feebfff600,1,TX 41 seq=18719 rx_latency=1ms tx_dur=1ms,14.579,
2732,10,174,2864709806,2026-07-14T15:30:30.578299+00:00,17.300144,36914,41,0202aac000ae9032005a5811460e29efbf1ffffffc2246cd1e00000fc0007ebfe9ed0737feebfff600,1,TX 41 seq=18720 rx_latency=1ms tx_dur=1ms,15.548,
2732,10,175,2864709807,2026-07-14T15:30:30.678292+00:00,17.400134,37014,41,0202aac000af9096005a5811460e29efbf1ffffffc2246cd1e00000fc0007ebfe9ed0737feebfff600,1,TX 41 seq=18721 rx_latency=1ms tx_dur=1ms,18.181,
2732,10,176,2864709808,2026-07-14T15:30:30.778299+00:00,17.500143,37114,41,0202aac000b090fa005a5811460e29efbf1ffffffc2246cd1e00000fc0007ebfe9ed0737feebfff600,1,TX 41 seq=18722 rx_latency=1ms tx_dur=1ms,19.908,
2732,10,177,2864709809,2026-07-14T15:30:30.878291+00:00,17.600129,37214,41,0202aac000b1915e005a5811460e29efbf1ffffffc2246cd1e00000fc0007ebfe9ed0737feebfff600,1,TX 41 seq=18723 rx_latency=1ms tx_dur=1ms,21.610,
2732,10,178,2864709810,2026-07-14T15:30:30.978264+00:00,17.700107,37314,41,0202aac000b291c2005a5811460e29efbf1ffffffc2246cd1e00000fc0007ebfe9ed0737feebfff600,1,TX 41 seq=18724 rx_latency=1ms tx_dur=1ms,14.554,
2732,10,179,2864709811,2026-07-14T15:30:31.078303+00:00,17.800163,37414,41,0202aac000b39226005a5811460e29efbf1ffffffc2246cd1e00000fc0007ebfe9ed0737feebfff600,1,TX 41 seq=18725 rx_latency=1ms tx_dur=1ms,15.958,
2732,10,180,2864709812,2026-07-14T15:30:31.178300+00:00,17.900149,37514,41,0202aac000b4928a005a5811460e29efbf1ffffffc2246cd1e00000fc0007ebfe9ed0737feebfff600,1,TX 41 seq=18726 rx_latency=1ms tx_dur=1ms,17.727,
2732,10,181,2864709813,2026-07-14T15:30:31.278291+00:00,18.000130,37614,41,0202aac000b592ee005a5811460e29efbf1ffffffc2246cd1e00000fc0007ebfe9ed0737feebfff600,1,TX 41 seq=18727 rx_latency=1ms tx_dur=1ms,20.596,
2732,10,182,2864709814,2026-07-14T15:30:31.378297+00:00,18.100139,37714,41,0202aac000b69352005a5811460e29efbf1ffffffc2246cd1e00000fc0007ebfe9ed0737feebfff600,1,TX 41 seq=18728 rx_latency=1ms tx_dur=1ms,22.345,
2732,10,183,2864709815,2026-07-14T15:30:31.478289+00:00,18.200127,37814,41,0202aac000b793b6005a5811460e29efbf1ffffffc2246cd1e00000fc0007ebfe9ed0737feebfff600,1,TX 41 seq=18729 rx_latency=1ms tx_dur=1ms,14.455,
2732,10,184,2864709816,2026-07-14T15:30:31.578316+00:00,18.300197,37914,41,0202aac000b8941a005a5811460e29efbf1ffffffc2246cd1e00000fc0007ebfe9ed0737feebfff600,1,TX 41 seq=18730 rx_latency=1ms tx_dur=1ms,16.415,
2732,10,185,2864709817,2026-07-14T15:30:31.678311+00:00,18.400181,38014,41,0202aac000b9947e005a5811460e29efbf1ffffffc2246cd1e00000fc0007ebfe9ed0737feebfff600,1,TX 41 seq=18731 rx_latency=1ms tx_dur=1ms,17.943,
2732,10,186,2864709818,2026-07-14T15:30:31.778294+00:00,18.500143,38114,41,0202aac000ba94e2005a5811460e29efbf1ffffffc2246cd1e00000fc0007ebfe9ed0737feebfff600,1,TX 41 seq=18732 rx_latency=1ms tx_dur=1ms,19.748,
2732,10,187,2864709819,2026-07-14T15:30:31.878299+00:00,18.600145,38214,41,0202aac000bb9546005a5811460e29efbf1ffffffc2246cd1e00000fc0007ebfe9ed0737feebfff600,1,TX 41 seq=18733 rx_latency=1ms tx_dur=1ms,21.510,
2732,10,188,2864709820,2026-07-14T15:30:31.978291+00:00,18.700129,38314,41,0202aac000bc95aa005a5811460e29efbf1ffffffc2246cd1e00000fc0007ebfe9ed0737feebfff600,1,TX 41 seq=18734 rx_latency=1ms tx_dur=1ms,14.761,
2732,10,189,2864709821,2026-07-14T15:30:32.078308+00:00,18.800170,38414,41,0202aac000bd960e005a5811460e29efbf1ffffffc2246cd1e00000fc0007ebfe9ed0737feebfff600,1,TX 41 seq=18735 rx_latency=1ms tx_dur=1ms,15.692,
2732,10,190,2864709822,2026-07-14T15:30:32.178292+00:00,18.900137,38514,41,0202aac000be9672005a5811460e29efbf1ffffffc2246cd1e00000fc0007ebfe9ed0737feebfff600,1,TX 41 seq=18736 rx_latency=1ms tx_dur=1ms,17.818,
2732,10,191,2864709823,2026-07-14T15:30:32.278296+00:00,19.000140,38614,41,0202aac000bf96d6005a5811460e29efbf1ffffffc2246cd1e00000fc0007ebfe9ed0737feebfff600,1,TX 41 seq=18737 rx_latency=1ms tx_dur=1ms,19.962,
2732,10,192,2864709824,2026-07-14T15:30:32.378290+00:00,19.100128,38714,41,0202aac000c0973a005a5811460e29efbf1ffffffc2246cd1e00000fc0007ebfe9ed0737feebfff600,1,TX 41 seq=18738 rx_latency=1ms tx_dur=1ms,22.567,
2732,10,193,2864709825,2026-07-14T15:30:32.478296+00:00,19.200138,38814,41,0202aac000c1979e005a5811460e29efbf1ffffffc2246cd1e00000fc0007ebfe9ed0737feebfff600,1,TX 41 seq=18739 rx_latency=1ms tx_dur=1ms,14.355,
2732,10,194,2864709826,2026-07-14T15:30:32.578297+00:00,19.300142,38914,41,0202aac000c29802005a5811460e29efbf1ffffffc2246cd1e00000fc0007ebfe9ed0737feebfff600,1,TX 41 seq=18740 rx_latency=1ms tx_dur=1ms,16.084,
2732,10,195,2864709827,2026-07-14T15:30:32.678299+00:00,19.400144,39014,41,0202aac000c39866005a5811460e29efbf1ffffffc2246cd1e00000fc0007ebfe9ed0737feebfff600,1,TX 41 seq=18741 rx_latency=1ms tx_dur=1ms,17.794,
2732,10,196,2864709828,2026-07-14T15:30:32.778301+00:00,19.500158,39114,41,0202aac000c498ca005a5811460e29efbf1ffffffc2246cd1e00000fc0007ebfe9ed0737feebfff600,1,TX 41 seq=18742 rx_latency=1ms tx_dur=1ms,20.348,
2732,10,197,2864709829,2026-07-14T15:30:32.878293+00:00,19.600134,39214,41,0202aac000c5992e005a5811460e29efbf1ffffffc2246cd1e00000fc0007ebfe9ed0737feebfff600,1,TX 41 seq=18743 rx_latency=1ms tx_dur=1ms,22.107,
2732,10,198,2864709830,2026-07-14T15:30:32.978298+00:00,19.700143,39314,41,0202aac000c69992005a5811460e29efbf1ffffffc2246cd1e00000fc0007ebfe9ed0737feebfff600,1,TX 41 seq=18744 rx_latency=1ms tx_dur=1ms,13.906,
2732,10,199,2864709831,2026-07-14T15:30:33.078300+00:00,19.800145,39414,41,0202aac000c799f6005a5811460e29efbf1ffffffc2246cd1e00000fc0007ebfe9ed0737feebfff600,1,TX 41 seq=18745 rx_latency=1ms tx_dur=1ms,15.635,
2732,10,200,2864709832,2026-07-14T15:30:33.178296+00:00,19.900139,39514,41,0202aac000c89a5a005a5811460e29efbf1ffffffc2246cd1e00000fc0007ebfe9ed0737feebfff600,1,TX 41 seq=18746 rx_latency=1ms tx_dur=1ms,18.272,
2732,10,201,2864709833,2026-07-14T15:30:33.278305+00:00,20.000168,39614,41,0202aac000c99abe005a5811460e29efbf1ffffffc2246cd1e00000fc0007ebfe9ed0737feebfff600,1,TX 41 seq=18747 rx_latency=1ms tx_dur=1ms,19.876,
2732,10,202,2864709834,2026-07-14T15:30:33.378298+00:00,20.100147,39714,41,0202aac000ca9b22005a5811460e29efbf1ffffffc2246cd1e00000fc0007ebfe9ed0737feebfff600,1,TX 41 seq=18748 rx_latency=1ms tx_dur=1ms,21.690,
2732,10,203,2864709835,2026-07-14T15:30:33.478291+00:00,20.200131,39814,41,0202aac000cb9b86005a5811460e29efbf1ffffffc2246cd1e00000fc0007ebfe9ed0737feebfff600,1,TX 41 seq=18749 rx_latency=1ms tx_dur=1ms,14.606,
2732,10,204,2864709836,2026-07-14T15:30:33.578293+00:00,20.300134,39914,41,0202aac000cc9bea005a5811460e29efbf1ffffffc2246cd1e00000fc0007ebfe9ed0737feebfff600,1,TX 41 seq=18750 rx_latency=1ms tx_dur=1ms,16.105,
2732,10,205,2864709837,2026-07-14T15:30:33.678308+00:00,20.400171,40014,41,0202aac000cd9c4e005a5811460e29efbf1ffffffc2246cd1e00000fc0007ebfe9ed0737feebfff600,1,TX 41 seq=18751 rx_latency=1ms tx_dur=1ms,17.768,
2732,10,206,2864709838,2026-07-14T15:30:33.778295+00:00,20.500145,40114,41,0202aac000ce9cb2005a5811460e29efbf1ffffffc2246cd1e00000fc0007ebfe9ed0737feebfff600,1,TX 41 seq=18752 rx_latency=1ms tx_dur=1ms,20.622,
2732,10,207,2864709839,2026-07-14T15:30:33.878301+00:00,20.600146,40214,41,0202aac000cf9d16005a5811460e29efbf1ffffffc2246cd1e00000fc0007ebfe9ed0737feebfff600,1,TX 41 seq=18753 rx_latency=1ms tx_dur=1ms,22.377,
2732,10,208,2864709840,2026-07-14T15:30:33.978290+00:00,20.700129,40314,41,0202aac000d09d7a005a5811460e29efbf1ffffffc2246cd1e00000fc0007ebfe9ed0737feebfff600,1,TX 41 seq=18754 rx_latency=1ms tx_dur=1ms,14.520,
2732,10,209,2864709841,2026-07-14T15:30:34.078297+00:00,20.800138,40414,41,0202aac000d19dde005a5811460e29efbf1ffffffc2246cd1e00000fc0007ebfe9ed0737feebfff600,1,TX 41 seq=18755 rx_latency=1ms tx_dur=1ms,15.838,
2732,10,210,2864709842,2026-07-14T15:30:34.178298+00:00,20.900144,40514,41,0202aac000d29e42005a5811460e29efbf1ffffffc2246cd1e00000fc0007ebfe9ed0737feebfff600,1,TX 41 seq=18756 rx_latency=1ms tx_dur=1ms,18.009,
2732,10,211,2864709843,2026-07-14T15:30:34.278294+00:00,21.000142,40614,41,0202aac000d39ea6005a5811460e29efbf1ffffffc2246cd1e00000fc0007ebfe9ed0737feebfff600,1,TX 41 seq=18757 rx_latency=1ms tx_dur=1ms,20.073,
2732,10,212,2864709844,2026-07-14T15:30:34.378303+00:00,21.100161,40714,41,0202aac000d49f0a005a5811460e29efbf1ffffffc2246cd1e00000fc0007ebfe9ed0737feebfff600,1,TX 41 seq=18758 rx_latency=1ms tx_dur=1ms,22.149,
2732,10,213,2864709845,2026-07-14T15:30:34.478290+00:00,21.200129,40814,41,0202aac000d59f6e005a5811460e29efbf1ffffffc2246cd1e00000fc0007ebfe9ed0737feebfff600,1,TX 41 seq=18759 rx_latency=1ms tx_dur=1ms,13.824,
2732,10,214,2864709846,2026-07-14T15:30:34.578306+00:00,21.300165,40914,41,0202aac000d69fd2005a5811460e29efbf1ffffffc2246cd1e00000fc0007ebfe9ed0737feebfff600,1,TX 41 seq=18760 rx_latency=1ms tx_dur=1ms,16.528,
2732,10,215,2864709847,2026-07-14T15:30:34.678293+00:00,21.400138,41014,41,0202aac000d7a036005a5811460e29efbf1ffffffc2246cd1e00000fc0007ebfe9ed0737feebfff600,1,TX 41 seq=18761 rx_latency=1ms tx_dur=1ms,18.288,
2732,10,216,2864709848,2026-07-14T15:30:34.778300+00:00,21.500149,41114,41,0202aac000d8a09a005a5811460e29efbf1ffffffc2246cd1e00000fc0007ebfe9ed0737feebfff600,1,TX 41 seq=18762 rx_latency=1ms tx_dur=1ms,20.039,
2732,10,217,2864709849,2026-07-14T15:30:34.878292+00:00,21.600135,41214,41,0202aac000d9a0fe005a5811460e29efbf1ffffffc2246cd1e00000fc0007ebfe9ed0737feebfff600,1,TX 41 seq=18763 rx_latency=1ms tx_dur=1ms,22.624,
2732,10,218,2864709850,2026-07-14T15:30:34.978296+00:00,21.700142,41314,41,0202aac000daa162005a5811460e29efbf1ffffffc2246cd1e00000fc0007ebfe9ed0737feebfff600,1,TX 41 seq=18764 rx_latency=1ms tx_dur=1ms,14.429,
2732,10,219,2864709851,2026-07-14T15:30:35.078297+00:00,21.800142,41414,41,0202aac000dba1c6005a5811460e29efbf1ffffffc2246cd1e00000fc0007ebfe9ed0737feebfff600,1,TX 41 seq=18765 rx_latency=1ms tx_dur=1ms,16.144,
2732,10,220,2864709852,2026-07-14T15:30:35.178296+00:00,21.900138,41514,41,0202aac000dca22a005a5811460e29efbf1ffffffc2246cd1e00000fc0007ebfe9ed0737feebfff600,1,TX 41 seq=18766 rx_latency=1ms tx_dur=1ms,17.888,
2732,10,221,2864709853,2026-07-14T15:30:35.278289+00:00,22.000129,41614,41,0202aac000dda28e005a5811460e29efbf1ffffffc2246cd1e00000fc0007ebfe9ed0737feebfff600,1,TX 41 seq=18767 rx_latency=1ms tx_dur=1ms,19.938,
2732,10,222,2864709854,2026-07-14T15:30:35.378299+00:00,22.100153,41714,41,0202aac000dea2f2005a5811460e29efbf1ffffffc2246cd1e00000fc0007ebfe9ed0737feebfff600,1,TX 41 seq=18768 rx_latency=1ms tx_dur=1ms,22.368,
2732,10,223,2864709855,2026-07-14T15:30:35.478296+00:00,22.200143,41814,41,0202aac000dfa356005a5811460e29efbf1ffffffc2246cd1e00000fc0007ebfe9ed0737feebfff600,1,TX 41 seq=18769 rx_latency=1ms tx_dur=1ms,14.599,
2732,10,224,2864709856,2026-07-14T15:30:35.578298+00:00,22.300153,41914,41,0202aac000e0a3ba005a5811460e29efbf1ffffffc2246cd1e00000fc0007ebfe9ed0737feebfff600,1,TX 41 seq=18770 rx_latency=1ms tx_dur=1ms,16.064,
2732,10,225,2864709857,2026-07-14T15:30:35.678294+00:00,22.400142,42014,41,0202aac000e1a41e005a5811460e29efbf1ffffffc2246cd1e00000fc0007ebfe9ed0737feebfff600,1,TX 41 seq=18771 rx_latency=1ms tx_dur=1ms,17.817,
2732,10,226,2864709858,2026-07-14T15:30:35.778306+00:00,22.500168,42114,41,0202aac000e2a482005a5811460e29efbf1ffffffc2246cd1e00000fc0007ebfe9ed0737feebfff600,1,TX 41 seq=18772 rx_latency=1ms tx_dur=1ms,20.612,
2732,10,227,2864709859,2026-07-14T15:30:35.878294+00:00,22.600140,42214,41,0202aac000e3a4e6005a5811460e29efbf1ffffffc2246cd1e00000fc0007ebfe9ed0737feebfff600,1,TX 41 seq=18773 rx_latency=1ms tx_dur=1ms,22.384,
2732,10,228,2864709860,2026-07-14T15:30:35.978299+00:00,22.700143,42314,41,0202aac000e4a54a005a5811460e29efbf1ffffffc2246cd1e00000fc0007ebfe9ed0737feebfff600,1,TX 41 seq=18774 rx_latency=1ms tx_dur=1ms,14.471,
2732,10,229,2864709861,2026-07-14T15:30:36.078298+00:00,22.800140,42414,41,0202aac000e5a5ae005a5811460e29efbf1ffffffc2246cd1e00000fc0007ebfe9ed0737feebfff600,1,TX 41 seq=18775 rx_latency=1ms tx_dur=1ms,15.542,
2732,10,230,2864709862,2026-07-14T15:30:36.178296+00:00,22.900138,42514,41,0202aac000e6a612005a5811460e29efbf1ffffffc2246cd1e00000fc0007ebfe9ed0737feebfff600,1,TX 41 seq=18776 rx_latency=1ms tx_dur=1ms,18.170,
2732,10,231,2864709863,2026-07-14T15:30:36.278302+00:00,23.000159,42614,41,0202aac000e7a676005a5811460e29efbf1ffffffc2246cd1e00000fc0007ebfe9ed0737feebfff600,1,TX 41 seq=18777 rx_latency=1ms tx_dur=1ms,19.853,
2732,10,232,2864709864,2026-07-14T15:30:36.378298+00:00,23.100145,42714,41,0202aac000e8a6da005a5811460e29efbf1ffffffc2246cd1e00000fc0007ebfe9ed0737feebfff600,1,TX 41 seq=18778 rx_latency=1ms tx_dur=1ms,21.599,
2732,10,233,2864709865,2026-07-14T15:30:36.478292+00:00,23.200132,42814,41,0202aac000e9a73e005a5811460e29efbf1ffffffc2246cd1e00000fc0007ebfe9ed0737feebfff600,1,TX 41 seq=18779 rx_latency=1ms tx_dur=1ms,14.505,
2732,10,234,2864709866,2026-07-14T15:30:36.578299+00:00,23.300157,42914,41,0202aac000eaa7a2005a5811460e29efbf1ffffffc2246cd1e00000fc0007ebfe9ed0737feebfff600,1,TX 41 seq=18780 rx_latency=1ms tx_dur=1ms,15.963,
2732,10,235,2864709867,2026-07-14T15:30:36.678300+00:00,23.400150,43014,41,0202aac000eba806005a5811460e29efbf1ffffffc2246cd1e00000fc0007ebfe9ed0737feebfff600,1,TX 41 seq=18781 rx_latency=1ms tx_dur=1ms,17.690,
2732,10,236,2864709868,2026-07-14T15:30:36.778288+00:00,23.500131,43114,41,0202aac000eca86a005a5811460e29efbf1ffffffc2246cd1e00000fc0007ebfe9ed0737feebfff600,1,TX 41 seq=18782 rx_latency=1ms tx_dur=1ms,20.537,
2732,10,237,2864709869,2026-07-14T15:30:36.878298+00:00,23.600144,43214,41,0202aac000eda8ce005a5811460e29efbf1ffffffc2246cd1e00000fc0007ebfe9ed0737feebfff600,1,TX 41 seq=18783 rx_latency=1ms tx_dur=1ms,22.288,
2732,10,238,2864709870,2026-07-14T15:30:36.978304+00:00,23.700170,43314,41,0202aac000eea932005a5811460e29efbf1ffffffc2246cd1e00000fc0007ebfe9ed0737feebfff600,1,TX 41 seq=18784 rx_latency=1ms tx_dur=1ms,13.770,
2732,10,239,2864709871,2026-07-14T15:30:37.078304+00:00,23.800158,43414,41,0202aac000efa996005a5811460e29efbf1ffffffc2246cd1e00000fc0007ebfe9ed0737feebfff600,1,TX 41 seq=18785 rx_latency=1ms tx_dur=1ms,15.526,
2732,10,240,2864709872,2026-07-14T15:30:37.178299+00:00,23.900144,43514,41,0202aac000f0a9fa005a5811460e29efbf1ffffffc2246cd1e00000fc0007ebfe9ed0737feebfff600,1,TX 41 seq=18786 rx_latency=1ms tx_dur=1ms,18.391,
2732,10,241,2864709873,2026-07-14T15:30:37.278297+00:00,24.000141,43614,41,0202aac000f1aa5e005a5811460e29efbf1ffffffc2246cd1e00000fc0007ebfe9ed0737feebfff600,1,TX 41 seq=18787 rx_latency=1ms tx_dur=1ms,20.121,
2732,10,242,2864709874,2026-07-14T15:30:37.378297+00:00,24.100139,43714,41,0202aac000f2aac2005a5811460e29efbf1ffffffc2246cd1e00000fc0007ebfe9ed0737feebfff600,1,TX 41 seq=18788 rx_latency=1ms tx_dur=1ms,22.186,
2732,10,243,2864709875,2026-07-14T15:30:37.478295+00:00,24.200137,43814,41,0202aac000f3ab26005a5811460e29efbf1ffffffc2246cd1e00000fc0007ebfe9ed0737feebfff600,1,TX 41 seq=18789 rx_latency=1ms tx_dur=1ms,14.694,
2732,10,244,2864709876,2026-07-14T15:30:37.578303+00:00,24.300160,43914,41,0202aac000f4ab8a005a5811460e29efbf1ffffffc2246cd1e00000fc0007ebfe9ed0737feebfff600,1,TX 41 seq=18790 rx_latency=1ms tx_dur=1ms,15.677,
2732,10,245,2864709877,2026-07-14T15:30:37.678316+00:00,24.400188,44014,41,0202aac000f5abee005a5811460e29efbf1ffffffc2246cd1e00000fc0007ebfe9ed0737feebfff600,1,TX 41 seq=18791 rx_latency=1ms tx_dur=1ms,18.254,
2732,10,246,2864709878,2026-07-14T15:30:37.778294+00:00,24.500139,44114,41,0202aac000f6ac52005a5811460e29efbf1ffffffc2246cd1e00000fc0007ebfe9ed0737feebfff600,1,TX 41 seq=18792 rx_latency=1ms tx_dur=1ms,20.054,
2732,10,247,2864709879,2026-07-14T15:30:37.878298+00:00,24.600145,44214,41,0202aac000f7acb6005a5811460e29efbf1ffffffc2246cd1e00000fc0007ebfe9ed0737feebfff600,1,TX 41 seq=18793 rx_latency=1ms tx_dur=1ms,21.797,
2732,10,248,2864709880,2026-07-14T15:30:37.978294+00:00,24.700135,44314,41,0202aac000f8ad1a005a5811460e29efbf1ffffffc2246cd1e00000fc0007ebfe9ed0737feebfff600,1,TX 41 seq=18794 rx_latency=1ms tx_dur=1ms,14.706,
2732,10,249,2864709881,2026-07-14T15:30:38.078299+00:00,24.800147,44414,41,0202aac000f9ad7e005a5811460e29efbf1ffffffc2246cd1e00000fc0007ebfe9ed0737feebfff600,1,TX 41 seq=18795 rx_latency=1ms tx_dur=1ms,15.611,
2732,10,250,2864709882,2026-07-14T15:30:38.178297+00:00,24.900141,44514,41,0202aac000faade2005a5811460e29efbf1ffffffc2246cd1e00000fc0007ebfe9ed0737feebfff600,1,TX 41 seq=18796 rx_latency=1ms tx_dur=1ms,17.781,
2732,10,251,2864709883,2026-07-14T15:30:38.278295+00:00,25.000137,44614,41,0202aac000fbae46005a5811460e29efbf1ffffffc2246cd1e00000fc0007ebfe9ed0737feebfff600,1,TX 41 seq=18797 rx_latency=1ms tx_dur=1ms,20.410,
2732,10,252,2864709884,2026-07-14T15:30:38.378281+00:00,25.100124,44714,41,0202aac000fcaeaa005a5811460e29efbf1ffffffc2246cd1e00000fc0007ebfe9ed0737feebfff600,1,TX 41 seq=18798 rx_latency=1ms tx_dur=1ms,22.155,
2732,10,253,2864709885,2026-07-14T15:30:38.478297+00:00,25.200138,44814,41,0202aac000fdaf0e005a5811460e29efbf1ffffffc2246cd1e00000fc0007ebfe9ed0737feebfff600,1,TX 41 seq=18799 rx_latency=1ms tx_dur=1ms,13.908,
2732,10,254,2864709886,2026-07-14T15:30:38.578299+00:00,25.300145,44914,41,0202aac000feaf72005a5811460e29efbf1ffffffc2246cd1e00000fc0007ebfe9ed0737feebfff600,1,TX 41 seq=18800 rx_latency=1ms tx_dur=1ms,16.598,
2732,10,255,2864709887,2026-07-14T15:30:38.678298+00:00,25.400148,45014,41,0202aac000ffafd6005a5811460e29efbf1ffffffc2246cd1e00000fc0007ebfe9ed0737feebfff600,1,TX 41 seq=18801 rx_latency=1ms tx_dur=1ms,18.193,
2732,10,256,2864709888,2026-07-14T15:30:38.778298+00:00,25.500145,45114,41,0202aac00100b03a005a5811460e29efbf1ffffffc2246cd1e00000fc0007ebfe9ed0737feebfff600,1,TX 41 seq=18802 rx_latency=1ms tx_dur=1ms,19.943,
2732,10,257,2864709889,2026-07-14T15:30:38.878291+00:00,25.600131,45214,41,0202aac00101b09e005a5811460e29efbf1ffffffc2246cd1e00000fc0007ebfe9ed0737feebfff600,1,TX 41 seq=18803 rx_latency=1ms tx_dur=1ms,21.671,
2732,10,258,2864709890,2026-07-14T15:30:38.978297+00:00,25.700144,45314,41,0202aac00102b102005a5811460e29efbf1ffffffc2246cd1e00000fc0007ebfe9ed0737feebfff600,1,TX 41 seq=18804 rx_latency=1ms tx_dur=1ms,14.554,
2732,10,259,2864709891,2026-07-14T15:30:39.078295+00:00,25.800140,45414,41,0202aac00103b166005a5811460e29efbf1ffffffc2246cd1e00000fc0007ebfe9ed0737feebfff600,1,TX 41 seq=18805 rx_latency=1ms tx_dur=1ms,16.122,
2732,10,260,2864709892,2026-07-14T15:30:39.178299+00:00,25.900145,45514,41,0202aac00104b1ca005a5811460e29efbf1ffffffc2246cd1e00000fc0007ebfe9ed0737feebfff600,1,TX 41 seq=18806 rx_latency=1ms tx_dur=1ms,17.788,
2732,10,261,2864709893,2026-07-14T15:30:39.278297+00:00,26.000139,45614,41,0202aac00105b22e005a5811460e29efbf1ffffffc2246cd1e00000fc0007ebfe9ed0737feebfff600,1,TX 41 seq=18807 rx_latency=1ms tx_dur=1ms,20.652,
2732,10,262,2864709894,2026-07-14T15:30:39.378298+00:00,26.100142,45714,41,0202aac00106b292005a5811460e29efbf1ffffffc2246cd1e00000fc0007ebfe9ed0737feebfff600,1,TX 41 seq=18808 rx_latency=1ms tx_dur=1ms,22.362,
2732,10,263,2864709895,2026-07-14T15:30:39.478295+00:00,26.200137,45814,41,0202aac00107b2f6005a5811460e29efbf1ffffffc2246cd1e00000fc0007ebfe9ed0737feebfff600,1,TX 41 seq=18809 rx_latency=1ms tx_dur=1ms,14.451,
2732,10,264,2864709896,2026-07-14T15:30:39.578296+00:00,26.300137,45914,41,0202aac00108b35a005a5811460e29efbf1ffffffc2246cd1e00000fc0007ebfe9ed0737feebfff600,1,TX 41 seq=18810 rx_latency=1ms tx_dur=1ms,15.855,
2732,10,265,2864709897,2026-07-14T15:30:39.678300+00:00,26.400151,46014,41,0202aac00109b3be005a5811460e29efbf1ffffffc2246cd1e00000fc0007ebfe9ed0737feebfff600,1,TX 41 seq=18811 rx_latency=1ms tx_dur=1ms,17.933,
2732,10,266,2864709898,2026-07-14T15:30:39.778291+00:00,26.500134,46114,41,0202aac0010ab422005a5811460e29efbf1ffffffc2246cd1e00000fc0007ebfe9ed0737feebfff600,1,TX 41 seq=18812 rx_latency=1ms tx_dur=1ms,20.048,
2732,10,267,2864709899,2026-07-14T15:30:39.878301+00:00,26.600157,46214,41,0202aac0010bb486005a5811460e29efbf1ffffffc2246cd1e00000fc0007ebfe9ed0737feebfff600,1,TX 41 seq=18813 rx_latency=1ms tx_dur=1ms,22.085,
2732,10,268,2864709900,2026-07-14T15:30:39.978298+00:00,26.700147,46314,41,0202aac0010cb4ea005a5811460e29efbf1ffffffc2246cd1e00000fc0007ebfe9ed0737feebfff600,1,TX 41 seq=18814 rx_latency=1ms tx_dur=1ms,13.703,
2732,10,269,2864709901,2026-07-14T15:30:40.078297+00:00,26.800140,46414,41,0202aac0010db54e005a5811460e29efbf1ffffffc2246cd1e00000fc0007ebfe9ed0737feebfff600,1,TX 41 seq=18815 rx_latency=1ms tx_dur=1ms,16.564,
2732,10,270,2864709902,2026-07-14T15:30:40.178297+00:00,26.900139,46514,41,0202aac0010eb5b2005a5811460e29efbf1ffffffc2246cd1e00000fc0007ebfe9ed0737feebfff600,1,TX 41 seq=18816 rx_latency=1ms tx_dur=1ms,18.310,
2732,10,271,2864709903,2026-07-14T15:30:40.278298+00:00,27.000139,46614,41,0202aac0010fb616005a5811460e29efbf1ffffffc2246cd1e00000fc0007ebfe9ed0737feebfff600,1,TX 41 seq=18817 rx_latency=1ms tx_dur=1ms,20.028,
2732,10,272,2864709904,2026-07-14T15:30:40.378299+00:00,27.100145,46714,41,0202aac00110b67a005a5811460e29efbf1ffffffc2246cd1e00000fc0007ebfe9ed0737feebfff600,1,TX 41 seq=18818 rx_latency=1ms tx_dur=1ms,22.631,
2732,10,273,2864709905,2026-07-14T15:30:40.478297+00:00,27.200139,46814,41,0202aac00111b6de005a5811460e29efbf1ffffffc2246cd1e00000fc0007ebfe9ed0737feebfff600,1,TX 41 seq=18819 rx_latency=1ms tx_dur=1ms,14.406,
2732,10,274,2864709906,2026-07-14T15:30:40.578296+00:00,27.300140,46914,41,0202aac00112b742005a5811460e29efbf1ffffffc2246cd1e00000fc0007ebfe9ed0737feebfff600,1,TX 41 seq=18820 rx_latency=1ms tx_dur=1ms,16.128,
2732,10,275,2864709907,2026-07-14T15:30:40.678306+00:00,27.400165,47014,41,0202aac00113b7a6005a5811460e29efbf1ffffffc2246cd1e00000fc0007ebfe9ed0737feebfff600,1,TX 41 seq=18821 rx_latency=1ms tx_dur=1ms,17.798,
2732,10,276,2864709908,2026-07-14T15:30:40.778294+00:00,27.500138,47114,41,0202aac00114b80a005a5811460e29efbf1ffffffc2246cd1e00000fc0007ebfe9ed0737feebfff600,1,TX 41 seq=18822 rx_latency=1ms tx_dur=1ms,20.457,
2732,10,277,2864709909,2026-07-14T15:30:40.878306+00:00,27.600164,47214,41,0202aac00115b86e005a5811460e29efbf1ffffffc2246cd1e00000fc0007ebfe9ed0737feebfff600,1,TX 41 seq=18823 rx_latency=1ms tx_dur=1ms,22.155,
2732,10,278,2864709910,2026-07-14T15:30:40.978292+00:00,27.700136,47314,41,0202aac00116b8d2005a5811460e29efbf1ffffffc2246cd1e00000fc0007ebfe9ed0737feebfff600,1,TX 41 seq=18824 rx_latency=1ms tx_dur=1ms,13.990,
2732,10,279,2864709911,2026-07-14T15:30:41.078297+00:00,27.800143,47414,41,0202aac00117b936005a5811460e29efbf1ffffffc2246cd1e00000fc0007ebfe9ed0737feebfff600,1,TX 41 seq=18825 rx_latency=1ms tx_dur=1ms,15.698,
2732,10,280,2864709912,2026-07-14T15:30:41.178300+00:00,27.900147,47514,41,0202aac00118b99a005a5811460e29efbf1ffffffc2246cd1e00000fc0007ebfe9ed0737feebfff600,1,TX 41 seq=18826 rx_latency=1ms tx_dur=1ms,18.343,
2732,10,281,2864709913,2026-07-14T15:30:41.278298+00:00,28.000143,47614,41,0202aac00119b9fe005a5811460e29efbf1ffffffc2246cd1e00000fc0007ebfe9ed0737feebfff600,1,TX 41 seq=18827 rx_latency=1ms tx_dur=1ms,20.048,
2732,10,282,2864709914,2026-07-14T15:30:41.378298+00:00,28.100143,47714,41,0202aac0011aba62005a5811460e29efbf1ffffffc2246cd1e00000fc0007ebfe9ed0737feebfff600,1,TX 41 seq=18828 rx_latency=1ms tx_dur=1ms,21.771,
2732,10,283,2864709915,2026-07-14T15:30:41.478298+00:00,28.200140,47814,41,0202aac0011bbac6005a5811460e29efbf1ffffffc2246cd1e00000fc0007ebfe9ed0737feebfff600,1,TX 41 seq=18829 rx_latency=1ms tx_dur=1ms,14.661,
2732,10,284,2864709916,2026-07-14T15:30:41.578299+00:00,28.300140,47914,41,0202aac0011cbb2a005a5811460e29efbf1ffffffc2246cd1e00000fc0007ebfe9ed0737feebfff600,1,TX 41 seq=18830 rx_latency=1ms tx_dur=1ms,16.104,
2732,10,285,2864709917,2026-07-14T15:30:41.678292+00:00,28.400130,48014,41,0202aac0011dbb8e005a5811460e29efbf1ffffffc2246cd1e00000fc0007ebfe9ed0737feebfff600,1,TX 41 seq=18831 rx_latency=1ms tx_dur=1ms,17.970,
2732,10,286,2864709918,2026-07-14T15:30:41.778298+00:00,28.500146,48114,41,0202aac0011ebbf2005a5811460e29efbf1ffffffc2246cd1e00000fc0007ebfe9ed0737feebfff600,1,TX 41 seq=18832 rx_latency=1ms tx_dur=1ms,20.621,
2732,10,287,2864709919,2026-07-14T15:30:41.878293+00:00,28.600137,48214,41,0202aac0011fbc56005a5811460e29efbf1ffffffc2246cd1e00000fc0007ebfe9ed0737feebfff600,1,TX 41 seq=18833 rx_latency=1ms tx_dur=1ms,22.506,
2732,10,288,2864709920,2026-07-14T15:30:41.978298+00:00,28.700145,48314,41,0202aac00120bcba005a5811460e29efbf1ffffffc2246cd1e00000fc0007ebfe9ed0737feebfff600,1,TX 41 seq=18834 rx_latency=1ms tx_dur=1ms,14.510,
2732,10,289,2864709921,2026-07-14T15:30:42.078298+00:00,28.800150,48414,41,0202aac00121bd1e005a5811460e29efbf1ffffffc2246cd1e00000fc0007ebfe9ed0737feebfff600,1,TX 41 seq=18835 rx_latency=1ms tx_dur=1ms,15.630,
2732,10,290,2864709922,2026-07-14T15:30:42.178296+00:00,28.900144,48514,41,0202aac00122bd82005a5811460e29efbf1ffffffc2246cd1e00000fc0007ebfe9ed0737feebfff600,1,TX 41 seq=18836 rx_latency=1ms tx_dur=1ms,18.194,
2732,10,291,2864709923,2026-07-14T15:30:42.278285+00:00,29.000129,48614,41,0202aac00123bde6005a5811460e29efbf1ffffffc2246cd1e00000fc0007ebfe9ed0737feebfff600,1,TX 41 seq=18837 rx_latency=1ms tx_dur=1ms,19.946,
2732,10,292,2864709924,2026-07-14T15:30:42.378290+00:00,29.100133,48714,41,0202aac00124be4a005a5811460e29efbf1ffffffc2246cd1e00000fc0007ebfe9ed0737feebfff600,1,TX 41 seq=18838 rx_latency=1ms tx_dur=1ms,21.636,
2732,10,293,2864709925,2026-07-14T15:30:42.478289+00:00,29.200129,48814,41,0202aac00125beae005a5811460e29efbf1ffffffc2246cd1e00000fc0007ebfe9ed0737feebfff600,1,TX 41 seq=18839 rx_latency=1ms tx_dur=1ms,14.593,
2732,10,294,2864709926,2026-07-14T15:30:42.578297+00:00,29.300143,48914,41,0202aac00126bf12005a5811460e29efbf1ffffffc2246cd1e00000fc0007ebfe9ed0737feebfff600,1,TX 41 seq=18840 rx_latency=1ms tx_dur=1ms,15.993,
2732,10,295,2864709927,2026-07-14T15:30:42.678289+00:00,29.400128,49014,41,0202aac00127bf76005a5811460e29efbf1ffffffc2246cd1e00000fc0007ebfe9ed0737feebfff600,1,TX 41 seq=18841 rx_latency=1ms tx_dur=1ms,17.843,
2732,10,296,2864709928,2026-07-14T15:30:42.778296+00:00,29.500138,49114,41,0202aac00128bfda005a5811460e29efbf1ffffffc2246cd1e00000fc0007ebfe9ed0737feebfff600,1,TX 41 seq=18842 rx_latency=1ms tx_dur=1ms,20.607,
2732,10,297,2864709929,2026-07-14T15:30:42.878296+00:00,29.600136,49214,41,0202aac00129c03e005a5811460e29efbf1ffffffc2246cd1e00000fc0007ebfe9ed0737feebfff600,1,TX 41 seq=18843 rx_latency=1ms tx_dur=1ms,22.369,
2732,10,298,2864709930,2026-07-14T15:30:42.978296+00:00,29.700140,49314,41,0202aac0012ac0a2005a5811460e29efbf1ffffffc2246cd1e00000fc0007ebfe9ed0737feebfff600,1,TX 41 seq=18844 rx_latency=1ms tx_dur=1ms,13.859,
2732,10,299,2864709931,2026-07-14T15:30:43.078292+00:00,29.800133,49414,41,0202aac0012bc106005a5811460e29efbf1ffffffc2246cd1e00000fc0007ebfe9ed0737feebfff600,1,TX 41 seq=18845 rx_latency=1ms tx_dur=1ms,15.689,
2732,10,300,2864709932,2026-07-14T15:30:43.178300+00:00,29.900152,49514,41,0202aac0012cc16a005a5811460e29efbf1ffffffc2246cd1e00000fc0007ebfe9ed0737feebfff600,1,TX 41 seq=18846 rx_latency=1ms tx_dur=1ms,18.384,
2732,10,301,2864709933,2026-07-14T15:30:43.278264+00:00,30.000116,49614,41,0202aac0012dc1ce005a5811460e29efbf1ffffffc2246cd1e00000fc0007ebfe9ed0737feebfff600,1,TX 41 seq=18847 rx_latency=1ms tx_dur=1ms,20.215,
2732,10,302,2864709934,2026-07-14T15:30:43.378298+00:00,30.100149,49714,41,0202aac0012ec232005a5811460e29efbf1ffffffc2246cd1e00000fc0007ebfe9ed0737feebfff600,1,TX 41 seq=18848 rx_latency=1ms tx_dur=1ms,21.615,
2732,10,303,2864709935,2026-07-14T15:30:43.478291+00:00,30.200133,49814,41,0202aac0012fc296005a5811460e29efbf1ffffffc2246cd1e00000fc0007ebfe9ed0737feebfff600,1,TX 41 seq=18849 rx_latency=1ms tx_dur=1ms,14.581,
2732,10,304,2864709936,2026-07-14T15:30:43.578296+00:00,30.300141,49914,41,0202aac00130c2fa005a5811460e29efbf1ffffffc2246cd1e00000fc0007ebfe9ed0737feebfff600,1,TX 41 seq=18850 rx_latency=1ms tx_dur=1ms,16.288,
2732,10,305,2864709937,2026-07-14T15:30:43.678318+00:00,30.400192,50014,41,0202aac00131c35e005a5811460e29efbf1ffffffc2246cd1e00000fc0007ebfe9ed0737feebfff600,1,TX 41 seq=18851 rx_latency=1ms tx_dur=1ms,17.950,
2732,10,306,2864709938,2026-07-14T15:30:43.778291+00:00,30.500135,50114,41,0202aac00132c3c2005a5811460e29efbf1ffffffc2246cd1e00000fc0007ebfe9ed0737feebfff600,1,TX 41 seq=18852 rx_latency=1ms tx_dur=1ms,20.107,
2732,10,307,2864709939,2026-07-14T15:30:43.878296+00:00,30.600141,50214,41,0202aac00133c426005a5811460e29efbf1ffffffc2246cd1e00000fc0007ebfe9ed0737feebfff600,1,TX 41 seq=18853 rx_latency=1ms tx_dur=1ms,22.192,
2732,10,308,2864709940,2026-07-14T15:30:43.978292+00:00,30.700135,50314,41,0202aac00134c48a005a5811460e29efbf1ffffffc2246cd1e00000fc0007ebfe9ed0737feebfff600,1,TX 41 seq=18854 rx_latency=1ms tx_dur=1ms,13.786,
2732,10,309,2864709941,2026-07-14T15:30:44.078297+00:00,30.800142,50414,41,0202aac00135c4ee005a5811460e29efbf1ffffffc2246cd1e00000fc0007ebfe9ed0737feebfff600,1,TX 41 seq=18855 rx_latency=1ms tx_dur=1ms,16.590,
2732,10,310,2864709942,2026-07-14T15:30:44.178303+00:00,30.900160,50514,41,0202aac00136c552005a5811460e29efbf1ffffffc2246cd1e00000fc0007ebfe9ed0737feebfff600,1,TX 41 seq=18856 rx_latency=1ms tx_dur=1ms,18.336,
2732,10,311,2864709943,2026-07-14T15:30:44.278301+00:00,31.000154,50614,41,0202aac00137c5b6005a5811460e29efbf1ffffffc2246cd1e00000fc0007ebfe9ed0737feebfff600,1,TX 41 seq=18857 rx_latency=1ms tx_dur=1ms,20.014,
2732,10,312,2864709944,2026-07-14T15:30:44.378291+00:00,31.100133,50714,41,0202aac00138c61a005a5811460e29efbf1ffffffc2246cd1e00000fc0007ebfe9ed0737feebfff600,1,TX 41 seq=18858 rx_latency=1ms tx_dur=1ms,22.249,
2732,10,313,2864709945,2026-07-14T15:30:44.478296+00:00,31.200142,50814,41,0202aac00139c67e005a5811460e29efbf1ffffffc2246cd1e00000fc0007ebfe9ed0737feebfff600,1,TX 41 seq=18859 rx_latency=1ms tx_dur=1ms,14.731,
2732,10,314,2864709946,2026-07-14T15:30:44.578291+00:00,31.300130,50914,41,0202aac0013ac6e2005a5811460e29efbf1ffffffc2246cd1e00000fc0007ebfe9ed0737feebfff600,1,TX 41 seq=18860 rx_latency=1ms tx_dur=1ms,15.805,
2732,10,315,2864709947,2026-07-14T15:30:44.678300+00:00,31.400146,51014,41,0202aac0013bc746005a5811460e29efbf1ffffffc2246cd1e00000fc0007ebfe9ed0737feebfff600,1,TX 41 seq=18861 rx_latency=1ms tx_dur=1ms,17.829,
2732,10,316,2864709948,2026-07-14T15:30:44.778298+00:00,31.500144,51114,41,0202aac0013cc7aa005a5811460e29efbf1ffffffc2246cd1e00000fc0007ebfe9ed0737feebfff600,1,TX 41 seq=18862 rx_latency=1ms tx_dur=1ms,19.975,
2732,10,317,2864709949,2026-07-14T15:30:44.878290+00:00,31.600130,51214,41,0202aac0013dc80e005a5811460e29efbf1ffffffc2246cd1e00000fc0007ebfe9ed0737feebfff600,1,TX 41 seq=18863 rx_latency=1ms tx_dur=1ms,22.595,
2732,10,318,2864709950,2026-07-14T15:30:44.978314+00:00,31.700188,51314,41,0202aac0013ec872005a5811460e29efbf1ffffffc2246cd1e00000fc0007ebfe9ed0737feebfff600,1,TX 41 seq=18864 rx_latency=1ms tx_dur=1ms,24.238,
2732,10,319,2864709951,2026-07-14T15:30:45.078293+00:00,31.800138,51414,41,0202aac0013fc8d6005a5811460e29efbf1ffffffc2246cd1e00000fc0007ebfe9ed0737feebfff600,1,TX 41 seq=18865 rx_latency=1ms tx_dur=1ms,16.097,
2732,10,320,2864709952,2026-07-14T15:30:45.178270+00:00,31.900115,51514,41,0202aac00140c93a005a5811460e29efbf1ffffffc2246cd1e00000fc0007ebfe9ed0737feebfff600,1,TX 41 seq=18866 rx_latency=1ms tx_dur=1ms,17.863,
2732,10,321,2864709953,2026-07-14T15:30:45.278293+00:00,32.000137,51614,41,0202aac00141c99e005a5811460e29efbf1ffffffc2246cd1e00000fc0007ebfe9ed0737feebfff600,1,TX 41 seq=18867 rx_latency=1ms tx_dur=1ms,20.427,
2732,10,322,2864709954,2026-07-14T15:30:45.378245+00:00,32.100106,51714,41,0202aac00142ca02005a5811460e29efbf1ffffffc2246cd1e00000fc0007ebfe9ed0737feebfff600,1,TX 41 seq=18868 rx_latency=1ms tx_dur=1ms,22.177,
2732,10,323,2864709955,2026-07-14T15:30:45.478294+00:00,32.200138,51814,41,0202aac00143ca66005a5811460e29efbf1ffffffc2246cd1e00000fc0007ebfe9ed0737feebfff600,1,TX 41 seq=18869 rx_latency=1ms tx_dur=1ms,13.946,
2732,10,324,2864709956,2026-07-14T15:30:45.578259+00:00,32.300105,51914,41,0202aac00144caca005a5811460e29efbf1ffffffc2246cd1e00000fc0007ebfe9ed0737feebfff600,1,TX 41 seq=18870 rx_latency=1ms tx_dur=1ms,15.702,
2732,10,325,2864709957,2026-07-14T15:30:45.678290+00:00,32.400129,52014,41,0202aac00145cb2e005a5811460e29efbf1ffffffc2246cd1e00000fc0007ebfe9ed0737feebfff600,1,TX 41 seq=18871 rx_latency=1ms tx_dur=1ms,17.748,
2732,10,326,2864709958,2026-07-14T15:30:45.778299+00:00,32.500146,52114,41,0202aac00146cb92005a5811460e29efbf1ffffffc2246cd1e00000fc0007ebfe9ed0737feebfff600,1,TX 41 seq=18872 rx_latency=1ms tx_dur=1ms,20.192,
2732,10,327,2864709959,2026-07-14T15:30:45.878299+00:00,32.600146,52214,41,0202aac00147cbf6005a5811460e29efbf1ffffffc2246cd1e00000fc0007ebfe9ed0737feebfff600,1,TX 41 seq=18873 rx_latency=1ms tx_dur=1ms,22.344,
2732,10,328,2864709960,2026-07-14T15:30:45.978291+00:00,32.700133,52314,41,0202aac00148cc5a005a5811460e29efbf1ffffffc2246cd1e00000fc0007ebfe9ed0737feebfff600,1,TX 41 seq=18874 rx_latency=1ms tx_dur=1ms,14.470,
2732,10,329,2864709961,2026-07-14T15:30:46.078298+00:00,32.800145,52414,41,0202aac00149ccbe005a5811460e29efbf1ffffffc2246cd1e00000fc0007ebfe9ed0737feebfff600,1,TX 41 seq=18875 rx_latency=1ms tx_dur=1ms,15.793,
2732,10,330,2864709962,2026-07-14T15:30:46.178295+00:00,32.900137,52514,41,0202aac0014acd22005a5811460e29efbf1ffffffc2246cd1e00000fc0007ebfe9ed0737feebfff600,1,TX 41 seq=18876 rx_latency=1ms tx_dur=1ms,17.973,
2732,10,331,2864709963,2026-07-14T15:30:46.278296+00:00,33.000137,52614,41,0202aac0014bcd86005a5811460e29efbf1ffffffc2246cd1e00000fc0007ebfe9ed0737feebfff600,1,TX 41 seq=18877 rx_latency=1ms tx_dur=1ms,20.032,
2732,10,332,2864709964,2026-07-14T15:30:46.378303+00:00,33.100156,52714,41,0202aac0014ccdea005a5811460e29efbf1ffffffc2246cd1e00000fc0007ebfe9ed0737feebfff600,1,TX 41 seq=18878 rx_latency=1ms tx_dur=1ms,22.452,
2732,10,333,2864709965,2026-07-14T15:30:46.478293+00:00,33.200135,52814,41,0202aac0014dce4e005a5811460e29efbf1ffffffc2246cd1e00000fc0007ebfe9ed0737feebfff600,1,TX 41 seq=18879 rx_latency=1ms tx_dur=1ms,14.688,
2732,10,334,2864709966,2026-07-14T15:30:46.578298+00:00,33.300143,52914,41,0202aac0014eceb2005a5811460e29efbf1ffffffc2246cd1e00000fc0007ebfe9ed0737feebfff600,1,TX 41 seq=18880 rx_latency=1ms tx_dur=1ms,15.610,
2732,10,335,2864709967,2026-07-14T15:30:46.678295+00:00,33.400137,53014,41,0202aac0014fcf16005a5811460e29efbf1ffffffc2246cd1e00000fc0007ebfe9ed0737feebfff600,1,TX 41 seq=18881 rx_latency=1ms tx_dur=1ms,17.778,
2732,10,336,2864709968,2026-07-14T15:30:46.778295+00:00,33.500137,53114,41,0202aac00150cf7a005a5811460e29efbf1ffffffc2246cd1e00000fc0007ebfe9ed0737feebfff600,1,TX 41 seq=18882 rx_latency=1ms tx_dur=1ms,20.415,
2732,10,337,2864709969,2026-07-14T15:30:46.878297+00:00,33.600141,53214,41,0202aac00151cfde005a5811460e29efbf1ffffffc2246cd1e00000fc0007ebfe9ed0737feebfff600,1,TX 41 seq=18883 rx_latency=1ms tx_dur=1ms,22.138,
2732,10,338,2864709970,2026-07-14T15:30:46.978296+00:00,33.700139,53314,41,0202aac00152d042005a5811460e29efbf1ffffffc2246cd1e00000fc0007ebfe9ed0737feebfff600,1,TX 41 seq=18884 rx_latency=1ms tx_dur=1ms,13.913,
2732,10,339,2864709971,2026-07-14T15:30:47.078290+00:00,33.800132,53414,41,0202aac00153d0a6005a5811460e29efbf1ffffffc2246cd1e00000fc0007ebfe9ed0737feebfff600,1,TX 41 seq=18885 rx_latency=1ms tx_dur=1ms,16.729,
2732,10,340,2864709972,2026-07-14T15:30:47.178299+00:00,33.900141,53514,41,0202aac00154d10a005a5811460e29efbf1ffffffc2246cd1e00000fc0007ebfe9ed0737feebfff600,1,TX 41 seq=18886 rx_latency=1ms tx_dur=1ms,18.229,
2732,10,341,2864709973,2026-07-14T15:30:47.278289+00:00,34.000129,53614,41,0202aac00155d16e005a5811460e29efbf1ffffffc2246cd1e00000fc0007ebfe9ed0737feebfff600,1,TX 41 seq=18887 rx_latency=1ms tx_dur=1ms,19.962,
2732,10,342,2864709974,2026-07-14T15:30:47.378297+00:00,34.100140,53714,41,0202aac00156d1d2005a5811460e29efbf1ffffffc2246cd1e00000fc0007ebfe9ed0737feebfff600,1,TX 41 seq=18888 rx_latency=1ms tx_dur=1ms,21.723,
2732,10,343,2864709975,2026-07-14T15:30:47.478294+00:00,34.200141,53814,41,0202aac00157d236005a5811460e29efbf1ffffffc2246cd1e00000fc0007ebfe9ed0737feebfff600,1,TX 41 seq=18889 rx_latency=1ms tx_dur=1ms,14.561,
2732,10,344,2864709976,2026-07-14T15:30:47.578298+00:00,34.300144,53914,41,0202aac00158d29a005a5811460e29efbf1ffffffc2246cd1e00000fc0007ebfe9ed0737feebfff600,1,TX 41 seq=18890 rx_latency=1ms tx_dur=1ms,16.061,
2732,10,345,2864709977,2026-07-14T15:30:47.678300+00:00,34.400156,54014,41,0202aac00159d2fe005a5811460e29efbf1ffffffc2246cd1e00000fc0007ebfe9ed0737feebfff600,1,TX 41 seq=18891 rx_latency=1ms tx_dur=1ms,17.746,
2732,10,346,2864709978,2026-07-14T15:30:47.778297+00:00,34.500145,54114,41,0202aac0015ad362005a5811460e29efbf1ffffffc2246cd1e00000fc0007ebfe9ed0737feebfff600,1,TX 41 seq=18892 rx_latency=1ms tx_dur=1ms,20.623,
2732,10,347,2864709979,2026-07-14T15:30:47.878291+00:00,34.600131,54214,41,0202aac0015bd3c6005a5811460e29efbf1ffffffc2246cd1e00000fc0007ebfe9ed0737feebfff600,1,TX 41 seq=18893 rx_latency=1ms tx_dur=1ms,22.337,
2732,10,348,2864709980,2026-07-14T15:30:47.978298+00:00,34.700146,54314,41,0202aac0015cd42a005a5811460e29efbf1ffffffc2246cd1e00000fc0007ebfe9ed0737feebfff600,1,TX 41 seq=18894 rx_latency=1ms tx_dur=1ms,14.559,
2732,10,349,2864709981,2026-07-14T15:30:48.078291+00:00,34.800133,54414,41,0202aac0015dd48e005a5811460e29efbf1ffffffc2246cd1e00000fc0007ebfe9ed0737feebfff600,1,TX 41 seq=18895 rx_latency=1ms tx_dur=1ms,16.741,
2732,10,350,2864709982,2026-07-14T15:30:48.178299+00:00,34.900148,54514,41,0202aac0015ed4f2005a5811460e29efbf1ffffffc2246cd1e00000fc0007ebfe9ed0737feebfff600,1,TX 41 seq=18896 rx_latency=1ms tx_dur=1ms,18.237,
2732,10,351,2864709983,2026-07-14T15:30:48.278291+00:00,35.000131,54614,41,0202aac0015fd556005a5811460e29efbf1ffffffc2246cd1e00000fc0007ebfe9ed0737feebfff600,1,TX 41 seq=18897 rx_latency=1ms tx_dur=1ms,19.959,
2732,10,352,2864709984,2026-07-14T15:30:48.378295+00:00,35.100139,54714,41,0202aac00160d5ba005a5811460e29efbf1ffffffc2246cd1e00000fc0007ebfe9ed0737feebfff600,1,TX 41 seq=18898 rx_latency=1ms tx_dur=1ms,21.711,
2732,10,353,2864709985,2026-07-14T15:30:48.478297+00:00,35.200142,54814,41,0202aac00161d61e005a5811460e29efbf1ffffffc2246cd1e00000fc0007ebfe9ed0737feebfff600,1,TX 41 seq=18899 rx_latency=1ms tx_dur=1ms,14.566,
2732,10,354,2864709986,2026-07-14T15:30:48.578297+00:00,35.300140,54914,41,0202aac00162d682005a5811460e29efbf1ffffffc2246cd1e00000fc0007ebfe9ed0737feebfff600,1,TX 41 seq=18900 rx_latency=1ms tx_dur=1ms,16.089,
2732,10,355,2864709987,2026-07-14T15:30:48.678307+00:00,35.400170,55014,41,0202aac00163d6e6005a5811460e29efbf1ffffffc2246cd1e00000fc0007ebfe9ed0737feebfff600,1,TX 41 seq=18901 rx_latency=1ms tx_dur=1ms,17.743,
2732,10,356,2864709988,2026-07-14T15:30:48.778299+00:00,35.500147,55114,41,0202aac00164d74a005a5811460e29efbf1ffffffc2246cd1e00000fc0007ebfe9ed0737feebfff600,1,TX 41 seq=18902 rx_latency=1ms tx_dur=1ms,20.631,
2732,10,357,2864709989,2026-07-14T15:30:48.878292+00:00,35.600133,55214,41,0202aac00165d7ae005a5811460e29efbf1ffffffc2246cd1e00000fc0007ebfe9ed0737feebfff600,1,TX 41 seq=18903 rx_latency=1ms tx_dur=1ms,22.327,
2732,10,358,2864709990,2026-07-14T15:30:48.978297+00:00,35.700142,55314,41,0202aac00166d812005a5811460e29efbf1ffffffc2246cd1e00000fc0007ebfe9ed0737feebfff600,1,TX 41 seq=18904 rx_latency=1ms tx_dur=1ms,13.925,
2732,10,359,2864709991,2026-07-14T15:30:49.078299+00:00,35.800144,55414,41,0202aac00167d876005a5811460e29efbf1ffffffc2246cd1e00000fc0007ebfe9ed0737feebfff600,1,TX 41 seq=18905 rx_latency=1ms tx_dur=1ms,15.636,
2732,10,360,2864709992,2026-07-14T15:30:49.178300+00:00,35.900149,55514,41,0202aac00168d8da005a5811460e29efbf1ffffffc2246cd1e00000fc0007ebfe9ed0737feebfff600,1,TX 41 seq=18906 rx_latency=1ms tx_dur=1ms,18.470,
2732,10,361,2864709993,2026-07-14T15:30:49.278306+00:00,36.000164,55614,41,0202aac00169d93e005a5811460e29efbf1ffffffc2246cd1e00000fc0007ebfe9ed0737feebfff600,1,TX 41 seq=18907 rx_latency=1ms tx_dur=1ms,20.154,
2732,10,362,2864709994,2026-07-14T15:30:49.378293+00:00,36.100135,55714,41,0202aac0016ad9a2005a5811460e29efbf1ffffffc2246cd1e00000fc0007ebfe9ed0737feebfff600,1,TX 41 seq=18908 rx_latency=1ms tx_dur=1ms,22.251,
2732,10,363,2864709995,2026-07-14T15:30:49.478298+00:00,36.200144,55814,41,0202aac0016bda06005a5811460e29efbf1ffffffc2246cd1e00000fc0007ebfe9ed0737feebfff600,1,TX 41 seq=18909 rx_latency=1ms tx_dur=1ms,14.445,
2732,10,364,2864709996,2026-07-14T15:30:49.578292+00:00,36.300132,55914,41,0202aac0016cda6a005a5811460e29efbf1ffffffc2246cd1e00000fc0007ebfe9ed0737feebfff600,1,TX 41 seq=18910 rx_latency=1ms tx_dur=1ms,15.981,
2732,10,365,2864709997,2026-07-14T15:30:49.678316+00:00,36.400193,56014,41,0202aac0016ddace005a5811460e29efbf1ffffffc2246cd1e00000fc0007ebfe9ed0737feebfff600,1,TX 41 seq=18911 rx_latency=1ms tx_dur=1ms,18.707,
2732,10,366,2864709998,2026-07-14T15:30:49.778300+00:00,36.500157,56114,41,0202aac0016edb32005a5811460e29efbf1ffffffc2246cd1e00000fc0007ebfe9ed0737feebfff600,1,TX 41 seq=18912 rx_latency=1ms tx_dur=1ms,20.437,
2732,10,367,2864709999,2026-07-14T15:30:49.878230+00:00,36.600079,56214,41,0202aac0016fdb96005a5811460e29efbf1ffffffc2246cd1e00000fc0007ebfe9ed0737feebfff600,1,TX 41 seq=18913 rx_latency=1ms tx_dur=1ms,22.309,
2732,10,368,2864710000,2026-07-14T15:30:49.978292+00:00,36.700134,56314,41,0202aac00170dbfa005a5811460e29efbf1ffffffc2246cd1e00000fc0007ebfe9ed0737feebfff600,1,TX 41 seq=18914 rx_latency=1ms tx_dur=1ms,13.829,
2732,10,369,2864710001,2026-07-14T15:30:50.078315+00:00,36.800185,56414,41,0202aac00171dc5e005a5811460e29efbf1ffffffc2246cd1e00000fc0007ebfe9ed0737feebfff600,1,TX 41 seq=18915 rx_latency=1ms tx_dur=1ms,16.497,
2732,10,370,2864710002,2026-07-14T15:30:50.178298+00:00,36.900150,56514,41,0202aac00172dcc2005a5811460e29efbf1ffffffc2246cd1e00000fc0007ebfe9ed0737feebfff600,1,TX 41 seq=18916 rx_latency=1ms tx_dur=1ms,18.337,
2732,10,371,2864710003,2026-07-14T15:30:50.278273+00:00,37.000124,56614,41,0202aac00173dd26005a5811460e29efbf1ffffffc2246cd1e00000fc0007ebfe9ed0737feebfff600,1,TX 41 seq=18917 rx_latency=1ms tx_dur=1ms,20.094,
2732,10,372,2864710004,2026-07-14T15:30:50.378292+00:00,37.100133,56714,41,0202aac00174dd8a005a5811460e29efbf1ffffffc2246cd1e00000fc0007ebfe9ed0737feebfff600,1,TX 41 seq=18918 rx_latency=1ms tx_dur=1ms,22.139,
2732,10,373,2864710005,2026-07-14T15:30:50.478297+00:00,37.200140,56814,41,0202aac00175ddee005a5811460e29efbf1ffffffc2246cd1e00000fc0007ebfe9ed0737feebfff600,1,TX 41 seq=18919 rx_latency=1ms tx_dur=1ms,14.664,
2732,10,374,2864710006,2026-07-14T15:30:50.578297+00:00,37.300141,56914,41,0202aac00176de52005a5811460e29efbf1ffffffc2246cd1e00000fc0007ebfe9ed0737feebfff600,1,TX 41 seq=18920 rx_latency=1ms tx_dur=1ms,15.713,
2732,10,375,2864710007,2026-07-14T15:30:50.678297+00:00,37.400137,57014,41,0202aac00177deb6005a5811460e29efbf1ffffffc2246cd1e00000fc0007ebfe9ed0737feebfff600,1,TX 41 seq=18921 rx_latency=1ms tx_dur=1ms,17.766,
2732,10,376,2864710008,2026-07-14T15:30:50.778295+00:00,37.500135,57114,41,0202aac00178df1a005a5811460e29efbf1ffffffc2246cd1e00000fc0007ebfe9ed0737feebfff600,1,TX 41 seq=18922 rx_latency=1ms tx_dur=1ms,20.247,
2732,10,377,2864710009,2026-07-14T15:30:50.878305+00:00,37.600161,57214,41,0202aac00179df7e005a5811460e29efbf1ffffffc2246cd1e00000fc0007ebfe9ed0737feebfff600,1,TX 41 seq=18923 rx_latency=1ms tx_dur=1ms,22.330,
2732,10,378,2864710010,2026-07-14T15:30:50.978292+00:00,37.700134,57314,41,0202aac0017adfe2005a5811460e29efbf1ffffffc2246cd1e00000fc0007ebfe9ed0737feebfff600,1,TX 41 seq=18924 rx_latency=1ms tx_dur=1ms,14.512,
2732,10,379,2864710011,2026-07-14T15:30:51.078296+00:00,37.800139,57414,41,0202aac0017be046005a5811460e29efbf1ffffffc2246cd1e00000fc0007ebfe9ed0737feebfff600,1,TX 41 seq=18925 rx_latency=1ms tx_dur=1ms,15.846,
2732,10,380,2864710012,2026-07-14T15:30:51.178294+00:00,37.900137,57514,41,0202aac0017ce0aa005a5811460e29efbf1ffffffc2246cd1e00000fc0007ebfe9ed0737feebfff600,1,TX 41 seq=18926 rx_latency=1ms tx_dur=1ms,18.006,
2732,10,381,2864710013,2026-07-14T15:30:51.278297+00:00,38.000139,57614,41,0202aac0017de10e005a5811460e29efbf1ffffffc2246cd1e00000fc0007ebfe9ed0737feebfff600,1,TX 41 seq=18927 rx_latency=1ms tx_dur=1ms,20.056,
2732,10,382,2864710014,2026-07-14T15:30:51.378296+00:00,38.100138,57714,41,0202aac0017ee172005a5811460e29efbf1ffffffc2246cd1e00000fc0007ebfe9ed0737feebfff600,1,TX 41 seq=18928 rx_latency=1ms tx_dur=1ms,22.224,
2732,10,383,2864710015,2026-07-14T15:30:51.478291+00:00,38.200131,57814,41,0202aac0017fe1d6005a5811460e29efbf1ffffffc2246cd1e00000fc0007ebfe9ed0737feebfff600,1,TX 41 seq=18929 rx_latency=1ms tx_dur=1ms,13.781,
2732,10,384,2864710016,2026-07-14T15:30:51.578295+00:00,38.300139,57914,41,0202aac00180e23a005a5811460e29efbf1ffffffc2246cd1e00000fc0007ebfe9ed0737feebfff600,1,TX 41 seq=18930 rx_latency=1ms tx_dur=1ms,16.605,
2732,10,385,2864710017,2026-07-14T15:30:51.678300+00:00,38.400153,58014,41,0202aac00181e29e005a5811460e29efbf1ffffffc2246cd1e00000fc0007ebfe9ed0737feebfff600,1,TX 41 seq=18931 rx_latency=1ms tx_dur=1ms,18.368,
2732,10,386,2864710018,2026-07-14T15:30:51.778300+00:00,38.500157,58114,41,0202aac00182e302005a5811460e29efbf1ffffffc2246cd1e00000fc0007ebfe9ed0737feebfff600,1,TX 41 seq=18932 rx_latency=1ms tx_dur=1ms,19.960,
2732,10,387,2864710019,2026-07-14T15:30:51.878301+00:00,38.600151,58214,41,0202aac00183e366005a5811460e29efbf1ffffffc2246cd1e00000fc0007ebfe9ed0737feebfff600,1,TX 41 seq=18933 rx_latency=1ms tx_dur=1ms,22.638,
2732,10,388,2864710020,2026-07-14T15:30:51.978279+00:00,38.700118,58314,41,0202aac00184e3ca005a5811460e29efbf1ffffffc2246cd1e00000fc0007ebfe9ed0737feebfff600,1,TX 41 seq=18934 rx_latency=1ms tx_dur=1ms,14.465,
2732,10,389,2864710021,2026-07-14T15:30:52.078299+00:00,38.800144,58414,41,0202aac00185e42e005a5811460e29efbf1ffffffc2246cd1e00000fc0007ebfe9ed0737feebfff600,1,TX 41 seq=18935 rx_latency=1ms tx_dur=1ms,16.146,
2732,10,390,2864710022,2026-07-14T15:30:52.178293+00:00,38.900136,58514,41,0202aac00186e492005a5811460e29efbf1ffffffc2246cd1e00000fc0007ebfe9ed0737feebfff600,1,TX 41 seq=18936 rx_latency=1ms tx_dur=1ms,17.869,
2732,10,391,2864710023,2026-07-14T15:30:52.278301+00:00,39.000151,58614,41,0202aac00187e4f6005a5811460e29efbf1ffffffc2246cd1e00000fc0007ebfe9ed0737feebfff600,1,TX 41 seq=18937 rx_latency=1ms tx_dur=1ms,20.482,
2732,10,392,2864710024,2026-07-14T15:30:52.378292+00:00,39.100133,58714,41,0202aac00188e55a005a5811460e29efbf1ffffffc2246cd1e00000fc0007ebfe9ed0737feebfff600,1,TX 41 seq=18938 rx_latency=1ms tx_dur=1ms,22.201,
2732,10,393,2864710025,2026-07-14T15:30:52.478296+00:00,39.200137,58814,41,0202aac00189e5be005a5811460e29efbf1ffffffc2246cd1e00000fc0007ebfe9ed0737feebfff600,1,TX 41 seq=18939 rx_latency=1ms tx_dur=1ms,13.999,
2732,10,394,2864710026,2026-07-14T15:30:52.578296+00:00,39.300138,58914,41,0202aac0018ae622005a5811460e29efbf1ffffffc2246cd1e00000fc0007ebfe9ed0737feebfff600,1,TX 41 seq=18940 rx_latency=1ms tx_dur=1ms,15.728,
2732,10,395,2864710027,2026-07-14T15:30:52.678296+00:00,39.400140,59014,41,0202aac0018be686005a5811460e29efbf1ffffffc2246cd1e00000fc0007ebfe9ed0737feebfff600,1,TX 41 seq=18941 rx_latency=1ms tx_dur=1ms,17.769,
2732,10,396,2864710028,2026-07-14T15:30:52.778296+00:00,39.500139,59114,41,0202aac0018ce6ea005a5811460e29efbf1ffffffc2246cd1e00000fc0007ebfe9ed0737feebfff600,1,TX 41 seq=18942 rx_latency=1ms tx_dur=1ms,20.256,
2732,10,397,2864710029,2026-07-14T15:30:52.878295+00:00,39.600137,59214,41,0202aac0018de74e005a5811460e29efbf1ffffffc2246cd1e00000fc0007ebfe9ed0737feebfff600,1,TX 41 seq=18943 rx_latency=1ms tx_dur=1ms,22.421,
2732,10,398,2864710030,2026-07-14T15:30:52.978307+00:00,39.700172,59314,41,0202aac0018ee7b2005a5811460e29efbf1ffffffc2246cd1e00000fc0007ebfe9ed0737feebfff600,1,TX 41 seq=18944 rx_latency=1ms tx_dur=1ms,13.889,
2732,10,399,2864710031,2026-07-14T15:30:53.078299+00:00,39.800149,59414,41,0202aac0018fe816005a5811460e29efbf1ffffffc2246cd1e00000fc0007ebfe9ed0737feebfff600,1,TX 41 seq=18945 rx_latency=1ms tx_dur=1ms,15.667,
2732,10,400,2864710032,2026-07-14T15:30:53.178296+00:00,39.900144,59514,41,0202aac00190e87a005a5811460e29efbf1ffffffc2246cd1e00000fc0007ebfe9ed0737feebfff600,1,TX 41 seq=18946 rx_latency=1ms tx_dur=1ms,18.479,
2732,10,401,2864710033,2026-07-14T15:30:53.278304+00:00,40.000165,59614,41,0202aac00191e8de005a5811460e29efbf1ffffffc2246cd1e00000fc0007ebfe9ed0737feebfff600,1,TX 41 seq=18947 rx_latency=1ms tx_dur=1ms,20.170,
2732,10,402,2864710034,2026-07-14T15:30:53.378292+00:00,40.100135,59714,41,0202aac00192e942005a5811460e29efbf1ffffffc2246cd1e00000fc0007ebfe9ed0737feebfff600,1,TX 41 seq=18948 rx_latency=1ms tx_dur=1ms,22.279,
2732,10,403,2864710035,2026-07-14T15:30:53.478298+00:00,40.200144,59814,41,0202aac00193e9a6005a5811460e29efbf1ffffffc2246cd1e00000fc0007ebfe9ed0737feebfff600,1,TX 41 seq=18949 rx_latency=1ms tx_dur=1ms,14.484,
2732,10,404,2864710036,2026-07-14T15:30:53.578290+00:00,40.300129,59914,41,0202aac00194ea0a005a5811460e29efbf1ffffffc2246cd1e00000fc0007ebfe9ed0737feebfff600,1,TX 41 seq=18950 rx_latency=1ms tx_dur=1ms,16.023,
2732,10,405,2864710037,2026-07-14T15:30:53.678300+00:00,40.400145,60014,41,0202aac00195ea6e005a5811460e29efbf1ffffffc2246cd1e00000fc0007ebfe9ed0737feebfff600,1,TX 41 seq=18951 rx_latency=1ms tx_dur=1ms,17.712,
2732,10,406,2864710038,2026-07-14T15:30:53.778298+00:00,40.500141,60114,41,0202aac00196ead2005a5811460e29efbf1ffffffc2246cd1e00000fc0007ebfe9ed0737feebfff600,1,TX 41 seq=18952 rx_latency=1ms tx_dur=1ms,20.562,
2732,10,407,2864710039,2026-07-14T15:30:53.878297+00:00,40.600139,60214,41,0202aac00197eb36005a5811460e29efbf1ffffffc2246cd1e00000fc0007ebfe9ed0737feebfff600,1,TX 41 seq=18953 rx_latency=1ms tx_dur=1ms,22.292,
2732,10,408,2864710040,2026-07-14T15:30:53.978296+00:00,40.700138,60314,41,0202aac00198eb9a005a5811460e29efbf1ffffffc2246cd1e00000fc0007ebfe9ed0737feebfff600,1,TX 41 seq=18954 rx_latency=1ms tx_dur=1ms,13.844,
2732,10,409,2864710041,2026-07-14T15:30:54.078296+00:00,40.800135,60414,41,0202aac00199ebfe005a5811460e29efbf1ffffffc2246cd1e00000fc0007ebfe9ed0737feebfff600,1,TX 41 seq=18955 rx_latency=1ms tx_dur=1ms,16.683,
2732,10,410,2864710042,2026-07-14T15:30:54.178298+00:00,40.900142,60514,41,0202aac0019aec62005a5811460e29efbf1ffffffc2246cd1e00000fc0007ebfe9ed0737feebfff600,1,TX 41 seq=18956 rx_latency=1ms tx_dur=1ms,18.408,
2732,10,411,2864710043,2026-07-14T15:30:54.278291+00:00,41.000131,60614,41,0202aac0019becc6005a5811460e29efbf1ffffffc2246cd1e00000fc0007ebfe9ed0737feebfff600,1,TX 41 seq=18957 rx_latency=1ms tx_dur=1ms,20.110,
2732,10,412,2864710044,2026-07-14T15:30:54.378296+00:00,41.100138,60714,41,0202aac0019ced2a005a5811460e29efbf1ffffffc2246cd1e00000fc0007ebfe9ed0737feebfff600,1,TX 41 seq=18958 rx_latency=1ms tx_dur=1ms,22.178,
2732,10,413,2864710045,2026-07-14T15:30:54.478297+00:00,41.200139,60814,41,0202aac0019ded8e005a5811460e29efbf1ffffffc2246cd1e00000fc0007ebfe9ed0737feebfff600,1,TX 41 seq=18959 rx_latency=1ms tx_dur=1ms,14.696,
2732,10,414,2864710046,2026-07-14T15:30:54.578295+00:00,41.300136,60914,41,0202aac0019eedf2005a5811460e29efbf1ffffffc2246cd1e00000fc0007ebfe9ed0737feebfff600,1,TX 41 seq=18960 rx_latency=1ms tx_dur=1ms,15.751,
2732,10,415,2864710047,2026-07-14T15:30:54.678297+00:00,41.400138,61014,41,0202aac0019fee56005a5811460e29efbf1ffffffc2246cd1e00000fc0007ebfe9ed0737feebfff600,1,TX 41 seq=18961 rx_latency=1ms tx_dur=1ms,17.793,
2732,10,416,2864710048,2026-07-14T15:30:54.778297+00:00,41.500137,61114,41,0202aac001a0eeba005a5811460e29efbf1ffffffc2246cd1e00000fc0007ebfe9ed0737feebfff600,1,TX 41 seq=18962 rx_latency=1ms tx_dur=1ms,20.276,
2732,10,417,2864710049,2026-07-14T15:30:54.878296+00:00,41.600137,61214,41,0202aac001a1ef1e005a5811460e29efbf1ffffffc2246cd1e00000fc0007ebfe9ed0737feebfff600,1,TX 41 seq=18963 rx_latency=1ms tx_dur=1ms,22.429,
2732,10,418,2864710050,2026-07-14T15:30:54.978297+00:00,41.700138,61314,41,0202aac001a2ef82005a5811460e29efbf1ffffffc2246cd1e00000fc0007ebfe9ed0737feebfff600,1,TX 41 seq=18964 rx_latency=1ms tx_dur=1ms,14.503,
2732,10,419,2864710051,2026-07-14T15:30:55.078295+00:00,41.800136,61414,41,0202aac001a3efe6005a5811460e29efbf1ffffffc2246cd1e00000fc0007ebfe9ed0737feebfff600,1,TX 41 seq=18965 rx_latency=1ms tx_dur=1ms,16.670,
2732,10,420,2864710052,2026-07-14T15:30:55.178291+00:00,41.900132,61514,41,0202aac001a4f04a005a5811460e29efbf1ffffffc2246cd1e00000fc0007ebfe9ed0737feebfff600,1,TX 41 seq=18966 rx_latency=1ms tx_dur=1ms,18.209,
2732,10,421,2864710053,2026-07-14T15:30:55.278298+00:00,42.000144,61614,41,0202aac001a5f0ae005a5811460e29efbf1ffffffc2246cd1e00000fc0007ebfe9ed0737feebfff600,1,TX 41 seq=18967 rx_latency=1ms tx_dur=1ms,19.893,
2732,10,422,2864710054,2026-07-14T15:30:55.378295+00:00,42.100136,61714,41,0202aac001a6f112005a5811460e29efbf1ffffffc2246cd1e00000fc0007ebfe9ed0737feebfff600,1,TX 41 seq=18968 rx_latency=1ms tx_dur=1ms,21.670,
2732,10,423,2864710055,2026-07-14T15:30:55.478294+00:00,42.200135,61814,41,0202aac001a7f176005a5811460e29efbf1ffffffc2246cd1e00000fc0007ebfe9ed0737feebfff600,1,TX 41 seq=18969 rx_latency=1ms tx_dur=1ms,14.505,
2732,10,424,2864710056,2026-07-14T15:30:55.578296+00:00,42.300137,61914,41,0202aac001a8f1da005a5811460e29efbf1ffffffc2246cd1e00000fc0007ebfe9ed0737feebfff600,1,TX 41 seq=18970 rx_latency=1ms tx_dur=1ms,16.075,
2732,10,425,2864710057,2026-07-14T15:30:55.678261+00:00,42.400128,62014,41,0202aac001a9f23e005a5811460e29efbf1ffffffc2246cd1e00000fc0007ebfe9ed0737feebfff600,1,TX 41 seq=18971 rx_latency=1ms tx_dur=1ms,17.673,
2732,10,426,2864710058,2026-07-14T15:30:55.778303+00:00,42.500155,62114,41,0202aac001aaf2a2005a5811460e29efbf1ffffffc2246cd1e00000fc0007ebfe9ed0737feebfff600,1,TX 41 seq=18972 rx_latency=1ms tx_dur=1ms,20.538,
2732,10,427,2864710059,2026-07-14T15:30:55.878291+00:00,42.600133,62214,41,0202aac001abf306005a5811460e29efbf1ffffffc2246cd1e00000fc0007ebfe9ed0737feebfff600,1,TX 41 seq=18973 rx_latency=1ms tx_dur=1ms,22.258,
2732,10,428,2864710060,2026-07-14T15:30:55.978297+00:00,42.700142,62314,41,0202aac001acf36a005a5811460e29efbf1ffffffc2246cd1e00000fc0007ebfe9ed0737feebfff600,1,TX 41 seq=18974 rx_latency=1ms tx_dur=1ms,13.845,
2732,10,429,2864710061,2026-07-14T15:30:56.078257+00:00,42.800101,62414,41,0202aac001adf3ce005a5811460e29efbf1ffffffc2246cd1e00000fc0007ebfe9ed0737feebfff600,1,TX 41 seq=18975 rx_latency=1ms tx_dur=1ms,16.735,
2732,10,430,2864710062,2026-07-14T15:30:56.178299+00:00,42.900146,62514,41,0202aac001aef432005a5811460e29efbf1ffffffc2246cd1e00000fc0007ebfe9ed0737feebfff600,1,TX 41 seq=18976 rx_latency=1ms tx_dur=1ms,18.398,
2732,10,431,2864710063,2026-07-14T15:30:56.278292+00:00,43.000133,62614,41,0202aac001aff496005a5811460e29efbf1ffffffc2246cd1e00000fc0007ebfe9ed0737feebfff600,1,TX 41 seq=18977 rx_latency=1ms tx_dur=1ms,20.105,
2732,10,432,2864710064,2026-07-14T15:30:56.378299+00:00,43.100143,62714,41,0202aac001b0f4fa005a5811460e29efbf1ffffffc2246cd1e00000fc0007ebfe9ed0737feebfff600,1,TX 41 seq=18978 rx_latency=1ms tx_dur=1ms,21.680,
2732,10,433,2864710065,2026-07-14T15:30:56.478298+00:00,43.200141,62814,41,0202aac001b1f55e005a5811460e29efbf1ffffffc2246cd1e00000fc0007ebfe9ed0737feebfff600,1,TX 41 seq=18979 rx_latency=1ms tx_dur=1ms,14.522,
2732,10,434,2864710066,2026-07-14T15:30:56.578296+00:00,43.300137,62914,41,0202aac001b2f5c2005a5811460e29efbf1ffffffc2246cd1e00000fc0007ebfe9ed0737feebfff600,1,TX 41 seq=18980 rx_latency=1ms tx_dur=1ms,16.255,
2732,10,435,2864710067,2026-07-14T15:30:56.678297+00:00,43.400139,63014,41,0202aac001b3f626005a5811460e29efbf1ffffffc2246cd1e00000fc0007ebfe9ed0737feebfff600,1,TX 41 seq=18981 rx_latency=1ms tx_dur=1ms,17.980,
2732,10,436,2864710068,2026-07-14T15:30:56.778291+00:00,43.500131,63114,41,0202aac001b4f68a005a5811460e29efbf1ffffffc2246cd1e00000fc0007ebfe9ed0737feebfff600,1,TX 41 seq=18982 rx_latency=1ms tx_dur=1ms,20.040,
2732,10,437,2864710069,2026-07-14T15:30:56.878297+00:00,43.600140,63214,41,0202aac001b5f6ee005a5811460e29efbf1ffffffc2246cd1e00000fc0007ebfe9ed0737feebfff600,1,TX 41 seq=18983 rx_latency=1ms tx_dur=1ms,22.176,
2732,10,438,2864710070,2026-07-14T15:30:56.978290+00:00,43.700128,63314,41,0202aac001b6f752005a5811460e29efbf1ffffffc2246cd1e00000fc0007ebfe9ed0737feebfff600,1,TX 41 seq=18984 rx_latency=1ms tx_dur=1ms,13.776,
2732,10,439,2864710071,2026-07-14T15:30:57.078297+00:00,43.800140,63414,41,0202aac001b7f7b6005a5811460e29efbf1ffffffc2246cd1e00000fc0007ebfe9ed0737feebfff600,1,TX 41 seq=18985 rx_latency=1ms tx_dur=1ms,16.559,
2732,10,440,2864710072,2026-07-14T15:30:57.178297+00:00,43.900140,63514,41,0202aac001b8f81a005a5811460e29efbf1ffffffc2246cd1e00000fc0007ebfe9ed0737feebfff600,1,TX 41 seq=18986 rx_latency=1ms tx_dur=1ms,18.311,
2732,10,441,2864710073,2026-07-14T15:30:57.278292+00:00,44.000133,63614,41,0202aac001b9f87e005a5811460e29efbf1ffffffc2246cd1e00000fc0007ebfe9ed0737feebfff600,1,TX 41 seq=18987 rx_latency=1ms tx_dur=1ms,20.002,
2732,10,442,2864710074,2026-07-14T15:30:57.378298+00:00,44.100144,63714,41,0202aac001baf8e2005a5811460e29efbf1ffffffc2246cd1e00000fc0007ebfe9ed0737feebfff600,1,TX 41 seq=18988 rx_latency=1ms tx_dur=1ms,22.640,
2732,10,443,2864710075,2026-07-14T15:30:57.478297+00:00,44.200139,63814,41,0202aac001bbf946005a5811460e29efbf1ffffffc2246cd1e00000fc0007ebfe9ed0737feebfff600,1,TX 41 seq=18989 rx_latency=1ms tx_dur=1ms,14.413,
2732,10,444,2864710076,2026-07-14T15:30:57.578296+00:00,44.300137,63914,41,0202aac001bcf9aa005a5811460e29efbf1ffffffc2246cd1e00000fc0007ebfe9ed0737feebfff600,1,TX 41 seq=18990 rx_latency=1ms tx_dur=1ms,16.145,
2732,10,445,2864710077,2026-07-14T15:30:57.678297+00:00,44.400138,64014,41,0202aac001bdfa0e005a5811460e29efbf1ffffffc2246cd1e00000fc0007ebfe9ed0737feebfff600,1,TX 41 seq=18991 rx_latency=1ms tx_dur=1ms,17.861,
2732,10,446,2864710078,2026-07-14T15:30:57.778297+00:00,44.500139,64114,41,0202aac001befa72005a5811460e29efbf1ffffffc2246cd1e00000fc0007ebfe9ed0737feebfff600,1,TX 41 seq=18992 rx_latency=1ms tx_dur=1ms,20.498,
2732,10,447,2864710079,2026-07-14T15:30:57.878304+00:00,44.600144,64214,41,0202aac001bffad6005a5811460e29efbf1ffffffc2246cd1e00000fc0007ebfe9ed0737feebfff600,1,TX 41 seq=18993 rx_latency=1ms tx_dur=1ms,22.109,
2732,10,448,2864710080,2026-07-14T15:30:57.978297+00:00,44.700135,64314,41,0202aac001c0fb3a005a5811460e29efbf1ffffffc2246cd1e00000fc0007ebfe9ed0737feebfff600,1,TX 41 seq=18994 rx_latency=1ms tx_dur=1ms,14.049,
2732,10,449,2864710081,2026-07-14T15:30:58.078325+00:00,44.800196,64414,41,0202aac001c1fb9e005a5811460e29efbf1ffffffc2246cd1e00000fc0007ebfe9ed0737feebfff600,1,TX 41 seq=18995 rx_latency=1ms tx_dur=1ms,15.573,
2732,10,450,2864710082,2026-07-14T15:30:58.178295+00:00,44.900142,64514,41,0202aac001c2fc02005a5811460e29efbf1ffffffc2246cd1e00000fc0007ebfe9ed0737feebfff600,1,TX 41 seq=18996 rx_latency=1ms tx_dur=1ms,18.352,
2732,10,451,2864710083,2026-07-14T15:30:58.278299+00:00,45.000145,64614,41,0202aac001c3fc66005a5811460e29efbf1ffffffc2246cd1e00000fc0007ebfe9ed0737feebfff600,1,TX 41 seq=18997 rx_latency=1ms tx_dur=1ms,20.042,
2732,10,452,2864710084,2026-07-14T15:30:58.378296+00:00,45.100142,64714,41,0202aac001c4fcca005a5811460e29efbf1ffffffc2246cd1e00000fc0007ebfe9ed0737feebfff600,1,TX 41 seq=18998 rx_latency=1ms tx_dur=1ms,21.775,
2732,10,453,2864710085,2026-07-14T15:30:58.478296+00:00,45.200136,64814,41,0202aac001c5fd2e005a5811460e29efbf1ffffffc2246cd1e00000fc0007ebfe9ed0737feebfff600,1,TX 41 seq=18999 rx_latency=1ms tx_dur=1ms,14.655,
2732,10,454,2864710086,2026-07-14T15:30:58.578296+00:00,45.300136,64914,41,0202aac001c6fd92005a5811460e29efbf1ffffffc2246cd1e00000fc0007ebfe9ed0737feebfff600,1,TX 41 seq=19000 rx_latency=1ms tx_dur=1ms,16.701,
2732,10,455,2864710087,2026-07-14T15:30:58.678293+00:00,45.400134,65014,41,0202aac001c7fdf6005a5811460e29efbf1ffffffc2246cd1e00000fc0007ebfe9ed0737feebfff600,1,TX 41 seq=19001 rx_latency=1ms tx_dur=1ms,18.066,
2732,10,456,2864710088,2026-07-14T15:30:58.778298+00:00,45.500140,65114,41,0202aac001c8fe5a005a5811460e29efbf1ffffffc2246cd1e00000fc0007ebfe9ed0737feebfff600,1,TX 41 seq=19002 rx_latency=1ms tx_dur=1ms,20.238,
2732,10,457,2864710089,2026-07-14T15:30:58.878296+00:00,45.600138,65214,41,0202aac001c9febe005a5811460e29efbf1ffffffc2246cd1e00000fc0007ebfe9ed0737feebfff600,1,TX 41 seq=19003 rx_latency=1ms tx_dur=1ms,22.280,
2732,10,458,2864710090,2026-07-14T15:30:58.978295+00:00,45.700137,65314,41,0202aac001caff22005a5811460e29efbf1ffffffc2246cd1e00000fc0007ebfe9ed0737feebfff600,1,TX 41 seq=19004 rx_latency=1ms tx_dur=1ms,14.482,
2732,10,459,2864710091,2026-07-14T15:30:59.078297+00:00,45.800138,65414,41,0202aac001cbff86005a5811460e29efbf1ffffffc2246cd1e00000fc0007ebfe9ed0737feebfff600,1,TX 41 seq=19005 rx_latency=1ms tx_dur=1ms,15.991,
2732,10,460,2864710092,2026-07-14T15:30:59.178294+00:00,45.900134,65514,41,0202aac001ccffea005a5811460e29efbf1ffffffc2246cd1e00000fc0007ebfe9ed0737feebfff600,1,TX 41 seq=19006 rx_latency=1ms tx_dur=1ms,17.717,
2732,10,461,2864710093,2026-07-14T15:30:59.278296+00:00,46.000138,78,41,0202aac001cd004e005a5811460e29efbf1ffffffc2246cd1e00000fc0007ebfe9ed0737feebfff600,1,TX 41 seq=19007 rx_latency=1ms tx_dur=1ms,20.574,
2732,10,462,2864710094,2026-07-14T15:30:59.378297+00:00,46.100139,178,41,0202aac001ce00b2005a5811460e29efbf1ffffffc2246cd1e00000fc0007ebfe9ed0737feebfff600,1,TX 41 seq=19008 rx_latency=1ms tx_dur=1ms,22.192,
2732,10,463,2864710095,2026-07-14T15:30:59.478288+00:00,46.200127,278,41,0202aac001cf0116005a5811460e29efbf1ffffffc2246cd1e00000fc0007ebfe9ed0737feebfff600,1,TX 41 seq=19009 rx_latency=1ms tx_dur=1ms,14.413,
2732,10,464,2864710096,2026-07-14T15:30:59.578297+00:00,46.300140,378,41,0202aac001d0017a005a5811460e29efbf1ffffffc2246cd1e00000fc0007ebfe9ed0737feebfff600,1,TX 41 seq=19010 rx_latency=1ms tx_dur=1ms,15.726,
2732,10,465,2864710097,2026-07-14T15:30:59.678299+00:00,46.400151,478,41,0202aac001d101de005a5811460e29efbf1ffffffc2246cd1e00000fc0007ebfe9ed0737feebfff600,1,TX 41 seq=19011 rx_latency=1ms tx_dur=1ms,17.872,
2732,10,466,2864710098,2026-07-14T15:30:59.778289+00:00,46.500130,578,41,0202aac001d20242005a5811460e29efbf1ffffffc2246cd1e00000fc0007ebfe9ed0737feebfff600,1,TX 41 seq=19012 rx_latency=1ms tx_dur=1ms,19.993,
2732,10,467,2864710099,2026-07-14T15:30:59.878297+00:00,46.600141,678,41,0202aac001d302a6005a5811460e29efbf1ffffffc2246cd1e00000fc0007ebfe9ed0737feebfff600,1,TX 41 seq=19013 rx_latency=1ms tx_dur=1ms,22.404,
2732,10,468,2864710100,2026-07-14T15:30:59.978296+00:00,46.700138,778,41,0202aac001d4030a005a5811460e29efbf1ffffffc2246cd1e00000fc0007ebfe9ed0737feebfff600,1,TX 41 seq=19014 rx_latency=1ms tx_dur=1ms,14.598,
2732,10,469,2864710101,2026-07-14T15:31:00.078288+00:00,46.800126,878,41,0202aac001d5036e005a5811460e29efbf1ffffffc2246cd1e00000fc0007ebfe9ed0737feebfff600,1,TX 41 seq=19015 rx_latency=1ms tx_dur=1ms,16.702,
2732,10,470,2864710102,2026-07-14T15:31:00.178296+00:00,46.900139,978,41,0202aac001d603d2005a5811460e29efbf1ffffffc2246cd1e00000fc0007ebfe9ed0737feebfff600,1,TX 41 seq=19016 rx_latency=1ms tx_dur=1ms,18.036,
2732,10,471,2864710103,2026-07-14T15:31:00.278294+00:00,47.000136,1078,41,0202aac001d70436005a5811460e29efbf1ffffffc2246cd1e00000fc0007ebfe9ed0737feebfff600,1,TX 41 seq=19017 rx_latency=1ms tx_dur=1ms,20.194,
2732,10,472,2864710104,2026-07-14T15:31:00.378296+00:00,47.100140,1178,41,0202aac001d8049a005a5811460e29efbf1ffffffc2246cd1e00000fc0007ebfe9ed0737feebfff600,1,TX 41 seq=19018 rx_latency=1ms tx_dur=1ms,22.195,
2732,10,473,2864710105,2026-07-14T15:31:00.478290+00:00,47.200128,1278,41,0202aac001d904fe005a5811460e29efbf1ffffffc2246cd1e00000fc0007ebfe9ed0737feebfff600,1,TX 41 seq=19019 rx_latency=1ms tx_dur=1ms,14.780,
2732,10,474,2864710106,2026-07-14T15:31:00.578305+00:00,47.300163,1378,41,0202aac001da0562005a5811460e29efbf1ffffffc2246cd1e00000fc0007ebfe9ed0737feebfff600,1,TX 41 seq=19020 rx_latency=1ms tx_dur=1ms,15.723,
2732,10,475,2864710107,2026-07-14T15:31:00.678292+00:00,47.400134,1478,41,0202aac001db05c6005a5811460e29efbf1ffffffc2246cd1e00000fc0007ebfe9ed0737feebfff600,1,TX 41 seq=19021 rx_latency=1ms tx_dur=1ms,17.855,
2732,10,476,2864710108,2026-07-14T15:31:00.778296+00:00,47.500141,1578,41,0202aac001dc062a005a5811460e29efbf1ffffffc2246cd1e00000fc0007ebfe9ed0737feebfff600,1,TX 41 seq=19022 rx_latency=1ms tx_dur=1ms,19.993,
2732,10,477,2864710109,2026-07-14T15:31:00.878296+00:00,47.600139,1678,41,0202aac001dd068e005a5811460e29efbf1ffffffc2246cd1e00000fc0007ebfe9ed0737feebfff600,1,TX 41 seq=19023 rx_latency=1ms tx_dur=1ms,22.622,
2732,10,478,2864710110,2026-07-14T15:31:00.978296+00:00,47.700139,1778,41,0202aac001de06f2005a5811460e29efbf1ffffffc2246cd1e00000fc0007ebfe9ed0737feebfff600,1,TX 41 seq=19024 rx_latency=1ms tx_dur=1ms,14.371,
2732,10,479,2864710111,2026-07-14T15:31:01.078291+00:00,47.800132,1878,41,0202aac001df0756005a5811460e29efbf1ffffffc2246cd1e00000fc0007ebfe9ed0737feebfff600,1,TX 41 seq=19025 rx_latency=1ms tx_dur=1ms,16.105,
2732,10,480,2864710112,2026-07-14T15:31:01.178255+00:00,47.900099,1978,41,0202aac001e007ba005a5811460e29efbf1ffffffc2246cd1e00000fc0007ebfe9ed0737feebfff600,1,TX 41 seq=19026 rx_latency=1ms tx_dur=1ms,17.880,
2732,10,481,2864710113,2026-07-14T15:31:01.278289+00:00,48.000127,2078,41,0202aac001e1081e005a5811460e29efbf1ffffffc2246cd1e00000fc0007ebfe9ed0737feebfff600,1,TX 41 seq=19027 rx_latency=1ms tx_dur=1ms,19.901,
2732,10,482,2864710114,2026-07-14T15:31:01.378298+00:00,48.100143,2178,41,0202aac001e20882005a5811460e29efbf1ffffffc2246cd1e00000fc0007ebfe9ed0737feebfff600,1,TX 41 seq=19028 rx_latency=1ms tx_dur=1ms,22.353,
2732,10,483,2864710115,2026-07-14T15:31:01.478290+00:00,48.200131,2278,41,0202aac001e308e6005a5811460e29efbf1ffffffc2246cd1e00000fc0007ebfe9ed0737feebfff600,1,TX 41 seq=19029 rx_latency=1ms tx_dur=1ms,14.568,
2732,10,484,2864710116,2026-07-14T15:31:01.578297+00:00,48.300143,2378,41,0202aac001e4094a005a5811460e29efbf1ffffffc2246cd1e00000fc0007ebfe9ed0737feebfff600,1,TX 41 seq=19030 rx_latency=1ms tx_dur=1ms,16.042,
2732,10,485,2864710117,2026-07-14T15:31:01.678317+00:00,48.400191,2478,41,0202aac001e509ae005a5811460e29efbf1ffffffc2246cd1e00000fc0007ebfe9ed0737feebfff600,1,TX 41 seq=19031 rx_latency=1ms tx_dur=1ms,17.672,
2732,10,486,2864710118,2026-07-14T15:31:01.778301+00:00,48.500160,2578,41,0202aac001e60a12005a5811460e29efbf1ffffffc2246cd1e00000fc0007ebfe9ed0737feebfff600,1,TX 41 seq=19032 rx_latency=1ms tx_dur=1ms,20.526,
2732,10,487,2864710119,2026-07-14T15:31:01.878301+00:00,48.600153,2678,41,0202aac001e70a76005a5811460e29efbf1ffffffc2246cd1e00000fc0007ebfe9ed0737feebfff600,1,TX 41 seq=19033 rx_latency=1ms tx_dur=1ms,22.322,
2732,10,488,2864710120,2026-07-14T15:31:01.978305+00:00,48.700170,2778,41,0202aac001e80ada005a5811460e29efbf1ffffffc2246cd1e00000fc0007ebfe9ed0737feebfff600,1,TX 41 seq=19034 rx_latency=1ms tx_dur=1ms,13.827,
2732,10,489,2864710121,2026-07-14T15:31:02.078262+00:00,48.800112,2878,41,0202aac001e90b3e005a5811460e29efbf1ffffffc2246cd1e00000fc0007ebfe9ed0737feebfff600,1,TX 41 seq=19035 rx_latency=1ms tx_dur=1ms,16.741,
2732,10,490,2864710122,2026-07-14T15:31:02.178289+00:00,48.900130,2978,41,0202aac001ea0ba2005a5811460e29efbf1ffffffc2246cd1e00000fc0007ebfe9ed0737feebfff600,1,TX 41 seq=19036 rx_latency=1ms tx_dur=1ms,18.451,
2732,10,491,2864710123,2026-07-14T15:31:02.278300+00:00,49.000148,3078,41,0202aac001eb0c06005a5811460e29efbf1ffffffc2246cd1e00000fc0007ebfe9ed0737feebfff600,1,TX 41 seq=19037 rx_latency=1ms tx_dur=1ms,20.169,
2732,10,492,2864710124,2026-07-14T15:31:02.378289+00:00,49.100130,3178,41,0202aac001ec0c6a005a5811460e29efbf1ffffffc2246cd1e00000fc0007ebfe9ed0737feebfff600,1,TX 41 seq=19038 rx_latency=1ms tx_dur=1ms,22.224,
2732,10,493,2864710125,2026-07-14T15:31:02.478297+00:00,49.200143,3278,41,0202aac001ed0cce005a5811460e29efbf1ffffffc2246cd1e00000fc0007ebfe9ed0737feebfff600,1,TX 41 seq=19039 rx_latency=1ms tx_dur=1ms,14.732,
2732,10,494,2864710126,2026-07-14T15:31:02.578296+00:00,49.300139,3378,41,0202aac001ee0d32005a5811460e29efbf1ffffffc2246cd1e00000fc0007ebfe9ed0737feebfff600,1,TX 41 seq=19040 rx_latency=1ms tx_dur=1ms,15.802,
2732,10,495,2864710127,2026-07-14T15:31:02.678295+00:00,49.400137,3478,41,0202aac001ef0d96005a5811460e29efbf1ffffffc2246cd1e00000fc0007ebfe9ed0737feebfff600,1,TX 41 seq=19041 rx_latency=1ms tx_dur=1ms,17.847,
2732,10,496,2864710128,2026-07-14T15:31:02.778304+00:00,49.500162,3578,41,0202aac001f00dfa005a5811460e29efbf1ffffffc2246cd1e00000fc0007ebfe9ed0737feebfff600,1,TX 41 seq=19042 rx_latency=1ms tx_dur=1ms,19.963,
2732,10,497,2864710129,2026-07-14T15:31:02.878293+00:00,49.600136,3678,41,0202aac001f10e5e005a5811460e29efbf1ffffffc2246cd1e00000fc0007ebfe9ed0737feebfff600,1,TX 41 seq=19043 rx_latency=1ms tx_dur=1ms,22.593,
2732,10,498,2864710130,2026-07-14T15:31:02.978276+00:00,49.700120,3778,41,0202aac001f20ec2005a5811460e29efbf1ffffffc2246cd1e00000fc0007ebfe9ed0737feebfff600,1,TX 41 seq=19044 rx_latency=1ms tx_dur=1ms,14.405,
2732,10,499,2864710131,2026-07-14T15:31:03.078297+00:00,49.800140,3878,41,0202aac001f30f26005a5811460e29efbf1ffffffc2246cd1e00000fc0007ebfe9ed0737feebfff600,1,TX 41 seq=19045 rx_latency=1ms tx_dur=1ms,16.113,
2732,10,500,2864710132,2026-07-14T15:31:03.178297+00:00,49.900139,3978,41,0202aac001f40f8a005a5811460e29efbf1ffffffc2246cd1e00000fc0007ebfe9ed0737feebfff600,1,TX 41 seq=19046 rx_latency=1ms tx_dur=1ms,17.843,
2732,10,501,2864710133,2026-07-14T15:31:03.278301+00:00,50.000154,4078,41,0202aac001f50fee005a5811460e29efbf1ffffffc2246cd1e00000fc0007ebfe9ed0737feebfff600,1,TX 41 seq=19047 rx_latency=1ms tx_dur=1ms,20.388,
2732,10,502,2864710134,2026-07-14T15:31:03.378277+00:00,50.100126,4178,41,0202aac001f61052005a5811460e29efbf1ffffffc2246cd1e00000fc0007ebfe9ed0737feebfff600,1,TX 41 seq=19048 rx_latency=1ms tx_dur=1ms,22.196,
2732,10,503,2864710135,2026-07-14T15:31:03.478297+00:00,50.200142,4278,41,0202aac001f710b6005a5811460e29efbf1ffffffc2246cd1e00000fc0007ebfe9ed0737feebfff600,1,TX 41 seq=19049 rx_latency=1ms tx_dur=1ms,13.953,
2732,10,504,2864710136,2026-07-14T15:31:03.578309+00:00,50.300170,4378,41,0202aac001f8111a005a5811460e29efbf1ffffffc2246cd1e00000fc0007ebfe9ed0737feebfff600,1,TX 41 seq=19050 rx_latency=1ms tx_dur=1ms,16.702,
2732,10,505,2864710137,2026-07-14T15:31:03.678296+00:00,50.400148,4478,41,0202aac001f9117e005a5811460e29efbf1ffffffc2246cd1e00000fc0007ebfe9ed0737feebfff600,1,TX 41 seq=19051 rx_latency=1ms tx_dur=1ms,18.257,
2732,10,506,2864710138,2026-07-14T15:31:03.778277+00:00,50.500125,4578,41,0202aac001fa11e2005a5811460e29efbf1ffffffc2246cd1e00000fc0007ebfe9ed0737feebfff600,1,TX 41 seq=19052 rx_latency=1ms tx_dur=1ms,20.041,
2732,10,507,2864710139,2026-07-14T15:31:03.878291+00:00,50.600131,4678,41,0202aac001fb1246005a5811460e29efbf1ffffffc2246cd1e00000fc0007ebfe9ed0737feebfff600,1,TX 41 seq=19053 rx_latency=1ms tx_dur=1ms,22.835,
2732,10,508,2864710140,2026-07-14T15:31:03.978298+00:00,50.700144,4778,41,0202aac001fc12aa005a5811460e29efbf1ffffffc2246cd1e00000fc0007ebfe9ed0737feebfff600,1,TX 41 seq=19054 rx_latency=1ms tx_dur=1ms,14.666,
2732,10,509,2864710141,2026-07-14T15:31:04.078298+00:00,50.800150,4878,41,0202aac001fd130e005a5811460e29efbf1ffffffc2246cd1e00000fc0007ebfe9ed0737feebfff600,1,TX 41 seq=19055 rx_latency=1ms tx_dur=1ms,16.099,
2732,10,510,2864710142,2026-07-14T15:31:04.178298+00:00,50.900144,4978,41,0202aac001fe1372005a5811460e29efbf1ffffffc2246cd1e00000fc0007ebfe9ed0737feebfff600,1,TX 41 seq=19056 rx_latency=1ms tx_dur=1ms,17.848,
2732,10,511,2864710143,2026-07-14T15:31:04.278297+00:00,51.000139,5078,41,0202aac001ff13d6005a5811460e29efbf1ffffffc2246cd1e00000fc0007ebfe9ed0737feebfff600,1,TX 41 seq=19057 rx_latency=1ms tx_dur=1ms,20.697,
2732,10,512,2864710144,2026-07-14T15:31:04.378296+00:00,51.100138,5178,41,0202aac00200143a005a5811460e29efbf1ffffffc2246cd1e00000fc0007ebfe9ed0737feebfff600,1,TX 41 seq=19058 rx_latency=1ms tx_dur=1ms,22.431,
2732,10,513,2864710145,2026-07-14T15:31:04.478292+00:00,51.200131,5278,41,0202aac00201149e005a5811460e29efbf1ffffffc2246cd1e00000fc0007ebfe9ed0737feebfff600,1,TX 41 seq=19059 rx_latency=1ms tx_dur=1ms,14.575,
2732,10,514,2864710146,2026-07-14T15:31:04.578300+00:00,51.300149,5378,41,0202aac002021502005a5811460e29efbf1ffffffc2246cd1e00000fc0007ebfe9ed0737feebfff600,1,TX 41 seq=19060 rx_latency=1ms tx_dur=1ms,16.645,
2732,10,515,2864710147,2026-07-14T15:31:04.678298+00:00,51.400152,5478,41,0202aac002031566005a5811460e29efbf1ffffffc2246cd1e00000fc0007ebfe9ed0737feebfff600,1,TX 41 seq=19061 rx_latency=1ms tx_dur=1ms,18.119,
2732,10,516,2864710148,2026-07-14T15:31:04.778298+00:00,51.500149,5578,41,0202aac0020415ca005a5811460e29efbf1ffffffc2246cd1e00000fc0007ebfe9ed0737feebfff600,1,TX 41 seq=19062 rx_latency=1ms tx_dur=1ms,19.890,
2732,10,517,2864710149,2026-07-14T15:31:04.878291+00:00,51.600132,5678,41,0202aac00205162e005a5811460e29efbf1ffffffc2246cd1e00000fc0007ebfe9ed0737feebfff600,1,TX 41 seq=19063 rx_latency=1ms tx_dur=1ms,22.709,
2732,10,518,2864710150,2026-07-14T15:31:04.978283+00:00,51.700128,5778,41,0202aac002061692005a5811460e29efbf1ffffffc2246cd1e00000fc0007ebfe9ed0737feebfff600,1,TX 41 seq=19064 rx_latency=1ms tx_dur=1ms,14.536,
2732,10,519,2864710151,2026-07-14T15:31:05.078308+00:00,51.800176,5878,41,0202aac0020716f6005a5811460e29efbf1ffffffc2246cd1e00000fc0007ebfe9ed0737feebfff600,1,TX 41 seq=19065 rx_latency=1ms tx_dur=1ms,15.928,
2732,10,520,2864710152,2026-07-14T15:31:05.178301+00:00,51.900154,5978,41,0202aac00208175a005a5811460e29efbf1ffffffc2246cd1e00000fc0007ebfe9ed0737feebfff600,1,TX 41 seq=19066 rx_latency=1ms tx_dur=1ms,17.714,
2732,10,521,2864710153,2026-07-14T15:31:05.278291+00:00,52.000132,6078,41,0202aac0020917be005a5811460e29efbf1ffffffc2246cd1e00000fc0007ebfe9ed0737feebfff600,1,TX 41 seq=19067 rx_latency=1ms tx_dur=1ms,20.574,
2732,10,522,2864710154,2026-07-14T15:31:05.378276+00:00,52.100122,6178,41,0202aac0020a1822005a5811460e29efbf1ffffffc2246cd1e00000fc0007ebfe9ed0737feebfff600,1,TX 41 seq=19068 rx_latency=1ms tx_dur=1ms,22.358,
2732,10,523,2864710155,2026-07-14T15:31:05.478293+00:00,52.200135,6278,41,0202aac0020b1886005a5811460e29efbf1ffffffc2246cd1e00000fc0007ebfe9ed0737feebfff600,1,TX 41 seq=19069 rx_latency=1ms tx_dur=1ms,14.434,
2732,10,524,2864710156,2026-07-14T15:31:05.578300+00:00,52.300152,6378,41,0202aac0020c18ea005a5811460e29efbf1ffffffc2246cd1e00000fc0007ebfe9ed0737feebfff600,1,TX 41 seq=19070 rx_latency=1ms tx_dur=1ms,15.733,
2732,10,525,2864710157,2026-07-14T15:31:05.678297+00:00,52.400140,6478,41,0202aac0020d194e005a5811460e29efbf1ffffffc2246cd1e00000fc0007ebfe9ed0737feebfff600,1,TX 41 seq=19071 rx_latency=1ms tx_dur=1ms,17.917,
2732,10,526,2864710158,2026-07-14T15:31:05.778297+00:00,52.500140,6578,41,0202aac0020e19b2005a5811460e29efbf1ffffffc2246cd1e00000fc0007ebfe9ed0737feebfff600,1,TX 41 seq=19072 rx_latency=1ms tx_dur=1ms,20.570,
2732,10,527,2864710159,2026-07-14T15:31:05.878296+00:00,52.600139,6678,41,0202aac0020f1a16005a5811460e29efbf1ffffffc2246cd1e00000fc0007ebfe9ed0737feebfff600,1,TX 41 seq=19073 rx_latency=1ms tx_dur=1ms,22.252,
2732,10,528,2864710160,2026-07-14T15:31:05.978289+00:00,52.700129,6778,41,0202aac002101a7a005a5811460e29efbf1ffffffc2246cd1e00000fc0007ebfe9ed0737feebfff600,1,TX 41 seq=19074 rx_latency=1ms tx_dur=1ms,14.061,
2732,10,529,2864710161,2026-07-14T15:31:06.078306+00:00,52.800164,6878,41,0202aac002111ade005a5811460e29efbf1ffffffc2246cd1e00000fc0007ebfe9ed0737feebfff600,1,TX 41 seq=19075 rx_latency=1ms tx_dur=1ms,15.719,
2732,10,530,2864710162,2026-07-14T15:31:06.178291+00:00,52.900134,6978,41,0202aac002121b42005a5811460e29efbf1ffffffc2246cd1e00000fc0007ebfe9ed0737feebfff600,1,TX 41 seq=19076 rx_latency=1ms tx_dur=1ms,17.831,
2732,10,531,2864710163,2026-07-14T15:31:06.278296+00:00,53.000141,7078,41,0202aac002131ba6005a5811460e29efbf1ffffffc2246cd1e00000fc0007ebfe9ed0737feebfff600,1,TX 41 seq=19077 rx_latency=1ms tx_dur=1ms,19.967,
2732,10,532,2864710164,2026-07-14T15:31:06.378291+00:00,53.100129,7178,41,0202aac002141c0a005a5811460e29efbf1ffffffc2246cd1e00000fc0007ebfe9ed0737feebfff600,1,TX 41 seq=19078 rx_latency=1ms tx_dur=1ms,22.557,
2732,10,533,2864710165,2026-07-14T15:31:06.478296+00:00,53.200142,7278,41,0202aac002151c6e005a5811460e29efbf1ffffffc2246cd1e00000fc0007ebfe9ed0737feebfff600,1,TX 41 seq=19079 rx_latency=1ms tx_dur=1ms,14.342,
2732,10,534,2864710166,2026-07-14T15:31:06.578292+00:00,53.300136,7378,41,0202aac002161cd2005a5811460e29efbf1ffffffc2246cd1e00000fc0007ebfe9ed0737feebfff600,1,TX 41 seq=19080 rx_latency=1ms tx_dur=1ms,16.080,
2732,10,535,2864710167,2026-07-14T15:31:06.678302+00:00,53.400164,7478,41,0202aac002171d36005a5811460e29efbf1ffffffc2246cd1e00000fc0007ebfe9ed0737feebfff600,1,TX 41 seq=19081 rx_latency=1ms tx_dur=1ms,17.752,
2732,10,536,2864710168,2026-07-14T15:31:06.778294+00:00,53.500139,7578,41,0202aac002181d9a005a5811460e29efbf1ffffffc2246cd1e00000fc0007ebfe9ed0737feebfff600,1,TX 41 seq=19082 rx_latency=1ms tx_dur=1ms,20.396,
2732,10,537,2864710169,2026-07-14T15:31:06.878299+00:00,53.600146,7678,41,0202aac002191dfe005a5811460e29efbf1ffffffc2246cd1e00000fc0007ebfe9ed0737feebfff600,1,TX 41 seq=19083 rx_latency=1ms tx_dur=1ms,22.139,
2732,10,538,2864710170,2026-07-14T15:31:06.978291+00:00,53.700131,7778,41,0202aac0021a1e62005a5811460e29efbf1ffffffc2246cd1e00000fc0007ebfe9ed0737feebfff600,1,TX 41 seq=19084 rx_latency=1ms tx_dur=1ms,13.934,
2732,10,539,2864710171,2026-07-14T15:31:07.078297+00:00,53.800141,7878,41,0202aac0021b1ec6005a5811460e29efbf1ffffffc2246cd1e00000fc0007ebfe9ed0737feebfff600,1,TX 41 seq=19085 rx_latency=1ms tx_dur=1ms,16.748,
2732,10,540,2864710172,2026-07-14T15:31:07.178294+00:00,53.900137,7978,41,0202aac0021c1f2a005a5811460e29efbf1ffffffc2246cd1e00000fc0007ebfe9ed0737feebfff600,1,TX 41 seq=19086 rx_latency=1ms tx_dur=1ms,18.811,
2732,10,541,2864710173,2026-07-14T15:31:07.278307+00:00,54.000165,8078,41,0202aac0021d1f8e005a5811460e29efbf1ffffffc2246cd1e00000fc0007ebfe9ed0737feebfff600,1,TX 41 seq=19087 rx_latency=1ms tx_dur=1ms,20.124,
2732,10,542,2864710174,2026-07-14T15:31:07.378292+00:00,54.100136,8178,41,0202aac0021e1ff2005a5811460e29efbf1ffffffc2246cd1e00000fc0007ebfe9ed0737feebfff600,1,TX 41 seq=19088 rx_latency=1ms tx_dur=1ms,22.292,
2732,10,543,2864710175,2026-07-14T15:31:07.478299+00:00,54.200147,8278,41,0202aac0021f2056005a5811460e29efbf1ffffffc2246cd1e00000fc0007ebfe9ed0737feebfff600,1,TX 41 seq=19089 rx_latency=1ms tx_dur=1ms,13.853,
2732,10,544,2864710176,2026-07-14T15:31:07.578290+00:00,54.300132,8378,41,0202aac0022020ba005a5811460e29efbf1ffffffc2246cd1e00000fc0007ebfe9ed0737feebfff600,1,TX 41 seq=19090 rx_latency=1ms tx_dur=1ms,16.705,
2732,10,545,2864710177,2026-07-14T15:31:07.678314+00:00,54.400189,8478,41,0202aac00221211e005a5811460e29efbf1ffffffc2246cd1e00000fc0007ebfe9ed0737feebfff600,1,TX 41 seq=19091 rx_latency=1ms tx_dur=1ms,18.322,
2732,10,546,2864710178,2026-07-14T15:31:07.778295+00:00,54.500145,8578,41,0202aac002222182005a5811460e29efbf1ffffffc2246cd1e00000fc0007ebfe9ed0737feebfff600,1,TX 41 seq=19092 rx_latency=1ms tx_dur=1ms,20.111,
2732,10,547,2864710179,2026-07-14T15:31:07.878297+00:00,54.600143,8678,41,0202aac0022321e6005a5811460e29efbf1ffffffc2246cd1e00000fc0007ebfe9ed0737feebfff600,1,TX 41 seq=19093 rx_latency=1ms tx_dur=1ms,22.206,
2732,10,548,2864710180,2026-07-14T15:31:07.978293+00:00,54.700137,8778,41,0202aac00224224a005a5811460e29efbf1ffffffc2246cd1e00000fc0007ebfe9ed0737feebfff600,1,TX 41 seq=19094 rx_latency=1ms tx_dur=1ms,14.722,
2732,10,549,2864710181,2026-07-14T15:31:08.078297+00:00,54.800141,8878,41,0202aac0022522ae005a5811460e29efbf1ffffffc2246cd1e00000fc0007ebfe9ed0737feebfff600,1,TX 41 seq=19095 rx_latency=1ms tx_dur=1ms,15.769,
2732,10,550,2864710182,2026-07-14T15:31:08.178295+00:00,54.900136,8978,41,0202aac002262312005a5811460e29efbf1ffffffc2246cd1e00000fc0007ebfe9ed0737feebfff600,1,TX 41 seq=19096 rx_latency=1ms tx_dur=1ms,17.827,
2732,10,551,2864710183,2026-07-14T15:31:08.278298+00:00,55.000143,9078,41,0202aac002272376005a5811460e29efbf1ffffffc2246cd1e00000fc0007ebfe9ed0737feebfff600,1,TX 41 seq=19097 rx_latency=1ms tx_dur=1ms,20.043,
2732,10,552,2864710184,2026-07-14T15:31:08.378297+00:00,55.100152,9178,41,0202aac0022823da005a5811460e29efbf1ffffffc2246cd1e00000fc0007ebfe9ed0737feebfff600,1,TX 41 seq=19098 rx_latency=1ms tx_dur=1ms,22.505,
2732,10,553,2864710185,2026-07-14T15:31:08.478299+00:00,55.200147,9278,41,0202aac00229243e005a5811460e29efbf1ffffffc2246cd1e00000fc0007ebfe9ed0737feebfff600,1,TX 41 seq=19099 rx_latency=1ms tx_dur=1ms,14.368,
2732,10,554,2864710186,2026-07-14T15:31:08.578293+00:00,55.300134,9378,41,0202aac0022a24a2005a5811460e29efbf1ffffffc2246cd1e00000fc0007ebfe9ed0737feebfff600,1,TX 41 seq=19100 rx_latency=1ms tx_dur=1ms,16.098,
2732,10,555,2864710187,2026-07-14T15:31:08.678297+00:00,55.400142,9478,41,0202aac0022b2506005a5811460e29efbf1ffffffc2246cd1e00000fc0007ebfe9ed0737feebfff600,1,TX 41 seq=19101 rx_latency=1ms tx_dur=1ms,17.801,
2732,10,556,2864710188,2026-07-14T15:31:08.778297+00:00,55.500140,9578,41,0202aac0022c256a005a5811460e29efbf1ffffffc2246cd1e00000fc0007ebfe9ed0737feebfff600,1,TX 41 seq=19102 rx_latency=1ms tx_dur=1ms,20.444,
2732,10,557,2864710189,2026-07-14T15:31:08.878299+00:00,55.600144,9678,41,0202aac0022d25ce005a5811460e29efbf1ffffffc2246cd1e00000fc0007ebfe9ed0737feebfff600,1,TX 41 seq=19103 rx_latency=1ms tx_dur=1ms,22.157,
2732,10,558,2864710190,2026-07-14T15:31:08.978296+00:00,55.700140,9778,41,0202aac0022e2632005a5811460e29efbf1ffffffc2246cd1e00000fc0007ebfe9ed0737feebfff600,1,TX 41 seq=19104 rx_latency=1ms tx_dur=1ms,13.938,
2732,10,559,2864710191,2026-07-14T15:31:09.078292+00:00,55.800136,9878,41,0202aac0022f2696005a5811460e29efbf1ffffffc2246cd1e00000fc0007ebfe9ed0737feebfff600,1,TX 41 seq=19105 rx_latency=1ms tx_dur=1ms,16.760,
2732,10,560,2864710192,2026-07-14T15:31:09.178315+00:00,55.900187,9978,41,0202aac0023026fa005a5811460e29efbf1ffffffc2246cd1e00000fc0007ebfe9ed0737feebfff600,1,TX 41 seq=19106 rx_latency=1ms tx_dur=1ms,18.159,
2732,10,561,2864710193,2026-07-14T15:31:09.278293+00:00,56.000136,10078,41,0202aac00231275e005a5811460e29efbf1ffffffc2246cd1e00000fc0007ebfe9ed0737feebfff600,1,TX 41 seq=19107 rx_latency=1ms tx_dur=1ms,19.976,
2732,10,562,2864710194,2026-07-14T15:31:09.378306+00:00,56.100164,10178,41,0202aac0023227c2005a5811460e29efbf1ffffffc2246cd1e00000fc0007ebfe9ed0737feebfff600,1,TX 41 seq=19108 rx_latency=1ms tx_dur=1ms,21.674,
2732,10,563,2864710195,2026-07-14T15:31:09.478291+00:00,56.200134,10278,41,0202aac002332826005a5811460e29efbf1ffffffc2246cd1e00000fc0007ebfe9ed0737feebfff600,1,TX 41 seq=19109 rx_latency=1ms tx_dur=1ms,14.623,
2732,10,564,2864710196,2026-07-14T15:31:09.578306+00:00,56.300167,10378,41,0202aac00234288a005a5811460e29efbf1ffffffc2246cd1e00000fc0007ebfe9ed0737feebfff600,1,TX 41 seq=19110 rx_latency=1ms tx_dur=1ms,16.051,
2732,10,565,2864710197,2026-07-14T15:31:09.678292+00:00,56.400136,10478,41,0202aac0023528ee005a5811460e29efbf1ffffffc2246cd1e00000fc0007ebfe9ed0737feebfff600,1,TX 41 seq=19111 rx_latency=1ms tx_dur=1ms,17.833,
2732,10,566,2864710198,2026-07-14T15:31:09.778298+00:00,56.500144,10578,41,0202aac002362952005a5811460e29efbf1ffffffc2246cd1e00000fc0007ebfe9ed0737feebfff600,1,TX 41 seq=19112 rx_latency=1ms tx_dur=1ms,20.673,
2732,10,567,2864710199,2026-07-14T15:31:09.878293+00:00,56.600136,10678,41,0202aac0023729b6005a5811460e29efbf1ffffffc2246cd1e00000fc0007ebfe9ed0737feebfff600,1,TX 41 seq=19113 rx_latency=1ms tx_dur=1ms,22.393,
2732,10,568,2864710200,2026-07-14T15:31:09.978299+00:00,56.700150,10778,41,0202aac002382a1a005a5811460e29efbf1ffffffc2246cd1e00000fc0007ebfe9ed0737feebfff600,1,TX 41 seq=19114 rx_latency=1ms tx_dur=1ms,14.462,
2732,10,569,2864710201,2026-07-14T15:31:10.078299+00:00,56.800146,10878,41,0202aac002392a7e005a5811460e29efbf1ffffffc2246cd1e00000fc0007ebfe9ed0737feebfff600,1,TX 41 seq=19115 rx_latency=1ms tx_dur=1ms,16.633,
2732,10,570,2864710202,2026-07-14T15:31:10.178297+00:00,56.900141,10978,41,0202aac0023a2ae2005a5811460e29efbf1ffffffc2246cd1e00000fc0007ebfe9ed0737feebfff600,1,TX 41 seq=19116 rx_latency=1ms tx_dur=1ms,18.156,
2732,10,571,2864710203,2026-07-14T15:31:10.278217+00:00,57.000060,11078,41,0202aac0023b2b46005a5811460e29efbf1ffffffc2246cd1e00000fc0007ebfe9ed0737feebfff600,1,TX 41 seq=19117 rx_latency=1ms tx_dur=1ms,19.966,
2732,10,572,2864710204,2026-07-14T15:31:10.378297+00:00,57.100142,11178,41,0202aac0023c2baa005a5811460e29efbf1ffffffc2246cd1e00000fc0007ebfe9ed0737feebfff600,1,TX 41 seq=19118 rx_latency=1ms tx_dur=1ms,22.722,
2732,10,573,2864710205,2026-07-14T15:31:10.478291+00:00,57.200131,11278,41,0202aac0023d2c0e005a5811460e29efbf1ffffffc2246cd1e00000fc0007ebfe9ed0737feebfff600,1,TX 41 seq=19119 rx_latency=1ms tx_dur=1ms,14.514,
2732,10,574,2864710206,2026-07-14T15:31:10.578311+00:00,57.300178,11378,41,0202aac0023e2c72005a5811460e29efbf1ffffffc2246cd1e00000fc0007ebfe9ed0737feebfff600,1,TX 41 seq=19120 rx_latency=1ms tx_dur=1ms,15.918,
2732,10,575,2864710207,2026-07-14T15:31:10.678294+00:00,57.400142,11478,41,0202aac0023f2cd6005a5811460e29efbf1ffffffc2246cd1e00000fc0007ebfe9ed0737feebfff600,1,TX 41 seq=19121 rx_latency=1ms tx_dur=1ms,18.808,
2732,10,576,2864710208,2026-07-14T15:31:10.778299+00:00,57.500146,11578,41,0202aac002402d3a005a5811460e29efbf1ffffffc2246cd1e00000fc0007ebfe9ed0737feebfff600,1,TX 41 seq=19122 rx_latency=1ms tx_dur=1ms,20.552,
2732,10,577,2864710209,2026-07-14T15:31:10.878291+00:00,57.600131,11678,41,0202aac002412d9e005a5811460e29efbf1ffffffc2246cd1e00000fc0007ebfe9ed0737feebfff600,1,TX 41 seq=19123 rx_latency=1ms tx_dur=1ms,22.256,
2732,10,578,2864710210,2026-07-14T15:31:10.978302+00:00,57.700155,11778,41,0202aac002422e02005a5811460e29efbf1ffffffc2246cd1e00000fc0007ebfe9ed0737feebfff600,1,TX 41 seq=19124 rx_latency=1ms tx_dur=1ms,13.810,
2732,10,579,2864710211,2026-07-14T15:31:11.078226+00:00,57.800076,11878,41,0202aac002432e66005a5811460e29efbf1ffffffc2246cd1e00000fc0007ebfe9ed0737feebfff600,1,TX 41 seq=19125 rx_latency=1ms tx_dur=1ms,16.727,
2732,10,580,2864710212,2026-07-14T15:31:11.178296+00:00,57.900139,11978,41,0202aac002442eca005a5811460e29efbf1ffffffc2246cd1e00000fc0007ebfe9ed0737feebfff600,1,TX 41 seq=19126 rx_latency=1ms tx_dur=1ms,18.408,
2732,10,581,2864710213,2026-07-14T15:31:11.278296+00:00,58.000138,12078,41,0202aac002452f2e005a5811460e29efbf1ffffffc2246cd1e00000fc0007ebfe9ed0737feebfff600,1,TX 41 seq=19127 rx_latency=1ms tx_dur=1ms,20.134,
2732,10,582,2864710214,2026-07-14T15:31:11.378296+00:00,58.100137,12178,41,0202aac002462f92005a5811460e29efbf1ffffffc2246cd1e00000fc0007ebfe9ed0737feebfff600,1,TX 41 seq=19128 rx_latency=1ms tx_dur=1ms,22.788,
2732,10,583,2864710215,2026-07-14T15:31:11.478297+00:00,58.200138,12278,41,0202aac002472ff6005a5811460e29efbf1ffffffc2246cd1e00000fc0007ebfe9ed0737feebfff600,1,TX 41 seq=19129 rx_latency=1ms tx_dur=1ms,14.524,
2732,10,584,2864710216,2026-07-14T15:31:11.578305+00:00,58.300161,12378,41,0202aac00248305a005a5811460e29efbf1ffffffc2246cd1e00000fc0007ebfe9ed0737feebfff600,1,TX 41 seq=19130 rx_latency=1ms tx_dur=1ms,16.168,
2732,10,585,2864710217,2026-07-14T15:31:11.678297+00:00,58.400146,12478,41,0202aac0024930be005a5811460e29efbf1ffffffc2246cd1e00000fc0007ebfe9ed0737feebfff600,1,TX 41 seq=19131 rx_latency=1ms tx_dur=1ms,17.918,
2732,10,586,2864710218,2026-07-14T15:31:11.778318+00:00,58.500195,12578,41,0202aac0024a3122005a5811460e29efbf1ffffffc2246cd1e00000fc0007ebfe9ed0737feebfff600,1,TX 41 seq=19132 rx_latency=1ms tx_dur=1ms,20.506,
2732,10,587,2864710219,2026-07-14T15:31:11.878301+00:00,58.600156,12678,41,0202aac0024b3186005a5811460e29efbf1ffffffc2246cd1e00000fc0007ebfe9ed0737feebfff600,1,TX 41 seq=19133 rx_latency=1ms tx_dur=1ms,22.184,
2732,10,588,2864710220,2026-07-14T15:31:11.978294+00:00,58.700142,12778,41,0202aac0024c31ea005a5811460e29efbf1ffffffc2246cd1e00000fc0007ebfe9ed0737feebfff600,1,TX 41 seq=19134 rx_latency=1ms tx_dur=1ms,14.064,
2732,10,589,2864710221,2026-07-14T15:31:12.078295+00:00,58.800139,12878,41,0202aac0024d324e005a5811460e29efbf1ffffffc2246cd1e00000fc0007ebfe9ed0737feebfff600,1,TX 41 seq=19135 rx_latency=1ms tx_dur=1ms,15.794,
2732,10,590,2864710222,2026-07-14T15:31:12.178297+00:00,58.900143,12978,41,0202aac0024e32b2005a5811460e29efbf1ffffffc2246cd1e00000fc0007ebfe9ed0737feebfff600,1,TX 41 seq=19136 rx_latency=1ms tx_dur=1ms,17.857,
2732,10,591,2864710223,2026-07-14T15:31:12.278298+00:00,59.000141,13078,41,0202aac0024f3316005a5811460e29efbf1ffffffc2246cd1e00000fc0007ebfe9ed0737feebfff600,1,TX 41 seq=19137 rx_latency=1ms tx_dur=1ms,19.994,
2732,10,592,2864710224,2026-07-14T15:31:12.378298+00:00,59.100140,13178,41,0202aac00250337a005a5811460e29efbf1ffffffc2246cd1e00000fc0007ebfe9ed0737feebfff600,1,TX 41 seq=19138 rx_latency=1ms tx_dur=1ms,22.626,
2732,10,593,2864710225,2026-07-14T15:31:12.478297+00:00,59.200139,13278,41,0202aac0025133de005a5811460e29efbf1ffffffc2246cd1e00000fc0007ebfe9ed0737feebfff600,1,TX 41 seq=19139 rx_latency=1ms tx_dur=1ms,14.398,
2732,10,594,2864710226,2026-07-14T15:31:12.578297+00:00,59.300141,13378,41,0202aac002523442005a5811460e29efbf1ffffffc2246cd1e00000fc0007ebfe9ed0737feebfff600,1,TX 41 seq=19140 rx_latency=1ms tx_dur=1ms,16.161,
2732,10,595,2864710227,2026-07-14T15:31:12.678296+00:00,59.400145,13478,41,0202aac0025334a6005a5811460e29efbf1ffffffc2246cd1e00000fc0007ebfe9ed0737feebfff600,1,TX 41 seq=19141 rx_latency=1ms tx_dur=1ms,17.798,
2732,10,596,2864710228,2026-07-14T15:31:12.778300+00:00,59.500150,13578,41,0202aac00254350a005a5811460e29efbf1ffffffc2246cd1e00000fc0007ebfe9ed0737feebfff600,1,TX 41 seq=19142 rx_latency=1ms tx_dur=1ms,20.480,
2732,10,597,2864710229,2026-07-14T15:31:12.878296+00:00,59.600144,13678,41,0202aac00255356e005a5811460e29efbf1ffffffc2246cd1e00000fc0007ebfe9ed0737feebfff600,1,TX 41 seq=19143 rx_latency=1ms tx_dur=1ms,22.127,
2732,10,598,2864710230,2026-07-14T15:31:12.978298+00:00,59.700143,13778,41,0202aac0025635d2005a5811460e29efbf1ffffffc2246cd1e00000fc0007ebfe9ed0737feebfff600,1,TX 41 seq=19144 rx_latency=1ms tx_dur=1ms,13.939,
2732,10,599,2864710231,2026-07-14T15:31:13.078297+00:00,59.800142,13878,41,0202aac002573636005a5811460e29efbf1ffffffc2246cd1e00000fc0007ebfe9ed0737feebfff600,1,TX 41 seq=19145 rx_latency=1ms tx_dur=1ms,16.790,
2732,10,600,2864710232,2026-07-14T15:31:13.178299+00:00,59.900146,13978,41,0202aac00258369a005a5811460e29efbf1ffffffc2246cd1e00000fc0007ebfe9ed0737feebfff600,1,TX 41 seq=19146 rx_latency=1ms tx_dur=1ms,18.316,
2732,10,601,2864710233,2026-07-14T15:31:13.278296+00:00,60.000148,14078,41,0202aac0025936fe005a5811460e29efbf1ffffffc2246cd1e00000fc0007ebfe9ed0737feebfff600,1,TX 41 seq=19147 rx_latency=1ms tx_dur=1ms,19.986,
2732,10,602,2864710234,2026-07-14T15:31:13.378299+00:00,60.100148,14178,41,0202aac0025a3762005a5811460e29efbf1ffffffc2246cd1e00000fc0007ebfe9ed0737feebfff600,1,TX 41 seq=19148 rx_latency=1ms tx_dur=1ms,21.750,
2732,10,603,2864710235,2026-07-14T15:31:13.478293+00:00,60.200138,14278,41,0202aac0025b37c6005a5811460e29efbf1ffffffc2246cd1e00000fc0007ebfe9ed0737feebfff600,1,TX 41 seq=19149 rx_latency=1ms tx_dur=1ms,14.637,
2732,10,604,2864710236,2026-07-14T15:31:13.578297+00:00,60.300142,14378,41,0202aac0025c382a005a5811460e29efbf1ffffffc2246cd1e00000fc0007ebfe9ed0737feebfff600,1,TX 41 seq=19150 rx_latency=1ms tx_dur=1ms,16.672,
2732,10,605,2864710237,2026-07-14T15:31:13.678309+00:00,60.400177,14478,41,0202aac0025d388e005a5811460e29efbf1ffffffc2246cd1e00000fc0007ebfe9ed0737feebfff600,1,TX 41 seq=19151 rx_latency=1ms tx_dur=1ms,17.979,
2732,10,606,2864710238,2026-07-14T15:31:13.778301+00:00,60.500150,14578,41,0202aac0025e38f2005a5811460e29efbf1ffffffc2246cd1e00000fc0007ebfe9ed0737feebfff600,1,TX 41 seq=19152 rx_latency=1ms tx_dur=1ms,20.190,
2732,10,607,2864710239,2026-07-14T15:31:13.878299+00:00,60.600155,14678,41,0202aac0025f3956005a5811460e29efbf1ffffffc2246cd1e00000fc0007ebfe9ed0737feebfff600,1,TX 41 seq=19153 rx_latency=1ms tx_dur=1ms,22.199,
2732,10,608,2864710240,2026-07-14T15:31:13.978300+00:00,60.700148,14778,41,0202aac0026039ba005a5811460e29efbf1ffffffc2246cd1e00000fc0007ebfe9ed0737feebfff600,1,TX 41 seq=19154 rx_latency=1ms tx_dur=1ms,14.429,
2732,10,609,2864710241,2026-07-14T15:31:14.078297+00:00,60.800141,14878,41,0202aac002613a1e005a5811460e29efbf1ffffffc2246cd1e00000fc0007ebfe9ed0737feebfff600,1,TX 41 seq=19155 rx_latency=1ms tx_dur=1ms,15.955,
2732,10,610,2864710242,2026-07-14T15:31:14.178297+00:00,60.900141,14978,41,0202aac002623a82005a5811460e29efbf1ffffffc2246cd1e00000fc0007ebfe9ed0737feebfff600,1,TX 41 seq=19156 rx_latency=1ms tx_dur=1ms,18.803,
2732,10,611,2864710243,2026-07-14T15:31:14.278298+00:00,61.000141,15078,41,0202aac002633ae6005a5811460e29efbf1ffffffc2246cd1e00000fc0007ebfe9ed0737feebfff600,1,TX 41 seq=19157 rx_latency=1ms tx_dur=1ms,20.542,
2732,10,612,2864710244,2026-07-14T15:31:14.378299+00:00,61.100143,15178,41,0202aac002643b4a005a5811460e29efbf1ffffffc2246cd1e00000fc0007ebfe9ed0737feebfff600,1,TX 41 seq=19158 rx_latency=1ms tx_dur=1ms,22.254,
2732,10,613,2864710245,2026-07-14T15:31:14.478297+00:00,61.200140,15278,41,0202aac002653bae005a5811460e29efbf1ffffffc2246cd1e00000fc0007ebfe9ed0737feebfff600,1,TX 41 seq=19159 rx_latency=1ms tx_dur=1ms,13.805,
2732,10,614,2864710246,2026-07-14T15:31:14.578297+00:00,61.300139,15378,41,0202aac002663c12005a5811460e29efbf1ffffffc2246cd1e00000fc0007ebfe9ed0737feebfff600,1,TX 41 seq=19160 rx_latency=1ms tx_dur=1ms,16.646,
2732,10,615,2864710247,2026-07-14T15:31:14.678292+00:00,61.400134,15478,41,0202aac002673c76005a5811460e29efbf1ffffffc2246cd1e00000fc0007ebfe9ed0737feebfff600,1,TX 41 seq=19161 rx_latency=1ms tx_dur=1ms,18.384,
2732,10,616,2864710248,2026-07-14T15:31:14.778297+00:00,61.500143,15578,41,0202aac002683cda005a5811460e29efbf1ffffffc2246cd1e00000fc0007ebfe9ed0737feebfff600,1,TX 41 seq=19162 rx_latency=1ms tx_dur=1ms,20.091,
2732,10,617,2864710249,2026-07-14T15:31:14.878297+00:00,61.600146,15678,41,0202aac002693d3e005a5811460e29efbf1ffffffc2246cd1e00000fc0007ebfe9ed0737feebfff600,1,TX 41 seq=19163 rx_latency=1ms tx_dur=1ms,22.678,
2732,10,618,2864710250,2026-07-14T15:31:14.978314+00:00,61.700186,15778,41,0202aac0026a3da2005a5811460e29efbf1ffffffc2246cd1e00000fc0007ebfe9ed0737feebfff600,1,TX 41 seq=19164 rx_latency=1ms tx_dur=1ms,14.364,
2732,10,619,2864710251,2026-07-14T15:31:15.078294+00:00,61.800137,15878,41,0202aac0026b3e06005a5811460e29efbf1ffffffc2246cd1e00000fc0007ebfe9ed0737feebfff600,1,TX 41 seq=19165 rx_latency=1ms tx_dur=1ms,16.199,
2732,10,620,2864710252,2026-07-14T15:31:15.178298+00:00,61.900145,15978,41,0202aac0026c3e6a005a5811460e29efbf1ffffffc2246cd1e00000fc0007ebfe9ed0737feebfff600,1,TX 41 seq=19166 rx_latency=1ms tx_dur=1ms,17.906,
2732,10,621,2864710253,2026-07-14T15:31:15.278296+00:00,62.000139,16078,41,0202aac0026d3ece005a5811460e29efbf1ffffffc2246cd1e00000fc0007ebfe9ed0737feebfff600,1,TX 41 seq=19167 rx_latency=1ms tx_dur=1ms,19.966,
2732,10,622,2864710254,2026-07-14T15:31:15.378300+00:00,62.100149,16178,41,0202aac0026e3f32005a5811460e29efbf1ffffffc2246cd1e00000fc0007ebfe9ed0737feebfff600,1,TX 41 seq=19168 rx_latency=1ms tx_dur=1ms,22.441,
2732,10,623,2864710255,2026-07-14T15:31:15.478297+00:00,62.200143,16278,41,0202aac0026f3f96005a5811460e29efbf1ffffffc2246cd1e00000fc0007ebfe9ed0737feebfff600,1,TX 41 seq=19169 rx_latency=1ms tx_dur=1ms,14.634,
2732,10,624,2864710256,2026-07-14T15:31:15.578298+00:00,62.300141,16378,41,0202aac002703ffa005a5811460e29efbf1ffffffc2246cd1e00000fc0007ebfe9ed0737feebfff600,1,TX 41 seq=19170 rx_latency=1ms tx_dur=1ms,16.705,
2732,10,625,2864710257,2026-07-14T15:31:15.678310+00:00,62.400162,16478,41,0202aac00271405e005a5811460e29efbf1ffffffc2246cd1e00000fc0007ebfe9ed0737feebfff600,1,TX 41 seq=19171 rx_latency=1ms tx_dur=1ms,17.989,
2732,10,626,2864710258,2026-07-14T15:31:15.778292+00:00,62.500133,16578,41,0202aac0027240c2005a5811460e29efbf1ffffffc2246cd1e00000fc0007ebfe9ed0737feebfff600,1,TX 41 seq=19172 rx_latency=1ms tx_dur=1ms,20.297,
2732,10,627,2864710259,2026-07-14T15:31:15.878298+00:00,62.600144,16678,41,0202aac002734126005a5811460e29efbf1ffffffc2246cd1e00000fc0007ebfe9ed0737feebfff600,1,TX 41 seq=19173 rx_latency=1ms tx_dur=1ms,22.265,
2732,10,628,2864710260,2026-07-14T15:31:15.978290+00:00,62.700135,16778,41,0202aac00274418a005a5811460e29efbf1ffffffc2246cd1e00000fc0007ebfe9ed0737feebfff600,1,TX 41 seq=19174 rx_latency=1ms tx_dur=1ms,14.469,
2732,10,629,2864710261,2026-07-14T15:31:16.078304+00:00,62.800161,16878,41,0202aac0027541ee005a5811460e29efbf1ffffffc2246cd1e00000fc0007ebfe9ed0737feebfff600,1,TX 41 seq=19175 rx_latency=1ms tx_dur=1ms,15.926,
2732,10,630,2864710262,2026-07-14T15:31:16.178296+00:00,62.900144,16978,41,0202aac002764252005a5811460e29efbf1ffffffc2246cd1e00000fc0007ebfe9ed0737feebfff600,1,TX 41 seq=19176 rx_latency=1ms tx_dur=1ms,18.806,
2732,10,631,2864710263,2026-07-14T15:31:16.278294+00:00,63.000137,17078,41,0202aac0027742b6005a5811460e29efbf1ffffffc2246cd1e00000fc0007ebfe9ed0737feebfff600,1,TX 41 seq=19177 rx_latency=1ms tx_dur=1ms,20.577,
2732,10,632,2864710264,2026-07-14T15:31:16.378295+00:00,63.100137,17178,41,0202aac00278431a005a5811460e29efbf1ffffffc2246cd1e00000fc0007ebfe9ed0737feebfff600,1,TX 41 seq=19178 rx_latency=1ms tx_dur=1ms,22.268,
2732,10,633,2864710265,2026-07-14T15:31:16.478294+00:00,63.200138,17278,41,0202aac00279437e005a5811460e29efbf1ffffffc2246cd1e00000fc0007ebfe9ed0737feebfff600,1,TX 41 seq=19179 rx_latency=1ms tx_dur=1ms,13.781,
2732,10,634,2864710266,2026-07-14T15:31:16.578291+00:00,63.300132,17378,41,0202aac0027a43e2005a5811460e29efbf1ffffffc2246cd1e00000fc0007ebfe9ed0737feebfff600,1,TX 41 seq=19180 rx_latency=1ms tx_dur=1ms,16.709,
2732,10,635,2864710267,2026-07-14T15:31:16.678297+00:00,63.400143,17478,41,0202aac0027b4446005a5811460e29efbf1ffffffc2246cd1e00000fc0007ebfe9ed0737feebfff600,1,TX 41 seq=19181 rx_latency=1ms tx_dur=1ms,18.334,
2732,10,636,2864710268,2026-07-14T15:31:16.778286+00:00,63.500127,17578,41,0202aac0027c44aa005a5811460e29efbf1ffffffc2246cd1e00000fc0007ebfe9ed0737feebfff600,1,TX 41 seq=19182 rx_latency=1ms tx_dur=1ms,20.187,
2732,10,637,2864710269,2026-07-14T15:31:16.878299+00:00,63.600151,17678,41,0202aac0027d450e005a5811460e29efbf1ffffffc2246cd1e00000fc0007ebfe9ed0737feebfff600,1,TX 41 seq=19183 rx_latency=1ms tx_dur=1ms,22.643,
2732,10,638,2864710270,2026-07-14T15:31:16.978290+00:00,63.700130,17778,41,0202aac0027e4572005a5811460e29efbf1ffffffc2246cd1e00000fc0007ebfe9ed0737feebfff600,1,TX 41 seq=19184 rx_latency=1ms tx_dur=1ms,14.553,
2732,10,639,2864710271,2026-07-14T15:31:17.078297+00:00,63.800140,17878,41,0202aac0027f45d6005a5811460e29efbf1ffffffc2246cd1e00000fc0007ebfe9ed0737feebfff600,1,TX 41 seq=19185 rx_latency=1ms tx_dur=1ms,16.267,
2732,10,640,2864710272,2026-07-14T15:31:17.178296+00:00,63.900147,17978,41,0202aac00280463a005a5811460e29efbf1ffffffc2246cd1e00000fc0007ebfe9ed0737feebfff600,1,TX 41 seq=19186 rx_latency=1ms tx_dur=1ms,17.933,
2732,10,641,2864710273,2026-07-14T15:31:17.278297+00:00,64.000143,18078,41,0202aac00281469e005a5811460e29efbf1ffffffc2246cd1e00000fc0007ebfe9ed0737feebfff600,1,TX 41 seq=19187 rx_latency=1ms tx_dur=1ms,20.110,
2732,10,642,2864710274,2026-07-14T15:31:17.378296+00:00,64.100140,18178,41,0202aac002824702005a5811460e29efbf1ffffffc2246cd1e00000fc0007ebfe9ed0737feebfff600,1,TX 41 seq=19188 rx_latency=1ms tx_dur=1ms,22.321,
2732,10,643,2864710275,2026-07-14T15:31:17.478291+00:00,64.200132,18278,41,0202aac002834766005a5811460e29efbf1ffffffc2246cd1e00000fc0007ebfe9ed0737feebfff600,1,TX 41 seq=19189 rx_latency=1ms tx_dur=1ms,14.404,
2732,10,644,2864710276,2026-07-14T15:31:17.578296+00:00,64.300139,18378,41,0202aac0028447ca005a5811460e29efbf1ffffffc2246cd1e00000fc0007ebfe9ed0737feebfff600,1,TX 41 seq=19190 rx_latency=1ms tx_dur=1ms,16.863,
2732,10,645,2864710277,2026-07-14T15:31:17.678297+00:00,64.400141,18478,41,0202aac00285482e005a5811460e29efbf1ffffffc2246cd1e00000fc0007ebfe9ed0737feebfff600,1,TX 41 seq=19191 rx_latency=1ms tx_dur=1ms,17.899,
2732,10,646,2864710278,2026-07-14T15:31:17.778300+00:00,64.500146,18578,41,0202aac002864892005a5811460e29efbf1ffffffc2246cd1e00000fc0007ebfe9ed0737feebfff600,1,TX 41 seq=19192 rx_latency=1ms tx_dur=1ms,20.525,
2732,10,647,2864710279,2026-07-14T15:31:17.878289+00:00,64.600135,18678,41,0202aac0028748f6005a5811460e29efbf1ffffffc2246cd1e00000fc0007ebfe9ed0737feebfff600,1,TX 41 seq=19193 rx_latency=1ms tx_dur=1ms,22.225,
2732,10,648,2864710280,2026-07-14T15:31:17.978312+00:00,64.700183,18778,41,0202aac00288495a005a5811460e29efbf1ffffffc2246cd1e00000fc0007ebfe9ed0737feebfff600,1,TX 41 seq=19194 rx_latency=1ms tx_dur=1ms,13.885,
2732,10,649,2864710281,2026-07-14T15:31:18.078292+00:00,64.800136,18878,41,0202aac0028949be005a5811460e29efbf1ffffffc2246cd1e00000fc0007ebfe9ed0737feebfff600,1,TX 41 seq=19195 rx_latency=1ms tx_dur=1ms,16.825,
2732,10,650,2864710282,2026-07-14T15:31:18.178303+00:00,64.900160,18978,41,0202aac0028a4a22005a5811460e29efbf1ffffffc2246cd1e00000fc0007ebfe9ed0737feebfff600,1,TX 41 seq=19196 rx_latency=1ms tx_dur=1ms,18.297,
2732,10,651,2864710283,2026-07-14T15:31:18.278298+00:00,65.000152,19078,41,0202aac0028b4a86005a5811460e29efbf1ffffffc2246cd1e00000fc0007ebfe9ed0737feebfff600,1,TX 41 seq=19197 rx_latency=1ms tx_dur=1ms,20.006,
2732,10,652,2864710284,2026-07-14T15:31:18.378305+00:00,65.100166,19178,41,0202aac0028c4aea005a5811460e29efbf1ffffffc2246cd1e00000fc0007ebfe9ed0737feebfff600,1,TX 41 seq=19198 rx_latency=1ms tx_dur=1ms,21.753,
2732,10,653,2864710285,2026-07-14T15:31:18.478292+00:00,65.200134,19278,41,0202aac0028d4b4e005a5811460e29efbf1ffffffc2246cd1e00000fc0007ebfe9ed0737feebfff600,1,TX 41 seq=19199 rx_latency=1ms tx_dur=1ms,14.667,
2732,10,654,2864710286,2026-07-14T15:31:18.578307+00:00,65.300167,19378,41,0202aac0028e4bb2005a5811460e29efbf1ffffffc2246cd1e00000fc0007ebfe9ed0737feebfff600,1,TX 41 seq=19200 rx_latency=1ms tx_dur=1ms,16.111,
2732,10,655,2864710287,2026-07-14T15:31:18.678292+00:00,65.400137,19478,41,0202aac0028f4c16005a5811460e29efbf1ffffffc2246cd1e00000fc0007ebfe9ed0737feebfff600,1,TX 41 seq=19201 rx_latency=1ms tx_dur=1ms,17.894,
2732,10,656,2864710288,2026-07-14T15:31:18.778298+00:00,65.500147,19578,41,0202aac002904c7a005a5811460e29efbf1ffffffc2246cd1e00000fc0007ebfe9ed0737feebfff600,1,TX 41 seq=19202 rx_latency=1ms tx_dur=1ms,20.730,
2732,10,657,2864710289,2026-07-14T15:31:18.878293+00:00,65.600138,19678,41,0202aac002914cde005a5811460e29efbf1ffffffc2246cd1e00000fc0007ebfe9ed0737feebfff600,1,TX 41 seq=19203 rx_latency=1ms tx_dur=1ms,22.428,
2732,10,658,2864710290,2026-07-14T15:31:18.978295+00:00,65.700138,19778,41,0202aac002924d42005a5811460e29efbf1ffffffc2246cd1e00000fc0007ebfe9ed0737feebfff600,1,TX 41 seq=19204 rx_latency=1ms tx_dur=1ms,14.547,
2732,10,659,2864710291,2026-07-14T15:31:19.078298+00:00,65.800143,19878,41,0202aac002934da6005a5811460e29efbf1ffffffc2246cd1e00000fc0007ebfe9ed0737feebfff600,1,TX 41 seq=19205 rx_latency=1ms tx_dur=1ms,16.697,
2732,10,660,2864710292,2026-07-14T15:31:19.178297+00:00,65.900146,19978,41,0202aac002944e0a005a5811460e29efbf1ffffffc2246cd1e00000fc0007ebfe9ed0737feebfff600,1,TX 41 seq=19206 rx_latency=1ms tx_dur=1ms,18.224,
2732,10,661,2864710293,2026-07-14T15:31:19.278299+00:00,66.000152,20078,41,0202aac002954e6e005a5811460e29efbf1ffffffc2246cd1e00000fc0007ebfe9ed0737feebfff600,1,TX 41 seq=19207 rx_latency=1ms tx_dur=1ms,19.913,
2732,10,662,2864710294,2026-07-14T15:31:19.378297+00:00,66.100151,20178,41,0202aac002964ed2005a5811460e29efbf1ffffffc2246cd1e00000fc0007ebfe9ed0737feebfff600,1,TX 41 seq=19208 rx_latency=1ms tx_dur=1ms,22.726,
2732,10,663,2864710295,2026-07-14T15:31:19.478300+00:00,66.200147,20278,41,0202aac002974f36005a5811460e29efbf1ffffffc2246cd1e00000fc0007ebfe9ed0737feebfff600,1,TX 41 seq=19209 rx_latency=1ms tx_dur=1ms,14.535,
2732,10,664,2864710296,2026-07-14T15:31:19.578294+00:00,66.300150,20378,41,0202aac002984f9a005a5811460e29efbf1ffffffc2246cd1e00000fc0007ebfe9ed0737feebfff600,1,TX 41 seq=19210 rx_latency=1ms tx_dur=1ms,16.025,
2732,10,665,2864710297,2026-07-14T15:31:19.678248+00:00,66.400123,20478,41,0202aac002994ffe005a5811460e29efbf1ffffffc2246cd1e00000fc0007ebfe9ed0737feebfff600,1,TX 41 seq=19211 rx_latency=1ms tx_dur=1ms,17.748,
2732,10,666,2864710298,2026-07-14T15:31:19.778294+00:00,66.500143,20578,41,0202aac0029a5062005a5811460e29efbf1ffffffc2246cd1e00000fc0007ebfe9ed0737feebfff600,1,TX 41 seq=19212 rx_latency=1ms tx_dur=1ms,20.578,
2732,10,667,2864710299,2026-07-14T15:31:19.878301+00:00,66.600152,20678,41,0202aac0029b50c6005a5811460e29efbf1ffffffc2246cd1e00000fc0007ebfe9ed0737feebfff600,1,TX 41 seq=19213 rx_latency=1ms tx_dur=1ms,22.330,
2732,10,668,2864710300,2026-07-14T15:31:19.978292+00:00,66.700133,20778,41,0202aac0029c512a005a5811460e29efbf1ffffffc2246cd1e00000fc0007ebfe9ed0737feebfff600,1,TX 41 seq=19214 rx_latency=1ms tx_dur=1ms,14.485,
2732,10,669,2864710301,2026-07-14T15:31:20.078299+00:00,66.800148,20878,41,0202aac0029d518e005a5811460e29efbf1ffffffc2246cd1e00000fc0007ebfe9ed0737feebfff600,1,TX 41 seq=19215 rx_latency=1ms tx_dur=1ms,15.905,
2732,10,670,2864710302,2026-07-14T15:31:20.178298+00:00,66.900144,20978,41,0202aac0029e51f2005a5811460e29efbf1ffffffc2246cd1e00000fc0007ebfe9ed0737feebfff600,1,TX 41 seq=19216 rx_latency=1ms tx_dur=1ms,18.078,
2732,10,671,2864710303,2026-07-14T15:31:20.278290+00:00,67.000132,21078,41,0202aac0029f5256005a5811460e29efbf1ffffffc2246cd1e00000fc0007ebfe9ed0737feebfff600,1,TX 41 seq=19217 rx_latency=1ms tx_dur=1ms,20.144,
2732,10,672,2864710304,2026-07-14T15:31:20.378298+00:00,67.100154,21178,41,0202aac002a052ba005a5811460e29efbf1ffffffc2246cd1e00000fc0007ebfe9ed0737feebfff600,1,TX 41 seq=19218 rx_latency=1ms tx_dur=1ms,22.246,
2732,10,673,2864710305,2026-07-14T15:31:20.478299+00:00,67.200152,21278,41,0202aac002a1531e005a5811460e29efbf1ffffffc2246cd1e00000fc0007ebfe9ed0737feebfff600,1,TX 41 seq=19219 rx_latency=1ms tx_dur=1ms,13.830,
2732,10,674,2864710306,2026-07-14T15:31:20.578297+00:00,67.300141,21378,41,0202aac002a25382005a5811460e29efbf1ffffffc2246cd1e00000fc0007ebfe9ed0737feebfff600,1,TX 41 seq=19220 rx_latency=1ms tx_dur=1ms,16.681,
2732,10,675,2864710307,2026-07-14T15:31:20.678290+00:00,67.400129,21478,41,0202aac002a353e6005a5811460e29efbf1ffffffc2246cd1e00000fc0007ebfe9ed0737feebfff600,1,TX 41 seq=19221 rx_latency=1ms tx_dur=1ms,18.406,
2732,10,676,2864710308,2026-07-14T15:31:20.778265+00:00,67.500107,21578,41,0202aac002a4544a005a5811460e29efbf1ffffffc2246cd1e00000fc0007ebfe9ed0737feebfff600,1,TX 41 seq=19222 rx_latency=1ms tx_dur=1ms,20.169,
2732,10,677,2864710309,2026-07-14T15:31:20.878292+00:00,67.600138,21678,41,0202aac002a554ae005a5811460e29efbf1ffffffc2246cd1e00000fc0007ebfe9ed0737feebfff600,1,TX 41 seq=19223 rx_latency=1ms tx_dur=1ms,22.155,
2732,10,678,2864710310,2026-07-14T15:31:20.978301+00:00,67.700148,21778,41,0202aac002a65512005a5811460e29efbf1ffffffc2246cd1e00000fc0007ebfe9ed0737feebfff600,1,TX 41 seq=19224 rx_latency=1ms tx_dur=1ms,14.766,
2732,10,679,2864710311,2026-07-14T15:31:21.078309+00:00,67.800170,21878,41,0202aac002a75576005a5811460e29efbf1ffffffc2246cd1e00000fc0007ebfe9ed0737feebfff600,1,TX 41 seq=19225 rx_latency=1ms tx_dur=1ms,16.756,
2732,10,680,2864710312,2026-07-14T15:31:21.178291+00:00,67.900133,21978,41,0202aac002a855da005a5811460e29efbf1ffffffc2246cd1e00000fc0007ebfe9ed0737feebfff600,1,TX 41 seq=19226 rx_latency=1ms tx_dur=1ms,17.840,
2732,10,681,2864710313,2026-07-14T15:31:21.278302+00:00,68.000155,22078,41,0202aac002a9563e005a5811460e29efbf1ffffffc2246cd1e00000fc0007ebfe9ed0737feebfff600,1,TX 41 seq=19227 rx_latency=1ms tx_dur=1ms,20.227,
2732,10,682,2864710314,2026-07-14T15:31:21.378290+00:00,68.100131,22178,41,0202aac002aa56a2005a5811460e29efbf1ffffffc2246cd1e00000fc0007ebfe9ed0737feebfff600,1,TX 41 seq=19228 rx_latency=1ms tx_dur=1ms,22.382,
2732,10,683,2864710315,2026-07-14T15:31:21.478295+00:00,68.200140,22278,41,0202aac002ab5706005a5811460e29efbf1ffffffc2246cd1e00000fc0007ebfe9ed0737feebfff600,1,TX 41 seq=19229 rx_latency=1ms tx_dur=1ms,14.496,
2732,10,684,2864710316,2026-07-14T15:31:21.578297+00:00,68.300139,22378,41,0202aac002ac576a005a5811460e29efbf1ffffffc2246cd1e00000fc0007ebfe9ed0737feebfff600,1,TX 41 seq=19230 rx_latency=1ms tx_dur=1ms,16.676,
2732,10,685,2864710317,2026-07-14T15:31:21.678303+00:00,68.400163,22478,41,0202aac002ad57ce005a5811460e29efbf1ffffffc2246cd1e00000fc0007ebfe9ed0737feebfff600,1,TX 41 seq=19231 rx_latency=1ms tx_dur=1ms,18.108,
2732,10,686,2864710318,2026-07-14T15:31:21.778300+00:00,68.500150,22578,41,0202aac002ae5832005a5811460e29efbf1ffffffc2246cd1e00000fc0007ebfe9ed0737feebfff600,1,TX 41 seq=19232 rx_latency=1ms tx_dur=1ms,19.893,
2732,10,687,2864710319,2026-07-14T15:31:21.878294+00:00,68.600139,22678,41,0202aac002af5896005a5811460e29efbf1ffffffc2246cd1e00000fc0007ebfe9ed0737feebfff600,1,TX 41 seq=19233 rx_latency=1ms tx_dur=1ms,22.680,
2732,10,688,2864710320,2026-07-14T15:31:21.978290+00:00,68.700135,22778,41,0202aac002b058fa005a5811460e29efbf1ffffffc2246cd1e00000fc0007ebfe9ed0737feebfff600,1,TX 41 seq=19234 rx_latency=1ms tx_dur=1ms,14.497,
2732,10,689,2864710321,2026-07-14T15:31:22.078296+00:00,68.800140,22878,41,0202aac002b1595e005a5811460e29efbf1ffffffc2246cd1e00000fc0007ebfe9ed0737feebfff600,1,TX 41 seq=19235 rx_latency=1ms tx_dur=1ms,16.022,
2732,10,690,2864710322,2026-07-14T15:31:22.178253+00:00,68.900102,22978,41,0202aac002b259c2005a5811460e29efbf1ffffffc2246cd1e00000fc0007ebfe9ed0737feebfff600,1,TX 41 seq=19236 rx_latency=1ms tx_dur=1ms,18.891,
2732,10,691,2864710323,2026-07-14T15:31:22.278296+00:00,69.000140,23078,41,0202aac002b35a26005a5811460e29efbf1ffffffc2246cd1e00000fc0007ebfe9ed0737feebfff600,1,TX 41 seq=19237 rx_latency=1ms tx_dur=1ms,20.582,
2732,10,692,2864710324,2026-07-14T15:31:22.378292+00:00,69.100130,23178,41,0202aac002b45a8a005a5811460e29efbf1ffffffc2246cd1e00000fc0007ebfe9ed0737feebfff600,1,TX 41 seq=19238 rx_latency=1ms tx_dur=1ms,22.269,
2732,10,693,2864710325,2026-07-14T15:31:22.478296+00:00,69.200139,23278,41,0202aac002b55aee005a5811460e29efbf1ffffffc2246cd1e00000fc0007ebfe9ed0737feebfff600,1,TX 41 seq=19239 rx_latency=1ms tx_dur=1ms,13.860,
2732,10,694,2864710326,2026-07-14T15:31:22.578288+00:00,69.300126,23378,41,0202aac002b65b52005a5811460e29efbf1ffffffc2246cd1e00000fc0007ebfe9ed0737feebfff600,1,TX 41 seq=19240 rx_latency=1ms tx_dur=1ms,16.711,
2732,10,695,2864710327,2026-07-14T15:31:22.678306+00:00,69.400164,23478,41,0202aac002b75bb6005a5811460e29efbf1ffffffc2246cd1e00000fc0007ebfe9ed0737feebfff600,1,TX 41 seq=19241 rx_latency=1ms tx_dur=1ms,18.365,
2732,10,696,2864710328,2026-07-14T15:31:22.778291+00:00,69.500132,23578,41,0202aac002b85c1a005a5811460e29efbf1ffffffc2246cd1e00000fc0007ebfe9ed0737feebfff600,1,TX 41 seq=19242 rx_latency=1ms tx_dur=1ms,20.140,
2732,10,697,2864710329,2026-07-14T15:31:22.878299+00:00,69.600145,23678,41,0202aac002b95c7e005a5811460e29efbf1ffffffc2246cd1e00000fc0007ebfe9ed0737feebfff600,1,TX 41 seq=19243 rx_latency=1ms tx_dur=1ms,22.335,
2732,10,698,2864710330,2026-07-14T15:31:22.978291+00:00,69.700132,23778,41,0202aac002ba5ce2005a5811460e29efbf1ffffffc2246cd1e00000fc0007ebfe9ed0737feebfff600,1,TX 41 seq=19244 rx_latency=1ms tx_dur=1ms,14.538,
2732,10,699,2864710331,2026-07-14T15:31:23.078297+00:00,69.800141,23878,41,0202aac002bb5d46005a5811460e29efbf1ffffffc2246cd1e00000fc0007ebfe9ed0737feebfff600,1,TX 41 seq=19245 rx_latency=1ms tx_dur=1ms,16.027,
2732,10,700,2864710332,2026-07-14T15:31:23.178277+00:00,69.900120,23978,41,0202aac002bc5daa005a5811460e29efbf1ffffffc2246cd1e00000fc0007ebfe9ed0737feebfff600,1,TX 41 seq=19246 rx_latency=1ms tx_dur=1ms,18.883,
2732,10,701,2864710333,2026-07-14T15:31:23.278299+00:00,70.000158,24078,41,0202aac002bd5e0e005a5811460e29efbf1ffffffc2246cd1e00000fc0007ebfe9ed0737feebfff600,1,TX 41 seq=19247 rx_latency=1ms tx_dur=1ms,20.525,
2732,10,702,2864710334,2026-07-14T15:31:23.378300+00:00,70.100150,24178,41,0202aac002be5e72005a5811460e29efbf1ffffffc2246cd1e00000fc0007ebfe9ed0737feebfff600,1,TX 41 seq=19248 rx_latency=1ms tx_dur=1ms,22.330,
2732,10,703,2864710335,2026-07-14T15:31:23.478291+00:00,70.200131,24278,41,0202aac002bf5ed6005a5811460e29efbf1ffffffc2246cd1e00000fc0007ebfe9ed0737feebfff600,1,TX 41 seq=19249 rx_latency=1ms tx_dur=1ms,14.448,
2732,10,704,2864710336,2026-07-14T15:31:23.578303+00:00,70.300156,24378,41,0202aac002c05f3a005a5811460e29efbf1ffffffc2246cd1e00000fc0007ebfe9ed0737feebfff600,1,TX 41 seq=19250 rx_latency=1ms tx_dur=1ms,16.836,
2732,10,705,2864710337,2026-07-14T15:31:23.678301+00:00,70.400154,24478,41,0202aac002c15f9e005a5811460e29efbf1ffffffc2246cd1e00000fc0007ebfe9ed0737feebfff600,1,TX 41 seq=19251 rx_latency=1ms tx_dur=1ms,17.896,
2732,10,706,2864710338,2026-07-14T15:31:23.778293+00:00,70.500136,24578,41,0202aac002c26002005a5811460e29efbf1ffffffc2246cd1e00000fc0007ebfe9ed0737feebfff600,1,TX 41 seq=19252 rx_latency=1ms tx_dur=1ms,19.977,
2732,10,707,2864710339,2026-07-14T15:31:23.878308+00:00,70.600171,24678,41,0202aac002c36066005a5811460e29efbf1ffffffc2246cd1e00000fc0007ebfe9ed0737feebfff600,1,TX 41 seq=19253 rx_latency=1ms tx_dur=1ms,22.382,
2732,10,708,2864710340,2026-07-14T15:31:23.978292+00:00,70.700136,24778,41,0202aac002c460ca005a5811460e29efbf1ffffffc2246cd1e00000fc0007ebfe9ed0737feebfff600,1,TX 41 seq=19254 rx_latency=1ms tx_dur=1ms,14.641,
2732,10,709,2864710341,2026-07-14T15:31:24.078298+00:00,70.800142,24878,41,0202aac002c5612e005a5811460e29efbf1ffffffc2246cd1e00000fc0007ebfe9ed0737feebfff600,1,TX 41 seq=19255 rx_latency=1ms tx_dur=1ms,16.697,
2732,10,710,2864710342,2026-07-14T15:31:24.178296+00:00,70.900139,24978,41,0202aac002c66192005a5811460e29efbf1ffffffc2246cd1e00000fc0007ebfe9ed0737feebfff600,1,TX 41 seq=19256 rx_latency=1ms tx_dur=1ms,18.071,
2732,10,711,2864710343,2026-07-14T15:31:24.278296+00:00,71.000137,25078,41,0202aac002c761f6005a5811460e29efbf1ffffffc2246cd1e00000fc0007ebfe9ed0737feebfff600,1,TX 41 seq=19257 rx_latency=1ms tx_dur=1ms,20.234,
2732,10,712,2864710344,2026-07-14T15:31:24.378297+00:00,71.100143,25178,41,0202aac002c8625a005a5811460e29efbf1ffffffc2246cd1e00000fc0007ebfe9ed0737feebfff600,1,TX 41 seq=19258 rx_latency=1ms tx_dur=1ms,22.262,
2732,10,713,2864710345,2026-07-14T15:31:24.478296+00:00,71.200139,25278,41,0202aac002c962be005a5811460e29efbf1ffffffc2246cd1e00000fc0007ebfe9ed0737feebfff600,1,TX 41 seq=19259 rx_latency=1ms tx_dur=1ms,14.468,
2732,10,714,2864710346,2026-07-14T15:31:24.578297+00:00,71.300138,25378,41,0202aac002ca6322005a5811460e29efbf1ffffffc2246cd1e00000fc0007ebfe9ed0737feebfff600,1,TX 41 seq=19260 rx_latency=1ms tx_dur=1ms,15.985,
2732,10,715,2864710347,2026-07-14T15:31:24.678295+00:00,71.400137,25478,41,0202aac002cb6386005a5811460e29efbf1ffffffc2246cd1e00000fc0007ebfe9ed0737feebfff600,1,TX 41 seq=19261 rx_latency=1ms tx_dur=1ms,18.818,
2732,10,716,2864710348,2026-07-14T15:31:24.778297+00:00,71.500137,25578,41,0202aac002cc63ea005a5811460e29efbf1ffffffc2246cd1e00000fc0007ebfe9ed0737feebfff600,1,TX 41 seq=19262 rx_latency=1ms tx_dur=1ms,20.579,
2732,10,717,2864710349,2026-07-14T15:31:24.878299+00:00,71.600156,25678,41,0202aac002cd644e005a5811460e29efbf1ffffffc2246cd1e00000fc0007ebfe9ed0737feebfff600,1,TX 41 seq=19263 rx_latency=1ms tx_dur=1ms,22.229,
2732,10,718,2864710350,2026-07-14T15:31:24.978307+00:00,71.700172,25778,41,0202aac002ce64b2005a5811460e29efbf1ffffffc2246cd1e00000fc0007ebfe9ed0737feebfff600,1,TX 41 seq=19264 rx_latency=1ms tx_dur=1ms,13.742,
2732,10,719,2864710351,2026-07-14T15:31:25.078299+00:00,71.800148,25878,41,0202aac002cf6516005a5811460e29efbf1ffffffc2246cd1e00000fc0007ebfe9ed0737feebfff600,1,TX 41 seq=19265 rx_latency=1ms tx_dur=1ms,16.628,
2732,10,720,2864710352,2026-07-14T15:31:25.178296+00:00,71.900139,25978,41,0202aac002d0657a005a5811460e29efbf1ffffffc2246cd1e00000fc0007ebfe9ed0737feebfff600,1,TX 41 seq=19266 rx_latency=1ms tx_dur=1ms,18.377,
2732,10,721,2864710353,2026-07-14T15:31:25.278296+00:00,72.000139,26078,41,0202aac002d165de005a5811460e29efbf1ffffffc2246cd1e00000fc0007ebfe9ed0737feebfff600,1,TX 41 seq=19267 rx_latency=1ms tx_dur=1ms,20.102,
2732,10,722,2864710354,2026-07-14T15:31:25.378299+00:00,72.100145,26178,41,0202aac002d26642005a5811460e29efbf1ffffffc2246cd1e00000fc0007ebfe9ed0737feebfff600,1,TX 41 seq=19268 rx_latency=1ms tx_dur=1ms,22.776,
2732,10,723,2864710355,2026-07-14T15:31:25.478294+00:00,72.200135,26278,41,0202aac002d366a6005a5811460e29efbf1ffffffc2246cd1e00000fc0007ebfe9ed0737feebfff600,1,TX 41 seq=19269 rx_latency=1ms tx_dur=1ms,14.501,
2732,10,724,2864710356,2026-07-14T15:31:25.578297+00:00,72.300140,26378,41,0202aac002d4670a005a5811460e29efbf1ffffffc2246cd1e00000fc0007ebfe9ed0737feebfff600,1,TX 41 seq=19270 rx_latency=1ms tx_dur=1ms,16.209,
2732,10,725,2864710357,2026-07-14T15:31:25.678314+00:00,72.400185,26478,41,0202aac002d5676e005a5811460e29efbf1ffffffc2246cd1e00000fc0007ebfe9ed0737feebfff600,1,TX 41 seq=19271 rx_latency=1ms tx_dur=1ms,17.865,
2732,10,726,2864710358,2026-07-14T15:31:25.778299+00:00,72.500154,26578,41,0202aac002d667d2005a5811460e29efbf1ffffffc2246cd1e00000fc0007ebfe9ed0737feebfff600,1,TX 41 seq=19272 rx_latency=1ms tx_dur=1ms,19.945,
2732,10,727,2864710359,2026-07-14T15:31:25.878301+00:00,72.600151,26678,41,0202aac002d76836005a5811460e29efbf1ffffffc2246cd1e00000fc0007ebfe9ed0737feebfff600,1,TX 41 seq=19273 rx_latency=1ms tx_dur=1ms,22.461,
2732,10,728,2864710360,2026-07-14T15:31:25.978296+00:00,72.700146,26778,41,0202aac002d8689a005a5811460e29efbf1ffffffc2246cd1e00000fc0007ebfe9ed0737feebfff600,1,TX 41 seq=19274 rx_latency=1ms tx_dur=1ms,14.635,
2732,10,729,2864710361,2026-07-14T15:31:26.078297+00:00,72.800143,26878,41,0202aac002d968fe005a5811460e29efbf1ffffffc2246cd1e00000fc0007ebfe9ed0737feebfff600,1,TX 41 seq=19275 rx_latency=1ms tx_dur=1ms,16.696,
2732,10,730,2864710362,2026-07-14T15:31:26.178296+00:00,72.900139,26978,41,0202aac002da6962005a5811460e29efbf1ffffffc2246cd1e00000fc0007ebfe9ed0737feebfff600,1,TX 41 seq=19276 rx_latency=1ms tx_dur=1ms,18.872,
2732,10,731,2864710363,2026-07-14T15:31:26.278297+00:00,73.000143,27078,41,0202aac002db69c6005a5811460e29efbf1ffffffc2246cd1e00000fc0007ebfe9ed0737feebfff600,1,TX 41 seq=19277 rx_latency=1ms tx_dur=1ms,20.357,
2732,10,732,2864710364,2026-07-14T15:31:26.378272+00:00,73.100114,27178,41,0202aac002dc6a2a005a5811460e29efbf1ffffffc2246cd1e00000fc0007ebfe9ed0737feebfff600,1,TX 41 seq=19278 rx_latency=1ms tx_dur=1ms,22.139,
2732,10,733,2864710365,2026-07-14T15:31:26.478299+00:00,73.200143,27278,41,0202aac002dd6a8e005a5811460e29efbf1ffffffc2246cd1e00000fc0007ebfe9ed0737feebfff600,1,TX 41 seq=19279 rx_latency=1ms tx_dur=1ms,13.869,
2732,10,734,2864710366,2026-07-14T15:31:26.578296+00:00,73.300139,27378,41,0202aac002de6af2005a5811460e29efbf1ffffffc2246cd1e00000fc0007ebfe9ed0737feebfff600,1,TX 41 seq=19280 rx_latency=1ms tx_dur=1ms,16.713,
2732,10,735,2864710367,2026-07-14T15:31:26.678297+00:00,73.400137,27478,41,0202aac002df6b56005a5811460e29efbf1ffffffc2246cd1e00000fc0007ebfe9ed0737feebfff600,1,TX 41 seq=19281 rx_latency=1ms tx_dur=1ms,18.221,
2732,10,736,2864710368,2026-07-14T15:31:26.778296+00:00,73.500137,27578,41,0202aac002e06bba005a5811460e29efbf1ffffffc2246cd1e00000fc0007ebfe9ed0737feebfff600,1,TX 41 seq=19282 rx_latency=1ms tx_dur=1ms,19.956,
2732,10,737,2864710369,2026-07-14T15:31:26.878296+00:00,73.600137,27678,41,0202aac002e16c1e005a5811460e29efbf1ffffffc2246cd1e00000fc0007ebfe9ed0737feebfff600,1,TX 41 seq=19283 rx_latency=1ms tx_dur=1ms,22.796,
2732,10,738,2864710370,2026-07-14T15:31:26.978297+00:00,73.700150,27778,41,0202aac002e26c82005a5811460e29efbf1ffffffc2246cd1e00000fc0007ebfe9ed0737feebfff600,1,TX 41 seq=19284 rx_latency=1ms tx_dur=1ms,14.528,
2732,10,739,2864710371,2026-07-14T15:31:27.078300+00:00,73.800149,27878,41,0202aac002e36ce6005a5811460e29efbf1ffffffc2246cd1e00000fc0007ebfe9ed0737feebfff600,1,TX 41 seq=19285 rx_latency=1ms tx_dur=1ms,16.043,
2732,10,740,2864710372,2026-07-14T15:31:27.178289+00:00,73.900142,27978,41,0202aac002e46d4a005a5811460e29efbf1ffffffc2246cd1e00000fc0007ebfe9ed0737feebfff600,1,TX 41 seq=19286 rx_latency=1ms tx_dur=1ms,18.849,
2732,10,741,2864710373,2026-07-14T15:31:27.278299+00:00,74.000146,28078,41,0202aac002e56dae005a5811460e29efbf1ffffffc2246cd1e00000fc0007ebfe9ed0737feebfff600,1,TX 41 seq=19287 rx_latency=1ms tx_dur=1ms,20.609,
2732,10,742,2864710374,2026-07-14T15:31:27.378292+00:00,74.100131,28178,41,0202aac002e66e12005a5811460e29efbf1ffffffc2246cd1e00000fc0007ebfe9ed0737feebfff600,1,TX 41 seq=19288 rx_latency=1ms tx_dur=1ms,22.307,
2732,10,743,2864710375,2026-07-14T15:31:27.478300+00:00,74.200147,28278,41,0202aac002e76e76005a5811460e29efbf1ffffffc2246cd1e00000fc0007ebfe9ed0737feebfff600,1,TX 41 seq=19289 rx_latency=1ms tx_dur=1ms,13.873,
2732,10,744,2864710376,2026-07-14T15:31:27.578284+00:00,74.300128,28378,41,0202aac002e86eda005a5811460e29efbf1ffffffc2246cd1e00000fc0007ebfe9ed0737feebfff600,1,TX 41 seq=19290 rx_latency=1ms tx_dur=1ms,16.748,
2732,10,745,2864710377,2026-07-14T15:31:27.678299+00:00,74.400151,28478,41,0202aac002e96f3e005a5811460e29efbf1ffffffc2246cd1e00000fc0007ebfe9ed0737feebfff600,1,TX 41 seq=19291 rx_latency=1ms tx_dur=1ms,18.437,
2732,10,746,2864710378,2026-07-14T15:31:27.778298+00:00,74.500143,28578,41,0202aac002ea6fa2005a5811460e29efbf1ffffffc2246cd1e00000fc0007ebfe9ed0737feebfff600,1,TX 41 seq=19292 rx_latency=1ms tx_dur=1ms,20.186,
2732,10,747,2864710379,2026-07-14T15:31:27.878294+00:00,74.600135,28678,41,0202aac002eb7006005a5811460e29efbf1ffffffc2246cd1e00000fc0007ebfe9ed0737feebfff600,1,TX 41 seq=19293 rx_latency=1ms tx_dur=1ms,22.244,
2732,10,748,2864710380,2026-07-14T15:31:27.978288+00:00,74.700130,28778,41,0202aac002ec706a005a5811460e29efbf1ffffffc2246cd1e00000fc0007ebfe9ed0737feebfff600,1,TX 41 seq=19294 rx_latency=1ms tx_dur=1ms,14.790,
2732,10,749,2864710381,2026-07-14T15:31:28.078297+00:00,74.800144,28878,41,0202aac002ed70ce005a5811460e29efbf1ffffffc2246cd1e00000fc0007ebfe9ed0737feebfff600,1,TX 41 seq=19295 rx_latency=1ms tx_dur=1ms,16.893,
2732,10,750,2864710382,2026-07-14T15:31:28.178298+00:00,74.900152,28978,41,0202aac002ee7132005a5811460e29efbf1ffffffc2246cd1e00000fc0007ebfe9ed0737feebfff600,1,TX 41 seq=19296 rx_latency=1ms tx_dur=1ms,17.821,
2732,10,751,2864710383,2026-07-14T15:31:28.278297+00:00,75.000145,29078,41,0202aac002ef7196005a5811460e29efbf1ffffffc2246cd1e00000fc0007ebfe9ed0737feebfff600,1,TX 41 seq=19297 rx_latency=1ms tx_dur=1ms,19.987,
2732,10,752,2864710384,2026-07-14T15:31:28.378291+00:00,75.100132,29178,41,0202aac002f071fa005a5811460e29efbf1ffffffc2246cd1e00000fc0007ebfe9ed0737feebfff600,1,TX 41 seq=19298 rx_latency=1ms tx_dur=1ms,22.590,
2732,10,753,2864710385,2026-07-14T15:31:28.478297+00:00,75.200143,29278,41,0202aac002f1725e005a5811460e29efbf1ffffffc2246cd1e00000fc0007ebfe9ed0737feebfff600,1,TX 41 seq=19299 rx_latency=1ms tx_dur=1ms,14.375,
2732,10,754,2864710386,2026-07-14T15:31:28.578298+00:00,75.300140,29378,41,0202aac002f272c2005a5811460e29efbf1ffffffc2246cd1e00000fc0007ebfe9ed0737feebfff600,1,TX 41 seq=19300 rx_latency=1ms tx_dur=1ms,16.113,
2732,10,755,2864710387,2026-07-14T15:31:28.678298+00:00,75.400143,29478,41,0202aac002f37326005a5811460e29efbf1ffffffc2246cd1e00000fc0007ebfe9ed0737feebfff600,1,TX 41 seq=19301 rx_latency=1ms tx_dur=1ms,17.835,
2732,10,756,2864710388,2026-07-14T15:31:28.778295+00:00,75.500139,29578,41,0202aac002f4738a005a5811460e29efbf1ffffffc2246cd1e00000fc0007ebfe9ed0737feebfff600,1,TX 41 seq=19302 rx_latency=1ms tx_dur=1ms,20.475,
2732,10,757,2864710389,2026-07-14T15:31:28.878296+00:00,75.600138,29678,41,0202aac002f573ee005a5811460e29efbf1ffffffc2246cd1e00000fc0007ebfe9ed0737feebfff600,1,TX 41 seq=19303 rx_latency=1ms tx_dur=1ms,22.191,
2732,10,758,2864710390,2026-07-14T15:31:28.978315+00:00,75.700186,29778,41,0202aac002f67452005a5811460e29efbf1ffffffc2246cd1e00000fc0007ebfe9ed0737feebfff600,1,TX 41 seq=19304 rx_latency=1ms tx_dur=1ms,13.830,
2732,10,759,2864710391,2026-07-14T15:31:29.078295+00:00,75.800143,29878,41,0202aac002f774b6005a5811460e29efbf1ffffffc2246cd1e00000fc0007ebfe9ed0737feebfff600,1,TX 41 seq=19305 rx_latency=1ms tx_dur=1ms,16.755,
2732,10,760,2864710392,2026-07-14T15:31:29.178304+00:00,75.900160,29978,41,0202aac002f8751a005a5811460e29efbf1ffffffc2246cd1e00000fc0007ebfe9ed0737feebfff600,1,TX 41 seq=19306 rx_latency=1ms tx_dur=1ms,18.293,
2732,10,761,2864710393,2026-07-14T15:31:29.278293+00:00,76.000138,30078,41,0202aac002f9757e005a5811460e29efbf1ffffffc2246cd1e00000fc0007ebfe9ed0737feebfff600,1,TX 41 seq=19307 rx_latency=1ms tx_dur=1ms,20.001,
2732,10,762,2864710394,2026-07-14T15:31:29.378298+00:00,76.100142,30178,41,0202aac002fa75e2005a5811460e29efbf1ffffffc2246cd1e00000fc0007ebfe9ed0737feebfff600,1,TX 41 seq=19308 rx_latency=1ms tx_dur=1ms,22.864,
2732,10,763,2864710395,2026-07-14T15:31:29.478290+00:00,76.200129,30278,41,0202aac002fb7646005a5811460e29efbf1ffffffc2246cd1e00000fc0007ebfe9ed0737feebfff600,1,TX 41 seq=19309 rx_latency=1ms tx_dur=1ms,14.655,
2732,10,764,2864710396,2026-07-14T15:31:29.578298+00:00,76.300142,30378,41,0202aac002fc76aa005a5811460e29efbf1ffffffc2246cd1e00000fc0007ebfe9ed0737feebfff600,1,TX 41 seq=19310 rx_latency=1ms tx_dur=1ms,16.661,
2732,10,765,2864710397,2026-07-14T15:31:29.678299+00:00,76.400147,30478,41,0202aac002fd770e005a5811460e29efbf1ffffffc2246cd1e00000fc0007ebfe9ed0737feebfff600,1,TX 41 seq=19311 rx_latency=1ms tx_dur=1ms,18.022,
2732,10,766,2864710398,2026-07-14T15:31:29.778296+00:00,76.500139,30578,41,0202aac002fe7772005a5811460e29efbf1ffffffc2246cd1e00000fc0007ebfe9ed0737feebfff600,1,TX 41 seq=19312 rx_latency=1ms tx_dur=1ms,20.208,
2732,10,767,2864710399,2026-07-14T15:31:29.878295+00:00,76.600135,30678,41,0202aac002ff77d6005a5811460e29efbf1ffffffc2246cd1e00000fc0007ebfe9ed0737feebfff600,1,TX 41 seq=19313 rx_latency=1ms tx_dur=1ms,22.245,
2732,10,768,2864710400,2026-07-14T15:31:29.978296+00:00,76.700137,30778,41,0202aac00300783a005a5811460e29efbf1ffffffc2246cd1e00000fc0007ebfe9ed0737feebfff600,1,TX 41 seq=19314 rx_latency=1ms tx_dur=1ms,14.448,
2732,10,769,2864710401,2026-07-14T15:31:30.078291+00:00,76.800131,30878,41,0202aac00301789e005a5811460e29efbf1ffffffc2246cd1e00000fc0007ebfe9ed0737feebfff600,1,TX 41 seq=19315 rx_latency=1ms tx_dur=1ms,15.976,
2732,10,770,2864710402,2026-07-14T15:31:30.178299+00:00,76.900147,30978,41,0202aac003027902005a5811460e29efbf1ffffffc2246cd1e00000fc0007ebfe9ed0737feebfff600,1,TX 41 seq=19316 rx_latency=1ms tx_dur=1ms,18.777,
2732,10,771,2864710403,2026-07-14T15:31:30.278296+00:00,77.000140,31078,41,0202aac003037966005a5811460e29efbf1ffffffc2246cd1e00000fc0007ebfe9ed0737feebfff600,1,TX 41 seq=19317 rx_latency=1ms tx_dur=1ms,20.545,
2732,10,772,2864710404,2026-07-14T15:31:30.378295+00:00,77.100137,31178,41,0202aac0030479ca005a5811460e29efbf1ffffffc2246cd1e00000fc0007ebfe9ed0737feebfff600,1,TX 41 seq=19318 rx_latency=1ms tx_dur=1ms,22.248,
2732,10,773,2864710405,2026-07-14T15:31:30.478299+00:00,77.200155,31278,41,0202aac003057a2e005a5811460e29efbf1ffffffc2246cd1e00000fc0007ebfe9ed0737feebfff600,1,TX 41 seq=19319 rx_latency=1ms tx_dur=1ms,14.868,
2732,10,774,2864710406,2026-07-14T15:31:30.578299+00:00,77.300147,31378,41,0202aac003067a92005a5811460e29efbf1ffffffc2246cd1e00000fc0007ebfe9ed0737feebfff600,1,TX 41 seq=19320 rx_latency=1ms tx_dur=1ms,16.605,
2732,10,775,2864710407,2026-07-14T15:31:30.678297+00:00,77.400140,31478,41,0202aac003077af6005a5811460e29efbf1ffffffc2246cd1e00000fc0007ebfe9ed0737feebfff600,1,TX 41 seq=19321 rx_latency=1ms tx_dur=1ms,18.347,
2732,10,776,2864710408,2026-07-14T15:31:30.778297+00:00,77.500139,31578,41,0202aac003087b5a005a5811460e29efbf1ffffffc2246cd1e00000fc0007ebfe9ed0737feebfff600,1,TX 41 seq=19322 rx_latency=1ms tx_dur=1ms,20.085,
2732,10,777,2864710409,2026-07-14T15:31:30.878296+00:00,77.600138,31678,41,0202aac003097bbe005a5811460e29efbf1ffffffc2246cd1e00000fc0007ebfe9ed0737feebfff600,1,TX 41 seq=19323 rx_latency=1ms tx_dur=1ms,22.716,
2732,10,778,2864710410,2026-07-14T15:31:30.978298+00:00,77.700141,31778,41,0202aac0030a7c22005a5811460e29efbf1ffffffc2246cd1e00000fc0007ebfe9ed0737feebfff600,1,TX 41 seq=19324 rx_latency=1ms tx_dur=1ms,14.464,
2732,10,779,2864710411,2026-07-14T15:31:31.078293+00:00,77.800135,31878,41,0202aac0030b7c86005a5811460e29efbf1ffffffc2246cd1e00000fc0007ebfe9ed0737feebfff600,1,TX 41 seq=19325 rx_latency=1ms tx_dur=1ms,16.188,
2732,10,780,2864710412,2026-07-14T15:31:31.178297+00:00,77.900142,31978,41,0202aac0030c7cea005a5811460e29efbf1ffffffc2246cd1e00000fc0007ebfe9ed0737feebfff600,1,TX 41 seq=19326 rx_latency=1ms tx_dur=1ms,17.913,
2732,10,781,2864710413,2026-07-14T15:31:31.278296+00:00,78.000138,32078,41,0202aac0030d7d4e005a5811460e29efbf1ffffffc2246cd1e00000fc0007ebfe9ed0737feebfff600,1,TX 41 seq=19327 rx_latency=1ms tx_dur=1ms,19.972,
2732,10,782,2864710414,2026-07-14T15:31:31.378297+00:00,78.100138,32178,41,0202aac0030e7db2005a5811460e29efbf1ffffffc2246cd1e00000fc0007ebfe9ed0737feebfff600,1,TX 41 seq=19328 rx_latency=1ms tx_dur=1ms,22.463,
2732,10,783,2864710415,2026-07-14T15:31:31.478305+00:00,78.200162,32278,41,0202aac0030f7e16005a5811460e29efbf1ffffffc2246cd1e00000fc0007ebfe9ed0737feebfff600,1,TX 41 seq=19329 rx_latency=1ms tx_dur=1ms,14.597,
2732,10,784,2864710416,2026-07-14T15:31:31.578293+00:00,78.300135,32378,41,0202aac003107e7a005a5811460e29efbf1ffffffc2246cd1e00000fc0007ebfe9ed0737feebfff600,1,TX 41 seq=19330 rx_latency=1ms tx_dur=1ms,16.705,
2732,10,785,2864710417,2026-07-14T15:31:31.678319+00:00,78.400192,32478,41,0202aac003117ede005a5811460e29efbf1ffffffc2246cd1e00000fc0007ebfe9ed0737feebfff600,1,TX 41 seq=19331 rx_latency=1ms tx_dur=1ms,17.939,
2732,10,786,2864710418,2026-07-14T15:31:31.778299+00:00,78.500148,32578,41,0202aac003127f42005a5811460e29efbf1ffffffc2246cd1e00000fc0007ebfe9ed0737feebfff600,1,TX 41 seq=19332 rx_latency=1ms tx_dur=1ms,20.105,
2732,10,787,2864710419,2026-07-14T15:31:31.878294+00:00,78.600136,32678,41,0202aac003137fa6005a5811460e29efbf1ffffffc2246cd1e00000fc0007ebfe9ed0737feebfff600,1,TX 41 seq=19333 rx_latency=1ms tx_dur=1ms,22.298,
2732,10,788,2864710420,2026-07-14T15:31:31.978300+00:00,78.700150,32778,41,0202aac00314800a005a5811460e29efbf1ffffffc2246cd1e00000fc0007ebfe9ed0737feebfff600,1,TX 41 seq=19334 rx_latency=1ms tx_dur=1ms,14.436,
2732,10,789,2864710421,2026-07-14T15:31:32.078302+00:00,78.800151,32878,41,0202aac00315806e005a5811460e29efbf1ffffffc2246cd1e00000fc0007ebfe9ed0737feebfff600,1,TX 41 seq=19335 rx_latency=1ms tx_dur=1ms,15.887,
2732,10,790,2864710422,2026-07-14T15:31:32.178298+00:00,78.900138,32978,41,0202aac0031680d2005a5811460e29efbf1ffffffc2246cd1e00000fc0007ebfe9ed0737feebfff600,1,TX 41 seq=19336 rx_latency=1ms tx_dur=1ms,18.788,
2732,10,791,2864710423,2026-07-14T15:31:32.278343+00:00,79.000182,33078,41,0202aac003178136005a5811460e29efbf1ffffffc2246cd1e00000fc0007ebfe9ed0737feebfff600,1,TX 41 seq=19337 rx_latency=1ms tx_dur=1ms,20.590,
2732,10,792,2864710424,2026-07-14T15:31:32.378303+00:00,79.100146,33178,41,0202aac00318819a005a5811460e29efbf1ffffffc2246cd1e00000fc0007ebfe9ed0737feebfff600,1,TX 41 seq=19338 rx_latency=1ms tx_dur=1ms,22.149,
2732,10,793,2864710425,2026-07-14T15:31:32.478301+00:00,79.200150,33278,41,0202aac0031981fe005a5811460e29efbf1ffffffc2246cd1e00000fc0007ebfe9ed0737feebfff600,1,TX 41 seq=19339 rx_latency=1ms tx_dur=1ms,14.959,
2732,10,794,2864710426,2026-07-14T15:31:32.578248+00:00,79.300096,33378,41,0202aac0031a8262005a5811460e29efbf1ffffffc2246cd1e00000fc0007ebfe9ed0737feebfff600,1,TX 41 seq=19340 rx_latency=1ms tx_dur=1ms,16.696,
2732,10,795,2864710427,2026-07-14T15:31:32.678297+00:00,79.400140,33478,41,0202aac0031b82c6005a5811460e29efbf1ffffffc2246cd1e00000fc0007ebfe9ed0737feebfff600,1,TX 41 seq=19341 rx_latency=1ms tx_dur=1ms,18.377,
2732,10,796,2864710428,2026-07-14T15:31:32.778296+00:00,79.500137,33578,41,0202aac0031c832a005a5811460e29efbf1ffffffc2246cd1e00000fc0007ebfe9ed0737feebfff600,1,TX 41 seq=19342 rx_latency=1ms tx_dur=1ms,20.111,
2732,10,797,2864710429,2026-07-14T15:31:32.878294+00:00,79.600135,33678,41,0202aac0031d838e005a5811460e29efbf1ffffffc2246cd1e00000fc0007ebfe9ed0737feebfff600,1,TX 41 seq=19343 rx_latency=1ms tx_dur=1ms,22.720,
2732,10,798,2864710430,2026-07-14T15:31:32.978298+00:00,79.700143,33778,41,0202aac0031e83f2005a5811460e29efbf1ffffffc2246cd1e00000fc0007ebfe9ed0737feebfff600,1,TX 41 seq=19344 rx_latency=1ms tx_dur=1ms,14.477,
2732,10,799,2864710431,2026-07-14T15:31:33.078298+00:00,79.800144,33878,41,0202aac0031f8456005a5811460e29efbf1ffffffc2246cd1e00000fc0007ebfe9ed0737feebfff600,1,TX 41 seq=19345 rx_latency=1ms tx_dur=1ms,16.146,
2732,10,800,2864710432,2026-07-14T15:31:33.178292+00:00,79.900133,33978,41,0202aac0032084ba005a5811460e29efbf1ffffffc2246cd1e00000fc0007ebfe9ed0737feebfff600,1,TX 41 seq=19346 rx_latency=1ms tx_dur=1ms,18.020,
2732,10,801,2864710433,2026-07-14T15:31:33.278305+00:00,80.000159,34078,41,0202aac00321851e005a5811460e29efbf1ffffffc2246cd1e00000fc0007ebfe9ed0737feebfff600,1,TX 41 seq=19347 rx_latency=1ms tx_dur=1ms,20.455,
2732,10,802,2864710434,2026-07-14T15:31:33.378290+00:00,80.100133,34178,41,0202aac003228582005a5811460e29efbf1ffffffc2246cd1e00000fc0007ebfe9ed0737feebfff600,1,TX 41 seq=19348 rx_latency=1ms tx_dur=1ms,22.352,
2732,10,803,2864710435,2026-07-14T15:31:33.478297+00:00,80.200140,34278,41,0202aac0032385e6005a5811460e29efbf1ffffffc2246cd1e00000fc0007ebfe9ed0737feebfff600,1,TX 41 seq=19349 rx_latency=1ms tx_dur=1ms,14.046,
2732,10,804,2864710436,2026-07-14T15:31:33.578292+00:00,80.300134,34378,41,0202aac00324864a005a5811460e29efbf1ffffffc2246cd1e00000fc0007ebfe9ed0737feebfff600,1,TX 41 seq=19350 rx_latency=1ms tx_dur=1ms,16.895,
2732,10,805,2864710437,2026-07-14T15:31:33.678297+00:00,80.400141,34478,41,0202aac0032586ae005a5811460e29efbf1ffffffc2246cd1e00000fc0007ebfe9ed0737feebfff600,1,TX 41 seq=19351 rx_latency=1ms tx_dur=1ms,18.956,
2732,10,806,2864710438,2026-07-14T15:31:33.778297+00:00,80.500150,34578,41,0202aac003268712005a5811460e29efbf1ffffffc2246cd1e00000fc0007ebfe9ed0737feebfff600,1,TX 41 seq=19352 rx_latency=1ms tx_dur=1ms,20.026,
2732,10,807,2864710439,2026-07-14T15:31:33.878299+00:00,80.600147,34678,41,0202aac003278776005a5811460e29efbf1ffffffc2246cd1e00000fc0007ebfe9ed0737feebfff600,1,TX 41 seq=19353 rx_latency=1ms tx_dur=1ms,22.534,
2732,10,808,2864710440,2026-07-14T15:31:33.978289+00:00,80.700128,34778,41,0202aac0032887da005a5811460e29efbf1ffffffc2246cd1e00000fc0007ebfe9ed0737feebfff600,1,TX 41 seq=19354 rx_latency=1ms tx_dur=1ms,14.410,
2732,10,809,2864710441,2026-07-14T15:31:34.078297+00:00,80.800140,34878,41,0202aac00329883e005a5811460e29efbf1ffffffc2246cd1e00000fc0007ebfe9ed0737feebfff600,1,TX 41 seq=19355 rx_latency=1ms tx_dur=1ms,16.094,
2732,10,810,2864710442,2026-07-14T15:31:34.178289+00:00,80.900130,34978,41,0202aac0032a88a2005a5811460e29efbf1ffffffc2246cd1e00000fc0007ebfe9ed0737feebfff600,1,TX 41 seq=19356 rx_latency=1ms tx_dur=1ms,18.989,
2732,10,811,2864710443,2026-07-14T15:31:34.278300+00:00,81.000149,35078,41,0202aac0032b8906005a5811460e29efbf1ffffffc2246cd1e00000fc0007ebfe9ed0737feebfff600,1,TX 41 seq=19357 rx_latency=1ms tx_dur=1ms,20.397,
2732,10,812,2864710444,2026-07-14T15:31:34.378290+00:00,81.100128,35178,41,0202aac0032c896a005a5811460e29efbf1ffffffc2246cd1e00000fc0007ebfe9ed0737feebfff600,1,TX 41 seq=19358 rx_latency=1ms tx_dur=1ms,22.209,
2732,10,813,2864710445,2026-07-14T15:31:34.478294+00:00,81.200136,35278,41,0202aac0032d89ce005a5811460e29efbf1ffffffc2246cd1e00000fc0007ebfe9ed0737feebfff600,1,TX 41 seq=19359 rx_latency=1ms tx_dur=1ms,13.933,
2732,10,814,2864710446,2026-07-14T15:31:34.578300+00:00,81.300155,35378,41,0202aac0032e8a32005a5811460e29efbf1ffffffc2246cd1e00000fc0007ebfe9ed0737feebfff600,1,TX 41 seq=19360 rx_latency=1ms tx_dur=1ms,16.769,
2732,10,815,2864710447,2026-07-14T15:31:34.678298+00:00,81.400149,35478,41,0202aac0032f8a96005a5811460e29efbf1ffffffc2246cd1e00000fc0007ebfe9ed0737feebfff600,1,TX 41 seq=19361 rx_latency=1ms tx_dur=1ms,18.314,
2732,10,816,2864710448,2026-07-14T15:31:34.778303+00:00,81.500162,35578,41,0202aac003308afa005a5811460e29efbf1ffffffc2246cd1e00000fc0007ebfe9ed0737feebfff600,1,TX 41 seq=19362 rx_latency=1ms tx_dur=1ms,19.987,
2732,10,817,2864710449,2026-07-14T15:31:34.878297+00:00,81.600142,35678,41,0202aac003318b5e005a5811460e29efbf1ffffffc2246cd1e00000fc0007ebfe9ed0737feebfff600,1,TX 41 seq=19363 rx_latency=1ms tx_dur=1ms,22.879,
2732,10,818,2864710450,2026-07-14T15:31:34.978292+00:00,81.700133,35778,41,0202aac003328bc2005a5811460e29efbf1ffffffc2246cd1e00000fc0007ebfe9ed0737feebfff600,1,TX 41 seq=19364 rx_latency=1ms tx_dur=1ms,14.623,
2732,10,819,2864710451,2026-07-14T15:31:35.078300+00:00,81.800147,35878,41,0202aac003338c26005a5811460e29efbf1ffffffc2246cd1e00000fc0007ebfe9ed0737feebfff600,1,TX 41 seq=19365 rx_latency=1ms tx_dur=1ms,16.103,
2732,10,820,2864710452,2026-07-14T15:31:35.178306+00:00,81.900173,35978,41,0202aac003348c8a005a5811460e29efbf1ffffffc2246cd1e00000fc0007ebfe9ed0737feebfff600,1,TX 41 seq=19366 rx_latency=1ms tx_dur=1ms,18.853,
2732,10,821,2864710453,2026-07-14T15:31:35.278302+00:00,82.000155,36078,41,0202aac003358cee005a5811460e29efbf1ffffffc2246cd1e00000fc0007ebfe9ed0737feebfff600,1,TX 41 seq=19367 rx_latency=1ms tx_dur=1ms,20.664,
2732,10,822,2864710454,2026-07-14T15:31:35.378292+00:00,82.100133,36178,41,0202aac003368d52005a5811460e29efbf1ffffffc2246cd1e00000fc0007ebfe9ed0737feebfff600,1,TX 41 seq=19368 rx_latency=1ms tx_dur=1ms,22.432,
2732,10,823,2864710455,2026-07-14T15:31:35.478297+00:00,82.200142,36278,41,0202aac003378db6005a5811460e29efbf1ffffffc2246cd1e00000fc0007ebfe9ed0737feebfff600,1,TX 41 seq=19369 rx_latency=1ms tx_dur=1ms,14.603,
2732,10,824,2864710456,2026-07-14T15:31:35.578299+00:00,82.300157,36378,41,0202aac003388e1a005a5811460e29efbf1ffffffc2246cd1e00000fc0007ebfe9ed0737feebfff600,1,TX 41 seq=19370 rx_latency=1ms tx_dur=1ms,16.700,
2732,10,825,2864710457,2026-07-14T15:31:35.678304+00:00,82.400159,36478,41,0202aac003398e7e005a5811460e29efbf1ffffffc2246cd1e00000fc0007ebfe9ed0737feebfff600,1,TX 41 seq=19371 rx_latency=1ms tx_dur=1ms,18.246,
2732,10,826,2864710458,2026-07-14T15:31:35.778294+00:00,82.500139,36578,41,0202aac0033a8ee2005a5811460e29efbf1ffffffc2246cd1e00000fc0007ebfe9ed0737feebfff600,1,TX 41 seq=19372 rx_latency=1ms tx_dur=1ms,19.980,
2732,10,827,2864710459,2026-07-14T15:31:35.878298+00:00,82.600142,36678,41,0202aac0033b8f46005a5811460e29efbf1ffffffc2246cd1e00000fc0007ebfe9ed0737feebfff600,1,TX 41 seq=19373 rx_latency=1ms tx_dur=1ms,22.853,
2732,10,828,2864710460,2026-07-14T15:31:35.978285+00:00,82.700140,36778,41,0202aac0033c8faa005a5811460e29efbf1ffffffc2246cd1e00000fc0007ebfe9ed0737feebfff600,1,TX 41 seq=19374 rx_latency=1ms tx_dur=1ms,14.588,
2732,10,829,2864710461,2026-07-14T15:31:36.078297+00:00,82.800144,36878,41,0202aac0033d900e005a5811460e29efbf1ffffffc2246cd1e00000fc0007ebfe9ed0737feebfff600,1,TX 41 seq=19375 rx_latency=1ms tx_dur=1ms,16.771,
2732,10,830,2864710462,2026-07-14T15:31:36.178299+00:00,82.900146,36978,41,0202aac0033e9072005a5811460e29efbf1ffffffc2246cd1e00000fc0007ebfe9ed0737feebfff600,1,TX 41 seq=19376 rx_latency=1ms tx_dur=1ms,18.929,
2732,10,831,2864710463,2026-07-14T15:31:36.278290+00:00,83.000133,37078,41,0202aac0033f90d6005a5811460e29efbf1ffffffc2246cd1e00000fc0007ebfe9ed0737feebfff600,1,TX 41 seq=19377 rx_latency=1ms tx_dur=1ms,20.012,
2732,10,832,2864710464,2026-07-14T15:31:36.378297+00:00,83.100140,37178,41,0202aac00340913a005a5811460e29efbf1ffffffc2246cd1e00000fc0007ebfe9ed0737feebfff600,1,TX 41 seq=19378 rx_latency=1ms tx_dur=1ms,22.481,
2732,10,833,2864710465,2026-07-14T15:31:36.478291+00:00,83.200132,37278,41,0202aac00341919e005a5811460e29efbf1ffffffc2246cd1e00000fc0007ebfe9ed0737feebfff600,1,TX 41 seq=19379 rx_latency=1ms tx_dur=1ms,14.692,
2732,10,834,2864710466,2026-07-14T15:31:36.578301+00:00,83.300162,37378,41,0202aac003429202005a5811460e29efbf1ffffffc2246cd1e00000fc0007ebfe9ed0737feebfff600,1,TX 41 seq=19380 rx_latency=1ms tx_dur=1ms,16.125,
2732,10,835,2864710467,2026-07-14T15:31:36.678292+00:00,83.400138,37478,41,0202aac003439266005a5811460e29efbf1ffffffc2246cd1e00000fc0007ebfe9ed0737feebfff600,1,TX 41 seq=19381 rx_latency=1ms tx_dur=1ms,18.996,
2732,10,836,2864710468,2026-07-14T15:31:36.778298+00:00,83.500144,37578,41,0202aac0034492ca005a5811460e29efbf1ffffffc2246cd1e00000fc0007ebfe9ed0737feebfff600,1,TX 41 seq=19382 rx_latency=1ms tx_dur=1ms,20.743,
2732,10,837,2864710469,2026-07-14T15:31:36.878291+00:00,83.600132,37678,41,0202aac00345932e005a5811460e29efbf1ffffffc2246cd1e00000fc0007ebfe9ed0737feebfff600,1,TX 41 seq=19383 rx_latency=1ms tx_dur=1ms,22.442,
2732,10,838,2864710470,2026-07-14T15:31:36.978305+00:00,83.700163,37778,41,0202aac003469392005a5811460e29efbf1ffffffc2246cd1e00000fc0007ebfe9ed0737feebfff600,1,TX 41 seq=19384 rx_latency=1ms tx_dur=1ms,14.504,
2732,10,839,2864710471,2026-07-14T15:31:37.078298+00:00,83.800147,37878,41,0202aac0034793f6005a5811460e29efbf1ffffffc2246cd1e00000fc0007ebfe9ed0737feebfff600,1,TX 41 seq=19385 rx_latency=1ms tx_dur=1ms,16.697,
2732,10,840,2864710472,2026-07-14T15:31:37.178298+00:00,83.900145,37978,41,0202aac00348945a005a5811460e29efbf1ffffffc2246cd1e00000fc0007ebfe9ed0737feebfff600,1,TX 41 seq=19386 rx_latency=1ms tx_dur=1ms,18.217,
2732,10,841,2864710473,2026-07-14T15:31:37.278292+00:00,84.000133,38078,41,0202aac0034994be005a5811460e29efbf1ffffffc2246cd1e00000fc0007ebfe9ed0737feebfff600,1,TX 41 seq=19387 rx_latency=1ms tx_dur=1ms,19.947,
2732,10,842,2864710474,2026-07-14T15:31:37.378299+00:00,84.100153,38178,41,0202aac0034a9522005a5811460e29efbf1ffffffc2246cd1e00000fc0007ebfe9ed0737feebfff600,1,TX 41 seq=19388 rx_latency=1ms tx_dur=1ms,22.775,
2732,10,843,2864710475,2026-07-14T15:31:37.478293+00:00,84.200137,38278,41,0202aac0034b9586005a5811460e29efbf1ffffffc2246cd1e00000fc0007ebfe9ed0737feebfff600,1,TX 41 seq=19389 rx_latency=1ms tx_dur=1ms,14.570,
2732,10,844,2864710476,2026-07-14T15:31:37.578299+00:00,84.300143,38378,41,0202aac0034c95ea005a5811460e29efbf1ffffffc2246cd1e00000fc0007ebfe9ed0737feebfff600,1,TX 41 seq=19390 rx_latency=1ms tx_dur=1ms,16.059,
2732,10,845,2864710477,2026-07-14T15:31:37.678314+00:00,84.400188,38478,41,0202aac0034d964e005a5811460e29efbf1ffffffc2246cd1e00000fc0007ebfe9ed0737feebfff600,1,TX 41 seq=19391 rx_latency=1ms tx_dur=1ms,18.810,
2732,10,846,2864710478,2026-07-14T15:31:37.778293+00:00,84.500138,38578,41,0202aac0034e96b2005a5811460e29efbf1ffffffc2246cd1e00000fc0007ebfe9ed0737feebfff600,1,TX 41 seq=19392 rx_latency=1ms tx_dur=1ms,20.592,
2732,10,847,2864710479,2026-07-14T15:31:37.878299+00:00,84.600143,38678,41,0202aac0034f9716005a5811460e29efbf1ffffffc2246cd1e00000fc0007ebfe9ed0737feebfff600,1,TX 41 seq=19393 rx_latency=1ms tx_dur=1ms,22.357,
2732,10,848,2864710480,2026-07-14T15:31:37.978295+00:00,84.700140,38778,41,0202aac00350977a005a5811460e29efbf1ffffffc2246cd1e00000fc0007ebfe9ed0737feebfff600,1,TX 41 seq=19394 rx_latency=1ms tx_dur=1ms,14.510,
2732,10,849,2864710481,2026-07-14T15:31:38.078305+00:00,84.800161,38878,41,0202aac0035197de005a5811460e29efbf1ffffffc2246cd1e00000fc0007ebfe9ed0737feebfff600,1,TX 41 seq=19395 rx_latency=1ms tx_dur=1ms,16.869,
2732,10,850,2864710482,2026-07-14T15:31:38.178297+00:00,84.900144,38978,41,0202aac003529842005a5811460e29efbf1ffffffc2246cd1e00000fc0007ebfe9ed0737feebfff600,1,TX 41 seq=19396 rx_latency=1ms tx_dur=1ms,17.975,
2732,10,851,2864710483,2026-07-14T15:31:38.278291+00:00,85.000133,39078,41,0202aac0035398a6005a5811460e29efbf1ffffffc2246cd1e00000fc0007ebfe9ed0737feebfff600,1,TX 41 seq=19397 rx_latency=1ms tx_dur=1ms,20.029,
2732,10,852,2864710484,2026-07-14T15:31:38.378299+00:00,85.100146,39178,41,0202aac00354990a005a5811460e29efbf1ffffffc2246cd1e00000fc0007ebfe9ed0737feebfff600,1,TX 41 seq=19398 rx_latency=1ms tx_dur=1ms,22.173,
2732,10,853,2864710485,2026-07-14T15:31:38.478290+00:00,85.200130,39278,41,0202aac00355996e005a5811460e29efbf1ffffffc2246cd1e00000fc0007ebfe9ed0737feebfff600,1,TX 41 seq=19399 rx_latency=1ms tx_dur=1ms,14.887,
2732,10,854,2864710486,2026-07-14T15:31:38.578298+00:00,85.300147,39378,41,0202aac0035699d2005a5811460e29efbf1ffffffc2246cd1e00000fc0007ebfe9ed0737feebfff600,1,TX 41 seq=19400 rx_latency=1ms tx_dur=1ms,16.547,
2732,10,855,2864710487,2026-07-14T15:31:38.678291+00:00,85.400131,39478,41,0202aac003579a36005a5811460e29efbf1ffffffc2246cd1e00000fc0007ebfe9ed0737feebfff600,1,TX 41 seq=19401 rx_latency=1ms tx_dur=1ms,18.285,
2732,10,856,2864710488,2026-07-14T15:31:38.778297+00:00,85.500141,39578,41,0202aac003589a9a005a5811460e29efbf1ffffffc2246cd1e00000fc0007ebfe9ed0737feebfff600,1,TX 41 seq=19402 rx_latency=1ms tx_dur=1ms,20.009,
2732,10,857,2864710489,2026-07-14T15:31:38.878291+00:00,85.600131,39678,41,0202aac003599afe005a5811460e29efbf1ffffffc2246cd1e00000fc0007ebfe9ed0737feebfff600,1,TX 41 seq=19403 rx_latency=1ms tx_dur=1ms,22.611,
2732,10,858,2864710490,2026-07-14T15:31:38.978296+00:00,85.700140,39778,41,0202aac0035a9b62005a5811460e29efbf1ffffffc2246cd1e00000fc0007ebfe9ed0737feebfff600,1,TX 41 seq=19404 rx_latency=1ms tx_dur=1ms,14.407,
2732,10,859,2864710491,2026-07-14T15:31:39.078308+00:00,85.800173,39878,41,0202aac0035b9bc6005a5811460e29efbf1ffffffc2246cd1e00000fc0007ebfe9ed0737feebfff600,1,TX 41 seq=19405 rx_latency=1ms tx_dur=1ms,16.042,
2732,10,860,2864710492,2026-07-14T15:31:39.178284+00:00,85.900132,39978,41,0202aac0035c9c2a005a5811460e29efbf1ffffffc2246cd1e00000fc0007ebfe9ed0737feebfff600,1,TX 41 seq=19406 rx_latency=1ms tx_dur=1ms,18.969,
2732,10,861,2864710493,2026-07-14T15:31:39.278299+00:00,86.000153,40078,41,0202aac0035d9c8e005a5811460e29efbf1ffffffc2246cd1e00000fc0007ebfe9ed0737feebfff600,1,TX 41 seq=19407 rx_latency=1ms tx_dur=1ms,20.413,
2732,10,862,2864710494,2026-07-14T15:31:39.378287+00:00,86.100136,40178,41,0202aac0035e9cf2005a5811460e29efbf1ffffffc2246cd1e00000fc0007ebfe9ed0737feebfff600,1,TX 41 seq=19408 rx_latency=1ms tx_dur=1ms,22.200,
2732,10,863,2864710495,2026-07-14T15:31:39.478292+00:00,86.200131,40278,41,0202aac0035f9d56005a5811460e29efbf1ffffffc2246cd1e00000fc0007ebfe9ed0737feebfff600,1,TX 41 seq=19409 rx_latency=1ms tx_dur=1ms,13.998,
2732,10,864,2864710496,2026-07-14T15:31:39.578227+00:00,86.300075,40378,41,0202aac003609dba005a5811460e29efbf1ffffffc2246cd1e00000fc0007ebfe9ed0737feebfff600,1,TX 41 seq=19410 rx_latency=1ms tx_dur=1ms,16.863,
2732,10,865,2864710497,2026-07-14T15:31:39.678294+00:00,86.400141,40478,41,0202aac003619e1e005a5811460e29efbf1ffffffc2246cd1e00000fc0007ebfe9ed0737feebfff600,1,TX 41 seq=19411 rx_latency=1ms tx_dur=1ms,18.849,
2732,10,866,2864710498,2026-07-14T15:31:39.778299+00:00,86.500149,40578,41,0202aac003629e82005a5811460e29efbf1ffffffc2246cd1e00000fc0007ebfe9ed0737feebfff600,1,TX 41 seq=19412 rx_latency=1ms tx_dur=1ms,20.212,
2732,10,867,2864710499,2026-07-14T15:31:39.878296+00:00,86.600140,40678,41,0202aac003639ee6005a5811460e29efbf1ffffffc2246cd1e00000fc0007ebfe9ed0737feebfff600,1,TX 41 seq=19413 rx_latency=1ms tx_dur=1ms,22.378,
2732,10,868,2864710500,2026-07-14T15:31:39.978291+00:00,86.700131,40778,41,0202aac003649f4a005a5811460e29efbf1ffffffc2246cd1e00000fc0007ebfe9ed0737feebfff600,1,TX 41 seq=19414 rx_latency=1ms tx_dur=1ms,14.510,
2732,10,869,2864710501,2026-07-14T15:31:40.078299+00:00,86.800146,40878,41,0202aac003659fae005a5811460e29efbf1ffffffc2246cd1e00000fc0007ebfe9ed0737feebfff600,1,TX 41 seq=19415 rx_latency=1ms tx_dur=1ms,16.924,
2732,10,870,2864710502,2026-07-14T15:31:40.178296+00:00,86.900139,40978,41,0202aac00366a012005a5811460e29efbf1ffffffc2246cd1e00000fc0007ebfe9ed0737feebfff600,1,TX 41 seq=19416 rx_latency=1ms tx_dur=1ms,17.985,
2732,10,871,2864710503,2026-07-14T15:31:40.278307+00:00,87.000166,41078,41,0202aac00367a076005a5811460e29efbf1ffffffc2246cd1e00000fc0007ebfe9ed0737feebfff600,1,TX 41 seq=19417 rx_latency=1ms tx_dur=1ms,20.554,
2732,10,872,2864710504,2026-07-14T15:31:40.378294+00:00,87.100138,41178,41,0202aac00368a0da005a5811460e29efbf1ffffffc2246cd1e00000fc0007ebfe9ed0737feebfff600,1,TX 41 seq=19418 rx_latency=1ms tx_dur=1ms,22.296,
2732,10,873,2864710505,2026-07-14T15:31:40.478297+00:00,87.200141,41278,41,0202aac00369a13e005a5811460e29efbf1ffffffc2246cd1e00000fc0007ebfe9ed0737feebfff600,1,TX 41 seq=19419 rx_latency=1ms tx_dur=1ms,14.087,
2732,10,874,2864710506,2026-07-14T15:31:40.578291+00:00,87.300129,41378,41,0202aac0036aa1a2005a5811460e29efbf1ffffffc2246cd1e00000fc0007ebfe9ed0737feebfff600,1,TX 41 seq=19420 rx_latency=1ms tx_dur=1ms,16.933,
2732,10,875,2864710507,2026-07-14T15:31:40.678305+00:00,87.400164,41478,41,0202aac0036ba206005a5811460e29efbf1ffffffc2246cd1e00000fc0007ebfe9ed0737feebfff600,1,TX 41 seq=19421 rx_latency=1ms tx_dur=1ms,17.809,
2732,10,876,2864710508,2026-07-14T15:31:40.778295+00:00,87.500140,41578,41,0202aac0036ca26a005a5811460e29efbf1ffffffc2246cd1e00000fc0007ebfe9ed0737feebfff600,1,TX 41 seq=19422 rx_latency=1ms tx_dur=1ms,19.994,
2732,10,877,2864710509,2026-07-14T15:31:40.878299+00:00,87.600145,41678,41,0202aac0036da2ce005a5811460e29efbf1ffffffc2246cd1e00000fc0007ebfe9ed0737feebfff600,1,TX 41 seq=19423 rx_latency=1ms tx_dur=1ms,22.652,
2732,10,878,2864710510,2026-07-14T15:31:40.978218+00:00,87.700058,41778,41,0202aac0036ea332005a5811460e29efbf1ffffffc2246cd1e00000fc0007ebfe9ed0737feebfff600,1,TX 41 seq=19424 rx_latency=1ms tx_dur=1ms,14.514,
2732,10,879,2864710511,2026-07-14T15:31:41.078298+00:00,87.800142,41878,41,0202aac0036fa396005a5811460e29efbf1ffffffc2246cd1e00000fc0007ebfe9ed0737feebfff600,1,TX 41 seq=19425 rx_latency=1ms tx_dur=1ms,16.138,
2732,10,880,2864710512,2026-07-14T15:31:41.178298+00:00,87.900144,41978,41,0202aac00370a3fa005a5811460e29efbf1ffffffc2246cd1e00000fc0007ebfe9ed0737feebfff600,1,TX 41 seq=19426 rx_latency=1ms tx_dur=1ms,18.965,
2732,10,881,2864710513,2026-07-14T15:31:41.278303+00:00,88.000159,42078,41,0202aac00371a45e005a5811460e29efbf1ffffffc2246cd1e00000fc0007ebfe9ed0737feebfff600,1,TX 41 seq=19427 rx_latency=1ms tx_dur=1ms,20.448,
2732,10,882,2864710514,2026-07-14T15:31:41.378233+00:00,88.100078,42178,41,0202aac00372a4c2005a5811460e29efbf1ffffffc2246cd1e00000fc0007ebfe9ed0737feebfff600,1,TX 41 seq=19428 rx_latency=1ms tx_dur=1ms,22.237,
2732,10,883,2864710515,2026-07-14T15:31:41.478298+00:00,88.200143,42278,41,0202aac00373a526005a5811460e29efbf1ffffffc2246cd1e00000fc0007ebfe9ed0737feebfff600,1,TX 41 seq=19429 rx_latency=1ms tx_dur=1ms,13.979,
2732,10,884,2864710516,2026-07-14T15:31:41.578291+00:00,88.300130,42378,41,0202aac00374a58a005a5811460e29efbf1ffffffc2246cd1e00000fc0007ebfe9ed0737feebfff600,1,TX 41 seq=19430 rx_latency=1ms tx_dur=1ms,16.816,
2732,10,885,2864710517,2026-07-14T15:31:41.678298+00:00,88.400142,42478,41,0202aac00375a5ee005a5811460e29efbf1ffffffc2246cd1e00000fc0007ebfe9ed0737feebfff600,1,TX 41 seq=19431 rx_latency=1ms tx_dur=1ms,18.355,
2732,10,886,2864710518,2026-07-14T15:31:41.778301+00:00,88.500149,42578,41,0202aac00376a652005a5811460e29efbf1ffffffc2246cd1e00000fc0007ebfe9ed0737feebfff600,1,TX 41 seq=19432 rx_latency=1ms tx_dur=1ms,20.041,
2732,10,887,2864710519,2026-07-14T15:31:41.878301+00:00,88.600146,42678,41,0202aac00377a6b6005a5811460e29efbf1ffffffc2246cd1e00000fc0007ebfe9ed0737feebfff600,1,TX 41 seq=19433 rx_latency=1ms tx_dur=1ms,22.887,
2732,10,888,2864710520,2026-07-14T15:31:41.978290+00:00,88.700129,42778,41,0202aac00378a71a005a5811460e29efbf1ffffffc2246cd1e00000fc0007ebfe9ed0737feebfff600,1,TX 41 seq=19434 rx_latency=1ms tx_dur=1ms,14.680,
2732,10,889,2864710521,2026-07-14T15:31:42.078297+00:00,88.800141,42878,41,0202aac00379a77e005a5811460e29efbf1ffffffc2246cd1e00000fc0007ebfe9ed0737feebfff600,1,TX 41 seq=19435 rx_latency=1ms tx_dur=1ms,16.702,
2732,10,890,2864710522,2026-07-14T15:31:42.178297+00:00,88.900138,42978,41,0202aac0037aa7e2005a5811460e29efbf1ffffffc2246cd1e00000fc0007ebfe9ed0737feebfff600,1,TX 41 seq=19436 rx_latency=1ms tx_dur=1ms,18.886,
2732,10,891,2864710523,2026-07-14T15:31:42.278293+00:00,89.000136,43078,41,0202aac0037ba846005a5811460e29efbf1ffffffc2246cd1e00000fc0007ebfe9ed0737feebfff600,1,TX 41 seq=19437 rx_latency=1ms tx_dur=1ms,20.359,
2732,10,892,2864710524,2026-07-14T15:31:42.378295+00:00,89.100141,43178,41,0202aac0037ca8aa005a5811460e29efbf1ffffffc2246cd1e00000fc0007ebfe9ed0737feebfff600,1,TX 41 seq=19438 rx_latency=1ms tx_dur=1ms,22.096,
2732,10,893,2864710525,2026-07-14T15:31:42.478291+00:00,89.200131,43278,41,0202aac0037da90e005a5811460e29efbf1ffffffc2246cd1e00000fc0007ebfe9ed0737feebfff600,1,TX 41 seq=19439 rx_latency=1ms tx_dur=1ms,15.063,
2732,10,894,2864710526,2026-07-14T15:31:42.578304+00:00,89.300160,43378,41,0202aac0037ea972005a5811460e29efbf1ffffffc2246cd1e00000fc0007ebfe9ed0737feebfff600,1,TX 41 seq=19440 rx_latency=1ms tx_dur=1ms,16.633,
2732,10,895,2864710527,2026-07-14T15:31:42.678294+00:00,89.400135,43478,41,0202aac0037fa9d6005a5811460e29efbf1ffffffc2246cd1e00000fc0007ebfe9ed0737feebfff600,1,TX 41 seq=19441 rx_latency=1ms tx_dur=1ms,18.205,
2732,10,896,2864710528,2026-07-14T15:31:42.778297+00:00,89.500141,43578,41,0202aac00380aa3a005a5811460e29efbf1ffffffc2246cd1e00000fc0007ebfe9ed0737feebfff600,1,TX 41 seq=19442 rx_latency=1ms tx_dur=1ms,19.928,
2732,10,897,2864710529,2026-07-14T15:31:42.878291+00:00,89.600131,43678,41,0202aac00381aa9e005a5811460e29efbf1ffffffc2246cd1e00000fc0007ebfe9ed0737feebfff600,1,TX 41 seq=19443 rx_latency=1ms tx_dur=1ms,22.740,
2732,10,898,2864710530,2026-07-14T15:31:42.978277+00:00,89.700120,43778,41,0202aac00382ab02005a5811460e29efbf1ffffffc2246cd1e00000fc0007ebfe9ed0737feebfff600,1,TX 41 seq=19444 rx_latency=1ms tx_dur=1ms,14.575,
2732,10,899,2864710531,2026-07-14T15:31:43.078299+00:00,89.800144,43878,41,0202aac00383ab66005a5811460e29efbf1ffffffc2246cd1e00000fc0007ebfe9ed0737feebfff600,1,TX 41 seq=19445 rx_latency=1ms tx_dur=1ms,16.042,
2732,10,900,2864710532,2026-07-14T15:31:43.178278+00:00,89.900148,43978,41,0202aac00384abca005a5811460e29efbf1ffffffc2246cd1e00000fc0007ebfe9ed0737feebfff600,1,TX 41 seq=19446 rx_latency=1ms tx_dur=1ms,18.813,
2732,10,901,2864710533,2026-07-14T15:31:43.278298+00:00,90.000149,44078,41,0202aac00385ac2e005a5811460e29efbf1ffffffc2246cd1e00000fc0007ebfe9ed0737feebfff600,1,TX 41 seq=19447 rx_latency=1ms tx_dur=1ms,20.543,
2732,10,902,2864710534,2026-07-14T15:31:43.378289+00:00,90.100144,44178,41,0202aac00386ac92005a5811460e29efbf1ffffffc2246cd1e00000fc0007ebfe9ed0737feebfff600,1,TX 41 seq=19448 rx_latency=1ms tx_dur=1ms,22.326,
2732,10,903,2864710535,2026-07-14T15:31:43.478293+00:00,90.200134,44278,41,0202aac00387acf6005a5811460e29efbf1ffffffc2246cd1e00000fc0007ebfe9ed0737feebfff600,1,TX 41 seq=19449 rx_latency=1ms tx_dur=1ms,14.480,
2732,10,904,2864710536,2026-07-14T15:31:43.578306+00:00,90.300169,44378,41,0202aac00388ad5a005a5811460e29efbf1ffffffc2246cd1e00000fc0007ebfe9ed0737feebfff600,1,TX 41 seq=19450 rx_latency=1ms tx_dur=1ms,16.829,
2732,10,905,2864710537,2026-07-14T15:31:43.678315+00:00,90.400189,44478,41,0202aac00389adbe005a5811460e29efbf1ffffffc2246cd1e00000fc0007ebfe9ed0737feebfff600,1,TX 41 seq=19451 rx_latency=1ms tx_dur=1ms,17.839,
2732,10,906,2864710538,2026-07-14T15:31:43.778292+00:00,90.500137,44578,41,0202aac0038aae22005a5811460e29efbf1ffffffc2246cd1e00000fc0007ebfe9ed0737feebfff600,1,TX 41 seq=19452 rx_latency=1ms tx_dur=1ms,19.986,
2732,10,907,2864710539,2026-07-14T15:31:43.878303+00:00,90.600153,44678,41,0202aac0038bae86005a5811460e29efbf1ffffffc2246cd1e00000fc0007ebfe9ed0737feebfff600,1,TX 41 seq=19453 rx_latency=1ms tx_dur=1ms,22.447,
2732,10,908,2864710540,2026-07-14T15:31:43.978267+00:00,90.700111,44778,41,0202aac0038caeea005a5811460e29efbf1ffffffc2246cd1e00000fc0007ebfe9ed0737feebfff600,1,TX 41 seq=19454 rx_latency=1ms tx_dur=1ms,14.695,
2732,10,909,2864710541,2026-07-14T15:31:44.078298+00:00,90.800144,44878,41,0202aac0038daf4e005a5811460e29efbf1ffffffc2246cd1e00000fc0007ebfe9ed0737feebfff600,1,TX 41 seq=19455 rx_latency=1ms tx_dur=1ms,16.709,
2732,10,910,2864710542,2026-07-14T15:31:44.178296+00:00,90.900139,44978,41,0202aac0038eafb2005a5811460e29efbf1ffffffc2246cd1e00000fc0007ebfe9ed0737feebfff600,1,TX 41 seq=19456 rx_latency=1ms tx_dur=1ms,18.872,
2732,10,911,2864710543,2026-07-14T15:31:44.278297+00:00,91.000139,45078,41,0202aac0038fb016005a5811460e29efbf1ffffffc2246cd1e00000fc0007ebfe9ed0737feebfff600,1,TX 41 seq=19457 rx_latency=1ms tx_dur=1ms,20.383,
2732,10,912,2864710544,2026-07-14T15:31:44.378291+00:00,91.100131,45178,41,0202aac00390b07a005a5811460e29efbf1ffffffc2246cd1e00000fc0007ebfe9ed0737feebfff600,1,TX 41 seq=19458 rx_latency=1ms tx_dur=1ms,22.086,
2732,10,913,2864710545,2026-07-14T15:31:44.478299+00:00,91.200143,45278,41,0202aac00391b0de005a5811460e29efbf1ffffffc2246cd1e00000fc0007ebfe9ed0737feebfff600,1,TX 41 seq=19459 rx_latency=1ms tx_dur=1ms,14.972,
2732,10,914,2864710546,2026-07-14T15:31:44.578236+00:00,91.300086,45378,41,0202aac00392b142005a5811460e29efbf1ffffffc2246cd1e00000fc0007ebfe9ed0737feebfff600,1,TX 41 seq=19460 rx_latency=1ms tx_dur=1ms,16.757,
2732,10,915,2864710547,2026-07-14T15:31:44.678304+00:00,91.400160,45478,41,0202aac00393b1a6005a5811460e29efbf1ffffffc2246cd1e00000fc0007ebfe9ed0737feebfff600,1,TX 41 seq=19461 rx_latency=1ms tx_dur=1ms,18.168,
2732,10,916,2864710548,2026-07-14T15:31:44.778292+00:00,91.500133,45578,41,0202aac00394b20a005a5811460e29efbf1ffffffc2246cd1e00000fc0007ebfe9ed0737feebfff600,1,TX 41 seq=19462 rx_latency=1ms tx_dur=1ms,21.033,
2732,10,917,2864710549,2026-07-14T15:31:44.878300+00:00,91.600145,45678,41,0202aac00395b26e005a5811460e29efbf1ffffffc2246cd1e00000fc0007ebfe9ed0737feebfff600,1,TX 41 seq=19463 rx_latency=1ms tx_dur=1ms,22.775,
2732,10,918,2864710550,2026-07-14T15:31:44.978291+00:00,91.700131,45778,41,0202aac00396b2d2005a5811460e29efbf1ffffffc2246cd1e00000fc0007ebfe9ed0737feebfff600,1,TX 41 seq=19464 rx_latency=1ms tx_dur=1ms,14.575,
2732,10,919,2864710551,2026-07-14T15:31:45.078299+00:00,91.800146,45878,41,0202aac00397b336005a5811460e29efbf1ffffffc2246cd1e00000fc0007ebfe9ed0737feebfff600,1,TX 41 seq=19465 rx_latency=1ms tx_dur=1ms,16.063,
2732,10,920,2864710552,2026-07-14T15:31:45.178294+00:00,91.900138,45978,41,0202aac00398b39a005a5811460e29efbf1ffffffc2246cd1e00000fc0007ebfe9ed0737feebfff600,1,TX 41 seq=19466 rx_latency=1ms tx_dur=1ms,18.904,
2732,10,921,2864710553,2026-07-14T15:31:45.278296+00:00,92.000138,46078,41,0202aac00399b3fe005a5811460e29efbf1ffffffc2246cd1e00000fc0007ebfe9ed0737feebfff600,1,TX 41 seq=19467 rx_latency=1ms tx_dur=1ms,20.629,
2732,10,922,2864710554,2026-07-14T15:31:45.378297+00:00,92.100142,46178,41,0202aac0039ab462005a5811460e29efbf1ffffffc2246cd1e00000fc0007ebfe9ed0737feebfff600,1,TX 41 seq=19468 rx_latency=1ms tx_dur=1ms,22.356,
2732,10,923,2864710555,2026-07-14T15:31:45.478292+00:00,92.200133,46278,41,0202aac0039bb4c6005a5811460e29efbf1ffffffc2246cd1e00000fc0007ebfe9ed0737feebfff600,1,TX 41 seq=19469 rx_latency=1ms tx_dur=1ms,14.475,
2732,10,924,2864710556,2026-07-14T15:31:45.578298+00:00,92.300144,46378,41,0202aac0039cb52a005a5811460e29efbf1ffffffc2246cd1e00000fc0007ebfe9ed0737feebfff600,1,TX 41 seq=19470 rx_latency=1ms tx_dur=1ms,16.914,
2732,10,925,2864710557,2026-07-14T15:31:45.678298+00:00,92.400142,46478,41,0202aac0039db58e005a5811460e29efbf1ffffffc2246cd1e00000fc0007ebfe9ed0737feebfff600,1,TX 41 seq=19471 rx_latency=1ms tx_dur=1ms,17.956,
2732,10,926,2864710558,2026-07-14T15:31:45.778302+00:00,92.500161,46578,41,0202aac0039eb5f2005a5811460e29efbf1ffffffc2246cd1e00000fc0007ebfe9ed0737feebfff600,1,TX 41 seq=19472 rx_latency=1ms tx_dur=1ms,20.536,
2732,10,927,2864710559,2026-07-14T15:31:45.878293+00:00,92.600138,46678,41,0202aac0039fb656005a5811460e29efbf1ffffffc2246cd1e00000fc0007ebfe9ed0737feebfff600,1,TX 41 seq=19473 rx_latency=1ms tx_dur=1ms,22.262,
2732,10,928,2864710560,2026-07-14T15:31:45.978316+00:00,92.700186,46778,41,0202aac003a0b6ba005a5811460e29efbf1ffffffc2246cd1e00000fc0007ebfe9ed0737feebfff600,1,TX 41 seq=19474 rx_latency=1ms tx_dur=1ms,13.957,
2732,10,929,2864710561,2026-07-14T15:31:46.078296+00:00,92.800142,46878,41,0202aac003a1b71e005a5811460e29efbf1ffffffc2246cd1e00000fc0007ebfe9ed0737feebfff600,1,TX 41 seq=19475 rx_latency=1ms tx_dur=1ms,16.883,
2732,10,930,2864710562,2026-07-14T15:31:46.178298+00:00,92.900144,46978,41,0202aac003a2b782005a5811460e29efbf1ffffffc2246cd1e00000fc0007ebfe9ed0737feebfff600,1,TX 41 seq=19476 rx_latency=1ms tx_dur=1ms,18.955,
2732,10,931,2864710563,2026-07-14T15:31:46.278301+00:00,93.000151,47078,41,0202aac003a3b7e6005a5811460e29efbf1ffffffc2246cd1e00000fc0007ebfe9ed0737feebfff600,1,TX 41 seq=19477 rx_latency=1ms tx_dur=1ms,20.001,
2732,10,932,2864710564,2026-07-14T15:31:46.378294+00:00,93.100138,47178,41,0202aac003a4b84a005a5811460e29efbf1ffffffc2246cd1e00000fc0007ebfe9ed0737feebfff600,1,TX 41 seq=19478 rx_latency=1ms tx_dur=1ms,22.640,
2732,10,933,2864710565,2026-07-14T15:31:46.478294+00:00,93.200137,47278,41,0202aac003a5b8ae005a5811460e29efbf1ffffffc2246cd1e00000fc0007ebfe9ed0737feebfff600,1,TX 41 seq=19479 rx_latency=1ms tx_dur=1ms,14.409,
2732,10,934,2864710566,2026-07-14T15:31:46.578299+00:00,93.300142,47378,41,0202aac003a6b912005a5811460e29efbf1ffffffc2246cd1e00000fc0007ebfe9ed0737feebfff600,1,TX 41 seq=19480 rx_latency=1ms tx_dur=1ms,16.114,
2732,10,935,2864710567,2026-07-14T15:31:46.678296+00:00,93.400138,47478,41,0202aac003a7b976005a5811460e29efbf1ffffffc2246cd1e00000fc0007ebfe9ed0737feebfff600,1,TX 41 seq=19481 rx_latency=1ms tx_dur=1ms,18.958,
2732,10,936,2864710568,2026-07-14T15:31:46.778297+00:00,93.500138,47578,41,0202aac003a8b9da005a5811460e29efbf1ffffffc2246cd1e00000fc0007ebfe9ed0737feebfff600,1,TX 41 seq=19482 rx_latency=1ms tx_dur=1ms,20.483,
2732,10,937,2864710569,2026-07-14T15:31:46.878299+00:00,93.600142,47678,41,0202aac003a9ba3e005a5811460e29efbf1ffffffc2246cd1e00000fc0007ebfe9ed0737feebfff600,1,TX 41 seq=19483 rx_latency=1ms tx_dur=1ms,22.190,
2732,10,938,2864710570,2026-07-14T15:31:46.978291+00:00,93.700131,47778,41,0202aac003aabaa2005a5811460e29efbf1ffffffc2246cd1e00000fc0007ebfe9ed0737feebfff600,1,TX 41 seq=19484 rx_latency=1ms tx_dur=1ms,15.120,
2732,10,939,2864710571,2026-07-14T15:31:47.078303+00:00,93.800160,47878,41,0202aac003abbb06005a5811460e29efbf1ffffffc2246cd1e00000fc0007ebfe9ed0737feebfff600,1,TX 41 seq=19485 rx_latency=1ms tx_dur=1ms,16.736,
2732,10,940,2864710572,2026-07-14T15:31:47.178292+00:00,93.900133,47978,41,0202aac003acbb6a005a5811460e29efbf1ffffffc2246cd1e00000fc0007ebfe9ed0737feebfff600,1,TX 41 seq=19486 rx_latency=1ms tx_dur=1ms,18.857,
2732,10,941,2864710573,2026-07-14T15:31:47.278298+00:00,94.000143,48078,41,0202aac003adbbce005a5811460e29efbf1ffffffc2246cd1e00000fc0007ebfe9ed0737feebfff600,1,TX 41 seq=19487 rx_latency=1ms tx_dur=1ms,20.217,
2732,10,942,2864710574,2026-07-14T15:31:47.378295+00:00,94.100137,48178,41,0202aac003aebc32005a5811460e29efbf1ffffffc2246cd1e00000fc0007ebfe9ed0737feebfff600,1,TX 41 seq=19488 rx_latency=1ms tx_dur=1ms,22.383,
2732,10,943,2864710575,2026-07-14T15:31:47.478291+00:00,94.200131,48278,41,0202aac003afbc96005a5811460e29efbf1ffffffc2246cd1e00000fc0007ebfe9ed0737feebfff600,1,TX 41 seq=19489 rx_latency=1ms tx_dur=1ms,14.513,
2732,10,944,2864710576,2026-07-14T15:31:47.578301+00:00,94.300150,48378,41,0202aac003b0bcfa005a5811460e29efbf1ffffffc2246cd1e00000fc0007ebfe9ed0737feebfff600,1,TX 41 seq=19490 rx_latency=1ms tx_dur=1ms,16.901,
2732,10,945,2864710577,2026-07-14T15:31:47.678299+00:00,94.400147,48478,41,0202aac003b1bd5e005a5811460e29efbf1ffffffc2246cd1e00000fc0007ebfe9ed0737feebfff600,1,TX 41 seq=19491 rx_latency=1ms tx_dur=1ms,17.962,
2732,10,946,2864710578,2026-07-14T15:31:47.778297+00:00,94.500139,48578,41,0202aac003b2bdc2005a5811460e29efbf1ffffffc2246cd1e00000fc0007ebfe9ed0737feebfff600,1,TX 41 seq=19492 rx_latency=1ms tx_dur=1ms,20.023,
2732,10,947,2864710579,2026-07-14T15:31:47.878297+00:00,94.600138,48678,41,0202aac003b3be26005a5811460e29efbf1ffffffc2246cd1e00000fc0007ebfe9ed0737feebfff600,1,TX 41 seq=19493 rx_latency=1ms tx_dur=1ms,22.194,
2732,10,948,2864710580,2026-07-14T15:31:47.978296+00:00,94.700140,48778,41,0202aac003b4be8a005a5811460e29efbf1ffffffc2246cd1e00000fc0007ebfe9ed0737feebfff600,1,TX 41 seq=19494 rx_latency=1ms tx_dur=1ms,14.849,
2732,10,949,2864710581,2026-07-14T15:31:48.078295+00:00,94.800136,48878,41,0202aac003b5beee005a5811460e29efbf1ffffffc2246cd1e00000fc0007ebfe9ed0737feebfff600,1,TX 41 seq=19495 rx_latency=1ms tx_dur=1ms,16.578,
2732,10,950,2864710582,2026-07-14T15:31:48.178296+00:00,94.900138,48978,41,0202aac003b6bf52005a5811460e29efbf1ffffffc2246cd1e00000fc0007ebfe9ed0737feebfff600,1,TX 41 seq=19496 rx_latency=1ms tx_dur=1ms,18.310,
2732,10,951,2864710583,2026-07-14T15:31:48.278297+00:00,95.000140,49078,41,0202aac003b7bfb6005a5811460e29efbf1ffffffc2246cd1e00000fc0007ebfe9ed0737feebfff600,1,TX 41 seq=19497 rx_latency=1ms tx_dur=1ms,20.024,
2732,10,952,2864710584,2026-07-14T15:31:48.378295+00:00,95.100135,49178,41,0202aac003b8c01a005a5811460e29efbf1ffffffc2246cd1e00000fc0007ebfe9ed0737feebfff600,1,TX 41 seq=19498 rx_latency=1ms tx_dur=1ms,22.660,
2732,10,953,2864710585,2026-07-14T15:31:48.478292+00:00,95.200131,49278,41,0202aac003b9c07e005a5811460e29efbf1ffffffc2246cd1e00000fc0007ebfe9ed0737feebfff600,1,TX 41 seq=19499 rx_latency=1ms tx_dur=1ms,14.439,
2732,10,954,2864710586,2026-07-14T15:31:48.578301+00:00,95.300153,49378,41,0202aac003bac0e2005a5811460e29efbf1ffffffc2246cd1e00000fc0007ebfe9ed0737feebfff600,1,TX 41 seq=19500 rx_latency=1ms tx_dur=1ms,16.107,
2732,10,955,2864710587,2026-07-14T15:31:48.678304+00:00,95.400164,49478,41,0202aac003bbc146005a5811460e29efbf1ffffffc2246cd1e00000fc0007ebfe9ed0737feebfff600,1,TX 41 seq=19501 rx_latency=1ms tx_dur=1ms,18.881,
2732,10,956,2864710588,2026-07-14T15:31:48.778300+00:00,95.500149,49578,41,0202aac003bcc1aa005a5811460e29efbf1ffffffc2246cd1e00000fc0007ebfe9ed0737feebfff600,1,TX 41 seq=19502 rx_latency=1ms tx_dur=1ms,20.459,
2732,10,957,2864710589,2026-07-14T15:31:48.878297+00:00,95.600141,49678,41,0202aac003bdc20e005a5811460e29efbf1ffffffc2246cd1e00000fc0007ebfe9ed0737feebfff600,1,TX 41 seq=19503 rx_latency=1ms tx_dur=1ms,22.208,
2732,10,958,2864710590,2026-07-14T15:31:48.978297+00:00,95.700142,49778,41,0202aac003bec272005a5811460e29efbf1ffffffc2246cd1e00000fc0007ebfe9ed0737feebfff600,1,TX 41 seq=19504 rx_latency=1ms tx_dur=1ms,13.969,
2732,10,959,2864710591,2026-07-14T15:31:49.078297+00:00,95.800140,49878,41,0202aac003bfc2d6005a5811460e29efbf1ffffffc2246cd1e00000fc0007ebfe9ed0737feebfff600,1,TX 41 seq=19505 rx_latency=1ms tx_dur=1ms,16.811,
2732,10,960,2864710592,2026-07-14T15:31:49.178299+00:00,95.900144,49978,41,0202aac003c0c33a005a5811460e29efbf1ffffffc2246cd1e00000fc0007ebfe9ed0737feebfff600,1,TX 41 seq=19506 rx_latency=1ms tx_dur=1ms,18.344,
2732,10,961,2864710593,2026-07-14T15:31:49.278297+00:00,96.000141,50078,41,0202aac003c1c39e005a5811460e29efbf1ffffffc2246cd1e00000fc0007ebfe9ed0737feebfff600,1,TX 41 seq=19507 rx_latency=1ms tx_dur=1ms,20.055,
2732,10,962,2864710594,2026-07-14T15:31:49.378295+00:00,96.100138,50178,41,0202aac003c2c402005a5811460e29efbf1ffffffc2246cd1e00000fc0007ebfe9ed0737feebfff600,1,TX 41 seq=19508 rx_latency=1ms tx_dur=1ms,22.895,
2732,10,963,2864710595,2026-07-14T15:31:49.478304+00:00,96.200150,50278,41,0202aac003c3c466005a5811460e29efbf1ffffffc2246cd1e00000fc0007ebfe9ed0737feebfff600,1,TX 41 seq=19509 rx_latency=1ms tx_dur=1ms,14.585,
2732,10,964,2864710596,2026-07-14T15:31:49.578293+00:00,96.300132,50378,41,0202aac003c4c4ca005a5811460e29efbf1ffffffc2246cd1e00000fc0007ebfe9ed0737feebfff600,1,TX 41 seq=19510 rx_latency=1ms tx_dur=1ms,16.769,
2732,10,965,2864710597,2026-07-14T15:31:49.678322+00:00,96.400199,50478,41,0202aac003c5c52e005a5811460e29efbf1ffffffc2246cd1e00000fc0007ebfe9ed0737feebfff600,1,TX 41 seq=19511 rx_latency=1ms tx_dur=1ms,18.673,
2732,10,966,2864710598,2026-07-14T15:31:49.778305+00:00,96.500157,50578,41,0202aac003c6c592005a5811460e29efbf1ffffffc2246cd1e00000fc0007ebfe9ed0737feebfff600,1,TX 41 seq=19512 rx_latency=1ms tx_dur=1ms,20.292,
2732,10,967,2864710599,2026-07-14T15:31:49.878289+00:00,96.600131,50678,41,0202aac003c7c5f6005a5811460e29efbf1ffffffc2246cd1e00000fc0007ebfe9ed0737feebfff600,1,TX 41 seq=19513 rx_latency=1ms tx_dur=1ms,22.169,
2732,10,968,2864710600,2026-07-14T15:31:49.978296+00:00,96.700142,50778,41,0202aac003c8c65a005a5811460e29efbf1ffffffc2246cd1e00000fc0007ebfe9ed0737feebfff600,1,TX 41 seq=19514 rx_latency=1ms tx_dur=1ms,14.957,
2732,10,969,2864710601,2026-07-14T15:31:50.078230+00:00,96.800070,50878,41,0202aac003c9c6be005a5811460e29efbf1ffffffc2246cd1e00000fc0007ebfe9ed0737feebfff600,1,TX 41 seq=19515 rx_latency=1ms tx_dur=1ms,16.766,
2732,10,970,2864710602,2026-07-14T15:31:50.178297+00:00,96.900143,50978,41,0202aac003cac722005a5811460e29efbf1ffffffc2246cd1e00000fc0007ebfe9ed0737feebfff600,1,TX 41 seq=19516 rx_latency=1ms tx_dur=1ms,18.195,
2732,10,971,2864710603,2026-07-14T15:31:50.278224+00:00,97.000069,51078,41,0202aac003cbc786005a5811460e29efbf1ffffffc2246cd1e00000fc0007ebfe9ed0737feebfff600,1,TX 41 seq=19517 rx_latency=1ms tx_dur=1ms,20.000,
2732,10,972,2864710604,2026-07-14T15:31:50.378295+00:00,97.100137,51178,41,0202aac003ccc7ea005a5811460e29efbf1ffffffc2246cd1e00000fc0007ebfe9ed0737feebfff600,1,TX 41 seq=19518 rx_latency=1ms tx_dur=1ms,22.715,
2732,10,973,2864710605,2026-07-14T15:31:50.478292+00:00,97.200132,51278,41,0202aac003cdc84e005a5811460e29efbf1ffffffc2246cd1e00000fc0007ebfe9ed0737feebfff600,1,TX 41 seq=19519 rx_latency=1ms tx_dur=1ms,14.575,
2732,10,974,2864710606,2026-07-14T15:31:50.578298+00:00,97.300144,51378,41,0202aac003cec8b2005a5811460e29efbf1ffffffc2246cd1e00000fc0007ebfe9ed0737feebfff600,1,TX 41 seq=19520 rx_latency=1ms tx_dur=1ms,16.037,
2732,10,975,2864710607,2026-07-14T15:31:50.678294+00:00,97.400137,51478,41,0202aac003cfc916005a5811460e29efbf1ffffffc2246cd1e00000fc0007ebfe9ed0737feebfff600,1,TX 41 seq=19521 rx_latency=1ms tx_dur=1ms,18.891,
2732,10,976,2864710608,2026-07-14T15:31:50.778295+00:00,97.500136,51578,41,0202aac003d0c97a005a5811460e29efbf1ffffffc2246cd1e00000fc0007ebfe9ed0737feebfff600,1,TX 41 seq=19522 rx_latency=1ms tx_dur=1ms,20.549,
2732,10,977,2864710609,2026-07-14T15:31:50.878289+00:00,97.600126,51678,41,0202aac003d1c9de005a5811460e29efbf1ffffffc2246cd1e00000fc0007ebfe9ed0737feebfff600,1,TX 41 seq=19523 rx_latency=1ms tx_dur=1ms,22.478,
2732,10,978,2864710610,2026-07-14T15:31:50.978303+00:00,97.700158,51778,41,0202aac003d2ca42005a5811460e29efbf1ffffffc2246cd1e00000fc0007ebfe9ed0737feebfff600,1,TX 41 seq=19524 rx_latency=1ms tx_dur=1ms,14.947,
2732,10,979,2864710611,2026-07-14T15:31:51.078292+00:00,97.800132,51878,41,0202aac003d3caa6005a5811460e29efbf1ffffffc2246cd1e00000fc0007ebfe9ed0737feebfff600,1,TX 41 seq=19525 rx_latency=1ms tx_dur=1ms,16.777,
2732,10,980,2864710612,2026-07-14T15:31:51.178296+00:00,97.900141,51978,41,0202aac003d4cb0a005a5811460e29efbf1ffffffc2246cd1e00000fc0007ebfe9ed0737feebfff600,1,TX 41 seq=19526 rx_latency=1ms tx_dur=1ms,18.422,
2732,10,981,2864710613,2026-07-14T15:31:51.278288+00:00,98.000125,52078,41,0202aac003d5cb6e005a5811460e29efbf1ffffffc2246cd1e00000fc0007ebfe9ed0737feebfff600,1,TX 41 seq=19527 rx_latency=1ms tx_dur=1ms,20.231,
2732,10,982,2864710614,2026-07-14T15:31:51.378296+00:00,98.100138,52178,41,0202aac003d6cbd2005a5811460e29efbf1ffffffc2246cd1e00000fc0007ebfe9ed0737feebfff600,1,TX 41 seq=19528 rx_latency=1ms tx_dur=1ms,22.198,
2732,10,983,2864710615,2026-07-14T15:31:51.478293+00:00,98.200134,52278,41,0202aac003d7cc36005a5811460e29efbf1ffffffc2246cd1e00000fc0007ebfe9ed0737feebfff600,1,TX 41 seq=19529 rx_latency=1ms tx_dur=1ms,14.782,
2732,10,984,2864710616,2026-07-14T15:31:51.578307+00:00,98.300171,52378,41,0202aac003d8cc9a005a5811460e29efbf1ffffffc2246cd1e00000fc0007ebfe9ed0737feebfff600,1,TX 41 seq=19530 rx_latency=1ms tx_dur=1ms,16.821,
2732,10,985,2864710617,2026-07-14T15:31:51.678298+00:00,98.400151,52478,41,0202aac003d9ccfe005a5811460e29efbf1ffffffc2246cd1e00000fc0007ebfe9ed0737feebfff600,1,TX 41 seq=19531 rx_latency=1ms tx_dur=1ms,18.943,
2732,10,986,2864710618,2026-07-14T15:31:51.778298+00:00,98.500144,52578,41,0202aac003dacd62005a5811460e29efbf1ffffffc2246cd1e00000fc0007ebfe9ed0737feebfff600,1,TX 41 seq=19532 rx_latency=1ms tx_dur=1ms,20.035,
2732,10,987,2864710619,2026-07-14T15:31:51.878293+00:00,98.600135,52678,41,0202aac003dbcdc6005a5811460e29efbf1ffffffc2246cd1e00000fc0007ebfe9ed0737feebfff600,1,TX 41 seq=19533 rx_latency=1ms tx_dur=1ms,22.686,
2732,10,988,2864710620,2026-07-14T15:31:51.978306+00:00,98.700166,52778,41,0202aac003dcce2a005a5811460e29efbf1ffffffc2246cd1e00000fc0007ebfe9ed0737feebfff600,1,TX 41 seq=19534 rx_latency=1ms tx_dur=1ms,14.299,
2732,10,989,2864710621,2026-07-14T15:31:52.078293+00:00,98.800140,52878,41,0202aac003ddce8e005a5811460e29efbf1ffffffc2246cd1e00000fc0007ebfe9ed0737feebfff600,1,TX 41 seq=19535 rx_latency=1ms tx_dur=1ms,16.087,
2732,10,990,2864710622,2026-07-14T15:31:52.178260+00:00,98.900104,52978,41,0202aac003decef2005a5811460e29efbf1ffffffc2246cd1e00000fc0007ebfe9ed0737feebfff600,1,TX 41 seq=19536 rx_latency=1ms tx_dur=1ms,18.976,
2732,10,991,2864710623,2026-07-14T15:31:52.278292+00:00,99.000131,53078,41,0202aac003dfcf56005a5811460e29efbf1ffffffc2246cd1e00000fc0007ebfe9ed0737feebfff600,1,TX 41 seq=19537 rx_latency=1ms tx_dur=1ms,20.017,
2732,10,992,2864710624,2026-07-14T15:31:52.378296+00:00,99.100141,53178,41,0202aac003e0cfba005a5811460e29efbf1ffffffc2246cd1e00000fc0007ebfe9ed0737feebfff600,1,TX 41 seq=19538 rx_latency=1ms tx_dur=1ms,22.493,
2732,10,993,2864710625,2026-07-14T15:31:52.478254+00:00,99.200100,53278,41,0202aac003e1d01e005a5811460e29efbf1ffffffc2246cd1e00000fc0007ebfe9ed0737feebfff600,1,TX 41 seq=19539 rx_latency=1ms tx_dur=1ms,14.703,
2732,10,994,2864710626,2026-07-14T15:31:52.578292+00:00,99.300135,53378,41,0202aac003e2d082005a5811460e29efbf1ffffffc2246cd1e00000fc0007ebfe9ed0737feebfff600,1,TX 41 seq=19540 rx_latency=1ms tx_dur=1ms,16.741,
2732,10,995,2864710627,2026-07-14T15:31:52.678296+00:00,99.400142,53478,41,0202aac003e3d0e6005a5811460e29efbf1ffffffc2246cd1e00000fc0007ebfe9ed0737feebfff600,1,TX 41 seq=19541 rx_latency=1ms tx_dur=1ms,18.864,
2732,10,996,2864710628,2026-07-14T15:31:52.778289+00:00,99.500127,53578,41,0202aac003e4d14a005a5811460e29efbf1ffffffc2246cd1e00000fc0007ebfe9ed0737feebfff600,1,TX 41 seq=19542 rx_latency=1ms tx_dur=1ms,20.386,
2732,10,997,2864710629,2026-07-14T15:31:52.878295+00:00,99.600137,53678,41,0202aac003e5d1ae005a5811460e29efbf1ffffffc2246cd1e00000fc0007ebfe9ed0737feebfff600,1,TX 41 seq=19543 rx_latency=1ms tx_dur=1ms,22.128,
2732,10,998,2864710630,2026-07-14T15:31:52.978295+00:00,99.700146,53778,41,0202aac003e6d212005a5811460e29efbf1ffffffc2246cd1e00000fc0007ebfe9ed0737feebfff600,1,TX 41 seq=19544 rx_latency=1ms tx_dur=1ms,14.975,
2732,10,999,2864710631,2026-07-14T15:31:53.078253+00:00,99.800100,53878,41,0202aac003e7d276005a5811460e29efbf1ffffffc2246cd1e00000fc0007ebfe9ed0737feebfff600,1,TX 41 seq=19545 rx_latency=1ms tx_dur=1ms,16.747,
2732,10,1000,2864710632,2026-07-14T15:31:53.178291+00:00,99.900133,53978,41,0202aac003e8d2da005a5811460e29efbf1ffffffc2246cd1e00000fc0007ebfe9ed0737feebfff600,1,TX 41 seq=19546 rx_latency=1ms tx_dur=1ms,18.210,
2732,10,1001,2864710633,2026-07-14T15:31:53.278280+00:00,100.000134,54078,41,0202aac003e9d33e005a5811460e29efbf1ffffffc2246cd1e00000fc0007ebfe9ed0737feebfff600,1,TX 41 seq=19547 rx_latency=1ms tx_dur=1ms,19.939,
2732,10,1002,2864710634,2026-07-14T15:31:53.378292+00:00,100.100139,54178,41,0202aac003ead3a2005a5811460e29efbf1ffffffc2246cd1e00000fc0007ebfe9ed0737feebfff600,1,TX 41 seq=19548 rx_latency=1ms tx_dur=1ms,22.762,
2732,10,1003,2864710635,2026-07-14T15:31:53.478299+00:00,100.200148,54278,41,0202aac003ebd406005a5811460e29efbf1ffffffc2246cd1e00000fc0007ebfe9ed0737feebfff600,1,TX 41 seq=19549 rx_latency=1ms tx_dur=1ms,14.536,
2732,10,1004,2864710636,2026-07-14T15:31:53.578289+00:00,100.300131,54378,41,0202aac003ecd46a005a5811460e29efbf1ffffffc2246cd1e00000fc0007ebfe9ed0737feebfff600,1,TX 41 seq=19550 rx_latency=1ms tx_dur=1ms,16.625,
2732,10,1005,2864710637,2026-07-14T15:31:53.678296+00:00,100.400142,54478,41,0202aac003edd4ce005a5811460e29efbf1ffffffc2246cd1e00000fc0007ebfe9ed0737feebfff600,1,TX 41 seq=19551 rx_latency=1ms tx_dur=1ms,17.958,
2732,10,1006,2864710638,2026-07-14T15:31:53.778297+00:00,100.500140,54578,41,0202aac003eed532005a5811460e29efbf1ffffffc2246cd1e00000fc0007ebfe9ed0737feebfff600,1,TX 41 seq=19552 rx_latency=1ms tx_dur=1ms,20.123,
2732,10,1007,2864710639,2026-07-14T15:31:53.878291+00:00,100.600129,54678,41,0202aac003efd596005a5811460e29efbf1ffffffc2246cd1e00000fc0007ebfe9ed0737feebfff600,1,TX 41 seq=19553 rx_latency=1ms tx_dur=1ms,22.174,
2732,10,1008,2864710640,2026-07-14T15:31:53.978298+00:00,100.700144,54778,41,0202aac003f0d5fa005a5811460e29efbf1ffffffc2246cd1e00000fc0007ebfe9ed0737feebfff600,1,TX 41 seq=19554 rx_latency=1ms tx_dur=1ms,14.676,
2732,10,1009,2864710641,2026-07-14T15:31:54.078297+00:00,100.800140,54878,41,0202aac003f1d65e005a5811460e29efbf1ffffffc2246cd1e00000fc0007ebfe9ed0737feebfff600,1,TX 41 seq=19555 rx_latency=1ms tx_dur=1ms,16.845,
2732,10,1010,2864710642,2026-07-14T15:31:54.178305+00:00,100.900161,54978,41,0202aac003f2d6c2005a5811460e29efbf1ffffffc2246cd1e00000fc0007ebfe9ed0737feebfff600,1,TX 41 seq=19556 rx_latency=1ms tx_dur=1ms,18.305,
2732,10,1011,2864710643,2026-07-14T15:31:54.278247+00:00,101.000090,55078,41,0202aac003f3d726005a5811460e29efbf1ffffffc2246cd1e00000fc0007ebfe9ed0737feebfff600,1,TX 41 seq=19557 rx_latency=1ms tx_dur=1ms,20.115,
2732,10,1012,2864710644,2026-07-14T15:31:54.378297+00:00,101.100142,55178,41,0202aac003f4d78a005a5811460e29efbf1ffffffc2246cd1e00000fc0007ebfe9ed0737feebfff600,1,TX 41 seq=19558 rx_latency=1ms tx_dur=1ms,22.913,
2732,10,1013,2864710645,2026-07-14T15:31:54.478298+00:00,101.200142,55278,41,0202aac003f5d7ee005a5811460e29efbf1ffffffc2246cd1e00000fc0007ebfe9ed0737feebfff600,1,TX 41 seq=19559 rx_latency=1ms tx_dur=1ms,14.678,
2732,10,1014,2864710646,2026-07-14T15:31:54.578301+00:00,101.300146,55378,41,0202aac003f6d852005a5811460e29efbf1ffffffc2246cd1e00000fc0007ebfe9ed0737feebfff600,1,TX 41 seq=19560 rx_latency=1ms tx_dur=1ms,16.732,
2732,10,1015,2864710647,2026-07-14T15:31:54.678295+00:00,101.400139,55478,41,0202aac003f7d8b6005a5811460e29efbf1ffffffc2246cd1e00000fc0007ebfe9ed0737feebfff600,1,TX 41 seq=19561 rx_latency=1ms tx_dur=1ms,18.863,
2732,10,1016,2864710648,2026-07-14T15:31:54.778298+00:00,101.500143,55578,41,0202aac003f8d91a005a5811460e29efbf1ffffffc2246cd1e00000fc0007ebfe9ed0737feebfff600,1,TX 41 seq=19562 rx_latency=1ms tx_dur=1ms,20.393,
2732,10,1017,2864710649,2026-07-14T15:31:54.878291+00:00,101.600128,55678,41,0202aac003f9d97e005a5811460e29efbf1ffffffc2246cd1e00000fc0007ebfe9ed0737feebfff600,1,TX 41 seq=19563 rx_latency=1ms tx_dur=1ms,22.104,
2732,10,1018,2864710650,2026-07-14T15:31:54.978297+00:00,101.700139,55778,41,0202aac003fad9e2005a5811460e29efbf1ffffffc2246cd1e00000fc0007ebfe9ed0737feebfff600,1,TX 41 seq=19564 rx_latency=1ms tx_dur=1ms,15.005,
2732,10,1019,2864710651,2026-07-14T15:31:55.078289+00:00,101.800127,55878,41,0202aac003fbda46005a5811460e29efbf1ffffffc2246cd1e00000fc0007ebfe9ed0737feebfff600,1,TX 41 seq=19565 rx_latency=1ms tx_dur=1ms,16.745,
2732,10,1020,2864710652,2026-07-14T15:31:55.178299+00:00,101.900145,55978,41,0202aac003fcdaaa005a5811460e29efbf1ffffffc2246cd1e00000fc0007ebfe9ed0737feebfff600,1,TX 41 seq=19566 rx_latency=1ms tx_dur=1ms,18.315,
2732,10,1021,2864710653,2026-07-14T15:31:55.278255+00:00,102.000123,56078,41,0202aac003fddb0e005a5811460e29efbf1ffffffc2246cd1e00000fc0007ebfe9ed0737feebfff600,1,TX 41 seq=19567 rx_latency=1ms tx_dur=1ms,20.994,
2732,10,1022,2864710654,2026-07-14T15:31:55.378298+00:00,102.100150,56178,41,0202aac003fedb72005a5811460e29efbf1ffffffc2246cd1e00000fc0007ebfe9ed0737feebfff600,1,TX 41 seq=19568 rx_latency=1ms tx_dur=1ms,22.794,
2732,10,1023,2864710655,2026-07-14T15:31:55.478292+00:00,102.200132,56278,41,0202aac003ffdbd6005a5811460e29efbf1ffffffc2246cd1e00000fc0007ebfe9ed0737feebfff600,1,TX 41 seq=19569 rx_latency=1ms tx_dur=1ms,14.617,
2732,10,1024,2864710656,2026-07-14T15:31:55.578298+00:00,102.300150,56378,41,0202aac00400dc3a005a5811460e29efbf1ffffffc2246cd1e00000fc0007ebfe9ed0737feebfff600,1,TX 41 seq=19570 rx_latency=1ms tx_dur=1ms,16.043,
2732,10,1025,2864710657,2026-07-14T15:31:55.678302+00:00,102.400162,56478,41,0202aac00401dc9e005a5811460e29efbf1ffffffc2246cd1e00000fc0007ebfe9ed0737feebfff600,1,TX 41 seq=19571 rx_latency=1ms tx_dur=1ms,18.841,
2732,10,1026,2864710658,2026-07-14T15:31:55.778300+00:00,102.500152,56578,41,0202aac00402dd02005a5811460e29efbf1ffffffc2246cd1e00000fc0007ebfe9ed0737feebfff600,1,TX 41 seq=19572 rx_latency=1ms tx_dur=1ms,20.615,
2732,10,1027,2864710659,2026-07-14T15:31:55.878290+00:00,102.600130,56678,41,0202aac00403dd66005a5811460e29efbf1ffffffc2246cd1e00000fc0007ebfe9ed0737feebfff600,1,TX 41 seq=19573 rx_latency=1ms tx_dur=1ms,22.337,
2732,10,1028,2864710660,2026-07-14T15:31:55.978299+00:00,102.700148,56778,41,0202aac00404ddca005a5811460e29efbf1ffffffc2246cd1e00000fc0007ebfe9ed0737feebfff600,1,TX 41 seq=19574 rx_latency=1ms tx_dur=1ms,15.002,
2732,10,1029,2864710661,2026-07-14T15:31:56.078297+00:00,102.800140,56878,41,0202aac00405de2e005a5811460e29efbf1ffffffc2246cd1e00000fc0007ebfe9ed0737feebfff600,1,TX 41 seq=19575 rx_latency=1ms tx_dur=1ms,16.753,
2732,10,1030,2864710662,2026-07-14T15:31:56.178299+00:00,102.900153,56978,41,0202aac00406de92005a5811460e29efbf1ffffffc2246cd1e00000fc0007ebfe9ed0737feebfff600,1,TX 41 seq=19576 rx_latency=1ms tx_dur=1ms,18.458,
2732,10,1031,2864710663,2026-07-14T15:31:56.278300+00:00,103.000148,57078,41,0202aac00407def6005a5811460e29efbf1ffffffc2246cd1e00000fc0007ebfe9ed0737feebfff600,1,TX 41 seq=19577 rx_latency=1ms tx_dur=1ms,20.178,
2732,10,1032,2864710664,2026-07-14T15:31:56.378292+00:00,103.100135,57178,41,0202aac00408df5a005a5811460e29efbf1ffffffc2246cd1e00000fc0007ebfe9ed0737feebfff600,1,TX 41 seq=19578 rx_latency=1ms tx_dur=1ms,22.241,
2732,10,1033,2864710665,2026-07-14T15:31:56.478304+00:00,103.200163,57278,41,0202aac00409dfbe005a5811460e29efbf1ffffffc2246cd1e00000fc0007ebfe9ed0737feebfff600,1,TX 41 seq=19579 rx_latency=1ms tx_dur=1ms,14.393,
2732,10,1034,2864710666,2026-07-14T15:31:56.578292+00:00,103.300138,57378,41,0202aac0040ae022005a5811460e29efbf1ffffffc2246cd1e00000fc0007ebfe9ed0737feebfff600,1,TX 41 seq=19580 rx_latency=1ms tx_dur=1ms,17.073,
2732,10,1035,2864710667,2026-07-14T15:31:56.678298+00:00,103.400145,57478,41,0202aac0040be086005a5811460e29efbf1ffffffc2246cd1e00000fc0007ebfe9ed0737feebfff600,1,TX 41 seq=19581 rx_latency=1ms tx_dur=1ms,18.787,
2732,10,1036,2864710668,2026-07-14T15:31:56.778291+00:00,103.500132,57578,41,0202aac0040ce0ea005a5811460e29efbf1ffffffc2246cd1e00000fc0007ebfe9ed0737feebfff600,1,TX 41 seq=19582 rx_latency=1ms tx_dur=1ms,20.500,
2732,10,1037,2864710669,2026-07-14T15:31:56.878297+00:00,103.600141,57678,41,0202aac0040de14e005a5811460e29efbf1ffffffc2246cd1e00000fc0007ebfe9ed0737feebfff600,1,TX 41 seq=19583 rx_latency=1ms tx_dur=1ms,22.254,
2732,10,1038,2864710670,2026-07-14T15:31:56.978292+00:00,103.700135,57778,41,0202aac0040ee1b2005a5811460e29efbf1ffffffc2246cd1e00000fc0007ebfe9ed0737feebfff600,1,TX 41 seq=19584 rx_latency=1ms tx_dur=1ms,14.929,
2732,10,1039,2864710671,2026-07-14T15:31:57.078298+00:00,103.800147,57878,41,0202aac0040fe216005a5811460e29efbf1ffffffc2246cd1e00000fc0007ebfe9ed0737feebfff600,1,TX 41 seq=19585 rx_latency=1ms tx_dur=1ms,16.616,
2732,10,1040,2864710672,2026-07-14T15:31:57.178296+00:00,103.900140,57978,41,0202aac00410e27a005a5811460e29efbf1ffffffc2246cd1e00000fc0007ebfe9ed0737feebfff600,1,TX 41 seq=19586 rx_latency=1ms tx_dur=1ms,18.360,
2732,10,1041,2864710673,2026-07-14T15:31:57.278297+00:00,104.000139,58078,41,0202aac00411e2de005a5811460e29efbf1ffffffc2246cd1e00000fc0007ebfe9ed0737feebfff600,1,TX 41 seq=19587 rx_latency=1ms tx_dur=1ms,20.094,
2732,10,1042,2864710674,2026-07-14T15:31:57.378291+00:00,104.100130,58178,41,0202aac00412e342005a5811460e29efbf1ffffffc2246cd1e00000fc0007ebfe9ed0737feebfff600,1,TX 41 seq=19588 rx_latency=1ms tx_dur=1ms,22.262,
2732,10,1043,2864710675,2026-07-14T15:31:57.478296+00:00,104.200139,58278,41,0202aac00413e3a6005a5811460e29efbf1ffffffc2246cd1e00000fc0007ebfe9ed0737feebfff600,1,TX 41 seq=19589 rx_latency=1ms tx_dur=1ms,14.463,
2732,10,1044,2864710676,2026-07-14T15:31:57.578292+00:00,104.300134,58378,41,0202aac00414e40a005a5811460e29efbf1ffffffc2246cd1e00000fc0007ebfe9ed0737feebfff600,1,TX 41 seq=19590 rx_latency=1ms tx_dur=1ms,17.079,
2732,10,1045,2864710677,2026-07-14T15:31:57.678298+00:00,104.400143,58478,41,0202aac00415e46e005a5811460e29efbf1ffffffc2246cd1e00000fc0007ebfe9ed0737feebfff600,1,TX 41 seq=19591 rx_latency=1ms tx_dur=1ms,18.792,
2732,10,1046,2864710678,2026-07-14T15:31:57.778289+00:00,104.500128,58578,41,0202aac00416e4d2005a5811460e29efbf1ffffffc2246cd1e00000fc0007ebfe9ed0737feebfff600,1,TX 41 seq=19592 rx_latency=1ms tx_dur=1ms,20.515,
2732,10,1047,2864710679,2026-07-14T15:31:57.878296+00:00,104.600139,58678,41,0202aac00417e536005a5811460e29efbf1ffffffc2246cd1e00000fc0007ebfe9ed0737feebfff600,1,TX 41 seq=19593 rx_latency=1ms tx_dur=1ms,22.272,
2732,10,1048,2864710680,2026-07-14T15:31:57.978289+00:00,104.700128,58778,41,0202aac00418e59a005a5811460e29efbf1ffffffc2246cd1e00000fc0007ebfe9ed0737feebfff600,1,TX 41 seq=19594 rx_latency=1ms tx_dur=1ms,14.400,
2732,10,1049,2864710681,2026-07-14T15:31:58.078292+00:00,104.800136,58878,41,0202aac00419e5fe005a5811460e29efbf1ffffffc2246cd1e00000fc0007ebfe9ed0737feebfff600,1,TX 41 seq=19595 rx_latency=1ms tx_dur=1ms,16.815,
2732,10,1050,2864710682,2026-07-14T15:31:58.178298+00:00,104.900143,58978,41,0202aac0041ae662005a5811460e29efbf1ffffffc2246cd1e00000fc0007ebfe9ed0737feebfff600,1,TX 41 seq=19596 rx_latency=1ms tx_dur=1ms,18.971,
2732,10,1051,2864710683,2026-07-14T15:31:58.278296+00:00,105.000138,59078,41,0202aac0041be6c6005a5811460e29efbf1ffffffc2246cd1e00000fc0007ebfe9ed0737feebfff600,1,TX 41 seq=19597 rx_latency=1ms tx_dur=1ms,20.499,
2732,10,1052,2864710684,2026-07-14T15:31:58.378296+00:00,105.100138,59178,41,0202aac0041ce72a005a5811460e29efbf1ffffffc2246cd1e00000fc0007ebfe9ed0737feebfff600,1,TX 41 seq=19598 rx_latency=1ms tx_dur=1ms,22.228,
2732,10,1053,2864710685,2026-07-14T15:31:58.478296+00:00,105.200137,59278,41,0202aac0041de78e005a5811460e29efbf1ffffffc2246cd1e00000fc0007ebfe9ed0737feebfff600,1,TX 41 seq=19599 rx_latency=1ms tx_dur=1ms,13.994,
2732,10,1054,2864710686,2026-07-14T15:31:58.578298+00:00,105.300143,59378,41,0202aac0041ee7f2005a5811460e29efbf1ffffffc2246cd1e00000fc0007ebfe9ed0737feebfff600,1,TX 41 seq=19600 rx_latency=1ms tx_dur=1ms,16.792,
2732,10,1055,2864710687,2026-07-14T15:31:58.678296+00:00,105.400141,59478,41,0202aac0041fe856005a5811460e29efbf1ffffffc2246cd1e00000fc0007ebfe9ed0737feebfff600,1,TX 41 seq=19601 rx_latency=1ms tx_dur=1ms,18.980,
2732,10,1056,2864710688,2026-07-14T15:31:58.778309+00:00,105.500178,59578,41,0202aac00420e8ba005a5811460e29efbf1ffffffc2246cd1e00000fc0007ebfe9ed0737feebfff600,1,TX 41 seq=19602 rx_latency=1ms tx_dur=1ms,19.903,
2732,10,1057,2864710689,2026-07-14T15:31:58.878299+00:00,105.600148,59678,41,0202aac00421e91e005a5811460e29efbf1ffffffc2246cd1e00000fc0007ebfe9ed0737feebfff600,1,TX 41 seq=19603 rx_latency=1ms tx_dur=1ms,22.654,
2732,10,1058,2864710690,2026-07-14T15:31:58.978293+00:00,105.700138,59778,41,0202aac00422e982005a5811460e29efbf1ffffffc2246cd1e00000fc0007ebfe9ed0737feebfff600,1,TX 41 seq=19604 rx_latency=1ms tx_dur=1ms,14.443,
2732,10,1059,2864710691,2026-07-14T15:31:59.078314+00:00,105.800186,59878,41,0202aac00423e9e6005a5811460e29efbf1ffffffc2246cd1e00000fc0007ebfe9ed0737feebfff600,1,TX 41 seq=19605 rx_latency=1ms tx_dur=1ms,16.041,
2732,10,1060,2864710692,2026-07-14T15:31:59.178291+00:00,105.900136,59978,41,0202aac00424ea4a005a5811460e29efbf1ffffffc2246cd1e00000fc0007ebfe9ed0737feebfff600,1,TX 41 seq=19606 rx_latency=1ms tx_dur=1ms,18.953,
2732,10,1061,2864710693,2026-07-14T15:31:59.278299+00:00,106.000147,60078,41,0202aac00425eaae005a5811460e29efbf1ffffffc2246cd1e00000fc0007ebfe9ed0737feebfff600,1,TX 41 seq=19607 rx_latency=1ms tx_dur=1ms,20.476,
2732,10,1062,2864710694,2026-07-14T15:31:59.378290+00:00,106.100131,60178,41,0202aac00426eb12005a5811460e29efbf1ffffffc2246cd1e00000fc0007ebfe9ed0737feebfff600,1,TX 41 seq=19608 rx_latency=1ms tx_dur=1ms,22.205,
2732,10,1063,2864710695,2026-07-14T15:31:59.478297+00:00,106.200141,60278,41,0202aac00427eb76005a5811460e29efbf1ffffffc2246cd1e00000fc0007ebfe9ed0737feebfff600,1,TX 41 seq=19609 rx_latency=1ms tx_dur=1ms,14.031,
2732,10,1064,2864710696,2026-07-14T15:31:59.578304+00:00,106.300155,60378,41,0202aac00428ebda005a5811460e29efbf1ffffffc2246cd1e00000fc0007ebfe9ed0737feebfff600,1,TX 41 seq=19610 rx_latency=1ms tx_dur=1ms,16.766,
2732,10,1065,2864710697,2026-07-14T15:31:59.678300+00:00,106.400149,60478,41,0202aac00429ec3e005a5811460e29efbf1ffffffc2246cd1e00000fc0007ebfe9ed0737feebfff600,1,TX 41 seq=19611 rx_latency=1ms tx_dur=1ms,18.372,
2732,10,1066,2864710698,2026-07-14T15:31:59.778297+00:00,106.500149,60578,41,0202aac0042aeca2005a5811460e29efbf1ffffffc2246cd1e00000fc0007ebfe9ed0737feebfff600,1,TX 41 seq=19612 rx_latency=1ms tx_dur=1ms,20.004,
2732,10,1067,2864710699,2026-07-14T15:31:59.878299+00:00,106.600145,60678,41,0202aac0042bed06005a5811460e29efbf1ffffffc2246cd1e00000fc0007ebfe9ed0737feebfff600,1,TX 41 seq=19613 rx_latency=1ms tx_dur=1ms,22.887,
2732,10,1068,2864710700,2026-07-14T15:31:59.978291+00:00,106.700131,60778,41,0202aac0042ced6a005a5811460e29efbf1ffffffc2246cd1e00000fc0007ebfe9ed0737feebfff600,1,TX 41 seq=19614 rx_latency=1ms tx_dur=1ms,14.695,
2732,10,1069,2864710701,2026-07-14T15:32:00.078300+00:00,106.800148,60878,41,0202aac0042dedce005a5811460e29efbf1ffffffc2246cd1e00000fc0007ebfe9ed0737feebfff600,1,TX 41 seq=19615 rx_latency=1ms tx_dur=1ms,16.698,
2732,10,1070,2864710702,2026-07-14T15:32:00.178296+00:00,106.900139,60978,41,0202aac0042eee32005a5811460e29efbf1ffffffc2246cd1e00000fc0007ebfe9ed0737feebfff600,1,TX 41 seq=19616 rx_latency=1ms tx_dur=1ms,18.879,
2732,10,1071,2864710703,2026-07-14T15:32:00.278298+00:00,107.000144,61078,41,0202aac0042fee96005a5811460e29efbf1ffffffc2246cd1e00000fc0007ebfe9ed0737feebfff600,1,TX 41 seq=19617 rx_latency=1ms tx_dur=1ms,20.373,
2732,10,1072,2864710704,2026-07-14T15:32:00.378270+00:00,107.100114,61178,41,0202aac00430eefa005a5811460e29efbf1ffffffc2246cd1e00000fc0007ebfe9ed0737feebfff600,1,TX 41 seq=19618 rx_latency=1ms tx_dur=1ms,22.130,
2732,10,1073,2864710705,2026-07-14T15:32:00.478296+00:00,107.200138,61278,41,0202aac00431ef5e005a5811460e29efbf1ffffffc2246cd1e00000fc0007ebfe9ed0737feebfff600,1,TX 41 seq=19619 rx_latency=1ms tx_dur=1ms,15.001,
2732,10,1074,2864710706,2026-07-14T15:32:00.578215+00:00,107.300056,61378,41,0202aac00432efc2005a5811460e29efbf1ffffffc2246cd1e00000fc0007ebfe9ed0737feebfff600,1,TX 41 seq=19620 rx_latency=1ms tx_dur=1ms,16.789,
2732,10,1075,2864710707,2026-07-14T15:32:00.678297+00:00,107.400139,61478,41,0202aac00433f026005a5811460e29efbf1ffffffc2246cd1e00000fc0007ebfe9ed0737feebfff600,1,TX 41 seq=19621 rx_latency=1ms tx_dur=1ms,18.240,
2732,10,1076,2864710708,2026-07-14T15:32:00.778252+00:00,107.500107,61578,41,0202aac00434f08a005a5811460e29efbf1ffffffc2246cd1e00000fc0007ebfe9ed0737feebfff600,1,TX 41 seq=19622 rx_latency=1ms tx_dur=1ms,21.023,
2732,10,1077,2864710709,2026-07-14T15:32:00.878300+00:00,107.600148,61678,41,0202aac00435f0ee005a5811460e29efbf1ffffffc2246cd1e00000fc0007ebfe9ed0737feebfff600,1,TX 41 seq=19623 rx_latency=1ms tx_dur=1ms,22.774,
2732,10,1078,2864710710,2026-07-14T15:32:00.978291+00:00,107.700131,61778,41,0202aac00436f152005a5811460e29efbf1ffffffc2246cd1e00000fc0007ebfe9ed0737feebfff600,1,TX 41 seq=19624 rx_latency=1ms tx_dur=1ms,14.571,
2732,10,1079,2864710711,2026-07-14T15:32:01.078298+00:00,107.800141,61878,41,0202aac00437f1b6005a5811460e29efbf1ffffffc2246cd1e00000fc0007ebfe9ed0737feebfff600,1,TX 41 seq=19625 rx_latency=1ms tx_dur=1ms,16.054,
2732,10,1080,2864710712,2026-07-14T15:32:01.178291+00:00,107.900132,61978,41,0202aac00438f21a005a5811460e29efbf1ffffffc2246cd1e00000fc0007ebfe9ed0737feebfff600,1,TX 41 seq=19626 rx_latency=1ms tx_dur=1ms,18.914,
2732,10,1081,2864710713,2026-07-14T15:32:01.278298+00:00,108.000144,62078,41,0202aac00439f27e005a5811460e29efbf1ffffffc2246cd1e00000fc0007ebfe9ed0737feebfff600,1,TX 41 seq=19627 rx_latency=1ms tx_dur=1ms,20.604,
2732,10,1082,2864710714,2026-07-14T15:32:01.378297+00:00,108.100138,62178,41,0202aac0043af2e2005a5811460e29efbf1ffffffc2246cd1e00000fc0007ebfe9ed0737feebfff600,1,TX 41 seq=19628 rx_latency=1ms tx_dur=1ms,22.353,
2732,10,1083,2864710715,2026-07-14T15:32:01.478295+00:00,108.200136,62278,41,0202aac0043bf346005a5811460e29efbf1ffffffc2246cd1e00000fc0007ebfe9ed0737feebfff600,1,TX 41 seq=19629 rx_latency=1ms tx_dur=1ms,14.436,
2732,10,1084,2864710716,2026-07-14T15:32:01.578296+00:00,108.300138,62378,41,0202aac0043cf3aa005a5811460e29efbf1ffffffc2246cd1e00000fc0007ebfe9ed0737feebfff600,1,TX 41 seq=19630 rx_latency=1ms tx_dur=1ms,16.912,
2732,10,1085,2864710717,2026-07-14T15:32:01.678316+00:00,108.400190,62478,41,0202aac0043df40e005a5811460e29efbf1ffffffc2246cd1e00000fc0007ebfe9ed0737feebfff600,1,TX 41 seq=19631 rx_latency=1ms tx_dur=1ms,18.950,
2732,10,1086,2864710718,2026-07-14T15:32:01.778300+00:00,108.500158,62578,41,0202aac0043ef472005a5811460e29efbf1ffffffc2246cd1e00000fc0007ebfe9ed0737feebfff600,1,TX 41 seq=19632 rx_latency=1ms tx_dur=1ms,21.056,
2732,10,1087,2864710719,2026-07-14T15:32:01.878301+00:00,108.600154,62678,41,0202aac0043ff4d6005a5811460e29efbf1ffffffc2246cd1e00000fc0007ebfe9ed0737feebfff600,1,TX 41 seq=19633 rx_latency=1ms tx_dur=1ms,22.453,
2732,10,1088,2864710720,2026-07-14T15:32:01.978239+00:00,108.700083,62778,41,0202aac00440f53a005a5811460e29efbf1ffffffc2246cd1e00000fc0007ebfe9ed0737feebfff600,1,TX 41 seq=19634 rx_latency=1ms tx_dur=1ms,14.732,
2732,10,1089,2864710721,2026-07-14T15:32:02.078297+00:00,108.800141,62878,41,0202aac00441f59e005a5811460e29efbf1ffffffc2246cd1e00000fc0007ebfe9ed0737feebfff600,1,TX 41 seq=19635 rx_latency=1ms tx_dur=1ms,16.721,
2732,10,1090,2864710722,2026-07-14T15:32:02.178297+00:00,108.900139,62978,41,0202aac00442f602005a5811460e29efbf1ffffffc2246cd1e00000fc0007ebfe9ed0737feebfff600,1,TX 41 seq=19636 rx_latency=1ms tx_dur=1ms,18.881,
2732,10,1091,2864710723,2026-07-14T15:32:02.278300+00:00,109.000146,63078,41,0202aac00443f666005a5811460e29efbf1ffffffc2246cd1e00000fc0007ebfe9ed0737feebfff600,1,TX 41 seq=19637 rx_latency=1ms tx_dur=1ms,20.388,
2732,10,1092,2864710724,2026-07-14T15:32:02.378298+00:00,109.100142,63178,41,0202aac00444f6ca005a5811460e29efbf1ffffffc2246cd1e00000fc0007ebfe9ed0737feebfff600,1,TX 41 seq=19638 rx_latency=1ms tx_dur=1ms,22.126,
2732,10,1093,2864710725,2026-07-14T15:32:02.478297+00:00,109.200139,63278,41,0202aac00445f72e005a5811460e29efbf1ffffffc2246cd1e00000fc0007ebfe9ed0737feebfff600,1,TX 41 seq=19639 rx_latency=1ms tx_dur=1ms,15.000,
2732,10,1094,2864710726,2026-07-14T15:32:02.578296+00:00,109.300137,63378,41,0202aac00446f792005a5811460e29efbf1ffffffc2246cd1e00000fc0007ebfe9ed0737feebfff600,1,TX 41 seq=19640 rx_latency=1ms tx_dur=1ms,16.732,
2732,10,1095,2864710727,2026-07-14T15:32:02.678294+00:00,109.400133,63478,41,0202aac00447f7f6005a5811460e29efbf1ffffffc2246cd1e00000fc0007ebfe9ed0737feebfff600,1,TX 41 seq=19641 rx_latency=1ms tx_dur=1ms,18.244,
2732,10,1096,2864710728,2026-07-14T15:32:02.778296+00:00,109.500137,63578,41,0202aac00448f85a005a5811460e29efbf1ffffffc2246cd1e00000fc0007ebfe9ed0737feebfff600,1,TX 41 seq=19642 rx_latency=1ms tx_dur=1ms,21.063,
2732,10,1097,2864710729,2026-07-14T15:32:02.878291+00:00,109.600131,63678,41,0202aac00449f8be005a5811460e29efbf1ffffffc2246cd1e00000fc0007ebfe9ed0737feebfff600,1,TX 41 seq=19643 rx_latency=1ms tx_dur=1ms,22.786,
2732,10,1098,2864710730,2026-07-14T15:32:02.978239+00:00,109.700098,63778,41,0202aac0044af922005a5811460e29efbf1ffffffc2246cd1e00000fc0007ebfe9ed0737feebfff600,1,TX 41 seq=19644 rx_latency=1ms tx_dur=1ms,14.577,
2732,10,1099,2864710731,2026-07-14T15:32:03.078294+00:00,109.800138,63878,41,0202aac0044bf986005a5811460e29efbf1ffffffc2246cd1e00000fc0007ebfe9ed0737feebfff600,1,TX 41 seq=19645 rx_latency=1ms tx_dur=1ms,16.627,
2732,10,1100,2864710732,2026-07-14T15:32:03.178298+00:00,109.900143,63978,41,0202aac0044cf9ea005a5811460e29efbf1ffffffc2246cd1e00000fc0007ebfe9ed0737feebfff600,1,TX 41 seq=19646 rx_latency=1ms tx_dur=1ms,17.976,
2732,10,1101,2864710733,2026-07-14T15:32:03.278299+00:00,110.000151,64078,41,0202aac0044dfa4e005a5811460e29efbf1ffffffc2246cd1e00000fc0007ebfe9ed0737feebfff600,1,TX 41 seq=19647 rx_latency=1ms tx_dur=1ms,20.067,
2732,10,1102,2864710734,2026-07-14T15:32:03.378301+00:00,110.100148,64178,41,0202aac0044efab2005a5811460e29efbf1ffffffc2246cd1e00000fc0007ebfe9ed0737feebfff600,1,TX 41 seq=19648 rx_latency=1ms tx_dur=1ms,22.777,
2732,10,1103,2864710735,2026-07-14T15:32:03.478295+00:00,110.200141,64278,41,0202aac0044ffb16005a5811460e29efbf1ffffffc2246cd1e00000fc0007ebfe9ed0737feebfff600,1,TX 41 seq=19649 rx_latency=1ms tx_dur=1ms,14.520,
2732,10,1104,2864710736,2026-07-14T15:32:03.578300+00:00,110.300148,64378,41,0202aac00450fb7a005a5811460e29efbf1ffffffc2246cd1e00000fc0007ebfe9ed0737feebfff600,1,TX 41 seq=19650 rx_latency=1ms tx_dur=1ms,16.274,
2732,10,1105,2864710737,2026-07-14T15:32:03.678300+00:00,110.400155,64478,41,0202aac00451fbde005a5811460e29efbf1ffffffc2246cd1e00000fc0007ebfe9ed0737feebfff600,1,TX 41 seq=19651 rx_latency=1ms tx_dur=1ms,19.001,
2732,10,1106,2864710738,2026-07-14T15:32:03.778300+00:00,110.500152,64578,41,0202aac00452fc42005a5811460e29efbf1ffffffc2246cd1e00000fc0007ebfe9ed0737feebfff600,1,TX 41 seq=19652 rx_latency=1ms tx_dur=1ms,20.003,
2732,10,1107,2864710739,2026-07-14T15:32:03.878295+00:00,110.600137,64678,41,0202aac00453fca6005a5811460e29efbf1ffffffc2246cd1e00000fc0007ebfe9ed0737feebfff600,1,TX 41 seq=19653 rx_latency=1ms tx_dur=1ms,22.491,
2732,10,1108,2864710740,2026-07-14T15:32:03.978301+00:00,110.700150,64778,41,0202aac00454fd0a005a5811460e29efbf1ffffffc2246cd1e00000fc0007ebfe9ed0737feebfff600,1,TX 41 seq=19654 rx_latency=1ms tx_dur=1ms,14.686,
2732,10,1109,2864710741,2026-07-14T15:32:04.078299+00:00,110.800152,64878,41,0202aac00455fd6e005a5811460e29efbf1ffffffc2246cd1e00000fc0007ebfe9ed0737feebfff600,1,TX 41 seq=19655 rx_latency=1ms tx_dur=1ms,16.712,
2732,10,1110,2864710742,2026-07-14T15:32:04.178301+00:00,110.900151,64978,41,0202aac00456fdd2005a5811460e29efbf1ffffffc2246cd1e00000fc0007ebfe9ed0737feebfff600,1,TX 41 seq=19656 rx_latency=1ms tx_dur=1ms,18.863,
2732,10,1111,2864710743,2026-07-14T15:32:04.278297+00:00,111.000142,65078,41,0202aac00457fe36005a5811460e29efbf1ffffffc2246cd1e00000fc0007ebfe9ed0737feebfff600,1,TX 41 seq=19657 rx_latency=1ms tx_dur=1ms,20.402,
2732,10,1112,2864710744,2026-07-14T15:32:04.378256+00:00,111.100099,65178,41,0202aac00458fe9a005a5811460e29efbf1ffffffc2246cd1e00000fc0007ebfe9ed0737feebfff600,1,TX 41 seq=19658 rx_latency=1ms tx_dur=1ms,22.181,
2732,10,1113,2864710745,2026-07-14T15:32:04.478297+00:00,111.200138,65278,41,0202aac00459fefe005a5811460e29efbf1ffffffc2246cd1e00000fc0007ebfe9ed0737feebfff600,1,TX 41 seq=19659 rx_latency=1ms tx_dur=1ms,15.011,
2732,10,1114,2864710746,2026-07-14T15:32:04.578299+00:00,111.300144,65378,41,0202aac0045aff62005a5811460e29efbf1ffffffc2246cd1e00000fc0007ebfe9ed0737feebfff600,1,TX 41 seq=19660 rx_latency=1ms tx_dur=1ms,16.720,
2732,10,1115,2864710747,2026-07-14T15:32:04.678307+00:00,111.400166,65478,41,0202aac0045bffc6005a5811460e29efbf1ffffffc2246cd1e00000fc0007ebfe9ed0737feebfff600,1,TX 41 seq=19661 rx_latency=1ms tx_dur=1ms,18.180,
2732,10,1116,2864710748,2026-07-14T15:32:04.778299+00:00,111.500148,42,41,0202aac0045c002a005a5811460e29efbf1ffffffc2246cd1e00000fc0007ebfe9ed0737feebfff600,1,TX 41 seq=19662 rx_latency=1ms tx_dur=1ms,21.069,
2732,10,1117,2864710749,2026-07-14T15:32:04.878292+00:00,111.600135,142,41,0202aac0045d008e005a5811460e29efbf1ffffffc2246cd1e00000fc0007ebfe9ed0737feebfff600,1,TX 41 seq=19663 rx_latency=1ms tx_dur=1ms,22.786,
2732,10,1118,2864710750,2026-07-14T15:32:04.978298+00:00,111.700145,242,41,0202aac0045e00f2005a5811460e29efbf1ffffffc2246cd1e00000fc0007ebfe9ed0737feebfff600,1,TX 41 seq=19664 rx_latency=1ms tx_dur=1ms,14.570,
2732,10,1119,2864710751,2026-07-14T15:32:05.078316+00:00,111.800190,342,41,0202aac0045f0156005a5811460e29efbf1ffffffc2246cd1e00000fc0007ebfe9ed0737feebfff600,1,TX 41 seq=19665 rx_latency=1ms tx_dur=1ms,15.994,
2732,10,1120,2864710752,2026-07-14T15:32:05.178301+00:00,111.900156,442,41,0202aac0046001ba005a5811460e29efbf1ffffffc2246cd1e00000fc0007ebfe9ed0737feebfff600,1,TX 41 seq=19666 rx_latency=1ms tx_dur=1ms,18.842,
2732,10,1121,2864710753,2026-07-14T15:32:05.278300+00:00,112.000147,542,41,0202aac00461021e005a5811460e29efbf1ffffffc2246cd1e00000fc0007ebfe9ed0737feebfff600,1,TX 41 seq=19667 rx_latency=1ms tx_dur=1ms,20.629,
2732,10,1122,2864710754,2026-07-14T15:32:05.378299+00:00,112.100143,642,41,0202aac004620282005a5811460e29efbf1ffffffc2246cd1e00000fc0007ebfe9ed0737feebfff600,1,TX 41 seq=19668 rx_latency=1ms tx_dur=1ms,22.375,
2732,10,1123,2864710755,2026-07-14T15:32:05.478297+00:00,112.200137,742,41,0202aac0046302e6005a5811460e29efbf1ffffffc2246cd1e00000fc0007ebfe9ed0737feebfff600,1,TX 41 seq=19669 rx_latency=1ms tx_dur=1ms,14.594,
2732,10,1124,2864710756,2026-07-14T15:32:05.578298+00:00,112.300142,842,41,0202aac00464034a005a5811460e29efbf1ffffffc2246cd1e00000fc0007ebfe9ed0737feebfff600,1,TX 41 seq=19670 rx_latency=1ms tx_dur=1ms,16.740,
2732,10,1125,2864710757,2026-07-14T15:32:05.678298+00:00,112.400141,942,41,0202aac0046503ae005a5811460e29efbf1ffffffc2246cd1e00000fc0007ebfe9ed0737feebfff600,1,TX 41 seq=19671 rx_latency=1ms tx_dur=1ms,18.250,
2732,10,1126,2864710758,2026-07-14T15:32:05.778289+00:00,112.500130,1042,41,0202aac004660412005a5811460e29efbf1ffffffc2246cd1e00000fc0007ebfe9ed0737feebfff600,1,TX 41 seq=19672 rx_latency=1ms tx_dur=1ms,21.096,
2732,10,1127,2864710759,2026-07-14T15:32:05.878297+00:00,112.600143,1142,41,0202aac004670476005a5811460e29efbf1ffffffc2246cd1e00000fc0007ebfe9ed0737feebfff600,1,TX 41 seq=19673 rx_latency=1ms tx_dur=1ms,22.718,
2732,10,1128,2864710760,2026-07-14T15:32:05.978290+00:00,112.700130,1242,41,0202aac0046804da005a5811460e29efbf1ffffffc2246cd1e00000fc0007ebfe9ed0737feebfff600,1,TX 41 seq=19674 rx_latency=1ms tx_dur=1ms,14.660,
2732,10,1129,2864710761,2026-07-14T15:32:06.078299+00:00,112.800145,1342,41,0202aac00469053e005a5811460e29efbf1ffffffc2246cd1e00000fc0007ebfe9ed0737feebfff600,1,TX 41 seq=19675 rx_latency=1ms tx_dur=1ms,16.092,
2732,10,1130,2864710762,2026-07-14T15:32:06.178280+00:00,112.900124,1442,41,0202aac0046a05a2005a5811460e29efbf1ffffffc2246cd1e00000fc0007ebfe9ed0737feebfff600,1,TX 41 seq=19676 rx_latency=1ms tx_dur=1ms,18.949,
2732,10,1131,2864710763,2026-07-14T15:32:06.278304+00:00,113.000161,1542,41,0202aac0046b0606005a5811460e29efbf1ffffffc2246cd1e00000fc0007ebfe9ed0737feebfff600,1,TX 41 seq=19677 rx_latency=1ms tx_dur=1ms,20.527,
2732,10,1132,2864710764,2026-07-14T15:32:06.378286+00:00,113.100127,1642,41,0202aac0046c066a005a5811460e29efbf1ffffffc2246cd1e00000fc0007ebfe9ed0737feebfff600,1,TX 41 seq=19678 rx_latency=1ms tx_dur=1ms,22.450,
2732,10,1133,2864710765,2026-07-14T15:32:06.478297+00:00,113.200141,1742,41,0202aac0046d06ce005a5811460e29efbf1ffffffc2246cd1e00000fc0007ebfe9ed0737feebfff600,1,TX 41 seq=19679 rx_latency=1ms tx_dur=1ms,14.467,
2732,10,1134,2864710766,2026-07-14T15:32:06.578291+00:00,113.300129,1842,41,0202aac0046e0732005a5811460e29efbf1ffffffc2246cd1e00000fc0007ebfe9ed0737feebfff600,1,TX 41 seq=19680 rx_latency=1ms tx_dur=1ms,17.016,
2732,10,1135,2864710767,2026-07-14T15:32:06.678304+00:00,113.400165,1942,41,0202aac0046f0796005a5811460e29efbf1ffffffc2246cd1e00000fc0007ebfe9ed0737feebfff600,1,TX 41 seq=19681 rx_latency=1ms tx_dur=1ms,17.943,
2732,10,1136,2864710768,2026-07-14T15:32:06.778292+00:00,113.500137,2042,41,0202aac0047007fa005a5811460e29efbf1ffffffc2246cd1e00000fc0007ebfe9ed0737feebfff600,1,TX 41 seq=19682 rx_latency=1ms tx_dur=1ms,20.093,
2732,10,1137,2864710769,2026-07-14T15:32:06.878298+00:00,113.600145,2142,41,0202aac00471085e005a5811460e29efbf1ffffffc2246cd1e00000fc0007ebfe9ed0737feebfff600,1,TX 41 seq=19683 rx_latency=1ms tx_dur=1ms,22.142,
2732,10,1138,2864710770,2026-07-14T15:32:06.978291+00:00,113.700131,2242,41,0202aac0047208c2005a5811460e29efbf1ffffffc2246cd1e00000fc0007ebfe9ed0737feebfff600,1,TX 41 seq=19684 rx_latency=1ms tx_dur=1ms,14.874,
2732,10,1139,2864710771,2026-07-14T15:32:07.078298+00:00,113.800141,2342,41,0202aac004730926005a5811460e29efbf1ffffffc2246cd1e00000fc0007ebfe9ed0737feebfff600,1,TX 41 seq=19685 rx_latency=1ms tx_dur=1ms,16.593,
2732,10,1140,2864710772,2026-07-14T15:32:07.178297+00:00,113.900143,2442,41,0202aac00474098a005a5811460e29efbf1ffffffc2246cd1e00000fc0007ebfe9ed0737feebfff600,1,TX 41 seq=19686 rx_latency=1ms tx_dur=1ms,18.364,
2732,10,1141,2864710773,2026-07-14T15:32:07.278298+00:00,114.000149,2542,41,0202aac0047509ee005a5811460e29efbf1ffffffc2246cd1e00000fc0007ebfe9ed0737feebfff600,1,TX 41 seq=19687 rx_latency=1ms tx_dur=1ms,19.998,
2732,10,1142,2864710774,2026-07-14T15:32:07.378292+00:00,114.100137,2642,41,0202aac004760a52005a5811460e29efbf1ffffffc2246cd1e00000fc0007ebfe9ed0737feebfff600,1,TX 41 seq=19688 rx_latency=1ms tx_dur=1ms,22.714,
2732,10,1143,2864710775,2026-07-14T15:32:07.478296+00:00,114.200141,2742,41,0202aac004770ab6005a5811460e29efbf1ffffffc2246cd1e00000fc0007ebfe9ed0737feebfff600,1,TX 41 seq=19689 rx_latency=1ms tx_dur=1ms,14.422,
2732,10,1144,2864710776,2026-07-14T15:32:07.578289+00:00,114.300129,2842,41,0202aac004780b1a005a5811460e29efbf1ffffffc2246cd1e00000fc0007ebfe9ed0737feebfff600,1,TX 41 seq=19690 rx_latency=1ms tx_dur=1ms,16.165,
2732,10,1145,2864710777,2026-07-14T15:32:07.678246+00:00,114.400119,2942,41,0202aac004790b7e005a5811460e29efbf1ffffffc2246cd1e00000fc0007ebfe9ed0737feebfff600,1,TX 41 seq=19691 rx_latency=1ms tx_dur=1ms,18.943,
2732,10,1146,2864710778,2026-07-14T15:32:07.778295+00:00,114.500142,3042,41,0202aac0047a0be2005a5811460e29efbf1ffffffc2246cd1e00000fc0007ebfe9ed0737feebfff600,1,TX 41 seq=19692 rx_latency=1ms tx_dur=1ms,20.473,
2732,10,1147,2864710779,2026-07-14T15:32:07.878300+00:00,114.600147,3142,41,0202aac0047b0c46005a5811460e29efbf1ffffffc2246cd1e00000fc0007ebfe9ed0737feebfff600,1,TX 41 seq=19693 rx_latency=1ms tx_dur=1ms,22.232,
2732,10,1148,2864710780,2026-07-14T15:32:07.978288+00:00,114.700129,3242,41,0202aac0047c0caa005a5811460e29efbf1ffffffc2246cd1e00000fc0007ebfe9ed0737feebfff600,1,TX 41 seq=19694 rx_latency=1ms tx_dur=1ms,15.107,
2732,10,1149,2864710781,2026-07-14T15:32:08.078298+00:00,114.800145,3342,41,0202aac0047d0d0e005a5811460e29efbf1ffffffc2246cd1e00000fc0007ebfe9ed0737feebfff600,1,TX 41 seq=19695 rx_latency=1ms tx_dur=1ms,16.805,
2732,10,1150,2864710782,2026-07-14T15:32:08.178294+00:00,114.900137,3442,41,0202aac0047e0d72005a5811460e29efbf1ffffffc2246cd1e00000fc0007ebfe9ed0737feebfff600,1,TX 41 seq=19696 rx_latency=1ms tx_dur=1ms,18.878,
2732,10,1151,2864710783,2026-07-14T15:32:08.278300+00:00,115.000146,3542,41,0202aac0047f0dd6005a5811460e29efbf1ffffffc2246cd1e00000fc0007ebfe9ed0737feebfff600,1,TX 41 seq=19697 rx_latency=1ms tx_dur=1ms,20.269,
2732,10,1152,2864710784,2026-07-14T15:32:08.378293+00:00,115.100141,3642,41,0202aac004800e3a005a5811460e29efbf1ffffffc2246cd1e00000fc0007ebfe9ed0737feebfff600,1,TX 41 seq=19698 rx_latency=1ms tx_dur=1ms,22.356,
2732,10,1153,2864710785,2026-07-14T15:32:08.478299+00:00,115.200145,3742,41,0202aac004810e9e005a5811460e29efbf1ffffffc2246cd1e00000fc0007ebfe9ed0737feebfff600,1,TX 41 seq=19699 rx_latency=1ms tx_dur=1ms,14.464,
2732,10,1154,2864710786,2026-07-14T15:32:08.578298+00:00,115.300141,3842,41,0202aac004820f02005a5811460e29efbf1ffffffc2246cd1e00000fc0007ebfe9ed0737feebfff600,1,TX 41 seq=19700 rx_latency=1ms tx_dur=1ms,16.970,
2732,10,1155,2864710787,2026-07-14T15:32:08.678296+00:00,115.400139,3942,41,0202aac004830f66005a5811460e29efbf1ffffffc2246cd1e00000fc0007ebfe9ed0737feebfff600,1,TX 41 seq=19701 rx_latency=1ms tx_dur=1ms,19.126,
2732,10,1156,2864710788,2026-07-14T15:32:08.778292+00:00,115.500132,4042,41,0202aac004840fca005a5811460e29efbf1ffffffc2246cd1e00000fc0007ebfe9ed0737feebfff600,1,TX 41 seq=19702 rx_latency=1ms tx_dur=1ms,20.071,
2732,10,1157,2864710789,2026-07-14T15:32:08.878298+00:00,115.600143,4142,41,0202aac00485102e005a5811460e29efbf1ffffffc2246cd1e00000fc0007ebfe9ed0737feebfff600,1,TX 41 seq=19703 rx_latency=1ms tx_dur=1ms,22.199,
2732,10,1158,2864710790,2026-07-14T15:32:08.978293+00:00,115.700136,4242,41,0202aac004861092005a5811460e29efbf1ffffffc2246cd1e00000fc0007ebfe9ed0737feebfff600,1,TX 41 seq=19704 rx_latency=1ms tx_dur=1ms,14.890,
2732,10,1159,2864710791,2026-07-14T15:32:09.078298+00:00,115.800143,4342,41,0202aac0048710f6005a5811460e29efbf1ffffffc2246cd1e00000fc0007ebfe9ed0737feebfff600,1,TX 41 seq=19705 rx_latency=1ms tx_dur=1ms,16.591,
2732,10,1160,2864710792,2026-07-14T15:32:09.178307+00:00,115.900172,4442,41,0202aac00488115a005a5811460e29efbf1ffffffc2246cd1e00000fc0007ebfe9ed0737feebfff600,1,TX 41 seq=19706 rx_latency=1ms tx_dur=1ms,18.212,
2732,10,1161,2864710793,2026-07-14T15:32:09.278300+00:00,116.000150,4542,41,0202aac0048911be005a5811460e29efbf1ffffffc2246cd1e00000fc0007ebfe9ed0737feebfff600,1,TX 41 seq=19707 rx_latency=1ms tx_dur=1ms,20.036,
2732,10,1162,2864710794,2026-07-14T15:32:09.378290+00:00,116.100129,4642,41,0202aac0048a1222005a5811460e29efbf1ffffffc2246cd1e00000fc0007ebfe9ed0737feebfff600,1,TX 41 seq=19708 rx_latency=1ms tx_dur=1ms,22.093,
2732,10,1163,2864710795,2026-07-14T15:32:09.478297+00:00,116.200143,4742,41,0202aac0048b1286005a5811460e29efbf1ffffffc2246cd1e00000fc0007ebfe9ed0737feebfff600,1,TX 41 seq=19709 rx_latency=1ms tx_dur=1ms,14.611,
2732,10,1164,2864710796,2026-07-14T15:32:09.578292+00:00,116.300136,4842,41,0202aac0048c12ea005a5811460e29efbf1ffffffc2246cd1e00000fc0007ebfe9ed0737feebfff600,1,TX 41 seq=19710 rx_latency=1ms tx_dur=1ms,16.771,
2732,10,1165,2864710797,2026-07-14T15:32:09.678301+00:00,116.400153,4942,41,0202aac0048d134e005a5811460e29efbf1ffffffc2246cd1e00000fc0007ebfe9ed0737feebfff600,1,TX 41 seq=19711 rx_latency=1ms tx_dur=1ms,18.250,
2732,10,1166,2864710798,2026-07-14T15:32:09.778292+00:00,116.500134,5042,41,0202aac0048e13b2005a5811460e29efbf1ffffffc2246cd1e00000fc0007ebfe9ed0737feebfff600,1,TX 41 seq=19712 rx_latency=1ms tx_dur=1ms,21.092,
2732,10,1167,2864710799,2026-07-14T15:32:09.878298+00:00,116.600141,5142,41,0202aac0048f1416005a5811460e29efbf1ffffffc2246cd1e00000fc0007ebfe9ed0737feebfff600,1,TX 41 seq=19713 rx_latency=1ms tx_dur=1ms,22.849,
2732,10,1168,2864710800,2026-07-14T15:32:09.978292+00:00,116.700133,5242,41,0202aac00490147a005a5811460e29efbf1ffffffc2246cd1e00000fc0007ebfe9ed0737feebfff600,1,TX 41 seq=19714 rx_latency=1ms tx_dur=1ms,14.627,
2732,10,1169,2864710801,2026-07-14T15:32:10.078299+00:00,116.800145,5342,41,0202aac0049114de005a5811460e29efbf1ffffffc2246cd1e00000fc0007ebfe9ed0737feebfff600,1,TX 41 seq=19715 rx_latency=1ms tx_dur=1ms,16.768,
2732,10,1170,2864710802,2026-07-14T15:32:10.178296+00:00,116.900139,5442,41,0202aac004921542005a5811460e29efbf1ffffffc2246cd1e00000fc0007ebfe9ed0737feebfff600,1,TX 41 seq=19716 rx_latency=1ms tx_dur=1ms,18.938,
2732,10,1171,2864710803,2026-07-14T15:32:10.278295+00:00,117.000137,5542,41,0202aac0049315a6005a5811460e29efbf1ffffffc2246cd1e00000fc0007ebfe9ed0737feebfff600,1,TX 41 seq=19717 rx_latency=1ms tx_dur=1ms,20.455,
2732,10,1172,2864710804,2026-07-14T15:32:10.378296+00:00,117.100138,5642,41,0202aac00494160a005a5811460e29efbf1ffffffc2246cd1e00000fc0007ebfe9ed0737feebfff600,1,TX 41 seq=19718 rx_latency=1ms tx_dur=1ms,22.183,
2732,10,1173,2864710805,2026-07-14T15:32:10.478290+00:00,117.200129,5742,41,0202aac00495166e005a5811460e29efbf1ffffffc2246cd1e00000fc0007ebfe9ed0737feebfff600,1,TX 41 seq=19719 rx_latency=1ms tx_dur=1ms,15.077,
2732,10,1174,2864710806,2026-07-14T15:32:10.578248+00:00,117.300114,5842,41,0202aac0049616d2005a5811460e29efbf1ffffffc2246cd1e00000fc0007ebfe9ed0737feebfff600,1,TX 41 seq=19720 rx_latency=1ms tx_dur=1ms,16.761,
2732,10,1175,2864710807,2026-07-14T15:32:10.678293+00:00,117.400139,5942,41,0202aac004971736005a5811460e29efbf1ffffffc2246cd1e00000fc0007ebfe9ed0737feebfff600,1,TX 41 seq=19721 rx_latency=1ms tx_dur=1ms,18.818,
2732,10,1176,2864710808,2026-07-14T15:32:10.778296+00:00,117.500144,6042,41,0202aac00498179a005a5811460e29efbf1ffffffc2246cd1e00000fc0007ebfe9ed0737feebfff600,1,TX 41 seq=19722 rx_latency=1ms tx_dur=1ms,20.191,
2732,10,1177,2864710809,2026-07-14T15:32:10.878299+00:00,117.600142,6142,41,0202aac0049917fe005a5811460e29efbf1ffffffc2246cd1e00000fc0007ebfe9ed0737feebfff600,1,TX 41 seq=19723 rx_latency=1ms tx_dur=1ms,22.358,
2732,10,1178,2864710810,2026-07-14T15:32:10.978290+00:00,117.700131,6242,41,0202aac0049a1862005a5811460e29efbf1ffffffc2246cd1e00000fc0007ebfe9ed0737feebfff600,1,TX 41 seq=19724 rx_latency=1ms tx_dur=1ms,14.495,
2732,10,1179,2864710811,2026-07-14T15:32:11.078300+00:00,117.800149,6342,41,0202aac0049b18c6005a5811460e29efbf1ffffffc2246cd1e00000fc0007ebfe9ed0737feebfff600,1,TX 41 seq=19725 rx_latency=1ms tx_dur=1ms,16.893,
2732,10,1180,2864710812,2026-07-14T15:32:11.178296+00:00,117.900139,6442,41,0202aac0049c192a005a5811460e29efbf1ffffffc2246cd1e00000fc0007ebfe9ed0737feebfff600,1,TX 41 seq=19726 rx_latency=1ms tx_dur=1ms,19.075,
2732,10,1181,2864710813,2026-07-14T15:32:11.278296+00:00,118.000137,6542,41,0202aac0049d198e005a5811460e29efbf1ffffffc2246cd1e00000fc0007ebfe9ed0737feebfff600,1,TX 41 seq=19727 rx_latency=1ms tx_dur=1ms,21.153,
2732,10,1182,2864710814,2026-07-14T15:32:11.378296+00:00,118.100137,6642,41,0202aac0049e19f2005a5811460e29efbf1ffffffc2246cd1e00000fc0007ebfe9ed0737feebfff600,1,TX 41 seq=19728 rx_latency=1ms tx_dur=1ms,22.495,
2732,10,1183,2864710815,2026-07-14T15:32:11.478271+00:00,118.200113,6742,41,0202aac0049f1a56005a5811460e29efbf1ffffffc2246cd1e00000fc0007ebfe9ed0737feebfff600,1,TX 41 seq=19729 rx_latency=1ms tx_dur=1ms,14.712,
2732,10,1184,2864710816,2026-07-14T15:32:11.578296+00:00,118.300140,6842,41,0202aac004a01aba005a5811460e29efbf1ffffffc2246cd1e00000fc0007ebfe9ed0737feebfff600,1,TX 41 seq=19730 rx_latency=1ms tx_dur=1ms,16.735,
2732,10,1185,2864710817,2026-07-14T15:32:11.678299+00:00,118.400147,6942,41,0202aac004a11b1e005a5811460e29efbf1ffffffc2246cd1e00000fc0007ebfe9ed0737feebfff600,1,TX 41 seq=19731 rx_latency=1ms tx_dur=1ms,18.875,
2732,10,1186,2864710818,2026-07-14T15:32:11.778300+00:00,118.500153,7042,41,0202aac004a21b82005a5811460e29efbf1ffffffc2246cd1e00000fc0007ebfe9ed0737feebfff600,1,TX 41 seq=19732 rx_latency=1ms tx_dur=1ms,20.331,
2732,10,1187,2864710819,2026-07-14T15:32:11.878302+00:00,118.600154,7142,41,0202aac004a31be6005a5811460e29efbf1ffffffc2246cd1e00000fc0007ebfe9ed0737feebfff600,1,TX 41 seq=19733 rx_latency=1ms tx_dur=1ms,22.089,
2732,10,1188,2864710820,2026-07-14T15:32:11.978305+00:00,118.700170,7242,41,0202aac004a41c4a005a5811460e29efbf1ffffffc2246cd1e00000fc0007ebfe9ed0737feebfff600,1,TX 41 seq=19734 rx_latency=1ms tx_dur=1ms,14.924,
2732,10,1189,2864710821,2026-07-14T15:32:12.078303+00:00,118.800159,7342,41,0202aac004a51cae005a5811460e29efbf1ffffffc2246cd1e00000fc0007ebfe9ed0737feebfff600,1,TX 41 seq=19735 rx_latency=1ms tx_dur=1ms,16.683,
2732,10,1190,2864710822,2026-07-14T15:32:12.178291+00:00,118.900133,7442,41,0202aac004a61d12005a5811460e29efbf1ffffffc2246cd1e00000fc0007ebfe9ed0737feebfff600,1,TX 41 seq=19736 rx_latency=1ms tx_dur=1ms,18.926,
2732,10,1191,2864710823,2026-07-14T15:32:12.278299+00:00,119.000148,7542,41,0202aac004a71d76005a5811460e29efbf1ffffffc2246cd1e00000fc0007ebfe9ed0737feebfff600,1,TX 41 seq=19737 rx_latency=1ms tx_dur=1ms,20.261,
2732,10,1192,2864710824,2026-07-14T15:32:12.378295+00:00,119.100139,7642,41,0202aac004a81dda005a5811460e29efbf1ffffffc2246cd1e00000fc0007ebfe9ed0737feebfff600,1,TX 41 seq=19738 rx_latency=1ms tx_dur=1ms,22.426,
2732,10,1193,2864710825,2026-07-14T15:32:12.478294+00:00,119.200136,7742,41,0202aac004a91e3e005a5811460e29efbf1ffffffc2246cd1e00000fc0007ebfe9ed0737feebfff600,1,TX 41 seq=19739 rx_latency=1ms tx_dur=1ms,14.553,
2732,10,1194,2864710826,2026-07-14T15:32:12.578298+00:00,119.300143,7842,41,0202aac004aa1ea2005a5811460e29efbf1ffffffc2246cd1e00000fc0007ebfe9ed0737feebfff600,1,TX 41 seq=19740 rx_latency=1ms tx_dur=1ms,16.668,
2732,10,1195,2864710827,2026-07-14T15:32:12.678296+00:00,119.400140,7942,41,0202aac004ab1f06005a5811460e29efbf1ffffffc2246cd1e00000fc0007ebfe9ed0737feebfff600,1,TX 41 seq=19741 rx_latency=1ms tx_dur=1ms,18.191,
2732,10,1196,2864710828,2026-07-14T15:32:12.778254+00:00,119.500099,8042,41,0202aac004ac1f6a005a5811460e29efbf1ffffffc2246cd1e00000fc0007ebfe9ed0737feebfff600,1,TX 41 seq=19742 rx_latency=1ms tx_dur=1ms,21.079,
2732,10,1197,2864710829,2026-07-14T15:32:12.878295+00:00,119.600143,8142,41,0202aac004ad1fce005a5811460e29efbf1ffffffc2246cd1e00000fc0007ebfe9ed0737feebfff600,1,TX 41 seq=19743 rx_latency=1ms tx_dur=1ms,22.664,
2732,10,1198,2864710830,2026-07-14T15:32:12.978278+00:00,119.700124,8242,41,0202aac004ae2032005a5811460e29efbf1ffffffc2246cd1e00000fc0007ebfe9ed0737feebfff600,1,TX 41 seq=19744 rx_latency=1ms tx_dur=1ms,14.508,
2732,10,1199,2864710831,2026-07-14T15:32:13.078292+00:00,119.800132,8342,41,0202aac004af2096005a5811460e29efbf1ffffffc2246cd1e00000fc0007ebfe9ed0737feebfff600,1,TX 41 seq=19745 rx_latency=1ms tx_dur=1ms,17.136,
2732,10,1200,2864710832,2026-07-14T15:32:13.178296+00:00,119.900140,8442,41,0202aac004b020fa005a5811460e29efbf1ffffffc2246cd1e00000fc0007ebfe9ed0737feebfff600,1,TX 41 seq=19746 rx_latency=1ms tx_dur=1ms,18.861,
2732,10,1201,2864710833,2026-07-14T15:32:13.278297+00:00,120.000147,8542,41,0202aac004b1215e005a5811460e29efbf1ffffffc2246cd1e00000fc0007ebfe9ed0737feebfff600,1,TX 41 seq=19747 rx_latency=1ms tx_dur=1ms,20.559,
2732,10,1202,2864710834,2026-07-14T15:32:13.378300+00:00,120.100150,8642,41,0202aac004b221c2005a5811460e29efbf1ffffffc2246cd1e00000fc0007ebfe9ed0737feebfff600,1,TX 41 seq=19748 rx_latency=1ms tx_dur=1ms,22.327,
2732,10,1203,2864710835,2026-07-14T15:32:13.478294+00:00,120.200141,8742,41,0202aac004b32226005a5811460e29efbf1ffffffc2246cd1e00000fc0007ebfe9ed0737feebfff600,1,TX 41 seq=19749 rx_latency=1ms tx_dur=1ms,14.421,
2732,10,1204,2864710836,2026-07-14T15:32:13.578295+00:00,120.300142,8842,41,0202aac004b4228a005a5811460e29efbf1ffffffc2246cd1e00000fc0007ebfe9ed0737feebfff600,1,TX 41 seq=19750 rx_latency=1ms tx_dur=1ms,16.857,
2732,10,1205,2864710837,2026-07-14T15:32:13.678313+00:00,120.400182,8942,41,0202aac004b522ee005a5811460e29efbf1ffffffc2246cd1e00000fc0007ebfe9ed0737feebfff600,1,TX 41 seq=19751 rx_latency=1ms tx_dur=1ms,18.934,
2732,10,1206,2864710838,2026-07-14T15:32:13.778293+00:00,120.500138,9042,41,0202aac004b62352005a5811460e29efbf1ffffffc2246cd1e00000fc0007ebfe9ed0737feebfff600,1,TX 41 seq=19752 rx_latency=1ms tx_dur=1ms,21.071,
2732,10,1207,2864710839,2026-07-14T15:32:13.878305+00:00,120.600162,9142,41,0202aac004b723b6005a5811460e29efbf1ffffffc2246cd1e00000fc0007ebfe9ed0737feebfff600,1,TX 41 seq=19753 rx_latency=1ms tx_dur=1ms,22.398,
2732,10,1208,2864710840,2026-07-14T15:32:13.978236+00:00,120.700082,9242,41,0202aac004b8241a005a5811460e29efbf1ffffffc2246cd1e00000fc0007ebfe9ed0737feebfff600,1,TX 41 seq=19754 rx_latency=1ms tx_dur=1ms,14.689,
2732,10,1209,2864710841,2026-07-14T15:32:14.078298+00:00,120.800153,9342,41,0202aac004b9247e005a5811460e29efbf1ffffffc2246cd1e00000fc0007ebfe9ed0737feebfff600,1,TX 41 seq=19755 rx_latency=1ms tx_dur=1ms,16.664,
2732,10,1210,2864710842,2026-07-14T15:32:14.178300+00:00,120.900149,9442,41,0202aac004ba24e2005a5811460e29efbf1ffffffc2246cd1e00000fc0007ebfe9ed0737feebfff600,1,TX 41 seq=19756 rx_latency=1ms tx_dur=1ms,18.042,
2732,10,1211,2864710843,2026-07-14T15:32:14.278296+00:00,121.000138,9542,41,0202aac004bb2546005a5811460e29efbf1ffffffc2246cd1e00000fc0007ebfe9ed0737feebfff600,1,TX 41 seq=19757 rx_latency=1ms tx_dur=1ms,20.224,
2732,10,1212,2864710844,2026-07-14T15:32:14.378298+00:00,121.100144,9642,41,0202aac004bc25aa005a5811460e29efbf1ffffffc2246cd1e00000fc0007ebfe9ed0737feebfff600,1,TX 41 seq=19758 rx_latency=1ms tx_dur=1ms,22.261,
2732,10,1213,2864710845,2026-07-14T15:32:14.478296+00:00,121.200140,9742,41,0202aac004bd260e005a5811460e29efbf1ffffffc2246cd1e00000fc0007ebfe9ed0737feebfff600,1,TX 41 seq=19759 rx_latency=1ms tx_dur=1ms,14.461,
2732,10,1214,2864710846,2026-07-14T15:32:14.578299+00:00,121.300144,9842,41,0202aac004be2672005a5811460e29efbf1ffffffc2246cd1e00000fc0007ebfe9ed0737feebfff600,1,TX 41 seq=19760 rx_latency=1ms tx_dur=1ms,17.068,
2732,10,1215,2864710847,2026-07-14T15:32:14.678262+00:00,121.400107,9942,41,0202aac004bf26d6005a5811460e29efbf1ffffffc2246cd1e00000fc0007ebfe9ed0737feebfff600,1,TX 41 seq=19761 rx_latency=1ms tx_dur=1ms,18.835,
2732,10,1216,2864710848,2026-07-14T15:32:14.778297+00:00,121.500141,10042,41,0202aac004c0273a005a5811460e29efbf1ffffffc2246cd1e00000fc0007ebfe9ed0737feebfff600,1,TX 41 seq=19762 rx_latency=1ms tx_dur=1ms,20.556,
2732,10,1217,2864710849,2026-07-14T15:32:14.878297+00:00,121.600139,10142,41,0202aac004c1279e005a5811460e29efbf1ffffffc2246cd1e00000fc0007ebfe9ed0737feebfff600,1,TX 41 seq=19763 rx_latency=1ms tx_dur=1ms,22.266,
2732,10,1218,2864710850,2026-07-14T15:32:14.978291+00:00,121.700129,10242,41,0202aac004c22802005a5811460e29efbf1ffffffc2246cd1e00000fc0007ebfe9ed0737feebfff600,1,TX 41 seq=19764 rx_latency=1ms tx_dur=1ms,14.399,
2732,10,1219,2864710851,2026-07-14T15:32:15.078307+00:00,121.800167,10342,41,0202aac004c32866005a5811460e29efbf1ffffffc2246cd1e00000fc0007ebfe9ed0737feebfff600,1,TX 41 seq=19765 rx_latency=1ms tx_dur=1ms,16.758,
2732,10,1220,2864710852,2026-07-14T15:32:15.178291+00:00,121.900134,10442,41,0202aac004c428ca005a5811460e29efbf1ffffffc2246cd1e00000fc0007ebfe9ed0737feebfff600,1,TX 41 seq=19766 rx_latency=1ms tx_dur=1ms,18.957,
2732,10,1221,2864710853,2026-07-14T15:32:15.278299+00:00,122.000142,10542,41,0202aac004c5292e005a5811460e29efbf1ffffffc2246cd1e00000fc0007ebfe9ed0737feebfff600,1,TX 41 seq=19767 rx_latency=1ms tx_dur=1ms,20.495,
2732,10,1222,2864710854,2026-07-14T15:32:15.378296+00:00,122.100139,10642,41,0202aac004c62992005a5811460e29efbf1ffffffc2246cd1e00000fc0007ebfe9ed0737feebfff600,1,TX 41 seq=19768 rx_latency=1ms tx_dur=1ms,22.218,
2732,10,1223,2864710855,2026-07-14T15:32:15.478295+00:00,122.200136,10742,41,0202aac004c729f6005a5811460e29efbf1ffffffc2246cd1e00000fc0007ebfe9ed0737feebfff600,1,TX 41 seq=19769 rx_latency=1ms tx_dur=1ms,15.094,
2732,10,1224,2864710856,2026-07-14T15:32:15.578295+00:00,122.300140,10842,41,0202aac004c82a5a005a5811460e29efbf1ffffffc2246cd1e00000fc0007ebfe9ed0737feebfff600,1,TX 41 seq=19770 rx_latency=1ms tx_dur=1ms,16.804,
2732,10,1225,2864710857,2026-07-14T15:32:15.678300+00:00,122.400150,10942,41,0202aac004c92abe005a5811460e29efbf1ffffffc2246cd1e00000fc0007ebfe9ed0737feebfff600,1,TX 41 seq=19771 rx_latency=1ms tx_dur=1ms,18.326,
2732,10,1226,2864710858,2026-07-14T15:32:15.778292+00:00,122.500133,11042,41,0202aac004ca2b22005a5811460e29efbf1ffffffc2246cd1e00000fc0007ebfe9ed0737feebfff600,1,TX 41 seq=19772 rx_latency=1ms tx_dur=1ms,21.143,
2732,10,1227,2864710859,2026-07-14T15:32:15.878296+00:00,122.600140,11142,41,0202aac004cb2b86005a5811460e29efbf1ffffffc2246cd1e00000fc0007ebfe9ed0737feebfff600,1,TX 41 seq=19773 rx_latency=1ms tx_dur=1ms,22.892,
2732,10,1228,2864710860,2026-07-14T15:32:15.978289+00:00,122.700127,11242,41,0202aac004cc2bea005a5811460e29efbf1ffffffc2246cd1e00000fc0007ebfe9ed0737feebfff600,1,TX 41 seq=19774 rx_latency=1ms tx_dur=1ms,14.684,
2732,10,1229,2864710861,2026-07-14T15:32:16.078311+00:00,122.800182,11342,41,0202aac004cd2c4e005a5811460e29efbf1ffffffc2246cd1e00000fc0007ebfe9ed0737feebfff600,1,TX 41 seq=19775 rx_latency=1ms tx_dur=1ms,16.067,
2732,10,1230,2864710862,2026-07-14T15:32:16.178296+00:00,122.900144,11442,41,0202aac004ce2cb2005a5811460e29efbf1ffffffc2246cd1e00000fc0007ebfe9ed0737feebfff600,1,TX 41 seq=19776 rx_latency=1ms tx_dur=1ms,18.963,
2732,10,1231,2864710863,2026-07-14T15:32:16.278297+00:00,123.000142,11542,41,0202aac004cf2d16005a5811460e29efbf1ffffffc2246cd1e00000fc0007ebfe9ed0737feebfff600,1,TX 41 seq=19777 rx_latency=1ms tx_dur=1ms,20.720,
2732,10,1232,2864710864,2026-07-14T15:32:16.378298+00:00,123.100141,11642,41,0202aac004d02d7a005a5811460e29efbf1ffffffc2246cd1e00000fc0007ebfe9ed0737feebfff600,1,TX 41 seq=19778 rx_latency=1ms tx_dur=1ms,22.460,
2732,10,1233,2864710865,2026-07-14T15:32:16.478295+00:00,123.200137,11742,41,0202aac004d12dde005a5811460e29efbf1ffffffc2246cd1e00000fc0007ebfe9ed0737feebfff600,1,TX 41 seq=19779 rx_latency=1ms tx_dur=1ms,14.547,
2732,10,1234,2864710866,2026-07-14T15:32:16.578298+00:00,123.300143,11842,41,0202aac004d22e42005a5811460e29efbf1ffffffc2246cd1e00000fc0007ebfe9ed0737feebfff600,1,TX 41 seq=19780 rx_latency=1ms tx_dur=1ms,16.691,
2732,10,1235,2864710867,2026-07-14T15:32:16.678295+00:00,123.400140,11942,41,0202aac004d32ea6005a5811460e29efbf1ffffffc2246cd1e00000fc0007ebfe9ed0737feebfff600,1,TX 41 seq=19781 rx_latency=1ms tx_dur=1ms,18.213,
2732,10,1236,2864710868,2026-07-14T15:32:16.778254+00:00,123.500097,12042,41,0202aac004d42f0a005a5811460e29efbf1ffffffc2246cd1e00000fc0007ebfe9ed0737feebfff600,1,TX 41 seq=19782 rx_latency=1ms tx_dur=1ms,21.088,
2732,10,1237,2864710869,2026-07-14T15:32:16.878296+00:00,123.600138,12142,41,0202aac004d52f6e005a5811460e29efbf1ffffffc2246cd1e00000fc0007ebfe9ed0737feebfff600,1,TX 41 seq=19783 rx_latency=1ms tx_dur=1ms,22.777,
2732,10,1238,2864710870,2026-07-14T15:32:16.978296+00:00,123.700136,12242,41,0202aac004d62fd2005a5811460e29efbf1ffffffc2246cd1e00000fc0007ebfe9ed0737feebfff600,1,TX 41 seq=19784 rx_latency=1ms tx_dur=1ms,14.551,
2732,10,1239,2864710871,2026-07-14T15:32:17.078295+00:00,123.800137,12342,41,0202aac004d73036005a5811460e29efbf1ffffffc2246cd1e00000fc0007ebfe9ed0737feebfff600,1,TX 41 seq=19785 rx_latency=1ms tx_dur=1ms,17.207,
2732,10,1240,2864710872,2026-07-14T15:32:17.178297+00:00,123.900150,12442,41,0202aac004d8309a005a5811460e29efbf1ffffffc2246cd1e00000fc0007ebfe9ed0737feebfff600,1,TX 41 seq=19786 rx_latency=1ms tx_dur=1ms,18.819,
2732,10,1241,2864710873,2026-07-14T15:32:17.278297+00:00,124.000145,12542,41,0202aac004d930fe005a5811460e29efbf1ffffffc2246cd1e00000fc0007ebfe9ed0737feebfff600,1,TX 41 seq=19787 rx_latency=1ms tx_dur=1ms,20.591,
2732,10,1242,2864710874,2026-07-14T15:32:17.378297+00:00,124.100139,12642,41,0202aac004da3162005a5811460e29efbf1ffffffc2246cd1e00000fc0007ebfe9ed0737feebfff600,1,TX 41 seq=19788 rx_latency=1ms tx_dur=1ms,22.343,
2732,10,1243,2864710875,2026-07-14T15:32:17.478296+00:00,124.200138,12742,41,0202aac004db31c6005a5811460e29efbf1ffffffc2246cd1e00000fc0007ebfe9ed0737feebfff600,1,TX 41 seq=19789 rx_latency=1ms tx_dur=1ms,14.995,
2732,10,1244,2864710876,2026-07-14T15:32:17.578284+00:00,124.300125,12842,41,0202aac004dc322a005a5811460e29efbf1ffffffc2246cd1e00000fc0007ebfe9ed0737feebfff600,1,TX 41 seq=19790 rx_latency=1ms tx_dur=1ms,16.742,
2732,10,1245,2864710877,2026-07-14T15:32:17.678299+00:00,124.400145,12942,41,0202aac004dd328e005a5811460e29efbf1ffffffc2246cd1e00000fc0007ebfe9ed0737feebfff600,1,TX 41 seq=19791 rx_latency=1ms tx_dur=1ms,18.440,
2732,10,1246,2864710878,2026-07-14T15:32:17.778295+00:00,124.500136,13042,41,0202aac004de32f2005a5811460e29efbf1ffffffc2246cd1e00000fc0007ebfe9ed0737feebfff600,1,TX 41 seq=19792 rx_latency=1ms tx_dur=1ms,20.181,
2732,10,1247,2864710879,2026-07-14T15:32:17.878296+00:00,124.600137,13142,41,0202aac004df3356005a5811460e29efbf1ffffffc2246cd1e00000fc0007ebfe9ed0737feebfff600,1,TX 41 seq=19793 rx_latency=1ms tx_dur=1ms,22.221,
2732,10,1248,2864710880,2026-07-14T15:32:17.978297+00:00,124.700137,13242,41,0202aac004e033ba005a5811460e29efbf1ffffffc2246cd1e00000fc0007ebfe9ed0737feebfff600,1,TX 41 seq=19794 rx_latency=1ms tx_dur=1ms,14.740,
2732,10,1249,2864710881,2026-07-14T15:32:18.078296+00:00,124.800137,13342,41,0202aac004e1341e005a5811460e29efbf1ffffffc2246cd1e00000fc0007ebfe9ed0737feebfff600,1,TX 41 seq=19795 rx_latency=1ms tx_dur=1ms,16.908,
2732,10,1250,2864710882,2026-07-14T15:32:18.178294+00:00,124.900138,13442,41,0202aac004e23482005a5811460e29efbf1ffffffc2246cd1e00000fc0007ebfe9ed0737feebfff600,1,TX 41 seq=19796 rx_latency=1ms tx_dur=1ms,18.953,
2732,10,1251,2864710883,2026-07-14T15:32:18.278298+00:00,125.000143,13542,41,0202aac004e334e6005a5811460e29efbf1ffffffc2246cd1e00000fc0007ebfe9ed0737feebfff600,1,TX 41 seq=19797 rx_latency=1ms tx_dur=1ms,21.096,
2732,10,1252,2864710884,2026-07-14T15:32:18.378296+00:00,125.100145,13642,41,0202aac004e4354a005a5811460e29efbf1ffffffc2246cd1e00000fc0007ebfe9ed0737feebfff600,1,TX 41 seq=19798 rx_latency=1ms tx_dur=1ms,22.549,
2732,10,1253,2864710885,2026-07-14T15:32:18.478298+00:00,125.200143,13742,41,0202aac004e535ae005a5811460e29efbf1ffffffc2246cd1e00000fc0007ebfe9ed0737feebfff600,1,TX 41 seq=19799 rx_latency=1ms tx_dur=1ms,14.362,
2732,10,1254,2864710886,2026-07-14T15:32:18.578307+00:00,125.300166,13842,41,0202aac004e63612005a5811460e29efbf1ffffffc2246cd1e00000fc0007ebfe9ed0737feebfff600,1,TX 41 seq=19800 rx_latency=1ms tx_dur=1ms,16.046,
2732,10,1255,2864710887,2026-07-14T15:32:18.678300+00:00,125.400149,13942,41,0202aac004e73676005a5811460e29efbf1ffffffc2246cd1e00000fc0007ebfe9ed0737feebfff600,1,TX 41 seq=19801 rx_latency=1ms tx_dur=1ms,18.926,
2732,10,1256,2864710888,2026-07-14T15:32:18.778298+00:00,125.500142,14042,41,0202aac004e836da005a5811460e29efbf1ffffffc2246cd1e00000fc0007ebfe9ed0737feebfff600,1,TX 41 seq=19802 rx_latency=1ms tx_dur=1ms,20.459,
2732,10,1257,2864710889,2026-07-14T15:32:18.878299+00:00,125.600142,14142,41,0202aac004e9373e005a5811460e29efbf1ffffffc2246cd1e00000fc0007ebfe9ed0737feebfff600,1,TX 41 seq=19803 rx_latency=1ms tx_dur=1ms,22.179,
2732,10,1258,2864710890,2026-07-14T15:32:18.978297+00:00,125.700138,14242,41,0202aac004ea37a2005a5811460e29efbf1ffffffc2246cd1e00000fc0007ebfe9ed0737feebfff600,1,TX 41 seq=19804 rx_latency=1ms tx_dur=1ms,15.046,
2732,10,1259,2864710891,2026-07-14T15:32:19.078299+00:00,125.800144,14342,41,0202aac004eb3806005a5811460e29efbf1ffffffc2246cd1e00000fc0007ebfe9ed0737feebfff600,1,TX 41 seq=19805 rx_latency=1ms tx_dur=1ms,16.770,
2732,10,1260,2864710892,2026-07-14T15:32:19.178289+00:00,125.900130,14442,41,0202aac004ec386a005a5811460e29efbf1ffffffc2246cd1e00000fc0007ebfe9ed0737feebfff600,1,TX 41 seq=19806 rx_latency=1ms tx_dur=1ms,18.293,
2732,10,1261,2864710893,2026-07-14T15:32:19.278299+00:00,126.000143,14542,41,0202aac004ed38ce005a5811460e29efbf1ffffffc2246cd1e00000fc0007ebfe9ed0737feebfff600,1,TX 41 seq=19807 rx_latency=1ms tx_dur=1ms,21.162,
2732,10,1262,2864710894,2026-07-14T15:32:19.378293+00:00,126.100144,14642,41,0202aac004ee3932005a5811460e29efbf1ffffffc2246cd1e00000fc0007ebfe9ed0737feebfff600,1,TX 41 seq=19808 rx_latency=1ms tx_dur=1ms,22.806,
2732,10,1263,2864710895,2026-07-14T15:32:19.478235+00:00,126.200089,14742,41,0202aac004ef3996005a5811460e29efbf1ffffffc2246cd1e00000fc0007ebfe9ed0737feebfff600,1,TX 41 seq=19809 rx_latency=1ms tx_dur=1ms,14.629,
2732,10,1264,2864710896,2026-07-14T15:32:19.578299+00:00,126.300155,14842,41,0202aac004f039fa005a5811460e29efbf1ffffffc2246cd1e00000fc0007ebfe9ed0737feebfff600,1,TX 41 seq=19810 rx_latency=1ms tx_dur=1ms,16.099,
2732,10,1265,2864710897,2026-07-14T15:32:19.678317+00:00,126.400193,14942,41,0202aac004f13a5e005a5811460e29efbf1ffffffc2246cd1e00000fc0007ebfe9ed0737feebfff600,1,TX 41 seq=19811 rx_latency=1ms tx_dur=1ms,18.850,
2732,10,1266,2864710898,2026-07-14T15:32:19.778293+00:00,126.500137,15042,41,0202aac004f23ac2005a5811460e29efbf1ffffffc2246cd1e00000fc0007ebfe9ed0737feebfff600,1,TX 41 seq=19812 rx_latency=1ms tx_dur=1ms,20.651,
2732,10,1267,2864710899,2026-07-14T15:32:19.878301+00:00,126.600149,15142,41,0202aac004f33b26005a5811460e29efbf1ffffffc2246cd1e00000fc0007ebfe9ed0737feebfff600,1,TX 41 seq=19813 rx_latency=1ms tx_dur=1ms,22.409,
2732,10,1268,2864710900,2026-07-14T15:32:19.978293+00:00,126.700134,15242,41,0202aac004f43b8a005a5811460e29efbf1ffffffc2246cd1e00000fc0007ebfe9ed0737feebfff600,1,TX 41 seq=19814 rx_latency=1ms tx_dur=1ms,14.541,
2732,10,1269,2864710901,2026-07-14T15:32:20.078301+00:00,126.800149,15342,41,0202aac004f53bee005a5811460e29efbf1ffffffc2246cd1e00000fc0007ebfe9ed0737feebfff600,1,TX 41 seq=19815 rx_latency=1ms tx_dur=1ms,16.626,
2732,10,1270,2864710902,2026-07-14T15:32:20.178299+00:00,126.900143,15442,41,0202aac004f63c52005a5811460e29efbf1ffffffc2246cd1e00000fc0007ebfe9ed0737feebfff600,1,TX 41 seq=19816 rx_latency=1ms tx_dur=1ms,18.160,
2732,10,1271,2864710903,2026-07-14T15:32:20.278297+00:00,127.000141,15542,41,0202aac004f73cb6005a5811460e29efbf1ffffffc2246cd1e00000fc0007ebfe9ed0737feebfff600,1,TX 41 seq=19817 rx_latency=1ms tx_dur=1ms,21.005,
2732,10,1272,2864710904,2026-07-14T15:32:20.378298+00:00,127.100144,15642,41,0202aac004f83d1a005a5811460e29efbf1ffffffc2246cd1e00000fc0007ebfe9ed0737feebfff600,1,TX 41 seq=19818 rx_latency=1ms tx_dur=1ms,22.755,
2732,10,1273,2864710905,2026-07-14T15:32:20.478298+00:00,127.200141,15742,41,0202aac004f93d7e005a5811460e29efbf1ffffffc2246cd1e00000fc0007ebfe9ed0737feebfff600,1,TX 41 seq=19819 rx_latency=1ms tx_dur=1ms,14.491,
2732,10,1274,2864710906,2026-07-14T15:32:20.578291+00:00,127.300134,15842,41,0202aac004fa3de2005a5811460e29efbf1ffffffc2246cd1e00000fc0007ebfe9ed0737feebfff600,1,TX 41 seq=19820 rx_latency=1ms tx_dur=1ms,17.144,
2732,10,1275,2864710907,2026-07-14T15:32:20.678305+00:00,127.400162,15942,41,0202aac004fb3e46005a5811460e29efbf1ffffffc2246cd1e00000fc0007ebfe9ed0737feebfff600,1,TX 41 seq=19821 rx_latency=1ms tx_dur=1ms,18.792,
2732,10,1276,2864710908,2026-07-14T15:32:20.778291+00:00,127.500131,16042,41,0202aac004fc3eaa005a5811460e29efbf1ffffffc2246cd1e00000fc0007ebfe9ed0737feebfff600,1,TX 41 seq=19822 rx_latency=1ms tx_dur=1ms,20.576,
2732,10,1277,2864710909,2026-07-14T15:32:20.878297+00:00,127.600141,16142,41,0202aac004fd3f0e005a5811460e29efbf1ffffffc2246cd1e00000fc0007ebfe9ed0737feebfff600,1,TX 41 seq=19823 rx_latency=1ms tx_dur=1ms,22.344,
2732,10,1278,2864710910,2026-07-14T15:32:20.978291+00:00,127.700134,16242,41,0202aac004fe3f72005a5811460e29efbf1ffffffc2246cd1e00000fc0007ebfe9ed0737feebfff600,1,TX 41 seq=19824 rx_latency=1ms tx_dur=1ms,14.516,
2732,10,1279,2864710911,2026-07-14T15:32:21.078312+00:00,127.800175,16342,41,0202aac004ff3fd6005a5811460e29efbf1ffffffc2246cd1e00000fc0007ebfe9ed0737feebfff600,1,TX 41 seq=19825 rx_latency=1ms tx_dur=1ms,16.763,
2732,10,1280,2864710912,2026-07-14T15:32:21.178302+00:00,127.900151,16442,41,0202aac00500403a005a5811460e29efbf1ffffffc2246cd1e00000fc0007ebfe9ed0737feebfff600,1,TX 41 seq=19826 rx_latency=1ms tx_dur=1ms,18.985,
2732,10,1281,2864710913,2026-07-14T15:32:21.278297+00:00,128.000140,16542,41,0202aac00501409e005a5811460e29efbf1ffffffc2246cd1e00000fc0007ebfe9ed0737feebfff600,1,TX 41 seq=19827 rx_latency=1ms tx_dur=1ms,21.056,
2732,10,1282,2864710914,2026-07-14T15:32:21.378293+00:00,128.100133,16642,41,0202aac005024102005a5811460e29efbf1ffffffc2246cd1e00000fc0007ebfe9ed0737feebfff600,1,TX 41 seq=19828 rx_latency=1ms tx_dur=1ms,22.476,
2732,10,1283,2864710915,2026-07-14T15:32:21.478301+00:00,128.200152,16742,41,0202aac005034166005a5811460e29efbf1ffffffc2246cd1e00000fc0007ebfe9ed0737feebfff600,1,TX 41 seq=19829 rx_latency=1ms tx_dur=1ms,14.597,
2732,10,1284,2864710916,2026-07-14T15:32:21.578299+00:00,128.300143,16842,41,0202aac0050441ca005a5811460e29efbf1ffffffc2246cd1e00000fc0007ebfe9ed0737feebfff600,1,TX 41 seq=19830 rx_latency=1ms tx_dur=1ms,16.641,
2732,10,1285,2864710917,2026-07-14T15:32:21.678310+00:00,128.400171,16942,41,0202aac00505422e005a5811460e29efbf1ffffffc2246cd1e00000fc0007ebfe9ed0737feebfff600,1,TX 41 seq=19831 rx_latency=1ms tx_dur=1ms,19.087,
2732,10,1286,2864710918,2026-07-14T15:32:21.778359+00:00,128.500205,17042,41,0202aac005064292005a5811460e29efbf1ffffffc2246cd1e00000fc0007ebfe9ed0737feebfff600,1,TX 41 seq=19832 rx_latency=1ms tx_dur=1ms,20.203,
2732,10,1287,2864710919,2026-07-14T15:32:21.878299+00:00,128.600147,17142,41,0202aac0050742f6005a5811460e29efbf1ffffffc2246cd1e00000fc0007ebfe9ed0737feebfff600,1,TX 41 seq=19833 rx_latency=1ms tx_dur=1ms,22.170,
2732,10,1288,2864710920,2026-07-14T15:32:21.978290+00:00,128.700129,17242,41,0202aac00508435a005a5811460e29efbf1ffffffc2246cd1e00000fc0007ebfe9ed0737feebfff600,1,TX 41 seq=19834 rx_latency=1ms tx_dur=1ms,14.532,
2732,10,1289,2864710921,2026-07-14T15:32:22.078296+00:00,128.800139,17342,41,0202aac0050943be005a5811460e29efbf1ffffffc2246cd1e00000fc0007ebfe9ed0737feebfff600,1,TX 41 seq=19835 rx_latency=1ms tx_dur=1ms,17.076,
2732,10,1290,2864710922,2026-07-14T15:32:22.178298+00:00,128.900146,17442,41,0202aac0050a4422005a5811460e29efbf1ffffffc2246cd1e00000fc0007ebfe9ed0737feebfff600,1,TX 41 seq=19836 rx_latency=1ms tx_dur=1ms,18.785,
2732,10,1291,2864710923,2026-07-14T15:32:22.278299+00:00,129.000144,17542,41,0202aac0050b4486005a5811460e29efbf1ffffffc2246cd1e00000fc0007ebfe9ed0737feebfff600,1,TX 41 seq=19837 rx_latency=1ms tx_dur=1ms,20.449,
2732,10,1292,2864710924,2026-07-14T15:32:22.378290+00:00,129.100131,17642,41,0202aac0050c44ea005a5811460e29efbf1ffffffc2246cd1e00000fc0007ebfe9ed0737feebfff600,1,TX 41 seq=19838 rx_latency=1ms tx_dur=1ms,22.314,
2732,10,1293,2864710925,2026-07-14T15:32:22.478294+00:00,129.200137,17742,41,0202aac0050d454e005a5811460e29efbf1ffffffc2246cd1e00000fc0007ebfe9ed0737feebfff600,1,TX 41 seq=19839 rx_latency=1ms tx_dur=1ms,14.881,
2732,10,1294,2864710926,2026-07-14T15:32:22.578290+00:00,129.300127,17842,41,0202aac0050e45b2005a5811460e29efbf1ffffffc2246cd1e00000fc0007ebfe9ed0737feebfff600,1,TX 41 seq=19840 rx_latency=1ms tx_dur=1ms,16.708,
2732,10,1295,2864710927,2026-07-14T15:32:22.678303+00:00,129.400157,17942,41,0202aac0050f4616005a5811460e29efbf1ffffffc2246cd1e00000fc0007ebfe9ed0737feebfff600,1,TX 41 seq=19841 rx_latency=1ms tx_dur=1ms,18.353,
2732,10,1296,2864710928,2026-07-14T15:32:22.778302+00:00,129.500156,18042,41,0202aac00510467a005a5811460e29efbf1ffffffc2246cd1e00000fc0007ebfe9ed0737feebfff600,1,TX 41 seq=19842 rx_latency=1ms tx_dur=1ms,20.076,
2732,10,1297,2864710929,2026-07-14T15:32:22.878297+00:00,129.600142,18142,41,0202aac0051146de005a5811460e29efbf1ffffffc2246cd1e00000fc0007ebfe9ed0737feebfff600,1,TX 41 seq=19843 rx_latency=1ms tx_dur=1ms,22.737,
2732,10,1298,2864710930,2026-07-14T15:32:22.978290+00:00,129.700129,18242,41,0202aac005124742005a5811460e29efbf1ffffffc2246cd1e00000fc0007ebfe9ed0737feebfff600,1,TX 41 seq=19844 rx_latency=1ms tx_dur=1ms,14.544,
2732,10,1299,2864710931,2026-07-14T15:32:23.078298+00:00,129.800141,18342,41,0202aac0051347a6005a5811460e29efbf1ffffffc2246cd1e00000fc0007ebfe9ed0737feebfff600,1,TX 41 seq=19845 rx_latency=1ms tx_dur=1ms,16.197,
2732,10,1300,2864710932,2026-07-14T15:32:23.178291+00:00,129.900131,18442,41,0202aac00514480a005a5811460e29efbf1ffffffc2246cd1e00000fc0007ebfe9ed0737feebfff600,1,TX 41 seq=19846 rx_latency=1ms tx_dur=1ms,19.084,
2732,10,1301,2864710933,2026-07-14T15:32:23.278308+00:00,130.000169,18542,41,0202aac00515486e005a5811460e29efbf1ffffffc2246cd1e00000fc0007ebfe9ed0737feebfff600,1,TX 41 seq=19847 rx_latency=1ms tx_dur=1ms,20.460,
2732,10,1302,2864710934,2026-07-14T15:32:23.378292+00:00,130.100136,18642,41,0202aac0051648d2005a5811460e29efbf1ffffffc2246cd1e00000fc0007ebfe9ed0737feebfff600,1,TX 41 seq=19848 rx_latency=1ms tx_dur=1ms,22.308,
2732,10,1303,2864710935,2026-07-14T15:32:23.478296+00:00,130.200140,18742,41,0202aac005174936005a5811460e29efbf1ffffffc2246cd1e00000fc0007ebfe9ed0737feebfff600,1,TX 41 seq=19849 rx_latency=1ms tx_dur=1ms,15.200,
2732,10,1304,2864710936,2026-07-14T15:32:23.578292+00:00,130.300130,18842,41,0202aac00518499a005a5811460e29efbf1ffffffc2246cd1e00000fc0007ebfe9ed0737feebfff600,1,TX 41 seq=19850 rx_latency=1ms tx_dur=1ms,16.895,
2732,10,1305,2864710937,2026-07-14T15:32:23.678304+00:00,130.400158,18942,41,0202aac0051949fe005a5811460e29efbf1ffffffc2246cd1e00000fc0007ebfe9ed0737feebfff600,1,TX 41 seq=19851 rx_latency=1ms tx_dur=1ms,18.366,
2732,10,1306,2864710938,2026-07-14T15:32:23.778292+00:00,130.500134,19042,41,0202aac0051a4a62005a5811460e29efbf1ffffffc2246cd1e00000fc0007ebfe9ed0737feebfff600,1,TX 41 seq=19852 rx_latency=1ms tx_dur=1ms,21.273,
2732,10,1307,2864710939,2026-07-14T15:32:23.878306+00:00,130.600166,19142,41,0202aac0051b4ac6005a5811460e29efbf1ffffffc2246cd1e00000fc0007ebfe9ed0737feebfff600,1,TX 41 seq=19853 rx_latency=1ms tx_dur=1ms,22.868,
2732,10,1308,2864710940,2026-07-14T15:32:23.978291+00:00,130.700134,19242,41,0202aac0051c4b2a005a5811460e29efbf1ffffffc2246cd1e00000fc0007ebfe9ed0737feebfff600,1,TX 41 seq=19854 rx_latency=1ms tx_dur=1ms,14.724,
2732,10,1309,2864710941,2026-07-14T15:32:24.078297+00:00,130.800141,19342,41,0202aac0051d4b8e005a5811460e29efbf1ffffffc2246cd1e00000fc0007ebfe9ed0737feebfff600,1,TX 41 seq=19855 rx_latency=1ms tx_dur=1ms,16.759,
2732,10,1310,2864710942,2026-07-14T15:32:24.178296+00:00,130.900139,19442,41,0202aac0051e4bf2005a5811460e29efbf1ffffffc2246cd1e00000fc0007ebfe9ed0737feebfff600,1,TX 41 seq=19856 rx_latency=1ms tx_dur=1ms,18.932,
2732,10,1311,2864710943,2026-07-14T15:32:24.278293+00:00,131.000134,19542,41,0202aac0051f4c56005a5811460e29efbf1ffffffc2246cd1e00000fc0007ebfe9ed0737feebfff600,1,TX 41 seq=19857 rx_latency=1ms tx_dur=1ms,20.426,
2732,10,1312,2864710944,2026-07-14T15:32:24.378298+00:00,131.100148,19642,41,0202aac005204cba005a5811460e29efbf1ffffffc2246cd1e00000fc0007ebfe9ed0737feebfff600,1,TX 41 seq=19858 rx_latency=1ms tx_dur=1ms,22.151,
2732,10,1313,2864710945,2026-07-14T15:32:24.478292+00:00,131.200133,19742,41,0202aac005214d1e005a5811460e29efbf1ffffffc2246cd1e00000fc0007ebfe9ed0737feebfff600,1,TX 41 seq=19859 rx_latency=1ms tx_dur=1ms,15.040,
2732,10,1314,2864710946,2026-07-14T15:32:24.578297+00:00,131.300142,19842,41,0202aac005224d82005a5811460e29efbf1ffffffc2246cd1e00000fc0007ebfe9ed0737feebfff600,1,TX 41 seq=19860 rx_latency=1ms tx_dur=1ms,16.748,
2732,10,1315,2864710947,2026-07-14T15:32:24.678290+00:00,131.400130,19942,41,0202aac005234de6005a5811460e29efbf1ffffffc2246cd1e00000fc0007ebfe9ed0737feebfff600,1,TX 41 seq=19861 rx_latency=1ms tx_dur=1ms,18.834,
2732,10,1316,2864710948,2026-07-14T15:32:24.778292+00:00,131.500135,20042,41,0202aac005244e4a005a5811460e29efbf1ffffffc2246cd1e00000fc0007ebfe9ed0737feebfff600,1,TX 41 seq=19862 rx_latency=1ms tx_dur=1ms,20.187,
2732,10,1317,2864710949,2026-07-14T15:32:24.878295+00:00,131.600139,20142,41,0202aac005254eae005a5811460e29efbf1ffffffc2246cd1e00000fc0007ebfe9ed0737feebfff600,1,TX 41 seq=19863 rx_latency=1ms tx_dur=1ms,22.372,
2732,10,1318,2864710950,2026-07-14T15:32:24.978310+00:00,131.700176,20242,41,0202aac005264f12005a5811460e29efbf1ffffffc2246cd1e00000fc0007ebfe9ed0737feebfff600,1,TX 41 seq=19864 rx_latency=1ms tx_dur=1ms,14.883,
2732,10,1319,2864710951,2026-07-14T15:32:25.078256+00:00,131.800107,20342,41,0202aac005274f76005a5811460e29efbf1ffffffc2246cd1e00000fc0007ebfe9ed0737feebfff600,1,TX 41 seq=19865 rx_latency=1ms tx_dur=1ms,16.717,
2732,10,1320,2864710952,2026-07-14T15:32:25.178297+00:00,131.900143,20442,41,0202aac005284fda005a5811460e29efbf1ffffffc2246cd1e00000fc0007ebfe9ed0737feebfff600,1,TX 41 seq=19866 rx_latency=1ms tx_dur=1ms,18.436,
2732,10,1321,2864710953,2026-07-14T15:32:25.278293+00:00,132.000137,20542,41,0202aac00529503e005a5811460e29efbf1ffffffc2246cd1e00000fc0007ebfe9ed0737feebfff600,1,TX 41 seq=19867 rx_latency=1ms tx_dur=1ms,20.166,
2732,10,1322,2864710954,2026-07-14T15:32:25.378299+00:00,132.100151,20642,41,0202aac0052a50a2005a5811460e29efbf1ffffffc2246cd1e00000fc0007ebfe9ed0737feebfff600,1,TX 41 seq=19868 rx_latency=1ms tx_dur=1ms,22.787,
2732,10,1323,2864710955,2026-07-14T15:32:25.478295+00:00,132.200141,20742,41,0202aac0052b5106005a5811460e29efbf1ffffffc2246cd1e00000fc0007ebfe9ed0737feebfff600,1,TX 41 seq=19869 rx_latency=1ms tx_dur=1ms,15.043,
2732,10,1324,2864710956,2026-07-14T15:32:25.578297+00:00,132.300148,20842,41,0202aac0052c516a005a5811460e29efbf1ffffffc2246cd1e00000fc0007ebfe9ed0737feebfff600,1,TX 41 seq=19870 rx_latency=1ms tx_dur=1ms,16.228,
2732,10,1325,2864710957,2026-07-14T15:32:25.678316+00:00,132.400191,20942,41,0202aac0052d51ce005a5811460e29efbf1ffffffc2246cd1e00000fc0007ebfe9ed0737feebfff600,1,TX 41 seq=19871 rx_latency=1ms tx_dur=1ms,19.001,
2732,10,1326,2864710958,2026-07-14T15:32:25.778292+00:00,132.500136,21042,41,0202aac0052e5232005a5811460e29efbf1ffffffc2246cd1e00000fc0007ebfe9ed0737feebfff600,1,TX 41 seq=19872 rx_latency=1ms tx_dur=1ms,21.152,
2732,10,1327,2864710959,2026-07-14T15:32:25.878299+00:00,132.600145,21142,41,0202aac0052f5296005a5811460e29efbf1ffffffc2246cd1e00000fc0007ebfe9ed0737feebfff600,1,TX 41 seq=19873 rx_latency=1ms tx_dur=1ms,22.225,
2732,10,1328,2864710960,2026-07-14T15:32:25.978292+00:00,132.700137,21242,41,0202aac0053052fa005a5811460e29efbf1ffffffc2246cd1e00000fc0007ebfe9ed0737feebfff600,1,TX 41 seq=19874 rx_latency=1ms tx_dur=1ms,14.877,
2732,10,1329,2864710961,2026-07-14T15:32:26.078296+00:00,132.800142,21342,41,0202aac00531535e005a5811460e29efbf1ffffffc2246cd1e00000fc0007ebfe9ed0737feebfff600,1,TX 41 seq=19875 rx_latency=1ms tx_dur=1ms,16.588,
2732,10,1330,2864710962,2026-07-14T15:32:26.178300+00:00,132.900158,21442,41,0202aac0053253c2005a5811460e29efbf1ffffffc2246cd1e00000fc0007ebfe9ed0737feebfff600,1,TX 41 seq=19876 rx_latency=1ms tx_dur=1ms,18.315,
2732,10,1331,2864710963,2026-07-14T15:32:26.278293+00:00,133.000139,21542,41,0202aac005335426005a5811460e29efbf1ffffffc2246cd1e00000fc0007ebfe9ed0737feebfff600,1,TX 41 seq=19877 rx_latency=1ms tx_dur=1ms,21.099,
2732,10,1332,2864710964,2026-07-14T15:32:26.378299+00:00,133.100147,21642,41,0202aac00534548a005a5811460e29efbf1ffffffc2246cd1e00000fc0007ebfe9ed0737feebfff600,1,TX 41 seq=19878 rx_latency=1ms tx_dur=1ms,22.663,
2732,10,1333,2864710965,2026-07-14T15:32:26.478684+00:00,133.200947,21742,41,0202aac0053554ee005a5811460e29efbf1ffffffc2246cd1e00000fc0007ebfe9ed0737feebfff600,1,TX 41 seq=19879 rx_latency=1ms tx_dur=1ms,23.462,
2732,10,1334,2864710966,2026-07-14T15:32:26.578295+00:00,133.300145,21842,41,0202aac005365552005a5811460e29efbf1ffffffc2246cd1e00000fc0007ebfe9ed0737feebfff600,1,TX 41 seq=19880 rx_latency=1ms tx_dur=1ms,16.136,
2732,10,1335,2864710967,2026-07-14T15:32:26.678302+00:00,133.400153,21942,41,0202aac0053755b6005a5811460e29efbf1ffffffc2246cd1e00000fc0007ebfe9ed0737feebfff600,1,TX 41 seq=19881 rx_latency=1ms tx_dur=1ms,18.956,
2732,10,1336,2864710968,2026-07-14T15:32:26.778291+00:00,133.500130,22042,41,0202aac00538561a005a5811460e29efbf1ffffffc2246cd1e00000fc0007ebfe9ed0737feebfff600,1,TX 41 seq=19882 rx_latency=1ms tx_dur=1ms,20.494,
2732,10,1337,2864710969,2026-07-14T15:32:26.878245+00:00,133.600089,22142,41,0202aac00539567e005a5811460e29efbf1ffffffc2246cd1e00000fc0007ebfe9ed0737feebfff600,1,TX 41 seq=19883 rx_latency=1ms tx_dur=1ms,22.469,
2732,10,1338,2864710970,2026-07-14T15:32:26.978290+00:00,133.700131,22242,41,0202aac0053a56e2005a5811460e29efbf1ffffffc2246cd1e00000fc0007ebfe9ed0737feebfff600,1,TX 41 seq=19884 rx_latency=1ms tx_dur=1ms,15.127,
2732,10,1339,2864710971,2026-07-14T15:32:27.078298+00:00,133.800141,22342,41,0202aac0053b5746005a5811460e29efbf1ffffffc2246cd1e00000fc0007ebfe9ed0737feebfff600,1,TX 41 seq=19885 rx_latency=1ms tx_dur=1ms,16.833,
2732,10,1340,2864710972,2026-07-14T15:32:27.178305+00:00,133.900166,22442,41,0202aac0053c57aa005a5811460e29efbf1ffffffc2246cd1e00000fc0007ebfe9ed0737feebfff600,1,TX 41 seq=19886 rx_latency=1ms tx_dur=1ms,18.280,
2732,10,1341,2864710973,2026-07-14T15:32:27.278292+00:00,134.000135,22542,41,0202aac0053d580e005a5811460e29efbf1ffffffc2246cd1e00000fc0007ebfe9ed0737feebfff600,1,TX 41 seq=19887 rx_latency=1ms tx_dur=1ms,21.152,
2732,10,1342,2864710974,2026-07-14T15:32:27.378298+00:00,134.100146,22642,41,0202aac0053e5872005a5811460e29efbf1ffffffc2246cd1e00000fc0007ebfe9ed0737feebfff600,1,TX 41 seq=19888 rx_latency=1ms tx_dur=1ms,22.901,
2732,10,1343,2864710975,2026-07-14T15:32:27.478291+00:00,134.200131,22742,41,0202aac0053f58d6005a5811460e29efbf1ffffffc2246cd1e00000fc0007ebfe9ed0737feebfff600,1,TX 41 seq=19889 rx_latency=1ms tx_dur=1ms,14.685,
2732,10,1344,2864710976,2026-07-14T15:32:27.578295+00:00,134.300138,22842,41,0202aac00540593a005a5811460e29efbf1ffffffc2246cd1e00000fc0007ebfe9ed0737feebfff600,1,TX 41 seq=19890 rx_latency=1ms tx_dur=1ms,16.730,
2732,10,1345,2864710977,2026-07-14T15:32:27.678303+00:00,134.400157,22942,41,0202aac00541599e005a5811460e29efbf1ffffffc2246cd1e00000fc0007ebfe9ed0737feebfff600,1,TX 41 seq=19891 rx_latency=1ms tx_dur=1ms,18.846,
2732,10,1346,2864710978,2026-07-14T15:32:27.778290+00:00,134.500130,23042,41,0202aac005425a02005a5811460e29efbf1ffffffc2246cd1e00000fc0007ebfe9ed0737feebfff600,1,TX 41 seq=19892 rx_latency=1ms tx_dur=1ms,20.385,
2732,10,1347,2864710979,2026-07-14T15:32:27.878302+00:00,134.600154,23142,41,0202aac005435a66005a5811460e29efbf1ffffffc2246cd1e00000fc0007ebfe9ed0737feebfff600,1,TX 41 seq=19893 rx_latency=1ms tx_dur=1ms,23.175,
2732,10,1348,2864710980,2026-07-14T15:32:27.978292+00:00,134.700133,23242,41,0202aac005445aca005a5811460e29efbf1ffffffc2246cd1e00000fc0007ebfe9ed0737feebfff600,1,TX 41 seq=19894 rx_latency=1ms tx_dur=1ms,14.998,
2732,10,1349,2864710981,2026-07-14T15:32:28.078296+00:00,134.800138,23342,41,0202aac005455b2e005a5811460e29efbf1ffffffc2246cd1e00000fc0007ebfe9ed0737feebfff600,1,TX 41 seq=19895 rx_latency=1ms tx_dur=1ms,16.712,
2732,10,1350,2864710982,2026-07-14T15:32:28.178298+00:00,134.900150,23442,41,0202aac005465b92005a5811460e29efbf1ffffffc2246cd1e00000fc0007ebfe9ed0737feebfff600,1,TX 41 seq=19896 rx_latency=1ms tx_dur=1ms,18.228,
2732,10,1351,2864710983,2026-07-14T15:32:28.278294+00:00,135.000143,23542,41,0202aac005475bf6005a5811460e29efbf1ffffffc2246cd1e00000fc0007ebfe9ed0737feebfff600,1,TX 41 seq=19897 rx_latency=1ms tx_dur=1ms,20.992,
2732,10,1352,2864710984,2026-07-14T15:32:28.378298+00:00,135.100146,23642,41,0202aac005485c5a005a5811460e29efbf1ffffffc2246cd1e00000fc0007ebfe9ed0737feebfff600,1,TX 41 seq=19898 rx_latency=1ms tx_dur=1ms,22.782,
2732,10,1353,2864710985,2026-07-14T15:32:28.478293+00:00,135.200135,23742,41,0202aac005495cbe005a5811460e29efbf1ffffffc2246cd1e00000fc0007ebfe9ed0737feebfff600,1,TX 41 seq=19899 rx_latency=1ms tx_dur=1ms,14.561,
2732,10,1354,2864710986,2026-07-14T15:32:28.578296+00:00,135.300138,23842,41,0202aac0054a5d22005a5811460e29efbf1ffffffc2246cd1e00000fc0007ebfe9ed0737feebfff600,1,TX 41 seq=19900 rx_latency=1ms tx_dur=1ms,17.209,
2732,10,1355,2864710987,2026-07-14T15:32:28.678298+00:00,135.400145,23942,41,0202aac0054b5d86005a5811460e29efbf1ffffffc2246cd1e00000fc0007ebfe9ed0737feebfff600,1,TX 41 seq=19901 rx_latency=1ms tx_dur=1ms,18.912,
2732,10,1356,2864710988,2026-07-14T15:32:28.778291+00:00,135.500132,24042,41,0202aac0054c5dea005a5811460e29efbf1ffffffc2246cd1e00000fc0007ebfe9ed0737feebfff600,1,TX 41 seq=19902 rx_latency=1ms tx_dur=1ms,20.607,
2732,10,1357,2864710989,2026-07-14T15:32:28.878297+00:00,135.600141,24142,41,0202aac0054d5e4e005a5811460e29efbf1ffffffc2246cd1e00000fc0007ebfe9ed0737feebfff600,1,TX 41 seq=19903 rx_latency=1ms tx_dur=1ms,22.355,
2732,10,1358,2864710990,2026-07-14T15:32:28.978291+00:00,135.700130,24242,41,0202aac0054e5eb2005a5811460e29efbf1ffffffc2246cd1e00000fc0007ebfe9ed0737feebfff600,1,TX 41 seq=19904 rx_latency=1ms tx_dur=1ms,14.492,
2732,10,1359,2864710991,2026-07-14T15:32:29.078297+00:00,135.800138,24342,41,0202aac0054f5f16005a5811460e29efbf1ffffffc2246cd1e00000fc0007ebfe9ed0737feebfff600,1,TX 41 seq=19905 rx_latency=1ms tx_dur=1ms,16.922,
2732,10,1360,2864710992,2026-07-14T15:32:29.178296+00:00,135.900136,24442,41,0202aac005505f7a005a5811460e29efbf1ffffffc2246cd1e00000fc0007ebfe9ed0737feebfff600,1,TX 41 seq=19906 rx_latency=1ms tx_dur=1ms,19.088,
2732,10,1361,2864710993,2026-07-14T15:32:29.278296+00:00,136.000136,24542,41,0202aac005515fde005a5811460e29efbf1ffffffc2246cd1e00000fc0007ebfe9ed0737feebfff600,1,TX 41 seq=19907 rx_latency=1ms tx_dur=1ms,21.172,
2732,10,1362,2864710994,2026-07-14T15:32:29.378296+00:00,136.100135,24642,41,0202aac005526042005a5811460e29efbf1ffffffc2246cd1e00000fc0007ebfe9ed0737feebfff600,1,TX 41 seq=19908 rx_latency=1ms tx_dur=1ms,22.413,
2732,10,1363,2864710995,2026-07-14T15:32:29.478298+00:00,136.200152,24742,41,0202aac0055360a6005a5811460e29efbf1ffffffc2246cd1e00000fc0007ebfe9ed0737feebfff600,1,TX 41 seq=19909 rx_latency=1ms tx_dur=1ms,14.792,
2732,10,1364,2864710996,2026-07-14T15:32:29.578298+00:00,136.300147,24842,41,0202aac00554610a005a5811460e29efbf1ffffffc2246cd1e00000fc0007ebfe9ed0737feebfff600,1,TX 41 seq=19910 rx_latency=1ms tx_dur=1ms,16.546,
2732,10,1365,2864710997,2026-07-14T15:32:29.678291+00:00,136.400130,24942,41,0202aac00555616e005a5811460e29efbf1ffffffc2246cd1e00000fc0007ebfe9ed0737feebfff600,1,TX 41 seq=19911 rx_latency=1ms tx_dur=1ms,18.286,
2732,10,1366,2864710998,2026-07-14T15:32:29.778296+00:00,136.500140,25042,41,0202aac0055661d2005a5811460e29efbf1ffffffc2246cd1e00000fc0007ebfe9ed0737feebfff600,1,TX 41 seq=19912 rx_latency=1ms tx_dur=1ms,21.148,
2732,10,1367,2864710999,2026-07-14T15:32:29.878292+00:00,136.600134,25142,41,0202aac005576236005a5811460e29efbf1ffffffc2246cd1e00000fc0007ebfe9ed0737feebfff600,1,TX 41 seq=19913 rx_latency=1ms tx_dur=1ms,22.608,
2732,10,1368,2864711000,2026-07-14T15:32:29.978298+00:00,136.700146,25242,41,0202aac00558629a005a5811460e29efbf1ffffffc2246cd1e00000fc0007ebfe9ed0737feebfff600,1,TX 41 seq=19914 rx_latency=1ms tx_dur=1ms,14.382,
2732,10,1369,2864711001,2026-07-14T15:32:30.078289+00:00,136.800127,25342,41,0202aac0055962fe005a5811460e29efbf1ffffffc2246cd1e00000fc0007ebfe9ed0737feebfff600,1,TX 41 seq=19915 rx_latency=1ms tx_dur=1ms,17.313,
2732,10,1370,2864711002,2026-07-14T15:32:30.178298+00:00,136.900149,25442,41,0202aac0055a6362005a5811460e29efbf1ffffffc2246cd1e00000fc0007ebfe9ed0737feebfff600,1,TX 41 seq=19916 rx_latency=1ms tx_dur=1ms,18.951,
2732,10,1371,2864711003,2026-07-14T15:32:30.278290+00:00,137.000129,25542,41,0202aac0055b63c6005a5811460e29efbf1ffffffc2246cd1e00000fc0007ebfe9ed0737feebfff600,1,TX 41 seq=19917 rx_latency=1ms tx_dur=1ms,21.015,
2732,10,1372,2864711004,2026-07-14T15:32:30.378296+00:00,137.100138,25642,41,0202aac0055c642a005a5811460e29efbf1ffffffc2246cd1e00000fc0007ebfe9ed0737feebfff600,1,TX 41 seq=19918 rx_latency=1ms tx_dur=1ms,22.391,
2732,10,1373,2864711005,2026-07-14T15:32:30.478297+00:00,137.200147,25742,41,0202aac0055d648e005a5811460e29efbf1ffffffc2246cd1e00000fc0007ebfe9ed0737feebfff600,1,TX 41 seq=19919 rx_latency=1ms tx_dur=1ms,14.549,
2732,10,1374,2864711006,2026-07-14T15:32:30.578297+00:00,137.300144,25842,41,0202aac0055e64f2005a5811460e29efbf1ffffffc2246cd1e00000fc0007ebfe9ed0737feebfff600,1,TX 41 seq=19920 rx_latency=1ms tx_dur=1ms,17.227,
2732,10,1375,2864711007,2026-07-14T15:32:30.678244+00:00,137.400083,25942,41,0202aac0055f6556005a5811460e29efbf1ffffffc2246cd1e00000fc0007ebfe9ed0737feebfff600,1,TX 41 seq=19921 rx_latency=1ms tx_dur=1ms,18.972,
2732,10,1376,2864711008,2026-07-14T15:32:30.778297+00:00,137.500141,26042,41,0202aac0056065ba005a5811460e29efbf1ffffffc2246cd1e00000fc0007ebfe9ed0737feebfff600,1,TX 41 seq=19922 rx_latency=1ms tx_dur=1ms,20.659,
2732,10,1377,2864711009,2026-07-14T15:32:30.878290+00:00,137.600127,26142,41,0202aac00561661e005a5811460e29efbf1ffffffc2246cd1e00000fc0007ebfe9ed0737feebfff600,1,TX 41 seq=19923 rx_latency=1ms tx_dur=1ms,22.347,
2732,10,1378,2864711010,2026-07-14T15:32:30.978299+00:00,137.700145,26242,41,0202aac005626682005a5811460e29efbf1ffffffc2246cd1e00000fc0007ebfe9ed0737feebfff600,1,TX 41 seq=19924 rx_latency=1ms tx_dur=1ms,14.553,
2732,10,1379,2864711011,2026-07-14T15:32:31.078309+00:00,137.800176,26342,41,0202aac0056366e6005a5811460e29efbf1ffffffc2246cd1e00000fc0007ebfe9ed0737feebfff600,1,TX 41 seq=19925 rx_latency=1ms tx_dur=1ms,16.624,
2732,10,1380,2864711012,2026-07-14T15:32:31.178298+00:00,137.900149,26442,41,0202aac00564674a005a5811460e29efbf1ffffffc2246cd1e00000fc0007ebfe9ed0737feebfff600,1,TX 41 seq=19926 rx_latency=1ms tx_dur=1ms,18.233,
2732,10,1381,2864711013,2026-07-14T15:32:31.278289+00:00,138.000130,26542,41,0202aac0056567ae005a5811460e29efbf1ffffffc2246cd1e00000fc0007ebfe9ed0737feebfff600,1,TX 41 seq=19927 rx_latency=1ms tx_dur=1ms,21.105,
2732,10,1382,2864711014,2026-07-14T15:32:31.378302+00:00,138.100158,26642,41,0202aac005666812005a5811460e29efbf1ffffffc2246cd1e00000fc0007ebfe9ed0737feebfff600,1,TX 41 seq=19928 rx_latency=1ms tx_dur=1ms,22.782,
2732,10,1383,2864711015,2026-07-14T15:32:31.478299+00:00,138.200154,26742,41,0202aac005676876005a5811460e29efbf1ffffffc2246cd1e00000fc0007ebfe9ed0737feebfff600,1,TX 41 seq=19929 rx_latency=1ms tx_dur=1ms,14.544,
2732,10,1384,2864711016,2026-07-14T15:32:31.578300+00:00,138.300150,26842,41,0202aac0056868da005a5811460e29efbf1ffffffc2246cd1e00000fc0007ebfe9ed0737feebfff600,1,TX 41 seq=19930 rx_latency=1ms tx_dur=1ms,17.196,
2732,10,1385,2864711017,2026-07-14T15:32:31.678309+00:00,138.400182,26942,41,0202aac00569693e005a5811460e29efbf1ffffffc2246cd1e00000fc0007ebfe9ed0737feebfff600,1,TX 41 seq=19931 rx_latency=1ms tx_dur=1ms,18.795,
2732,10,1386,2864711018,2026-07-14T15:32:31.778293+00:00,138.500137,27042,41,0202aac0056a69a2005a5811460e29efbf1ffffffc2246cd1e00000fc0007ebfe9ed0737feebfff600,1,TX 41 seq=19932 rx_latency=1ms tx_dur=1ms,20.615,
2732,10,1387,2864711019,2026-07-14T15:32:31.878298+00:00,138.600148,27142,41,0202aac0056b6a06005a5811460e29efbf1ffffffc2246cd1e00000fc0007ebfe9ed0737feebfff600,1,TX 41 seq=19933 rx_latency=1ms tx_dur=1ms,22.359,
2732,10,1388,2864711020,2026-07-14T15:32:31.978294+00:00,138.700143,27242,41,0202aac0056c6a6a005a5811460e29efbf1ffffffc2246cd1e00000fc0007ebfe9ed0737feebfff600,1,TX 41 seq=19934 rx_latency=1ms tx_dur=1ms,14.487,
2732,10,1389,2864711021,2026-07-14T15:32:32.078297+00:00,138.800141,27342,41,0202aac0056d6ace005a5811460e29efbf1ffffffc2246cd1e00000fc0007ebfe9ed0737feebfff600,1,TX 41 seq=19935 rx_latency=1ms tx_dur=1ms,16.929,
2732,10,1390,2864711022,2026-07-14T15:32:32.178298+00:00,138.900146,27442,41,0202aac0056e6b32005a5811460e29efbf1ffffffc2246cd1e00000fc0007ebfe9ed0737feebfff600,1,TX 41 seq=19936 rx_latency=1ms tx_dur=1ms,19.072,
2732,10,1391,2864711023,2026-07-14T15:32:32.278297+00:00,139.000140,27542,41,0202aac0056f6b96005a5811460e29efbf1ffffffc2246cd1e00000fc0007ebfe9ed0737feebfff600,1,TX 41 seq=19937 rx_latency=1ms tx_dur=1ms,21.171,
2732,10,1392,2864711024,2026-07-14T15:32:32.378295+00:00,139.100137,27642,41,0202aac005706bfa005a5811460e29efbf1ffffffc2246cd1e00000fc0007ebfe9ed0737feebfff600,1,TX 41 seq=19938 rx_latency=1ms tx_dur=1ms,22.201,
2732,10,1393,2864711025,2026-07-14T15:32:32.478296+00:00,139.200142,27742,41,0202aac005716c5e005a5811460e29efbf1ffffffc2246cd1e00000fc0007ebfe9ed0737feebfff600,1,TX 41 seq=19939 rx_latency=1ms tx_dur=1ms,14.854,
2732,10,1394,2864711026,2026-07-14T15:32:32.578298+00:00,139.300145,27842,41,0202aac005726cc2005a5811460e29efbf1ffffffc2246cd1e00000fc0007ebfe9ed0737feebfff600,1,TX 41 seq=19940 rx_latency=1ms tx_dur=1ms,16.574,
2732,10,1395,2864711027,2026-07-14T15:32:32.678298+00:00,139.400150,27942,41,0202aac005736d26005a5811460e29efbf1ffffffc2246cd1e00000fc0007ebfe9ed0737feebfff600,1,TX 41 seq=19941 rx_latency=1ms tx_dur=1ms,18.269,
2732,10,1396,2864711028,2026-07-14T15:32:32.778291+00:00,139.500135,28042,41,0202aac005746d8a005a5811460e29efbf1ffffffc2246cd1e00000fc0007ebfe9ed0737feebfff600,1,TX 41 seq=19942 rx_latency=1ms tx_dur=1ms,21.098,
2732,10,1397,2864711029,2026-07-14T15:32:32.878298+00:00,139.600145,28142,41,0202aac005756dee005a5811460e29efbf1ffffffc2246cd1e00000fc0007ebfe9ed0737feebfff600,1,TX 41 seq=19943 rx_latency=1ms tx_dur=1ms,22.641,
2732,10,1398,2864711030,2026-07-14T15:32:32.978290+00:00,139.700128,28242,41,0202aac005766e52005a5811460e29efbf1ffffffc2246cd1e00000fc0007ebfe9ed0737feebfff600,1,TX 41 seq=19944 rx_latency=1ms tx_dur=1ms,14.451,
2732,10,1399,2864711031,2026-07-14T15:32:33.078296+00:00,139.800138,28342,41,0202aac005776eb6005a5811460e29efbf1ffffffc2246cd1e00000fc0007ebfe9ed0737feebfff600,1,TX 41 seq=19945 rx_latency=1ms tx_dur=1ms,16.149,
2732,10,1400,2864711032,2026-07-14T15:32:33.178297+00:00,139.900141,28442,41,0202aac005786f1a005a5811460e29efbf1ffffffc2246cd1e00000fc0007ebfe9ed0737feebfff600,1,TX 41 seq=19946 rx_latency=1ms tx_dur=1ms,18.977,
2732,10,1401,2864711033,2026-07-14T15:32:33.278297+00:00,140.000149,28542,41,0202aac005796f7e005a5811460e29efbf1ffffffc2246cd1e00000fc0007ebfe9ed0737feebfff600,1,TX 41 seq=19947 rx_latency=1ms tx_dur=1ms,20.428,
2732,10,1402,2864711034,2026-07-14T15:32:33.378299+00:00,140.100148,28642,41,0202aac0057a6fe2005a5811460e29efbf1ffffffc2246cd1e00000fc0007ebfe9ed0737feebfff600,1,TX 41 seq=19948 rx_latency=1ms tx_dur=1ms,22.186,
2732,10,1403,2864711035,2026-07-14T15:32:33.478289+00:00,140.200128,28742,41,0202aac0057b7046005a5811460e29efbf1ffffffc2246cd1e00000fc0007ebfe9ed0737feebfff600,1,TX 41 seq=19949 rx_latency=1ms tx_dur=1ms,15.117,
2732,10,1404,2864711036,2026-07-14T15:32:33.578293+00:00,140.300139,28842,41,0202aac0057c70aa005a5811460e29efbf1ffffffc2246cd1e00000fc0007ebfe9ed0737feebfff600,1,TX 41 seq=19950 rx_latency=1ms tx_dur=1ms,16.819,
2732,10,1405,2864711037,2026-07-14T15:32:33.678299+00:00,140.400150,28942,41,0202aac0057d710e005a5811460e29efbf1ffffffc2246cd1e00000fc0007ebfe9ed0737feebfff600,1,TX 41 seq=19951 rx_latency=1ms tx_dur=1ms,18.783,
2732,10,1406,2864711038,2026-07-14T15:32:33.778298+00:00,140.500151,29042,41,0202aac0057e7172005a5811460e29efbf1ffffffc2246cd1e00000fc0007ebfe9ed0737feebfff600,1,TX 41 seq=19952 rx_latency=1ms tx_dur=1ms,21.135,
2732,10,1407,2864711039,2026-07-14T15:32:33.878301+00:00,140.600150,29142,41,0202aac0057f71d6005a5811460e29efbf1ffffffc2246cd1e00000fc0007ebfe9ed0737feebfff600,1,TX 41 seq=19953 rx_latency=1ms tx_dur=1ms,22.861,
2732,10,1408,2864711040,2026-07-14T15:32:33.978290+00:00,140.700130,29242,41,0202aac00580723a005a5811460e29efbf1ffffffc2246cd1e00000fc0007ebfe9ed0737feebfff600,1,TX 41 seq=19954 rx_latency=1ms tx_dur=1ms,14.663,
2732,10,1409,2864711041,2026-07-14T15:32:34.078297+00:00,140.800142,29342,41,0202aac00581729e005a5811460e29efbf1ffffffc2246cd1e00000fc0007ebfe9ed0737feebfff600,1,TX 41 seq=19955 rx_latency=1ms tx_dur=1ms,17.235,
2732,10,1410,2864711042,2026-07-14T15:32:34.178302+00:00,140.900160,29442,41,0202aac005827302005a5811460e29efbf1ffffffc2246cd1e00000fc0007ebfe9ed0737feebfff600,1,TX 41 seq=19956 rx_latency=1ms tx_dur=1ms,18.810,
2732,10,1411,2864711043,2026-07-14T15:32:34.278294+00:00,141.000141,29542,41,0202aac005837366005a5811460e29efbf1ffffffc2246cd1e00000fc0007ebfe9ed0737feebfff600,1,TX 41 seq=19957 rx_latency=1ms tx_dur=1ms,20.331,
2732,10,1412,2864711044,2026-07-14T15:32:34.378298+00:00,141.100143,29642,41,0202aac0058473ca005a5811460e29efbf1ffffffc2246cd1e00000fc0007ebfe9ed0737feebfff600,1,TX 41 seq=19958 rx_latency=1ms tx_dur=1ms,23.199,
2732,10,1413,2864711045,2026-07-14T15:32:34.478293+00:00,141.200136,29742,41,0202aac00585742e005a5811460e29efbf1ffffffc2246cd1e00000fc0007ebfe9ed0737feebfff600,1,TX 41 seq=19959 rx_latency=1ms tx_dur=1ms,14.981,
2732,10,1414,2864711046,2026-07-14T15:32:34.578302+00:00,141.300163,29842,41,0202aac005867492005a5811460e29efbf1ffffffc2246cd1e00000fc0007ebfe9ed0737feebfff600,1,TX 41 seq=19960 rx_latency=1ms tx_dur=1ms,16.625,
2732,10,1415,2864711047,2026-07-14T15:32:34.678301+00:00,141.400156,29942,41,0202aac0058774f6005a5811460e29efbf1ffffffc2246cd1e00000fc0007ebfe9ed0737feebfff600,1,TX 41 seq=19961 rx_latency=1ms tx_dur=1ms,18.193,
2732,10,1416,2864711048,2026-07-14T15:32:34.778298+00:00,141.500152,30042,41,0202aac00588755a005a5811460e29efbf1ffffffc2246cd1e00000fc0007ebfe9ed0737feebfff600,1,TX 41 seq=19962 rx_latency=1ms tx_dur=1ms,20.978,
2732,10,1417,2864711049,2026-07-14T15:32:34.878296+00:00,141.600143,30142,41,0202aac0058975be005a5811460e29efbf1ffffffc2246cd1e00000fc0007ebfe9ed0737feebfff600,1,TX 41 seq=19963 rx_latency=1ms tx_dur=1ms,22.763,
2732,10,1418,2864711050,2026-07-14T15:32:34.978297+00:00,141.700151,30242,41,0202aac0058a7622005a5811460e29efbf1ffffffc2246cd1e00000fc0007ebfe9ed0737feebfff600,1,TX 41 seq=19964 rx_latency=1ms tx_dur=1ms,14.514,
2732,10,1419,2864711051,2026-07-14T15:32:35.078302+00:00,141.800155,30342,41,0202aac0058b7686005a5811460e29efbf1ffffffc2246cd1e00000fc0007ebfe9ed0737feebfff600,1,TX 41 seq=19965 rx_latency=1ms tx_dur=1ms,17.157,
2732,10,1420,2864711052,2026-07-14T15:32:35.178298+00:00,141.900143,30442,41,0202aac0058c76ea005a5811460e29efbf1ffffffc2246cd1e00000fc0007ebfe9ed0737feebfff600,1,TX 41 seq=19966 rx_latency=1ms tx_dur=1ms,18.881,
2732,10,1421,2864711053,2026-07-14T15:32:35.278299+00:00,142.000144,30542,41,0202aac0058d774e005a5811460e29efbf1ffffffc2246cd1e00000fc0007ebfe9ed0737feebfff600,1,TX 41 seq=19967 rx_latency=1ms tx_dur=1ms,20.602,
2732,10,1422,2864711054,2026-07-14T15:32:35.378296+00:00,142.100138,30642,41,0202aac0058e77b2005a5811460e29efbf1ffffffc2246cd1e00000fc0007ebfe9ed0737feebfff600,1,TX 41 seq=19968 rx_latency=1ms tx_dur=1ms,22.359,
2732,10,1423,2864711055,2026-07-14T15:32:35.478229+00:00,142.200071,30742,41,0202aac0058f7816005a5811460e29efbf1ffffffc2246cd1e00000fc0007ebfe9ed0737feebfff600,1,TX 41 seq=19969 rx_latency=1ms tx_dur=1ms,14.529,
2732,10,1424,2864711056,2026-07-14T15:32:35.578312+00:00,142.300179,30842,41,0202aac00590787a005a5811460e29efbf1ffffffc2246cd1e00000fc0007ebfe9ed0737feebfff600,1,TX 41 seq=19970 rx_latency=1ms tx_dur=1ms,16.944,
2732,10,1425,2864711057,2026-07-14T15:32:35.678239+00:00,142.400090,30942,41,0202aac0059178de005a5811460e29efbf1ffffffc2246cd1e00000fc0007ebfe9ed0737feebfff600,1,TX 41 seq=19971 rx_latency=1ms tx_dur=1ms,19.210,
2732,10,1426,2864711058,2026-07-14T15:32:35.778228+00:00,142.500072,31042,41,0202aac005927942005a5811460e29efbf1ffffffc2246cd1e00000fc0007ebfe9ed0737feebfff600,1,TX 41 seq=19972 rx_latency=1ms tx_dur=1ms,21.314,
2732,10,1427,2864711059,2026-07-14T15:32:35.878297+00:00,142.600142,31142,41,0202aac0059379a6005a5811460e29efbf1ffffffc2246cd1e00000fc0007ebfe9ed0737feebfff600,1,TX 41 seq=19973 rx_latency=1ms tx_dur=1ms,22.275,
2732,10,1428,2864711060,2026-07-14T15:32:35.978300+00:00,142.700159,31242,41,0202aac005947a0a005a5811460e29efbf1ffffffc2246cd1e00000fc0007ebfe9ed0737feebfff600,1,TX 41 seq=19974 rx_latency=1ms tx_dur=1ms,14.906,
2732,10,1429,2864711061,2026-07-14T15:32:36.078299+00:00,142.800148,31342,41,0202aac005957a6e005a5811460e29efbf1ffffffc2246cd1e00000fc0007ebfe9ed0737feebfff600,1,TX 41 seq=19975 rx_latency=1ms tx_dur=1ms,16.651,
2732,10,1430,2864711062,2026-07-14T15:32:36.178297+00:00,142.900141,31442,41,0202aac005967ad2005a5811460e29efbf1ffffffc2246cd1e00000fc0007ebfe9ed0737feebfff600,1,TX 41 seq=19976 rx_latency=1ms tx_dur=1ms,18.404,
2732,10,1431,2864711063,2026-07-14T15:32:36.278296+00:00,143.000138,31542,41,0202aac005977b36005a5811460e29efbf1ffffffc2246cd1e00000fc0007ebfe9ed0737feebfff600,1,TX 41 seq=19977 rx_latency=1ms tx_dur=1ms,21.233,
2732,10,1432,2864711064,2026-07-14T15:32:36.378295+00:00,143.100136,31642,41,0202aac005987b9a005a5811460e29efbf1ffffffc2246cd1e00000fc0007ebfe9ed0737feebfff600,1,TX 41 seq=19978 rx_latency=1ms tx_dur=1ms,22.178,
2732,10,1433,2864711065,2026-07-14T15:32:36.478293+00:00,143.200136,31742,41,0202aac005997bfe005a5811460e29efbf1ffffffc2246cd1e00000fc0007ebfe9ed0737feebfff600,1,TX 41 seq=19979 rx_latency=1ms tx_dur=1ms,14.719,
2732,10,1434,2864711066,2026-07-14T15:32:36.578249+00:00,143.300108,31842,41,0202aac0059a7c62005a5811460e29efbf1ffffffc2246cd1e00000fc0007ebfe9ed0737feebfff600,1,TX 41 seq=19980 rx_latency=1ms tx_dur=1ms,16.837,
2732,10,1435,2864711067,2026-07-14T15:32:36.678304+00:00,143.400156,31942,41,0202aac0059b7cc6005a5811460e29efbf1ffffffc2246cd1e00000fc0007ebfe9ed0737feebfff600,1,TX 41 seq=19981 rx_latency=1ms tx_dur=1ms,18.312,
2732,10,1436,2864711068,2026-07-14T15:32:36.778296+00:00,143.500142,32042,41,0202aac0059c7d2a005a5811460e29efbf1ffffffc2246cd1e00000fc0007ebfe9ed0737feebfff600,1,TX 41 seq=19982 rx_latency=1ms tx_dur=1ms,21.209,
2732,10,1437,2864711069,2026-07-14T15:32:36.878296+00:00,143.600139,32142,41,0202aac0059d7d8e005a5811460e29efbf1ffffffc2246cd1e00000fc0007ebfe9ed0737feebfff600,1,TX 41 seq=19983 rx_latency=1ms tx_dur=1ms,22.920,
2732,10,1438,2864711070,2026-07-14T15:32:36.978302+00:00,143.700157,32242,41,0202aac0059e7df2005a5811460e29efbf1ffffffc2246cd1e00000fc0007ebfe9ed0737feebfff600,1,TX 41 seq=19984 rx_latency=1ms tx_dur=1ms,14.614,
2732,10,1439,2864711071,2026-07-14T15:32:37.078295+00:00,143.800143,32342,41,0202aac0059f7e56005a5811460e29efbf1ffffffc2246cd1e00000fc0007ebfe9ed0737feebfff600,1,TX 41 seq=19985 rx_latency=1ms tx_dur=1ms,16.722,
2732,10,1440,2864711072,2026-07-14T15:32:37.178299+00:00,143.900144,32442,41,0202aac005a07eba005a5811460e29efbf1ffffffc2246cd1e00000fc0007ebfe9ed0737feebfff600,1,TX 41 seq=19986 rx_latency=1ms tx_dur=1ms,18.879,
2732,10,1441,2864711073,2026-07-14T15:32:37.278297+00:00,144.000139,32542,41,0202aac005a17f1e005a5811460e29efbf1ffffffc2246cd1e00000fc0007ebfe9ed0737feebfff600,1,TX 41 seq=19987 rx_latency=1ms tx_dur=1ms,20.392,
2732,10,1442,2864711074,2026-07-14T15:32:37.378240+00:00,144.100081,32642,41,0202aac005a27f82005a5811460e29efbf1ffffffc2246cd1e00000fc0007ebfe9ed0737feebfff600,1,TX 41 seq=19988 rx_latency=1ms tx_dur=1ms,23.197,
2732,10,1443,2864711075,2026-07-14T15:32:37.478300+00:00,144.200140,32742,41,0202aac005a37fe6005a5811460e29efbf1ffffffc2246cd1e00000fc0007ebfe9ed0737feebfff600,1,TX 41 seq=19989 rx_latency=1ms tx_dur=1ms,15.073,
2732,10,1444,2864711076,2026-07-14T15:32:37.578301+00:00,144.300145,32842,41,0202aac005a4804a005a5811460e29efbf1ffffffc2246cd1e00000fc0007ebfe9ed0737feebfff600,1,TX 41 seq=19990 rx_latency=1ms tx_dur=1ms,16.651,
2732,10,1445,2864711077,2026-07-14T15:32:37.678317+00:00,144.400184,32942,41,0202aac005a580ae005a5811460e29efbf1ffffffc2246cd1e00000fc0007ebfe9ed0737feebfff600,1,TX 41 seq=19991 rx_latency=1ms tx_dur=1ms,18.127,
2732,10,1446,2864711078,2026-07-14T15:32:37.778290+00:00,144.500133,33042,41,0202aac005a68112005a5811460e29efbf1ffffffc2246cd1e00000fc0007ebfe9ed0737feebfff600,1,TX 41 seq=19992 rx_latency=1ms tx_dur=1ms,21.150,
2732,10,1447,2864711079,2026-07-14T15:32:37.878295+00:00,144.600139,33142,41,0202aac005a78176005a5811460e29efbf1ffffffc2246cd1e00000fc0007ebfe9ed0737feebfff600,1,TX 41 seq=19993 rx_latency=1ms tx_dur=1ms,22.798,
2732,10,1448,2864711080,2026-07-14T15:32:37.978300+00:00,144.700149,33242,41,0202aac005a881da005a5811460e29efbf1ffffffc2246cd1e00000fc0007ebfe9ed0737feebfff600,1,TX 41 seq=19994 rx_latency=1ms tx_dur=1ms,14.491,
2732,10,1449,2864711081,2026-07-14T15:32:38.078291+00:00,144.800130,33342,41,0202aac005a9823e005a5811460e29efbf1ffffffc2246cd1e00000fc0007ebfe9ed0737feebfff600,1,TX 41 seq=19995 rx_latency=1ms tx_dur=1ms,16.701,
2732,10,1450,2864711082,2026-07-14T15:32:38.178296+00:00,144.900140,33442,41,0202aac005aa82a2005a5811460e29efbf1ffffffc2246cd1e00000fc0007ebfe9ed0737feebfff600,1,TX 41 seq=19996 rx_latency=1ms tx_dur=1ms,19.158,
2732,10,1451,2864711083,2026-07-14T15:32:38.278307+00:00,145.000168,33542,41,0202aac005ab8306005a5811460e29efbf1ffffffc2246cd1e00000fc0007ebfe9ed0737feebfff600,1,TX 41 seq=19997 rx_latency=1ms tx_dur=1ms,21.115,
2732,10,1452,2864711084,2026-07-14T15:32:38.378291+00:00,145.100133,33642,41,0202aac005ac836a005a5811460e29efbf1ffffffc2246cd1e00000fc0007ebfe9ed0737feebfff600,1,TX 41 seq=19998 rx_latency=1ms tx_dur=1ms,22.262,
2732,10,1453,2864711085,2026-07-14T15:32:38.478296+00:00,145.200140,33742,41,0202aac005ad83ce005a5811460e29efbf1ffffffc2246cd1e00000fc0007ebfe9ed0737feebfff600,1,TX 41 seq=19999 rx_latency=1ms tx_dur=1ms,14.700,
2732,10,1454,2864711086,2026-07-14T15:32:38.578296+00:00,145.300137,33842,41,0202aac005ae8432005a5811460e29efbf1ffffffc2246cd1e00000fc0007ebfe9ed0737feebfff600,1,TX 41 seq=20000 rx_latency=1ms tx_dur=1ms,16.867,
2732,10,1455,2864711087,2026-07-14T15:32:38.678296+00:00,145.400142,33942,41,0202aac005af8496005a5811460e29efbf1ffffffc2246cd1e00000fc0007ebfe9ed0737feebfff600,1,TX 41 seq=20001 rx_latency=1ms tx_dur=1ms,18.901,
2732,10,1456,2864711088,2026-07-14T15:32:38.778294+00:00,145.500140,34042,41,0202aac005b084fa005a5811460e29efbf1ffffffc2246cd1e00000fc0007ebfe9ed0737feebfff600,1,TX 41 seq=20002 rx_latency=1ms tx_dur=1ms,20.316,
2732,10,1457,2864711089,2026-07-14T15:32:38.878296+00:00,145.600141,34142,41,0202aac005b1855e005a5811460e29efbf1ffffffc2246cd1e00000fc0007ebfe9ed0737feebfff600,1,TX 41 seq=20003 rx_latency=1ms tx_dur=1ms,22.393,
2732,10,1458,2864711090,2026-07-14T15:32:38.978289+00:00,145.700127,34242,41,0202aac005b285c2005a5811460e29efbf1ffffffc2246cd1e00000fc0007ebfe9ed0737feebfff600,1,TX 41 seq=20004 rx_latency=1ms tx_dur=1ms,14.578,
2732,10,1459,2864711091,2026-07-14T15:32:39.078296+00:00,145.800138,34342,41,0202aac005b38626005a5811460e29efbf1ffffffc2246cd1e00000fc0007ebfe9ed0737feebfff600,1,TX 41 seq=20005 rx_latency=1ms tx_dur=1ms,16.693,
2732,10,1460,2864711092,2026-07-14T15:32:39.178295+00:00,145.900137,34442,41,0202aac005b4868a005a5811460e29efbf1ffffffc2246cd1e00000fc0007ebfe9ed0737feebfff600,1,TX 41 seq=20006 rx_latency=1ms tx_dur=1ms,18.221,
2732,10,1461,2864711093,2026-07-14T15:32:39.278304+00:00,146.000161,34542,41,0202aac005b586ee005a5811460e29efbf1ffffffc2246cd1e00000fc0007ebfe9ed0737feebfff600,1,TX 41 seq=20007 rx_latency=1ms tx_dur=1ms,20.996,
2732,10,1462,2864711094,2026-07-14T15:32:39.378293+00:00,146.100138,34642,41,0202aac005b68752005a5811460e29efbf1ffffffc2246cd1e00000fc0007ebfe9ed0737feebfff600,1,TX 41 seq=20008 rx_latency=1ms tx_dur=1ms,22.773,
2732,10,1463,2864711095,2026-07-14T15:32:39.478304+00:00,146.200163,34742,41,0202aac005b787b6005a5811460e29efbf1ffffffc2246cd1e00000fc0007ebfe9ed0737feebfff600,1,TX 41 seq=20009 rx_latency=1ms tx_dur=1ms,14.452,
2732,10,1464,2864711096,2026-07-14T15:32:39.578292+00:00,146.300132,34842,41,0202aac005b8881a005a5811460e29efbf1ffffffc2246cd1e00000fc0007ebfe9ed0737feebfff600,1,TX 41 seq=20010 rx_latency=1ms tx_dur=1ms,17.150,
2732,10,1465,2864711097,2026-07-14T15:32:39.678300+00:00,146.400152,34942,41,0202aac005b9887e005a5811460e29efbf1ffffffc2246cd1e00000fc0007ebfe9ed0737feebfff600,1,TX 41 seq=20011 rx_latency=1ms tx_dur=1ms,18.850,
2732,10,1466,2864711098,2026-07-14T15:32:39.778297+00:00,146.500147,35042,41,0202aac005ba88e2005a5811460e29efbf1ffffffc2246cd1e00000fc0007ebfe9ed0737feebfff600,1,TX 41 seq=20012 rx_latency=1ms tx_dur=1ms,20.581,
2732,10,1467,2864711099,2026-07-14T15:32:39.878290+00:00,146.600129,35142,41,0202aac005bb8946005a5811460e29efbf1ffffffc2246cd1e00000fc0007ebfe9ed0737feebfff600,1,TX 41 seq=20013 rx_latency=1ms tx_dur=1ms,22.308,
2732,10,1468,2864711100,2026-07-14T15:32:39.978298+00:00,146.700145,35242,41,0202aac005bc89aa005a5811460e29efbf1ffffffc2246cd1e00000fc0007ebfe9ed0737feebfff600,1,TX 41 seq=20014 rx_latency=1ms tx_dur=1ms,14.944,
2732,10,1469,2864711101,2026-07-14T15:32:40.078290+00:00,146.800129,35342,41,0202aac005bd8a0e005a5811460e29efbf1ffffffc2246cd1e00000fc0007ebfe9ed0737feebfff600,1,TX 41 seq=20015 rx_latency=1ms tx_dur=1ms,16.710,
2732,10,1470,2864711102,2026-07-14T15:32:40.178296+00:00,146.900138,35442,41,0202aac005be8a72005a5811460e29efbf1ffffffc2246cd1e00000fc0007ebfe9ed0737feebfff600,1,TX 41 seq=20016 rx_latency=1ms tx_dur=1ms,18.430,
2732,10,1471,2864711103,2026-07-14T15:32:40.278298+00:00,147.000149,35542,41,0202aac005bf8ad6005a5811460e29efbf1ffffffc2246cd1e00000fc0007ebfe9ed0737feebfff600,1,TX 41 seq=20017 rx_latency=1ms tx_dur=1ms,21.226,
2732,10,1472,2864711104,2026-07-14T15:32:40.378290+00:00,147.100130,35642,41,0202aac005c08b3a005a5811460e29efbf1ffffffc2246cd1e00000fc0007ebfe9ed0737feebfff600,1,TX 41 seq=20018 rx_latency=1ms tx_dur=1ms,22.253,
2732,10,1473,2864711105,2026-07-14T15:32:40.478299+00:00,147.200148,35742,41,0202aac005c18b9e005a5811460e29efbf1ffffffc2246cd1e00000fc0007ebfe9ed0737feebfff600,1,TX 41 seq=20019 rx_latency=1ms tx_dur=1ms,14.687,
2732,10,1474,2864711106,2026-07-14T15:32:40.578291+00:00,147.300133,35842,41,0202aac005c28c02005a5811460e29efbf1ffffffc2246cd1e00000fc0007ebfe9ed0737feebfff600,1,TX 41 seq=20020 rx_latency=1ms tx_dur=1ms,16.861,
2732,10,1475,2864711107,2026-07-14T15:32:40.678303+00:00,147.400168,35942,41,0202aac005c38c66005a5811460e29efbf1ffffffc2246cd1e00000fc0007ebfe9ed0737feebfff600,1,TX 41 seq=20021 rx_latency=1ms tx_dur=1ms,18.310,
2732,10,1476,2864711108,2026-07-14T15:32:40.778295+00:00,147.500143,36042,41,0202aac005c48cca005a5811460e29efbf1ffffffc2246cd1e00000fc0007ebfe9ed0737feebfff600,1,TX 41 seq=20022 rx_latency=1ms tx_dur=1ms,21.199,
2732,10,1477,2864711109,2026-07-14T15:32:40.878290+00:00,147.600130,36142,41,0202aac005c58d2e005a5811460e29efbf1ffffffc2246cd1e00000fc0007ebfe9ed0737feebfff600,1,TX 41 seq=20023 rx_latency=1ms tx_dur=1ms,22.910,
2732,10,1478,2864711110,2026-07-14T15:32:40.978297+00:00,147.700141,36242,41,0202aac005c68d92005a5811460e29efbf1ffffffc2246cd1e00000fc0007ebfe9ed0737feebfff600,1,TX 41 seq=20024 rx_latency=1ms tx_dur=1ms,14.711,
2732,10,1479,2864711111,2026-07-14T15:32:41.078289+00:00,147.800128,36342,41,0202aac005c78df6005a5811460e29efbf1ffffffc2246cd1e00000fc0007ebfe9ed0737feebfff600,1,TX 41 seq=20025 rx_latency=1ms tx_dur=1ms,16.801,
2732,10,1480,2864711112,2026-07-14T15:32:41.178301+00:00,147.900151,36442,41,0202aac005c88e5a005a5811460e29efbf1ffffffc2246cd1e00000fc0007ebfe9ed0737feebfff600,1,TX 41 seq=20026 rx_latency=1ms tx_dur=1ms,18.890,
2732,10,1481,2864711113,2026-07-14T15:32:41.278289+00:00,148.000130,36542,41,0202aac005c98ebe005a5811460e29efbf1ffffffc2246cd1e00000fc0007ebfe9ed0737feebfff600,1,TX 41 seq=20027 rx_latency=1ms tx_dur=1ms,20.422,
2732,10,1482,2864711114,2026-07-14T15:32:41.378260+00:00,148.100103,36642,41,0202aac005ca8f22005a5811460e29efbf1ffffffc2246cd1e00000fc0007ebfe9ed0737feebfff600,1,TX 41 seq=20028 rx_latency=1ms tx_dur=1ms,23.308,
2732,10,1483,2864711115,2026-07-14T15:32:41.478225+00:00,148.200081,36742,41,0202aac005cb8f86005a5811460e29efbf1ffffffc2246cd1e00000fc0007ebfe9ed0737feebfff600,1,TX 41 seq=20029 rx_latency=1ms tx_dur=1ms,15.068,
2732,10,1484,2864711116,2026-07-14T15:32:41.578291+00:00,148.300134,36842,41,0202aac005cc8fea005a5811460e29efbf1ffffffc2246cd1e00000fc0007ebfe9ed0737feebfff600,1,TX 41 seq=20030 rx_latency=1ms tx_dur=1ms,16.743,
2732,10,1485,2864711117,2026-07-14T15:32:41.678298+00:00,148.400144,36942,41,0202aac005cd904e005a5811460e29efbf1ffffffc2246cd1e00000fc0007ebfe9ed0737feebfff600,1,TX 41 seq=20031 rx_latency=1ms tx_dur=1ms,18.254,
2732,10,1486,2864711118,2026-07-14T15:32:41.778291+00:00,148.500133,37042,41,0202aac005ce90b2005a5811460e29efbf1ffffffc2246cd1e00000fc0007ebfe9ed0737feebfff600,1,TX 41 seq=20032 rx_latency=1ms tx_dur=1ms,21.072,
2732,10,1487,2864711119,2026-07-14T15:32:41.878297+00:00,148.600144,37142,41,0202aac005cf9116005a5811460e29efbf1ffffffc2246cd1e00000fc0007ebfe9ed0737feebfff600,1,TX 41 seq=20033 rx_latency=1ms tx_dur=1ms,22.805,
2732,10,1488,2864711120,2026-07-14T15:32:41.978290+00:00,148.700133,37242,41,0202aac005d0917a005a5811460e29efbf1ffffffc2246cd1e00000fc0007ebfe9ed0737feebfff600,1,TX 41 seq=20034 rx_latency=1ms tx_dur=1ms,14.603,
2732,10,1489,2864711121,2026-07-14T15:32:42.078296+00:00,148.800139,37342,41,0202aac005d191de005a5811460e29efbf1ffffffc2246cd1e00000fc0007ebfe9ed0737feebfff600,1,TX 41 seq=20035 rx_latency=1ms tx_dur=1ms,17.247,
2732,10,1490,2864711122,2026-07-14T15:32:42.178297+00:00,148.900138,37442,41,0202aac005d29242005a5811460e29efbf1ffffffc2246cd1e00000fc0007ebfe9ed0737feebfff600,1,TX 41 seq=20036 rx_latency=1ms tx_dur=1ms,18.957,
2732,10,1491,2864711123,2026-07-14T15:32:42.278295+00:00,149.000137,37542,41,0202aac005d392a6005a5811460e29efbf1ffffffc2246cd1e00000fc0007ebfe9ed0737feebfff600,1,TX 41 seq=20037 rx_latency=1ms tx_dur=1ms,20.664,
2732,10,1492,2864711124,2026-07-14T15:32:42.378289+00:00,149.100126,37642,41,0202aac005d4930a005a5811460e29efbf1ffffffc2246cd1e00000fc0007ebfe9ed0737feebfff600,1,TX 41 seq=20038 rx_latency=1ms tx_dur=1ms,22.388,
2732,10,1493,2864711125,2026-07-14T15:32:42.478299+00:00,149.200146,37742,41,0202aac005d5936e005a5811460e29efbf1ffffffc2246cd1e00000fc0007ebfe9ed0737feebfff600,1,TX 41 seq=20039 rx_latency=1ms tx_dur=1ms,15.062,
2732,10,1494,2864711126,2026-07-14T15:32:42.578294+00:00,149.300142,37842,41,0202aac005d693d2005a5811460e29efbf1ffffffc2246cd1e00000fc0007ebfe9ed0737feebfff600,1,TX 41 seq=20040 rx_latency=1ms tx_dur=1ms,16.745,
2732,10,1495,2864711127,2026-07-14T15:32:42.678295+00:00,149.400139,37942,41,0202aac005d79436005a5811460e29efbf1ffffffc2246cd1e00000fc0007ebfe9ed0737feebfff600,1,TX 41 seq=20041 rx_latency=1ms tx_dur=1ms,18.501,
2732,10,1496,2864711128,2026-07-14T15:32:42.778292+00:00,149.500131,38042,41,0202aac005d8949a005a5811460e29efbf1ffffffc2246cd1e00000fc0007ebfe9ed0737feebfff600,1,TX 41 seq=20042 rx_latency=1ms tx_dur=1ms,21.308,
2732,10,1497,2864711129,2026-07-14T15:32:42.878296+00:00,149.600139,38142,41,0202aac005d994fe005a5811460e29efbf1ffffffc2246cd1e00000fc0007ebfe9ed0737feebfff600,1,TX 41 seq=20043 rx_latency=1ms tx_dur=1ms,22.275,
2732,10,1498,2864711130,2026-07-14T15:32:42.978296+00:00,149.700139,38242,41,0202aac005da9562005a5811460e29efbf1ffffffc2246cd1e00000fc0007ebfe9ed0737feebfff600,1,TX 41 seq=20044 rx_latency=1ms tx_dur=1ms,14.486,
2732,10,1499,2864711131,2026-07-14T15:32:43.078297+00:00,149.800141,38342,41,0202aac005db95c6005a5811460e29efbf1ffffffc2246cd1e00000fc0007ebfe9ed0737feebfff600,1,TX 41 seq=20045 rx_latency=1ms tx_dur=1ms,17.088,
2732,10,1500,2864711132,2026-07-14T15:32:43.178306+00:00,149.900172,38442,41,0202aac005dc962a005a5811460e29efbf1ffffffc2246cd1e00000fc0007ebfe9ed0737feebfff600,1,TX 41 seq=20046 rx_latency=1ms tx_dur=1ms,18.704,
2732,10,1501,2864711133,2026-07-14T15:32:43.278296+00:00,150.000151,38542,41,0202aac005dd968e005a5811460e29efbf1ffffffc2246cd1e00000fc0007ebfe9ed0737feebfff600,1,TX 41 seq=20047 rx_latency=1ms tx_dur=1ms,20.469,
2732,10,1502,2864711134,2026-07-14T15:32:43.378298+00:00,150.100145,38642,41,0202aac005de96f2005a5811460e29efbf1ffffffc2246cd1e00000fc0007ebfe9ed0737feebfff600,1,TX 41 seq=20048 rx_latency=1ms tx_dur=1ms,22.262,
2732,10,1503,2864711135,2026-07-14T15:32:43.478299+00:00,150.200156,38742,41,0202aac005df9756005a5811460e29efbf1ffffffc2246cd1e00000fc0007ebfe9ed0737feebfff600,1,TX 41 seq=20049 rx_latency=1ms tx_dur=1ms,14.904,
2732,10,1504,2864711136,2026-07-14T15:32:43.578303+00:00,150.300162,38842,41,0202aac005e097ba005a5811460e29efbf1ffffffc2246cd1e00000fc0007ebfe9ed0737feebfff600,1,TX 41 seq=20050 rx_latency=1ms tx_dur=1ms,16.592,
2732,10,1505,2864711137,2026-07-14T15:32:43.678307+00:00,150.400175,38942,41,0202aac005e1981e005a5811460e29efbf1ffffffc2246cd1e00000fc0007ebfe9ed0737feebfff600,1,TX 41 seq=20051 rx_latency=1ms tx_dur=1ms,18.277,
2732,10,1506,2864711138,2026-07-14T15:32:43.778283+00:00,150.500148,39042,41,0202aac005e29882005a5811460e29efbf1ffffffc2246cd1e00000fc0007ebfe9ed0737feebfff600,1,TX 41 seq=20052 rx_latency=1ms tx_dur=1ms,21.172,
2732,10,1507,2864711139,2026-07-14T15:32:43.878292+00:00,150.600135,39142,41,0202aac005e398e6005a5811460e29efbf1ffffffc2246cd1e00000fc0007ebfe9ed0737feebfff600,1,TX 41 seq=20053 rx_latency=1ms tx_dur=1ms,23.243,
2732,10,1508,2864711140,2026-07-14T15:32:43.978297+00:00,150.700142,39242,41,0202aac005e4994a005a5811460e29efbf1ffffffc2246cd1e00000fc0007ebfe9ed0737feebfff600,1,TX 41 seq=20054 rx_latency=1ms tx_dur=1ms,14.668,
2732,10,1509,2864711141,2026-07-14T15:32:44.078297+00:00,150.800140,39342,41,0202aac005e599ae005a5811460e29efbf1ffffffc2246cd1e00000fc0007ebfe9ed0737feebfff600,1,TX 41 seq=20055 rx_latency=1ms tx_dur=1ms,16.829,
2732,10,1510,2864711142,2026-07-14T15:32:44.178298+00:00,150.900141,39442,41,0202aac005e69a12005a5811460e29efbf1ffffffc2246cd1e00000fc0007ebfe9ed0737feebfff600,1,TX 41 seq=20056 rx_latency=1ms tx_dur=1ms,18.880,
2732,10,1511,2864711143,2026-07-14T15:32:44.278298+00:00,151.000142,39542,41,0202aac005e79a76005a5811460e29efbf1ffffffc2246cd1e00000fc0007ebfe9ed0737feebfff600,1,TX 41 seq=20057 rx_latency=1ms tx_dur=1ms,20.239,
2732,10,1512,2864711144,2026-07-14T15:32:44.378294+00:00,151.100138,39642,41,0202aac005e89ada005a5811460e29efbf1ffffffc2246cd1e00000fc0007ebfe9ed0737feebfff600,1,TX 41 seq=20058 rx_latency=1ms tx_dur=1ms,22.415,
2732,10,1513,2864711145,2026-07-14T15:32:44.478291+00:00,151.200129,39742,41,0202aac005e99b3e005a5811460e29efbf1ffffffc2246cd1e00000fc0007ebfe9ed0737feebfff600,1,TX 41 seq=20059 rx_latency=1ms tx_dur=1ms,14.549,
2732,10,1514,2864711146,2026-07-14T15:32:44.578296+00:00,151.300141,39842,41,0202aac005ea9ba2005a5811460e29efbf1ffffffc2246cd1e00000fc0007ebfe9ed0737feebfff600,1,TX 41 seq=20060 rx_latency=1ms tx_dur=1ms,16.651,
2732,10,1515,2864711147,2026-07-14T15:32:44.678289+00:00,151.400127,39942,41,0202aac005eb9c06005a5811460e29efbf1ffffffc2246cd1e00000fc0007ebfe9ed0737feebfff600,1,TX 41 seq=20061 rx_latency=1ms tx_dur=1ms,19.275,
2732,10,1516,2864711148,2026-07-14T15:32:44.778299+00:00,151.500156,40042,41,0202aac005ec9c6a005a5811460e29efbf1ffffffc2246cd1e00000fc0007ebfe9ed0737feebfff600,1,TX 41 seq=20062 rx_latency=1ms tx_dur=1ms,20.942,
2732,10,1517,2864711149,2026-07-14T15:32:44.878297+00:00,151.600151,40142,41,0202aac005ed9cce005a5811460e29efbf1ffffffc2246cd1e00000fc0007ebfe9ed0737feebfff600,1,TX 41 seq=20063 rx_latency=1ms tx_dur=1ms,22.632,
2732,10,1518,2864711150,2026-07-14T15:32:44.978274+00:00,151.700120,40242,41,0202aac005ee9d32005a5811460e29efbf1ffffffc2246cd1e00000fc0007ebfe9ed0737feebfff600,1,TX 41 seq=20064 rx_latency=1ms tx_dur=1ms,14.501,
2732,10,1519,2864711151,2026-07-14T15:32:45.078295+00:00,151.800139,40342,41,0202aac005ef9d96005a5811460e29efbf1ffffffc2246cd1e00000fc0007ebfe9ed0737feebfff600,1,TX 41 seq=20065 rx_latency=1ms tx_dur=1ms,17.111,
2732,10,1520,2864711152,2026-07-14T15:32:45.178274+00:00,151.900117,40442,41,0202aac005f09dfa005a5811460e29efbf1ffffffc2246cd1e00000fc0007ebfe9ed0737feebfff600,1,TX 41 seq=20066 rx_latency=1ms tx_dur=1ms,18.871,
2732,10,1521,2864711153,2026-07-14T15:32:45.278298+00:00,152.000142,40542,41,0202aac005f19e5e005a5811460e29efbf1ffffffc2246cd1e00000fc0007ebfe9ed0737feebfff600,1,TX 41 seq=20067 rx_latency=1ms tx_dur=1ms,20.553,
2732,10,1522,2864711154,2026-07-14T15:32:45.378299+00:00,152.100143,40642,41,0202aac005f29ec2005a5811460e29efbf1ffffffc2246cd1e00000fc0007ebfe9ed0737feebfff600,1,TX 41 seq=20068 rx_latency=1ms tx_dur=1ms,22.282,
2732,10,1523,2864711155,2026-07-14T15:32:45.478289+00:00,152.200127,40742,41,0202aac005f39f26005a5811460e29efbf1ffffffc2246cd1e00000fc0007ebfe9ed0737feebfff600,1,TX 41 seq=20069 rx_latency=1ms tx_dur=1ms,14.427,
2732,10,1524,2864711156,2026-07-14T15:32:45.578295+00:00,152.300137,40842,41,0202aac005f49f8a005a5811460e29efbf1ffffffc2246cd1e00000fc0007ebfe9ed0737feebfff600,1,TX 41 seq=20070 rx_latency=1ms tx_dur=1ms,16.982,
2732,10,1525,2864711157,2026-07-14T15:32:45.678295+00:00,152.400138,40942,41,0202aac005f59fee005a5811460e29efbf1ffffffc2246cd1e00000fc0007ebfe9ed0737feebfff600,1,TX 41 seq=20071 rx_latency=1ms tx_dur=1ms,19.145,
2732,10,1526,2864711158,2026-07-14T15:32:45.778303+00:00,152.500156,41042,41,0202aac005f6a052005a5811460e29efbf1ffffffc2246cd1e00000fc0007ebfe9ed0737feebfff600,1,TX 41 seq=20072 rx_latency=1ms tx_dur=1ms,21.175,
2732,10,1527,2864711159,2026-07-14T15:32:45.878293+00:00,152.600138,41142,41,0202aac005f7a0b6005a5811460e29efbf1ffffffc2246cd1e00000fc0007ebfe9ed0737feebfff600,1,TX 41 seq=20073 rx_latency=1ms tx_dur=1ms,23.272,
2732,10,1528,2864711160,2026-07-14T15:32:45.978297+00:00,152.700140,41242,41,0202aac005f8a11a005a5811460e29efbf1ffffffc2246cd1e00000fc0007ebfe9ed0737feebfff600,1,TX 41 seq=20074 rx_latency=1ms tx_dur=1ms,14.892,
2732,10,1529,2864711161,2026-07-14T15:32:46.078295+00:00,152.800138,41342,41,0202aac005f9a17e005a5811460e29efbf1ffffffc2246cd1e00000fc0007ebfe9ed0737feebfff600,1,TX 41 seq=20075 rx_latency=1ms tx_dur=1ms,16.617,
2732,10,1530,2864711162,2026-07-14T15:32:46.178293+00:00,152.900135,41442,41,0202aac005faa1e2005a5811460e29efbf1ffffffc2246cd1e00000fc0007ebfe9ed0737feebfff600,1,TX 41 seq=20076 rx_latency=1ms tx_dur=1ms,18.363,
2732,10,1531,2864711163,2026-07-14T15:32:46.278297+00:00,153.000140,41542,41,0202aac005fba246005a5811460e29efbf1ffffffc2246cd1e00000fc0007ebfe9ed0737feebfff600,1,TX 41 seq=20077 rx_latency=1ms tx_dur=1ms,21.225,
2732,10,1532,2864711164,2026-07-14T15:32:46.378291+00:00,153.100129,41642,41,0202aac005fca2aa005a5811460e29efbf1ffffffc2246cd1e00000fc0007ebfe9ed0737feebfff600,1,TX 41 seq=20078 rx_latency=1ms tx_dur=1ms,23.223,
2732,10,1533,2864711165,2026-07-14T15:32:46.478295+00:00,153.200137,41742,41,0202aac005fda30e005a5811460e29efbf1ffffffc2246cd1e00000fc0007ebfe9ed0737feebfff600,1,TX 41 seq=20079 rx_latency=1ms tx_dur=1ms,14.634,
2732,10,1534,2864711166,2026-07-14T15:32:46.578296+00:00,153.300137,41842,41,0202aac005fea372005a5811460e29efbf1ffffffc2246cd1e00000fc0007ebfe9ed0737feebfff600,1,TX 41 seq=20080 rx_latency=1ms tx_dur=1ms,16.793,
2732,10,1535,2864711167,2026-07-14T15:32:46.678294+00:00,153.400134,41942,41,0202aac005ffa3d6005a5811460e29efbf1ffffffc2246cd1e00000fc0007ebfe9ed0737feebfff600,1,TX 41 seq=20081 rx_latency=1ms tx_dur=1ms,18.966,
2732,10,1536,2864711168,2026-07-14T15:32:46.778294+00:00,153.500135,42042,41,0202aac00600a43a005a5811460e29efbf1ffffffc2246cd1e00000fc0007ebfe9ed0737feebfff600,1,TX 41 seq=20082 rx_latency=1ms tx_dur=1ms,21.185,
2732,10,1537,2864711169,2026-07-14T15:32:46.878296+00:00,153.600143,42142,41,0202aac00601a49e005a5811460e29efbf1ffffffc2246cd1e00000fc0007ebfe9ed0737feebfff600,1,TX 41 seq=20083 rx_latency=1ms tx_dur=1ms,22.562,
2732,10,1538,2864711170,2026-07-14T15:32:46.978296+00:00,153.700141,42242,41,0202aac00602a502005a5811460e29efbf1ffffffc2246cd1e00000fc0007ebfe9ed0737feebfff600,1,TX 41 seq=20084 rx_latency=1ms tx_dur=1ms,14.398,
2732,10,1539,2864711171,2026-07-14T15:32:47.078300+00:00,153.800157,42342,41,0202aac00603a566005a5811460e29efbf1ffffffc2246cd1e00000fc0007ebfe9ed0737feebfff600,1,TX 41 seq=20085 rx_latency=1ms tx_dur=1ms,17.191,
2732,10,1540,2864711172,2026-07-14T15:32:47.178296+00:00,153.900141,42442,41,0202aac00604a5ca005a5811460e29efbf1ffffffc2246cd1e00000fc0007ebfe9ed0737feebfff600,1,TX 41 seq=20086 rx_latency=1ms tx_dur=1ms,18.954,
2732,10,1541,2864711173,2026-07-14T15:32:47.278295+00:00,154.000137,42542,41,0202aac00605a62e005a5811460e29efbf1ffffffc2246cd1e00000fc0007ebfe9ed0737feebfff600,1,TX 41 seq=20087 rx_latency=1ms tx_dur=1ms,20.479,
2732,10,1542,2864711174,2026-07-14T15:32:47.378296+00:00,154.100140,42642,41,0202aac00606a692005a5811460e29efbf1ffffffc2246cd1e00000fc0007ebfe9ed0737feebfff600,1,TX 41 seq=20088 rx_latency=1ms tx_dur=1ms,23.302,
2732,10,1543,2864711175,2026-07-14T15:32:47.478295+00:00,154.200135,42742,41,0202aac00607a6f6005a5811460e29efbf1ffffffc2246cd1e00000fc0007ebfe9ed0737feebfff600,1,TX 41 seq=20089 rx_latency=1ms tx_dur=1ms,15.075,
2732,10,1544,2864711176,2026-07-14T15:32:47.578297+00:00,154.300141,42842,41,0202aac00608a75a005a5811460e29efbf1ffffffc2246cd1e00000fc0007ebfe9ed0737feebfff600,1,TX 41 seq=20090 rx_latency=1ms tx_dur=1ms,16.792,
2732,10,1545,2864711177,2026-07-14T15:32:47.678298+00:00,154.400145,42942,41,0202aac00609a7be005a5811460e29efbf1ffffffc2246cd1e00000fc0007ebfe9ed0737feebfff600,1,TX 41 seq=20091 rx_latency=1ms tx_dur=1ms,18.326,
2732,10,1546,2864711178,2026-07-14T15:32:47.778297+00:00,154.500139,43042,41,0202aac0060aa822005a5811460e29efbf1ffffffc2246cd1e00000fc0007ebfe9ed0737feebfff600,1,TX 41 seq=20092 rx_latency=1ms tx_dur=1ms,21.176,
2732,10,1547,2864711179,2026-07-14T15:32:47.878292+00:00,154.600134,43142,41,0202aac0060ba886005a5811460e29efbf1ffffffc2246cd1e00000fc0007ebfe9ed0737feebfff600,1,TX 41 seq=20093 rx_latency=1ms tx_dur=1ms,22.825,
2732,10,1548,2864711180,2026-07-14T15:32:47.978281+00:00,154.700127,43242,41,0202aac0060ca8ea005a5811460e29efbf1ffffffc2246cd1e00000fc0007ebfe9ed0737feebfff600,1,TX 41 seq=20094 rx_latency=1ms tx_dur=1ms,14.652,
2732,10,1549,2864711181,2026-07-14T15:32:48.078304+00:00,154.800162,43342,41,0202aac0060da94e005a5811460e29efbf1ffffffc2246cd1e00000fc0007ebfe9ed0737feebfff600,1,TX 41 seq=20095 rx_latency=1ms tx_dur=1ms,17.201,
2732,10,1550,2864711182,2026-07-14T15:32:48.178296+00:00,154.900142,43442,41,0202aac0060ea9b2005a5811460e29efbf1ffffffc2246cd1e00000fc0007ebfe9ed0737feebfff600,1,TX 41 seq=20096 rx_latency=1ms tx_dur=1ms,18.986,
2732,10,1551,2864711183,2026-07-14T15:32:48.278297+00:00,155.000139,43542,41,0202aac0060faa16005a5811460e29efbf1ffffffc2246cd1e00000fc0007ebfe9ed0737feebfff600,1,TX 41 seq=20097 rx_latency=1ms tx_dur=1ms,20.713,
2732,10,1552,2864711184,2026-07-14T15:32:48.378297+00:00,155.100138,43642,41,0202aac00610aa7a005a5811460e29efbf1ffffffc2246cd1e00000fc0007ebfe9ed0737feebfff600,1,TX 41 seq=20098 rx_latency=1ms tx_dur=1ms,22.425,
2732,10,1553,2864711185,2026-07-14T15:32:48.478295+00:00,155.200136,43742,41,0202aac00611aade005a5811460e29efbf1ffffffc2246cd1e00000fc0007ebfe9ed0737feebfff600,1,TX 41 seq=20099 rx_latency=1ms tx_dur=1ms,14.528,
2732,10,1554,2864711186,2026-07-14T15:32:48.578298+00:00,155.300142,43842,41,0202aac00612ab42005a5811460e29efbf1ffffffc2246cd1e00000fc0007ebfe9ed0737feebfff600,1,TX 41 seq=20100 rx_latency=1ms tx_dur=1ms,16.664,
2732,10,1555,2864711187,2026-07-14T15:32:48.678304+00:00,155.400165,43942,41,0202aac00613aba6005a5811460e29efbf1ffffffc2246cd1e00000fc0007ebfe9ed0737feebfff600,1,TX 41 seq=20101 rx_latency=1ms tx_dur=1ms,19.236,
2732,10,1556,2864711188,2026-07-14T15:32:48.778292+00:00,155.500136,44042,41,0202aac00614ac0a005a5811460e29efbf1ffffffc2246cd1e00000fc0007ebfe9ed0737feebfff600,1,TX 41 seq=20102 rx_latency=1ms tx_dur=1ms,20.989,
2732,10,1557,2864711189,2026-07-14T15:32:48.878299+00:00,155.600144,44142,41,0202aac00615ac6e005a5811460e29efbf1ffffffc2246cd1e00000fc0007ebfe9ed0737feebfff600,1,TX 41 seq=20103 rx_latency=1ms tx_dur=1ms,22.780,
2732,10,1558,2864711190,2026-07-14T15:32:48.978290+00:00,155.700132,44242,41,0202aac00616acd2005a5811460e29efbf1ffffffc2246cd1e00000fc0007ebfe9ed0737feebfff600,1,TX 41 seq=20104 rx_latency=1ms tx_dur=1ms,14.541,
2732,10,1559,2864711191,2026-07-14T15:32:49.078317+00:00,155.800188,44342,41,0202aac00617ad36005a5811460e29efbf1ffffffc2246cd1e00000fc0007ebfe9ed0737feebfff600,1,TX 41 seq=20105 rx_latency=1ms tx_dur=1ms,17.088,
2732,10,1560,2864711192,2026-07-14T15:32:49.178298+00:00,155.900152,44442,41,0202aac00618ad9a005a5811460e29efbf1ffffffc2246cd1e00000fc0007ebfe9ed0737feebfff600,1,TX 41 seq=20106 rx_latency=1ms tx_dur=1ms,18.805,
2732,10,1561,2864711193,2026-07-14T15:32:49.278298+00:00,156.000145,44542,41,0202aac00619adfe005a5811460e29efbf1ffffffc2246cd1e00000fc0007ebfe9ed0737feebfff600,1,TX 41 seq=20107 rx_latency=1ms tx_dur=1ms,20.584,
2732,10,1562,2864711194,2026-07-14T15:32:49.378291+00:00,156.100131,44642,41,0202aac0061aae62005a5811460e29efbf1ffffffc2246cd1e00000fc0007ebfe9ed0737feebfff600,1,TX 41 seq=20108 rx_latency=1ms tx_dur=1ms,23.393,
2732,10,1563,2864711195,2026-07-14T15:32:49.478296+00:00,156.200139,44742,41,0202aac0061baec6005a5811460e29efbf1ffffffc2246cd1e00000fc0007ebfe9ed0737feebfff600,1,TX 41 seq=20109 rx_latency=1ms tx_dur=1ms,14.992,
2732,10,1564,2864711196,2026-07-14T15:32:49.578294+00:00,156.300155,44842,41,0202aac0061caf2a005a5811460e29efbf1ffffffc2246cd1e00000fc0007ebfe9ed0737feebfff600,1,TX 41 seq=20110 rx_latency=1ms tx_dur=1ms,16.657,
2732,10,1565,2864711197,2026-07-14T15:32:49.678314+00:00,156.400187,44942,41,0202aac0061daf8e005a5811460e29efbf1ffffffc2246cd1e00000fc0007ebfe9ed0737feebfff600,1,TX 41 seq=20111 rx_latency=1ms tx_dur=1ms,18.311,
2732,10,1566,2864711198,2026-07-14T15:32:49.778292+00:00,156.500136,45042,41,0202aac0061eaff2005a5811460e29efbf1ffffffc2246cd1e00000fc0007ebfe9ed0737feebfff600,1,TX 41 seq=20112 rx_latency=1ms tx_dur=1ms,21.255,
2732,10,1567,2864711199,2026-07-14T15:32:49.878299+00:00,156.600146,45142,41,0202aac0061fb056005a5811460e29efbf1ffffffc2246cd1e00000fc0007ebfe9ed0737feebfff600,1,TX 41 seq=20113 rx_latency=1ms tx_dur=1ms,22.754,
2732,10,1568,2864711200,2026-07-14T15:32:49.978292+00:00,156.700132,45242,41,0202aac00620b0ba005a5811460e29efbf1ffffffc2246cd1e00000fc0007ebfe9ed0737feebfff600,1,TX 41 seq=20114 rx_latency=1ms tx_dur=1ms,14.568,
2732,10,1569,2864711201,2026-07-14T15:32:50.078301+00:00,156.800151,45342,41,0202aac00621b11e005a5811460e29efbf1ffffffc2246cd1e00000fc0007ebfe9ed0737feebfff600,1,TX 41 seq=20115 rx_latency=1ms tx_dur=1ms,16.243,
2732,10,1570,2864711202,2026-07-14T15:32:50.178298+00:00,156.900143,45442,41,0202aac00622b182005a5811460e29efbf1ffffffc2246cd1e00000fc0007ebfe9ed0737feebfff600,1,TX 41 seq=20116 rx_latency=1ms tx_dur=1ms,19.098,
2732,10,1571,2864711203,2026-07-14T15:32:50.278304+00:00,157.000162,45542,41,0202aac00623b1e6005a5811460e29efbf1ffffffc2246cd1e00000fc0007ebfe9ed0737feebfff600,1,TX 41 seq=20117 rx_latency=1ms tx_dur=1ms,20.559,
2732,10,1572,2864711204,2026-07-14T15:32:50.378290+00:00,157.100137,45642,41,0202aac00624b24a005a5811460e29efbf1ffffffc2246cd1e00000fc0007ebfe9ed0737feebfff600,1,TX 41 seq=20118 rx_latency=1ms tx_dur=1ms,22.297,
2732,10,1573,2864711205,2026-07-14T15:32:50.478299+00:00,157.200144,45742,41,0202aac00625b2ae005a5811460e29efbf1ffffffc2246cd1e00000fc0007ebfe9ed0737feebfff600,1,TX 41 seq=20119 rx_latency=1ms tx_dur=1ms,15.219,
2732,10,1574,2864711206,2026-07-14T15:32:50.578290+00:00,157.300128,45842,41,0202aac00626b312005a5811460e29efbf1ffffffc2246cd1e00000fc0007ebfe9ed0737feebfff600,1,TX 41 seq=20120 rx_latency=1ms tx_dur=1ms,16.957,
2732,10,1575,2864711207,2026-07-14T15:32:50.678296+00:00,157.400139,45942,41,0202aac00627b376005a5811460e29efbf1ffffffc2246cd1e00000fc0007ebfe9ed0737feebfff600,1,TX 41 seq=20121 rx_latency=1ms tx_dur=1ms,18.995,
2732,10,1576,2864711208,2026-07-14T15:32:50.778297+00:00,157.500142,46042,41,0202aac00628b3da005a5811460e29efbf1ffffffc2246cd1e00000fc0007ebfe9ed0737feebfff600,1,TX 41 seq=20122 rx_latency=1ms tx_dur=1ms,21.178,
2732,10,1577,2864711209,2026-07-14T15:32:50.878296+00:00,157.600141,46142,41,0202aac00629b43e005a5811460e29efbf1ffffffc2246cd1e00000fc0007ebfe9ed0737feebfff600,1,TX 41 seq=20123 rx_latency=1ms tx_dur=1ms,22.656,
2732,10,1578,2864711210,2026-07-14T15:32:50.978291+00:00,157.700130,46242,41,0202aac0062ab4a2005a5811460e29efbf1ffffffc2246cd1e00000fc0007ebfe9ed0737feebfff600,1,TX 41 seq=20124 rx_latency=1ms tx_dur=1ms,14.458,
2732,10,1579,2864711211,2026-07-14T15:32:51.078299+00:00,157.800147,46342,41,0202aac0062bb506005a5811460e29efbf1ffffffc2246cd1e00000fc0007ebfe9ed0737feebfff600,1,TX 41 seq=20125 rx_latency=1ms tx_dur=1ms,17.248,
2732,10,1580,2864711212,2026-07-14T15:32:51.178297+00:00,157.900140,46442,41,0202aac0062cb56a005a5811460e29efbf1ffffffc2246cd1e00000fc0007ebfe9ed0737feebfff600,1,TX 41 seq=20126 rx_latency=1ms tx_dur=1ms,18.996,
2732,10,1581,2864711213,2026-07-14T15:32:51.278295+00:00,158.000135,46542,41,0202aac0062db5ce005a5811460e29efbf1ffffffc2246cd1e00000fc0007ebfe9ed0737feebfff600,1,TX 41 seq=20127 rx_latency=1ms tx_dur=1ms,20.508,
2732,10,1582,2864711214,2026-07-14T15:32:51.378305+00:00,158.100163,46642,41,0202aac0062eb632005a5811460e29efbf1ffffffc2246cd1e00000fc0007ebfe9ed0737feebfff600,1,TX 41 seq=20128 rx_latency=1ms tx_dur=1ms,22.172,
2732,10,1583,2864711215,2026-07-14T15:32:51.478293+00:00,158.200134,46742,41,0202aac0062fb696005a5811460e29efbf1ffffffc2246cd1e00000fc0007ebfe9ed0737feebfff600,1,TX 41 seq=20129 rx_latency=1ms tx_dur=1ms,15.116,
2732,10,1584,2864711216,2026-07-14T15:32:51.578306+00:00,158.300170,46842,41,0202aac00630b6fa005a5811460e29efbf1ffffffc2246cd1e00000fc0007ebfe9ed0737feebfff600,1,TX 41 seq=20130 rx_latency=1ms tx_dur=1ms,16.755,
2732,10,1585,2864711217,2026-07-14T15:32:51.678297+00:00,158.400149,46942,41,0202aac00631b75e005a5811460e29efbf1ffffffc2246cd1e00000fc0007ebfe9ed0737feebfff600,1,TX 41 seq=20131 rx_latency=1ms tx_dur=1ms,18.855,
2732,10,1586,2864711218,2026-07-14T15:32:51.778298+00:00,158.500144,47042,41,0202aac00632b7c2005a5811460e29efbf1ffffffc2246cd1e00000fc0007ebfe9ed0737feebfff600,1,TX 41 seq=20132 rx_latency=1ms tx_dur=1ms,20.238,
2732,10,1587,2864711219,2026-07-14T15:32:51.878297+00:00,158.600146,47142,41,0202aac00633b826005a5811460e29efbf1ffffffc2246cd1e00000fc0007ebfe9ed0737feebfff600,1,TX 41 seq=20133 rx_latency=1ms tx_dur=1ms,22.382,
2732,10,1588,2864711220,2026-07-14T15:32:51.978292+00:00,158.700132,47242,41,0202aac00634b88a005a5811460e29efbf1ffffffc2246cd1e00000fc0007ebfe9ed0737feebfff600,1,TX 41 seq=20134 rx_latency=1ms tx_dur=1ms,14.522,
2732,10,1589,2864711221,2026-07-14T15:32:52.078301+00:00,158.800152,47342,41,0202aac00635b8ee005a5811460e29efbf1ffffffc2246cd1e00000fc0007ebfe9ed0737feebfff600,1,TX 41 seq=20135 rx_latency=1ms tx_dur=1ms,16.619,
2732,10,1590,2864711222,2026-07-14T15:32:52.178296+00:00,158.900140,47442,41,0202aac00636b952005a5811460e29efbf1ffffffc2246cd1e00000fc0007ebfe9ed0737feebfff600,1,TX 41 seq=20136 rx_latency=1ms tx_dur=1ms,19.261,
2732,10,1591,2864711223,2026-07-14T15:32:52.278240+00:00,159.000083,47542,41,0202aac00637b9b6005a5811460e29efbf1ffffffc2246cd1e00000fc0007ebfe9ed0737feebfff600,1,TX 41 seq=20137 rx_latency=1ms tx_dur=1ms,21.048,
2732,10,1592,2864711224,2026-07-14T15:32:52.378297+00:00,159.100141,47642,41,0202aac00638ba1a005a5811460e29efbf1ffffffc2246cd1e00000fc0007ebfe9ed0737feebfff600,1,TX 41 seq=20138 rx_latency=1ms tx_dur=1ms,22.773,
2732,10,1593,2864711225,2026-07-14T15:32:52.478296+00:00,159.200146,47742,41,0202aac00639ba7e005a5811460e29efbf1ffffffc2246cd1e00000fc0007ebfe9ed0737feebfff600,1,TX 41 seq=20139 rx_latency=1ms tx_dur=1ms,14.444,
2732,10,1594,2864711226,2026-07-14T15:32:52.578298+00:00,159.300142,47842,41,0202aac0063abae2005a5811460e29efbf1ffffffc2246cd1e00000fc0007ebfe9ed0737feebfff600,1,TX 41 seq=20140 rx_latency=1ms tx_dur=1ms,17.090,
2732,10,1595,2864711227,2026-07-14T15:32:52.678251+00:00,159.400092,47942,41,0202aac0063bbb46005a5811460e29efbf1ffffffc2246cd1e00000fc0007ebfe9ed0737feebfff600,1,TX 41 seq=20141 rx_latency=1ms tx_dur=1ms,18.876,
2732,10,1596,2864711228,2026-07-14T15:32:52.778295+00:00,159.500138,48042,41,0202aac0063cbbaa005a5811460e29efbf1ffffffc2246cd1e00000fc0007ebfe9ed0737feebfff600,1,TX 41 seq=20142 rx_latency=1ms tx_dur=1ms,20.564,
2732,10,1597,2864711229,2026-07-14T15:32:52.878296+00:00,159.600137,48142,41,0202aac0063dbc0e005a5811460e29efbf1ffffffc2246cd1e00000fc0007ebfe9ed0737feebfff600,1,TX 41 seq=20143 rx_latency=1ms tx_dur=1ms,22.304,
2732,10,1598,2864711230,2026-07-14T15:32:52.978292+00:00,159.700133,48242,41,0202aac0063ebc72005a5811460e29efbf1ffffffc2246cd1e00000fc0007ebfe9ed0737feebfff600,1,TX 41 seq=20144 rx_latency=1ms tx_dur=1ms,14.418,
2732,10,1599,2864711231,2026-07-14T15:32:53.078300+00:00,159.800143,48342,41,0202aac0063fbcd6005a5811460e29efbf1ffffffc2246cd1e00000fc0007ebfe9ed0737feebfff600,1,TX 41 seq=20145 rx_latency=1ms tx_dur=1ms,16.841,
2732,10,1600,2864711232,2026-07-14T15:32:53.178315+00:00,159.900187,48442,41,0202aac00640bd3a005a5811460e29efbf1ffffffc2246cd1e00000fc0007ebfe9ed0737feebfff600,1,TX 41 seq=20146 rx_latency=1ms tx_dur=1ms,18.874,
2732,10,1601,2864711233,2026-07-14T15:32:53.278297+00:00,160.000151,48542,41,0202aac00641bd9e005a5811460e29efbf1ffffffc2246cd1e00000fc0007ebfe9ed0737feebfff600,1,TX 41 seq=20147 rx_latency=1ms tx_dur=1ms,20.441,
2732,10,1602,2864711234,2026-07-14T15:32:53.378298+00:00,160.100153,48642,41,0202aac00642be02005a5811460e29efbf1ffffffc2246cd1e00000fc0007ebfe9ed0737feebfff600,1,TX 41 seq=20148 rx_latency=1ms tx_dur=1ms,22.230,
2732,10,1603,2864711235,2026-07-14T15:32:53.478296+00:00,160.200150,48742,41,0202aac00643be66005a5811460e29efbf1ffffffc2246cd1e00000fc0007ebfe9ed0737feebfff600,1,TX 41 seq=20149 rx_latency=1ms tx_dur=1ms,15.079,
2732,10,1604,2864711236,2026-07-14T15:32:53.578295+00:00,160.300150,48842,41,0202aac00644beca005a5811460e29efbf1ffffffc2246cd1e00000fc0007ebfe9ed0737feebfff600,1,TX 41 seq=20150 rx_latency=1ms tx_dur=1ms,16.793,
2732,10,1605,2864711237,2026-07-14T15:32:53.678299+00:00,160.400147,48942,41,0202aac00645bf2e005a5811460e29efbf1ffffffc2246cd1e00000fc0007ebfe9ed0737feebfff600,1,TX 41 seq=20151 rx_latency=1ms tx_dur=1ms,18.865,
2732,10,1606,2864711238,2026-07-14T15:32:53.778298+00:00,160.500141,49042,41,0202aac00646bf92005a5811460e29efbf1ffffffc2246cd1e00000fc0007ebfe9ed0737feebfff600,1,TX 41 seq=20152 rx_latency=1ms tx_dur=1ms,20.258,
2732,10,1607,2864711239,2026-07-14T15:32:53.878296+00:00,160.600138,49142,41,0202aac00647bff6005a5811460e29efbf1ffffffc2246cd1e00000fc0007ebfe9ed0737feebfff600,1,TX 41 seq=20153 rx_latency=1ms tx_dur=1ms,22.451,
2732,10,1608,2864711240,2026-07-14T15:32:53.978292+00:00,160.700135,49242,41,0202aac00648c05a005a5811460e29efbf1ffffffc2246cd1e00000fc0007ebfe9ed0737feebfff600,1,TX 41 seq=20154 rx_latency=1ms tx_dur=1ms,14.524,
2732,10,1609,2864711241,2026-07-14T15:32:54.078302+00:00,160.800150,49342,41,0202aac00649c0be005a5811460e29efbf1ffffffc2246cd1e00000fc0007ebfe9ed0737feebfff600,1,TX 41 seq=20155 rx_latency=1ms tx_dur=1ms,16.635,
2732,10,1610,2864711242,2026-07-14T15:32:54.178296+00:00,160.900140,49442,41,0202aac0064ac122005a5811460e29efbf1ffffffc2246cd1e00000fc0007ebfe9ed0737feebfff600,1,TX 41 seq=20156 rx_latency=1ms tx_dur=1ms,19.281,
2732,10,1611,2864711243,2026-07-14T15:32:54.278232+00:00,161.000074,49542,41,0202aac0064bc186005a5811460e29efbf1ffffffc2246cd1e00000fc0007ebfe9ed0737feebfff600,1,TX 41 seq=20157 rx_latency=1ms tx_dur=1ms,21.077,
2732,10,1612,2864711244,2026-07-14T15:32:54.378294+00:00,161.100137,49642,41,0202aac0064cc1ea005a5811460e29efbf1ffffffc2246cd1e00000fc0007ebfe9ed0737feebfff600,1,TX 41 seq=20158 rx_latency=1ms tx_dur=1ms,22.775,
2732,10,1613,2864711245,2026-07-14T15:32:54.478297+00:00,161.200139,49742,41,0202aac0064dc24e005a5811460e29efbf1ffffffc2246cd1e00000fc0007ebfe9ed0737feebfff600,1,TX 41 seq=20159 rx_latency=1ms tx_dur=1ms,14.500,
2732,10,1614,2864711246,2026-07-14T15:32:54.578307+00:00,161.300163,49842,41,0202aac0064ec2b2005a5811460e29efbf1ffffffc2246cd1e00000fc0007ebfe9ed0737feebfff600,1,TX 41 seq=20160 rx_latency=1ms tx_dur=1ms,17.036,
2732,10,1615,2864711247,2026-07-14T15:32:54.678298+00:00,161.400151,49942,41,0202aac0064fc316005a5811460e29efbf1ffffffc2246cd1e00000fc0007ebfe9ed0737feebfff600,1,TX 41 seq=20161 rx_latency=1ms tx_dur=1ms,18.788,
2732,10,1616,2864711248,2026-07-14T15:32:54.778294+00:00,161.500135,50042,41,0202aac00650c37a005a5811460e29efbf1ffffffc2246cd1e00000fc0007ebfe9ed0737feebfff600,1,TX 41 seq=20162 rx_latency=1ms tx_dur=1ms,20.638,
2732,10,1617,2864711249,2026-07-14T15:32:54.878304+00:00,161.600146,50142,41,0202aac00651c3de005a5811460e29efbf1ffffffc2246cd1e00000fc0007ebfe9ed0737feebfff600,1,TX 41 seq=20163 rx_latency=1ms tx_dur=1ms,23.276,
2732,10,1618,2864711250,2026-07-14T15:32:54.978288+00:00,161.700126,50242,41,0202aac00652c442005a5811460e29efbf1ffffffc2246cd1e00000fc0007ebfe9ed0737feebfff600,1,TX 41 seq=20164 rx_latency=1ms tx_dur=1ms,14.470,
2732,10,1619,2864711251,2026-07-14T15:32:55.078310+00:00,161.800160,50342,41,0202aac00653c4a6005a5811460e29efbf1ffffffc2246cd1e00000fc0007ebfe9ed0737feebfff600,1,TX 41 seq=20165 rx_latency=1ms tx_dur=1ms,16.786,
2732,10,1620,2864711252,2026-07-14T15:32:55.178291+00:00,161.900135,50442,41,0202aac00654c50a005a5811460e29efbf1ffffffc2246cd1e00000fc0007ebfe9ed0737feebfff600,1,TX 41 seq=20166 rx_latency=1ms tx_dur=1ms,19.083,
2732,10,1621,2864711253,2026-07-14T15:32:55.278296+00:00,162.000139,50542,41,0202aac00655c56e005a5811460e29efbf1ffffffc2246cd1e00000fc0007ebfe9ed0737feebfff600,1,TX 41 seq=20167 rx_latency=1ms tx_dur=1ms,20.555,
2732,10,1622,2864711254,2026-07-14T15:32:55.378295+00:00,162.100136,50642,41,0202aac00656c5d2005a5811460e29efbf1ffffffc2246cd1e00000fc0007ebfe9ed0737feebfff600,1,TX 41 seq=20168 rx_latency=1ms tx_dur=1ms,22.283,
2732,10,1623,2864711255,2026-07-14T15:32:55.478295+00:00,162.200137,50742,41,0202aac00657c636005a5811460e29efbf1ffffffc2246cd1e00000fc0007ebfe9ed0737feebfff600,1,TX 41 seq=20169 rx_latency=1ms tx_dur=1ms,15.129,
2732,10,1624,2864711256,2026-07-14T15:32:55.578298+00:00,162.300148,50842,41,0202aac00658c69a005a5811460e29efbf1ffffffc2246cd1e00000fc0007ebfe9ed0737feebfff600,1,TX 41 seq=20170 rx_latency=1ms tx_dur=1ms,16.882,
2732,10,1625,2864711257,2026-07-14T15:32:55.678310+00:00,162.400187,50942,41,0202aac00659c6fe005a5811460e29efbf1ffffffc2246cd1e00000fc0007ebfe9ed0737feebfff600,1,TX 41 seq=20171 rx_latency=1ms tx_dur=1ms,18.186,
2732,10,1626,2864711258,2026-07-14T15:32:55.778300+00:00,162.500154,51042,41,0202aac0065ac762005a5811460e29efbf1ffffffc2246cd1e00000fc0007ebfe9ed0737feebfff600,1,TX 41 seq=20172 rx_latency=1ms tx_dur=1ms,21.160,
2732,10,1627,2864711259,2026-07-14T15:32:55.878300+00:00,162.600154,51142,41,0202aac0065bc7c6005a5811460e29efbf1ffffffc2246cd1e00000fc0007ebfe9ed0737feebfff600,1,TX 41 seq=20173 rx_latency=1ms tx_dur=1ms,22.835,
2732,10,1628,2864711260,2026-07-14T15:32:55.978291+00:00,162.700133,51242,41,0202aac0065cc82a005a5811460e29efbf1ffffffc2246cd1e00000fc0007ebfe9ed0737feebfff600,1,TX 41 seq=20174 rx_latency=1ms tx_dur=1ms,14.755,
2732,10,1629,2864711261,2026-07-14T15:32:56.078297+00:00,162.800147,51342,41,0202aac0065dc88e005a5811460e29efbf1ffffffc2246cd1e00000fc0007ebfe9ed0737feebfff600,1,TX 41 seq=20175 rx_latency=1ms tx_dur=1ms,16.707,
2732,10,1630,2864711262,2026-07-14T15:32:56.178292+00:00,162.900139,51442,41,0202aac0065ec8f2005a5811460e29efbf1ffffffc2246cd1e00000fc0007ebfe9ed0737feebfff600,1,TX 41 seq=20176 rx_latency=1ms tx_dur=1ms,18.925,
2732,10,1631,2864711263,2026-07-14T15:32:56.278296+00:00,163.000140,51542,41,0202aac0065fc956005a5811460e29efbf1ffffffc2246cd1e00000fc0007ebfe9ed0737feebfff600,1,TX 41 seq=20177 rx_latency=1ms tx_dur=1ms,20.380,
2732,10,1632,2864711264,2026-07-14T15:32:56.378291+00:00,163.100132,51642,41,0202aac00660c9ba005a5811460e29efbf1ffffffc2246cd1e00000fc0007ebfe9ed0737feebfff600,1,TX 41 seq=20178 rx_latency=1ms tx_dur=1ms,23.287,
2732,10,1633,2864711265,2026-07-14T15:32:56.478296+00:00,163.200141,51742,41,0202aac00661ca1e005a5811460e29efbf1ffffffc2246cd1e00000fc0007ebfe9ed0737feebfff600,1,TX 41 seq=20179 rx_latency=1ms tx_dur=1ms,15.019,
2732,10,1634,2864711266,2026-07-14T15:32:56.578290+00:00,163.300131,51842,41,0202aac00662ca82005a5811460e29efbf1ffffffc2246cd1e00000fc0007ebfe9ed0737feebfff600,1,TX 41 seq=20180 rx_latency=1ms tx_dur=1ms,16.757,
2732,10,1635,2864711267,2026-07-14T15:32:56.678296+00:00,163.400139,51942,41,0202aac00663cae6005a5811460e29efbf1ffffffc2246cd1e00000fc0007ebfe9ed0737feebfff600,1,TX 41 seq=20181 rx_latency=1ms tx_dur=1ms,18.289,
2732,10,1636,2864711268,2026-07-14T15:32:56.778291+00:00,163.500132,52042,41,0202aac00664cb4a005a5811460e29efbf1ffffffc2246cd1e00000fc0007ebfe9ed0737feebfff600,1,TX 41 seq=20182 rx_latency=1ms tx_dur=1ms,21.103,
2732,10,1637,2864711269,2026-07-14T15:32:56.878308+00:00,163.600169,52142,41,0202aac00665cbae005a5811460e29efbf1ffffffc2246cd1e00000fc0007ebfe9ed0737feebfff600,1,TX 41 seq=20183 rx_latency=1ms tx_dur=1ms,22.773,
2732,10,1638,2864711270,2026-07-14T15:32:56.978291+00:00,163.700133,52242,41,0202aac00666cc12005a5811460e29efbf1ffffffc2246cd1e00000fc0007ebfe9ed0737feebfff600,1,TX 41 seq=20184 rx_latency=1ms tx_dur=1ms,14.588,
2732,10,1639,2864711271,2026-07-14T15:32:57.078299+00:00,163.800147,52342,41,0202aac00667cc76005a5811460e29efbf1ffffffc2246cd1e00000fc0007ebfe9ed0737feebfff600,1,TX 41 seq=20185 rx_latency=1ms tx_dur=1ms,17.232,
2732,10,1640,2864711272,2026-07-14T15:32:57.178290+00:00,163.900131,52442,41,0202aac00668ccda005a5811460e29efbf1ffffffc2246cd1e00000fc0007ebfe9ed0737feebfff600,1,TX 41 seq=20186 rx_latency=1ms tx_dur=1ms,18.929,
2732,10,1641,2864711273,2026-07-14T15:32:57.278297+00:00,164.000140,52542,41,0202aac00669cd3e005a5811460e29efbf1ffffffc2246cd1e00000fc0007ebfe9ed0737feebfff600,1,TX 41 seq=20187 rx_latency=1ms tx_dur=1ms,20.667,
2732,10,1642,2864711274,2026-07-14T15:32:57.378299+00:00,164.100147,52642,41,0202aac0066acda2005a5811460e29efbf1ffffffc2246cd1e00000fc0007ebfe9ed0737feebfff600,1,TX 41 seq=20188 rx_latency=1ms tx_dur=1ms,22.411,
2732,10,1643,2864711275,2026-07-14T15:32:57.478290+00:00,164.200129,52742,41,0202aac0066bce06005a5811460e29efbf1ffffffc2246cd1e00000fc0007ebfe9ed0737feebfff600,1,TX 41 seq=20189 rx_latency=1ms tx_dur=1ms,14.507,
2732,10,1644,2864711276,2026-07-14T15:32:57.578297+00:00,164.300142,52842,41,0202aac0066cce6a005a5811460e29efbf1ffffffc2246cd1e00000fc0007ebfe9ed0737feebfff600,1,TX 41 seq=20190 rx_latency=1ms tx_dur=1ms,16.935,
2732,10,1645,2864711277,2026-07-14T15:32:57.678289+00:00,164.400128,52942,41,0202aac0066dcece005a5811460e29efbf1ffffffc2246cd1e00000fc0007ebfe9ed0737feebfff600,1,TX 41 seq=20191 rx_latency=1ms tx_dur=1ms,19.095,
2732,10,1646,2864711278,2026-07-14T15:32:57.778297+00:00,164.500140,53042,41,0202aac0066ecf32005a5811460e29efbf1ffffffc2246cd1e00000fc0007ebfe9ed0737feebfff600,1,TX 41 seq=20192 rx_latency=1ms tx_dur=1ms,21.194,
2732,10,1647,2864711279,2026-07-14T15:32:57.878298+00:00,164.600152,53142,41,0202aac0066fcf96005a5811460e29efbf1ffffffc2246cd1e00000fc0007ebfe9ed0737feebfff600,1,TX 41 seq=20193 rx_latency=1ms tx_dur=1ms,23.218,
2732,10,1648,2864711280,2026-07-14T15:32:57.978290+00:00,164.700130,53242,41,0202aac00670cffa005a5811460e29efbf1ffffffc2246cd1e00000fc0007ebfe9ed0737feebfff600,1,TX 41 seq=20194 rx_latency=1ms tx_dur=1ms,14.869,
2732,10,1649,2864711281,2026-07-14T15:32:58.078314+00:00,164.800187,53342,41,0202aac00671d05e005a5811460e29efbf1ffffffc2246cd1e00000fc0007ebfe9ed0737feebfff600,1,TX 41 seq=20195 rx_latency=1ms tx_dur=1ms,16.476,
2732,10,1650,2864711282,2026-07-14T15:32:58.178295+00:00,164.900143,53442,41,0202aac00672d0c2005a5811460e29efbf1ffffffc2246cd1e00000fc0007ebfe9ed0737feebfff600,1,TX 41 seq=20196 rx_latency=1ms tx_dur=1ms,19.380,
2732,10,1651,2864711283,2026-07-14T15:32:58.278284+00:00,165.000128,53542,41,0202aac00673d126005a5811460e29efbf1ffffffc2246cd1e00000fc0007ebfe9ed0737feebfff600,1,TX 41 seq=20197 rx_latency=1ms tx_dur=1ms,21.180,
2732,10,1652,2864711284,2026-07-14T15:32:58.378295+00:00,165.100140,53642,41,0202aac00674d18a005a5811460e29efbf1ffffffc2246cd1e00000fc0007ebfe9ed0737feebfff600,1,TX 41 seq=20198 rx_latency=1ms tx_dur=1ms,22.609,
2732,10,1653,2864711285,2026-07-14T15:32:58.478285+00:00,165.200131,53742,41,0202aac00675d1ee005a5811460e29efbf1ffffffc2246cd1e00000fc0007ebfe9ed0737feebfff600,1,TX 41 seq=20199 rx_latency=1ms tx_dur=1ms,14.420,
2732,10,1654,2864711286,2026-07-14T15:32:58.578290+00:00,165.300130,53842,41,0202aac00676d252005a5811460e29efbf1ffffffc2246cd1e00000fc0007ebfe9ed0737feebfff600,1,TX 41 seq=20200 rx_latency=1ms tx_dur=1ms,17.286,
2732,10,1655,2864711287,2026-07-14T15:32:58.678281+00:00,165.400124,53942,41,0202aac00677d2b6005a5811460e29efbf1ffffffc2246cd1e00000fc0007ebfe9ed0737feebfff600,1,TX 41 seq=20201 rx_latency=1ms tx_dur=1ms,18.985,
2732,10,1656,2864711288,2026-07-14T15:32:58.778294+00:00,165.500135,54042,41,0202aac00678d31a005a5811460e29efbf1ffffffc2246cd1e00000fc0007ebfe9ed0737feebfff600,1,TX 41 seq=20202 rx_latency=1ms tx_dur=1ms,20.506,
2732,10,1657,2864711289,2026-07-14T15:32:58.878291+00:00,165.600130,54142,41,0202aac00679d37e005a5811460e29efbf1ffffffc2246cd1e00000fc0007ebfe9ed0737feebfff600,1,TX 41 seq=20203 rx_latency=1ms tx_dur=1ms,23.297,
2732,10,1658,2864711290,2026-07-14T15:32:58.978296+00:00,165.700139,54242,41,0202aac0067ad3e2005a5811460e29efbf1ffffffc2246cd1e00000fc0007ebfe9ed0737feebfff600,1,TX 41 seq=20204 rx_latency=1ms tx_dur=1ms,15.104,
2732,10,1659,2864711291,2026-07-14T15:32:59.078297+00:00,165.800141,54342,41,0202aac0067bd446005a5811460e29efbf1ffffffc2246cd1e00000fc0007ebfe9ed0737feebfff600,1,TX 41 seq=20205 rx_latency=1ms tx_dur=1ms,16.829,
2732,10,1660,2864711292,2026-07-14T15:32:59.178294+00:00,165.900148,54442,41,0202aac0067cd4aa005a5811460e29efbf1ffffffc2246cd1e00000fc0007ebfe9ed0737feebfff600,1,TX 41 seq=20206 rx_latency=1ms tx_dur=1ms,18.937,
2732,10,1661,2864711293,2026-07-14T15:32:59.278297+00:00,166.000144,54542,41,0202aac0067dd50e005a5811460e29efbf1ffffffc2246cd1e00000fc0007ebfe9ed0737feebfff600,1,TX 41 seq=20207 rx_latency=1ms tx_dur=1ms,21.159,
2732,10,1662,2864711294,2026-07-14T15:32:59.378291+00:00,166.100129,54642,41,0202aac0067ed572005a5811460e29efbf1ffffffc2246cd1e00000fc0007ebfe9ed0737feebfff600,1,TX 41 seq=20208 rx_latency=1ms tx_dur=1ms,23.185,
2732,10,1663,2864711295,2026-07-14T15:32:59.478296+00:00,166.200139,54742,41,0202aac0067fd5d6005a5811460e29efbf1ffffffc2246cd1e00000fc0007ebfe9ed0737feebfff600,1,TX 41 seq=20209 rx_latency=1ms tx_dur=1ms,14.597,
2732,10,1664,2864711296,2026-07-14T15:32:59.578293+00:00,166.300135,54842,41,0202aac00680d63a005a5811460e29efbf1ffffffc2246cd1e00000fc0007ebfe9ed0737feebfff600,1,TX 41 seq=20210 rx_latency=1ms tx_dur=1ms,16.778,
2732,10,1665,2864711297,2026-07-14T15:32:59.678296+00:00,166.400146,54942,41,0202aac00681d69e005a5811460e29efbf1ffffffc2246cd1e00000fc0007ebfe9ed0737feebfff600,1,TX 41 seq=20211 rx_latency=1ms tx_dur=1ms,19.332,
2732,10,1666,2864711298,2026-07-14T15:32:59.778288+00:00,166.500134,55042,41,0202aac00682d702005a5811460e29efbf1ffffffc2246cd1e00000fc0007ebfe9ed0737feebfff600,1,TX 41 seq=20212 rx_latency=1ms tx_dur=1ms,21.144,
2732,10,1667,2864711299,2026-07-14T15:32:59.878290+00:00,166.600130,55142,41,0202aac00683d766005a5811460e29efbf1ffffffc2246cd1e00000fc0007ebfe9ed0737feebfff600,1,TX 41 seq=20213 rx_latency=1ms tx_dur=1ms,22.798,
2732,10,1668,2864711300,2026-07-14T15:32:59.978297+00:00,166.700140,55242,41,0202aac00684d7ca005a5811460e29efbf1ffffffc2246cd1e00000fc0007ebfe9ed0737feebfff600,1,TX 41 seq=20214 rx_latency=1ms tx_dur=1ms,14.609,
2732,10,1669,2864711301,2026-07-14T15:33:00.078290+00:00,166.800127,55342,41,0202aac00685d82e005a5811460e29efbf1ffffffc2246cd1e00000fc0007ebfe9ed0737feebfff600,1,TX 41 seq=20215 rx_latency=1ms tx_dur=1ms,16.695,
2732,10,1670,2864711302,2026-07-14T15:33:00.178297+00:00,166.900144,55442,41,0202aac00686d892005a5811460e29efbf1ffffffc2246cd1e00000fc0007ebfe9ed0737feebfff600,1,TX 41 seq=20216 rx_latency=1ms tx_dur=1ms,19.116,
2732,10,1671,2864711303,2026-07-14T15:33:00.278295+00:00,167.000141,55542,41,0202aac00687d8f6005a5811460e29efbf1ffffffc2246cd1e00000fc0007ebfe9ed0737feebfff600,1,TX 41 seq=20217 rx_latency=1ms tx_dur=1ms,21.285,
2732,10,1672,2864711304,2026-07-14T15:33:00.378297+00:00,167.100138,55642,41,0202aac00688d95a005a5811460e29efbf1ffffffc2246cd1e00000fc0007ebfe9ed0737feebfff600,1,TX 41 seq=20218 rx_latency=1ms tx_dur=1ms,23.337,
2732,10,1673,2864711305,2026-07-14T15:33:00.478297+00:00,167.200138,55742,41,0202aac00689d9be005a5811460e29efbf1ffffffc2246cd1e00000fc0007ebfe9ed0737feebfff600,1,TX 41 seq=20219 rx_latency=1ms tx_dur=1ms,14.743,
2732,10,1674,2864711306,2026-07-14T15:33:00.578294+00:00,167.300136,55842,41,0202aac0068ada22005a5811460e29efbf1ffffffc2246cd1e00000fc0007ebfe9ed0737feebfff600,1,TX 41 seq=20220 rx_latency=1ms tx_dur=1ms,16.900,
2732,10,1675,2864711307,2026-07-14T15:33:00.678294+00:00,167.400135,55942,41,0202aac0068bda86005a5811460e29efbf1ffffffc2246cd1e00000fc0007ebfe9ed0737feebfff600,1,TX 41 seq=20221 rx_latency=1ms tx_dur=1ms,18.956,
2732,10,1676,2864711308,2026-07-14T15:33:00.778296+00:00,167.500137,56042,41,0202aac0068cdaea005a5811460e29efbf1ffffffc2246cd1e00000fc0007ebfe9ed0737feebfff600,1,TX 41 seq=20222 rx_latency=1ms tx_dur=1ms,21.113,
2732,10,1677,2864711309,2026-07-14T15:33:00.878290+00:00,167.600129,56142,41,0202aac0068ddb4e005a5811460e29efbf1ffffffc2246cd1e00000fc0007ebfe9ed0737feebfff600,1,TX 41 seq=20223 rx_latency=1ms tx_dur=1ms,22.580,
2732,10,1678,2864711310,2026-07-14T15:33:00.978297+00:00,167.700140,56242,41,0202aac0068edbb2005a5811460e29efbf1ffffffc2246cd1e00000fc0007ebfe9ed0737feebfff600,1,TX 41 seq=20224 rx_latency=1ms tx_dur=1ms,14.375,
2732,10,1679,2864711311,2026-07-14T15:33:01.078297+00:00,167.800138,56342,41,0202aac0068fdc16005a5811460e29efbf1ffffffc2246cd1e00000fc0007ebfe9ed0737feebfff600,1,TX 41 seq=20225 rx_latency=1ms tx_dur=1ms,17.245,
2732,10,1680,2864711312,2026-07-14T15:33:01.178296+00:00,167.900139,56442,41,0202aac00690dc7a005a5811460e29efbf1ffffffc2246cd1e00000fc0007ebfe9ed0737feebfff600,1,TX 41 seq=20226 rx_latency=1ms tx_dur=1ms,18.947,
2732,10,1681,2864711313,2026-07-14T15:33:01.278291+00:00,168.000130,56542,41,0202aac00691dcde005a5811460e29efbf1ffffffc2246cd1e00000fc0007ebfe9ed0737feebfff600,1,TX 41 seq=20227 rx_latency=1ms tx_dur=1ms,20.988,
2732,10,1682,2864711314,2026-07-14T15:33:01.378297+00:00,168.100141,56642,41,0202aac00692dd42005a5811460e29efbf1ffffffc2246cd1e00000fc0007ebfe9ed0737feebfff600,1,TX 41 seq=20228 rx_latency=1ms tx_dur=1ms,22.364,
2732,10,1683,2864711315,2026-07-14T15:33:01.478293+00:00,168.200134,56742,41,0202aac00693dda6005a5811460e29efbf1ffffffc2246cd1e00000fc0007ebfe9ed0737feebfff600,1,TX 41 seq=20229 rx_latency=1ms tx_dur=1ms,14.562,
2732,10,1684,2864711316,2026-07-14T15:33:01.578296+00:00,168.300136,56842,41,0202aac00694de0a005a5811460e29efbf1ffffffc2246cd1e00000fc0007ebfe9ed0737feebfff600,1,TX 41 seq=20230 rx_latency=1ms tx_dur=1ms,17.210,
2732,10,1685,2864711317,2026-07-14T15:33:01.678317+00:00,168.400190,56942,41,0202aac00695de6e005a5811460e29efbf1ffffffc2246cd1e00000fc0007ebfe9ed0737feebfff600,1,TX 41 seq=20231 rx_latency=1ms tx_dur=1ms,18.778,
2732,10,1686,2864711318,2026-07-14T15:33:01.778293+00:00,168.500139,57042,41,0202aac00696ded2005a5811460e29efbf1ffffffc2246cd1e00000fc0007ebfe9ed0737feebfff600,1,TX 41 seq=20232 rx_latency=1ms tx_dur=1ms,20.585,
2732,10,1687,2864711319,2026-07-14T15:33:01.878302+00:00,168.600154,57142,41,0202aac00697df36005a5811460e29efbf1ffffffc2246cd1e00000fc0007ebfe9ed0737feebfff600,1,TX 41 seq=20233 rx_latency=1ms tx_dur=1ms,22.324,
2732,10,1688,2864711320,2026-07-14T15:33:01.978290+00:00,168.700131,57242,41,0202aac00698df9a005a5811460e29efbf1ffffffc2246cd1e00000fc0007ebfe9ed0737feebfff600,1,TX 41 seq=20234 rx_latency=1ms tx_dur=1ms,14.485,
2732,10,1689,2864711321,2026-07-14T15:33:02.078294+00:00,168.800138,57342,41,0202aac00699dffe005a5811460e29efbf1ffffffc2246cd1e00000fc0007ebfe9ed0737feebfff600,1,TX 41 seq=20235 rx_latency=1ms tx_dur=1ms,16.918,
2732,10,1690,2864711322,2026-07-14T15:33:02.178296+00:00,168.900141,57442,41,0202aac0069ae062005a5811460e29efbf1ffffffc2246cd1e00000fc0007ebfe9ed0737feebfff600,1,TX 41 seq=20236 rx_latency=1ms tx_dur=1ms,19.073,
2732,10,1691,2864711323,2026-07-14T15:33:02.278291+00:00,169.000132,57542,41,0202aac0069be0c6005a5811460e29efbf1ffffffc2246cd1e00000fc0007ebfe9ed0737feebfff600,1,TX 41 seq=20237 rx_latency=1ms tx_dur=1ms,21.120,
2732,10,1692,2864711324,2026-07-14T15:33:02.378297+00:00,169.100141,57642,41,0202aac0069ce12a005a5811460e29efbf1ffffffc2246cd1e00000fc0007ebfe9ed0737feebfff600,1,TX 41 seq=20238 rx_latency=1ms tx_dur=1ms,22.483,
2732,10,1693,2864711325,2026-07-14T15:33:02.478225+00:00,169.200066,57742,41,0202aac0069de18e005a5811460e29efbf1ffffffc2246cd1e00000fc0007ebfe9ed0737feebfff600,1,TX 41 seq=20239 rx_latency=1ms tx_dur=1ms,14.760,
2732,10,1694,2864711326,2026-07-14T15:33:02.578296+00:00,169.300137,57842,41,0202aac0069ee1f2005a5811460e29efbf1ffffffc2246cd1e00000fc0007ebfe9ed0737feebfff600,1,TX 41 seq=20240 rx_latency=1ms tx_dur=1ms,16.736,
2732,10,1695,2864711327,2026-07-14T15:33:02.678297+00:00,169.400139,57942,41,0202aac0069fe256005a5811460e29efbf1ffffffc2246cd1e00000fc0007ebfe9ed0737feebfff600,1,TX 41 seq=20241 rx_latency=1ms tx_dur=1ms,18.898,
2732,10,1696,2864711328,2026-07-14T15:33:02.778296+00:00,169.500137,58042,41,0202aac006a0e2ba005a5811460e29efbf1ffffffc2246cd1e00000fc0007ebfe9ed0737feebfff600,1,TX 41 seq=20242 rx_latency=1ms tx_dur=1ms,20.407,
2732,10,1697,2864711329,2026-07-14T15:33:02.878282+00:00,169.600124,58142,41,0202aac006a1e31e005a5811460e29efbf1ffffffc2246cd1e00000fc0007ebfe9ed0737feebfff600,1,TX 41 seq=20243 rx_latency=1ms tx_dur=1ms,23.259,
2732,10,1698,2864711330,2026-07-14T15:33:02.978297+00:00,169.700138,58242,41,0202aac006a2e382005a5811460e29efbf1ffffffc2246cd1e00000fc0007ebfe9ed0737feebfff600,1,TX 41 seq=20244 rx_latency=1ms tx_dur=1ms,15.001,
2732,10,1699,2864711331,2026-07-14T15:33:03.078296+00:00,169.800138,58342,41,0202aac006a3e3e6005a5811460e29efbf1ffffffc2246cd1e00000fc0007ebfe9ed0737feebfff600,1,TX 41 seq=20245 rx_latency=1ms tx_dur=1ms,16.735,
2732,10,1700,2864711332,2026-07-14T15:33:03.178314+00:00,169.900184,58442,41,0202aac006a4e44a005a5811460e29efbf1ffffffc2246cd1e00000fc0007ebfe9ed0737feebfff600,1,TX 41 seq=20246 rx_latency=1ms tx_dur=1ms,19.232,
2732,10,1701,2864711333,2026-07-14T15:33:03.278302+00:00,170.000158,58542,41,0202aac006a5e4ae005a5811460e29efbf1ffffffc2246cd1e00000fc0007ebfe9ed0737feebfff600,1,TX 41 seq=20247 rx_latency=1ms tx_dur=1ms,21.012,
2732,10,1702,2864711334,2026-07-14T15:33:03.378300+00:00,170.100151,58642,41,0202aac006a6e512005a5811460e29efbf1ffffffc2246cd1e00000fc0007ebfe9ed0737feebfff600,1,TX 41 seq=20248 rx_latency=1ms tx_dur=1ms,22.772,
2732,10,1703,2864711335,2026-07-14T15:33:03.478297+00:00,170.200140,58742,41,0202aac006a7e576005a5811460e29efbf1ffffffc2246cd1e00000fc0007ebfe9ed0737feebfff600,1,TX 41 seq=20249 rx_latency=1ms tx_dur=1ms,14.569,
2732,10,1704,2864711336,2026-07-14T15:33:03.578297+00:00,170.300142,58842,41,0202aac006a8e5da005a5811460e29efbf1ffffffc2246cd1e00000fc0007ebfe9ed0737feebfff600,1,TX 41 seq=20250 rx_latency=1ms tx_dur=1ms,17.310,
2732,10,1705,2864711337,2026-07-14T15:33:03.678306+00:00,170.400168,58942,41,0202aac006a9e63e005a5811460e29efbf1ffffffc2246cd1e00000fc0007ebfe9ed0737feebfff600,1,TX 41 seq=20251 rx_latency=1ms tx_dur=1ms,18.838,
2732,10,1706,2864711338,2026-07-14T15:33:03.778300+00:00,170.500149,59042,41,0202aac006aae6a2005a5811460e29efbf1ffffffc2246cd1e00000fc0007ebfe9ed0737feebfff600,1,TX 41 seq=20252 rx_latency=1ms tx_dur=1ms,20.610,
2732,10,1707,2864711339,2026-07-14T15:33:03.878299+00:00,170.600142,59142,41,0202aac006abe706005a5811460e29efbf1ffffffc2246cd1e00000fc0007ebfe9ed0737feebfff600,1,TX 41 seq=20253 rx_latency=1ms tx_dur=1ms,22.367,
2732,10,1708,2864711340,2026-07-14T15:33:03.978296+00:00,170.700139,59242,41,0202aac006ace76a005a5811460e29efbf1ffffffc2246cd1e00000fc0007ebfe9ed0737feebfff600,1,TX 41 seq=20254 rx_latency=1ms tx_dur=1ms,14.439,
2732,10,1709,2864711341,2026-07-14T15:33:04.078297+00:00,170.800139,59342,41,0202aac006ade7ce005a5811460e29efbf1ffffffc2246cd1e00000fc0007ebfe9ed0737feebfff600,1,TX 41 seq=20255 rx_latency=1ms tx_dur=1ms,16.954,
2732,10,1710,2864711342,2026-07-14T15:33:04.178297+00:00,170.900145,59442,41,0202aac006aee832005a5811460e29efbf1ffffffc2246cd1e00000fc0007ebfe9ed0737feebfff600,1,TX 41 seq=20256 rx_latency=1ms tx_dur=1ms,19.067,
2732,10,1711,2864711343,2026-07-14T15:33:04.278297+00:00,171.000141,59542,41,0202aac006afe896005a5811460e29efbf1ffffffc2246cd1e00000fc0007ebfe9ed0737feebfff600,1,TX 41 seq=20257 rx_latency=1ms tx_dur=1ms,21.161,
2732,10,1712,2864711344,2026-07-14T15:33:04.378297+00:00,171.100142,59642,41,0202aac006b0e8fa005a5811460e29efbf1ffffffc2246cd1e00000fc0007ebfe9ed0737feebfff600,1,TX 41 seq=20258 rx_latency=1ms tx_dur=1ms,23.299,
2732,10,1713,2864711345,2026-07-14T15:33:04.478296+00:00,171.200138,59742,41,0202aac006b1e95e005a5811460e29efbf1ffffffc2246cd1e00000fc0007ebfe9ed0737feebfff600,1,TX 41 seq=20259 rx_latency=1ms tx_dur=1ms,14.844,
2732,10,1714,2864711346,2026-07-14T15:33:04.578295+00:00,171.300137,59842,41,0202aac006b2e9c2005a5811460e29efbf1ffffffc2246cd1e00000fc0007ebfe9ed0737feebfff600,1,TX 41 seq=20260 rx_latency=1ms tx_dur=1ms,16.568,
2732,10,1715,2864711347,2026-07-14T15:33:04.678305+00:00,171.400168,59942,41,0202aac006b3ea26005a5811460e29efbf1ffffffc2246cd1e00000fc0007ebfe9ed0737feebfff600,1,TX 41 seq=20261 rx_latency=1ms tx_dur=1ms,18.246,
2732,10,1716,2864711348,2026-07-14T15:33:04.778299+00:00,171.500148,60042,41,0202aac006b4ea8a005a5811460e29efbf1ffffffc2246cd1e00000fc0007ebfe9ed0737feebfff600,1,TX 41 seq=20262 rx_latency=1ms tx_dur=1ms,21.130,
2732,10,1717,2864711349,2026-07-14T15:33:04.878323+00:00,171.600204,60142,41,0202aac006b5eaee005a5811460e29efbf1ffffffc2246cd1e00000fc0007ebfe9ed0737feebfff600,1,TX 41 seq=20263 rx_latency=1ms tx_dur=1ms,22.496,
2732,10,1718,2864711350,2026-07-14T15:33:04.978299+00:00,171.700147,60242,41,0202aac006b6eb52005a5811460e29efbf1ffffffc2246cd1e00000fc0007ebfe9ed0737feebfff600,1,TX 41 seq=20264 rx_latency=1ms tx_dur=1ms,14.387,
2732,10,1719,2864711351,2026-07-14T15:33:05.078297+00:00,171.800143,60342,41,0202aac006b7ebb6005a5811460e29efbf1ffffffc2246cd1e00000fc0007ebfe9ed0737feebfff600,1,TX 41 seq=20265 rx_latency=1ms tx_dur=1ms,17.231,
2732,10,1720,2864711352,2026-07-14T15:33:05.178300+00:00,171.900152,60442,41,0202aac006b8ec1a005a5811460e29efbf1ffffffc2246cd1e00000fc0007ebfe9ed0737feebfff600,1,TX 41 seq=20266 rx_latency=1ms tx_dur=1ms,18.929,
2732,10,1721,2864711353,2026-07-14T15:33:05.278300+00:00,172.000148,60542,41,0202aac006b9ec7e005a5811460e29efbf1ffffffc2246cd1e00000fc0007ebfe9ed0737feebfff600,1,TX 41 seq=20267 rx_latency=1ms tx_dur=1ms,20.457,
2732,10,1722,2864711354,2026-07-14T15:33:05.378302+00:00,172.100153,60642,41,0202aac006baece2005a5811460e29efbf1ffffffc2246cd1e00000fc0007ebfe9ed0737feebfff600,1,TX 41 seq=20268 rx_latency=1ms tx_dur=1ms,23.288,
2732,10,1723,2864711355,2026-07-14T15:33:05.478296+00:00,172.200140,60742,41,0202aac006bbed46005a5811460e29efbf1ffffffc2246cd1e00000fc0007ebfe9ed0737feebfff600,1,TX 41 seq=20269 rx_latency=1ms tx_dur=1ms,15.085,
2732,10,1724,2864711356,2026-07-14T15:33:05.578297+00:00,172.300143,60842,41,0202aac006bcedaa005a5811460e29efbf1ffffffc2246cd1e00000fc0007ebfe9ed0737feebfff600,1,TX 41 seq=20270 rx_latency=1ms tx_dur=1ms,16.796,
2732,10,1725,2864711357,2026-07-14T15:33:05.678296+00:00,172.400139,60942,41,0202aac006bdee0e005a5811460e29efbf1ffffffc2246cd1e00000fc0007ebfe9ed0737feebfff600,1,TX 41 seq=20271 rx_latency=1ms tx_dur=1ms,18.341,
2732,10,1726,2864711358,2026-07-14T15:33:05.778299+00:00,172.500141,61042,41,0202aac006beee72005a5811460e29efbf1ffffffc2246cd1e00000fc0007ebfe9ed0737feebfff600,1,TX 41 seq=20272 rx_latency=1ms tx_dur=1ms,21.187,
2732,10,1727,2864711359,2026-07-14T15:33:05.878296+00:00,172.600138,61142,41,0202aac006bfeed6005a5811460e29efbf1ffffffc2246cd1e00000fc0007ebfe9ed0737feebfff600,1,TX 41 seq=20273 rx_latency=1ms tx_dur=1ms,22.890,
2732,10,1728,2864711360,2026-07-14T15:33:05.978296+00:00,172.700137,61242,41,0202aac006c0ef3a005a5811460e29efbf1ffffffc2246cd1e00000fc0007ebfe9ed0737feebfff600,1,TX 41 seq=20274 rx_latency=1ms tx_dur=1ms,14.658,
2732,10,1729,2864711361,2026-07-14T15:33:06.078296+00:00,172.800136,61342,41,0202aac006c1ef9e005a5811460e29efbf1ffffffc2246cd1e00000fc0007ebfe9ed0737feebfff600,1,TX 41 seq=20275 rx_latency=1ms tx_dur=1ms,16.712,
2732,10,1730,2864711362,2026-07-14T15:33:06.178295+00:00,172.900136,61442,41,0202aac006c2f002005a5811460e29efbf1ffffffc2246cd1e00000fc0007ebfe9ed0737feebfff600,1,TX 41 seq=20276 rx_latency=1ms tx_dur=1ms,19.188,
2732,10,1731,2864711363,2026-07-14T15:33:06.278297+00:00,173.000141,61542,41,0202aac006c3f066005a5811460e29efbf1ffffffc2246cd1e00000fc0007ebfe9ed0737feebfff600,1,TX 41 seq=20277 rx_latency=1ms tx_dur=1ms,21.325,
2732,10,1732,2864711364,2026-07-14T15:33:06.378291+00:00,173.100131,61642,41,0202aac006c4f0ca005a5811460e29efbf1ffffffc2246cd1e00000fc0007ebfe9ed0737feebfff600,1,TX 41 seq=20278 rx_latency=1ms tx_dur=1ms,23.356,
2732,10,1733,2864711365,2026-07-14T15:33:06.478297+00:00,173.200139,61742,41,0202aac006c5f12e005a5811460e29efbf1ffffffc2246cd1e00000fc0007ebfe9ed0737feebfff600,1,TX 41 seq=20279 rx_latency=1ms tx_dur=1ms,14.469,
2732,10,1734,2864711366,2026-07-14T15:33:06.578297+00:00,173.300138,61842,41,0202aac006c6f192005a5811460e29efbf1ffffffc2246cd1e00000fc0007ebfe9ed0737feebfff600,1,TX 41 seq=20280 rx_latency=1ms tx_dur=1ms,17.091,
2732,10,1735,2864711367,2026-07-14T15:33:06.678226+00:00,173.400068,61942,41,0202aac006c7f1f6005a5811460e29efbf1ffffffc2246cd1e00000fc0007ebfe9ed0737feebfff600,1,TX 41 seq=20281 rx_latency=1ms tx_dur=1ms,18.889,
2732,10,1736,2864711368,2026-07-14T15:33:06.778296+00:00,173.500137,62042,41,0202aac006c8f25a005a5811460e29efbf1ffffffc2246cd1e00000fc0007ebfe9ed0737feebfff600,1,TX 41 seq=20282 rx_latency=1ms tx_dur=1ms,20.559,
2732,10,1737,2864711369,2026-07-14T15:33:06.878296+00:00,173.600137,62142,41,0202aac006c9f2be005a5811460e29efbf1ffffffc2246cd1e00000fc0007ebfe9ed0737feebfff600,1,TX 41 seq=20283 rx_latency=1ms tx_dur=1ms,23.374,
2732,10,1738,2864711370,2026-07-14T15:33:06.978290+00:00,173.700129,62242,41,0202aac006caf322005a5811460e29efbf1ffffffc2246cd1e00000fc0007ebfe9ed0737feebfff600,1,TX 41 seq=20284 rx_latency=1ms tx_dur=1ms,14.408,
2732,10,1739,2864711371,2026-07-14T15:33:07.078296+00:00,173.800137,62342,41,0202aac006cbf386005a5811460e29efbf1ffffffc2246cd1e00000fc0007ebfe9ed0737feebfff600,1,TX 41 seq=20285 rx_latency=1ms tx_dur=1ms,16.829,
2732,10,1740,2864711372,2026-07-14T15:33:07.178295+00:00,173.900137,62442,41,0202aac006ccf3ea005a5811460e29efbf1ffffffc2246cd1e00000fc0007ebfe9ed0737feebfff600,1,TX 41 seq=20286 rx_latency=1ms tx_dur=1ms,18.988,
2732,10,1741,2864711373,2026-07-14T15:33:07.278295+00:00,174.000136,62542,41,0202aac006cdf44e005a5811460e29efbf1ffffffc2246cd1e00000fc0007ebfe9ed0737feebfff600,1,TX 41 seq=20287 rx_latency=1ms tx_dur=1ms,20.507,
2732,10,1742,2864711374,2026-07-14T15:33:07.378279+00:00,174.100116,62642,41,0202aac006cef4b2005a5811460e29efbf1ffffffc2246cd1e00000fc0007ebfe9ed0737feebfff600,1,TX 41 seq=20288 rx_latency=1ms tx_dur=1ms,23.310,
2732,10,1743,2864711375,2026-07-14T15:33:07.478297+00:00,174.200139,62742,41,0202aac006cff516005a5811460e29efbf1ffffffc2246cd1e00000fc0007ebfe9ed0737feebfff600,1,TX 41 seq=20289 rx_latency=1ms tx_dur=1ms,15.091,
2732,10,1744,2864711376,2026-07-14T15:33:07.578289+00:00,174.300126,62842,41,0202aac006d0f57a005a5811460e29efbf1ffffffc2246cd1e00000fc0007ebfe9ed0737feebfff600,1,TX 41 seq=20290 rx_latency=1ms tx_dur=1ms,16.829,
2732,10,1745,2864711377,2026-07-14T15:33:07.678313+00:00,174.400187,62942,41,0202aac006d1f5de005a5811460e29efbf1ffffffc2246cd1e00000fc0007ebfe9ed0737feebfff600,1,TX 41 seq=20291 rx_latency=1ms tx_dur=1ms,18.231,
2732,10,1746,2864711378,2026-07-14T15:33:07.778293+00:00,174.500138,63042,41,0202aac006d2f642005a5811460e29efbf1ffffffc2246cd1e00000fc0007ebfe9ed0737feebfff600,1,TX 41 seq=20292 rx_latency=1ms tx_dur=1ms,21.131,
2732,10,1747,2864711379,2026-07-14T15:33:07.878298+00:00,174.600143,63142,41,0202aac006d3f6a6005a5811460e29efbf1ffffffc2246cd1e00000fc0007ebfe9ed0737feebfff600,1,TX 41 seq=20293 rx_latency=1ms tx_dur=1ms,22.872,
2732,10,1748,2864711380,2026-07-14T15:33:07.978291+00:00,174.700130,63242,41,0202aac006d4f70a005a5811460e29efbf1ffffffc2246cd1e00000fc0007ebfe9ed0737feebfff600,1,TX 41 seq=20294 rx_latency=1ms tx_dur=1ms,14.680,
2732,10,1749,2864711381,2026-07-14T15:33:08.078297+00:00,174.800139,63342,41,0202aac006d5f76e005a5811460e29efbf1ffffffc2246cd1e00000fc0007ebfe9ed0737feebfff600,1,TX 41 seq=20295 rx_latency=1ms tx_dur=1ms,16.842,
2732,10,1750,2864711382,2026-07-14T15:33:08.178308+00:00,174.900170,63442,41,0202aac006d6f7d2005a5811460e29efbf1ffffffc2246cd1e00000fc0007ebfe9ed0737feebfff600,1,TX 41 seq=20296 rx_latency=1ms tx_dur=1ms,18.762,
2732,10,1751,2864711383,2026-07-14T15:33:08.278292+00:00,175.000134,63542,41,0202aac006d7f836005a5811460e29efbf1ffffffc2246cd1e00000fc0007ebfe9ed0737feebfff600,1,TX 41 seq=20297 rx_latency=1ms tx_dur=1ms,21.459,
2732,10,1752,2864711384,2026-07-14T15:33:08.378298+00:00,175.100144,63642,41,0202aac006d8f89a005a5811460e29efbf1ffffffc2246cd1e00000fc0007ebfe9ed0737feebfff600,1,TX 41 seq=20298 rx_latency=1ms tx_dur=1ms,23.190,
2732,10,1753,2864711385,2026-07-14T15:33:08.478290+00:00,175.200130,63742,41,0202aac006d9f8fe005a5811460e29efbf1ffffffc2246cd1e00000fc0007ebfe9ed0737feebfff600,1,TX 41 seq=20299 rx_latency=1ms tx_dur=1ms,15.000,
2732,10,1754,2864711386,2026-07-14T15:33:08.578316+00:00,175.300196,63842,41,0202aac006daf962005a5811460e29efbf1ffffffc2246cd1e00000fc0007ebfe9ed0737feebfff600,1,TX 41 seq=20300 rx_latency=1ms tx_dur=1ms,16.566,
2732,10,1755,2864711387,2026-07-14T15:33:08.678291+00:00,175.400134,63942,41,0202aac006dbf9c6005a5811460e29efbf1ffffffc2246cd1e00000fc0007ebfe9ed0737feebfff600,1,TX 41 seq=20301 rx_latency=1ms tx_dur=1ms,19.307,
2732,10,1756,2864711388,2026-07-14T15:33:08.778296+00:00,175.500142,64042,41,0202aac006dcfa2a005a5811460e29efbf1ffffffc2246cd1e00000fc0007ebfe9ed0737feebfff600,1,TX 41 seq=20302 rx_latency=1ms tx_dur=1ms,21.044,
2732,10,1757,2864711389,2026-07-14T15:33:08.878300+00:00,175.600160,64142,41,0202aac006ddfa8e005a5811460e29efbf1ffffffc2246cd1e00000fc0007ebfe9ed0737feebfff600,1,TX 41 seq=20303 rx_latency=1ms tx_dur=1ms,22.365,
2732,10,1758,2864711390,2026-07-14T15:33:08.978303+00:00,175.700161,64242,41,0202aac006defaf2005a5811460e29efbf1ffffffc2246cd1e00000fc0007ebfe9ed0737feebfff600,1,TX 41 seq=20304 rx_latency=1ms tx_dur=1ms,14.453,
2732,10,1759,2864711391,2026-07-14T15:33:09.078300+00:00,175.800149,64342,41,0202aac006dffb56005a5811460e29efbf1ffffffc2246cd1e00000fc0007ebfe9ed0737feebfff600,1,TX 41 seq=20305 rx_latency=1ms tx_dur=1ms,17.171,
2732,10,1760,2864711392,2026-07-14T15:33:09.178297+00:00,175.900140,64442,41,0202aac006e0fbba005a5811460e29efbf1ffffffc2246cd1e00000fc0007ebfe9ed0737feebfff600,1,TX 41 seq=20306 rx_latency=1ms tx_dur=1ms,18.891,
2732,10,1761,2864711393,2026-07-14T15:33:09.278297+00:00,176.000139,64542,41,0202aac006e1fc1e005a5811460e29efbf1ffffffc2246cd1e00000fc0007ebfe9ed0737feebfff600,1,TX 41 seq=20307 rx_latency=1ms tx_dur=1ms,20.618,
2732,10,1762,2864711394,2026-07-14T15:33:09.378296+00:00,176.100142,64642,41,0202aac006e2fc82005a5811460e29efbf1ffffffc2246cd1e00000fc0007ebfe9ed0737feebfff600,1,TX 41 seq=20308 rx_latency=1ms tx_dur=1ms,23.387,
2732,10,1763,2864711395,2026-07-14T15:33:09.478300+00:00,176.200146,64742,41,0202aac006e3fce6005a5811460e29efbf1ffffffc2246cd1e00000fc0007ebfe9ed0737feebfff600,1,TX 41 seq=20309 rx_latency=1ms tx_dur=1ms,14.989,
2732,10,1764,2864711396,2026-07-14T15:33:09.578291+00:00,176.300133,64842,41,0202aac006e4fd4a005a5811460e29efbf1ffffffc2246cd1e00000fc0007ebfe9ed0737feebfff600,1,TX 41 seq=20310 rx_latency=1ms tx_dur=1ms,16.741,
2732,10,1765,2864711397,2026-07-14T15:33:09.678297+00:00,176.400138,64942,41,0202aac006e5fdae005a5811460e29efbf1ffffffc2246cd1e00000fc0007ebfe9ed0737feebfff600,1,TX 41 seq=20311 rx_latency=1ms tx_dur=1ms,18.468,
2732,10,1766,2864711398,2026-07-14T15:33:09.778297+00:00,176.500136,65042,41,0202aac006e6fe12005a5811460e29efbf1ffffffc2246cd1e00000fc0007ebfe9ed0737feebfff600,1,TX 41 seq=20312 rx_latency=1ms tx_dur=1ms,21.303,
2732,10,1767,2864711399,2026-07-14T15:33:09.878297+00:00,176.600138,65142,41,0202aac006e7fe76005a5811460e29efbf1ffffffc2246cd1e00000fc0007ebfe9ed0737feebfff600,1,TX 41 seq=20313 rx_latency=1ms tx_dur=1ms,23.352,
2732,10,1768,2864711400,2026-07-14T15:33:09.978296+00:00,176.700138,65242,41,0202aac006e8feda005a5811460e29efbf1ffffffc2246cd1e00000fc0007ebfe9ed0737feebfff600,1,TX 41 seq=20314 rx_latency=1ms tx_dur=1ms,14.743,
2732,10,1769,2864711401,2026-07-14T15:33:10.078297+00:00,176.800139,65342,41,0202aac006e9ff3e005a5811460e29efbf1ffffffc2246cd1e00000fc0007ebfe9ed0737feebfff600,1,TX 41 seq=20315 rx_latency=1ms tx_dur=1ms,16.892,
2732,10,1770,2864711402,2026-07-14T15:33:10.178297+00:00,176.900137,65442,41,0202aac006eaffa2005a5811460e29efbf1ffffffc2246cd1e00000fc0007ebfe9ed0737feebfff600,1,TX 41 seq=20316 rx_latency=1ms tx_dur=1ms,18.954,
2732,10,1771,2864711403,2026-07-14T15:33:10.278294+00:00,177.000134,6,41,0202aac006eb0006005a5811460e29efbf1ffffffc2246cd1e00000fc0007ebfe9ed0737feebfff600,1,TX 41 seq=20317 rx_latency=1ms tx_dur=1ms,21.118,
2732,10,1772,2864711404,2026-07-14T15:33:10.378287+00:00,177.100126,106,41,0202aac006ec006a005a5811460e29efbf1ffffffc2246cd1e00000fc0007ebfe9ed0737feebfff600,1,TX 41 seq=20318 rx_latency=1ms tx_dur=1ms,22.610,
2732,10,1773,2864711405,2026-07-14T15:33:10.478300+00:00,177.200146,206,41,0202aac006ed00ce005a5811460e29efbf1ffffffc2246cd1e00000fc0007ebfe9ed0737feebfff600,1,TX 41 seq=20319 rx_latency=1ms tx_dur=1ms,14.371,
2732,10,1774,2864711406,2026-07-14T15:33:10.578304+00:00,177.300168,306,41,0202aac006ee0132005a5811460e29efbf1ffffffc2246cd1e00000fc0007ebfe9ed0737feebfff600,1,TX 41 seq=20320 rx_latency=1ms tx_dur=1ms,17.173,
2732,10,1775,2864711407,2026-07-14T15:33:10.678299+00:00,177.400147,406,41,0202aac006ef0196005a5811460e29efbf1ffffffc2246cd1e00000fc0007ebfe9ed0737feebfff600,1,TX 41 seq=20321 rx_latency=1ms tx_dur=1ms,18.918,
2732,10,1776,2864711408,2026-07-14T15:33:10.778299+00:00,177.500147,506,41,0202aac006f001fa005a5811460e29efbf1ffffffc2246cd1e00000fc0007ebfe9ed0737feebfff600,1,TX 41 seq=20322 rx_latency=1ms tx_dur=1ms,20.441,
2732,10,1777,2864711409,2026-07-14T15:33:10.878296+00:00,177.600138,606,41,0202aac006f1025e005a5811460e29efbf1ffffffc2246cd1e00000fc0007ebfe9ed0737feebfff600,1,TX 41 seq=20323 rx_latency=1ms tx_dur=1ms,23.276,
2732,10,1778,2864711410,2026-07-14T15:33:10.978291+00:00,177.700130,706,41,0202aac006f202c2005a5811460e29efbf1ffffffc2246cd1e00000fc0007ebfe9ed0737feebfff600,1,TX 41 seq=20324 rx_latency=1ms tx_dur=1ms,15.083,
2732,10,1779,2864711411,2026-07-14T15:33:11.078299+00:00,177.800149,806,41,0202aac006f30326005a5811460e29efbf1ffffffc2246cd1e00000fc0007ebfe9ed0737feebfff600,1,TX 41 seq=20325 rx_latency=1ms tx_dur=1ms,16.761,
2732,10,1780,2864711412,2026-07-14T15:33:11.178296+00:00,177.900140,906,41,0202aac006f4038a005a5811460e29efbf1ffffffc2246cd1e00000fc0007ebfe9ed0737feebfff600,1,TX 41 seq=20326 rx_latency=1ms tx_dur=1ms,19.397,
2732,10,1781,2864711413,2026-07-14T15:33:11.278296+00:00,178.000137,1006,41,0202aac006f503ee005a5811460e29efbf1ffffffc2246cd1e00000fc0007ebfe9ed0737feebfff600,1,TX 41 seq=20327 rx_latency=1ms tx_dur=1ms,21.162,
2732,10,1782,2864711414,2026-07-14T15:33:11.378256+00:00,178.100096,1106,41,0202aac006f60452005a5811460e29efbf1ffffffc2246cd1e00000fc0007ebfe9ed0737feebfff600,1,TX 41 seq=20328 rx_latency=1ms tx_dur=1ms,22.850,
2732,10,1783,2864711415,2026-07-14T15:33:11.478301+00:00,178.200152,1206,41,0202aac006f704b6005a5811460e29efbf1ffffffc2246cd1e00000fc0007ebfe9ed0737feebfff600,1,TX 41 seq=20329 rx_latency=1ms tx_dur=1ms,14.588,
2732,10,1784,2864711416,2026-07-14T15:33:11.578297+00:00,178.300143,1306,41,0202aac006f8051a005a5811460e29efbf1ffffffc2246cd1e00000fc0007ebfe9ed0737feebfff600,1,TX 41 seq=20330 rx_latency=1ms tx_dur=1ms,16.623,
2732,10,1785,2864711417,2026-07-14T15:33:11.678296+00:00,178.400142,1406,41,0202aac006f9057e005a5811460e29efbf1ffffffc2246cd1e00000fc0007ebfe9ed0737feebfff600,1,TX 41 seq=20331 rx_latency=1ms tx_dur=1ms,19.211,
2732,10,1786,2864711418,2026-07-14T15:33:11.778299+00:00,178.500143,1506,41,0202aac006fa05e2005a5811460e29efbf1ffffffc2246cd1e00000fc0007ebfe9ed0737feebfff600,1,TX 41 seq=20332 rx_latency=1ms tx_dur=1ms,21.298,
2732,10,1787,2864711419,2026-07-14T15:33:11.878320+00:00,178.600164,1606,41,0202aac006fb0646005a5811460e29efbf1ffffffc2246cd1e00000fc0007ebfe9ed0737feebfff600,1,TX 41 seq=20333 rx_latency=1ms tx_dur=1ms,23.337,
2732,10,1788,2864711420,2026-07-14T15:33:11.978295+00:00,178.700140,1706,41,0202aac006fc06aa005a5811460e29efbf1ffffffc2246cd1e00000fc0007ebfe9ed0737feebfff600,1,TX 41 seq=20334 rx_latency=1ms tx_dur=1ms,14.391,
2732,10,1789,2864711421,2026-07-14T15:33:12.078289+00:00,178.800127,1806,41,0202aac006fd070e005a5811460e29efbf1ffffffc2246cd1e00000fc0007ebfe9ed0737feebfff600,1,TX 41 seq=20335 rx_latency=1ms tx_dur=1ms,17.150,
2732,10,1790,2864711422,2026-07-14T15:33:12.178295+00:00,178.900136,1906,41,0202aac006fe0772005a5811460e29efbf1ffffffc2246cd1e00000fc0007ebfe9ed0737feebfff600,1,TX 41 seq=20336 rx_latency=1ms tx_dur=1ms,18.802,
2732,10,1791,2864711423,2026-07-14T15:33:12.278294+00:00,179.000135,2006,41,0202aac006ff07d6005a5811460e29efbf1ffffffc2246cd1e00000fc0007ebfe9ed0737feebfff600,1,TX 41 seq=20337 rx_latency=1ms tx_dur=1ms,20.552,
2732,10,1792,2864711424,2026-07-14T15:33:12.378295+00:00,179.100137,2106,41,0202aac00700083a005a5811460e29efbf1ffffffc2246cd1e00000fc0007ebfe9ed0737feebfff600,1,TX 41 seq=20338 rx_latency=1ms tx_dur=1ms,23.268,
2732,10,1793,2864711425,2026-07-14T15:33:12.478290+00:00,179.200129,2206,41,0202aac00701089e005a5811460e29efbf1ffffffc2246cd1e00000fc0007ebfe9ed0737feebfff600,1,TX 41 seq=20339 rx_latency=1ms tx_dur=1ms,14.963,
2732,10,1794,2864711426,2026-07-14T15:33:12.578315+00:00,179.300192,2306,41,0202aac007020902005a5811460e29efbf1ffffffc2246cd1e00000fc0007ebfe9ed0737feebfff600,1,TX 41 seq=20340 rx_latency=1ms tx_dur=1ms,16.519,
2732,10,1795,2864711427,2026-07-14T15:33:12.678296+00:00,179.400144,2406,41,0202aac007030966005a5811460e29efbf1ffffffc2246cd1e00000fc0007ebfe9ed0737feebfff600,1,TX 41 seq=20341 rx_latency=1ms tx_dur=1ms,18.340,
2732,10,1796,2864711428,2026-07-14T15:33:12.778289+00:00,179.500129,2506,41,0202aac0070409ca005a5811460e29efbf1ffffffc2246cd1e00000fc0007ebfe9ed0737feebfff600,1,TX 41 seq=20342 rx_latency=1ms tx_dur=1ms,21.279,
2732,10,1797,2864711429,2026-07-14T15:33:12.878306+00:00,179.600167,2606,41,0202aac007050a2e005a5811460e29efbf1ffffffc2246cd1e00000fc0007ebfe9ed0737feebfff600,1,TX 41 seq=20343 rx_latency=1ms tx_dur=1ms,22.591,
2732,10,1798,2864711430,2026-07-14T15:33:12.978290+00:00,179.700134,2706,41,0202aac007060a92005a5811460e29efbf1ffffffc2246cd1e00000fc0007ebfe9ed0737feebfff600,1,TX 41 seq=20344 rx_latency=1ms tx_dur=1ms,14.482,
2732,10,1799,2864711431,2026-07-14T15:33:13.078296+00:00,179.800141,2806,41,0202aac007070af6005a5811460e29efbf1ffffffc2246cd1e00000fc0007ebfe9ed0737feebfff600,1,TX 41 seq=20345 rx_latency=1ms tx_dur=1ms,17.307,
2732,10,1800,2864711432,2026-07-14T15:33:13.178295+00:00,179.900136,2906,41,0202aac007080b5a005a5811460e29efbf1ffffffc2246cd1e00000fc0007ebfe9ed0737feebfff600,1,TX 41 seq=20346 rx_latency=1ms tx_dur=1ms,19.067,
2732,10,1801,2864711433,2026-07-14T15:33:13.278304+00:00,180.000164,3006,41,0202aac007090bbe005a5811460e29efbf1ffffffc2246cd1e00000fc0007ebfe9ed0737feebfff600,1,TX 41 seq=20347 rx_latency=1ms tx_dur=1ms,20.534,
2732,10,1802,2864711434,2026-07-14T15:33:13.378291+00:00,180.100136,3106,41,0202aac0070a0c22005a5811460e29efbf1ffffffc2246cd1e00000fc0007ebfe9ed0737feebfff600,1,TX 41 seq=20348 rx_latency=1ms tx_dur=1ms,23.396,
2732,10,1803,2864711435,2026-07-14T15:33:13.478298+00:00,180.200146,3206,41,0202aac0070b0c86005a5811460e29efbf1ffffffc2246cd1e00000fc0007ebfe9ed0737feebfff600,1,TX 41 seq=20349 rx_latency=1ms tx_dur=1ms,15.118,
2732,10,1804,2864711436,2026-07-14T15:33:13.578286+00:00,180.300127,3306,41,0202aac0070c0cea005a5811460e29efbf1ffffffc2246cd1e00000fc0007ebfe9ed0737feebfff600,1,TX 41 seq=20350 rx_latency=1ms tx_dur=1ms,16.873,
2732,10,1805,2864711437,2026-07-14T15:33:13.678316+00:00,180.400190,3406,41,0202aac0070d0d4e005a5811460e29efbf1ffffffc2246cd1e00000fc0007ebfe9ed0737feebfff600,1,TX 41 seq=20351 rx_latency=1ms tx_dur=1ms,18.277,
2732,10,1806,2864711438,2026-07-14T15:33:13.778305+00:00,180.500165,3506,41,0202aac0070e0db2005a5811460e29efbf1ffffffc2246cd1e00000fc0007ebfe9ed0737feebfff600,1,TX 41 seq=20352 rx_latency=1ms tx_dur=1ms,21.181,
2732,10,1807,2864711439,2026-07-14T15:33:13.878291+00:00,180.600133,3606,41,0202aac0070f0e16005a5811460e29efbf1ffffffc2246cd1e00000fc0007ebfe9ed0737feebfff600,1,TX 41 seq=20353 rx_latency=1ms tx_dur=1ms,22.938,
2732,10,1808,2864711440,2026-07-14T15:33:13.978297+00:00,180.700144,3706,41,0202aac007100e7a005a5811460e29efbf1ffffffc2246cd1e00000fc0007ebfe9ed0737feebfff600,1,TX 41 seq=20354 rx_latency=1ms tx_dur=1ms,14.692,
2732,10,1809,2864711441,2026-07-14T15:33:14.078308+00:00,180.800173,3806,41,0202aac007110ede005a5811460e29efbf1ffffffc2246cd1e00000fc0007ebfe9ed0737feebfff600,1,TX 41 seq=20355 rx_latency=1ms tx_dur=1ms,16.807,
2732,10,1810,2864711442,2026-07-14T15:33:14.178299+00:00,180.900150,3906,41,0202aac007120f42005a5811460e29efbf1ffffffc2246cd1e00000fc0007ebfe9ed0737feebfff600,1,TX 41 seq=20356 rx_latency=1ms tx_dur=1ms,18.997,
2732,10,1811,2864711443,2026-07-14T15:33:14.278291+00:00,181.000134,4006,41,0202aac007130fa6005a5811460e29efbf1ffffffc2246cd1e00000fc0007ebfe9ed0737feebfff600,1,TX 41 seq=20357 rx_latency=1ms tx_dur=1ms,21.075,
2732,10,1812,2864711444,2026-07-14T15:33:14.378295+00:00,181.100140,4106,41,0202aac00714100a005a5811460e29efbf1ffffffc2246cd1e00000fc0007ebfe9ed0737feebfff600,1,TX 41 seq=20358 rx_latency=1ms tx_dur=1ms,22.467,
2732,10,1813,2864711445,2026-07-14T15:33:14.478297+00:00,181.200144,4206,41,0202aac00715106e005a5811460e29efbf1ffffffc2246cd1e00000fc0007ebfe9ed0737feebfff600,1,TX 41 seq=20359 rx_latency=1ms tx_dur=1ms,14.641,
2732,10,1814,2864711446,2026-07-14T15:33:14.578297+00:00,181.300142,4306,41,0202aac0071610d2005a5811460e29efbf1ffffffc2246cd1e00000fc0007ebfe9ed0737feebfff600,1,TX 41 seq=20360 rx_latency=1ms tx_dur=1ms,16.697,
2732,10,1815,2864711447,2026-07-14T15:33:14.678298+00:00,181.400143,4406,41,0202aac007171136005a5811460e29efbf1ffffffc2246cd1e00000fc0007ebfe9ed0737feebfff600,1,TX 41 seq=20361 rx_latency=1ms tx_dur=1ms,19.168,
2732,10,1816,2864711448,2026-07-14T15:33:14.778298+00:00,181.500140,4506,41,0202aac00718119a005a5811460e29efbf1ffffffc2246cd1e00000fc0007ebfe9ed0737feebfff600,1,TX 41 seq=20362 rx_latency=1ms tx_dur=1ms,21.321,
2732,10,1817,2864711449,2026-07-14T15:33:14.878291+00:00,181.600132,4606,41,0202aac0071911fe005a5811460e29efbf1ffffffc2246cd1e00000fc0007ebfe9ed0737feebfff600,1,TX 41 seq=20363 rx_latency=1ms tx_dur=1ms,23.362,
2732,10,1818,2864711450,2026-07-14T15:33:14.978297+00:00,181.700142,4706,41,0202aac0071a1262005a5811460e29efbf1ffffffc2246cd1e00000fc0007ebfe9ed0737feebfff600,1,TX 41 seq=20364 rx_latency=1ms tx_dur=1ms,14.462,
2732,10,1819,2864711451,2026-07-14T15:33:15.078298+00:00,181.800155,4806,41,0202aac0071b12c6005a5811460e29efbf1ffffffc2246cd1e00000fc0007ebfe9ed0737feebfff600,1,TX 41 seq=20365 rx_latency=1ms tx_dur=1ms,17.041,
2732,10,1820,2864711452,2026-07-14T15:33:15.178297+00:00,181.900146,4906,41,0202aac0071c132a005a5811460e29efbf1ffffffc2246cd1e00000fc0007ebfe9ed0737feebfff600,1,TX 41 seq=20366 rx_latency=1ms tx_dur=1ms,18.794,
2732,10,1821,2864711453,2026-07-14T15:33:15.278296+00:00,182.000139,5006,41,0202aac0071d138e005a5811460e29efbf1ffffffc2246cd1e00000fc0007ebfe9ed0737feebfff600,1,TX 41 seq=20367 rx_latency=1ms tx_dur=1ms,20.559,
2732,10,1822,2864711454,2026-07-14T15:33:15.378221+00:00,182.100060,5106,41,0202aac0071e13f2005a5811460e29efbf1ffffffc2246cd1e00000fc0007ebfe9ed0737feebfff600,1,TX 41 seq=20368 rx_latency=1ms tx_dur=1ms,23.397,
2732,10,1823,2864711455,2026-07-14T15:33:15.478298+00:00,182.200145,5206,41,0202aac0071f1456005a5811460e29efbf1ffffffc2246cd1e00000fc0007ebfe9ed0737feebfff600,1,TX 41 seq=20369 rx_latency=1ms tx_dur=1ms,14.908,
2732,10,1824,2864711456,2026-07-14T15:33:15.578301+00:00,182.300158,5306,41,0202aac0072014ba005a5811460e29efbf1ffffffc2246cd1e00000fc0007ebfe9ed0737feebfff600,1,TX 41 seq=20370 rx_latency=1ms tx_dur=1ms,16.601,
2732,10,1825,2864711457,2026-07-14T15:33:15.678299+00:00,182.400152,5406,41,0202aac00721151e005a5811460e29efbf1ffffffc2246cd1e00000fc0007ebfe9ed0737feebfff600,1,TX 41 seq=20371 rx_latency=1ms tx_dur=1ms,18.355,
2732,10,1826,2864711458,2026-07-14T15:33:15.778296+00:00,182.500140,5506,41,0202aac007221582005a5811460e29efbf1ffffffc2246cd1e00000fc0007ebfe9ed0737feebfff600,1,TX 41 seq=20372 rx_latency=1ms tx_dur=1ms,21.244,
2732,10,1827,2864711459,2026-07-14T15:33:15.878297+00:00,182.600147,5606,41,0202aac0072315e6005a5811460e29efbf1ffffffc2246cd1e00000fc0007ebfe9ed0737feebfff600,1,TX 41 seq=20373 rx_latency=1ms tx_dur=1ms,23.336,
2732,10,1828,2864711460,2026-07-14T15:33:15.978292+00:00,182.700138,5706,41,0202aac00724164a005a5811460e29efbf1ffffffc2246cd1e00000fc0007ebfe9ed0737feebfff600,1,TX 41 seq=20374 rx_latency=1ms tx_dur=1ms,14.465,
2732,10,1829,2864711461,2026-07-14T15:33:16.078299+00:00,182.800144,5806,41,0202aac0072516ae005a5811460e29efbf1ffffffc2246cd1e00000fc0007ebfe9ed0737feebfff600,1,TX 41 seq=20375 rx_latency=1ms tx_dur=1ms,17.076,
2732,10,1830,2864711462,2026-07-14T15:33:16.178283+00:00,182.900123,5906,41,0202aac007261712005a5811460e29efbf1ffffffc2246cd1e00000fc0007ebfe9ed0737feebfff600,1,TX 41 seq=20376 rx_latency=1ms tx_dur=1ms,18.832,
2732,10,1831,2864711463,2026-07-14T15:33:16.278295+00:00,183.000136,6006,41,0202aac007271776005a5811460e29efbf1ffffffc2246cd1e00000fc0007ebfe9ed0737feebfff600,1,TX 41 seq=20377 rx_latency=1ms tx_dur=1ms,20.577,
2732,10,1832,2864711464,2026-07-14T15:33:16.378297+00:00,183.100139,6106,41,0202aac0072817da005a5811460e29efbf1ffffffc2246cd1e00000fc0007ebfe9ed0737feebfff600,1,TX 41 seq=20378 rx_latency=1ms tx_dur=1ms,23.386,
2732,10,1833,2864711465,2026-07-14T15:33:16.478291+00:00,183.200128,6206,41,0202aac00729183e005a5811460e29efbf1ffffffc2246cd1e00000fc0007ebfe9ed0737feebfff600,1,TX 41 seq=20379 rx_latency=1ms tx_dur=1ms,14.450,
2732,10,1834,2864711466,2026-07-14T15:33:16.578306+00:00,183.300165,6306,41,0202aac0072a18a2005a5811460e29efbf1ffffffc2246cd1e00000fc0007ebfe9ed0737feebfff600,1,TX 41 seq=20380 rx_latency=1ms tx_dur=1ms,16.754,
2732,10,1835,2864711467,2026-07-14T15:33:16.678292+00:00,183.400138,6406,41,0202aac0072b1906005a5811460e29efbf1ffffffc2246cd1e00000fc0007ebfe9ed0737feebfff600,1,TX 41 seq=20381 rx_latency=1ms tx_dur=1ms,18.951,
2732,10,1836,2864711468,2026-07-14T15:33:16.778298+00:00,183.500140,6506,41,0202aac0072c196a005a5811460e29efbf1ffffffc2246cd1e00000fc0007ebfe9ed0737feebfff600,1,TX 41 seq=20382 rx_latency=1ms tx_dur=1ms,20.502,
2732,10,1837,2864711469,2026-07-14T15:33:16.878294+00:00,183.600137,6606,41,0202aac0072d19ce005a5811460e29efbf1ffffffc2246cd1e00000fc0007ebfe9ed0737feebfff600,1,TX 41 seq=20383 rx_latency=1ms tx_dur=1ms,23.454,
2732,10,1838,2864711470,2026-07-14T15:33:16.978295+00:00,183.700143,6706,41,0202aac0072e1a32005a5811460e29efbf1ffffffc2246cd1e00000fc0007ebfe9ed0737feebfff600,1,TX 41 seq=20384 rx_latency=1ms tx_dur=1ms,15.079,
2732,10,1839,2864711471,2026-07-14T15:33:17.078253+00:00,183.800100,6806,41,0202aac0072f1a96005a5811460e29efbf1ffffffc2246cd1e00000fc0007ebfe9ed0737feebfff600,1,TX 41 seq=20385 rx_latency=1ms tx_dur=1ms,16.858,
2732,10,1840,2864711472,2026-07-14T15:33:17.178299+00:00,183.900154,6906,41,0202aac007301afa005a5811460e29efbf1ffffffc2246cd1e00000fc0007ebfe9ed0737feebfff600,1,TX 41 seq=20386 rx_latency=1ms tx_dur=1ms,19.393,
2732,10,1841,2864711473,2026-07-14T15:33:17.278297+00:00,184.000144,7006,41,0202aac007311b5e005a5811460e29efbf1ffffffc2246cd1e00000fc0007ebfe9ed0737feebfff600,1,TX 41 seq=20387 rx_latency=1ms tx_dur=1ms,21.188,
2732,10,1842,2864711474,2026-07-14T15:33:17.378289+00:00,184.100129,7106,41,0202aac007321bc2005a5811460e29efbf1ffffffc2246cd1e00000fc0007ebfe9ed0737feebfff600,1,TX 41 seq=20388 rx_latency=1ms tx_dur=1ms,22.908,
2732,10,1843,2864711475,2026-07-14T15:33:17.478297+00:00,184.200144,7206,41,0202aac007331c26005a5811460e29efbf1ffffffc2246cd1e00000fc0007ebfe9ed0737feebfff600,1,TX 41 seq=20389 rx_latency=1ms tx_dur=1ms,14.654,
2732,10,1844,2864711476,2026-07-14T15:33:17.578290+00:00,184.300133,7306,41,0202aac007341c8a005a5811460e29efbf1ffffffc2246cd1e00000fc0007ebfe9ed0737feebfff600,1,TX 41 seq=20390 rx_latency=1ms tx_dur=1ms,16.740,
2732,10,1845,2864711477,2026-07-14T15:33:17.678300+00:00,184.400149,7406,41,0202aac007351cee005a5811460e29efbf1ffffffc2246cd1e00000fc0007ebfe9ed0737feebfff600,1,TX 41 seq=20391 rx_latency=1ms tx_dur=1ms,18.844,
2732,10,1846,2864711478,2026-07-14T15:33:17.778290+00:00,184.500131,7506,41,0202aac007361d52005a5811460e29efbf1ffffffc2246cd1e00000fc0007ebfe9ed0737feebfff600,1,TX 41 seq=20392 rx_latency=1ms tx_dur=1ms,21.470,
2732,10,1847,2864711479,2026-07-14T15:33:17.878296+00:00,184.600140,7606,41,0202aac007371db6005a5811460e29efbf1ffffffc2246cd1e00000fc0007ebfe9ed0737feebfff600,1,TX 41 seq=20393 rx_latency=1ms tx_dur=1ms,23.252,
2732,10,1848,2864711480,2026-07-14T15:33:17.978294+00:00,184.700146,7706,41,0202aac007381e1a005a5811460e29efbf1ffffffc2246cd1e00000fc0007ebfe9ed0737feebfff600,1,TX 41 seq=20394 rx_latency=1ms tx_dur=1ms,14.967,
2732,10,1849,2864711481,2026-07-14T15:33:18.078296+00:00,184.800143,7806,41,0202aac007391e7e005a5811460e29efbf1ffffffc2246cd1e00000fc0007ebfe9ed0737feebfff600,1,TX 41 seq=20395 rx_latency=1ms tx_dur=1ms,16.704,
2732,10,1850,2864711482,2026-07-14T15:33:18.178292+00:00,184.900135,7906,41,0202aac0073a1ee2005a5811460e29efbf1ffffffc2246cd1e00000fc0007ebfe9ed0737feebfff600,1,TX 41 seq=20396 rx_latency=1ms tx_dur=1ms,19.323,
2732,10,1851,2864711483,2026-07-14T15:33:18.278296+00:00,185.000141,8006,41,0202aac0073b1f46005a5811460e29efbf1ffffffc2246cd1e00000fc0007ebfe9ed0737feebfff600,1,TX 41 seq=20397 rx_latency=1ms tx_dur=1ms,21.055,
2732,10,1852,2864711484,2026-07-14T15:33:18.378300+00:00,185.100157,8106,41,0202aac0073c1faa005a5811460e29efbf1ffffffc2246cd1e00000fc0007ebfe9ed0737feebfff600,1,TX 41 seq=20398 rx_latency=1ms tx_dur=1ms,22.711,
2732,10,1853,2864711485,2026-07-14T15:33:18.478293+00:00,185.200137,8206,41,0202aac0073d200e005a5811460e29efbf1ffffffc2246cd1e00000fc0007ebfe9ed0737feebfff600,1,TX 41 seq=20399 rx_latency=1ms tx_dur=1ms,14.555,
2732,10,1854,2864711486,2026-07-14T15:33:18.578308+00:00,185.300172,8306,41,0202aac0073e2072005a5811460e29efbf1ffffffc2246cd1e00000fc0007ebfe9ed0737feebfff600,1,TX 41 seq=20400 rx_latency=1ms tx_dur=1ms,17.119,
2732,10,1855,2864711487,2026-07-14T15:33:18.678293+00:00,185.400140,8406,41,0202aac0073f20d6005a5811460e29efbf1ffffffc2246cd1e00000fc0007ebfe9ed0737feebfff600,1,TX 41 seq=20401 rx_latency=1ms tx_dur=1ms,18.872,
2732,10,1856,2864711488,2026-07-14T15:33:18.778306+00:00,185.500165,8506,41,0202aac00740213a005a5811460e29efbf1ffffffc2246cd1e00000fc0007ebfe9ed0737feebfff600,1,TX 41 seq=20402 rx_latency=1ms tx_dur=1ms,20.557,
2732,10,1857,2864711489,2026-07-14T15:33:18.878292+00:00,185.600137,8606,41,0202aac00741219e005a5811460e29efbf1ffffffc2246cd1e00000fc0007ebfe9ed0737feebfff600,1,TX 41 seq=20403 rx_latency=1ms tx_dur=1ms,23.392,
2732,10,1858,2864711490,2026-07-14T15:33:18.978296+00:00,185.700142,8706,41,0202aac007422202005a5811460e29efbf1ffffffc2246cd1e00000fc0007ebfe9ed0737feebfff600,1,TX 41 seq=20404 rx_latency=1ms tx_dur=1ms,14.999,
2732,10,1859,2864711491,2026-07-14T15:33:19.078299+00:00,185.800150,8806,41,0202aac007432266005a5811460e29efbf1ffffffc2246cd1e00000fc0007ebfe9ed0737feebfff600,1,TX 41 seq=20405 rx_latency=1ms tx_dur=1ms,16.701,
2732,10,1860,2864711492,2026-07-14T15:33:19.178305+00:00,185.900171,8906,41,0202aac0074422ca005a5811460e29efbf1ffffffc2246cd1e00000fc0007ebfe9ed0737feebfff600,1,TX 41 seq=20406 rx_latency=1ms tx_dur=1ms,18.350,
2732,10,1861,2864711493,2026-07-14T15:33:19.278294+00:00,186.000141,9006,41,0202aac00745232e005a5811460e29efbf1ffffffc2246cd1e00000fc0007ebfe9ed0737feebfff600,1,TX 41 seq=20407 rx_latency=1ms tx_dur=1ms,21.265,
2732,10,1862,2864711494,2026-07-14T15:33:19.378308+00:00,186.100170,9106,41,0202aac007462392005a5811460e29efbf1ffffffc2246cd1e00000fc0007ebfe9ed0737feebfff600,1,TX 41 seq=20408 rx_latency=1ms tx_dur=1ms,22.731,
2732,10,1863,2864711495,2026-07-14T15:33:19.478295+00:00,186.200142,9206,41,0202aac0074723f6005a5811460e29efbf1ffffffc2246cd1e00000fc0007ebfe9ed0737feebfff600,1,TX 41 seq=20409 rx_latency=1ms tx_dur=1ms,14.581,
2732,10,1864,2864711496,2026-07-14T15:33:19.578305+00:00,186.300170,9306,41,0202aac00748245a005a5811460e29efbf1ffffffc2246cd1e00000fc0007ebfe9ed0737feebfff600,1,TX 41 seq=20410 rx_latency=1ms tx_dur=1ms,17.313,
2732,10,1865,2864711497,2026-07-14T15:33:19.678310+00:00,186.400180,9406,41,0202aac0074924be005a5811460e29efbf1ffffffc2246cd1e00000fc0007ebfe9ed0737feebfff600,1,TX 41 seq=20411 rx_latency=1ms tx_dur=1ms,19.003,
2732,10,1866,2864711498,2026-07-14T15:33:19.778293+00:00,186.500138,9506,41,0202aac0074a2522005a5811460e29efbf1ffffffc2246cd1e00000fc0007ebfe9ed0737feebfff600,1,TX 41 seq=20412 rx_latency=1ms tx_dur=1ms,21.204,
2732,10,1867,2864711499,2026-07-14T15:33:19.878301+00:00,186.600153,9606,41,0202aac0074b2586005a5811460e29efbf1ffffffc2246cd1e00000fc0007ebfe9ed0737feebfff600,1,TX 41 seq=20413 rx_latency=1ms tx_dur=1ms,23.315,
2732,10,1868,2864711500,2026-07-14T15:33:19.978291+00:00,186.700132,9706,41,0202aac0074c25ea005a5811460e29efbf1ffffffc2246cd1e00000fc0007ebfe9ed0737feebfff600,1,TX 41 seq=20414 rx_latency=1ms tx_dur=1ms,14.912,
2732,10,1869,2864711501,2026-07-14T15:33:20.078301+00:00,186.800155,9806,41,0202aac0074d264e005a5811460e29efbf1ffffffc2246cd1e00000fc0007ebfe9ed0737feebfff600,1,TX 41 seq=20415 rx_latency=1ms tx_dur=1ms,16.586,
2732,10,1870,2864711502,2026-07-14T15:33:20.178290+00:00,186.900131,9906,41,0202aac0074e26b2005a5811460e29efbf1ffffffc2246cd1e00000fc0007ebfe9ed0737feebfff600,1,TX 41 seq=20416 rx_latency=1ms tx_dur=1ms,19.439,
2732,10,1871,2864711503,2026-07-14T15:33:20.278296+00:00,187.000139,10006,41,0202aac0074f2716005a5811460e29efbf1ffffffc2246cd1e00000fc0007ebfe9ed0737feebfff600,1,TX 41 seq=20417 rx_latency=1ms tx_dur=1ms,21.218,
2732,10,1872,2864711504,2026-07-14T15:33:20.378293+00:00,187.100139,10106,41,0202aac00750277a005a5811460e29efbf1ffffffc2246cd1e00000fc0007ebfe9ed0737feebfff600,1,TX 41 seq=20418 rx_latency=1ms tx_dur=1ms,23.379,
2732,10,1873,2864711505,2026-07-14T15:33:20.478297+00:00,187.200149,10206,41,0202aac0075127de005a5811460e29efbf1ffffffc2246cd1e00000fc0007ebfe9ed0737feebfff600,1,TX 41 seq=20419 rx_latency=1ms tx_dur=1ms,15.443,
2732,10,1874,2864711506,2026-07-14T15:33:20.578299+00:00,187.300147,10306,41,0202aac007522842005a5811460e29efbf1ffffffc2246cd1e00000fc0007ebfe9ed0737feebfff600,1,TX 41 seq=20420 rx_latency=1ms tx_dur=1ms,17.052,
2732,10,1875,2864711507,2026-07-14T15:33:20.678292+00:00,187.400134,10406,41,0202aac0075328a6005a5811460e29efbf1ffffffc2246cd1e00000fc0007ebfe9ed0737feebfff600,1,TX 41 seq=20421 rx_latency=1ms tx_dur=1ms,18.806,
2732,10,1876,2864711508,2026-07-14T15:33:20.778298+00:00,187.500145,10506,41,0202aac00754290a005a5811460e29efbf1ffffffc2246cd1e00000fc0007ebfe9ed0737feebfff600,1,TX 41 seq=20422 rx_latency=1ms tx_dur=1ms,20.534,
2732,10,1877,2864711509,2026-07-14T15:33:20.878260+00:00,187.600099,10606,41,0202aac00755296e005a5811460e29efbf1ffffffc2246cd1e00000fc0007ebfe9ed0737feebfff600,1,TX 41 seq=20423 rx_latency=1ms tx_dur=1ms,23.362,
2732,10,1878,2864711510,2026-07-14T15:33:20.978299+00:00,187.700147,10706,41,0202aac0075629d2005a5811460e29efbf1ffffffc2246cd1e00000fc0007ebfe9ed0737feebfff600,1,TX 41 seq=20424 rx_latency=1ms tx_dur=1ms,14.872,
2732,10,1879,2864711511,2026-07-14T15:33:21.078256+00:00,187.800101,10806,41,0202aac007572a36005a5811460e29efbf1ffffffc2246cd1e00000fc0007ebfe9ed0737feebfff600,1,TX 41 seq=20425 rx_latency=1ms tx_dur=1ms,16.656,
2732,10,1880,2864711512,2026-07-14T15:33:21.178298+00:00,187.900140,10906,41,0202aac007582a9a005a5811460e29efbf1ffffffc2246cd1e00000fc0007ebfe9ed0737feebfff600,1,TX 41 seq=20426 rx_latency=1ms tx_dur=1ms,19.468,
2732,10,1881,2864711513,2026-07-14T15:33:21.278297+00:00,188.000141,11006,41,0202aac007592afe005a5811460e29efbf1ffffffc2246cd1e00000fc0007ebfe9ed0737feebfff600,1,TX 41 seq=20427 rx_latency=1ms tx_dur=1ms,21.219,
2732,10,1882,2864711514,2026-07-14T15:33:21.378295+00:00,188.100136,11106,41,0202aac0075a2b62005a5811460e29efbf1ffffffc2246cd1e00000fc0007ebfe9ed0737feebfff600,1,TX 41 seq=20428 rx_latency=1ms tx_dur=1ms,22.735,
2732,10,1883,2864711515,2026-07-14T15:33:21.478299+00:00,188.200151,11206,41,0202aac0075b2bc6005a5811460e29efbf1ffffffc2246cd1e00000fc0007ebfe9ed0737feebfff600,1,TX 41 seq=20429 rx_latency=1ms tx_dur=1ms,14.439,
2732,10,1884,2864711516,2026-07-14T15:33:21.578297+00:00,188.300143,11306,41,0202aac0075c2c2a005a5811460e29efbf1ffffffc2246cd1e00000fc0007ebfe9ed0737feebfff600,1,TX 41 seq=20430 rx_latency=1ms tx_dur=1ms,17.302,
2732,10,1885,2864711517,2026-07-14T15:33:21.678305+00:00,188.400167,11406,41,0202aac0075d2c8e005a5811460e29efbf1ffffffc2246cd1e00000fc0007ebfe9ed0737feebfff600,1,TX 41 seq=20431 rx_latency=1ms tx_dur=1ms,18.934,
2732,10,1886,2864711518,2026-07-14T15:33:21.778301+00:00,188.500156,11506,41,0202aac0075e2cf2005a5811460e29efbf1ffffffc2246cd1e00000fc0007ebfe9ed0737feebfff600,1,TX 41 seq=20432 rx_latency=1ms tx_dur=1ms,20.524,
2732,10,1887,2864711519,2026-07-14T15:33:21.878291+00:00,188.600134,11606,41,0202aac0075f2d56005a5811460e29efbf1ffffffc2246cd1e00000fc0007ebfe9ed0737feebfff600,1,TX 41 seq=20433 rx_latency=1ms tx_dur=1ms,23.341,
2732,10,1888,2864711520,2026-07-14T15:33:21.978301+00:00,188.700154,11706,41,0202aac007602dba005a5811460e29efbf1ffffffc2246cd1e00000fc0007ebfe9ed0737feebfff600,1,TX 41 seq=20434 rx_latency=1ms tx_dur=1ms,15.104,
2732,10,1889,2864711521,2026-07-14T15:33:22.078297+00:00,188.800142,11806,41,0202aac007612e1e005a5811460e29efbf1ffffffc2246cd1e00000fc0007ebfe9ed0737feebfff600,1,TX 41 seq=20435 rx_latency=1ms tx_dur=1ms,16.849,
2732,10,1890,2864711522,2026-07-14T15:33:22.178294+00:00,188.900143,11906,41,0202aac007622e82005a5811460e29efbf1ffffffc2246cd1e00000fc0007ebfe9ed0737feebfff600,1,TX 41 seq=20436 rx_latency=1ms tx_dur=1ms,18.904,
2732,10,1891,2864711523,2026-07-14T15:33:22.278297+00:00,189.000141,12006,41,0202aac007632ee6005a5811460e29efbf1ffffffc2246cd1e00000fc0007ebfe9ed0737feebfff600,1,TX 41 seq=20437 rx_latency=1ms tx_dur=1ms,21.069,
2732,10,1892,2864711524,2026-07-14T15:33:22.378289+00:00,189.100128,12106,41,0202aac007642f4a005a5811460e29efbf1ffffffc2246cd1e00000fc0007ebfe9ed0737feebfff600,1,TX 41 seq=20438 rx_latency=1ms tx_dur=1ms,22.560,
2732,10,1893,2864711525,2026-07-14T15:33:22.478299+00:00,189.200147,12206,41,0202aac007652fae005a5811460e29efbf1ffffffc2246cd1e00000fc0007ebfe9ed0737feebfff600,1,TX 41 seq=20439 rx_latency=1ms tx_dur=1ms,15.445,
2732,10,1894,2864711526,2026-07-14T15:33:22.578291+00:00,189.300132,12306,41,0202aac007663012005a5811460e29efbf1ffffffc2246cd1e00000fc0007ebfe9ed0737feebfff600,1,TX 41 seq=20440 rx_latency=1ms tx_dur=1ms,17.211,
2732,10,1895,2864711527,2026-07-14T15:33:22.678299+00:00,189.400156,12406,41,0202aac007673076005a5811460e29efbf1ffffffc2246cd1e00000fc0007ebfe9ed0737feebfff600,1,TX 41 seq=20441 rx_latency=1ms tx_dur=1ms,18.823,
2732,10,1896,2864711528,2026-07-14T15:33:22.778300+00:00,189.500151,12506,41,0202aac0076830da005a5811460e29efbf1ffffffc2246cd1e00000fc0007ebfe9ed0737feebfff600,1,TX 41 seq=20442 rx_latency=1ms tx_dur=1ms,20.402,
2732,10,1897,2864711529,2026-07-14T15:33:22.878250+00:00,189.600088,12606,41,0202aac00769313e005a5811460e29efbf1ffffffc2246cd1e00000fc0007ebfe9ed0737feebfff600,1,TX 41 seq=20443 rx_latency=1ms tx_dur=1ms,23.262,
2732,10,1898,2864711530,2026-07-14T15:33:22.978297+00:00,189.700140,12706,41,0202aac0076a31a2005a5811460e29efbf1ffffffc2246cd1e00000fc0007ebfe9ed0737feebfff600,1,TX 41 seq=20444 rx_latency=1ms tx_dur=1ms,15.028,
2732,10,1899,2864711531,2026-07-14T15:33:23.078289+00:00,189.800126,12806,41,0202aac0076b3206005a5811460e29efbf1ffffffc2246cd1e00000fc0007ebfe9ed0737feebfff600,1,TX 41 seq=20445 rx_latency=1ms tx_dur=1ms,16.763,
2732,10,1900,2864711532,2026-07-14T15:33:23.178298+00:00,189.900147,12906,41,0202aac0076c326a005a5811460e29efbf1ffffffc2246cd1e00000fc0007ebfe9ed0737feebfff600,1,TX 41 seq=20446 rx_latency=1ms tx_dur=1ms,19.339,
2732,10,1901,2864711533,2026-07-14T15:33:23.278295+00:00,190.000147,13006,41,0202aac0076d32ce005a5811460e29efbf1ffffffc2246cd1e00000fc0007ebfe9ed0737feebfff600,1,TX 41 seq=20447 rx_latency=1ms tx_dur=1ms,21.030,
2732,10,1902,2864711534,2026-07-14T15:33:23.378299+00:00,190.100146,13106,41,0202aac0076e3332005a5811460e29efbf1ffffffc2246cd1e00000fc0007ebfe9ed0737feebfff600,1,TX 41 seq=20448 rx_latency=1ms tx_dur=1ms,22.812,
2732,10,1903,2864711535,2026-07-14T15:33:23.478291+00:00,190.200130,13206,41,0202aac0076f3396005a5811460e29efbf1ffffffc2246cd1e00000fc0007ebfe9ed0737feebfff600,1,TX 41 seq=20449 rx_latency=1ms tx_dur=1ms,14.616,
2732,10,1904,2864711536,2026-07-14T15:33:23.578298+00:00,190.300144,13306,41,0202aac0077033fa005a5811460e29efbf1ffffffc2246cd1e00000fc0007ebfe9ed0737feebfff600,1,TX 41 seq=20450 rx_latency=1ms tx_dur=1ms,17.231,
2732,10,1905,2864711537,2026-07-14T15:33:23.678304+00:00,190.400166,13406,41,0202aac00771345e005a5811460e29efbf1ffffffc2246cd1e00000fc0007ebfe9ed0737feebfff600,1,TX 41 seq=20451 rx_latency=1ms tx_dur=1ms,18.843,
2732,10,1906,2864711538,2026-07-14T15:33:23.778293+00:00,190.500136,13506,41,0202aac0077234c2005a5811460e29efbf1ffffffc2246cd1e00000fc0007ebfe9ed0737feebfff600,1,TX 41 seq=20452 rx_latency=1ms tx_dur=1ms,20.626,
2732,10,1907,2864711539,2026-07-14T15:33:23.878240+00:00,190.600084,13606,41,0202aac007733526005a5811460e29efbf1ffffffc2246cd1e00000fc0007ebfe9ed0737feebfff600,1,TX 41 seq=20453 rx_latency=1ms tx_dur=1ms,22.437,
2732,10,1908,2864711540,2026-07-14T15:33:23.978290+00:00,190.700127,13706,41,0202aac00774358a005a5811460e29efbf1ffffffc2246cd1e00000fc0007ebfe9ed0737feebfff600,1,TX 41 seq=20454 rx_latency=1ms tx_dur=1ms,14.533,
2732,10,1909,2864711541,2026-07-14T15:33:24.078314+00:00,190.800185,13806,41,0202aac0077535ee005a5811460e29efbf1ffffffc2246cd1e00000fc0007ebfe9ed0737feebfff600,1,TX 41 seq=20455 rx_latency=1ms tx_dur=1ms,16.822,
2732,10,1910,2864711542,2026-07-14T15:33:24.178302+00:00,190.900154,13906,41,0202aac007763652005a5811460e29efbf1ffffffc2246cd1e00000fc0007ebfe9ed0737feebfff600,1,TX 41 seq=20456 rx_latency=1ms tx_dur=1ms,19.088,
2732,10,1911,2864711543,2026-07-14T15:33:24.278293+00:00,191.000136,14006,41,0202aac0077736b6005a5811460e29efbf1ffffffc2246cd1e00000fc0007ebfe9ed0737feebfff600,1,TX 41 seq=20457 rx_latency=1ms tx_dur=1ms,21.150,
2732,10,1912,2864711544,2026-07-14T15:33:24.378298+00:00,191.100143,14106,41,0202aac00778371a005a5811460e29efbf1ffffffc2246cd1e00000fc0007ebfe9ed0737feebfff600,1,TX 41 seq=20458 rx_latency=1ms tx_dur=1ms,23.307,
2732,10,1913,2864711545,2026-07-14T15:33:24.478290+00:00,191.200130,14206,41,0202aac00779377e005a5811460e29efbf1ffffffc2246cd1e00000fc0007ebfe9ed0737feebfff600,1,TX 41 seq=20459 rx_latency=1ms tx_dur=1ms,14.899,
2732,10,1914,2864711546,2026-07-14T15:33:24.578298+00:00,191.300143,14306,41,0202aac0077a37e2005a5811460e29efbf1ffffffc2246cd1e00000fc0007ebfe9ed0737feebfff600,1,TX 41 seq=20460 rx_latency=1ms tx_dur=1ms,16.596,
2732,10,1915,2864711547,2026-07-14T15:33:24.678298+00:00,191.400143,14406,41,0202aac0077b3846005a5811460e29efbf1ffffffc2246cd1e00000fc0007ebfe9ed0737feebfff600,1,TX 41 seq=20461 rx_latency=1ms tx_dur=1ms,19.469,
2732,10,1916,2864711548,2026-07-14T15:33:24.778289+00:00,191.500129,14506,41,0202aac0077c38aa005a5811460e29efbf1ffffffc2246cd1e00000fc0007ebfe9ed0737feebfff600,1,TX 41 seq=20462 rx_latency=1ms tx_dur=1ms,21.127,
2732,10,1917,2864711549,2026-07-14T15:33:24.878300+00:00,191.600146,14606,41,0202aac0077d390e005a5811460e29efbf1ffffffc2246cd1e00000fc0007ebfe9ed0737feebfff600,1,TX 41 seq=20463 rx_latency=1ms tx_dur=1ms,22.712,
2732,10,1918,2864711550,2026-07-14T15:33:24.978297+00:00,191.700148,14706,41,0202aac0077e3972005a5811460e29efbf1ffffffc2246cd1e00000fc0007ebfe9ed0737feebfff600,1,TX 41 seq=20464 rx_latency=1ms tx_dur=1ms,14.397,
2732,10,1919,2864711551,2026-07-14T15:33:25.078299+00:00,191.800145,14806,41,0202aac0077f39d6005a5811460e29efbf1ffffffc2246cd1e00000fc0007ebfe9ed0737feebfff600,1,TX 41 seq=20465 rx_latency=1ms tx_dur=1ms,17.245,
2732,10,1920,2864711552,2026-07-14T15:33:25.178297+00:00,191.900139,14906,41,0202aac007803a3a005a5811460e29efbf1ffffffc2246cd1e00000fc0007ebfe9ed0737feebfff600,1,TX 41 seq=20466 rx_latency=1ms tx_dur=1ms,18.987,
2732,10,1921,2864711553,2026-07-14T15:33:25.278296+00:00,192.000138,15006,41,0202aac007813a9e005a5811460e29efbf1ffffffc2246cd1e00000fc0007ebfe9ed0737feebfff600,1,TX 41 seq=20467 rx_latency=1ms tx_dur=1ms,20.512,
2732,10,1922,2864711554,2026-07-14T15:33:25.378296+00:00,192.100137,15106,41,0202aac007823b02005a5811460e29efbf1ffffffc2246cd1e00000fc0007ebfe9ed0737feebfff600,1,TX 41 seq=20468 rx_latency=1ms tx_dur=1ms,23.360,
2732,10,1923,2864711555,2026-07-14T15:33:25.478293+00:00,192.200136,15206,41,0202aac007833b66005a5811460e29efbf1ffffffc2246cd1e00000fc0007ebfe9ed0737feebfff600,1,TX 41 seq=20469 rx_latency=1ms tx_dur=1ms,15.107,
2732,10,1924,2864711556,2026-07-14T15:33:25.578297+00:00,192.300140,15306,41,0202aac007843bca005a5811460e29efbf1ffffffc2246cd1e00000fc0007ebfe9ed0737feebfff600,1,TX 41 seq=20470 rx_latency=1ms tx_dur=1ms,16.822,
2732,10,1925,2864711557,2026-07-14T15:33:25.678307+00:00,192.400173,15406,41,0202aac007853c2e005a5811460e29efbf1ffffffc2246cd1e00000fc0007ebfe9ed0737feebfff600,1,TX 41 seq=20471 rx_latency=1ms tx_dur=1ms,19.378,
2732,10,1926,2864711558,2026-07-14T15:33:25.778309+00:00,192.500174,15506,41,0202aac007863c92005a5811460e29efbf1ffffffc2246cd1e00000fc0007ebfe9ed0737feebfff600,1,TX 41 seq=20472 rx_latency=1ms tx_dur=1ms,21.142,
2732,10,1927,2864711559,2026-07-14T15:33:25.878294+00:00,192.600142,15606,41,0202aac007873cf6005a5811460e29efbf1ffffffc2246cd1e00000fc0007ebfe9ed0737feebfff600,1,TX 41 seq=20473 rx_latency=1ms tx_dur=1ms,22.853,
2732,10,1928,2864711560,2026-07-14T15:33:25.978305+00:00,192.700163,15706,41,0202aac007883d5a005a5811460e29efbf1ffffffc2246cd1e00000fc0007ebfe9ed0737feebfff600,1,TX 41 seq=20474 rx_latency=1ms tx_dur=1ms,14.622,
2732,10,1929,2864711561,2026-07-14T15:33:26.078291+00:00,192.800134,15806,41,0202aac007893dbe005a5811460e29efbf1ffffffc2246cd1e00000fc0007ebfe9ed0737feebfff600,1,TX 41 seq=20475 rx_latency=1ms tx_dur=1ms,16.739,
2732,10,1930,2864711562,2026-07-14T15:33:26.178297+00:00,192.900143,15906,41,0202aac0078a3e22005a5811460e29efbf1ffffffc2246cd1e00000fc0007ebfe9ed0737feebfff600,1,TX 41 seq=20476 rx_latency=1ms tx_dur=1ms,18.866,
2732,10,1931,2864711563,2026-07-14T15:33:26.278301+00:00,193.000148,16006,41,0202aac0078b3e86005a5811460e29efbf1ffffffc2246cd1e00000fc0007ebfe9ed0737feebfff600,1,TX 41 seq=20477 rx_latency=1ms tx_dur=1ms,21.473,
2732,10,1932,2864711564,2026-07-14T15:33:26.378298+00:00,193.100142,16106,41,0202aac0078c3eea005a5811460e29efbf1ffffffc2246cd1e00000fc0007ebfe9ed0737feebfff600,1,TX 41 seq=20478 rx_latency=1ms tx_dur=1ms,23.236,
2732,10,1933,2864711565,2026-07-14T15:33:26.478297+00:00,193.200142,16206,41,0202aac0078d3f4e005a5811460e29efbf1ffffffc2246cd1e00000fc0007ebfe9ed0737feebfff600,1,TX 41 seq=20479 rx_latency=1ms tx_dur=1ms,14.994,
2732,10,1934,2864711566,2026-07-14T15:33:26.578298+00:00,193.300141,16306,41,0202aac0078e3fb2005a5811460e29efbf1ffffffc2246cd1e00000fc0007ebfe9ed0737feebfff600,1,TX 41 seq=20480 rx_latency=1ms tx_dur=1ms,16.721,
2732,10,1935,2864711567,2026-07-14T15:33:26.678296+00:00,193.400136,16406,41,0202aac0078f4016005a5811460e29efbf1ffffffc2246cd1e00000fc0007ebfe9ed0737feebfff600,1,TX 41 seq=20481 rx_latency=1ms tx_dur=1ms,19.345,
2732,10,1936,2864711568,2026-07-14T15:33:26.778294+00:00,193.500137,16506,41,0202aac00790407a005a5811460e29efbf1ffffffc2246cd1e00000fc0007ebfe9ed0737feebfff600,1,TX 41 seq=20482 rx_latency=1ms tx_dur=1ms,21.031,
2732,10,1937,2864711569,2026-07-14T15:33:26.878301+00:00,193.600148,16606,41,0202aac0079140de005a5811460e29efbf1ffffffc2246cd1e00000fc0007ebfe9ed0737feebfff600,1,TX 41 seq=20483 rx_latency=1ms tx_dur=1ms,22.779,
2732,10,1938,2864711570,2026-07-14T15:33:26.978301+00:00,193.700157,16706,41,0202aac007924142005a5811460e29efbf1ffffffc2246cd1e00000fc0007ebfe9ed0737feebfff600,1,TX 41 seq=20484 rx_latency=1ms tx_dur=1ms,14.516,
2732,10,1939,2864711571,2026-07-14T15:33:27.078292+00:00,193.800134,16806,41,0202aac0079341a6005a5811460e29efbf1ffffffc2246cd1e00000fc0007ebfe9ed0737feebfff600,1,TX 41 seq=20485 rx_latency=1ms tx_dur=1ms,17.198,
2732,10,1940,2864711572,2026-07-14T15:33:27.178302+00:00,193.900157,16906,41,0202aac00794420a005a5811460e29efbf1ffffffc2246cd1e00000fc0007ebfe9ed0737feebfff600,1,TX 41 seq=20486 rx_latency=1ms tx_dur=1ms,18.785,
2732,10,1941,2864711573,2026-07-14T15:33:27.278294+00:00,194.000135,17006,41,0202aac00795426e005a5811460e29efbf1ffffffc2246cd1e00000fc0007ebfe9ed0737feebfff600,1,TX 41 seq=20487 rx_latency=1ms tx_dur=1ms,20.692,
2732,10,1942,2864711574,2026-07-14T15:33:27.378305+00:00,194.100149,17106,41,0202aac0079642d2005a5811460e29efbf1ffffffc2246cd1e00000fc0007ebfe9ed0737feebfff600,1,TX 41 seq=20488 rx_latency=1ms tx_dur=1ms,23.333,
2732,10,1943,2864711575,2026-07-14T15:33:27.478291+00:00,194.200133,17206,41,0202aac007974336005a5811460e29efbf1ffffffc2246cd1e00000fc0007ebfe9ed0737feebfff600,1,TX 41 seq=20489 rx_latency=1ms tx_dur=1ms,15.617,
2732,10,1944,2864711576,2026-07-14T15:33:27.578297+00:00,194.300141,17306,41,0202aac00798439a005a5811460e29efbf1ffffffc2246cd1e00000fc0007ebfe9ed0737feebfff600,1,TX 41 seq=20490 rx_latency=1ms tx_dur=1ms,16.919,
2732,10,1945,2864711577,2026-07-14T15:33:27.678299+00:00,194.400148,17406,41,0202aac0079943fe005a5811460e29efbf1ffffffc2246cd1e00000fc0007ebfe9ed0737feebfff600,1,TX 41 seq=20491 rx_latency=1ms tx_dur=1ms,19.044,
2732,10,1946,2864711578,2026-07-14T15:33:27.778296+00:00,194.500141,17506,41,0202aac0079a4462005a5811460e29efbf1ffffffc2246cd1e00000fc0007ebfe9ed0737feebfff600,1,TX 41 seq=20492 rx_latency=1ms tx_dur=1ms,20.534,
2732,10,1947,2864711579,2026-07-14T15:33:27.878291+00:00,194.600133,17606,41,0202aac0079b44c6005a5811460e29efbf1ffffffc2246cd1e00000fc0007ebfe9ed0737feebfff600,1,TX 41 seq=20493 rx_latency=1ms tx_dur=1ms,23.536,
2732,10,1948,2864711580,2026-07-14T15:33:27.978301+00:00,194.700157,17706,41,0202aac0079c452a005a5811460e29efbf1ffffffc2246cd1e00000fc0007ebfe9ed0737feebfff600,1,TX 41 seq=20494 rx_latency=1ms tx_dur=1ms,15.186,
2732,10,1949,2864711581,2026-07-14T15:33:28.078301+00:00,194.800153,17806,41,0202aac0079d458e005a5811460e29efbf1ffffffc2246cd1e00000fc0007ebfe9ed0737feebfff600,1,TX 41 seq=20495 rx_latency=1ms tx_dur=1ms,16.873,
2732,10,1950,2864711582,2026-07-14T15:33:28.178295+00:00,194.900140,17906,41,0202aac0079e45f2005a5811460e29efbf1ffffffc2246cd1e00000fc0007ebfe9ed0737feebfff600,1,TX 41 seq=20496 rx_latency=1ms tx_dur=1ms,18.964,
2732,10,1951,2864711583,2026-07-14T15:33:28.278295+00:00,195.000139,18006,41,0202aac0079f4656005a5811460e29efbf1ffffffc2246cd1e00000fc0007ebfe9ed0737feebfff600,1,TX 41 seq=20497 rx_latency=1ms tx_dur=1ms,21.168,
2732,10,1952,2864711584,2026-07-14T15:33:28.378290+00:00,195.100130,18106,41,0202aac007a046ba005a5811460e29efbf1ffffffc2246cd1e00000fc0007ebfe9ed0737feebfff600,1,TX 41 seq=20498 rx_latency=1ms tx_dur=1ms,22.695,
2732,10,1953,2864711585,2026-07-14T15:33:28.478298+00:00,195.200143,18206,41,0202aac007a1471e005a5811460e29efbf1ffffffc2246cd1e00000fc0007ebfe9ed0737feebfff600,1,TX 41 seq=20499 rx_latency=1ms tx_dur=1ms,15.504,
2732,10,1954,2864711586,2026-07-14T15:33:28.578293+00:00,195.300134,18306,41,0202aac007a24782005a5811460e29efbf1ffffffc2246cd1e00000fc0007ebfe9ed0737feebfff600,1,TX 41 seq=20500 rx_latency=1ms tx_dur=1ms,17.292,
2732,10,1955,2864711587,2026-07-14T15:33:28.678298+00:00,195.400145,18406,41,0202aac007a347e6005a5811460e29efbf1ffffffc2246cd1e00000fc0007ebfe9ed0737feebfff600,1,TX 41 seq=20501 rx_latency=1ms tx_dur=1ms,18.988,
2732,10,1956,2864711588,2026-07-14T15:33:28.778286+00:00,195.500124,18506,41,0202aac007a4484a005a5811460e29efbf1ffffffc2246cd1e00000fc0007ebfe9ed0737feebfff600,1,TX 41 seq=20502 rx_latency=1ms tx_dur=1ms,21.071,
2732,10,1957,2864711589,2026-07-14T15:33:28.878298+00:00,195.600144,18606,41,0202aac007a548ae005a5811460e29efbf1ffffffc2246cd1e00000fc0007ebfe9ed0737feebfff600,1,TX 41 seq=20503 rx_latency=1ms tx_dur=1ms,23.486,
2732,10,1958,2864711590,2026-07-14T15:33:28.978295+00:00,195.700138,18706,41,0202aac007a64912005a5811460e29efbf1ffffffc2246cd1e00000fc0007ebfe9ed0737feebfff600,1,TX 41 seq=20504 rx_latency=1ms tx_dur=1ms,14.579,
2732,10,1959,2864711591,2026-07-14T15:33:29.078290+00:00,195.800128,18806,41,0202aac007a74976005a5811460e29efbf1ffffffc2246cd1e00000fc0007ebfe9ed0737feebfff600,1,TX 41 seq=20505 rx_latency=1ms tx_dur=1ms,16.656,
2732,10,1960,2864711592,2026-07-14T15:33:29.178295+00:00,195.900137,18906,41,0202aac007a849da005a5811460e29efbf1ffffffc2246cd1e00000fc0007ebfe9ed0737feebfff600,1,TX 41 seq=20506 rx_latency=1ms tx_dur=1ms,19.233,
2732,10,1961,2864711593,2026-07-14T15:33:29.278259+00:00,196.000121,19006,41,0202aac007a94a3e005a5811460e29efbf1ffffffc2246cd1e00000fc0007ebfe9ed0737feebfff600,1,TX 41 seq=20507 rx_latency=1ms tx_dur=1ms,21.198,
2732,10,1962,2864711594,2026-07-14T15:33:29.378293+00:00,196.100137,19106,41,0202aac007aa4aa2005a5811460e29efbf1ffffffc2246cd1e00000fc0007ebfe9ed0737feebfff600,1,TX 41 seq=20508 rx_latency=1ms tx_dur=1ms,23.303,
2732,10,1963,2864711595,2026-07-14T15:33:29.478298+00:00,196.200143,19206,41,0202aac007ab4b06005a5811460e29efbf1ffffffc2246cd1e00000fc0007ebfe9ed0737feebfff600,1,TX 41 seq=20509 rx_latency=1ms tx_dur=1ms,14.695,
2732,10,1964,2864711596,2026-07-14T15:33:29.578290+00:00,196.300130,19306,41,0202aac007ac4b6a005a5811460e29efbf1ffffffc2246cd1e00000fc0007ebfe9ed0737feebfff600,1,TX 41 seq=20510 rx_latency=1ms tx_dur=1ms,16.872,
2732,10,1965,2864711597,2026-07-14T15:33:29.678298+00:00,196.400141,19406,41,0202aac007ad4bce005a5811460e29efbf1ffffffc2246cd1e00000fc0007ebfe9ed0737feebfff600,1,TX 41 seq=20511 rx_latency=1ms tx_dur=1ms,18.921,
2732,10,1966,2864711598,2026-07-14T15:33:29.778293+00:00,196.500135,19506,41,0202aac007ae4c32005a5811460e29efbf1ffffffc2246cd1e00000fc0007ebfe9ed0737feebfff600,1,TX 41 seq=20512 rx_latency=1ms tx_dur=1ms,21.378,
2732,10,1967,2864711599,2026-07-14T15:33:29.878297+00:00,196.600145,19606,41,0202aac007af4c96005a5811460e29efbf1ffffffc2246cd1e00000fc0007ebfe9ed0737feebfff600,1,TX 41 seq=20513 rx_latency=1ms tx_dur=1ms,22.447,
2732,10,1968,2864711600,2026-07-14T15:33:29.978289+00:00,196.700129,19706,41,0202aac007b04cfa005a5811460e29efbf1ffffffc2246cd1e00000fc0007ebfe9ed0737feebfff600,1,TX 41 seq=20514 rx_latency=1ms tx_dur=1ms,14.565,
2732,10,1969,2864711601,2026-07-14T15:33:30.078298+00:00,196.800141,19806,41,0202aac007b14d5e005a5811460e29efbf1ffffffc2246cd1e00000fc0007ebfe9ed0737feebfff600,1,TX 41 seq=20515 rx_latency=1ms tx_dur=1ms,16.683,
2732,10,1970,2864711602,2026-07-14T15:33:30.178290+00:00,196.900128,19906,41,0202aac007b24dc2005a5811460e29efbf1ffffffc2246cd1e00000fc0007ebfe9ed0737feebfff600,1,TX 41 seq=20516 rx_latency=1ms tx_dur=1ms,19.313,
2732,10,1971,2864711603,2026-07-14T15:33:30.278307+00:00,197.000166,20006,41,0202aac007b34e26005a5811460e29efbf1ffffffc2246cd1e00000fc0007ebfe9ed0737feebfff600,1,TX 41 seq=20517 rx_latency=1ms tx_dur=1ms,20.965,
2732,10,1972,2864711604,2026-07-14T15:33:30.378291+00:00,197.100133,20106,41,0202aac007b44e8a005a5811460e29efbf1ffffffc2246cd1e00000fc0007ebfe9ed0737feebfff600,1,TX 41 seq=20518 rx_latency=1ms tx_dur=1ms,22.712,
2732,10,1973,2864711605,2026-07-14T15:33:30.478300+00:00,197.200145,20206,41,0202aac007b54eee005a5811460e29efbf1ffffffc2246cd1e00000fc0007ebfe9ed0737feebfff600,1,TX 41 seq=20519 rx_latency=1ms tx_dur=1ms,14.501,
2732,10,1974,2864711606,2026-07-14T15:33:30.578291+00:00,197.300129,20306,41,0202aac007b64f52005a5811460e29efbf1ffffffc2246cd1e00000fc0007ebfe9ed0737feebfff600,1,TX 41 seq=20520 rx_latency=1ms tx_dur=1ms,16.604,
2732,10,1975,2864711607,2026-07-14T15:33:30.678297+00:00,197.400140,20406,41,0202aac007b74fb6005a5811460e29efbf1ffffffc2246cd1e00000fc0007ebfe9ed0737feebfff600,1,TX 41 seq=20521 rx_latency=1ms tx_dur=1ms,19.048,
2732,10,1976,2864711608,2026-07-14T15:33:30.778297+00:00,197.500143,20506,41,0202aac007b8501a005a5811460e29efbf1ffffffc2246cd1e00000fc0007ebfe9ed0737feebfff600,1,TX 41 seq=20522 rx_latency=1ms tx_dur=1ms,21.229,
2732,10,1977,2864711609,2026-07-14T15:33:30.878292+00:00,197.600132,20606,41,0202aac007b9507e005a5811460e29efbf1ffffffc2246cd1e00000fc0007ebfe9ed0737feebfff600,1,TX 41 seq=20523 rx_latency=1ms tx_dur=1ms,23.237,
2732,10,1978,2864711610,2026-07-14T15:33:30.978297+00:00,197.700141,20706,41,0202aac007ba50e2005a5811460e29efbf1ffffffc2246cd1e00000fc0007ebfe9ed0737feebfff600,1,TX 41 seq=20524 rx_latency=1ms tx_dur=1ms,14.643,
2732,10,1979,2864711611,2026-07-14T15:33:31.078296+00:00,197.800139,20806,41,0202aac007bb5146005a5811460e29efbf1ffffffc2246cd1e00000fc0007ebfe9ed0737feebfff600,1,TX 41 seq=20525 rx_latency=1ms tx_dur=1ms,16.803,
2732,10,1980,2864711612,2026-07-14T15:33:31.178290+00:00,197.900127,20906,41,0202aac007bc51aa005a5811460e29efbf1ffffffc2246cd1e00000fc0007ebfe9ed0737feebfff600,1,TX 41 seq=20526 rx_latency=1ms tx_dur=1ms,18.895,
2732,10,1981,2864711613,2026-07-14T15:33:31.278296+00:00,198.000139,21006,41,0202aac007bd520e005a5811460e29efbf1ffffffc2246cd1e00000fc0007ebfe9ed0737feebfff600,1,TX 41 seq=20527 rx_latency=1ms tx_dur=1ms,21.342,
2732,10,1982,2864711614,2026-07-14T15:33:31.378296+00:00,198.100139,21106,41,0202aac007be5272005a5811460e29efbf1ffffffc2246cd1e00000fc0007ebfe9ed0737feebfff600,1,TX 41 seq=20528 rx_latency=1ms tx_dur=1ms,23.509,
2732,10,1983,2864711615,2026-07-14T15:33:31.478303+00:00,198.200159,21206,41,0202aac007bf52d6005a5811460e29efbf1ffffffc2246cd1e00000fc0007ebfe9ed0737feebfff600,1,TX 41 seq=20529 rx_latency=1ms tx_dur=1ms,14.993,
2732,10,1984,2864711616,2026-07-14T15:33:31.578291+00:00,198.300132,21306,41,0202aac007c0533a005a5811460e29efbf1ffffffc2246cd1e00000fc0007ebfe9ed0737feebfff600,1,TX 41 seq=20530 rx_latency=1ms tx_dur=1ms,16.767,
2732,10,1985,2864711617,2026-07-14T15:33:31.678314+00:00,198.400187,21406,41,0202aac007c1539e005a5811460e29efbf1ffffffc2246cd1e00000fc0007ebfe9ed0737feebfff600,1,TX 41 seq=20531 rx_latency=1ms tx_dur=1ms,18.384,
2732,10,1986,2864711618,2026-07-14T15:33:31.778294+00:00,198.500138,21506,41,0202aac007c25402005a5811460e29efbf1ffffffc2246cd1e00000fc0007ebfe9ed0737feebfff600,1,TX 41 seq=20532 rx_latency=1ms tx_dur=1ms,21.284,
2732,10,1987,2864711619,2026-07-14T15:33:31.878300+00:00,198.600148,21606,41,0202aac007c35466005a5811460e29efbf1ffffffc2246cd1e00000fc0007ebfe9ed0737feebfff600,1,TX 41 seq=20533 rx_latency=1ms tx_dur=1ms,23.372,
2732,10,1988,2864711620,2026-07-14T15:33:31.978296+00:00,198.700146,21706,41,0202aac007c454ca005a5811460e29efbf1ffffffc2246cd1e00000fc0007ebfe9ed0737feebfff600,1,TX 41 seq=20534 rx_latency=1ms tx_dur=1ms,15.549,
2732,10,1989,2864711621,2026-07-14T15:33:32.078298+00:00,198.800143,21806,41,0202aac007c5552e005a5811460e29efbf1ffffffc2246cd1e00000fc0007ebfe9ed0737feebfff600,1,TX 41 seq=20535 rx_latency=1ms tx_dur=1ms,17.077,
2732,10,1990,2864711622,2026-07-14T15:33:32.178283+00:00,198.900127,21906,41,0202aac007c65592005a5811460e29efbf1ffffffc2246cd1e00000fc0007ebfe9ed0737feebfff600,1,TX 41 seq=20536 rx_latency=1ms tx_dur=1ms,18.825,
2732,10,1991,2864711623,2026-07-14T15:33:32.278297+00:00,199.000139,22006,41,0202aac007c755f6005a5811460e29efbf1ffffffc2246cd1e00000fc0007ebfe9ed0737feebfff600,1,TX 41 seq=20537 rx_latency=1ms tx_dur=1ms,20.574,
2732,10,1992,2864711624,2026-07-14T15:33:32.378218+00:00,199.100057,22106,41,0202aac007c8565a005a5811460e29efbf1ffffffc2246cd1e00000fc0007ebfe9ed0737feebfff600,1,TX 41 seq=20538 rx_latency=1ms tx_dur=1ms,23.408,
2732,10,1993,2864711625,2026-07-14T15:33:32.478303+00:00,199.200161,22206,41,0202aac007c956be005a5811460e29efbf1ffffffc2246cd1e00000fc0007ebfe9ed0737feebfff600,1,TX 41 seq=20539 rx_latency=1ms tx_dur=1ms,14.871,
2732,10,1994,2864711626,2026-07-14T15:33:32.578293+00:00,199.300137,22306,41,0202aac007ca5722005a5811460e29efbf1ffffffc2246cd1e00000fc0007ebfe9ed0737feebfff600,1,TX 41 seq=20540 rx_latency=1ms tx_dur=1ms,16.655,
2732,10,1995,2864711627,2026-07-14T15:33:32.678298+00:00,199.400141,22406,41,0202aac007cb5786005a5811460e29efbf1ffffffc2246cd1e00000fc0007ebfe9ed0737feebfff600,1,TX 41 seq=20541 rx_latency=1ms tx_dur=1ms,19.487,
2732,10,1996,2864711628,2026-07-14T15:33:32.778227+00:00,199.500066,22506,41,0202aac007cc57ea005a5811460e29efbf1ffffffc2246cd1e00000fc0007ebfe9ed0737feebfff600,1,TX 41 seq=20542 rx_latency=1ms tx_dur=1ms,21.282,
2732,10,1997,2864711629,2026-07-14T15:33:32.878297+00:00,199.600141,22606,41,0202aac007cd584e005a5811460e29efbf1ffffffc2246cd1e00000fc0007ebfe9ed0737feebfff600,1,TX 41 seq=20543 rx_latency=1ms tx_dur=1ms,22.756,
2732,10,1998,2864711630,2026-07-14T15:33:32.978281+00:00,199.700124,22706,41,0202aac007ce58b2005a5811460e29efbf1ffffffc2246cd1e00000fc0007ebfe9ed0737feebfff600,1,TX 41 seq=20544 rx_latency=1ms tx_dur=1ms,14.521,
2732,10,1999,2864711631,2026-07-14T15:33:33.078298+00:00,199.800142,22806,41,0202aac007cf5916005a5811460e29efbf1ffffffc2246cd1e00000fc0007ebfe9ed0737feebfff600,1,TX 41 seq=20545 rx_latency=1ms tx_dur=1ms,17.321,
2732,10,2000,2864711632,2026-07-14T15:33:33.178291+00:00,199.900129,22906,41,0202aac007d0597a005a5811460e29efbf1ffffffc2246cd1e00000fc0007ebfe9ed0737feebfff600,1,TX 41 seq=20546 rx_latency=1ms tx_dur=1ms,19.041,
2732,10,2001,2864711633,2026-07-14T15:33:33.278304+00:00,200.000158,23006,41,0202aac007d159de005a5811460e29efbf1ffffffc2246cd1e00000fc0007ebfe9ed0737feebfff600,1,TX 41 seq=20547 rx_latency=1ms tx_dur=1ms,20.519,
2732,10,2002,2864711634,2026-07-14T15:33:33.378293+00:00,200.100137,23106,41,0202aac007d25a42005a5811460e29efbf1ffffffc2246cd1e00000fc0007ebfe9ed0737feebfff600,1,TX 41 seq=20548 rx_latency=1ms tx_dur=1ms,23.357,
2732,10,2003,2864711635,2026-07-14T15:33:33.478296+00:00,200.200141,23206,41,0202aac007d35aa6005a5811460e29efbf1ffffffc2246cd1e00000fc0007ebfe9ed0737feebfff600,1,TX 41 seq=20549 rx_latency=1ms tx_dur=1ms,15.208,
2732,10,2004,2864711636,2026-07-14T15:33:33.578300+00:00,200.300155,23306,41,0202aac007d45b0a005a5811460e29efbf1ffffffc2246cd1e00000fc0007ebfe9ed0737feebfff600,1,TX 41 seq=20550 rx_latency=1ms tx_dur=1ms,16.838,
2732,10,2005,2864711637,2026-07-14T15:33:33.678299+00:00,200.400150,23406,41,0202aac007d55b6e005a5811460e29efbf1ffffffc2246cd1e00000fc0007ebfe9ed0737feebfff600,1,TX 41 seq=20551 rx_latency=1ms tx_dur=1ms,18.921,
2732,10,2006,2864711638,2026-07-14T15:33:33.778297+00:00,200.500141,23506,41,0202aac007d65bd2005a5811460e29efbf1ffffffc2246cd1e00000fc0007ebfe9ed0737feebfff600,1,TX 41 seq=20552 rx_latency=1ms tx_dur=1ms,21.093,
2732,10,2007,2864711639,2026-07-14T15:33:33.878291+00:00,200.600131,23606,41,0202aac007d75c36005a5811460e29efbf1ffffffc2246cd1e00000fc0007ebfe9ed0737feebfff600,1,TX 41 seq=20553 rx_latency=1ms tx_dur=1ms,22.592,
2732,10,2008,2864711640,2026-07-14T15:33:33.978297+00:00,200.700142,23706,41,0202aac007d85c9a005a5811460e29efbf1ffffffc2246cd1e00000fc0007ebfe9ed0737feebfff600,1,TX 41 seq=20554 rx_latency=1ms tx_dur=1ms,15.462,
2732,10,2009,2864711641,2026-07-14T15:33:34.078294+00:00,200.800137,23806,41,0202aac007d95cfe005a5811460e29efbf1ffffffc2246cd1e00000fc0007ebfe9ed0737feebfff600,1,TX 41 seq=20555 rx_latency=1ms tx_dur=1ms,17.224,
2732,10,2010,2864711642,2026-07-14T15:33:34.178297+00:00,200.900144,23906,41,0202aac007da5d62005a5811460e29efbf1ffffffc2246cd1e00000fc0007ebfe9ed0737feebfff600,1,TX 41 seq=20556 rx_latency=1ms tx_dur=1ms,18.939,
2732,10,2011,2864711643,2026-07-14T15:33:34.278290+00:00,201.000128,24006,41,0202aac007db5dc6005a5811460e29efbf1ffffffc2246cd1e00000fc0007ebfe9ed0737feebfff600,1,TX 41 seq=20557 rx_latency=1ms tx_dur=1ms,21.542,
2732,10,2012,2864711644,2026-07-14T15:33:34.378298+00:00,201.100141,24106,41,0202aac007dc5e2a005a5811460e29efbf1ffffffc2246cd1e00000fc0007ebfe9ed0737feebfff600,1,TX 41 seq=20558 rx_latency=1ms tx_dur=1ms,23.289,
2732,10,2013,2864711645,2026-07-14T15:33:34.478291+00:00,201.200132,24206,41,0202aac007dd5e8e005a5811460e29efbf1ffffffc2246cd1e00000fc0007ebfe9ed0737feebfff600,1,TX 41 seq=20559 rx_latency=1ms tx_dur=1ms,15.072,
2732,10,2014,2864711646,2026-07-14T15:33:34.578306+00:00,201.300169,24306,41,0202aac007de5ef2005a5811460e29efbf1ffffffc2246cd1e00000fc0007ebfe9ed0737feebfff600,1,TX 41 seq=20560 rx_latency=1ms tx_dur=1ms,16.700,
2732,10,2015,2864711647,2026-07-14T15:33:34.678294+00:00,201.400136,24406,41,0202aac007df5f56005a5811460e29efbf1ffffffc2246cd1e00000fc0007ebfe9ed0737feebfff600,1,TX 41 seq=20561 rx_latency=1ms tx_dur=1ms,19.370,
2732,10,2016,2864711648,2026-07-14T15:33:34.778303+00:00,201.500163,24506,41,0202aac007e05fba005a5811460e29efbf1ffffffc2246cd1e00000fc0007ebfe9ed0737feebfff600,1,TX 41 seq=20562 rx_latency=1ms tx_dur=1ms,21.101,
2732,10,2017,2864711649,2026-07-14T15:33:34.878291+00:00,201.600134,24606,41,0202aac007e1601e005a5811460e29efbf1ffffffc2246cd1e00000fc0007ebfe9ed0737feebfff600,1,TX 41 seq=20563 rx_latency=1ms tx_dur=1ms,22.805,
2732,10,2018,2864711650,2026-07-14T15:33:34.978299+00:00,201.700147,24706,41,0202aac007e26082005a5811460e29efbf1ffffffc2246cd1e00000fc0007ebfe9ed0737feebfff600,1,TX 41 seq=20564 rx_latency=1ms tx_dur=1ms,14.600,
2732,10,2019,2864711651,2026-07-14T15:33:35.078294+00:00,201.800137,24806,41,0202aac007e360e6005a5811460e29efbf1ffffffc2246cd1e00000fc0007ebfe9ed0737feebfff600,1,TX 41 seq=20565 rx_latency=1ms tx_dur=1ms,16.681,
2732,10,2020,2864711652,2026-07-14T15:33:35.178314+00:00,201.900184,24906,41,0202aac007e4614a005a5811460e29efbf1ffffffc2246cd1e00000fc0007ebfe9ed0737feebfff600,1,TX 41 seq=20566 rx_latency=1ms tx_dur=1ms,19.014,
2732,10,2021,2864711653,2026-07-14T15:33:35.278294+00:00,202.000141,25006,41,0202aac007e561ae005a5811460e29efbf1ffffffc2246cd1e00000fc0007ebfe9ed0737feebfff600,1,TX 41 seq=20567 rx_latency=1ms tx_dur=1ms,21.279,
2732,10,2022,2864711654,2026-07-14T15:33:35.378298+00:00,202.100145,25106,41,0202aac007e66212005a5811460e29efbf1ffffffc2246cd1e00000fc0007ebfe9ed0737feebfff600,1,TX 41 seq=20568 rx_latency=1ms tx_dur=1ms,22.799,
2732,10,2023,2864711655,2026-07-14T15:33:35.478292+00:00,202.200133,25206,41,0202aac007e76276005a5811460e29efbf1ffffffc2246cd1e00000fc0007ebfe9ed0737feebfff600,1,TX 41 seq=20569 rx_latency=1ms tx_dur=1ms,14.599,
2732,10,2024,2864711656,2026-07-14T15:33:35.578310+00:00,202.300176,25306,41,0202aac007e862da005a5811460e29efbf1ffffffc2246cd1e00000fc0007ebfe9ed0737feebfff600,1,TX 41 seq=20570 rx_latency=1ms tx_dur=1ms,17.313,
2732,10,2025,2864711657,2026-07-14T15:33:35.678295+00:00,202.400146,25406,41,0202aac007e9633e005a5811460e29efbf1ffffffc2246cd1e00000fc0007ebfe9ed0737feebfff600,1,TX 41 seq=20571 rx_latency=1ms tx_dur=1ms,19.078,
2732,10,2026,2864711658,2026-07-14T15:33:35.778307+00:00,202.500169,25506,41,0202aac007ea63a2005a5811460e29efbf1ffffffc2246cd1e00000fc0007ebfe9ed0737feebfff600,1,TX 41 seq=20572 rx_latency=1ms tx_dur=1ms,20.578,
2732,10,2027,2864711659,2026-07-14T15:33:35.878293+00:00,202.600136,25606,41,0202aac007eb6406005a5811460e29efbf1ffffffc2246cd1e00000fc0007ebfe9ed0737feebfff600,1,TX 41 seq=20573 rx_latency=1ms tx_dur=1ms,23.420,
2732,10,2028,2864711660,2026-07-14T15:33:35.978296+00:00,202.700142,25706,41,0202aac007ec646a005a5811460e29efbf1ffffffc2246cd1e00000fc0007ebfe9ed0737feebfff600,1,TX 41 seq=20574 rx_latency=1ms tx_dur=1ms,15.232,
2732,10,2029,2864711661,2026-07-14T15:33:36.078291+00:00,202.800131,25806,41,0202aac007ed64ce005a5811460e29efbf1ffffffc2246cd1e00000fc0007ebfe9ed0737feebfff600,1,TX 41 seq=20575 rx_latency=1ms tx_dur=1ms,16.972,
2732,10,2030,2864711662,2026-07-14T15:33:36.178297+00:00,202.900142,25906,41,0202aac007ee6532005a5811460e29efbf1ffffffc2246cd1e00000fc0007ebfe9ed0737feebfff600,1,TX 41 seq=20576 rx_latency=1ms tx_dur=1ms,19.030,
2732,10,2031,2864711663,2026-07-14T15:33:36.278298+00:00,203.000142,26006,41,0202aac007ef6596005a5811460e29efbf1ffffffc2246cd1e00000fc0007ebfe9ed0737feebfff600,1,TX 41 seq=20577 rx_latency=1ms tx_dur=1ms,21.203,
2732,10,2032,2864711664,2026-07-14T15:33:36.378290+00:00,203.100130,26106,41,0202aac007f065fa005a5811460e29efbf1ffffffc2246cd1e00000fc0007ebfe9ed0737feebfff600,1,TX 41 seq=20578 rx_latency=1ms tx_dur=1ms,23.209,
2732,10,2033,2864711665,2026-07-14T15:33:36.478295+00:00,203.200139,26206,41,0202aac007f1665e005a5811460e29efbf1ffffffc2246cd1e00000fc0007ebfe9ed0737feebfff600,1,TX 41 seq=20579 rx_latency=1ms tx_dur=1ms,14.617,
2732,10,2034,2864711666,2026-07-14T15:33:36.578306+00:00,203.300165,26306,41,0202aac007f266c2005a5811460e29efbf1ffffffc2246cd1e00000fc0007ebfe9ed0737feebfff600,1,TX 41 seq=20580 rx_latency=1ms tx_dur=1ms,16.718,
2732,10,2035,2864711667,2026-07-14T15:33:36.678293+00:00,203.400137,26406,41,0202aac007f36726005a5811460e29efbf1ffffffc2246cd1e00000fc0007ebfe9ed0737feebfff600,1,TX 41 seq=20581 rx_latency=1ms tx_dur=1ms,18.842,
2732,10,2036,2864711668,2026-07-14T15:33:36.778298+00:00,203.500152,26506,41,0202aac007f4678a005a5811460e29efbf1ffffffc2246cd1e00000fc0007ebfe9ed0737feebfff600,1,TX 41 seq=20582 rx_latency=1ms tx_dur=1ms,21.271,
2732,10,2037,2864711669,2026-07-14T15:33:36.878300+00:00,203.600145,26606,41,0202aac007f567ee005a5811460e29efbf1ffffffc2246cd1e00000fc0007ebfe9ed0737feebfff600,1,TX 41 seq=20583 rx_latency=1ms tx_dur=1ms,23.467,
2732,10,2038,2864711670,2026-07-14T15:33:36.978291+00:00,203.700131,26706,41,0202aac007f66852005a5811460e29efbf1ffffffc2246cd1e00000fc0007ebfe9ed0737feebfff600,1,TX 41 seq=20584 rx_latency=1ms tx_dur=1ms,15.589,
2732,10,2039,2864711671,2026-07-14T15:33:37.078301+00:00,203.800152,26806,41,0202aac007f768b6005a5811460e29efbf1ffffffc2246cd1e00000fc0007ebfe9ed0737feebfff600,1,TX 41 seq=20585 rx_latency=1ms tx_dur=1ms,16.886,
2732,10,2040,2864711672,2026-07-14T15:33:37.178295+00:00,203.900139,26906,41,0202aac007f8691a005a5811460e29efbf1ffffffc2246cd1e00000fc0007ebfe9ed0737feebfff600,1,TX 41 seq=20586 rx_latency=1ms tx_dur=1ms,19.088,
2732,10,2041,2864711673,2026-07-14T15:33:37.278297+00:00,204.000141,27006,41,0202aac007f9697e005a5811460e29efbf1ffffffc2246cd1e00000fc0007ebfe9ed0737feebfff600,1,TX 41 seq=20587 rx_latency=1ms tx_dur=1ms,21.166,
2732,10,2042,2864711674,2026-07-14T15:33:37.378296+00:00,204.100139,27106,41,0202aac007fa69e2005a5811460e29efbf1ffffffc2246cd1e00000fc0007ebfe9ed0737feebfff600,1,TX 41 seq=20588 rx_latency=1ms tx_dur=1ms,23.304,
2732,10,2043,2864711675,2026-07-14T15:33:37.478295+00:00,204.200135,27206,41,0202aac007fb6a46005a5811460e29efbf1ffffffc2246cd1e00000fc0007ebfe9ed0737feebfff600,1,TX 41 seq=20589 rx_latency=1ms tx_dur=1ms,14.867,
2732,10,2044,2864711676,2026-07-14T15:33:37.578291+00:00,204.300131,27306,41,0202aac007fc6aaa005a5811460e29efbf1ffffffc2246cd1e00000fc0007ebfe9ed0737feebfff600,1,TX 41 seq=20590 rx_latency=1ms tx_dur=1ms,16.592,
2732,10,2045,2864711677,2026-07-14T15:33:37.678314+00:00,204.400185,27406,41,0202aac007fd6b0e005a5811460e29efbf1ffffffc2246cd1e00000fc0007ebfe9ed0737feebfff600,1,TX 41 seq=20591 rx_latency=1ms tx_dur=1ms,19.335,
2732,10,2046,2864711678,2026-07-14T15:33:37.778295+00:00,204.500143,27506,41,0202aac007fe6b72005a5811460e29efbf1ffffffc2246cd1e00000fc0007ebfe9ed0737feebfff600,1,TX 41 seq=20592 rx_latency=1ms tx_dur=1ms,21.094,
2732,10,2047,2864711679,2026-07-14T15:33:37.878303+00:00,204.600155,27606,41,0202aac007ff6bd6005a5811460e29efbf1ffffffc2246cd1e00000fc0007ebfe9ed0737feebfff600,1,TX 41 seq=20593 rx_latency=1ms tx_dur=1ms,22.596,
2732,10,2048,2864711680,2026-07-14T15:33:37.978291+00:00,204.700132,27706,41,0202aac008006c3a005a5811460e29efbf1ffffffc2246cd1e00000fc0007ebfe9ed0737feebfff600,1,TX 41 seq=20594 rx_latency=1ms tx_dur=1ms,15.543,
2732,10,2049,2864711681,2026-07-14T15:33:38.078305+00:00,204.800163,27806,41,0202aac008016c9e005a5811460e29efbf1ffffffc2246cd1e00000fc0007ebfe9ed0737feebfff600,1,TX 41 seq=20595 rx_latency=1ms tx_dur=1ms,17.168,
2732,10,2050,2864711682,2026-07-14T15:33:38.178293+00:00,204.900135,27906,41,0202aac008026d02005a5811460e29efbf1ffffffc2246cd1e00000fc0007ebfe9ed0737feebfff600,1,TX 41 seq=20596 rx_latency=1ms tx_dur=1ms,18.933,
2732,10,2051,2864711683,2026-07-14T15:33:38.278297+00:00,205.000142,28006,41,0202aac008036d66005a5811460e29efbf1ffffffc2246cd1e00000fc0007ebfe9ed0737feebfff600,1,TX 41 seq=20597 rx_latency=1ms tx_dur=1ms,20.465,
2732,10,2052,2864711684,2026-07-14T15:33:38.378298+00:00,205.100142,28106,41,0202aac008046dca005a5811460e29efbf1ffffffc2246cd1e00000fc0007ebfe9ed0737feebfff600,1,TX 41 seq=20598 rx_latency=1ms tx_dur=1ms,23.307,
2732,10,2053,2864711685,2026-07-14T15:33:38.478297+00:00,205.200137,28206,41,0202aac008056e2e005a5811460e29efbf1ffffffc2246cd1e00000fc0007ebfe9ed0737feebfff600,1,TX 41 seq=20599 rx_latency=1ms tx_dur=1ms,15.095,
2732,10,2054,2864711686,2026-07-14T15:33:38.578293+00:00,205.300135,28306,41,0202aac008066e92005a5811460e29efbf1ffffffc2246cd1e00000fc0007ebfe9ed0737feebfff600,1,TX 41 seq=20600 rx_latency=1ms tx_dur=1ms,16.794,
2732,10,2055,2864711687,2026-07-14T15:33:38.678297+00:00,205.400142,28406,41,0202aac008076ef6005a5811460e29efbf1ffffffc2246cd1e00000fc0007ebfe9ed0737feebfff600,1,TX 41 seq=20601 rx_latency=1ms tx_dur=1ms,19.443,
2732,10,2056,2864711688,2026-07-14T15:33:38.778296+00:00,205.500138,28506,41,0202aac008086f5a005a5811460e29efbf1ffffffc2246cd1e00000fc0007ebfe9ed0737feebfff600,1,TX 41 seq=20602 rx_latency=1ms tx_dur=1ms,21.186,
2732,10,2057,2864711689,2026-07-14T15:33:38.878295+00:00,205.600137,28606,41,0202aac008096fbe005a5811460e29efbf1ffffffc2246cd1e00000fc0007ebfe9ed0737feebfff600,1,TX 41 seq=20603 rx_latency=1ms tx_dur=1ms,22.888,
2732,10,2058,2864711690,2026-07-14T15:33:38.978295+00:00,205.700135,28706,41,0202aac0080a7022005a5811460e29efbf1ffffffc2246cd1e00000fc0007ebfe9ed0737feebfff600,1,TX 41 seq=20604 rx_latency=1ms tx_dur=1ms,14.651,
2732,10,2059,2864711691,2026-07-14T15:33:39.078314+00:00,205.800189,28806,41,0202aac0080b7086005a5811460e29efbf1ffffffc2246cd1e00000fc0007ebfe9ed0737feebfff600,1,TX 41 seq=20605 rx_latency=1ms tx_dur=1ms,17.146,
2732,10,2060,2864711692,2026-07-14T15:33:39.178294+00:00,205.900139,28906,41,0202aac0080c70ea005a5811460e29efbf1ffffffc2246cd1e00000fc0007ebfe9ed0737feebfff600,1,TX 41 seq=20606 rx_latency=1ms tx_dur=1ms,18.960,
2732,10,2061,2864711693,2026-07-14T15:33:39.278298+00:00,206.000144,29006,41,0202aac0080d714e005a5811460e29efbf1ffffffc2246cd1e00000fc0007ebfe9ed0737feebfff600,1,TX 41 seq=20607 rx_latency=1ms tx_dur=1ms,20.702,
2732,10,2062,2864711694,2026-07-14T15:33:39.378290+00:00,206.100130,29106,41,0202aac0080e71b2005a5811460e29efbf1ffffffc2246cd1e00000fc0007ebfe9ed0737feebfff600,1,TX 41 seq=20608 rx_latency=1ms tx_dur=1ms,23.500,
2732,10,2063,2864711695,2026-07-14T15:33:39.478297+00:00,206.200142,29206,41,0202aac0080f7216005a5811460e29efbf1ffffffc2246cd1e00000fc0007ebfe9ed0737feebfff600,1,TX 41 seq=20609 rx_latency=1ms tx_dur=1ms,14.513,
2732,10,2064,2864711696,2026-07-14T15:33:39.578301+00:00,206.300149,29306,41,0202aac00810727a005a5811460e29efbf1ffffffc2246cd1e00000fc0007ebfe9ed0737feebfff600,1,TX 41 seq=20610 rx_latency=1ms tx_dur=1ms,16.666,
2732,10,2065,2864711697,2026-07-14T15:33:39.678293+00:00,206.400141,29406,41,0202aac0081172de005a5811460e29efbf1ffffffc2246cd1e00000fc0007ebfe9ed0737feebfff600,1,TX 41 seq=20611 rx_latency=1ms tx_dur=1ms,19.286,
2732,10,2066,2864711698,2026-07-14T15:33:39.778297+00:00,206.500142,29506,41,0202aac008127342005a5811460e29efbf1ffffffc2246cd1e00000fc0007ebfe9ed0737feebfff600,1,TX 41 seq=20612 rx_latency=1ms tx_dur=1ms,21.036,
2732,10,2067,2864711699,2026-07-14T15:33:39.878291+00:00,206.600130,29606,41,0202aac0081373a6005a5811460e29efbf1ffffffc2246cd1e00000fc0007ebfe9ed0737feebfff600,1,TX 41 seq=20613 rx_latency=1ms tx_dur=1ms,22.729,
2732,10,2068,2864711700,2026-07-14T15:33:39.978297+00:00,206.700140,29706,41,0202aac00814740a005a5811460e29efbf1ffffffc2246cd1e00000fc0007ebfe9ed0737feebfff600,1,TX 41 seq=20614 rx_latency=1ms tx_dur=1ms,14.519,
2732,10,2069,2864711701,2026-07-14T15:33:40.078293+00:00,206.800138,29806,41,0202aac00815746e005a5811460e29efbf1ffffffc2246cd1e00000fc0007ebfe9ed0737feebfff600,1,TX 41 seq=20615 rx_latency=1ms tx_dur=1ms,17.134,
2732,10,2070,2864711702,2026-07-14T15:33:40.178299+00:00,206.900148,29906,41,0202aac0081674d2005a5811460e29efbf1ffffffc2246cd1e00000fc0007ebfe9ed0737feebfff600,1,TX 41 seq=20616 rx_latency=1ms tx_dur=1ms,18.861,
2732,10,2071,2864711703,2026-07-14T15:33:40.278295+00:00,207.000150,30006,41,0202aac008177536005a5811460e29efbf1ffffffc2246cd1e00000fc0007ebfe9ed0737feebfff600,1,TX 41 seq=20617 rx_latency=1ms tx_dur=1ms,20.527,
2732,10,2072,2864711704,2026-07-14T15:33:40.378299+00:00,207.100148,30106,41,0202aac00818759a005a5811460e29efbf1ffffffc2246cd1e00000fc0007ebfe9ed0737feebfff600,1,TX 41 seq=20618 rx_latency=1ms tx_dur=1ms,23.444,
2732,10,2073,2864711705,2026-07-14T15:33:40.478290+00:00,207.200130,30206,41,0202aac0081975fe005a5811460e29efbf1ffffffc2246cd1e00000fc0007ebfe9ed0737feebfff600,1,TX 41 seq=20619 rx_latency=1ms tx_dur=1ms,15.555,
2732,10,2074,2864711706,2026-07-14T15:33:40.578299+00:00,207.300146,30306,41,0202aac0081a7662005a5811460e29efbf1ffffffc2246cd1e00000fc0007ebfe9ed0737feebfff600,1,TX 41 seq=20620 rx_latency=1ms tx_dur=1ms,16.871,
2732,10,2075,2864711707,2026-07-14T15:33:40.678305+00:00,207.400166,30406,41,0202aac0081b76c6005a5811460e29efbf1ffffffc2246cd1e00000fc0007ebfe9ed0737feebfff600,1,TX 41 seq=20621 rx_latency=1ms tx_dur=1ms,18.990,
2732,10,2076,2864711708,2026-07-14T15:33:40.778294+00:00,207.500140,30506,41,0202aac0081c772a005a5811460e29efbf1ffffffc2246cd1e00000fc0007ebfe9ed0737feebfff600,1,TX 41 seq=20622 rx_latency=1ms tx_dur=1ms,21.075,
2732,10,2077,2864711709,2026-07-14T15:33:40.878299+00:00,207.600143,30606,41,0202aac0081d778e005a5811460e29efbf1ffffffc2246cd1e00000fc0007ebfe9ed0737feebfff600,1,TX 41 seq=20623 rx_latency=1ms tx_dur=1ms,23.570,
2732,10,2078,2864711710,2026-07-14T15:33:40.978230+00:00,207.700071,30706,41,0202aac0081e77f2005a5811460e29efbf1ffffffc2246cd1e00000fc0007ebfe9ed0737feebfff600,1,TX 41 seq=20624 rx_latency=1ms tx_dur=1ms,14.730,
2732,10,2079,2864711711,2026-07-14T15:33:41.078295+00:00,207.800140,30806,41,0202aac0081f7856005a5811460e29efbf1ffffffc2246cd1e00000fc0007ebfe9ed0737feebfff600,1,TX 41 seq=20625 rx_latency=1ms tx_dur=1ms,16.701,
2732,10,2080,2864711712,2026-07-14T15:33:41.178295+00:00,207.900140,30906,41,0202aac0082078ba005a5811460e29efbf1ffffffc2246cd1e00000fc0007ebfe9ed0737feebfff600,1,TX 41 seq=20626 rx_latency=1ms tx_dur=1ms,18.831,
2732,10,2081,2864711713,2026-07-14T15:33:41.278304+00:00,208.000162,31006,41,0202aac00821791e005a5811460e29efbf1ffffffc2246cd1e00000fc0007ebfe9ed0737feebfff600,1,TX 41 seq=20627 rx_latency=1ms tx_dur=1ms,21.435,
2732,10,2082,2864711714,2026-07-14T15:33:41.378292+00:00,208.100135,31106,41,0202aac008227982005a5811460e29efbf1ffffffc2246cd1e00000fc0007ebfe9ed0737feebfff600,1,TX 41 seq=20628 rx_latency=1ms tx_dur=1ms,23.185,
2732,10,2083,2864711715,2026-07-14T15:33:41.478298+00:00,208.200142,31206,41,0202aac0082379e6005a5811460e29efbf1ffffffc2246cd1e00000fc0007ebfe9ed0737feebfff600,1,TX 41 seq=20629 rx_latency=1ms tx_dur=1ms,14.971,
2732,10,2084,2864711716,2026-07-14T15:33:41.578267+00:00,208.300106,31306,41,0202aac008247a4a005a5811460e29efbf1ffffffc2246cd1e00000fc0007ebfe9ed0737feebfff600,1,TX 41 seq=20630 rx_latency=1ms tx_dur=1ms,16.735,
2732,10,2085,2864711717,2026-07-14T15:33:41.678298+00:00,208.400142,31406,41,0202aac008257aae005a5811460e29efbf1ffffffc2246cd1e00000fc0007ebfe9ed0737feebfff600,1,TX 41 seq=20631 rx_latency=1ms tx_dur=1ms,19.317,
2732,10,2086,2864711718,2026-07-14T15:33:41.778294+00:00,208.500139,31506,41,0202aac008267b12005a5811460e29efbf1ffffffc2246cd1e00000fc0007ebfe9ed0737feebfff600,1,TX 41 seq=20632 rx_latency=1ms tx_dur=1ms,21.048,
2732,10,2087,2864711719,2026-07-14T15:33:41.878302+00:00,208.600153,31606,41,0202aac008277b76005a5811460e29efbf1ffffffc2246cd1e00000fc0007ebfe9ed0737feebfff600,1,TX 41 seq=20633 rx_latency=1ms tx_dur=1ms,22.742,
2732,10,2088,2864711720,2026-07-14T15:33:41.978293+00:00,208.700136,31706,41,0202aac008287bda005a5811460e29efbf1ffffffc2246cd1e00000fc0007ebfe9ed0737feebfff600,1,TX 41 seq=20634 rx_latency=1ms tx_dur=1ms,14.547,
2732,10,2089,2864711721,2026-07-14T15:33:42.078299+00:00,208.800142,31806,41,0202aac008297c3e005a5811460e29efbf1ffffffc2246cd1e00000fc0007ebfe9ed0737feebfff600,1,TX 41 seq=20635 rx_latency=1ms tx_dur=1ms,17.280,
2732,10,2090,2864711722,2026-07-14T15:33:42.178302+00:00,208.900159,31906,41,0202aac0082a7ca2005a5811460e29efbf1ffffffc2246cd1e00000fc0007ebfe9ed0737feebfff600,1,TX 41 seq=20636 rx_latency=1ms tx_dur=1ms,18.795,
2732,10,2091,2864711723,2026-07-14T15:33:42.278303+00:00,209.000155,32006,41,0202aac0082b7d06005a5811460e29efbf1ffffffc2246cd1e00000fc0007ebfe9ed0737feebfff600,1,TX 41 seq=20637 rx_latency=1ms tx_dur=1ms,20.578,
2732,10,2092,2864711724,2026-07-14T15:33:42.378292+00:00,209.100132,32106,41,0202aac0082c7d6a005a5811460e29efbf1ffffffc2246cd1e00000fc0007ebfe9ed0737feebfff600,1,TX 41 seq=20638 rx_latency=1ms tx_dur=1ms,23.397,
2732,10,2093,2864711725,2026-07-14T15:33:42.478298+00:00,209.200142,32206,41,0202aac0082d7dce005a5811460e29efbf1ffffffc2246cd1e00000fc0007ebfe9ed0737feebfff600,1,TX 41 seq=20639 rx_latency=1ms tx_dur=1ms,15.001,
2732,10,2094,2864711726,2026-07-14T15:33:42.578291+00:00,209.300149,32306,41,0202aac0082e7e32005a5811460e29efbf1ffffffc2246cd1e00000fc0007ebfe9ed0737feebfff600,1,TX 41 seq=20640 rx_latency=1ms tx_dur=1ms,16.680,
2732,10,2095,2864711727,2026-07-14T15:33:42.678299+00:00,209.400144,32406,41,0202aac0082f7e96005a5811460e29efbf1ffffffc2246cd1e00000fc0007ebfe9ed0737feebfff600,1,TX 41 seq=20641 rx_latency=1ms tx_dur=1ms,19.549,
2732,10,2096,2864711728,2026-07-14T15:33:42.778296+00:00,209.500140,32506,41,0202aac008307efa005a5811460e29efbf1ffffffc2246cd1e00000fc0007ebfe9ed0737feebfff600,1,TX 41 seq=20642 rx_latency=1ms tx_dur=1ms,21.290,
2732,10,2097,2864711729,2026-07-14T15:33:42.878295+00:00,209.600137,32606,41,0202aac008317f5e005a5811460e29efbf1ffffffc2246cd1e00000fc0007ebfe9ed0737feebfff600,1,TX 41 seq=20643 rx_latency=1ms tx_dur=1ms,22.801,
2732,10,2098,2864711730,2026-07-14T15:33:42.978296+00:00,209.700137,32706,41,0202aac008327fc2005a5811460e29efbf1ffffffc2246cd1e00000fc0007ebfe9ed0737feebfff600,1,TX 41 seq=20644 rx_latency=1ms tx_dur=1ms,14.564,
2732,10,2099,2864711731,2026-07-14T15:33:43.078298+00:00,209.800142,32806,41,0202aac008338026005a5811460e29efbf1ffffffc2246cd1e00000fc0007ebfe9ed0737feebfff600,1,TX 41 seq=20645 rx_latency=1ms tx_dur=1ms,17.393,
2732,10,2100,2864711732,2026-07-14T15:33:43.178293+00:00,209.900135,32906,41,0202aac00834808a005a5811460e29efbf1ffffffc2246cd1e00000fc0007ebfe9ed0737feebfff600,1,TX 41 seq=20646 rx_latency=1ms tx_dur=1ms,19.111,
2732,10,2101,2864711733,2026-07-14T15:33:43.278306+00:00,210.000164,33006,41,0202aac0083580ee005a5811460e29efbf1ffffffc2246cd1e00000fc0007ebfe9ed0737feebfff600,1,TX 41 seq=20647 rx_latency=1ms tx_dur=1ms,20.585,
2732,10,2102,2864711734,2026-07-14T15:33:43.378306+00:00,210.100161,33106,41,0202aac008368152005a5811460e29efbf1ffffffc2246cd1e00000fc0007ebfe9ed0737feebfff600,1,TX 41 seq=20648 rx_latency=1ms tx_dur=1ms,23.356,
2732,10,2103,2864711735,2026-07-14T15:33:43.478297+00:00,210.200146,33206,41,0202aac0083781b6005a5811460e29efbf1ffffffc2246cd1e00000fc0007ebfe9ed0737feebfff600,1,TX 41 seq=20649 rx_latency=1ms tx_dur=1ms,15.251,
2732,10,2104,2864711736,2026-07-14T15:33:43.578301+00:00,210.300148,33306,41,0202aac00838821a005a5811460e29efbf1ffffffc2246cd1e00000fc0007ebfe9ed0737feebfff600,1,TX 41 seq=20650 rx_latency=1ms tx_dur=1ms,16.871,
2732,10,2105,2864711737,2026-07-14T15:33:43.678312+00:00,210.400180,33406,41,0202aac00839827e005a5811460e29efbf1ffffffc2246cd1e00000fc0007ebfe9ed0737feebfff600,1,TX 41 seq=20651 rx_latency=1ms tx_dur=1ms,18.972,
2732,10,2106,2864711738,2026-07-14T15:33:43.778300+00:00,210.500148,33506,41,0202aac0083a82e2005a5811460e29efbf1ffffffc2246cd1e00000fc0007ebfe9ed0737feebfff600,1,TX 41 seq=20652 rx_latency=1ms tx_dur=1ms,21.183,
2732,10,2107,2864711739,2026-07-14T15:33:43.878361+00:00,210.600209,33606,41,0202aac0083b8346005a5811460e29efbf1ffffffc2246cd1e00000fc0007ebfe9ed0737feebfff600,1,TX 41 seq=20653 rx_latency=1ms tx_dur=1ms,22.505,
2732,10,2108,2864711740,2026-07-14T15:33:43.978290+00:00,210.700130,33706,41,0202aac0083c83aa005a5811460e29efbf1ffffffc2246cd1e00000fc0007ebfe9ed0737feebfff600,1,TX 41 seq=20654 rx_latency=1ms tx_dur=1ms,15.567,
2732,10,2109,2864711741,2026-07-14T15:33:44.078289+00:00,210.800127,33806,41,0202aac0083d840e005a5811460e29efbf1ffffffc2246cd1e00000fc0007ebfe9ed0737feebfff600,1,TX 41 seq=20655 rx_latency=1ms tx_dur=1ms,17.375,
2732,10,2110,2864711742,2026-07-14T15:33:44.178300+00:00,210.900147,33906,41,0202aac0083e8472005a5811460e29efbf1ffffffc2246cd1e00000fc0007ebfe9ed0737feebfff600,1,TX 41 seq=20656 rx_latency=1ms tx_dur=1ms,18.911,
2732,10,2111,2864711743,2026-07-14T15:33:44.278289+00:00,211.000130,34006,41,0202aac0083f84d6005a5811460e29efbf1ffffffc2246cd1e00000fc0007ebfe9ed0737feebfff600,1,TX 41 seq=20657 rx_latency=1ms tx_dur=1ms,21.137,
2732,10,2112,2864711744,2026-07-14T15:33:44.378298+00:00,211.100146,34106,41,0202aac00840853a005a5811460e29efbf1ffffffc2246cd1e00000fc0007ebfe9ed0737feebfff600,1,TX 41 seq=20658 rx_latency=1ms tx_dur=1ms,23.525,
2732,10,2113,2864711745,2026-07-14T15:33:44.478295+00:00,211.200138,34206,41,0202aac00841859e005a5811460e29efbf1ffffffc2246cd1e00000fc0007ebfe9ed0737feebfff600,1,TX 41 seq=20659 rx_latency=1ms tx_dur=1ms,14.636,
2732,10,2114,2864711746,2026-07-14T15:33:44.578300+00:00,211.300159,34306,41,0202aac008428602005a5811460e29efbf1ffffffc2246cd1e00000fc0007ebfe9ed0737feebfff600,1,TX 41 seq=20660 rx_latency=1ms tx_dur=1ms,17.204,
2732,10,2115,2864711747,2026-07-14T15:33:44.678299+00:00,211.400146,34406,41,0202aac008438666005a5811460e29efbf1ffffffc2246cd1e00000fc0007ebfe9ed0737feebfff600,1,TX 41 seq=20661 rx_latency=1ms tx_dur=1ms,18.962,
2732,10,2116,2864711748,2026-07-14T15:33:44.778296+00:00,211.500140,34506,41,0202aac0084486ca005a5811460e29efbf1ffffffc2246cd1e00000fc0007ebfe9ed0737feebfff600,1,TX 41 seq=20662 rx_latency=1ms tx_dur=1ms,20.613,
2732,10,2117,2864711749,2026-07-14T15:33:44.878290+00:00,211.600127,34606,41,0202aac00845872e005a5811460e29efbf1ffffffc2246cd1e00000fc0007ebfe9ed0737feebfff600,1,TX 41 seq=20663 rx_latency=1ms tx_dur=1ms,23.602,
2732,10,2118,2864711750,2026-07-14T15:33:44.978296+00:00,211.700139,34706,41,0202aac008468792005a5811460e29efbf1ffffffc2246cd1e00000fc0007ebfe9ed0737feebfff600,1,TX 41 seq=20664 rx_latency=1ms tx_dur=1ms,15.605,
2732,10,2119,2864711751,2026-07-14T15:33:45.078291+00:00,211.800133,34806,41,0202aac0084787f6005a5811460e29efbf1ffffffc2246cd1e00000fc0007ebfe9ed0737feebfff600,1,TX 41 seq=20665 rx_latency=1ms tx_dur=1ms,16.747,
2732,10,2120,2864711752,2026-07-14T15:33:45.178313+00:00,211.900185,34906,41,0202aac00848885a005a5811460e29efbf1ffffffc2246cd1e00000fc0007ebfe9ed0737feebfff600,1,TX 41 seq=20666 rx_latency=1ms tx_dur=1ms,19.102,
2732,10,2121,2864711753,2026-07-14T15:33:45.278295+00:00,212.000141,35006,41,0202aac0084988be005a5811460e29efbf1ffffffc2246cd1e00000fc0007ebfe9ed0737feebfff600,1,TX 41 seq=20667 rx_latency=1ms tx_dur=1ms,21.028,
2732,10,2122,2864711754,2026-07-14T15:33:45.378297+00:00,212.100143,35106,41,0202aac0084a8922005a5811460e29efbf1ffffffc2246cd1e00000fc0007ebfe9ed0737feebfff600,1,TX 41 seq=20668 rx_latency=1ms tx_dur=1ms,22.719,
2732,10,2123,2864711755,2026-07-14T15:33:45.478290+00:00,212.200130,35206,41,0202aac0084b8986005a5811460e29efbf1ffffffc2246cd1e00000fc0007ebfe9ed0737feebfff600,1,TX 41 seq=20669 rx_latency=1ms tx_dur=1ms,15.636,
2732,10,2124,2864711756,2026-07-14T15:33:45.578295+00:00,212.300143,35306,41,0202aac0084c89ea005a5811460e29efbf1ffffffc2246cd1e00000fc0007ebfe9ed0737feebfff600,1,TX 41 seq=20670 rx_latency=1ms tx_dur=1ms,17.162,
2732,10,2125,2864711757,2026-07-14T15:33:45.678298+00:00,212.400143,35406,41,0202aac0084d8a4e005a5811460e29efbf1ffffffc2246cd1e00000fc0007ebfe9ed0737feebfff600,1,TX 41 seq=20671 rx_latency=1ms tx_dur=1ms,18.891,
2732,10,2126,2864711758,2026-07-14T15:33:45.778291+00:00,212.500130,35506,41,0202aac0084e8ab2005a5811460e29efbf1ffffffc2246cd1e00000fc0007ebfe9ed0737feebfff600,1,TX 41 seq=20672 rx_latency=1ms tx_dur=1ms,20.726,
2732,10,2127,2864711759,2026-07-14T15:33:45.878297+00:00,212.600145,35606,41,0202aac0084f8b16005a5811460e29efbf1ffffffc2246cd1e00000fc0007ebfe9ed0737feebfff600,1,TX 41 seq=20673 rx_latency=1ms tx_dur=1ms,23.401,
2732,10,2128,2864711760,2026-07-14T15:33:45.978290+00:00,212.700129,35706,41,0202aac008508b7a005a5811460e29efbf1ffffffc2246cd1e00000fc0007ebfe9ed0737feebfff600,1,TX 41 seq=20674 rx_latency=1ms tx_dur=1ms,15.520,
2732,10,2129,2864711761,2026-07-14T15:33:46.078297+00:00,212.800138,35806,41,0202aac008518bde005a5811460e29efbf1ffffffc2246cd1e00000fc0007ebfe9ed0737feebfff600,1,TX 41 seq=20675 rx_latency=1ms tx_dur=1ms,16.862,
2732,10,2130,2864711762,2026-07-14T15:33:46.178295+00:00,212.900137,35906,41,0202aac008528c42005a5811460e29efbf1ffffffc2246cd1e00000fc0007ebfe9ed0737feebfff600,1,TX 41 seq=20676 rx_latency=1ms tx_dur=1ms,19.043,
2732,10,2131,2864711763,2026-07-14T15:33:46.278290+00:00,213.000131,36006,41,0202aac008538ca6005a5811460e29efbf1ffffffc2246cd1e00000fc0007ebfe9ed0737feebfff600,1,TX 41 seq=20677 rx_latency=1ms tx_dur=1ms,21.088,
2732,10,2132,2864711764,2026-07-14T15:33:46.378297+00:00,213.100141,36106,41,0202aac008548d0a005a5811460e29efbf1ffffffc2246cd1e00000fc0007ebfe9ed0737feebfff600,1,TX 41 seq=20678 rx_latency=1ms tx_dur=1ms,23.542,
2732,10,2133,2864711765,2026-07-14T15:33:46.478248+00:00,213.200089,36206,41,0202aac008558d6e005a5811460e29efbf1ffffffc2246cd1e00000fc0007ebfe9ed0737feebfff600,1,TX 41 seq=20679 rx_latency=1ms tx_dur=1ms,14.684,
2732,10,2134,2864711766,2026-07-14T15:33:46.578290+00:00,213.300127,36306,41,0202aac008568dd2005a5811460e29efbf1ffffffc2246cd1e00000fc0007ebfe9ed0737feebfff600,1,TX 41 seq=20680 rx_latency=1ms tx_dur=1ms,16.716,
2732,10,2135,2864711767,2026-07-14T15:33:46.678295+00:00,213.400137,36406,41,0202aac008578e36005a5811460e29efbf1ffffffc2246cd1e00000fc0007ebfe9ed0737feebfff600,1,TX 41 seq=20681 rx_latency=1ms tx_dur=1ms,19.156,
2732,10,2136,2864711768,2026-07-14T15:33:46.778296+00:00,213.500138,36506,41,0202aac008588e9a005a5811460e29efbf1ffffffc2246cd1e00000fc0007ebfe9ed0737feebfff600,1,TX 41 seq=20682 rx_latency=1ms tx_dur=1ms,21.344,
2732,10,2137,2864711769,2026-07-14T15:33:46.878308+00:00,213.600168,36606,41,0202aac008598efe005a5811460e29efbf1ffffffc2246cd1e00000fc0007ebfe9ed0737feebfff600,1,TX 41 seq=20683 rx_latency=1ms tx_dur=1ms,22.773,
2732,10,2138,2864711770,2026-07-14T15:33:46.978292+00:00,213.700133,36706,41,0202aac0085a8f62005a5811460e29efbf1ffffffc2246cd1e00000fc0007ebfe9ed0737feebfff600,1,TX 41 seq=20684 rx_latency=1ms tx_dur=1ms,14.608,
2732,10,2139,2864711771,2026-07-14T15:33:47.078298+00:00,213.800140,36806,41,0202aac0085b8fc6005a5811460e29efbf1ffffffc2246cd1e00000fc0007ebfe9ed0737feebfff600,1,TX 41 seq=20685 rx_latency=1ms tx_dur=1ms,17.424,
2732,10,2140,2864711772,2026-07-14T15:33:47.178272+00:00,213.900110,36906,41,0202aac0085c902a005a5811460e29efbf1ffffffc2246cd1e00000fc0007ebfe9ed0737feebfff600,1,TX 41 seq=20686 rx_latency=1ms tx_dur=1ms,19.160,
2732,10,2141,2864711773,2026-07-14T15:33:47.278297+00:00,214.000143,37006,41,0202aac0085d908e005a5811460e29efbf1ffffffc2246cd1e00000fc0007ebfe9ed0737feebfff600,1,TX 41 seq=20687 rx_latency=1ms tx_dur=1ms,21.214,
2732,10,2142,2864711774,2026-07-14T15:33:47.378295+00:00,214.100139,37106,41,0202aac0085e90f2005a5811460e29efbf1ffffffc2246cd1e00000fc0007ebfe9ed0737feebfff600,1,TX 41 seq=20688 rx_latency=1ms tx_dur=1ms,23.291,
2732,10,2143,2864711775,2026-07-14T15:33:47.478298+00:00,214.200142,37206,41,0202aac0085f9156005a5811460e29efbf1ffffffc2246cd1e00000fc0007ebfe9ed0737feebfff600,1,TX 41 seq=20689 rx_latency=1ms tx_dur=1ms,14.897,
2732,10,2144,2864711776,2026-07-14T15:33:47.578290+00:00,214.300129,37306,41,0202aac0086091ba005a5811460e29efbf1ffffffc2246cd1e00000fc0007ebfe9ed0737feebfff600,1,TX 41 seq=20690 rx_latency=1ms tx_dur=1ms,16.649,
2732,10,2145,2864711777,2026-07-14T15:33:47.678300+00:00,214.400148,37406,41,0202aac00861921e005a5811460e29efbf1ffffffc2246cd1e00000fc0007ebfe9ed0737feebfff600,1,TX 41 seq=20691 rx_latency=1ms tx_dur=1ms,19.445,
2732,10,2146,2864711778,2026-07-14T15:33:47.778289+00:00,214.500130,37506,41,0202aac008629282005a5811460e29efbf1ffffffc2246cd1e00000fc0007ebfe9ed0737feebfff600,1,TX 41 seq=20692 rx_latency=1ms tx_dur=1ms,21.170,
2732,10,2147,2864711779,2026-07-14T15:33:47.878306+00:00,214.600164,37606,41,0202aac0086392e6005a5811460e29efbf1ffffffc2246cd1e00000fc0007ebfe9ed0737feebfff600,1,TX 41 seq=20693 rx_latency=1ms tx_dur=1ms,22.657,
2732,10,2148,2864711780,2026-07-14T15:33:47.978220+00:00,214.700061,37706,41,0202aac00864934a005a5811460e29efbf1ffffffc2246cd1e00000fc0007ebfe9ed0737feebfff600,1,TX 41 seq=20694 rx_latency=1ms tx_dur=1ms,15.669,
2732,10,2149,2864711781,2026-07-14T15:33:48.078295+00:00,214.800138,37806,41,0202aac0086593ae005a5811460e29efbf1ffffffc2246cd1e00000fc0007ebfe9ed0737feebfff600,1,TX 41 seq=20695 rx_latency=1ms tx_dur=1ms,17.307,
2732,10,2150,2864711782,2026-07-14T15:33:48.178297+00:00,214.900138,37906,41,0202aac008669412005a5811460e29efbf1ffffffc2246cd1e00000fc0007ebfe9ed0737feebfff600,1,TX 41 seq=20696 rx_latency=1ms tx_dur=1ms,19.040,
2732,10,2151,2864711783,2026-07-14T15:33:48.278297+00:00,215.000141,38006,41,0202aac008679476005a5811460e29efbf1ffffffc2246cd1e00000fc0007ebfe9ed0737feebfff600,1,TX 41 seq=20697 rx_latency=1ms tx_dur=1ms,21.230,
2732,10,2152,2864711784,2026-07-14T15:33:48.378294+00:00,215.100138,38106,41,0202aac0086894da005a5811460e29efbf1ffffffc2246cd1e00000fc0007ebfe9ed0737feebfff600,1,TX 41 seq=20698 rx_latency=1ms tx_dur=1ms,23.300,
2732,10,2153,2864711785,2026-07-14T15:33:48.478299+00:00,215.200143,38206,41,0202aac00869953e005a5811460e29efbf1ffffffc2246cd1e00000fc0007ebfe9ed0737feebfff600,1,TX 41 seq=20699 rx_latency=1ms tx_dur=1ms,14.907,
2732,10,2154,2864711786,2026-07-14T15:33:48.578262+00:00,215.300102,38306,41,0202aac0086a95a2005a5811460e29efbf1ffffffc2246cd1e00000fc0007ebfe9ed0737feebfff600,1,TX 41 seq=20700 rx_latency=1ms tx_dur=1ms,16.684,
2732,10,2155,2864711787,2026-07-14T15:33:48.678297+00:00,215.400138,38406,41,0202aac0086b9606005a5811460e29efbf1ffffffc2246cd1e00000fc0007ebfe9ed0737feebfff600,1,TX 41 seq=20701 rx_latency=1ms tx_dur=1ms,19.482,
2732,10,2156,2864711788,2026-07-14T15:33:48.778297+00:00,215.500139,38506,41,0202aac0086c966a005a5811460e29efbf1ffffffc2246cd1e00000fc0007ebfe9ed0737feebfff600,1,TX 41 seq=20702 rx_latency=1ms tx_dur=1ms,21.251,
2732,10,2157,2864711789,2026-07-14T15:33:48.878302+00:00,215.600155,38606,41,0202aac0086d96ce005a5811460e29efbf1ffffffc2246cd1e00000fc0007ebfe9ed0737feebfff600,1,TX 41 seq=20703 rx_latency=1ms tx_dur=1ms,22.740,
2732,10,2158,2864711790,2026-07-14T15:33:48.978295+00:00,215.700144,38706,41,0202aac0086e9732005a5811460e29efbf1ffffffc2246cd1e00000fc0007ebfe9ed0737feebfff600,1,TX 41 seq=20704 rx_latency=1ms tx_dur=1ms,15.559,
2732,10,2159,2864711791,2026-07-14T15:33:49.078310+00:00,215.800181,38806,41,0202aac0086f9796005a5811460e29efbf1ffffffc2246cd1e00000fc0007ebfe9ed0737feebfff600,1,TX 41 seq=20705 rx_latency=1ms tx_dur=1ms,17.202,
2732,10,2160,2864711792,2026-07-14T15:33:49.178293+00:00,215.900139,38906,41,0202aac0087097fa005a5811460e29efbf1ffffffc2246cd1e00000fc0007ebfe9ed0737feebfff600,1,TX 41 seq=20706 rx_latency=1ms tx_dur=1ms,19.003,
2732,10,2161,2864711793,2026-07-14T15:33:49.278299+00:00,216.000146,39006,41,0202aac00871985e005a5811460e29efbf1ffffffc2246cd1e00000fc0007ebfe9ed0737feebfff600,1,TX 41 seq=20707 rx_latency=1ms tx_dur=1ms,21.240,
2732,10,2162,2864711794,2026-07-14T15:33:49.378293+00:00,216.100138,39106,41,0202aac0087298c2005a5811460e29efbf1ffffffc2246cd1e00000fc0007ebfe9ed0737feebfff600,1,TX 41 seq=20708 rx_latency=1ms tx_dur=1ms,23.321,
2732,10,2163,2864711795,2026-07-14T15:33:49.478299+00:00,216.200145,39206,41,0202aac008739926005a5811460e29efbf1ffffffc2246cd1e00000fc0007ebfe9ed0737feebfff600,1,TX 41 seq=20709 rx_latency=1ms tx_dur=1ms,14.914,
2732,10,2164,2864711796,2026-07-14T15:33:49.578303+00:00,216.300161,39306,41,0202aac00874998a005a5811460e29efbf1ffffffc2246cd1e00000fc0007ebfe9ed0737feebfff600,1,TX 41 seq=20710 rx_latency=1ms tx_dur=1ms,16.592,
2732,10,2165,2864711797,2026-07-14T15:33:49.678314+00:00,216.400187,39406,41,0202aac0087599ee005a5811460e29efbf1ffffffc2246cd1e00000fc0007ebfe9ed0737feebfff600,1,TX 41 seq=20711 rx_latency=1ms tx_dur=1ms,19.363,
2732,10,2166,2864711798,2026-07-14T15:33:49.778293+00:00,216.500136,39506,41,0202aac008769a52005a5811460e29efbf1ffffffc2246cd1e00000fc0007ebfe9ed0737feebfff600,1,TX 41 seq=20712 rx_latency=1ms tx_dur=1ms,21.181,
2732,10,2167,2864711799,2026-07-14T15:33:49.878299+00:00,216.600149,39606,41,0202aac008779ab6005a5811460e29efbf1ffffffc2246cd1e00000fc0007ebfe9ed0737feebfff600,1,TX 41 seq=20713 rx_latency=1ms tx_dur=1ms,22.734,
2732,10,2168,2864711800,2026-07-14T15:33:49.978286+00:00,216.700127,39706,41,0202aac008789b1a005a5811460e29efbf1ffffffc2246cd1e00000fc0007ebfe9ed0737feebfff600,1,TX 41 seq=20714 rx_latency=1ms tx_dur=1ms,15.617,
2732,10,2169,2864711801,2026-07-14T15:33:50.078307+00:00,216.800168,39806,41,0202aac008799b7e005a5811460e29efbf1ffffffc2246cd1e00000fc0007ebfe9ed0737feebfff600,1,TX 41 seq=20715 rx_latency=1ms tx_dur=1ms,17.257,
2732,10,2170,2864711802,2026-07-14T15:33:50.178284+00:00,216.900132,39906,41,0202aac0087a9be2005a5811460e29efbf1ffffffc2246cd1e00000fc0007ebfe9ed0737feebfff600,1,TX 41 seq=20716 rx_latency=1ms tx_dur=1ms,19.011,
2732,10,2171,2864711803,2026-07-14T15:33:50.278296+00:00,217.000140,40006,41,0202aac0087b9c46005a5811460e29efbf1ffffffc2246cd1e00000fc0007ebfe9ed0737feebfff600,1,TX 41 seq=20717 rx_latency=1ms tx_dur=1ms,20.562,
2732,10,2172,2864711804,2026-07-14T15:33:50.378271+00:00,217.100112,40106,41,0202aac0087c9caa005a5811460e29efbf1ffffffc2246cd1e00000fc0007ebfe9ed0737feebfff600,1,TX 41 seq=20718 rx_latency=1ms tx_dur=1ms,23.383,
2732,10,2173,2864711805,2026-07-14T15:33:50.478296+00:00,217.200139,40206,41,0202aac0087d9d0e005a5811460e29efbf1ffffffc2246cd1e00000fc0007ebfe9ed0737feebfff600,1,TX 41 seq=20719 rx_latency=1ms tx_dur=1ms,15.171,
2732,10,2174,2864711806,2026-07-14T15:33:50.578246+00:00,217.300084,40306,41,0202aac0087e9d72005a5811460e29efbf1ffffffc2246cd1e00000fc0007ebfe9ed0737feebfff600,1,TX 41 seq=20720 rx_latency=1ms tx_dur=1ms,16.962,
2732,10,2175,2864711807,2026-07-14T15:33:50.678299+00:00,217.400146,40406,41,0202aac0087f9dd6005a5811460e29efbf1ffffffc2246cd1e00000fc0007ebfe9ed0737feebfff600,1,TX 41 seq=20721 rx_latency=1ms tx_dur=1ms,18.918,
2732,10,2176,2864711808,2026-07-14T15:33:50.778295+00:00,217.500137,40506,41,0202aac008809e3a005a5811460e29efbf1ffffffc2246cd1e00000fc0007ebfe9ed0737feebfff600,1,TX 41 seq=20722 rx_latency=1ms tx_dur=1ms,21.077,
2732,10,2177,2864711809,2026-07-14T15:33:50.878296+00:00,217.600138,40606,41,0202aac008819e9e005a5811460e29efbf1ffffffc2246cd1e00000fc0007ebfe9ed0737feebfff600,1,TX 41 seq=20723 rx_latency=1ms tx_dur=1ms,22.612,
2732,10,2178,2864711810,2026-07-14T15:33:50.978294+00:00,217.700133,40706,41,0202aac008829f02005a5811460e29efbf1ffffffc2246cd1e00000fc0007ebfe9ed0737feebfff600,1,TX 41 seq=20724 rx_latency=1ms tx_dur=1ms,15.496,
2732,10,2179,2864711811,2026-07-14T15:33:51.078294+00:00,217.800134,40806,41,0202aac008839f66005a5811460e29efbf1ffffffc2246cd1e00000fc0007ebfe9ed0737feebfff600,1,TX 41 seq=20725 rx_latency=1ms tx_dur=1ms,17.242,
2732,10,2180,2864711812,2026-07-14T15:33:51.178305+00:00,217.900162,40906,41,0202aac008849fca005a5811460e29efbf1ffffffc2246cd1e00000fc0007ebfe9ed0737feebfff600,1,TX 41 seq=20726 rx_latency=1ms tx_dur=1ms,18.887,
2732,10,2181,2864711813,2026-07-14T15:33:51.278291+00:00,218.000133,41006,41,0202aac00885a02e005a5811460e29efbf1ffffffc2246cd1e00000fc0007ebfe9ed0737feebfff600,1,TX 41 seq=20727 rx_latency=1ms tx_dur=1ms,21.529,
2732,10,2182,2864711814,2026-07-14T15:33:51.378252+00:00,218.100104,41106,41,0202aac00886a092005a5811460e29efbf1ffffffc2246cd1e00000fc0007ebfe9ed0737feebfff600,1,TX 41 seq=20728 rx_latency=1ms tx_dur=1ms,23.298,
2732,10,2183,2864711815,2026-07-14T15:33:51.478291+00:00,218.200131,41206,41,0202aac00887a0f6005a5811460e29efbf1ffffffc2246cd1e00000fc0007ebfe9ed0737feebfff600,1,TX 41 seq=20729 rx_latency=1ms tx_dur=1ms,15.052,
2732,10,2184,2864711816,2026-07-14T15:33:51.578297+00:00,218.300140,41306,41,0202aac00888a15a005a5811460e29efbf1ffffffc2246cd1e00000fc0007ebfe9ed0737feebfff600,1,TX 41 seq=20730 rx_latency=1ms tx_dur=1ms,16.766,
2732,10,2185,2864711817,2026-07-14T15:33:51.678298+00:00,218.400151,41406,41,0202aac00889a1be005a5811460e29efbf1ffffffc2246cd1e00000fc0007ebfe9ed0737feebfff600,1,TX 41 seq=20731 rx_latency=1ms tx_dur=1ms,19.347,
2732,10,2186,2864711818,2026-07-14T15:33:51.778302+00:00,218.500158,41506,41,0202aac0088aa222005a5811460e29efbf1ffffffc2246cd1e00000fc0007ebfe9ed0737feebfff600,1,TX 41 seq=20732 rx_latency=1ms tx_dur=1ms,21.031,
2732,10,2187,2864711819,2026-07-14T15:33:51.878301+00:00,218.600156,41606,41,0202aac0088ba286005a5811460e29efbf1ffffffc2246cd1e00000fc0007ebfe9ed0737feebfff600,1,TX 41 seq=20733 rx_latency=1ms tx_dur=1ms,22.800,
2732,10,2188,2864711820,2026-07-14T15:33:51.978291+00:00,218.700137,41706,41,0202aac0088ca2ea005a5811460e29efbf1ffffffc2246cd1e00000fc0007ebfe9ed0737feebfff600,1,TX 41 seq=20734 rx_latency=1ms tx_dur=1ms,14.640,
2732,10,2189,2864711821,2026-07-14T15:33:52.078297+00:00,218.800141,41806,41,0202aac0088da34e005a5811460e29efbf1ffffffc2246cd1e00000fc0007ebfe9ed0737feebfff600,1,TX 41 seq=20735 rx_latency=1ms tx_dur=1ms,16.650,
2732,10,2190,2864711822,2026-07-14T15:33:52.178297+00:00,218.900148,41906,41,0202aac0088ea3b2005a5811460e29efbf1ffffffc2246cd1e00000fc0007ebfe9ed0737feebfff600,1,TX 41 seq=20736 rx_latency=1ms tx_dur=1ms,19.114,
2732,10,2191,2864711823,2026-07-14T15:33:52.278292+00:00,219.000136,42006,41,0202aac0088fa416005a5811460e29efbf1ffffffc2246cd1e00000fc0007ebfe9ed0737feebfff600,1,TX 41 seq=20737 rx_latency=1ms tx_dur=1ms,21.286,
2732,10,2192,2864711824,2026-07-14T15:33:52.378297+00:00,219.100146,42106,41,0202aac00890a47a005a5811460e29efbf1ffffffc2246cd1e00000fc0007ebfe9ed0737feebfff600,1,TX 41 seq=20738 rx_latency=1ms tx_dur=1ms,23.336,
2732,10,2193,2864711825,2026-07-14T15:33:52.478291+00:00,219.200130,42206,41,0202aac00891a4de005a5811460e29efbf1ffffffc2246cd1e00000fc0007ebfe9ed0737feebfff600,1,TX 41 seq=20739 rx_latency=1ms tx_dur=1ms,14.787,
2732,10,2194,2864711826,2026-07-14T15:33:52.578297+00:00,219.300139,42306,41,0202aac00892a542005a5811460e29efbf1ffffffc2246cd1e00000fc0007ebfe9ed0737feebfff600,1,TX 41 seq=20740 rx_latency=1ms tx_dur=1ms,16.895,
2732,10,2195,2864711827,2026-07-14T15:33:52.678293+00:00,219.400135,42406,41,0202aac00893a5a6005a5811460e29efbf1ffffffc2246cd1e00000fc0007ebfe9ed0737feebfff600,1,TX 41 seq=20741 rx_latency=1ms tx_dur=1ms,18.964,
2732,10,2196,2864711828,2026-07-14T15:33:52.778294+00:00,219.500138,42506,41,0202aac00894a60a005a5811460e29efbf1ffffffc2246cd1e00000fc0007ebfe9ed0737feebfff600,1,TX 41 seq=20742 rx_latency=1ms tx_dur=1ms,21.156,
2732,10,2197,2864711829,2026-07-14T15:33:52.878291+00:00,219.600131,42606,41,0202aac00895a66e005a5811460e29efbf1ffffffc2246cd1e00000fc0007ebfe9ed0737feebfff600,1,TX 41 seq=20743 rx_latency=1ms tx_dur=1ms,23.740,
2732,10,2198,2864711830,2026-07-14T15:33:52.978296+00:00,219.700138,42706,41,0202aac00896a6d2005a5811460e29efbf1ffffffc2246cd1e00000fc0007ebfe9ed0737feebfff600,1,TX 41 seq=20744 rx_latency=1ms tx_dur=1ms,15.509,
2732,10,2199,2864711831,2026-07-14T15:33:53.078289+00:00,219.800126,42806,41,0202aac00897a736005a5811460e29efbf1ffffffc2246cd1e00000fc0007ebfe9ed0737feebfff600,1,TX 41 seq=20745 rx_latency=1ms tx_dur=1ms,17.265,
2732,10,2200,2864711832,2026-07-14T15:33:53.178312+00:00,219.900185,42906,41,0202aac00898a79a005a5811460e29efbf1ffffffc2246cd1e00000fc0007ebfe9ed0737feebfff600,1,TX 41 seq=20746 rx_latency=1ms tx_dur=1ms,18.832,
2732,10,2201,2864711833,2026-07-14T15:33:53.278298+00:00,220.000153,43006,41,0202aac00899a7fe005a5811460e29efbf1ffffffc2246cd1e00000fc0007ebfe9ed0737feebfff600,1,TX 41 seq=20747 rx_latency=1ms tx_dur=1ms,21.497,
2732,10,2202,2864711834,2026-07-14T15:33:53.378301+00:00,220.100158,43106,41,0202aac0089aa862005a5811460e29efbf1ffffffc2246cd1e00000fc0007ebfe9ed0737feebfff600,1,TX 41 seq=20748 rx_latency=1ms tx_dur=1ms,23.204,
2732,10,2203,2864711835,2026-07-14T15:33:53.478292+00:00,220.200136,43206,41,0202aac0089ba8c6005a5811460e29efbf1ffffffc2246cd1e00000fc0007ebfe9ed0737feebfff600,1,TX 41 seq=20749 rx_latency=1ms tx_dur=1ms,15.068,
2732,10,2204,2864711836,2026-07-14T15:33:53.578296+00:00,220.300141,43306,41,0202aac0089ca92a005a5811460e29efbf1ffffffc2246cd1e00000fc0007ebfe9ed0737feebfff600,1,TX 41 seq=20750 rx_latency=1ms tx_dur=1ms,16.778,
2732,10,2205,2864711837,2026-07-14T15:33:53.678292+00:00,220.400131,43406,41,0202aac0089da98e005a5811460e29efbf1ffffffc2246cd1e00000fc0007ebfe9ed0737feebfff600,1,TX 41 seq=20751 rx_latency=1ms tx_dur=1ms,18.854,
2732,10,2206,2864711838,2026-07-14T15:33:53.778296+00:00,220.500138,43506,41,0202aac0089ea9f2005a5811460e29efbf1ffffffc2246cd1e00000fc0007ebfe9ed0737feebfff600,1,TX 41 seq=20752 rx_latency=1ms tx_dur=1ms,21.315,
2732,10,2207,2864711839,2026-07-14T15:33:53.878283+00:00,220.600131,43606,41,0202aac0089faa56005a5811460e29efbf1ffffffc2246cd1e00000fc0007ebfe9ed0737feebfff600,1,TX 41 seq=20753 rx_latency=1ms tx_dur=1ms,23.467,
2732,10,2208,2864711840,2026-07-14T15:33:53.978290+00:00,220.700128,43706,41,0202aac008a0aaba005a5811460e29efbf1ffffffc2246cd1e00000fc0007ebfe9ed0737feebfff600,1,TX 41 seq=20754 rx_latency=1ms tx_dur=1ms,15.604,
2732,10,2209,2864711841,2026-07-14T15:33:54.078296+00:00,220.800139,43806,41,0202aac008a1ab1e005a5811460e29efbf1ffffffc2246cd1e00000fc0007ebfe9ed0737feebfff600,1,TX 41 seq=20755 rx_latency=1ms tx_dur=1ms,16.930,
2732,10,2210,2864711842,2026-07-14T15:33:54.178296+00:00,220.900137,43906,41,0202aac008a2ab82005a5811460e29efbf1ffffffc2246cd1e00000fc0007ebfe9ed0737feebfff600,1,TX 41 seq=20756 rx_latency=1ms tx_dur=1ms,19.100,
2732,10,2211,2864711843,2026-07-14T15:33:54.278289+00:00,221.000126,44006,41,0202aac008a3abe6005a5811460e29efbf1ffffffc2246cd1e00000fc0007ebfe9ed0737feebfff600,1,TX 41 seq=20757 rx_latency=1ms tx_dur=1ms,21.151,
2732,10,2212,2864711844,2026-07-14T15:33:54.378305+00:00,221.100161,44106,41,0202aac008a4ac4a005a5811460e29efbf1ffffffc2246cd1e00000fc0007ebfe9ed0737feebfff600,1,TX 41 seq=20758 rx_latency=1ms tx_dur=1ms,23.230,
2732,10,2213,2864711845,2026-07-14T15:33:54.478300+00:00,221.200156,44206,41,0202aac008a5acae005a5811460e29efbf1ffffffc2246cd1e00000fc0007ebfe9ed0737feebfff600,1,TX 41 seq=20759 rx_latency=1ms tx_dur=1ms,14.809,
2732,10,2214,2864711846,2026-07-14T15:33:54.578297+00:00,221.300145,44306,41,0202aac008a6ad12005a5811460e29efbf1ffffffc2246cd1e00000fc0007ebfe9ed0737feebfff600,1,TX 41 seq=20760 rx_latency=1ms tx_dur=1ms,17.684,
2732,10,2215,2864711847,2026-07-14T15:33:54.678288+00:00,221.400126,44406,41,0202aac008a7ad76005a5811460e29efbf1ffffffc2246cd1e00000fc0007ebfe9ed0737feebfff600,1,TX 41 seq=20761 rx_latency=1ms tx_dur=1ms,19.389,
2732,10,2216,2864711848,2026-07-14T15:33:54.778297+00:00,221.500141,44506,41,0202aac008a8adda005a5811460e29efbf1ffffffc2246cd1e00000fc0007ebfe9ed0737feebfff600,1,TX 41 seq=20762 rx_latency=1ms tx_dur=1ms,21.157,
2732,10,2217,2864711849,2026-07-14T15:33:54.878305+00:00,221.600149,44606,41,0202aac008a9ae3e005a5811460e29efbf1ffffffc2246cd1e00000fc0007ebfe9ed0737feebfff600,1,TX 41 seq=20763 rx_latency=1ms tx_dur=1ms,23.712,
2732,10,2218,2864711850,2026-07-14T15:33:54.978293+00:00,221.700136,44706,41,0202aac008aaaea2005a5811460e29efbf1ffffffc2246cd1e00000fc0007ebfe9ed0737feebfff600,1,TX 41 seq=20764 rx_latency=1ms tx_dur=1ms,15.522,
2732,10,2219,2864711851,2026-07-14T15:33:55.078299+00:00,221.800142,44806,41,0202aac008abaf06005a5811460e29efbf1ffffffc2246cd1e00000fc0007ebfe9ed0737feebfff600,1,TX 41 seq=20765 rx_latency=1ms tx_dur=1ms,17.234,
2732,10,2220,2864711852,2026-07-14T15:33:55.178290+00:00,221.900128,44906,41,0202aac008acaf6a005a5811460e29efbf1ffffffc2246cd1e00000fc0007ebfe9ed0737feebfff600,1,TX 41 seq=20766 rx_latency=1ms tx_dur=1ms,18.962,
2732,10,2221,2864711853,2026-07-14T15:33:55.278297+00:00,222.000142,45006,41,0202aac008adafce005a5811460e29efbf1ffffffc2246cd1e00000fc0007ebfe9ed0737feebfff600,1,TX 41 seq=20767 rx_latency=1ms tx_dur=1ms,21.579,
2732,10,2222,2864711854,2026-07-14T15:33:55.378296+00:00,222.100133,45106,41,0202aac008aeb032005a5811460e29efbf1ffffffc2246cd1e00000fc0007ebfe9ed0737feebfff600,1,TX 41 seq=20768 rx_latency=1ms tx_dur=1ms,23.303,
2732,10,2223,2864711855,2026-07-14T15:33:55.478299+00:00,222.200147,45206,41,0202aac008afb096005a5811460e29efbf1ffffffc2246cd1e00000fc0007ebfe9ed0737feebfff600,1,TX 41 seq=20769 rx_latency=1ms tx_dur=1ms,15.069,
2732,10,2224,2864711856,2026-07-14T15:33:55.578291+00:00,222.300133,45306,41,0202aac008b0b0fa005a5811460e29efbf1ffffffc2246cd1e00000fc0007ebfe9ed0737feebfff600,1,TX 41 seq=20770 rx_latency=1ms tx_dur=1ms,16.807,
2732,10,2225,2864711857,2026-07-14T15:33:55.678312+00:00,222.400183,45406,41,0202aac008b1b15e005a5811460e29efbf1ffffffc2246cd1e00000fc0007ebfe9ed0737feebfff600,1,TX 41 seq=20771 rx_latency=1ms tx_dur=1ms,19.294,
2732,10,2226,2864711858,2026-07-14T15:33:55.778294+00:00,222.500142,45506,41,0202aac008b2b1c2005a5811460e29efbf1ffffffc2246cd1e00000fc0007ebfe9ed0737feebfff600,1,TX 41 seq=20772 rx_latency=1ms tx_dur=1ms,21.107,
2732,10,2227,2864711859,2026-07-14T15:33:55.878299+00:00,222.600147,45606,41,0202aac008b3b226005a5811460e29efbf1ffffffc2246cd1e00000fc0007ebfe9ed0737feebfff600,1,TX 41 seq=20773 rx_latency=1ms tx_dur=1ms,22.862,
2732,10,2228,2864711860,2026-07-14T15:33:55.978291+00:00,222.700132,45706,41,0202aac008b4b28a005a5811460e29efbf1ffffffc2246cd1e00000fc0007ebfe9ed0737feebfff600,1,TX 41 seq=20774 rx_latency=1ms tx_dur=1ms,14.658,
2732,10,2229,2864711861,2026-07-14T15:33:56.078297+00:00,222.800141,45806,41,0202aac008b5b2ee005a5811460e29efbf1ffffffc2246cd1e00000fc0007ebfe9ed0737feebfff600,1,TX 41 seq=20775 rx_latency=1ms tx_dur=1ms,16.687,
2732,10,2230,2864711862,2026-07-14T15:33:56.178294+00:00,222.900139,45906,41,0202aac008b6b352005a5811460e29efbf1ffffffc2246cd1e00000fc0007ebfe9ed0737feebfff600,1,TX 41 seq=20776 rx_latency=1ms tx_dur=1ms,19.167,
2732,10,2231,2864711863,2026-07-14T15:33:56.278297+00:00,223.000142,46006,41,0202aac008b7b3b6005a5811460e29efbf1ffffffc2246cd1e00000fc0007ebfe9ed0737feebfff600,1,TX 41 seq=20777 rx_latency=1ms tx_dur=1ms,21.323,
2732,10,2232,2864711864,2026-07-14T15:33:56.378290+00:00,223.100127,46106,41,0202aac008b8b41a005a5811460e29efbf1ffffffc2246cd1e00000fc0007ebfe9ed0737feebfff600,1,TX 41 seq=20778 rx_latency=1ms tx_dur=1ms,23.367,
2732,10,2233,2864711865,2026-07-14T15:33:56.478297+00:00,223.200143,46206,41,0202aac008b9b47e005a5811460e29efbf1ffffffc2246cd1e00000fc0007ebfe9ed0737feebfff600,1,TX 41 seq=20779 rx_latency=1ms tx_dur=1ms,15.565,
2732,10,2234,2864711866,2026-07-14T15:33:56.578290+00:00,223.300130,46306,41,0202aac008bab4e2005a5811460e29efbf1ffffffc2246cd1e00000fc0007ebfe9ed0737feebfff600,1,TX 41 seq=20780 rx_latency=1ms tx_dur=1ms,17.102,
2732,10,2235,2864711867,2026-07-14T15:33:56.678301+00:00,223.400156,46406,41,0202aac008bbb546005a5811460e29efbf1ffffffc2246cd1e00000fc0007ebfe9ed0737feebfff600,1,TX 41 seq=20781 rx_latency=1ms tx_dur=1ms,18.748,
2732,10,2236,2864711868,2026-07-14T15:33:56.778299+00:00,223.500146,46506,41,0202aac008bcb5aa005a5811460e29efbf1ffffffc2246cd1e00000fc0007ebfe9ed0737feebfff600,1,TX 41 seq=20782 rx_latency=1ms tx_dur=1ms,21.687,
2732,10,2237,2864711869,2026-07-14T15:33:56.878291+00:00,223.600130,46606,41,0202aac008bdb60e005a5811460e29efbf1ffffffc2246cd1e00000fc0007ebfe9ed0737feebfff600,1,TX 41 seq=20783 rx_latency=1ms tx_dur=1ms,23.321,
2732,10,2238,2864711870,2026-07-14T15:33:56.978298+00:00,223.700141,46706,41,0202aac008beb672005a5811460e29efbf1ffffffc2246cd1e00000fc0007ebfe9ed0737feebfff600,1,TX 41 seq=20784 rx_latency=1ms tx_dur=1ms,14.916,
2732,10,2239,2864711871,2026-07-14T15:33:57.078310+00:00,223.800176,46806,41,0202aac008bfb6d6005a5811460e29efbf1ffffffc2246cd1e00000fc0007ebfe9ed0737feebfff600,1,TX 41 seq=20785 rx_latency=1ms tx_dur=1ms,16.535,
2732,10,2240,2864711872,2026-07-14T15:33:57.178295+00:00,223.900142,46906,41,0202aac008c0b73a005a5811460e29efbf1ffffffc2246cd1e00000fc0007ebfe9ed0737feebfff600,1,TX 41 seq=20786 rx_latency=1ms tx_dur=1ms,19.458,
2732,10,2241,2864711873,2026-07-14T15:33:57.278298+00:00,224.000144,47006,41,0202aac008c1b79e005a5811460e29efbf1ffffffc2246cd1e00000fc0007ebfe9ed0737feebfff600,1,TX 41 seq=20787 rx_latency=1ms tx_dur=1ms,21.221,
2732,10,2242,2864711874,2026-07-14T15:33:57.378290+00:00,224.100129,47106,41,0202aac008c2b802005a5811460e29efbf1ffffffc2246cd1e00000fc0007ebfe9ed0737feebfff600,1,TX 41 seq=20788 rx_latency=1ms tx_dur=1ms,22.691,
2732,10,2243,2864711875,2026-07-14T15:33:57.478299+00:00,224.200145,47206,41,0202aac008c3b866005a5811460e29efbf1ffffffc2246cd1e00000fc0007ebfe9ed0737feebfff600,1,TX 41 seq=20789 rx_latency=1ms tx_dur=1ms,15.577,
2732,10,2244,2864711876,2026-07-14T15:33:57.578290+00:00,224.300133,47306,41,0202aac008c4b8ca005a5811460e29efbf1ffffffc2246cd1e00000fc0007ebfe9ed0737feebfff600,1,TX 41 seq=20790 rx_latency=1ms tx_dur=1ms,17.320,
2732,10,2245,2864711877,2026-07-14T15:33:57.678297+00:00,224.400150,47406,41,0202aac008c5b92e005a5811460e29efbf1ffffffc2246cd1e00000fc0007ebfe9ed0737feebfff600,1,TX 41 seq=20791 rx_latency=1ms tx_dur=1ms,18.990,
2732,10,2246,2864711878,2026-07-14T15:33:57.778299+00:00,224.500147,47506,41,0202aac008c6b992005a5811460e29efbf1ffffffc2246cd1e00000fc0007ebfe9ed0737feebfff600,1,TX 41 seq=20792 rx_latency=1ms tx_dur=1ms,21.708,
2732,10,2247,2864711879,2026-07-14T15:33:57.878291+00:00,224.600130,47606,41,0202aac008c7b9f6005a5811460e29efbf1ffffffc2246cd1e00000fc0007ebfe9ed0737feebfff600,1,TX 41 seq=20793 rx_latency=1ms tx_dur=1ms,23.364,
2732,10,2248,2864711880,2026-07-14T15:33:57.978297+00:00,224.700141,47706,41,0202aac008c8ba5a005a5811460e29efbf1ffffffc2246cd1e00000fc0007ebfe9ed0737feebfff600,1,TX 41 seq=20794 rx_latency=1ms tx_dur=1ms,15.146,
2732,10,2249,2864711881,2026-07-14T15:33:58.078296+00:00,224.800139,47806,41,0202aac008c9babe005a5811460e29efbf1ffffffc2246cd1e00000fc0007ebfe9ed0737feebfff600,1,TX 41 seq=20795 rx_latency=1ms tx_dur=1ms,16.879,
2732,10,2250,2864711882,2026-07-14T15:33:58.178293+00:00,224.900136,47906,41,0202aac008cabb22005a5811460e29efbf1ffffffc2246cd1e00000fc0007ebfe9ed0737feebfff600,1,TX 41 seq=20796 rx_latency=1ms tx_dur=1ms,18.945,
2732,10,2251,2864711883,2026-07-14T15:33:58.278297+00:00,225.000142,48006,41,0202aac008cbbb86005a5811460e29efbf1ffffffc2246cd1e00000fc0007ebfe9ed0737feebfff600,1,TX 41 seq=20797 rx_latency=1ms tx_dur=1ms,21.093,
2732,10,2252,2864711884,2026-07-14T15:33:58.378288+00:00,225.100125,48106,41,0202aac008ccbbea005a5811460e29efbf1ffffffc2246cd1e00000fc0007ebfe9ed0737feebfff600,1,TX 41 seq=20798 rx_latency=1ms tx_dur=1ms,23.693,
2732,10,2253,2864711885,2026-07-14T15:33:58.478298+00:00,225.200145,48206,41,0202aac008cdbc4e005a5811460e29efbf1ffffffc2246cd1e00000fc0007ebfe9ed0737feebfff600,1,TX 41 seq=20799 rx_latency=1ms tx_dur=1ms,15.459,
2732,10,2254,2864711886,2026-07-14T15:33:58.578291+00:00,225.300132,48306,41,0202aac008cebcb2005a5811460e29efbf1ffffffc2246cd1e00000fc0007ebfe9ed0737feebfff600,1,TX 41 seq=20800 rx_latency=1ms tx_dur=1ms,17.227,
2732,10,2255,2864711887,2026-07-14T15:33:58.678297+00:00,225.400141,48406,41,0202aac008cfbd16005a5811460e29efbf1ffffffc2246cd1e00000fc0007ebfe9ed0737feebfff600,1,TX 41 seq=20801 rx_latency=1ms tx_dur=1ms,18.931,
2732,10,2256,2864711888,2026-07-14T15:33:58.778291+00:00,225.500129,48506,41,0202aac008d0bd7a005a5811460e29efbf1ffffffc2246cd1e00000fc0007ebfe9ed0737feebfff600,1,TX 41 seq=20802 rx_latency=1ms tx_dur=1ms,20.997,
2732,10,2257,2864711889,2026-07-14T15:33:58.878296+00:00,225.600139,48606,41,0202aac008d1bdde005a5811460e29efbf1ffffffc2246cd1e00000fc0007ebfe9ed0737feebfff600,1,TX 41 seq=20803 rx_latency=1ms tx_dur=1ms,23.533,
2732,10,2258,2864711890,2026-07-14T15:33:58.978297+00:00,225.700150,48706,41,0202aac008d2be42005a5811460e29efbf1ffffffc2246cd1e00000fc0007ebfe9ed0737feebfff600,1,TX 41 seq=20804 rx_latency=1ms tx_dur=1ms,15.588,
2732,10,2259,2864711891,2026-07-14T15:33:59.078299+00:00,225.800146,48806,41,0202aac008d3bea6005a5811460e29efbf1ffffffc2246cd1e00000fc0007ebfe9ed0737feebfff600,1,TX 41 seq=20805 rx_latency=1ms tx_dur=1ms,17.169,
2732,10,2260,2864711892,2026-07-14T15:33:59.178297+00:00,225.900140,48906,41,0202aac008d4bf0a005a5811460e29efbf1ffffffc2246cd1e00000fc0007ebfe9ed0737feebfff600,1,TX 41 seq=20806 rx_latency=1ms tx_dur=1ms,18.882,
2732,10,2261,2864711893,2026-07-14T15:33:59.278295+00:00,226.000137,49006,41,0202aac008d5bf6e005a5811460e29efbf1ffffffc2246cd1e00000fc0007ebfe9ed0737feebfff600,1,TX 41 seq=20807 rx_latency=1ms tx_dur=1ms,20.617,
2732,10,2262,2864711894,2026-07-14T15:33:59.378296+00:00,226.100137,49106,41,0202aac008d6bfd2005a5811460e29efbf1ffffffc2246cd1e00000fc0007ebfe9ed0737feebfff600,1,TX 41 seq=20808 rx_latency=1ms tx_dur=1ms,23.474,
2732,10,2263,2864711895,2026-07-14T15:33:59.478298+00:00,226.200144,49206,41,0202aac008d7c036005a5811460e29efbf1ffffffc2246cd1e00000fc0007ebfe9ed0737feebfff600,1,TX 41 seq=20809 rx_latency=1ms tx_dur=1ms,14.988,
2732,10,2264,2864711896,2026-07-14T15:33:59.578279+00:00,226.300124,49306,41,0202aac008d8c09a005a5811460e29efbf1ffffffc2246cd1e00000fc0007ebfe9ed0737feebfff600,1,TX 41 seq=20810 rx_latency=1ms tx_dur=1ms,16.717,
2732,10,2265,2864711897,2026-07-14T15:33:59.678301+00:00,226.400152,49406,41,0202aac008d9c0fe005a5811460e29efbf1ffffffc2246cd1e00000fc0007ebfe9ed0737feebfff600,1,TX 41 seq=20811 rx_latency=1ms tx_dur=1ms,19.540,
2732,10,2266,2864711898,2026-07-14T15:33:59.778297+00:00,226.500142,49506,41,0202aac008dac162005a5811460e29efbf1ffffffc2246cd1e00000fc0007ebfe9ed0737feebfff600,1,TX 41 seq=20812 rx_latency=1ms tx_dur=1ms,21.291,
2732,10,2267,2864711899,2026-07-14T15:33:59.878295+00:00,226.600138,49606,41,0202aac008dbc1c6005a5811460e29efbf1ffffffc2246cd1e00000fc0007ebfe9ed0737feebfff600,1,TX 41 seq=20813 rx_latency=1ms tx_dur=1ms,23.355,
2732,10,2268,2864711900,2026-07-14T15:33:59.978306+00:00,226.700167,49706,41,0202aac008dcc22a005a5811460e29efbf1ffffffc2246cd1e00000fc0007ebfe9ed0737feebfff600,1,TX 41 seq=20814 rx_latency=1ms tx_dur=1ms,14.677,
2732,10,2269,2864711901,2026-07-14T15:34:00.078297+00:00,226.800143,49806,41,0202aac008ddc28e005a5811460e29efbf1ffffffc2246cd1e00000fc0007ebfe9ed0737feebfff600,1,TX 41 seq=20815 rx_latency=1ms tx_dur=1ms,16.889,
2732,10,2270,2864711902,2026-07-14T15:34:00.178297+00:00,226.900139,49906,41,0202aac008dec2f2005a5811460e29efbf1ffffffc2246cd1e00000fc0007ebfe9ed0737feebfff600,1,TX 41 seq=20816 rx_latency=1ms tx_dur=1ms,18.956,
2732,10,2271,2864711903,2026-07-14T15:34:00.278295+00:00,227.000137,50006,41,0202aac008dfc356005a5811460e29efbf1ffffffc2246cd1e00000fc0007ebfe9ed0737feebfff600,1,TX 41 seq=20817 rx_latency=1ms tx_dur=1ms,21.110,
2732,10,2272,2864711904,2026-07-14T15:34:00.378295+00:00,227.100136,50106,41,0202aac008e0c3ba005a5811460e29efbf1ffffffc2246cd1e00000fc0007ebfe9ed0737feebfff600,1,TX 41 seq=20818 rx_latency=1ms tx_dur=1ms,22.629,
2732,10,2273,2864711905,2026-07-14T15:34:00.478299+00:00,227.200144,50206,41,0202aac008e1c41e005a5811460e29efbf1ffffffc2246cd1e00000fc0007ebfe9ed0737feebfff600,1,TX 41 seq=20819 rx_latency=1ms tx_dur=1ms,15.481,
2732,10,2274,2864711906,2026-07-14T15:34:00.578298+00:00,227.300143,50306,41,0202aac008e2c482005a5811460e29efbf1ffffffc2246cd1e00000fc0007ebfe9ed0737feebfff600,1,TX 41 seq=20820 rx_latency=1ms tx_dur=1ms,17.232,
2732,10,2275,2864711907,2026-07-14T15:34:00.678298+00:00,227.400141,50406,41,0202aac008e3c4e6005a5811460e29efbf1ffffffc2246cd1e00000fc0007ebfe9ed0737feebfff600,1,TX 41 seq=20821 rx_latency=1ms tx_dur=1ms,18.944,
2732,10,2276,2864711908,2026-07-14T15:34:00.778297+00:00,227.500137,50506,41,0202aac008e4c54a005a5811460e29efbf1ffffffc2246cd1e00000fc0007ebfe9ed0737feebfff600,1,TX 41 seq=20822 rx_latency=1ms tx_dur=1ms,21.576,
2732,10,2277,2864711909,2026-07-14T15:34:00.878305+00:00,227.600145,50606,41,0202aac008e5c5ae005a5811460e29efbf1ffffffc2246cd1e00000fc0007ebfe9ed0737feebfff600,1,TX 41 seq=20823 rx_latency=1ms tx_dur=1ms,23.186,
2732,10,2278,2864711910,2026-07-14T15:34:00.978307+00:00,227.700155,50706,41,0202aac008e6c612005a5811460e29efbf1ffffffc2246cd1e00000fc0007ebfe9ed0737feebfff600,1,TX 41 seq=20824 rx_latency=1ms tx_dur=1ms,15.089,
2732,10,2279,2864711911,2026-07-14T15:34:01.078308+00:00,227.800154,50806,41,0202aac008e7c676005a5811460e29efbf1ffffffc2246cd1e00000fc0007ebfe9ed0737feebfff600,1,TX 41 seq=20825 rx_latency=1ms tx_dur=1ms,16.761,
2732,10,2280,2864711912,2026-07-14T15:34:01.178294+00:00,227.900138,50906,41,0202aac008e8c6da005a5811460e29efbf1ffffffc2246cd1e00000fc0007ebfe9ed0737feebfff600,1,TX 41 seq=20826 rx_latency=1ms tx_dur=1ms,19.404,
2732,10,2281,2864711913,2026-07-14T15:34:01.278295+00:00,228.000137,51006,41,0202aac008e9c73e005a5811460e29efbf1ffffffc2246cd1e00000fc0007ebfe9ed0737feebfff600,1,TX 41 seq=20827 rx_latency=1ms tx_dur=1ms,21.154,
2732,10,2282,2864711914,2026-07-14T15:34:01.378294+00:00,228.100136,51106,41,0202aac008eac7a2005a5811460e29efbf1ffffffc2246cd1e00000fc0007ebfe9ed0737feebfff600,1,TX 41 seq=20828 rx_latency=1ms tx_dur=1ms,22.874,
2732,10,2283,2864711915,2026-07-14T15:34:01.478295+00:00,228.200139,51206,41,0202aac008ebc806005a5811460e29efbf1ffffffc2246cd1e00000fc0007ebfe9ed0737feebfff600,1,TX 41 seq=20829 rx_latency=1ms tx_dur=1ms,14.633,
2732,10,2284,2864711916,2026-07-14T15:34:01.578294+00:00,228.300139,51306,41,0202aac008ecc86a005a5811460e29efbf1ffffffc2246cd1e00000fc0007ebfe9ed0737feebfff600,1,TX 41 seq=20830 rx_latency=1ms tx_dur=1ms,16.666,
2732,10,2285,2864711917,2026-07-14T15:34:01.678317+00:00,228.400192,51406,41,0202aac008edc8ce005a5811460e29efbf1ffffffc2246cd1e00000fc0007ebfe9ed0737feebfff600,1,TX 41 seq=20831 rx_latency=1ms tx_dur=1ms,18.976,
2732,10,2286,2864711918,2026-07-14T15:34:01.778292+00:00,228.500136,51506,41,0202aac008eec932005a5811460e29efbf1ffffffc2246cd1e00000fc0007ebfe9ed0737feebfff600,1,TX 41 seq=20832 rx_latency=1ms tx_dur=1ms,21.330,
2732,10,2287,2864711919,2026-07-14T15:34:01.878294+00:00,228.600137,51606,41,0202aac008efc996005a5811460e29efbf1ffffffc2246cd1e00000fc0007ebfe9ed0737feebfff600,1,TX 41 seq=20833 rx_latency=1ms tx_dur=1ms,23.360,
2732,10,2288,2864711920,2026-07-14T15:34:01.978300+00:00,228.700149,51706,41,0202aac008f0c9fa005a5811460e29efbf1ffffffc2246cd1e00000fc0007ebfe9ed0737feebfff600,1,TX 41 seq=20834 rx_latency=1ms tx_dur=1ms,15.525,
2732,10,2289,2864711921,2026-07-14T15:34:02.078290+00:00,228.800131,51806,41,0202aac008f1ca5e005a5811460e29efbf1ffffffc2246cd1e00000fc0007ebfe9ed0737feebfff600,1,TX 41 seq=20835 rx_latency=1ms tx_dur=1ms,17.135,
2732,10,2290,2864711922,2026-07-14T15:34:02.178306+00:00,228.900167,51906,41,0202aac008f2cac2005a5811460e29efbf1ffffffc2246cd1e00000fc0007ebfe9ed0737feebfff600,1,TX 41 seq=20836 rx_latency=1ms tx_dur=1ms,18.777,
2732,10,2291,2864711923,2026-07-14T15:34:02.278291+00:00,229.000132,52006,41,0202aac008f3cb26005a5811460e29efbf1ffffffc2246cd1e00000fc0007ebfe9ed0737feebfff600,1,TX 41 seq=20837 rx_latency=1ms tx_dur=1ms,21.642,
2732,10,2292,2864711924,2026-07-14T15:34:02.378298+00:00,229.100141,52106,41,0202aac008f4cb8a005a5811460e29efbf1ffffffc2246cd1e00000fc0007ebfe9ed0737feebfff600,1,TX 41 seq=20838 rx_latency=1ms tx_dur=1ms,23.317,
2732,10,2293,2864711925,2026-07-14T15:34:02.478291+00:00,229.200128,52206,41,0202aac008f5cbee005a5811460e29efbf1ffffffc2246cd1e00000fc0007ebfe9ed0737feebfff600,1,TX 41 seq=20839 rx_latency=1ms tx_dur=1ms,14.920,
2732,10,2294,2864711926,2026-07-14T15:34:02.578297+00:00,229.300142,52306,41,0202aac008f6cc52005a5811460e29efbf1ffffffc2246cd1e00000fc0007ebfe9ed0737feebfff600,1,TX 41 seq=20840 rx_latency=1ms tx_dur=1ms,16.617,
2732,10,2295,2864711927,2026-07-14T15:34:02.678294+00:00,229.400137,52406,41,0202aac008f7ccb6005a5811460e29efbf1ffffffc2246cd1e00000fc0007ebfe9ed0737feebfff600,1,TX 41 seq=20841 rx_latency=1ms tx_dur=1ms,19.439,
2732,10,2296,2864711928,2026-07-14T15:34:02.778299+00:00,229.500142,52506,41,0202aac008f8cd1a005a5811460e29efbf1ffffffc2246cd1e00000fc0007ebfe9ed0737feebfff600,1,TX 41 seq=20842 rx_latency=1ms tx_dur=1ms,21.223,
2732,10,2297,2864711929,2026-07-14T15:34:02.878290+00:00,229.600128,52606,41,0202aac008f9cd7e005a5811460e29efbf1ffffffc2246cd1e00000fc0007ebfe9ed0737feebfff600,1,TX 41 seq=20843 rx_latency=1ms tx_dur=1ms,23.305,
2732,10,2298,2864711930,2026-07-14T15:34:02.978296+00:00,229.700137,52706,41,0202aac008facde2005a5811460e29efbf1ffffffc2246cd1e00000fc0007ebfe9ed0737feebfff600,1,TX 41 seq=20844 rx_latency=1ms tx_dur=1ms,14.766,
2732,10,2299,2864711931,2026-07-14T15:34:03.078289+00:00,229.800126,52806,41,0202aac008fbce46005a5811460e29efbf1ffffffc2246cd1e00000fc0007ebfe9ed0737feebfff600,1,TX 41 seq=20845 rx_latency=1ms tx_dur=1ms,16.945,
2732,10,2300,2864711932,2026-07-14T15:34:03.178300+00:00,229.900146,52906,41,0202aac008fcceaa005a5811460e29efbf1ffffffc2246cd1e00000fc0007ebfe9ed0737feebfff600,1,TX 41 seq=20846 rx_latency=1ms tx_dur=1ms,19.078,
2732,10,2301,2864711933,2026-07-14T15:34:03.278306+00:00,230.000170,53006,41,0202aac008fdcf0e005a5811460e29efbf1ffffffc2246cd1e00000fc0007ebfe9ed0737feebfff600,1,TX 41 seq=20847 rx_latency=1ms tx_dur=1ms,20.979,
2732,10,2302,2864711934,2026-07-14T15:34:03.378298+00:00,230.100146,53106,41,0202aac008fecf72005a5811460e29efbf1ffffffc2246cd1e00000fc0007ebfe9ed0737feebfff600,1,TX 41 seq=20848 rx_latency=1ms tx_dur=1ms,22.622,
2732,10,2303,2864711935,2026-07-14T15:34:03.478297+00:00,230.200140,53206,41,0202aac008ffcfd6005a5811460e29efbf1ffffffc2246cd1e00000fc0007ebfe9ed0737feebfff600,1,TX 41 seq=20849 rx_latency=1ms tx_dur=1ms,15.511,
2732,10,2304,2864711936,2026-07-14T15:34:03.578293+00:00,230.300134,53306,41,0202aac00900d03a005a5811460e29efbf1ffffffc2246cd1e00000fc0007ebfe9ed0737feebfff600,1,TX 41 seq=20850 rx_latency=1ms tx_dur=1ms,17.309,
2732,10,2305,2864711937,2026-07-14T15:34:03.678309+00:00,230.400172,53406,41,0202aac00901d09e005a5811460e29efbf1ffffffc2246cd1e00000fc0007ebfe9ed0737feebfff600,1,TX 41 seq=20851 rx_latency=1ms tx_dur=1ms,18.893,
2732,10,2306,2864711938,2026-07-14T15:34:03.778294+00:00,230.500140,53506,41,0202aac00902d102005a5811460e29efbf1ffffffc2246cd1e00000fc0007ebfe9ed0737feebfff600,1,TX 41 seq=20852 rx_latency=1ms tx_dur=1ms,21.122,
2732,10,2307,2864711939,2026-07-14T15:34:03.878298+00:00,230.600143,53606,41,0202aac00903d166005a5811460e29efbf1ffffffc2246cd1e00000fc0007ebfe9ed0737feebfff600,1,TX 41 seq=20853 rx_latency=1ms tx_dur=1ms,23.288,
2732,10,2308,2864711940,2026-07-14T15:34:03.978290+00:00,230.700127,53706,41,0202aac00904d1ca005a5811460e29efbf1ffffffc2246cd1e00000fc0007ebfe9ed0737feebfff600,1,TX 41 seq=20854 rx_latency=1ms tx_dur=1ms,14.869,
2732,10,2309,2864711941,2026-07-14T15:34:04.078296+00:00,230.800139,53806,41,0202aac00905d22e005a5811460e29efbf1ffffffc2246cd1e00000fc0007ebfe9ed0737feebfff600,1,TX 41 seq=20855 rx_latency=1ms tx_dur=1ms,17.685,
2732,10,2310,2864711942,2026-07-14T15:34:04.178290+00:00,230.900132,53906,41,0202aac00906d292005a5811460e29efbf1ffffffc2246cd1e00000fc0007ebfe9ed0737feebfff600,1,TX 41 seq=20856 rx_latency=1ms tx_dur=1ms,19.390,
2732,10,2311,2864711943,2026-07-14T15:34:04.278255+00:00,231.000110,54006,41,0202aac00907d2f6005a5811460e29efbf1ffffffc2246cd1e00000fc0007ebfe9ed0737feebfff600,1,TX 41 seq=20857 rx_latency=1ms tx_dur=1ms,21.194,
2732,10,2312,2864711944,2026-07-14T15:34:04.378293+00:00,231.100142,54106,41,0202aac00908d35a005a5811460e29efbf1ffffffc2246cd1e00000fc0007ebfe9ed0737feebfff600,1,TX 41 seq=20858 rx_latency=1ms tx_dur=1ms,23.677,
2732,10,2313,2864711945,2026-07-14T15:34:04.478297+00:00,231.200141,54206,41,0202aac00909d3be005a5811460e29efbf1ffffffc2246cd1e00000fc0007ebfe9ed0737feebfff600,1,TX 41 seq=20859 rx_latency=1ms tx_dur=1ms,15.519,
2732,10,2314,2864711946,2026-07-14T15:34:04.578291+00:00,231.300129,54306,41,0202aac0090ad422005a5811460e29efbf1ffffffc2246cd1e00000fc0007ebfe9ed0737feebfff600,1,TX 41 seq=20860 rx_latency=1ms tx_dur=1ms,17.270,
2732,10,2315,2864711947,2026-07-14T15:34:04.678257+00:00,231.400118,54406,41,0202aac0090bd486005a5811460e29efbf1ffffffc2246cd1e00000fc0007ebfe9ed0737feebfff600,1,TX 41 seq=20861 rx_latency=1ms tx_dur=1ms,18.945,
2732,10,2316,2864711948,2026-07-14T15:34:04.778293+00:00,231.500138,54506,41,0202aac0090cd4ea005a5811460e29efbf1ffffffc2246cd1e00000fc0007ebfe9ed0737feebfff600,1,TX 41 seq=20862 rx_latency=1ms tx_dur=1ms,21.557,
2732,10,2317,2864711949,2026-07-14T15:34:04.878299+00:00,231.600146,54606,41,0202aac0090dd54e005a5811460e29efbf1ffffffc2246cd1e00000fc0007ebfe9ed0737feebfff600,1,TX 41 seq=20863 rx_latency=1ms tx_dur=1ms,23.316,
2732,10,2318,2864711950,2026-07-14T15:34:04.978290+00:00,231.700128,54706,41,0202aac0090ed5b2005a5811460e29efbf1ffffffc2246cd1e00000fc0007ebfe9ed0737feebfff600,1,TX 41 seq=20864 rx_latency=1ms tx_dur=1ms,15.112,
2732,10,2319,2864711951,2026-07-14T15:34:05.078269+00:00,231.800112,54806,41,0202aac0090fd616005a5811460e29efbf1ffffffc2246cd1e00000fc0007ebfe9ed0737feebfff600,1,TX 41 seq=20865 rx_latency=1ms tx_dur=1ms,16.843,
2732,10,2320,2864711952,2026-07-14T15:34:05.178293+00:00,231.900137,54906,41,0202aac00910d67a005a5811460e29efbf1ffffffc2246cd1e00000fc0007ebfe9ed0737feebfff600,1,TX 41 seq=20866 rx_latency=1ms tx_dur=1ms,19.410,
2732,10,2321,2864711953,2026-07-14T15:34:05.278297+00:00,232.000141,55006,41,0202aac00911d6de005a5811460e29efbf1ffffffc2246cd1e00000fc0007ebfe9ed0737feebfff600,1,TX 41 seq=20867 rx_latency=1ms tx_dur=1ms,21.195,
2732,10,2322,2864711954,2026-07-14T15:34:05.378290+00:00,232.100129,55106,41,0202aac00912d742005a5811460e29efbf1ffffffc2246cd1e00000fc0007ebfe9ed0737feebfff600,1,TX 41 seq=20868 rx_latency=1ms tx_dur=1ms,22.863,
2732,10,2323,2864711955,2026-07-14T15:34:05.478306+00:00,232.200169,55206,41,0202aac00913d7a6005a5811460e29efbf1ffffffc2246cd1e00000fc0007ebfe9ed0737feebfff600,1,TX 41 seq=20869 rx_latency=1ms tx_dur=1ms,14.591,
2732,10,2324,2864711956,2026-07-14T15:34:05.578292+00:00,232.300134,55306,41,0202aac00914d80a005a5811460e29efbf1ffffffc2246cd1e00000fc0007ebfe9ed0737feebfff600,1,TX 41 seq=20870 rx_latency=1ms tx_dur=1ms,16.733,
2732,10,2325,2864711957,2026-07-14T15:34:05.678298+00:00,232.400147,55406,41,0202aac00915d86e005a5811460e29efbf1ffffffc2246cd1e00000fc0007ebfe9ed0737feebfff600,1,TX 41 seq=20871 rx_latency=1ms tx_dur=1ms,19.157,
2732,10,2326,2864711958,2026-07-14T15:34:05.778290+00:00,232.500130,55506,41,0202aac00916d8d2005a5811460e29efbf1ffffffc2246cd1e00000fc0007ebfe9ed0737feebfff600,1,TX 41 seq=20872 rx_latency=1ms tx_dur=1ms,21.304,
2732,10,2327,2864711959,2026-07-14T15:34:05.878297+00:00,232.600140,55606,41,0202aac00917d936005a5811460e29efbf1ffffffc2246cd1e00000fc0007ebfe9ed0737feebfff600,1,TX 41 seq=20873 rx_latency=1ms tx_dur=1ms,23.377,
2732,10,2328,2864711960,2026-07-14T15:34:05.978292+00:00,232.700134,55706,41,0202aac00918d99a005a5811460e29efbf1ffffffc2246cd1e00000fc0007ebfe9ed0737feebfff600,1,TX 41 seq=20874 rx_latency=1ms tx_dur=1ms,15.580,
2732,10,2329,2864711961,2026-07-14T15:34:06.078296+00:00,232.800139,55806,41,0202aac00919d9fe005a5811460e29efbf1ffffffc2246cd1e00000fc0007ebfe9ed0737feebfff600,1,TX 41 seq=20875 rx_latency=1ms tx_dur=1ms,17.088,
2732,10,2330,2864711962,2026-07-14T15:34:06.178258+00:00,232.900100,55906,41,0202aac0091ada62005a5811460e29efbf1ffffffc2246cd1e00000fc0007ebfe9ed0737feebfff600,1,TX 41 seq=20876 rx_latency=1ms tx_dur=1ms,18.857,
2732,10,2331,2864711963,2026-07-14T15:34:06.278296+00:00,233.000138,56006,41,0202aac0091bdac6005a5811460e29efbf1ffffffc2246cd1e00000fc0007ebfe9ed0737feebfff600,1,TX 41 seq=20877 rx_latency=1ms tx_dur=1ms,21.688,
2732,10,2332,2864711964,2026-07-14T15:34:06.378291+00:00,233.100129,56106,41,0202aac0091cdb2a005a5811460e29efbf1ffffffc2246cd1e00000fc0007ebfe9ed0737feebfff600,1,TX 41 seq=20878 rx_latency=1ms tx_dur=1ms,23.334,
2732,10,2333,2864711965,2026-07-14T15:34:06.478305+00:00,233.200161,56206,41,0202aac0091ddb8e005a5811460e29efbf1ffffffc2246cd1e00000fc0007ebfe9ed0737feebfff600,1,TX 41 seq=20879 rx_latency=1ms tx_dur=1ms,14.872,
2732,10,2334,2864711966,2026-07-14T15:34:06.578290+00:00,233.300131,56306,41,0202aac0091edbf2005a5811460e29efbf1ffffffc2246cd1e00000fc0007ebfe9ed0737feebfff600,1,TX 41 seq=20880 rx_latency=1ms tx_dur=1ms,17.766,
2732,10,2335,2864711967,2026-07-14T15:34:06.678298+00:00,233.400142,56406,41,0202aac0091fdc56005a5811460e29efbf1ffffffc2246cd1e00000fc0007ebfe9ed0737feebfff600,1,TX 41 seq=20881 rx_latency=1ms tx_dur=1ms,19.481,
2732,10,2336,2864711968,2026-07-14T15:34:06.778243+00:00,233.500083,56506,41,0202aac00920dcba005a5811460e29efbf1ffffffc2246cd1e00000fc0007ebfe9ed0737feebfff600,1,TX 41 seq=20882 rx_latency=1ms tx_dur=1ms,21.259,
2732,10,2337,2864711969,2026-07-14T15:34:06.878302+00:00,233.600156,56606,41,0202aac00921dd1e005a5811460e29efbf1ffffffc2246cd1e00000fc0007ebfe9ed0737feebfff600,1,TX 41 seq=20883 rx_latency=1ms tx_dur=1ms,22.704,
2732,10,2338,2864711970,2026-07-14T15:34:06.978294+00:00,233.700138,56706,41,0202aac00922dd82005a5811460e29efbf1ffffffc2246cd1e00000fc0007ebfe9ed0737feebfff600,1,TX 41 seq=20884 rx_latency=1ms tx_dur=1ms,15.599,
2732,10,2339,2864711971,2026-07-14T15:34:07.078302+00:00,233.800149,56806,41,0202aac00923dde6005a5811460e29efbf1ffffffc2246cd1e00000fc0007ebfe9ed0737feebfff600,1,TX 41 seq=20885 rx_latency=1ms tx_dur=1ms,17.362,
2732,10,2340,2864711972,2026-07-14T15:34:07.178305+00:00,233.900169,56906,41,0202aac00924de4a005a5811460e29efbf1ffffffc2246cd1e00000fc0007ebfe9ed0737feebfff600,1,TX 41 seq=20886 rx_latency=1ms tx_dur=1ms,18.951,
2732,10,2341,2864711973,2026-07-14T15:34:07.278292+00:00,234.000136,57006,41,0202aac00925deae005a5811460e29efbf1ffffffc2246cd1e00000fc0007ebfe9ed0737feebfff600,1,TX 41 seq=20887 rx_latency=1ms tx_dur=1ms,21.083,
2732,10,2342,2864711974,2026-07-14T15:34:07.378296+00:00,234.100144,57106,41,0202aac00926df12005a5811460e29efbf1ffffffc2246cd1e00000fc0007ebfe9ed0737feebfff600,1,TX 41 seq=20888 rx_latency=1ms tx_dur=1ms,23.582,
2732,10,2343,2864711975,2026-07-14T15:34:07.478291+00:00,234.200129,57206,41,0202aac00927df76005a5811460e29efbf1ffffffc2246cd1e00000fc0007ebfe9ed0737feebfff600,1,TX 41 seq=20889 rx_latency=1ms tx_dur=1ms,14.753,
2732,10,2344,2864711976,2026-07-14T15:34:07.578297+00:00,234.300147,57306,41,0202aac00928dfda005a5811460e29efbf1ffffffc2246cd1e00000fc0007ebfe9ed0737feebfff600,1,TX 41 seq=20890 rx_latency=1ms tx_dur=1ms,16.679,
2732,10,2345,2864711977,2026-07-14T15:34:07.678317+00:00,234.400191,57406,41,0202aac00929e03e005a5811460e29efbf1ffffffc2246cd1e00000fc0007ebfe9ed0737feebfff600,1,TX 41 seq=20891 rx_latency=1ms tx_dur=1ms,18.574,
2732,10,2346,2864711978,2026-07-14T15:34:07.778298+00:00,234.500152,57506,41,0202aac0092ae0a2005a5811460e29efbf1ffffffc2246cd1e00000fc0007ebfe9ed0737feebfff600,1,TX 41 seq=20892 rx_latency=1ms tx_dur=1ms,21.408,
2732,10,2347,2864711979,2026-07-14T15:34:07.878300+00:00,234.600152,57606,41,0202aac0092be106005a5811460e29efbf1ffffffc2246cd1e00000fc0007ebfe9ed0737feebfff600,1,TX 41 seq=20893 rx_latency=1ms tx_dur=1ms,23.181,
2732,10,2348,2864711980,2026-07-14T15:34:07.978291+00:00,234.700132,57706,41,0202aac0092ce16a005a5811460e29efbf1ffffffc2246cd1e00000fc0007ebfe9ed0737feebfff600,1,TX 41 seq=20894 rx_latency=1ms tx_dur=1ms,15.017,
2732,10,2349,2864711981,2026-07-14T15:34:08.078297+00:00,234.800144,57806,41,0202aac0092de1ce005a5811460e29efbf1ffffffc2246cd1e00000fc0007ebfe9ed0737feebfff600,1,TX 41 seq=20895 rx_latency=1ms tx_dur=1ms,16.691,
2732,10,2350,2864711982,2026-07-14T15:34:08.178289+00:00,234.900129,57906,41,0202aac0092ee232005a5811460e29efbf1ffffffc2246cd1e00000fc0007ebfe9ed0737feebfff600,1,TX 41 seq=20896 rx_latency=1ms tx_dur=1ms,19.374,
2732,10,2351,2864711983,2026-07-14T15:34:08.278300+00:00,235.000149,58006,41,0202aac0092fe296005a5811460e29efbf1ffffffc2246cd1e00000fc0007ebfe9ed0737feebfff600,1,TX 41 seq=20897 rx_latency=1ms tx_dur=1ms,21.033,
2732,10,2352,2864711984,2026-07-14T15:34:08.378290+00:00,235.100128,58106,41,0202aac00930e2fa005a5811460e29efbf1ffffffc2246cd1e00000fc0007ebfe9ed0737feebfff600,1,TX 41 seq=20898 rx_latency=1ms tx_dur=1ms,22.748,
2732,10,2353,2864711985,2026-07-14T15:34:08.478251+00:00,235.200094,58206,41,0202aac00931e35e005a5811460e29efbf1ffffffc2246cd1e00000fc0007ebfe9ed0737feebfff600,1,TX 41 seq=20899 rx_latency=1ms tx_dur=1ms,15.731,
2732,10,2354,2864711986,2026-07-14T15:34:08.578291+00:00,235.300133,58306,41,0202aac00932e3c2005a5811460e29efbf1ffffffc2246cd1e00000fc0007ebfe9ed0737feebfff600,1,TX 41 seq=20900 rx_latency=1ms tx_dur=1ms,17.771,
2732,10,2355,2864711987,2026-07-14T15:34:08.678296+00:00,235.400141,58406,41,0202aac00933e426005a5811460e29efbf1ffffffc2246cd1e00000fc0007ebfe9ed0737feebfff600,1,TX 41 seq=20901 rx_latency=1ms tx_dur=1ms,19.099,
2732,10,2356,2864711988,2026-07-14T15:34:08.778302+00:00,235.500160,58506,41,0202aac00934e48a005a5811460e29efbf1ffffffc2246cd1e00000fc0007ebfe9ed0737feebfff600,1,TX 41 seq=20902 rx_latency=1ms tx_dur=1ms,21.151,
2732,10,2357,2864711989,2026-07-14T15:34:08.878299+00:00,235.600149,58606,41,0202aac00935e4ee005a5811460e29efbf1ffffffc2246cd1e00000fc0007ebfe9ed0737feebfff600,1,TX 41 seq=20903 rx_latency=1ms tx_dur=1ms,22.742,
2732,10,2358,2864711990,2026-07-14T15:34:08.978290+00:00,235.700128,58706,41,0202aac00936e552005a5811460e29efbf1ffffffc2246cd1e00000fc0007ebfe9ed0737feebfff600,1,TX 41 seq=20904 rx_latency=1ms tx_dur=1ms,15.631,
2732,10,2359,2864711991,2026-07-14T15:34:09.078297+00:00,235.800142,58806,41,0202aac00937e5b6005a5811460e29efbf1ffffffc2246cd1e00000fc0007ebfe9ed0737feebfff600,1,TX 41 seq=20905 rx_latency=1ms tx_dur=1ms,17.339,
2732,10,2360,2864711992,2026-07-14T15:34:09.178290+00:00,235.900128,58906,41,0202aac00938e61a005a5811460e29efbf1ffffffc2246cd1e00000fc0007ebfe9ed0737feebfff600,1,TX 41 seq=20906 rx_latency=1ms tx_dur=1ms,19.066,
2732,10,2361,2864711993,2026-07-14T15:34:09.278300+00:00,236.000148,59006,41,0202aac00939e67e005a5811460e29efbf1ffffffc2246cd1e00000fc0007ebfe9ed0737feebfff600,1,TX 41 seq=20907 rx_latency=1ms tx_dur=1ms,21.221,
2732,10,2362,2864711994,2026-07-14T15:34:09.378290+00:00,236.100129,59106,41,0202aac0093ae6e2005a5811460e29efbf1ffffffc2246cd1e00000fc0007ebfe9ed0737feebfff600,1,TX 41 seq=20908 rx_latency=1ms tx_dur=1ms,23.351,
2732,10,2363,2864711995,2026-07-14T15:34:09.478296+00:00,236.200138,59206,41,0202aac0093be746005a5811460e29efbf1ffffffc2246cd1e00000fc0007ebfe9ed0737feebfff600,1,TX 41 seq=20909 rx_latency=1ms tx_dur=1ms,14.954,
2732,10,2364,2864711996,2026-07-14T15:34:09.578289+00:00,236.300128,59306,41,0202aac0093ce7aa005a5811460e29efbf1ffffffc2246cd1e00000fc0007ebfe9ed0737feebfff600,1,TX 41 seq=20910 rx_latency=1ms tx_dur=1ms,17.825,
2732,10,2365,2864711997,2026-07-14T15:34:09.678297+00:00,236.400141,59406,41,0202aac0093de80e005a5811460e29efbf1ffffffc2246cd1e00000fc0007ebfe9ed0737feebfff600,1,TX 41 seq=20911 rx_latency=1ms tx_dur=1ms,19.503,
2732,10,2366,2864711998,2026-07-14T15:34:09.778293+00:00,236.500138,59506,41,0202aac0093ee872005a5811460e29efbf1ffffffc2246cd1e00000fc0007ebfe9ed0737feebfff600,1,TX 41 seq=20912 rx_latency=1ms tx_dur=1ms,21.228,
2732,10,2367,2864711999,2026-07-14T15:34:09.878300+00:00,236.600154,59606,41,0202aac0093fe8d6005a5811460e29efbf1ffffffc2246cd1e00000fc0007ebfe9ed0737feebfff600,1,TX 41 seq=20913 rx_latency=1ms tx_dur=1ms,22.669,
2732,10,2368,2864712000,2026-07-14T15:34:09.978299+00:00,236.700146,59706,41,0202aac00940e93a005a5811460e29efbf1ffffffc2246cd1e00000fc0007ebfe9ed0737feebfff600,1,TX 41 seq=20914 rx_latency=1ms tx_dur=1ms,15.607,
2732,10,2369,2864712001,2026-07-14T15:34:10.078290+00:00,236.800129,59806,41,0202aac00941e99e005a5811460e29efbf1ffffffc2246cd1e00000fc0007ebfe9ed0737feebfff600,1,TX 41 seq=20915 rx_latency=1ms tx_dur=1ms,17.367,
2732,10,2370,2864712002,2026-07-14T15:34:10.178258+00:00,236.900101,59906,41,0202aac00942ea02005a5811460e29efbf1ffffffc2246cd1e00000fc0007ebfe9ed0737feebfff600,1,TX 41 seq=20916 rx_latency=1ms tx_dur=1ms,19.124,
2732,10,2371,2864712003,2026-07-14T15:34:10.278288+00:00,237.000127,60006,41,0202aac00943ea66005a5811460e29efbf1ffffffc2246cd1e00000fc0007ebfe9ed0737feebfff600,1,TX 41 seq=20917 rx_latency=1ms tx_dur=1ms,21.133,
2732,10,2372,2864712004,2026-07-14T15:34:10.378300+00:00,237.100146,60106,41,0202aac00944eaca005a5811460e29efbf1ffffffc2246cd1e00000fc0007ebfe9ed0737feebfff600,1,TX 41 seq=20918 rx_latency=1ms tx_dur=1ms,23.591,
2732,10,2373,2864712005,2026-07-14T15:34:10.478289+00:00,237.200127,60206,41,0202aac00945eb2e005a5811460e29efbf1ffffffc2246cd1e00000fc0007ebfe9ed0737feebfff600,1,TX 41 seq=20919 rx_latency=1ms tx_dur=1ms,15.832,
2732,10,2374,2864712006,2026-07-14T15:34:10.578311+00:00,237.300175,60306,41,0202aac00946eb92005a5811460e29efbf1ffffffc2246cd1e00000fc0007ebfe9ed0737feebfff600,1,TX 41 seq=20920 rx_latency=1ms tx_dur=1ms,17.231,
2732,10,2375,2864712007,2026-07-14T15:34:10.678294+00:00,237.400141,60406,41,0202aac00947ebf6005a5811460e29efbf1ffffffc2246cd1e00000fc0007ebfe9ed0737feebfff600,1,TX 41 seq=20921 rx_latency=1ms tx_dur=1ms,18.999,
2732,10,2376,2864712008,2026-07-14T15:34:10.778299+00:00,237.500145,60506,41,0202aac00948ec5a005a5811460e29efbf1ffffffc2246cd1e00000fc0007ebfe9ed0737feebfff600,1,TX 41 seq=20922 rx_latency=1ms tx_dur=1ms,20.748,
2732,10,2377,2864712009,2026-07-14T15:34:10.878293+00:00,237.600136,60606,41,0202aac00949ecbe005a5811460e29efbf1ffffffc2246cd1e00000fc0007ebfe9ed0737feebfff600,1,TX 41 seq=20923 rx_latency=1ms tx_dur=1ms,23.542,
2732,10,2378,2864712010,2026-07-14T15:34:10.978308+00:00,237.700169,60706,41,0202aac0094aed22005a5811460e29efbf1ffffffc2246cd1e00000fc0007ebfe9ed0737feebfff600,1,TX 41 seq=20924 rx_latency=1ms tx_dur=1ms,15.620,
2732,10,2379,2864712011,2026-07-14T15:34:11.078295+00:00,237.800141,60806,41,0202aac0094bed86005a5811460e29efbf1ffffffc2246cd1e00000fc0007ebfe9ed0737feebfff600,1,TX 41 seq=20925 rx_latency=1ms tx_dur=1ms,16.705,
2732,10,2380,2864712012,2026-07-14T15:34:11.178297+00:00,237.900142,60906,41,0202aac0094cedea005a5811460e29efbf1ffffffc2246cd1e00000fc0007ebfe9ed0737feebfff600,1,TX 41 seq=20926 rx_latency=1ms tx_dur=1ms,19.342,
2732,10,2381,2864712013,2026-07-14T15:34:11.278250+00:00,238.000089,61006,41,0202aac0094dee4e005a5811460e29efbf1ffffffc2246cd1e00000fc0007ebfe9ed0737feebfff600,1,TX 41 seq=20927 rx_latency=1ms tx_dur=1ms,21.095,
2732,10,2382,2864712014,2026-07-14T15:34:11.378298+00:00,238.100141,61106,41,0202aac0094eeeb2005a5811460e29efbf1ffffffc2246cd1e00000fc0007ebfe9ed0737feebfff600,1,TX 41 seq=20928 rx_latency=1ms tx_dur=1ms,22.817,
2732,10,2383,2864712015,2026-07-14T15:34:11.478291+00:00,238.200134,61206,41,0202aac0094fef16005a5811460e29efbf1ffffffc2246cd1e00000fc0007ebfe9ed0737feebfff600,1,TX 41 seq=20929 rx_latency=1ms tx_dur=1ms,15.690,
2732,10,2384,2864712016,2026-07-14T15:34:11.578297+00:00,238.300141,61306,41,0202aac00950ef7a005a5811460e29efbf1ffffffc2246cd1e00000fc0007ebfe9ed0737feebfff600,1,TX 41 seq=20930 rx_latency=1ms tx_dur=1ms,17.224,
2732,10,2385,2864712017,2026-07-14T15:34:11.678269+00:00,238.400112,61406,41,0202aac00951efde005a5811460e29efbf1ffffffc2246cd1e00000fc0007ebfe9ed0737feebfff600,1,TX 41 seq=20931 rx_latency=1ms tx_dur=1ms,18.928,
2732,10,2386,2864712018,2026-07-14T15:34:11.778297+00:00,238.500142,61506,41,0202aac00952f042005a5811460e29efbf1ffffffc2246cd1e00000fc0007ebfe9ed0737feebfff600,1,TX 41 seq=20932 rx_latency=1ms tx_dur=1ms,21.791,
2732,10,2387,2864712019,2026-07-14T15:34:11.878291+00:00,238.600132,61606,41,0202aac00953f0a6005a5811460e29efbf1ffffffc2246cd1e00000fc0007ebfe9ed0737feebfff600,1,TX 41 seq=20933 rx_latency=1ms tx_dur=1ms,23.425,
2732,10,2388,2864712020,2026-07-14T15:34:11.978299+00:00,238.700150,61706,41,0202aac00954f10a005a5811460e29efbf1ffffffc2246cd1e00000fc0007ebfe9ed0737feebfff600,1,TX 41 seq=20934 rx_latency=1ms tx_dur=1ms,15.315,
2732,10,2389,2864712021,2026-07-14T15:34:12.078296+00:00,238.800144,61806,41,0202aac00955f16e005a5811460e29efbf1ffffffc2246cd1e00000fc0007ebfe9ed0737feebfff600,1,TX 41 seq=20935 rx_latency=1ms tx_dur=1ms,16.735,
2732,10,2390,2864712022,2026-07-14T15:34:12.178298+00:00,238.900143,61906,41,0202aac00956f1d2005a5811460e29efbf1ffffffc2246cd1e00000fc0007ebfe9ed0737feebfff600,1,TX 41 seq=20936 rx_latency=1ms tx_dur=1ms,19.597,
2732,10,2391,2864712023,2026-07-14T15:34:12.278290+00:00,239.000129,62006,41,0202aac00957f236005a5811460e29efbf1ffffffc2246cd1e00000fc0007ebfe9ed0737feebfff600,1,TX 41 seq=20937 rx_latency=1ms tx_dur=1ms,21.326,
2732,10,2392,2864712024,2026-07-14T15:34:12.378297+00:00,239.100143,62106,41,0202aac00958f29a005a5811460e29efbf1ffffffc2246cd1e00000fc0007ebfe9ed0737feebfff600,1,TX 41 seq=20938 rx_latency=1ms tx_dur=1ms,23.364,
2732,10,2393,2864712025,2026-07-14T15:34:12.478290+00:00,239.200128,62206,41,0202aac00959f2fe005a5811460e29efbf1ffffffc2246cd1e00000fc0007ebfe9ed0737feebfff600,1,TX 41 seq=20939 rx_latency=1ms tx_dur=1ms,15.580,
2732,10,2394,2864712026,2026-07-14T15:34:12.578297+00:00,239.300142,62306,41,0202aac0095af362005a5811460e29efbf1ffffffc2246cd1e00000fc0007ebfe9ed0737feebfff600,1,TX 41 seq=20940 rx_latency=1ms tx_dur=1ms,17.082,
2732,10,2395,2864712027,2026-07-14T15:34:12.678222+00:00,239.400061,62406,41,0202aac0095bf3c6005a5811460e29efbf1ffffffc2246cd1e00000fc0007ebfe9ed0737feebfff600,1,TX 41 seq=20941 rx_latency=1ms tx_dur=1ms,18.873,
2732,10,2396,2864712028,2026-07-14T15:34:12.778298+00:00,239.500140,62506,41,0202aac0095cf42a005a5811460e29efbf1ffffffc2246cd1e00000fc0007ebfe9ed0737feebfff600,1,TX 41 seq=20942 rx_latency=1ms tx_dur=1ms,21.677,
2732,10,2397,2864712029,2026-07-14T15:34:12.878291+00:00,239.600131,62606,41,0202aac0095df48e005a5811460e29efbf1ffffffc2246cd1e00000fc0007ebfe9ed0737feebfff600,1,TX 41 seq=20943 rx_latency=1ms tx_dur=1ms,23.315,
2732,10,2398,2864712030,2026-07-14T15:34:12.978299+00:00,239.700143,62706,41,0202aac0095ef4f2005a5811460e29efbf1ffffffc2246cd1e00000fc0007ebfe9ed0737feebfff600,1,TX 41 seq=20944 rx_latency=1ms tx_dur=1ms,14.908,
2732,10,2399,2864712031,2026-07-14T15:34:13.078275+00:00,239.800116,62806,41,0202aac0095ff556005a5811460e29efbf1ffffffc2246cd1e00000fc0007ebfe9ed0737feebfff600,1,TX 41 seq=20945 rx_latency=1ms tx_dur=1ms,17.810,
2732,10,2400,2864712032,2026-07-14T15:34:13.178289+00:00,239.900126,62906,41,0202aac00960f5ba005a5811460e29efbf1ffffffc2246cd1e00000fc0007ebfe9ed0737feebfff600,1,TX 41 seq=20946 rx_latency=1ms tx_dur=1ms,19.506,
2732,10,2401,2864712033,2026-07-14T15:34:13.278303+00:00,240.000167,63006,41,0202aac00961f61e005a5811460e29efbf1ffffffc2246cd1e00000fc0007ebfe9ed0737feebfff600,1,TX 41 seq=20947 rx_latency=1ms tx_dur=1ms,21.115,
2732,10,2402,2864712034,2026-07-14T15:34:13.378300+00:00,240.100150,63106,41,0202aac00962f682005a5811460e29efbf1ffffffc2246cd1e00000fc0007ebfe9ed0737feebfff600,1,TX 41 seq=20948 rx_latency=1ms tx_dur=1ms,22.690,
2732,10,2403,2864712035,2026-07-14T15:34:13.478291+00:00,240.200130,63206,41,0202aac00963f6e6005a5811460e29efbf1ffffffc2246cd1e00000fc0007ebfe9ed0737feebfff600,1,TX 41 seq=20949 rx_latency=1ms tx_dur=1ms,15.604,
2732,10,2404,2864712036,2026-07-14T15:34:13.578297+00:00,240.300141,63306,41,0202aac00964f74a005a5811460e29efbf1ffffffc2246cd1e00000fc0007ebfe9ed0737feebfff600,1,TX 41 seq=20950 rx_latency=1ms tx_dur=1ms,17.299,
2732,10,2405,2864712037,2026-07-14T15:34:13.678306+00:00,240.400169,63406,41,0202aac00965f7ae005a5811460e29efbf1ffffffc2246cd1e00000fc0007ebfe9ed0737feebfff600,1,TX 41 seq=20951 rx_latency=1ms tx_dur=1ms,18.959,
2732,10,2406,2864712038,2026-07-14T15:34:13.778295+00:00,240.500141,63506,41,0202aac00966f812005a5811460e29efbf1ffffffc2246cd1e00000fc0007ebfe9ed0737feebfff600,1,TX 41 seq=20952 rx_latency=1ms tx_dur=1ms,21.219,
2732,10,2407,2864712039,2026-07-14T15:34:13.878302+00:00,240.600153,63606,41,0202aac00967f876005a5811460e29efbf1ffffffc2246cd1e00000fc0007ebfe9ed0737feebfff600,1,TX 41 seq=20953 rx_latency=1ms tx_dur=1ms,23.334,
2732,10,2408,2864712040,2026-07-14T15:34:13.978290+00:00,240.700130,63706,41,0202aac00968f8da005a5811460e29efbf1ffffffc2246cd1e00000fc0007ebfe9ed0737feebfff600,1,TX 41 seq=20954 rx_latency=1ms tx_dur=1ms,14.938,
2732,10,2409,2864712041,2026-07-14T15:34:14.078296+00:00,240.800139,63806,41,0202aac00969f93e005a5811460e29efbf1ffffffc2246cd1e00000fc0007ebfe9ed0737feebfff600,1,TX 41 seq=20955 rx_latency=1ms tx_dur=1ms,17.751,
2732,10,2410,2864712042,2026-07-14T15:34:14.178296+00:00,240.900137,63906,41,0202aac0096af9a2005a5811460e29efbf1ffffffc2246cd1e00000fc0007ebfe9ed0737feebfff600,1,TX 41 seq=20956 rx_latency=1ms tx_dur=1ms,19.482,
2732,10,2411,2864712043,2026-07-14T15:34:14.278303+00:00,241.000160,64006,41,0202aac0096bfa06005a5811460e29efbf1ffffffc2246cd1e00000fc0007ebfe9ed0737feebfff600,1,TX 41 seq=20957 rx_latency=1ms tx_dur=1ms,21.134,
2732,10,2412,2864712044,2026-07-14T15:34:14.378299+00:00,241.100149,64106,41,0202aac0096cfa6a005a5811460e29efbf1ffffffc2246cd1e00000fc0007ebfe9ed0737feebfff600,1,TX 41 seq=20958 rx_latency=1ms tx_dur=1ms,22.741,
2732,10,2413,2864712045,2026-07-14T15:34:14.478292+00:00,241.200131,64206,41,0202aac0096dface005a5811460e29efbf1ffffffc2246cd1e00000fc0007ebfe9ed0737feebfff600,1,TX 41 seq=20959 rx_latency=1ms tx_dur=1ms,15.601,
2732,10,2414,2864712046,2026-07-14T15:34:14.578297+00:00,241.300142,64306,41,0202aac0096efb32005a5811460e29efbf1ffffffc2246cd1e00000fc0007ebfe9ed0737feebfff600,1,TX 41 seq=20960 rx_latency=1ms tx_dur=1ms,17.322,
2732,10,2415,2864712047,2026-07-14T15:34:14.678297+00:00,241.400141,64406,41,0202aac0096ffb96005a5811460e29efbf1ffffffc2246cd1e00000fc0007ebfe9ed0737feebfff600,1,TX 41 seq=20961 rx_latency=1ms tx_dur=1ms,19.041,
2732,10,2416,2864712048,2026-07-14T15:34:14.778298+00:00,241.500143,64506,41,0202aac00970fbfa005a5811460e29efbf1ffffffc2246cd1e00000fc0007ebfe9ed0737feebfff600,1,TX 41 seq=20962 rx_latency=1ms tx_dur=1ms,21.232,
2732,10,2417,2864712049,2026-07-14T15:34:14.878299+00:00,241.600148,64606,41,0202aac00971fc5e005a5811460e29efbf1ffffffc2246cd1e00000fc0007ebfe9ed0737feebfff600,1,TX 41 seq=20963 rx_latency=1ms tx_dur=1ms,23.343,
2732,10,2418,2864712050,2026-07-14T15:34:14.978292+00:00,241.700132,64706,41,0202aac00972fcc2005a5811460e29efbf1ffffffc2246cd1e00000fc0007ebfe9ed0737feebfff600,1,TX 41 seq=20964 rx_latency=1ms tx_dur=1ms,15.495,
2732,10,2419,2864712051,2026-07-14T15:34:15.078297+00:00,241.800139,64806,41,0202aac00973fd26005a5811460e29efbf1ffffffc2246cd1e00000fc0007ebfe9ed0737feebfff600,1,TX 41 seq=20965 rx_latency=1ms tx_dur=1ms,16.833,
2732,10,2420,2864712052,2026-07-14T15:34:15.178296+00:00,241.900138,64906,41,0202aac00974fd8a005a5811460e29efbf1ffffffc2246cd1e00000fc0007ebfe9ed0737feebfff600,1,TX 41 seq=20966 rx_latency=1ms tx_dur=1ms,18.997,
2732,10,2421,2864712053,2026-07-14T15:34:15.278297+00:00,242.000148,65006,41,0202aac00975fdee005a5811460e29efbf1ffffffc2246cd1e00000fc0007ebfe9ed0737feebfff600,1,TX 41 seq=20967 rx_latency=1ms tx_dur=1ms,21.591,
2732,10,2422,2864712054,2026-07-14T15:34:15.378298+00:00,242.100145,65106,41,0202aac00976fe52005a5811460e29efbf1ffffffc2246cd1e00000fc0007ebfe9ed0737feebfff600,1,TX 41 seq=20968 rx_latency=1ms tx_dur=1ms,23.320,
2732,10,2423,2864712055,2026-07-14T15:34:15.478296+00:00,242.200138,65206,41,0202aac00977feb6005a5811460e29efbf1ffffffc2246cd1e00000fc0007ebfe9ed0737feebfff600,1,TX 41 seq=20969 rx_latency=1ms tx_dur=1ms,15.099,
2732,10,2424,2864712056,2026-07-14T15:34:15.578296+00:00,242.300138,65306,41,0202aac00978ff1a005a5811460e29efbf1ffffffc2246cd1e00000fc0007ebfe9ed0737feebfff600,1,TX 41 seq=20970 rx_latency=1ms tx_dur=1ms,16.831,
2732,10,2425,2864712057,2026-07-14T15:34:15.678299+00:00,242.400146,65406,41,0202aac00979ff7e005a5811460e29efbf1ffffffc2246cd1e00000fc0007ebfe9ed0737feebfff600,1,TX 41 seq=20971 rx_latency=1ms tx_dur=1ms,19.435,
2732,10,2426,2864712058,2026-07-14T15:34:15.778297+00:00,242.500142,65506,41,0202aac0097affe2005a5811460e29efbf1ffffffc2246cd1e00000fc0007ebfe9ed0737feebfff600,1,TX 41 seq=20972 rx_latency=1ms tx_dur=1ms,21.209,
2732,10,2427,2864712059,2026-07-14T15:34:15.878297+00:00,242.600140,70,41,0202aac0097b0046005a5811460e29efbf1ffffffc2246cd1e00000fc0007ebfe9ed0737feebfff600,1,TX 41 seq=20973 rx_latency=1ms tx_dur=1ms,22.924,
2732,10,2428,2864712060,2026-07-14T15:34:15.978288+00:00,242.700128,170,41,0202aac0097c00aa005a5811460e29efbf1ffffffc2246cd1e00000fc0007ebfe9ed0737feebfff600,1,TX 41 seq=20974 rx_latency=1ms tx_dur=1ms,15.792,
2732,10,2429,2864712061,2026-07-14T15:34:16.078298+00:00,242.800141,270,41,0202aac0097d010e005a5811460e29efbf1ffffffc2246cd1e00000fc0007ebfe9ed0737feebfff600,1,TX 41 seq=20975 rx_latency=1ms tx_dur=1ms,16.803,
2732,10,2430,2864712062,2026-07-14T15:34:16.178303+00:00,242.900158,370,41,0202aac0097e0172005a5811460e29efbf1ffffffc2246cd1e00000fc0007ebfe9ed0737feebfff600,1,TX 41 seq=20976 rx_latency=1ms tx_dur=1ms,18.773,
2732,10,2431,2864712063,2026-07-14T15:34:16.278304+00:00,243.000154,470,41,0202aac0097f01d6005a5811460e29efbf1ffffffc2246cd1e00000fc0007ebfe9ed0737feebfff600,1,TX 41 seq=20977 rx_latency=1ms tx_dur=1ms,21.478,
2732,10,2432,2864712064,2026-07-14T15:34:16.378298+00:00,243.100147,570,41,0202aac00980023a005a5811460e29efbf1ffffffc2246cd1e00000fc0007ebfe9ed0737feebfff600,1,TX 41 seq=20978 rx_latency=1ms tx_dur=1ms,23.138,
2732,10,2433,2864712065,2026-07-14T15:34:16.478302+00:00,243.200147,670,41,0202aac00981029e005a5811460e29efbf1ffffffc2246cd1e00000fc0007ebfe9ed0737feebfff600,1,TX 41 seq=20979 rx_latency=1ms tx_dur=1ms,14.972,
2732,10,2434,2864712066,2026-07-14T15:34:16.578297+00:00,243.300139,770,41,0202aac009820302005a5811460e29efbf1ffffffc2246cd1e00000fc0007ebfe9ed0737feebfff600,1,TX 41 seq=20980 rx_latency=1ms tx_dur=1ms,16.706,
2732,10,2435,2864712067,2026-07-14T15:34:16.678297+00:00,243.400138,870,41,0202aac009830366005a5811460e29efbf1ffffffc2246cd1e00000fc0007ebfe9ed0737feebfff600,1,TX 41 seq=20981 rx_latency=1ms tx_dur=1ms,19.333,
2732,10,2436,2864712068,2026-07-14T15:34:16.778299+00:00,243.500141,970,41,0202aac0098403ca005a5811460e29efbf1ffffffc2246cd1e00000fc0007ebfe9ed0737feebfff600,1,TX 41 seq=20982 rx_latency=1ms tx_dur=1ms,21.061,
2732,10,2437,2864712069,2026-07-14T15:34:16.878299+00:00,243.600144,1070,41,0202aac00985042e005a5811460e29efbf1ffffffc2246cd1e00000fc0007ebfe9ed0737feebfff600,1,TX 41 seq=20983 rx_latency=1ms tx_dur=1ms,22.787,
2732,10,2438,2864712070,2026-07-14T15:34:16.978361+00:00,243.700209,1170,41,0202aac009860492005a5811460e29efbf1ffffffc2246cd1e00000fc0007ebfe9ed0737feebfff600,1,TX 41 seq=20984 rx_latency=1ms tx_dur=1ms,15.525,
2732,10,2439,2864712071,2026-07-14T15:34:17.078299+00:00,243.800136,1270,41,0202aac0098704f6005a5811460e29efbf1ffffffc2246cd1e00000fc0007ebfe9ed0737feebfff600,1,TX 41 seq=20985 rx_latency=1ms tx_dur=1ms,17.786,
2732,10,2440,2864712072,2026-07-14T15:34:17.178305+00:00,243.900148,1370,41,0202aac00988055a005a5811460e29efbf1ffffffc2246cd1e00000fc0007ebfe9ed0737feebfff600,1,TX 41 seq=20986 rx_latency=1ms tx_dur=1ms,19.192,
2732,10,2441,2864712073,2026-07-14T15:34:17.278294+00:00,244.000136,1470,41,0202aac0098905be005a5811460e29efbf1ffffffc2246cd1e00000fc0007ebfe9ed0737feebfff600,1,TX 41 seq=20987 rx_latency=1ms tx_dur=1ms,21.370,
2732,10,2442,2864712074,2026-07-14T15:34:17.378294+00:00,244.100135,1570,41,0202aac0098a0622005a5811460e29efbf1ffffffc2246cd1e00000fc0007ebfe9ed0737feebfff600,1,TX 41 seq=20988 rx_latency=1ms tx_dur=1ms,23.449,
2732,10,2443,2864712075,2026-07-14T15:34:17.478298+00:00,244.200139,1670,41,0202aac0098b0686005a5811460e29efbf1ffffffc2246cd1e00000fc0007ebfe9ed0737feebfff600,1,TX 41 seq=20989 rx_latency=1ms tx_dur=1ms,15.553,
2732,10,2444,2864712076,2026-07-14T15:34:17.578299+00:00,244.300152,1770,41,0202aac0098c06ea005a5811460e29efbf1ffffffc2246cd1e00000fc0007ebfe9ed0737feebfff600,1,TX 41 seq=20990 rx_latency=1ms tx_dur=1ms,17.177,
2732,10,2445,2864712077,2026-07-14T15:34:17.678297+00:00,244.400143,1870,41,0202aac0098d074e005a5811460e29efbf1ffffffc2246cd1e00000fc0007ebfe9ed0737feebfff600,1,TX 41 seq=20991 rx_latency=1ms tx_dur=1ms,18.836,
2732,10,2446,2864712078,2026-07-14T15:34:17.778296+00:00,244.500138,1970,41,0202aac0098e07b2005a5811460e29efbf1ffffffc2246cd1e00000fc0007ebfe9ed0737feebfff600,1,TX 41 seq=20992 rx_latency=1ms tx_dur=1ms,21.686,
2732,10,2447,2864712079,2026-07-14T15:34:17.878296+00:00,244.600139,2070,41,0202aac0098f0816005a5811460e29efbf1ffffffc2246cd1e00000fc0007ebfe9ed0737feebfff600,1,TX 41 seq=20993 rx_latency=1ms tx_dur=1ms,23.405,
2732,10,2448,2864712080,2026-07-14T15:34:17.978298+00:00,244.700142,2170,41,0202aac00990087a005a5811460e29efbf1ffffffc2246cd1e00000fc0007ebfe9ed0737feebfff600,1,TX 41 seq=20994 rx_latency=1ms tx_dur=1ms,14.907,
2732,10,2449,2864712081,2026-07-14T15:34:18.078292+00:00,244.800135,2270,41,0202aac0099108de005a5811460e29efbf1ffffffc2246cd1e00000fc0007ebfe9ed0737feebfff600,1,TX 41 seq=20995 rx_latency=1ms tx_dur=1ms,17.847,
2732,10,2450,2864712082,2026-07-14T15:34:18.178297+00:00,244.900141,2370,41,0202aac009920942005a5811460e29efbf1ffffffc2246cd1e00000fc0007ebfe9ed0737feebfff600,1,TX 41 seq=20996 rx_latency=1ms tx_dur=1ms,19.430,
2732,10,2451,2864712083,2026-07-14T15:34:18.278290+00:00,245.000128,2470,41,0202aac0099309a6005a5811460e29efbf1ffffffc2246cd1e00000fc0007ebfe9ed0737feebfff600,1,TX 41 seq=20997 rx_latency=1ms tx_dur=1ms,21.343,
2732,10,2452,2864712084,2026-07-14T15:34:18.378295+00:00,245.100136,2570,41,0202aac009940a0a005a5811460e29efbf1ffffffc2246cd1e00000fc0007ebfe9ed0737feebfff600,1,TX 41 seq=20998 rx_latency=1ms tx_dur=1ms,23.450,
2732,10,2453,2864712085,2026-07-14T15:34:18.478296+00:00,245.200139,2670,41,0202aac009950a6e005a5811460e29efbf1ffffffc2246cd1e00000fc0007ebfe9ed0737feebfff600,1,TX 41 seq=20999 rx_latency=1ms tx_dur=1ms,15.622,
2732,10,2454,2864712086,2026-07-14T15:34:18.578300+00:00,245.300156,2770,41,0202aac009960ad2005a5811460e29efbf1ffffffc2246cd1e00000fc0007ebfe9ed0737feebfff600,1,TX 41 seq=21000 rx_latency=1ms tx_dur=1ms,17.188,
2732,10,2455,2864712087,2026-07-14T15:34:18.678305+00:00,245.400162,2870,41,0202aac009970b36005a5811460e29efbf1ffffffc2246cd1e00000fc0007ebfe9ed0737feebfff600,1,TX 41 seq=21001 rx_latency=1ms tx_dur=1ms,18.778,
2732,10,2456,2864712088,2026-07-14T15:34:18.778290+00:00,245.500131,2970,41,0202aac009980b9a005a5811460e29efbf1ffffffc2246cd1e00000fc0007ebfe9ed0737feebfff600,1,TX 41 seq=21002 rx_latency=1ms tx_dur=1ms,21.759,
2732,10,2457,2864712089,2026-07-14T15:34:18.878297+00:00,245.600139,3070,41,0202aac009990bfe005a5811460e29efbf1ffffffc2246cd1e00000fc0007ebfe9ed0737feebfff600,1,TX 41 seq=21003 rx_latency=1ms tx_dur=1ms,23.375,
2732,10,2458,2864712090,2026-07-14T15:34:18.978291+00:00,245.700130,3170,41,0202aac0099a0c62005a5811460e29efbf1ffffffc2246cd1e00000fc0007ebfe9ed0737feebfff600,1,TX 41 seq=21004 rx_latency=1ms tx_dur=1ms,15.534,
2732,10,2459,2864712091,2026-07-14T15:34:19.078302+00:00,245.800152,3270,41,0202aac0099b0cc6005a5811460e29efbf1ffffffc2246cd1e00000fc0007ebfe9ed0737feebfff600,1,TX 41 seq=21005 rx_latency=1ms tx_dur=1ms,16.838,
2732,10,2460,2864712092,2026-07-14T15:34:19.178312+00:00,245.900184,3370,41,0202aac0099c0d2a005a5811460e29efbf1ffffffc2246cd1e00000fc0007ebfe9ed0737feebfff600,1,TX 41 seq=21006 rx_latency=1ms tx_dur=1ms,18.930,
2732,10,2461,2864712093,2026-07-14T15:34:19.278293+00:00,246.000139,3470,41,0202aac0099d0d8e005a5811460e29efbf1ffffffc2246cd1e00000fc0007ebfe9ed0737feebfff600,1,TX 41 seq=21007 rx_latency=1ms tx_dur=1ms,21.131,
2732,10,2462,2864712094,2026-07-14T15:34:19.378301+00:00,246.100150,3570,41,0202aac0099e0df2005a5811460e29efbf1ffffffc2246cd1e00000fc0007ebfe9ed0737feebfff600,1,TX 41 seq=21008 rx_latency=1ms tx_dur=1ms,23.556,
2732,10,2463,2864712095,2026-07-14T15:34:19.478293+00:00,246.200135,3670,41,0202aac0099f0e56005a5811460e29efbf1ffffffc2246cd1e00000fc0007ebfe9ed0737feebfff600,1,TX 41 seq=21009 rx_latency=1ms tx_dur=1ms,15.735,
2732,10,2464,2864712096,2026-07-14T15:34:19.578298+00:00,246.300153,3770,41,0202aac009a00eba005a5811460e29efbf1ffffffc2246cd1e00000fc0007ebfe9ed0737feebfff600,1,TX 41 seq=21010 rx_latency=1ms tx_dur=1ms,17.777,
2732,10,2465,2864712097,2026-07-14T15:34:19.678274+00:00,246.400152,3870,41,0202aac009a10f1e005a5811460e29efbf1ffffffc2246cd1e00000fc0007ebfe9ed0737feebfff600,1,TX 41 seq=21011 rx_latency=1ms tx_dur=1ms,19.057,
2732,10,2466,2864712098,2026-07-14T15:34:19.778301+00:00,246.500158,3970,41,0202aac009a20f82005a5811460e29efbf1ffffffc2246cd1e00000fc0007ebfe9ed0737feebfff600,1,TX 41 seq=21012 rx_latency=1ms tx_dur=1ms,21.228,
2732,10,2467,2864712099,2026-07-14T15:34:19.878292+00:00,246.600135,4070,41,0202aac009a30fe6005a5811460e29efbf1ffffffc2246cd1e00000fc0007ebfe9ed0737feebfff600,1,TX 41 seq=21013 rx_latency=1ms tx_dur=1ms,23.345,
2732,10,2468,2864712100,2026-07-14T15:34:19.978295+00:00,246.700139,4170,41,0202aac009a4104a005a5811460e29efbf1ffffffc2246cd1e00000fc0007ebfe9ed0737feebfff600,1,TX 41 seq=21014 rx_latency=1ms tx_dur=1ms,15.563,
2732,10,2469,2864712101,2026-07-14T15:34:20.078297+00:00,246.800145,4270,41,0202aac009a510ae005a5811460e29efbf1ffffffc2246cd1e00000fc0007ebfe9ed0737feebfff600,1,TX 41 seq=21015 rx_latency=1ms tx_dur=1ms,17.054,
2732,10,2470,2864712102,2026-07-14T15:34:20.178291+00:00,246.900132,4370,41,0202aac009a61112005a5811460e29efbf1ffffffc2246cd1e00000fc0007ebfe9ed0737feebfff600,1,TX 41 seq=21016 rx_latency=1ms tx_dur=1ms,18.784,
2732,10,2471,2864712103,2026-07-14T15:34:20.278301+00:00,247.000151,4470,41,0202aac009a71176005a5811460e29efbf1ffffffc2246cd1e00000fc0007ebfe9ed0737feebfff600,1,TX 41 seq=21017 rx_latency=1ms tx_dur=1ms,21.636,
2732,10,2472,2864712104,2026-07-14T15:34:20.378289+00:00,247.100129,4570,41,0202aac009a811da005a5811460e29efbf1ffffffc2246cd1e00000fc0007ebfe9ed0737feebfff600,1,TX 41 seq=21018 rx_latency=1ms tx_dur=1ms,23.321,
2732,10,2473,2864712105,2026-07-14T15:34:20.478297+00:00,247.200140,4670,41,0202aac009a9123e005a5811460e29efbf1ffffffc2246cd1e00000fc0007ebfe9ed0737feebfff600,1,TX 41 seq=21019 rx_latency=1ms tx_dur=1ms,14.907,
2732,10,2474,2864712106,2026-07-14T15:34:20.578290+00:00,247.300131,4770,41,0202aac009aa12a2005a5811460e29efbf1ffffffc2246cd1e00000fc0007ebfe9ed0737feebfff600,1,TX 41 seq=21020 rx_latency=1ms tx_dur=1ms,17.741,
2732,10,2475,2864712107,2026-07-14T15:34:20.678296+00:00,247.400141,4870,41,0202aac009ab1306005a5811460e29efbf1ffffffc2246cd1e00000fc0007ebfe9ed0737feebfff600,1,TX 41 seq=21021 rx_latency=1ms tx_dur=1ms,19.473,
2732,10,2476,2864712108,2026-07-14T15:34:20.778289+00:00,247.500127,4970,41,0202aac009ac136a005a5811460e29efbf1ffffffc2246cd1e00000fc0007ebfe9ed0737feebfff600,1,TX 41 seq=21022 rx_latency=1ms tx_dur=1ms,21.895,
2732,10,2477,2864712109,2026-07-14T15:34:20.878296+00:00,247.600145,5070,41,0202aac009ad13ce005a5811460e29efbf1ffffffc2246cd1e00000fc0007ebfe9ed0737feebfff600,1,TX 41 seq=21023 rx_latency=1ms tx_dur=1ms,23.733,
2732,10,2478,2864712110,2026-07-14T15:34:20.978296+00:00,247.700142,5170,41,0202aac009ae1432005a5811460e29efbf1ffffffc2246cd1e00000fc0007ebfe9ed0737feebfff600,1,TX 41 seq=21024 rx_latency=1ms tx_dur=1ms,15.570,
2732,10,2479,2864712111,2026-07-14T15:34:21.078292+00:00,247.800133,5270,41,0202aac009af1496005a5811460e29efbf1ffffffc2246cd1e00000fc0007ebfe9ed0737feebfff600,1,TX 41 seq=21025 rx_latency=1ms tx_dur=1ms,17.307,
2732,10,2480,2864712112,2026-07-14T15:34:21.178273+00:00,247.900118,5370,41,0202aac009b014fa005a5811460e29efbf1ffffffc2246cd1e00000fc0007ebfe9ed0737feebfff600,1,TX 41 seq=21026 rx_latency=1ms tx_dur=1ms,19.060,
2732,10,2481,2864712113,2026-07-14T15:34:21.278290+00:00,248.000128,5470,41,0202aac009b1155e005a5811460e29efbf1ffffffc2246cd1e00000fc0007ebfe9ed0737feebfff600,1,TX 41 seq=21027 rx_latency=1ms tx_dur=1ms,21.131,
2732,10,2482,2864712114,2026-07-14T15:34:21.378297+00:00,248.100144,5570,41,0202aac009b215c2005a5811460e29efbf1ffffffc2246cd1e00000fc0007ebfe9ed0737feebfff600,1,TX 41 seq=21028 rx_latency=1ms tx_dur=1ms,23.547,
2732,10,2483,2864712115,2026-07-14T15:34:21.478289+00:00,248.200128,5670,41,0202aac009b31626005a5811460e29efbf1ffffffc2246cd1e00000fc0007ebfe9ed0737feebfff600,1,TX 41 seq=21029 rx_latency=1ms tx_dur=1ms,15.775,
2732,10,2484,2864712116,2026-07-14T15:34:21.578297+00:00,248.300140,5770,41,0202aac009b4168a005a5811460e29efbf1ffffffc2246cd1e00000fc0007ebfe9ed0737feebfff600,1,TX 41 seq=21030 rx_latency=1ms tx_dur=1ms,16.819,
2732,10,2485,2864712117,2026-07-14T15:34:21.678311+00:00,248.400175,5870,41,0202aac009b516ee005a5811460e29efbf1ffffffc2246cd1e00000fc0007ebfe9ed0737feebfff600,1,TX 41 seq=21031 rx_latency=1ms tx_dur=1ms,18.900,
2732,10,2486,2864712118,2026-07-14T15:34:21.778292+00:00,248.500138,5970,41,0202aac009b61752005a5811460e29efbf1ffffffc2246cd1e00000fc0007ebfe9ed0737feebfff600,1,TX 41 seq=21032 rx_latency=1ms tx_dur=1ms,21.140,
2732,10,2487,2864712119,2026-07-14T15:34:21.878298+00:00,248.600146,6070,41,0202aac009b717b6005a5811460e29efbf1ffffffc2246cd1e00000fc0007ebfe9ed0737feebfff600,1,TX 41 seq=21033 rx_latency=1ms tx_dur=1ms,23.298,
2732,10,2488,2864712120,2026-07-14T15:34:21.978290+00:00,248.700133,6170,41,0202aac009b8181a005a5811460e29efbf1ffffffc2246cd1e00000fc0007ebfe9ed0737feebfff600,1,TX 41 seq=21034 rx_latency=1ms tx_dur=1ms,14.870,
2732,10,2489,2864712121,2026-07-14T15:34:22.078298+00:00,248.800148,6270,41,0202aac009b9187e005a5811460e29efbf1ffffffc2246cd1e00000fc0007ebfe9ed0737feebfff600,1,TX 41 seq=21035 rx_latency=1ms tx_dur=1ms,17.678,
2732,10,2490,2864712122,2026-07-14T15:34:22.178294+00:00,248.900141,6370,41,0202aac009ba18e2005a5811460e29efbf1ffffffc2246cd1e00000fc0007ebfe9ed0737feebfff600,1,TX 41 seq=21036 rx_latency=1ms tx_dur=1ms,19.377,
2732,10,2491,2864712123,2026-07-14T15:34:22.278290+00:00,249.000129,6470,41,0202aac009bb1946005a5811460e29efbf1ffffffc2246cd1e00000fc0007ebfe9ed0737feebfff600,1,TX 41 seq=21037 rx_latency=1ms tx_dur=1ms,21.119,
2732,10,2492,2864712124,2026-07-14T15:34:22.378298+00:00,249.100143,6570,41,0202aac009bc19aa005a5811460e29efbf1ffffffc2246cd1e00000fc0007ebfe9ed0737feebfff600,1,TX 41 seq=21038 rx_latency=1ms tx_dur=1ms,23.809,
2732,10,2493,2864712125,2026-07-14T15:34:22.478291+00:00,249.200129,6670,41,0202aac009bd1a0e005a5811460e29efbf1ffffffc2246cd1e00000fc0007ebfe9ed0737feebfff600,1,TX 41 seq=21039 rx_latency=1ms tx_dur=1ms,15.557,
2732,10,2494,2864712126,2026-07-14T15:34:22.578297+00:00,249.300142,6770,41,0202aac009be1a72005a5811460e29efbf1ffffffc2246cd1e00000fc0007ebfe9ed0737feebfff600,1,TX 41 seq=21040 rx_latency=1ms tx_dur=1ms,17.256,
2732,10,2495,2864712127,2026-07-14T15:34:22.678215+00:00,249.400054,6870,41,0202aac009bf1ad6005a5811460e29efbf1ffffffc2246cd1e00000fc0007ebfe9ed0737feebfff600,1,TX 41 seq=21041 rx_latency=1ms tx_dur=1ms,19.046,
2732,10,2496,2864712128,2026-07-14T15:34:22.778296+00:00,249.500138,6970,41,0202aac009c01b3a005a5811460e29efbf1ffffffc2246cd1e00000fc0007ebfe9ed0737feebfff600,1,TX 41 seq=21042 rx_latency=1ms tx_dur=1ms,21.622,
2732,10,2497,2864712129,2026-07-14T15:34:22.878225+00:00,249.600062,7070,41,0202aac009c11b9e005a5811460e29efbf1ffffffc2246cd1e00000fc0007ebfe9ed0737feebfff600,1,TX 41 seq=21043 rx_latency=1ms tx_dur=1ms,23.380,
2732,10,2498,2864712130,2026-07-14T15:34:22.978297+00:00,249.700139,7170,41,0202aac009c21c02005a5811460e29efbf1ffffffc2246cd1e00000fc0007ebfe9ed0737feebfff600,1,TX 41 seq=21044 rx_latency=1ms tx_dur=1ms,15.112,
2732,10,2499,2864712131,2026-07-14T15:34:23.078305+00:00,249.800171,7270,41,0202aac009c31c66005a5811460e29efbf1ffffffc2246cd1e00000fc0007ebfe9ed0737feebfff600,1,TX 41 seq=21045 rx_latency=1ms tx_dur=1ms,16.723,
2732,10,2500,2864712132,2026-07-14T15:34:23.178292+00:00,249.900137,7370,41,0202aac009c41cca005a5811460e29efbf1ffffffc2246cd1e00000fc0007ebfe9ed0737feebfff600,1,TX 41 seq=21046 rx_latency=1ms tx_dur=1ms,18.866,
2732,10,2501,2864712133,2026-07-14T15:34:23.278294+00:00,250.000146,7470,41,0202aac009c51d2e005a5811460e29efbf1ffffffc2246cd1e00000fc0007ebfe9ed0737feebfff600,1,TX 41 seq=21047 rx_latency=1ms tx_dur=1ms,21.302,
2732,10,2502,2864712134,2026-07-14T15:34:23.378298+00:00,250.100147,7570,41,0202aac009c61d92005a5811460e29efbf1ffffffc2246cd1e00000fc0007ebfe9ed0737feebfff600,1,TX 41 seq=21048 rx_latency=1ms tx_dur=1ms,23.493,
2732,10,2503,2864712135,2026-07-14T15:34:23.478292+00:00,250.200134,7670,41,0202aac009c71df6005a5811460e29efbf1ffffffc2246cd1e00000fc0007ebfe9ed0737feebfff600,1,TX 41 seq=21049 rx_latency=1ms tx_dur=1ms,15.622,
2732,10,2504,2864712136,2026-07-14T15:34:23.578298+00:00,250.300143,7770,41,0202aac009c81e5a005a5811460e29efbf1ffffffc2246cd1e00000fc0007ebfe9ed0737feebfff600,1,TX 41 seq=21050 rx_latency=1ms tx_dur=1ms,16.950,
2732,10,2505,2864712137,2026-07-14T15:34:23.678293+00:00,250.400138,7870,41,0202aac009c91ebe005a5811460e29efbf1ffffffc2246cd1e00000fc0007ebfe9ed0737feebfff600,1,TX 41 seq=21051 rx_latency=1ms tx_dur=1ms,19.095,
2732,10,2506,2864712138,2026-07-14T15:34:23.778297+00:00,250.500142,7970,41,0202aac009ca1f22005a5811460e29efbf1ffffffc2246cd1e00000fc0007ebfe9ed0737feebfff600,1,TX 41 seq=21052 rx_latency=1ms tx_dur=1ms,21.200,
2732,10,2507,2864712139,2026-07-14T15:34:23.878289+00:00,250.600127,8070,41,0202aac009cb1f86005a5811460e29efbf1ffffffc2246cd1e00000fc0007ebfe9ed0737feebfff600,1,TX 41 seq=21053 rx_latency=1ms tx_dur=1ms,23.281,
2732,10,2508,2864712140,2026-07-14T15:34:23.978296+00:00,250.700137,8170,41,0202aac009cc1fea005a5811460e29efbf1ffffffc2246cd1e00000fc0007ebfe9ed0737feebfff600,1,TX 41 seq=21054 rx_latency=1ms tx_dur=1ms,14.882,
2732,10,2509,2864712141,2026-07-14T15:34:24.078250+00:00,250.800094,8270,41,0202aac009cd204e005a5811460e29efbf1ffffffc2246cd1e00000fc0007ebfe9ed0737feebfff600,1,TX 41 seq=21055 rx_latency=1ms tx_dur=1ms,17.758,
2732,10,2510,2864712142,2026-07-14T15:34:24.178290+00:00,250.900129,8370,41,0202aac009ce20b2005a5811460e29efbf1ffffffc2246cd1e00000fc0007ebfe9ed0737feebfff600,1,TX 41 seq=21056 rx_latency=1ms tx_dur=1ms,19.432,
2732,10,2511,2864712143,2026-07-14T15:34:24.278273+00:00,251.000116,8470,41,0202aac009cf2116005a5811460e29efbf1ffffffc2246cd1e00000fc0007ebfe9ed0737feebfff600,1,TX 41 seq=21057 rx_latency=1ms tx_dur=1ms,21.220,
2732,10,2512,2864712144,2026-07-14T15:34:24.378289+00:00,251.100126,8570,41,0202aac009d0217a005a5811460e29efbf1ffffffc2246cd1e00000fc0007ebfe9ed0737feebfff600,1,TX 41 seq=21058 rx_latency=1ms tx_dur=1ms,23.209,
2732,10,2513,2864712145,2026-07-14T15:34:24.478296+00:00,251.200139,8670,41,0202aac009d121de005a5811460e29efbf1ffffffc2246cd1e00000fc0007ebfe9ed0737feebfff600,1,TX 41 seq=21059 rx_latency=1ms tx_dur=1ms,15.723,
2732,10,2514,2864712146,2026-07-14T15:34:24.578290+00:00,251.300127,8770,41,0202aac009d22242005a5811460e29efbf1ffffffc2246cd1e00000fc0007ebfe9ed0737feebfff600,1,TX 41 seq=21060 rx_latency=1ms tx_dur=1ms,17.918,
2732,10,2515,2864712147,2026-07-14T15:34:24.678296+00:00,251.400140,8870,41,0202aac009d322a6005a5811460e29efbf1ffffffc2246cd1e00000fc0007ebfe9ed0737feebfff600,1,TX 41 seq=21061 rx_latency=1ms tx_dur=1ms,18.823,
2732,10,2516,2864712148,2026-07-14T15:34:24.778296+00:00,251.500149,8970,41,0202aac009d4230a005a5811460e29efbf1ffffffc2246cd1e00000fc0007ebfe9ed0737feebfff600,1,TX 41 seq=21062 rx_latency=1ms tx_dur=1ms,21.032,
2732,10,2517,2864712149,2026-07-14T15:34:24.878298+00:00,251.600144,9070,41,0202aac009d5236e005a5811460e29efbf1ffffffc2246cd1e00000fc0007ebfe9ed0737feebfff600,1,TX 41 seq=21063 rx_latency=1ms tx_dur=1ms,22.828,
2732,10,2518,2864712150,2026-07-14T15:34:24.978289+00:00,251.700128,9170,41,0202aac009d623d2005a5811460e29efbf1ffffffc2246cd1e00000fc0007ebfe9ed0737feebfff600,1,TX 41 seq=21064 rx_latency=1ms tx_dur=1ms,15.725,
2732,10,2519,2864712151,2026-07-14T15:34:25.078297+00:00,251.800140,9270,41,0202aac009d72436005a5811460e29efbf1ffffffc2246cd1e00000fc0007ebfe9ed0737feebfff600,1,TX 41 seq=21065 rx_latency=1ms tx_dur=1ms,17.808,
2732,10,2520,2864712152,2026-07-14T15:34:25.178291+00:00,251.900131,9370,41,0202aac009d8249a005a5811460e29efbf1ffffffc2246cd1e00000fc0007ebfe9ed0737feebfff600,1,TX 41 seq=21066 rx_latency=1ms tx_dur=1ms,19.177,
2732,10,2521,2864712153,2026-07-14T15:34:25.278299+00:00,252.000148,9470,41,0202aac009d924fe005a5811460e29efbf1ffffffc2246cd1e00000fc0007ebfe9ed0737feebfff600,1,TX 41 seq=21067 rx_latency=1ms tx_dur=1ms,21.272,
2732,10,2522,2864712154,2026-07-14T15:34:25.378292+00:00,252.100132,9570,41,0202aac009da2562005a5811460e29efbf1ffffffc2246cd1e00000fc0007ebfe9ed0737feebfff600,1,TX 41 seq=21068 rx_latency=1ms tx_dur=1ms,23.333,
2732,10,2523,2864712155,2026-07-14T15:34:25.478297+00:00,252.200140,9670,41,0202aac009db25c6005a5811460e29efbf1ffffffc2246cd1e00000fc0007ebfe9ed0737feebfff600,1,TX 41 seq=21069 rx_latency=1ms tx_dur=1ms,15.869,
2732,10,2524,2864712156,2026-07-14T15:34:25.578291+00:00,252.300129,9770,41,0202aac009dc262a005a5811460e29efbf1ffffffc2246cd1e00000fc0007ebfe9ed0737feebfff600,1,TX 41 seq=21070 rx_latency=1ms tx_dur=1ms,16.906,
2732,10,2525,2864712157,2026-07-14T15:34:25.678316+00:00,252.400188,9870,41,0202aac009dd268e005a5811460e29efbf1ffffffc2246cd1e00000fc0007ebfe9ed0737feebfff600,1,TX 41 seq=21071 rx_latency=1ms tx_dur=1ms,19.475,
2732,10,2526,2864712158,2026-07-14T15:34:25.778300+00:00,252.500159,9970,41,0202aac009de26f2005a5811460e29efbf1ffffffc2246cd1e00000fc0007ebfe9ed0737feebfff600,1,TX 41 seq=21072 rx_latency=1ms tx_dur=1ms,21.149,
2732,10,2527,2864712159,2026-07-14T15:34:25.878301+00:00,252.600153,10070,41,0202aac009df2756005a5811460e29efbf1ffffffc2246cd1e00000fc0007ebfe9ed0737feebfff600,1,TX 41 seq=21073 rx_latency=1ms tx_dur=1ms,22.942,
2732,10,2528,2864712160,2026-07-14T15:34:25.978292+00:00,252.700132,10170,41,0202aac009e027ba005a5811460e29efbf1ffffffc2246cd1e00000fc0007ebfe9ed0737feebfff600,1,TX 41 seq=21074 rx_latency=1ms tx_dur=1ms,15.852,
2732,10,2529,2864712161,2026-07-14T15:34:26.078297+00:00,252.800141,10270,41,0202aac009e1281e005a5811460e29efbf1ffffffc2246cd1e00000fc0007ebfe9ed0737feebfff600,1,TX 41 seq=21075 rx_latency=1ms tx_dur=1ms,16.776,
2732,10,2530,2864712162,2026-07-14T15:34:26.178297+00:00,252.900142,10370,41,0202aac009e22882005a5811460e29efbf1ffffffc2246cd1e00000fc0007ebfe9ed0737feebfff600,1,TX 41 seq=21076 rx_latency=1ms tx_dur=1ms,18.936,
2732,10,2531,2864712163,2026-07-14T15:34:26.278299+00:00,253.000149,10470,41,0202aac009e328e6005a5811460e29efbf1ffffffc2246cd1e00000fc0007ebfe9ed0737feebfff600,1,TX 41 seq=21077 rx_latency=1ms tx_dur=1ms,21.538,
2732,10,2532,2864712164,2026-07-14T15:34:26.378284+00:00,253.100126,10570,41,0202aac009e4294a005a5811460e29efbf1ffffffc2246cd1e00000fc0007ebfe9ed0737feebfff600,1,TX 41 seq=21078 rx_latency=1ms tx_dur=1ms,23.261,
2732,10,2533,2864712165,2026-07-14T15:34:26.478296+00:00,253.200138,10670,41,0202aac009e529ae005a5811460e29efbf1ffffffc2246cd1e00000fc0007ebfe9ed0737feebfff600,1,TX 41 seq=21079 rx_latency=1ms tx_dur=1ms,15.062,
2732,10,2534,2864712166,2026-07-14T15:34:26.578295+00:00,253.300137,10770,41,0202aac009e62a12005a5811460e29efbf1ffffffc2246cd1e00000fc0007ebfe9ed0737feebfff600,1,TX 41 seq=21080 rx_latency=1ms tx_dur=1ms,16.797,
2732,10,2535,2864712167,2026-07-14T15:34:26.678297+00:00,253.400140,10870,41,0202aac009e72a76005a5811460e29efbf1ffffffc2246cd1e00000fc0007ebfe9ed0737feebfff600,1,TX 41 seq=21081 rx_latency=1ms tx_dur=1ms,19.404,
2732,10,2536,2864712168,2026-07-14T15:34:26.778305+00:00,253.500157,10970,41,0202aac009e82ada005a5811460e29efbf1ffffffc2246cd1e00000fc0007ebfe9ed0737feebfff600,1,TX 41 seq=21082 rx_latency=1ms tx_dur=1ms,21.111,
2732,10,2537,2864712169,2026-07-14T15:34:26.878291+00:00,253.600129,11070,41,0202aac009e92b3e005a5811460e29efbf1ffffffc2246cd1e00000fc0007ebfe9ed0737feebfff600,1,TX 41 seq=21083 rx_latency=1ms tx_dur=1ms,22.823,
2732,10,2538,2864712170,2026-07-14T15:34:26.978307+00:00,253.700165,11170,41,0202aac009ea2ba2005a5811460e29efbf1ffffffc2246cd1e00000fc0007ebfe9ed0737feebfff600,1,TX 41 seq=21084 rx_latency=1ms tx_dur=1ms,15.680,
2732,10,2539,2864712171,2026-07-14T15:34:27.078292+00:00,253.800134,11270,41,0202aac009eb2c06005a5811460e29efbf1ffffffc2246cd1e00000fc0007ebfe9ed0737feebfff600,1,TX 41 seq=21085 rx_latency=1ms tx_dur=1ms,17.801,
2732,10,2540,2864712172,2026-07-14T15:34:27.178293+00:00,253.900139,11370,41,0202aac009ec2c6a005a5811460e29efbf1ffffffc2246cd1e00000fc0007ebfe9ed0737feebfff600,1,TX 41 seq=21086 rx_latency=1ms tx_dur=1ms,19.148,
2732,10,2541,2864712173,2026-07-14T15:34:27.278298+00:00,254.000143,11470,41,0202aac009ed2cce005a5811460e29efbf1ffffffc2246cd1e00000fc0007ebfe9ed0737feebfff600,1,TX 41 seq=21087 rx_latency=1ms tx_dur=1ms,21.300,
2732,10,2542,2864712174,2026-07-14T15:34:27.378297+00:00,254.100140,11570,41,0202aac009ee2d32005a5811460e29efbf1ffffffc2246cd1e00000fc0007ebfe9ed0737feebfff600,1,TX 41 seq=21088 rx_latency=1ms tx_dur=1ms,23.358,
2732,10,2543,2864712175,2026-07-14T15:34:27.478297+00:00,254.200142,11670,41,0202aac009ef2d96005a5811460e29efbf1ffffffc2246cd1e00000fc0007ebfe9ed0737feebfff600,1,TX 41 seq=21089 rx_latency=1ms tx_dur=1ms,15.544,
2732,10,2544,2864712176,2026-07-14T15:34:27.578296+00:00,254.300139,11770,41,0202aac009f02dfa005a5811460e29efbf1ffffffc2246cd1e00000fc0007ebfe9ed0737feebfff600,1,TX 41 seq=21090 rx_latency=1ms tx_dur=1ms,17.065,
2732,10,2545,2864712177,2026-07-14T15:34:27.678299+00:00,254.400150,11870,41,0202aac009f12e5e005a5811460e29efbf1ffffffc2246cd1e00000fc0007ebfe9ed0737feebfff600,1,TX 41 seq=21091 rx_latency=1ms tx_dur=1ms,18.770,
2732,10,2546,2864712178,2026-07-14T15:34:27.778298+00:00,254.500143,11970,41,0202aac009f22ec2005a5811460e29efbf1ffffffc2246cd1e00000fc0007ebfe9ed0737feebfff600,1,TX 41 seq=21092 rx_latency=1ms tx_dur=1ms,21.652,
2732,10,2547,2864712179,2026-07-14T15:34:27.878296+00:00,254.600138,12070,41,0202aac009f32f26005a5811460e29efbf1ffffffc2246cd1e00000fc0007ebfe9ed0737feebfff600,1,TX 41 seq=21093 rx_latency=1ms tx_dur=1ms,23.387,
2732,10,2548,2864712180,2026-07-14T15:34:27.978295+00:00,254.700141,12170,41,0202aac009f42f8a005a5811460e29efbf1ffffffc2246cd1e00000fc0007ebfe9ed0737feebfff600,1,TX 41 seq=21094 rx_latency=1ms tx_dur=1ms,14.896,
2732,10,2549,2864712181,2026-07-14T15:34:28.078296+00:00,254.800140,12270,41,0202aac009f52fee005a5811460e29efbf1ffffffc2246cd1e00000fc0007ebfe9ed0737feebfff600,1,TX 41 seq=21095 rx_latency=1ms tx_dur=1ms,17.742,
2732,10,2550,2864712182,2026-07-14T15:34:28.178314+00:00,254.900187,12370,41,0202aac009f63052005a5811460e29efbf1ffffffc2246cd1e00000fc0007ebfe9ed0737feebfff600,1,TX 41 seq=21096 rx_latency=1ms tx_dur=1ms,19.335,
2732,10,2551,2864712183,2026-07-14T15:34:28.278295+00:00,255.000144,12470,41,0202aac009f730b6005a5811460e29efbf1ffffffc2246cd1e00000fc0007ebfe9ed0737feebfff600,1,TX 41 seq=21097 rx_latency=1ms tx_dur=1ms,21.129,
2732,10,2552,2864712184,2026-07-14T15:34:28.378298+00:00,255.100143,12570,41,0202aac009f8311a005a5811460e29efbf1ffffffc2246cd1e00000fc0007ebfe9ed0737feebfff600,1,TX 41 seq=21098 rx_latency=1ms tx_dur=1ms,23.796,
2732,10,2553,2864712185,2026-07-14T15:34:28.478290+00:00,255.200127,12670,41,0202aac009f9317e005a5811460e29efbf1ffffffc2246cd1e00000fc0007ebfe9ed0737feebfff600,1,TX 41 seq=21099 rx_latency=1ms tx_dur=1ms,15.605,
2732,10,2554,2864712186,2026-07-14T15:34:28.578296+00:00,255.300140,12770,41,0202aac009fa31e2005a5811460e29efbf1ffffffc2246cd1e00000fc0007ebfe9ed0737feebfff600,1,TX 41 seq=21100 rx_latency=1ms tx_dur=1ms,17.306,
2732,10,2555,2864712187,2026-07-14T15:34:28.678299+00:00,255.400147,12870,41,0202aac009fb3246005a5811460e29efbf1ffffffc2246cd1e00000fc0007ebfe9ed0737feebfff600,1,TX 41 seq=21101 rx_latency=1ms tx_dur=1ms,19.015,
2732,10,2556,2864712188,2026-07-14T15:34:28.778298+00:00,255.500142,12970,41,0202aac009fc32aa005a5811460e29efbf1ffffffc2246cd1e00000fc0007ebfe9ed0737feebfff600,1,TX 41 seq=21102 rx_latency=1ms tx_dur=1ms,21.665,
2732,10,2557,2864712189,2026-07-14T15:34:28.878297+00:00,255.600141,13070,41,0202aac009fd330e005a5811460e29efbf1ffffffc2246cd1e00000fc0007ebfe9ed0737feebfff600,1,TX 41 seq=21103 rx_latency=1ms tx_dur=1ms,23.367,
2732,10,2558,2864712190,2026-07-14T15:34:28.978295+00:00,255.700137,13170,41,0202aac009fe3372005a5811460e29efbf1ffffffc2246cd1e00000fc0007ebfe9ed0737feebfff600,1,TX 41 seq=21104 rx_latency=1ms tx_dur=1ms,15.216,
2732,10,2559,2864712191,2026-07-14T15:34:29.078298+00:00,255.800147,13270,41,0202aac009ff33d6005a5811460e29efbf1ffffffc2246cd1e00000fc0007ebfe9ed0737feebfff600,1,TX 41 seq=21105 rx_latency=1ms tx_dur=1ms,16.819,
2732,10,2560,2864712192,2026-07-14T15:34:29.178298+00:00,255.900143,13370,41,0202aac00a00343a005a5811460e29efbf1ffffffc2246cd1e00000fc0007ebfe9ed0737feebfff600,1,TX 41 seq=21106 rx_latency=1ms tx_dur=1ms,19.017,
2732,10,2561,2864712193,2026-07-14T15:34:29.278297+00:00,256.000140,13470,41,0202aac00a01349e005a5811460e29efbf1ffffffc2246cd1e00000fc0007ebfe9ed0737feebfff600,1,TX 41 seq=21107 rx_latency=1ms tx_dur=1ms,21.203,
2732,10,2562,2864712194,2026-07-14T15:34:29.378291+00:00,256.100131,13570,41,0202aac00a023502005a5811460e29efbf1ffffffc2246cd1e00000fc0007ebfe9ed0737feebfff600,1,TX 41 seq=21108 rx_latency=1ms tx_dur=1ms,23.232,
2732,10,2563,2864712195,2026-07-14T15:34:29.478298+00:00,256.200143,13670,41,0202aac00a033566005a5811460e29efbf1ffffffc2246cd1e00000fc0007ebfe9ed0737feebfff600,1,TX 41 seq=21109 rx_latency=1ms tx_dur=1ms,14.781,
2732,10,2564,2864712196,2026-07-14T15:34:29.578298+00:00,256.300146,13770,41,0202aac00a0435ca005a5811460e29efbf1ffffffc2246cd1e00000fc0007ebfe9ed0737feebfff600,1,TX 41 seq=21110 rx_latency=1ms tx_dur=1ms,16.918,
2732,10,2565,2864712197,2026-07-14T15:34:29.678296+00:00,256.400138,13870,41,0202aac00a05362e005a5811460e29efbf1ffffffc2246cd1e00000fc0007ebfe9ed0737feebfff600,1,TX 41 seq=21111 rx_latency=1ms tx_dur=1ms,18.983,
2732,10,2566,2864712198,2026-07-14T15:34:29.778297+00:00,256.500139,13970,41,0202aac00a063692005a5811460e29efbf1ffffffc2246cd1e00000fc0007ebfe9ed0737feebfff600,1,TX 41 seq=21112 rx_latency=1ms tx_dur=1ms,21.171,
2732,10,2567,2864712199,2026-07-14T15:34:29.878289+00:00,256.600127,14070,41,0202aac00a0736f6005a5811460e29efbf1ffffffc2246cd1e00000fc0007ebfe9ed0737feebfff600,1,TX 41 seq=21113 rx_latency=1ms tx_dur=1ms,23.713,
2732,10,2568,2864712200,2026-07-14T15:34:29.978295+00:00,256.700138,14170,41,0202aac00a08375a005a5811460e29efbf1ffffffc2246cd1e00000fc0007ebfe9ed0737feebfff600,1,TX 41 seq=21114 rx_latency=1ms tx_dur=1ms,15.525,
2732,10,2569,2864712201,2026-07-14T15:34:30.078295+00:00,256.800135,14270,41,0202aac00a0937be005a5811460e29efbf1ffffffc2246cd1e00000fc0007ebfe9ed0737feebfff600,1,TX 41 seq=21115 rx_latency=1ms tx_dur=1ms,17.258,
2732,10,2570,2864712202,2026-07-14T15:34:30.178296+00:00,256.900136,14370,41,0202aac00a0a3822005a5811460e29efbf1ffffffc2246cd1e00000fc0007ebfe9ed0737feebfff600,1,TX 41 seq=21116 rx_latency=1ms tx_dur=1ms,18.994,
2732,10,2571,2864712203,2026-07-14T15:34:30.278299+00:00,257.000155,14470,41,0202aac00a0b3886005a5811460e29efbf1ffffffc2246cd1e00000fc0007ebfe9ed0737feebfff600,1,TX 41 seq=21117 rx_latency=1ms tx_dur=1ms,21.512,
2732,10,2572,2864712204,2026-07-14T15:34:30.378298+00:00,257.100147,14570,41,0202aac00a0c38ea005a5811460e29efbf1ffffffc2246cd1e00000fc0007ebfe9ed0737feebfff600,1,TX 41 seq=21118 rx_latency=1ms tx_dur=1ms,23.302,
2732,10,2573,2864712205,2026-07-14T15:34:30.478290+00:00,257.200129,14670,41,0202aac00a0d394e005a5811460e29efbf1ffffffc2246cd1e00000fc0007ebfe9ed0737feebfff600,1,TX 41 seq=21119 rx_latency=1ms tx_dur=1ms,15.109,
2732,10,2574,2864712206,2026-07-14T15:34:30.578295+00:00,257.300137,14770,41,0202aac00a0e39b2005a5811460e29efbf1ffffffc2246cd1e00000fc0007ebfe9ed0737feebfff600,1,TX 41 seq=21120 rx_latency=1ms tx_dur=1ms,16.816,
2732,10,2575,2864712207,2026-07-14T15:34:30.678297+00:00,257.400139,14870,41,0202aac00a0f3a16005a5811460e29efbf1ffffffc2246cd1e00000fc0007ebfe9ed0737feebfff600,1,TX 41 seq=21121 rx_latency=1ms tx_dur=1ms,18.981,
2732,10,2576,2864712208,2026-07-14T15:34:30.778297+00:00,257.500143,14970,41,0202aac00a103a7a005a5811460e29efbf1ffffffc2246cd1e00000fc0007ebfe9ed0737feebfff600,1,TX 41 seq=21122 rx_latency=1ms tx_dur=1ms,21.170,
2732,10,2577,2864712209,2026-07-14T15:34:30.878289+00:00,257.600127,15070,41,0202aac00a113ade005a5811460e29efbf1ffffffc2246cd1e00000fc0007ebfe9ed0737feebfff600,1,TX 41 seq=21123 rx_latency=1ms tx_dur=1ms,23.309,
2732,10,2578,2864712210,2026-07-14T15:34:30.978297+00:00,257.700139,15170,41,0202aac00a123b42005a5811460e29efbf1ffffffc2246cd1e00000fc0007ebfe9ed0737feebfff600,1,TX 41 seq=21124 rx_latency=1ms tx_dur=1ms,15.821,
2732,10,2579,2864712211,2026-07-14T15:34:31.078296+00:00,257.800137,15270,41,0202aac00a133ba6005a5811460e29efbf1ffffffc2246cd1e00000fc0007ebfe9ed0737feebfff600,1,TX 41 seq=21125 rx_latency=1ms tx_dur=1ms,16.877,
2732,10,2580,2864712212,2026-07-14T15:34:31.178294+00:00,257.900136,15370,41,0202aac00a143c0a005a5811460e29efbf1ffffffc2246cd1e00000fc0007ebfe9ed0737feebfff600,1,TX 41 seq=21126 rx_latency=1ms tx_dur=1ms,18.939,
2732,10,2581,2864712213,2026-07-14T15:34:31.278308+00:00,258.000168,15470,41,0202aac00a153c6e005a5811460e29efbf1ffffffc2246cd1e00000fc0007ebfe9ed0737feebfff600,1,TX 41 seq=21127 rx_latency=1ms tx_dur=1ms,21.019,
2732,10,2582,2864712214,2026-07-14T15:34:31.378291+00:00,258.100133,15570,41,0202aac00a163cd2005a5811460e29efbf1ffffffc2246cd1e00000fc0007ebfe9ed0737feebfff600,1,TX 41 seq=21128 rx_latency=1ms tx_dur=1ms,23.668,
2732,10,2583,2864712215,2026-07-14T15:34:31.478296+00:00,258.200140,15670,41,0202aac00a173d36005a5811460e29efbf1ffffffc2246cd1e00000fc0007ebfe9ed0737feebfff600,1,TX 41 seq=21129 rx_latency=1ms tx_dur=1ms,15.465,
2732,10,2584,2864712216,2026-07-14T15:34:31.578291+00:00,258.300131,15770,41,0202aac00a183d9a005a5811460e29efbf1ffffffc2246cd1e00000fc0007ebfe9ed0737feebfff600,1,TX 41 seq=21130 rx_latency=1ms tx_dur=1ms,17.228,
2732,10,2585,2864712217,2026-07-14T15:34:31.678316+00:00,258.400189,15870,41,0202aac00a193dfe005a5811460e29efbf1ffffffc2246cd1e00000fc0007ebfe9ed0737feebfff600,1,TX 41 seq=21131 rx_latency=1ms tx_dur=1ms,18.844,
2732,10,2586,2864712218,2026-07-14T15:34:31.778301+00:00,258.500156,15970,41,0202aac00a1a3e62005a5811460e29efbf1ffffffc2246cd1e00000fc0007ebfe9ed0737feebfff600,1,TX 41 seq=21132 rx_latency=1ms tx_dur=1ms,21.498,
2732,10,2587,2864712219,2026-07-14T15:34:31.878291+00:00,258.600133,16070,41,0202aac00a1b3ec6005a5811460e29efbf1ffffffc2246cd1e00000fc0007ebfe9ed0737feebfff600,1,TX 41 seq=21133 rx_latency=1ms tx_dur=1ms,23.230,
2732,10,2588,2864712220,2026-07-14T15:34:31.978299+00:00,258.700148,16170,41,0202aac00a1c3f2a005a5811460e29efbf1ffffffc2246cd1e00000fc0007ebfe9ed0737feebfff600,1,TX 41 seq=21134 rx_latency=1ms tx_dur=1ms,15.022,
2732,10,2589,2864712221,2026-07-14T15:34:32.078295+00:00,258.800137,16270,41,0202aac00a1d3f8e005a5811460e29efbf1ffffffc2246cd1e00000fc0007ebfe9ed0737feebfff600,1,TX 41 seq=21135 rx_latency=1ms tx_dur=1ms,17.897,
2732,10,2590,2864712222,2026-07-14T15:34:32.178291+00:00,258.900129,16370,41,0202aac00a1e3ff2005a5811460e29efbf1ffffffc2246cd1e00000fc0007ebfe9ed0737feebfff600,1,TX 41 seq=21136 rx_latency=1ms tx_dur=1ms,18.848,
2732,10,2591,2864712223,2026-07-14T15:34:32.278300+00:00,259.000159,16470,41,0202aac00a1f4056005a5811460e29efbf1ffffffc2246cd1e00000fc0007ebfe9ed0737feebfff600,1,TX 41 seq=21137 rx_latency=1ms tx_dur=1ms,21.224,
2732,10,2592,2864712224,2026-07-14T15:34:32.378292+00:00,259.100136,16570,41,0202aac00a2040ba005a5811460e29efbf1ffffffc2246cd1e00000fc0007ebfe9ed0737feebfff600,1,TX 41 seq=21138 rx_latency=1ms tx_dur=1ms,23.395,
2732,10,2593,2864712225,2026-07-14T15:34:32.478298+00:00,259.200142,16670,41,0202aac00a21411e005a5811460e29efbf1ffffffc2246cd1e00000fc0007ebfe9ed0737feebfff600,1,TX 41 seq=21139 rx_latency=1ms tx_dur=1ms,14.997,
2732,10,2594,2864712226,2026-07-14T15:34:32.578296+00:00,259.300139,16770,41,0202aac00a224182005a5811460e29efbf1ffffffc2246cd1e00000fc0007ebfe9ed0737feebfff600,1,TX 41 seq=21140 rx_latency=1ms tx_dur=1ms,17.878,
2732,10,2595,2864712227,2026-07-14T15:34:32.678290+00:00,259.400129,16870,41,0202aac00a2341e6005a5811460e29efbf1ffffffc2246cd1e00000fc0007ebfe9ed0737feebfff600,1,TX 41 seq=21141 rx_latency=1ms tx_dur=1ms,19.548,
2732,10,2596,2864712228,2026-07-14T15:34:32.778294+00:00,259.500143,16970,41,0202aac00a24424a005a5811460e29efbf1ffffffc2246cd1e00000fc0007ebfe9ed0737feebfff600,1,TX 41 seq=21142 rx_latency=1ms tx_dur=1ms,21.283,
2732,10,2597,2864712229,2026-07-14T15:34:32.878289+00:00,259.600130,17070,41,0202aac00a2542ae005a5811460e29efbf1ffffffc2246cd1e00000fc0007ebfe9ed0737feebfff600,1,TX 41 seq=21143 rx_latency=1ms tx_dur=1ms,23.319,
2732,10,2598,2864712230,2026-07-14T15:34:32.978295+00:00,259.700138,17170,41,0202aac00a264312005a5811460e29efbf1ffffffc2246cd1e00000fc0007ebfe9ed0737feebfff600,1,TX 41 seq=21144 rx_latency=1ms tx_dur=1ms,15.879,
2732,10,2599,2864712231,2026-07-14T15:34:33.078296+00:00,259.800138,17270,41,0202aac00a274376005a5811460e29efbf1ffffffc2246cd1e00000fc0007ebfe9ed0737feebfff600,1,TX 41 seq=21145 rx_latency=1ms tx_dur=1ms,16.900,
2732,10,2600,2864712232,2026-07-14T15:34:33.178294+00:00,259.900135,17370,41,0202aac00a2843da005a5811460e29efbf1ffffffc2246cd1e00000fc0007ebfe9ed0737feebfff600,1,TX 41 seq=21146 rx_latency=1ms tx_dur=1ms,18.952,
2732,10,2601,2864712233,2026-07-14T15:34:33.278232+00:00,260.000083,17470,41,0202aac00a29443e005a5811460e29efbf1ffffffc2246cd1e00000fc0007ebfe9ed0737feebfff600,1,TX 41 seq=21147 rx_latency=1ms tx_dur=1ms,21.327,
2732,10,2602,2864712234,2026-07-14T15:34:33.378293+00:00,260.100138,17570,41,0202aac00a2a44a2005a5811460e29efbf1ffffffc2246cd1e00000fc0007ebfe9ed0737feebfff600,1,TX 41 seq=21148 rx_latency=1ms tx_dur=1ms,23.668,
2732,10,2603,2864712235,2026-07-14T15:34:33.478300+00:00,260.200145,17670,41,0202aac00a2b4506005a5811460e29efbf1ffffffc2246cd1e00000fc0007ebfe9ed0737feebfff600,1,TX 41 seq=21149 rx_latency=1ms tx_dur=1ms,15.474,
2732,10,2604,2864712236,2026-07-14T15:34:33.578296+00:00,260.300149,17770,41,0202aac00a2c456a005a5811460e29efbf1ffffffc2246cd1e00000fc0007ebfe9ed0737feebfff600,1,TX 41 seq=21150 rx_latency=1ms tx_dur=1ms,17.182,
2732,10,2605,2864712237,2026-07-14T15:34:33.678302+00:00,260.400151,17870,41,0202aac00a2d45ce005a5811460e29efbf1ffffffc2246cd1e00000fc0007ebfe9ed0737feebfff600,1,TX 41 seq=21151 rx_latency=1ms tx_dur=1ms,18.909,
2732,10,2606,2864712238,2026-07-14T15:34:33.778291+00:00,260.500132,17970,41,0202aac00a2e4632005a5811460e29efbf1ffffffc2246cd1e00000fc0007ebfe9ed0737feebfff600,1,TX 41 seq=21152 rx_latency=1ms tx_dur=1ms,21.544,
2732,10,2607,2864712239,2026-07-14T15:34:33.878298+00:00,260.600143,18070,41,0202aac00a2f4696005a5811460e29efbf1ffffffc2246cd1e00000fc0007ebfe9ed0737feebfff600,1,TX 41 seq=21153 rx_latency=1ms tx_dur=1ms,23.279,
2732,10,2608,2864712240,2026-07-14T15:34:33.978290+00:00,260.700128,18170,41,0202aac00a3046fa005a5811460e29efbf1ffffffc2246cd1e00000fc0007ebfe9ed0737feebfff600,1,TX 41 seq=21154 rx_latency=1ms tx_dur=1ms,15.074,
2732,10,2609,2864712241,2026-07-14T15:34:34.078293+00:00,260.800137,18270,41,0202aac00a31475e005a5811460e29efbf1ffffffc2246cd1e00000fc0007ebfe9ed0737feebfff600,1,TX 41 seq=21155 rx_latency=1ms tx_dur=1ms,17.907,
2732,10,2610,2864712242,2026-07-14T15:34:34.178309+00:00,260.900175,18370,41,0202aac00a3247c2005a5811460e29efbf1ffffffc2246cd1e00000fc0007ebfe9ed0737feebfff600,1,TX 41 seq=21156 rx_latency=1ms tx_dur=1ms,19.287,
2732,10,2611,2864712243,2026-07-14T15:34:34.278302+00:00,261.000150,18470,41,0202aac00a334826005a5811460e29efbf1ffffffc2246cd1e00000fc0007ebfe9ed0737feebfff600,1,TX 41 seq=21157 rx_latency=1ms tx_dur=1ms,21.139,
2732,10,2612,2864712244,2026-07-14T15:34:34.378315+00:00,261.100158,18570,41,0202aac00a34488a005a5811460e29efbf1ffffffc2246cd1e00000fc0007ebfe9ed0737feebfff600,1,TX 41 seq=21158 rx_latency=1ms tx_dur=1ms,23.914,
2732,10,2613,2864712245,2026-07-14T15:34:34.478298+00:00,261.200142,18670,41,0202aac00a3548ee005a5811460e29efbf1ffffffc2246cd1e00000fc0007ebfe9ed0737feebfff600,1,TX 41 seq=21159 rx_latency=1ms tx_dur=1ms,15.707,
2732,10,2614,2864712246,2026-07-14T15:34:34.578311+00:00,261.300178,18770,41,0202aac00a364952005a5811460e29efbf1ffffffc2246cd1e00000fc0007ebfe9ed0737feebfff600,1,TX 41 seq=21160 rx_latency=1ms tx_dur=1ms,17.064,
2732,10,2615,2864712247,2026-07-14T15:34:34.678290+00:00,261.400132,18870,41,0202aac00a3749b6005a5811460e29efbf1ffffffc2246cd1e00000fc0007ebfe9ed0737feebfff600,1,TX 41 seq=21161 rx_latency=1ms tx_dur=1ms,19.081,
2732,10,2616,2864712248,2026-07-14T15:34:34.778298+00:00,261.500144,18970,41,0202aac00a384a1a005a5811460e29efbf1ffffffc2246cd1e00000fc0007ebfe9ed0737feebfff600,1,TX 41 seq=21162 rx_latency=1ms tx_dur=1ms,21.796,
2732,10,2617,2864712249,2026-07-14T15:34:34.878305+00:00,261.600149,19070,41,0202aac00a394a7e005a5811460e29efbf1ffffffc2246cd1e00000fc0007ebfe9ed0737feebfff600,1,TX 41 seq=21163 rx_latency=1ms tx_dur=1ms,23.424,
2732,10,2618,2864712250,2026-07-14T15:34:34.978288+00:00,261.700127,19170,41,0202aac00a3a4ae2005a5811460e29efbf1ffffffc2246cd1e00000fc0007ebfe9ed0737feebfff600,1,TX 41 seq=21164 rx_latency=1ms tx_dur=1ms,15.695,
2732,10,2619,2864712251,2026-07-14T15:34:35.078299+00:00,261.800150,19270,41,0202aac00a3b4b46005a5811460e29efbf1ffffffc2246cd1e00000fc0007ebfe9ed0737feebfff600,1,TX 41 seq=21165 rx_latency=1ms tx_dur=1ms,17.669,
2732,10,2620,2864712252,2026-07-14T15:34:35.178290+00:00,261.900129,19370,41,0202aac00a3c4baa005a5811460e29efbf1ffffffc2246cd1e00000fc0007ebfe9ed0737feebfff600,1,TX 41 seq=21166 rx_latency=1ms tx_dur=1ms,19.365,
2732,10,2621,2864712253,2026-07-14T15:34:35.278262+00:00,262.000103,19470,41,0202aac00a3d4c0e005a5811460e29efbf1ffffffc2246cd1e00000fc0007ebfe9ed0737feebfff600,1,TX 41 seq=21167 rx_latency=1ms tx_dur=1ms,21.044,
2732,10,2622,2864712254,2026-07-14T15:34:35.378299+00:00,262.100147,19570,41,0202aac00a3e4c72005a5811460e29efbf1ffffffc2246cd1e00000fc0007ebfe9ed0737feebfff600,1,TX 41 seq=21168 rx_latency=1ms tx_dur=1ms,23.706,
2732,10,2623,2864712255,2026-07-14T15:34:35.478289+00:00,262.200130,19670,41,0202aac00a3f4cd6005a5811460e29efbf1ffffffc2246cd1e00000fc0007ebfe9ed0737feebfff600,1,TX 41 seq=21169 rx_latency=1ms tx_dur=1ms,15.690,
2732,10,2624,2864712256,2026-07-14T15:34:35.578313+00:00,262.300183,19770,41,0202aac00a404d3a005a5811460e29efbf1ffffffc2246cd1e00000fc0007ebfe9ed0737feebfff600,1,TX 41 seq=21170 rx_latency=1ms tx_dur=1ms,16.956,
2732,10,2625,2864712257,2026-07-14T15:34:35.678295+00:00,262.400141,19870,41,0202aac00a414d9e005a5811460e29efbf1ffffffc2246cd1e00000fc0007ebfe9ed0737feebfff600,1,TX 41 seq=21171 rx_latency=1ms tx_dur=1ms,18.893,
2732,10,2626,2864712258,2026-07-14T15:34:35.778296+00:00,262.500141,19970,41,0202aac00a424e02005a5811460e29efbf1ffffffc2246cd1e00000fc0007ebfe9ed0737feebfff600,1,TX 41 seq=21172 rx_latency=1ms tx_dur=1ms,21.616,
2732,10,2627,2864712259,2026-07-14T15:34:35.878288+00:00,262.600127,20070,41,0202aac00a434e66005a5811460e29efbf1ffffffc2246cd1e00000fc0007ebfe9ed0737feebfff600,1,TX 41 seq=21173 rx_latency=1ms tx_dur=1ms,23.467,
2732,10,2628,2864712260,2026-07-14T15:34:35.978294+00:00,262.700137,20170,41,0202aac00a444eca005a5811460e29efbf1ffffffc2246cd1e00000fc0007ebfe9ed0737feebfff600,1,TX 41 seq=21174 rx_latency=1ms tx_dur=1ms,14.920,
2732,10,2629,2864712261,2026-07-14T15:34:36.078293+00:00,262.800137,20270,41,0202aac00a454f2e005a5811460e29efbf1ffffffc2246cd1e00000fc0007ebfe9ed0737feebfff600,1,TX 41 seq=21175 rx_latency=1ms tx_dur=1ms,17.852,
2732,10,2630,2864712262,2026-07-14T15:34:36.178297+00:00,262.900141,20370,41,0202aac00a464f92005a5811460e29efbf1ffffffc2246cd1e00000fc0007ebfe9ed0737feebfff600,1,TX 41 seq=21176 rx_latency=1ms tx_dur=1ms,19.410,
2732,10,2631,2864712263,2026-07-14T15:34:36.278289+00:00,263.000127,20470,41,0202aac00a474ff6005a5811460e29efbf1ffffffc2246cd1e00000fc0007ebfe9ed0737feebfff600,1,TX 41 seq=21177 rx_latency=1ms tx_dur=1ms,21.349,
2732,10,2632,2864712264,2026-07-14T15:34:36.378297+00:00,263.100141,20570,41,0202aac00a48505a005a5811460e29efbf1ffffffc2246cd1e00000fc0007ebfe9ed0737feebfff600,1,TX 41 seq=21178 rx_latency=1ms tx_dur=1ms,23.350,
2732,10,2633,2864712265,2026-07-14T15:34:36.478289+00:00,263.200129,20670,41,0202aac00a4950be005a5811460e29efbf1ffffffc2246cd1e00000fc0007ebfe9ed0737feebfff600,1,TX 41 seq=21179 rx_latency=1ms tx_dur=1ms,15.650,
2732,10,2634,2864712266,2026-07-14T15:34:36.578308+00:00,263.300168,20770,41,0202aac00a4a5122005a5811460e29efbf1ffffffc2246cd1e00000fc0007ebfe9ed0737feebfff600,1,TX 41 seq=21180 rx_latency=1ms tx_dur=1ms,17.089,
2732,10,2635,2864712267,2026-07-14T15:34:36.678293+00:00,263.400139,20870,41,0202aac00a4b5186005a5811460e29efbf1ffffffc2246cd1e00000fc0007ebfe9ed0737feebfff600,1,TX 41 seq=21181 rx_latency=1ms tx_dur=1ms,18.884,
2732,10,2636,2864712268,2026-07-14T15:34:36.778307+00:00,263.500165,20970,41,0202aac00a4c51ea005a5811460e29efbf1ffffffc2246cd1e00000fc0007ebfe9ed0737feebfff600,1,TX 41 seq=21182 rx_latency=1ms tx_dur=1ms,21.617,
2732,10,2637,2864712269,2026-07-14T15:34:36.878292+00:00,263.600137,21070,41,0202aac00a4d524e005a5811460e29efbf1ffffffc2246cd1e00000fc0007ebfe9ed0737feebfff600,1,TX 41 seq=21183 rx_latency=1ms tx_dur=1ms,23.443,
2732,10,2638,2864712270,2026-07-14T15:34:36.978294+00:00,263.700138,21170,41,0202aac00a4e52b2005a5811460e29efbf1ffffffc2246cd1e00000fc0007ebfe9ed0737feebfff600,1,TX 41 seq=21184 rx_latency=1ms tx_dur=1ms,14.962,
2732,10,2639,2864712271,2026-07-14T15:34:37.078292+00:00,263.800140,21270,41,0202aac00a4f5316005a5811460e29efbf1ffffffc2246cd1e00000fc0007ebfe9ed0737feebfff600,1,TX 41 seq=21185 rx_latency=1ms tx_dur=1ms,17.795,
2732,10,2640,2864712272,2026-07-14T15:34:37.178299+00:00,263.900145,21370,41,0202aac00a50537a005a5811460e29efbf1ffffffc2246cd1e00000fc0007ebfe9ed0737feebfff600,1,TX 41 seq=21186 rx_latency=1ms tx_dur=1ms,19.608,
2732,10,2641,2864712273,2026-07-14T15:34:37.278305+00:00,264.000162,21470,41,0202aac00a5153de005a5811460e29efbf1ffffffc2246cd1e00000fc0007ebfe9ed0737feebfff600,1,TX 41 seq=21187 rx_latency=1ms tx_dur=1ms,21.186,
2732,10,2642,2864712274,2026-07-14T15:34:37.378292+00:00,264.100133,21570,41,0202aac00a525442005a5811460e29efbf1ffffffc2246cd1e00000fc0007ebfe9ed0737feebfff600,1,TX 41 seq=21188 rx_latency=1ms tx_dur=1ms,23.354,
2732,10,2643,2864712275,2026-07-14T15:34:37.478296+00:00,264.200142,21670,41,0202aac00a5354a6005a5811460e29efbf1ffffffc2246cd1e00000fc0007ebfe9ed0737feebfff600,1,TX 41 seq=21189 rx_latency=1ms tx_dur=1ms,15.811,
2732,10,2644,2864712276,2026-07-14T15:34:37.578288+00:00,264.300129,21770,41,0202aac00a54550a005a5811460e29efbf1ffffffc2246cd1e00000fc0007ebfe9ed0737feebfff600,1,TX 41 seq=21190 rx_latency=1ms tx_dur=1ms,16.866,
2732,10,2645,2864712277,2026-07-14T15:34:37.678313+00:00,264.400186,21870,41,0202aac00a55556e005a5811460e29efbf1ffffffc2246cd1e00000fc0007ebfe9ed0737feebfff600,1,TX 41 seq=21191 rx_latency=1ms tx_dur=1ms,19.375,
2732,10,2646,2864712278,2026-07-14T15:34:37.778298+00:00,264.500147,21970,41,0202aac00a5655d2005a5811460e29efbf1ffffffc2246cd1e00000fc0007ebfe9ed0737feebfff600,1,TX 41 seq=21192 rx_latency=1ms tx_dur=1ms,21.994,
2732,10,2647,2864712279,2026-07-14T15:34:37.878297+00:00,264.600148,22070,41,0202aac00a575636005a5811460e29efbf1ffffffc2246cd1e00000fc0007ebfe9ed0737feebfff600,1,TX 41 seq=21193 rx_latency=1ms tx_dur=1ms,22.852,
2732,10,2648,2864712280,2026-07-14T15:34:37.978289+00:00,264.700132,22170,41,0202aac00a58569a005a5811460e29efbf1ffffffc2246cd1e00000fc0007ebfe9ed0737feebfff600,1,TX 41 seq=21194 rx_latency=1ms tx_dur=1ms,15.820,
2732,10,2649,2864712281,2026-07-14T15:34:38.078299+00:00,264.800143,22270,41,0202aac00a5956fe005a5811460e29efbf1ffffffc2246cd1e00000fc0007ebfe9ed0737feebfff600,1,TX 41 seq=21195 rx_latency=1ms tx_dur=1ms,17.880,
2732,10,2650,2864712282,2026-07-14T15:34:38.178293+00:00,264.900138,22370,41,0202aac00a5a5762005a5811460e29efbf1ffffffc2246cd1e00000fc0007ebfe9ed0737feebfff600,1,TX 41 seq=21196 rx_latency=1ms tx_dur=1ms,18.874,
2732,10,2651,2864712283,2026-07-14T15:34:38.278296+00:00,265.000141,22470,41,0202aac00a5b57c6005a5811460e29efbf1ffffffc2246cd1e00000fc0007ebfe9ed0737feebfff600,1,TX 41 seq=21197 rx_latency=1ms tx_dur=1ms,21.521,
2732,10,2652,2864712284,2026-07-14T15:34:38.378292+00:00,265.100136,22570,41,0202aac00a5c582a005a5811460e29efbf1ffffffc2246cd1e00000fc0007ebfe9ed0737feebfff600,1,TX 41 seq=21198 rx_latency=1ms tx_dur=1ms,23.193,
2732,10,2653,2864712285,2026-07-14T15:34:38.478297+00:00,265.200145,22670,41,0202aac00a5d588e005a5811460e29efbf1ffffffc2246cd1e00000fc0007ebfe9ed0737feebfff600,1,TX 41 seq=21199 rx_latency=1ms tx_dur=1ms,15.015,
2732,10,2654,2864712286,2026-07-14T15:34:38.578290+00:00,265.300130,22770,41,0202aac00a5e58f2005a5811460e29efbf1ffffffc2246cd1e00000fc0007ebfe9ed0737feebfff600,1,TX 41 seq=21200 rx_latency=1ms tx_dur=1ms,17.859,
2732,10,2655,2864712287,2026-07-14T15:34:38.678297+00:00,265.400140,22870,41,0202aac00a5f5956005a5811460e29efbf1ffffffc2246cd1e00000fc0007ebfe9ed0737feebfff600,1,TX 41 seq=21201 rx_latency=1ms tx_dur=1ms,19.370,
2732,10,2656,2864712288,2026-07-14T15:34:38.778290+00:00,265.500127,22970,41,0202aac00a6059ba005a5811460e29efbf1ffffffc2246cd1e00000fc0007ebfe9ed0737feebfff600,1,TX 41 seq=21202 rx_latency=1ms tx_dur=1ms,21.085,
2732,10,2657,2864712289,2026-07-14T15:34:38.878295+00:00,265.600137,23070,41,0202aac00a615a1e005a5811460e29efbf1ffffffc2246cd1e00000fc0007ebfe9ed0737feebfff600,1,TX 41 seq=21203 rx_latency=1ms tx_dur=1ms,22.833,
2732,10,2658,2864712290,2026-07-14T15:34:38.978290+00:00,265.700127,23170,41,0202aac00a625a82005a5811460e29efbf1ffffffc2246cd1e00000fc0007ebfe9ed0737feebfff600,1,TX 41 seq=21204 rx_latency=1ms tx_dur=1ms,15.722,
2732,10,2659,2864712291,2026-07-14T15:34:39.078308+00:00,265.800169,23270,41,0202aac00a635ae6005a5811460e29efbf1ffffffc2246cd1e00000fc0007ebfe9ed0737feebfff600,1,TX 41 seq=21205 rx_latency=1ms tx_dur=1ms,17.169,
2732,10,2660,2864712292,2026-07-14T15:34:39.178288+00:00,265.900129,23370,41,0202aac00a645b4a005a5811460e29efbf1ffffffc2246cd1e00000fc0007ebfe9ed0737feebfff600,1,TX 41 seq=21206 rx_latency=1ms tx_dur=1ms,18.910,
2732,10,2661,2864712293,2026-07-14T15:34:39.278299+00:00,266.000149,23470,41,0202aac00a655bae005a5811460e29efbf1ffffffc2246cd1e00000fc0007ebfe9ed0737feebfff600,1,TX 41 seq=21207 rx_latency=1ms tx_dur=1ms,21.745,
2732,10,2662,2864712294,2026-07-14T15:34:39.378290+00:00,266.100131,23570,41,0202aac00a665c12005a5811460e29efbf1ffffffc2246cd1e00000fc0007ebfe9ed0737feebfff600,1,TX 41 seq=21208 rx_latency=1ms tx_dur=1ms,23.484,
2732,10,2663,2864712295,2026-07-14T15:34:39.478299+00:00,266.200145,23670,41,0202aac00a675c76005a5811460e29efbf1ffffffc2246cd1e00000fc0007ebfe9ed0737feebfff600,1,TX 41 seq=21209 rx_latency=1ms tx_dur=1ms,15.565,
2732,10,2664,2864712296,2026-07-14T15:34:39.578294+00:00,266.300139,23770,41,0202aac00a685cda005a5811460e29efbf1ffffffc2246cd1e00000fc0007ebfe9ed0737feebfff600,1,TX 41 seq=21210 rx_latency=1ms tx_dur=1ms,16.961,
2732,10,2665,2864712297,2026-07-14T15:34:39.678298+00:00,266.400146,23870,41,0202aac00a695d3e005a5811460e29efbf1ffffffc2246cd1e00000fc0007ebfe9ed0737feebfff600,1,TX 41 seq=21211 rx_latency=1ms tx_dur=1ms,19.099,
2732,10,2666,2864712298,2026-07-14T15:34:39.778290+00:00,266.500130,23970,41,0202aac00a6a5da2005a5811460e29efbf1ffffffc2246cd1e00000fc0007ebfe9ed0737feebfff600,1,TX 41 seq=21212 rx_latency=1ms tx_dur=1ms,21.170,
2732,10,2667,2864712299,2026-07-14T15:34:39.878297+00:00,266.600141,24070,41,0202aac00a6b5e06005a5811460e29efbf1ffffffc2246cd1e00000fc0007ebfe9ed0737feebfff600,1,TX 41 seq=21213 rx_latency=1ms tx_dur=1ms,23.320,
2732,10,2668,2864712300,2026-07-14T15:34:39.978289+00:00,266.700130,24170,41,0202aac00a6c5e6a005a5811460e29efbf1ffffffc2246cd1e00000fc0007ebfe9ed0737feebfff600,1,TX 41 seq=21214 rx_latency=1ms tx_dur=1ms,14.895,
2732,10,2669,2864712301,2026-07-14T15:34:40.078319+00:00,266.800193,24270,41,0202aac00a6d5ece005a5811460e29efbf1ffffffc2246cd1e00000fc0007ebfe9ed0737feebfff600,1,TX 41 seq=21215 rx_latency=1ms tx_dur=1ms,17.559,
2732,10,2670,2864712302,2026-07-14T15:34:40.178292+00:00,266.900139,24370,41,0202aac00a6e5f32005a5811460e29efbf1ffffffc2246cd1e00000fc0007ebfe9ed0737feebfff600,1,TX 41 seq=21216 rx_latency=1ms tx_dur=1ms,19.393,
2732,10,2671,2864712303,2026-07-14T15:34:40.278299+00:00,267.000143,24470,41,0202aac00a6f5f96005a5811460e29efbf1ffffffc2246cd1e00000fc0007ebfe9ed0737feebfff600,1,TX 41 seq=21217 rx_latency=1ms tx_dur=1ms,21.187,
2732,10,2672,2864712304,2026-07-14T15:34:40.378290+00:00,267.100129,24570,41,0202aac00a705ffa005a5811460e29efbf1ffffffc2246cd1e00000fc0007ebfe9ed0737feebfff600,1,TX 41 seq=21218 rx_latency=1ms tx_dur=1ms,23.199,
2732,10,2673,2864712305,2026-07-14T15:34:40.478298+00:00,267.200144,24670,41,0202aac00a71605e005a5811460e29efbf1ffffffc2246cd1e00000fc0007ebfe9ed0737feebfff600,1,TX 41 seq=21219 rx_latency=1ms tx_dur=1ms,15.710,
2732,10,2674,2864712306,2026-07-14T15:34:40.578294+00:00,267.300139,24770,41,0202aac00a7260c2005a5811460e29efbf1ffffffc2246cd1e00000fc0007ebfe9ed0737feebfff600,1,TX 41 seq=21220 rx_latency=1ms tx_dur=1ms,17.840,
2732,10,2675,2864712307,2026-07-14T15:34:40.678303+00:00,267.400167,24870,41,0202aac00a736126005a5811460e29efbf1ffffffc2246cd1e00000fc0007ebfe9ed0737feebfff600,1,TX 41 seq=21221 rx_latency=1ms tx_dur=1ms,19.303,
2732,10,2676,2864712308,2026-07-14T15:34:40.778235+00:00,267.500080,24970,41,0202aac00a74618a005a5811460e29efbf1ffffffc2246cd1e00000fc0007ebfe9ed0737feebfff600,1,TX 41 seq=21222 rx_latency=1ms tx_dur=1ms,21.130,
2732,10,2677,2864712309,2026-07-14T15:34:40.878298+00:00,267.600143,25070,41,0202aac00a7561ee005a5811460e29efbf1ffffffc2246cd1e00000fc0007ebfe9ed0737feebfff600,1,TX 41 seq=21223 rx_latency=1ms tx_dur=1ms,22.833,
2732,10,2678,2864712310,2026-07-14T15:34:40.978289+00:00,267.700127,25170,41,0202aac00a766252005a5811460e29efbf1ffffffc2246cd1e00000fc0007ebfe9ed0737feebfff600,1,TX 41 seq=21224 rx_latency=1ms tx_dur=1ms,15.736,
2732,10,2679,2864712311,2026-07-14T15:34:41.078305+00:00,267.800163,25270,41,0202aac00a7762b6005a5811460e29efbf1ffffffc2246cd1e00000fc0007ebfe9ed0737feebfff600,1,TX 41 seq=21225 rx_latency=1ms tx_dur=1ms,17.184,
2732,10,2680,2864712312,2026-07-14T15:34:41.178295+00:00,267.900141,25370,41,0202aac00a78631a005a5811460e29efbf1ffffffc2246cd1e00000fc0007ebfe9ed0737feebfff600,1,TX 41 seq=21226 rx_latency=1ms tx_dur=1ms,18.922,
2732,10,2681,2864712313,2026-07-14T15:34:41.278290+00:00,268.000128,25470,41,0202aac00a79637e005a5811460e29efbf1ffffffc2246cd1e00000fc0007ebfe9ed0737feebfff600,1,TX 41 seq=21227 rx_latency=1ms tx_dur=1ms,21.780,
2732,10,2682,2864712314,2026-07-14T15:34:41.378299+00:00,268.100145,25570,41,0202aac00a7a63e2005a5811460e29efbf1ffffffc2246cd1e00000fc0007ebfe9ed0737feebfff600,1,TX 41 seq=21228 rx_latency=1ms tx_dur=1ms,23.502,
2732,10,2683,2864712315,2026-07-14T15:34:41.478289+00:00,268.200127,25670,41,0202aac00a7b6446005a5811460e29efbf1ffffffc2246cd1e00000fc0007ebfe9ed0737feebfff600,1,TX 41 seq=21229 rx_latency=1ms tx_dur=1ms,15.655,
2732,10,2684,2864712316,2026-07-14T15:34:41.578296+00:00,268.300144,25770,41,0202aac00a7c64aa005a5811460e29efbf1ffffffc2246cd1e00000fc0007ebfe9ed0737feebfff600,1,TX 41 seq=21230 rx_latency=1ms tx_dur=1ms,17.746,
2732,10,2685,2864712317,2026-07-14T15:34:41.678292+00:00,268.400132,25870,41,0202aac00a7d650e005a5811460e29efbf1ffffffc2246cd1e00000fc0007ebfe9ed0737feebfff600,1,TX 41 seq=21231 rx_latency=1ms tx_dur=1ms,19.261,
2732,10,2686,2864712318,2026-07-14T15:34:41.778296+00:00,268.500139,25970,41,0202aac00a7e6572005a5811460e29efbf1ffffffc2246cd1e00000fc0007ebfe9ed0737feebfff600,1,TX 41 seq=21232 rx_latency=1ms tx_dur=1ms,21.004,
2732,10,2687,2864712319,2026-07-14T15:34:41.878290+00:00,268.600128,26070,41,0202aac00a7f65d6005a5811460e29efbf1ffffffc2246cd1e00000fc0007ebfe9ed0737feebfff600,1,TX 41 seq=21233 rx_latency=1ms tx_dur=1ms,23.792,
2732,10,2688,2864712320,2026-07-14T15:34:41.978291+00:00,268.700138,26170,41,0202aac00a80663a005a5811460e29efbf1ffffffc2246cd1e00000fc0007ebfe9ed0737feebfff600,1,TX 41 seq=21234 rx_latency=1ms tx_dur=1ms,15.583,
2732,10,2689,2864712321,2026-07-14T15:34:42.078293+00:00,268.800138,26270,41,0202aac00a81669e005a5811460e29efbf1ffffffc2246cd1e00000fc0007ebfe9ed0737feebfff600,1,TX 41 seq=21235 rx_latency=1ms tx_dur=1ms,17.461,
2732,10,2690,2864712322,2026-07-14T15:34:42.178250+00:00,268.900098,26370,41,0202aac00a826702005a5811460e29efbf1ffffffc2246cd1e00000fc0007ebfe9ed0737feebfff600,1,TX 41 seq=21236 rx_latency=1ms tx_dur=1ms,19.978,
2732,10,2691,2864712323,2026-07-14T15:34:42.278297+00:00,269.000142,26470,41,0202aac00a836766005a5811460e29efbf1ffffffc2246cd1e00000fc0007ebfe9ed0737feebfff600,1,TX 41 seq=21237 rx_latency=1ms tx_dur=1ms,22.998,
2732,10,2692,2864712324,2026-07-14T15:34:42.378295+00:00,269.100147,26570,41,0202aac00a8467ca005a5811460e29efbf1ffffffc2246cd1e00000fc0007ebfe9ed0737feebfff600,1,TX 41 seq=21238 rx_latency=1ms tx_dur=1ms,23.303,
2732,10,2693,2864712325,2026-07-14T15:34:42.478297+00:00,269.200144,26670,41,0202aac00a85682e005a5811460e29efbf1ffffffc2246cd1e00000fc0007ebfe9ed0737feebfff600,1,TX 41 seq=21239 rx_latency=1ms tx_dur=1ms,14.929,
2732,10,2694,2864712326,2026-07-14T15:34:42.578290+00:00,269.300131,26770,41,0202aac00a866892005a5811460e29efbf1ffffffc2246cd1e00000fc0007ebfe9ed0737feebfff600,1,TX 41 seq=21240 rx_latency=1ms tx_dur=1ms,17.781,
2732,10,2695,2864712327,2026-07-14T15:34:42.678300+00:00,269.400151,26870,41,0202aac00a8768f6005a5811460e29efbf1ffffffc2246cd1e00000fc0007ebfe9ed0737feebfff600,1,TX 41 seq=21241 rx_latency=1ms tx_dur=1ms,19.482,
2732,10,2696,2864712328,2026-07-14T15:34:42.778288+00:00,269.500128,26970,41,0202aac00a88695a005a5811460e29efbf1ffffffc2246cd1e00000fc0007ebfe9ed0737feebfff600,1,TX 41 seq=21242 rx_latency=1ms tx_dur=1ms,21.241,
2732,10,2697,2864712329,2026-07-14T15:34:42.878298+00:00,269.600144,27070,41,0202aac00a8969be005a5811460e29efbf1ffffffc2246cd1e00000fc0007ebfe9ed0737feebfff600,1,TX 41 seq=21243 rx_latency=1ms tx_dur=1ms,23.908,
2732,10,2698,2864712330,2026-07-14T15:34:42.978290+00:00,269.700130,27170,41,0202aac00a8a6a22005a5811460e29efbf1ffffffc2246cd1e00000fc0007ebfe9ed0737feebfff600,1,TX 41 seq=21244 rx_latency=1ms tx_dur=1ms,15.639,
2732,10,2699,2864712331,2026-07-14T15:34:43.078297+00:00,269.800142,27270,41,0202aac00a8b6a86005a5811460e29efbf1ffffffc2246cd1e00000fc0007ebfe9ed0737feebfff600,1,TX 41 seq=21245 rx_latency=1ms tx_dur=1ms,17.336,
2732,10,2700,2864712332,2026-07-14T15:34:43.178289+00:00,269.900127,27370,41,0202aac00a8c6aea005a5811460e29efbf1ffffffc2246cd1e00000fc0007ebfe9ed0737feebfff600,1,TX 41 seq=21246 rx_latency=1ms tx_dur=1ms,19.071,
2732,10,2701,2864712333,2026-07-14T15:34:43.278295+00:00,270.000142,27470,41,0202aac00a8d6b4e005a5811460e29efbf1ffffffc2246cd1e00000fc0007ebfe9ed0737feebfff600,1,TX 41 seq=21247 rx_latency=1ms tx_dur=1ms,21.095,
2732,10,2702,2864712334,2026-07-14T15:34:43.378299+00:00,270.100154,27570,41,0202aac00a8e6bb2005a5811460e29efbf1ffffffc2246cd1e00000fc0007ebfe9ed0737feebfff600,1,TX 41 seq=21248 rx_latency=1ms tx_dur=1ms,23.535,
2732,10,2703,2864712335,2026-07-14T15:34:43.478292+00:00,270.200136,27670,41,0202aac00a8f6c16005a5811460e29efbf1ffffffc2246cd1e00000fc0007ebfe9ed0737feebfff600,1,TX 41 seq=21249 rx_latency=1ms tx_dur=1ms,15.798,
2732,10,2704,2864712336,2026-07-14T15:34:43.578299+00:00,270.300147,27770,41,0202aac00a906c7a005a5811460e29efbf1ffffffc2246cd1e00000fc0007ebfe9ed0737feebfff600,1,TX 41 seq=21250 rx_latency=1ms tx_dur=1ms,17.280,
2732,10,2705,2864712337,2026-07-14T15:34:43.678308+00:00,270.400177,27870,41,0202aac00a916cde005a5811460e29efbf1ffffffc2246cd1e00000fc0007ebfe9ed0737feebfff600,1,TX 41 seq=21251 rx_latency=1ms tx_dur=1ms,18.923,
2732,10,2706,2864712338,2026-07-14T15:34:43.778293+00:00,270.500137,27970,41,0202aac00a926d42005a5811460e29efbf1ffffffc2246cd1e00000fc0007ebfe9ed0737feebfff600,1,TX 41 seq=21252 rx_latency=1ms tx_dur=1ms,21.825,
2732,10,2707,2864712339,2026-07-14T15:34:43.878302+00:00,270.600153,28070,41,0202aac00a936da6005a5811460e29efbf1ffffffc2246cd1e00000fc0007ebfe9ed0737feebfff600,1,TX 41 seq=21253 rx_latency=1ms tx_dur=1ms,23.573,
2732,10,2708,2864712340,2026-07-14T15:34:43.978291+00:00,270.700131,28170,41,0202aac00a946e0a005a5811460e29efbf1ffffffc2246cd1e00000fc0007ebfe9ed0737feebfff600,1,TX 41 seq=21254 rx_latency=1ms tx_dur=1ms,15.724,
2732,10,2709,2864712341,2026-07-14T15:34:44.078298+00:00,270.800142,28270,41,0202aac00a956e6e005a5811460e29efbf1ffffffc2246cd1e00000fc0007ebfe9ed0737feebfff600,1,TX 41 seq=21255 rx_latency=1ms tx_dur=1ms,17.833,
2732,10,2710,2864712342,2026-07-14T15:34:44.178290+00:00,270.900127,28370,41,0202aac00a966ed2005a5811460e29efbf1ffffffc2246cd1e00000fc0007ebfe9ed0737feebfff600,1,TX 41 seq=21256 rx_latency=1ms tx_dur=1ms,19.898,
2732,10,2711,2864712343,2026-07-14T15:34:44.278296+00:00,271.000138,28470,41,0202aac00a976f36005a5811460e29efbf1ffffffc2246cd1e00000fc0007ebfe9ed0737feebfff600,1,TX 41 seq=21257 rx_latency=1ms tx_dur=1ms,21.255,
2732,10,2712,2864712344,2026-07-14T15:34:44.378295+00:00,271.100148,28570,41,0202aac00a986f9a005a5811460e29efbf1ffffffc2246cd1e00000fc0007ebfe9ed0737feebfff600,1,TX 41 seq=21258 rx_latency=1ms tx_dur=1ms,23.335,
2732,10,2713,2864712345,2026-07-14T15:34:44.478298+00:00,271.200151,28670,41,0202aac00a996ffe005a5811460e29efbf1ffffffc2246cd1e00000fc0007ebfe9ed0737feebfff600,1,TX 41 seq=21259 rx_latency=1ms tx_dur=1ms,14.942,
2732,10,2714,2864712346,2026-07-14T15:34:44.578301+00:00,271.300151,28770,41,0202aac00a9a7062005a5811460e29efbf1ffffffc2246cd1e00000fc0007ebfe9ed0737feebfff600,1,TX 41 seq=21260 rx_latency=1ms tx_dur=1ms,17.785,
2732,10,2715,2864712347,2026-07-14T15:34:44.678292+00:00,271.400134,28870,41,0202aac00a9b70c6005a5811460e29efbf1ffffffc2246cd1e00000fc0007ebfe9ed0737feebfff600,1,TX 41 seq=21261 rx_latency=1ms tx_dur=1ms,19.503,
2732,10,2716,2864712348,2026-07-14T15:34:44.778298+00:00,271.500143,28970,41,0202aac00a9c712a005a5811460e29efbf1ffffffc2246cd1e00000fc0007ebfe9ed0737feebfff600,1,TX 41 seq=21262 rx_latency=1ms tx_dur=1ms,21.255,
2732,10,2717,2864712349,2026-07-14T15:34:44.878292+00:00,271.600135,29070,41,0202aac00a9d718e005a5811460e29efbf1ffffffc2246cd1e00000fc0007ebfe9ed0737feebfff600,1,TX 41 seq=21263 rx_latency=1ms tx_dur=1ms,23.281,
2732,10,2718,2864712350,2026-07-14T15:34:44.978300+00:00,271.700145,29170,41,0202aac00a9e71f2005a5811460e29efbf1ffffffc2246cd1e00000fc0007ebfe9ed0737feebfff600,1,TX 41 seq=21264 rx_latency=1ms tx_dur=1ms,15.806,
2732,10,2719,2864712351,2026-07-14T15:34:45.078295+00:00,271.800140,29270,41,0202aac00a9f7256005a5811460e29efbf1ffffffc2246cd1e00000fc0007ebfe9ed0737feebfff600,1,TX 41 seq=21265 rx_latency=1ms tx_dur=1ms,16.865,
2732,10,2720,2864712352,2026-07-14T15:34:45.178272+00:00,271.900135,29370,41,0202aac00aa072ba005a5811460e29efbf1ffffffc2246cd1e00000fc0007ebfe9ed0737feebfff600,1,TX 41 seq=21266 rx_latency=1ms tx_dur=1ms,19.451,
2732,10,2721,2864712353,2026-07-14T15:34:45.278292+00:00,272.000135,29470,41,0202aac00aa1731e005a5811460e29efbf1ffffffc2246cd1e00000fc0007ebfe9ed0737feebfff600,1,TX 41 seq=21267 rx_latency=1ms tx_dur=1ms,21.203,
2732,10,2722,2864712354,2026-07-14T15:34:45.378298+00:00,272.100144,29570,41,0202aac00aa27382005a5811460e29efbf1ffffffc2246cd1e00000fc0007ebfe9ed0737feebfff600,1,TX 41 seq=21268 rx_latency=1ms tx_dur=1ms,22.934,
2732,10,2723,2864712355,2026-07-14T15:34:45.478291+00:00,272.200131,29670,41,0202aac00aa373e6005a5811460e29efbf1ffffffc2246cd1e00000fc0007ebfe9ed0737feebfff600,1,TX 41 seq=21269 rx_latency=1ms tx_dur=1ms,15.824,
2732,10,2724,2864712356,2026-07-14T15:34:45.578334+00:00,272.300192,29770,41,0202aac00aa4744a005a5811460e29efbf1ffffffc2246cd1e00000fc0007ebfe9ed0737feebfff600,1,TX 41 seq=21270 rx_latency=1ms tx_dur=1ms,17.268,
2732,10,2725,2864712357,2026-07-14T15:34:45.678299+00:00,272.400151,29870,41,0202aac00aa574ae005a5811460e29efbf1ffffffc2246cd1e00000fc0007ebfe9ed0737feebfff600,1,TX 41 seq=21271 rx_latency=1ms tx_dur=1ms,18.990,
2732,10,2726,2864712358,2026-07-14T15:34:45.778299+00:00,272.500145,29970,41,0202aac00aa67512005a5811460e29efbf1ffffffc2246cd1e00000fc0007ebfe9ed0737feebfff600,1,TX 41 seq=21272 rx_latency=1ms tx_dur=1ms,21.920,
2732,10,2727,2864712359,2026-07-14T15:34:45.878290+00:00,272.600128,30070,41,0202aac00aa77576005a5811460e29efbf1ffffffc2246cd1e00000fc0007ebfe9ed0737feebfff600,1,TX 41 seq=21273 rx_latency=1ms tx_dur=1ms,23.569,
2732,10,2728,2864712360,2026-07-14T15:34:45.978297+00:00,272.700141,30170,41,0202aac00aa875da005a5811460e29efbf1ffffffc2246cd1e00000fc0007ebfe9ed0737feebfff600,1,TX 41 seq=21274 rx_latency=1ms tx_dur=1ms,15.690,
2732,10,2729,2864712361,2026-07-14T15:34:46.078294+00:00,272.800136,30270,41,0202aac00aa9763e005a5811460e29efbf1ffffffc2246cd1e00000fc0007ebfe9ed0737feebfff600,1,TX 41 seq=21275 rx_latency=1ms tx_dur=1ms,17.864,
2732,10,2730,2864712362,2026-07-14T15:34:46.178292+00:00,272.900133,30370,41,0202aac00aaa76a2005a5811460e29efbf1ffffffc2246cd1e00000fc0007ebfe9ed0737feebfff600,1,TX 41 seq=21276 rx_latency=1ms tx_dur=1ms,19.911,
2732,10,2731,2864712363,2026-07-14T15:34:46.278297+00:00,273.000140,30470,41,0202aac00aab7706005a5811460e29efbf1ffffffc2246cd1e00000fc0007ebfe9ed0737feebfff600,1,TX 41 seq=21277 rx_latency=1ms tx_dur=1ms,21.281,
2732,10,2732,2864712364,2026-07-14T15:34:46.378289+00:00,273.100126,30570,41,0202aac00aac776a005a5811460e29efbf1ffffffc2246cd1e00000fc0007ebfe9ed0737feebfff600,1,TX 41 seq=21278 rx_latency=1ms tx_dur=1ms,23.399,
2732,10,2733,2864712365,2026-07-14T15:34:46.478298+00:00,273.200141,30670,41,0202aac00aad77ce005a5811460e29efbf1ffffffc2246cd1e00000fc0007ebfe9ed0737feebfff600,1,TX 41 seq=21279 rx_latency=1ms tx_dur=1ms,14.979,
2732,10,2734,2864712366,2026-07-14T15:34:46.578289+00:00,273.300125,30770,41,0202aac00aae7832005a5811460e29efbf1ffffffc2246cd1e00000fc0007ebfe9ed0737feebfff600,1,TX 41 seq=21280 rx_latency=1ms tx_dur=1ms,17.837,
2732,10,2735,2864712367,2026-07-14T15:34:46.678297+00:00,273.400149,30870,41,0202aac00aaf7896005a5811460e29efbf1ffffffc2246cd1e00000fc0007ebfe9ed0737feebfff600,1,TX 41 seq=21281 rx_latency=1ms tx_dur=1ms,19.473,
2732,10,2736,2864712368,2026-07-14T15:34:46.778269+00:00,273.500115,30970,41,0202aac00ab078fa005a5811460e29efbf1ffffffc2246cd1e00000fc0007ebfe9ed0737feebfff600,1,TX 41 seq=21282 rx_latency=1ms tx_dur=1ms,21.286,
2732,10,2737,2864712369,2026-07-14T15:34:46.878290+00:00,273.600129,31070,41,0202aac00ab1795e005a5811460e29efbf1ffffffc2246cd1e00000fc0007ebfe9ed0737feebfff600,1,TX 41 seq=21283 rx_latency=1ms tx_dur=1ms,23.307,
2732,10,2738,2864712370,2026-07-14T15:34:46.978296+00:00,273.700138,31170,41,0202aac00ab279c2005a5811460e29efbf1ffffffc2246cd1e00000fc0007ebfe9ed0737feebfff600,1,TX 41 seq=21284 rx_latency=1ms tx_dur=1ms,15.837,
2732,10,2739,2864712371,2026-07-14T15:34:47.078298+00:00,273.800150,31270,41,0202aac00ab37a26005a5811460e29efbf1ffffffc2246cd1e00000fc0007ebfe9ed0737feebfff600,1,TX 41 seq=21285 rx_latency=1ms tx_dur=1ms,17.981,
2732,10,2740,2864712372,2026-07-14T15:34:47.178300+00:00,273.900149,31370,41,0202aac00ab47a8a005a5811460e29efbf1ffffffc2246cd1e00000fc0007ebfe9ed0737feebfff600,1,TX 41 seq=21286 rx_latency=1ms tx_dur=1ms,18.900,
2732,10,2741,2864712373,2026-07-14T15:34:47.278288+00:00,274.000132,31470,41,0202aac00ab57aee005a5811460e29efbf1ffffffc2246cd1e00000fc0007ebfe9ed0737feebfff600,1,TX 41 seq=21287 rx_latency=1ms tx_dur=1ms,20.973,
2732,10,2742,2864712374,2026-07-14T15:34:47.378299+00:00,274.100144,31570,41,0202aac00ab67b52005a5811460e29efbf1ffffffc2246cd1e00000fc0007ebfe9ed0737feebfff600,1,TX 41 seq=21288 rx_latency=1ms tx_dur=1ms,23.698,
2732,10,2743,2864712375,2026-07-14T15:34:47.478291+00:00,274.200130,31670,41,0202aac00ab77bb6005a5811460e29efbf1ffffffc2246cd1e00000fc0007ebfe9ed0737feebfff600,1,TX 41 seq=21289 rx_latency=1ms tx_dur=1ms,15.521,
2732,10,2744,2864712376,2026-07-14T15:34:47.578301+00:00,274.300151,31770,41,0202aac00ab87c1a005a5811460e29efbf1ffffffc2246cd1e00000fc0007ebfe9ed0737feebfff600,1,TX 41 seq=21290 rx_latency=1ms tx_dur=1ms,17.185,
2732,10,2745,2864712377,2026-07-14T15:34:47.678298+00:00,274.400148,31870,41,0202aac00ab97c7e005a5811460e29efbf1ffffffc2246cd1e00000fc0007ebfe9ed0737feebfff600,1,TX 41 seq=21291 rx_latency=1ms tx_dur=1ms,18.888,
2732,10,2746,2864712378,2026-07-14T15:34:47.778301+00:00,274.500151,31970,41,0202aac00aba7ce2005a5811460e29efbf1ffffffc2246cd1e00000fc0007ebfe9ed0737feebfff600,1,TX 41 seq=21292 rx_latency=1ms tx_dur=1ms,21.527,
2732,10,2747,2864712379,2026-07-14T15:34:47.878300+00:00,274.600157,32070,41,0202aac00abb7d46005a5811460e29efbf1ffffffc2246cd1e00000fc0007ebfe9ed0737feebfff600,1,TX 41 seq=21293 rx_latency=1ms tx_dur=1ms,23.172,
2732,10,2748,2864712380,2026-07-14T15:34:47.978299+00:00,274.700144,32170,41,0202aac00abc7daa005a5811460e29efbf1ffffffc2246cd1e00000fc0007ebfe9ed0737feebfff600,1,TX 41 seq=21294 rx_latency=1ms tx_dur=1ms,15.024,
2732,10,2749,2864712381,2026-07-14T15:34:48.078291+00:00,274.800130,32270,41,0202aac00abd7e0e005a5811460e29efbf1ffffffc2246cd1e00000fc0007ebfe9ed0737feebfff600,1,TX 41 seq=21295 rx_latency=1ms tx_dur=1ms,17.875,
2732,10,2750,2864712382,2026-07-14T15:34:48.178298+00:00,274.900143,32370,41,0202aac00abe7e72005a5811460e29efbf1ffffffc2246cd1e00000fc0007ebfe9ed0737feebfff600,1,TX 41 seq=21296 rx_latency=1ms tx_dur=1ms,19.386,
2732,10,2751,2864712383,2026-07-14T15:34:48.278296+00:00,275.000139,32470,41,0202aac00abf7ed6005a5811460e29efbf1ffffffc2246cd1e00000fc0007ebfe9ed0737feebfff600,1,TX 41 seq=21297 rx_latency=1ms tx_dur=1ms,21.108,
2732,10,2752,2864712384,2026-07-14T15:34:48.378293+00:00,275.100135,32570,41,0202aac00ac07f3a005a5811460e29efbf1ffffffc2246cd1e00000fc0007ebfe9ed0737feebfff600,1,TX 41 seq=21298 rx_latency=1ms tx_dur=1ms,23.884,
2732,10,2753,2864712385,2026-07-14T15:34:48.478262+00:00,275.200106,32670,41,0202aac00ac17f9e005a5811460e29efbf1ffffffc2246cd1e00000fc0007ebfe9ed0737feebfff600,1,TX 41 seq=21299 rx_latency=1ms tx_dur=1ms,15.737,
2732,10,2754,2864712386,2026-07-14T15:34:48.578290+00:00,275.300130,32770,41,0202aac00ac28002005a5811460e29efbf1ffffffc2246cd1e00000fc0007ebfe9ed0737feebfff600,1,TX 41 seq=21300 rx_latency=1ms tx_dur=1ms,17.781,
2732,10,2755,2864712387,2026-07-14T15:34:48.678302+00:00,275.400162,32870,41,0202aac00ac38066005a5811460e29efbf1ffffffc2246cd1e00000fc0007ebfe9ed0737feebfff600,1,TX 41 seq=21301 rx_latency=1ms tx_dur=1ms,19.062,
2732,10,2756,2864712388,2026-07-14T15:34:48.778302+00:00,275.500160,32970,41,0202aac00ac480ca005a5811460e29efbf1ffffffc2246cd1e00000fc0007ebfe9ed0737feebfff600,1,TX 41 seq=21302 rx_latency=1ms tx_dur=1ms,21.229,
2732,10,2757,2864712389,2026-07-14T15:34:48.878296+00:00,275.600150,33070,41,0202aac00ac5812e005a5811460e29efbf1ffffffc2246cd1e00000fc0007ebfe9ed0737feebfff600,1,TX 41 seq=21303 rx_latency=1ms tx_dur=1ms,23.270,
2732,10,2758,2864712390,2026-07-14T15:34:48.978299+00:00,275.700146,33170,41,0202aac00ac68192005a5811460e29efbf1ffffffc2246cd1e00000fc0007ebfe9ed0737feebfff600,1,TX 41 seq=21304 rx_latency=1ms tx_dur=1ms,15.815,
2732,10,2759,2864712391,2026-07-14T15:34:49.078307+00:00,275.800174,33270,41,0202aac00ac781f6005a5811460e29efbf1ffffffc2246cd1e00000fc0007ebfe9ed0737feebfff600,1,TX 41 seq=21305 rx_latency=1ms tx_dur=1ms,16.783,
2732,10,2760,2864712392,2026-07-14T15:34:49.178302+00:00,275.900157,33370,41,0202aac00ac8825a005a5811460e29efbf1ffffffc2246cd1e00000fc0007ebfe9ed0737feebfff600,1,TX 41 seq=21306 rx_latency=1ms tx_dur=1ms,19.471,
2732,10,2761,2864712393,2026-07-14T15:34:49.278291+00:00,276.000134,33470,41,0202aac00ac982be005a5811460e29efbf1ffffffc2246cd1e00000fc0007ebfe9ed0737feebfff600,1,TX 41 seq=21307 rx_latency=1ms tx_dur=1ms,21.234,
2732,10,2762,2864712394,2026-07-14T15:34:49.378298+00:00,276.100144,33570,41,0202aac00aca8322005a5811460e29efbf1ffffffc2246cd1e00000fc0007ebfe9ed0737feebfff600,1,TX 41 seq=21308 rx_latency=1ms tx_dur=1ms,22.962,
2732,10,2763,2864712395,2026-07-14T15:34:49.478290+00:00,276.200130,33670,41,0202aac00acb8386005a5811460e29efbf1ffffffc2246cd1e00000fc0007ebfe9ed0737feebfff600,1,TX 41 seq=21309 rx_latency=1ms tx_dur=1ms,15.857,
2732,10,2764,2864712396,2026-07-14T15:34:49.578296+00:00,276.300140,33770,41,0202aac00acc83ea005a5811460e29efbf1ffffffc2246cd1e00000fc0007ebfe9ed0737feebfff600,1,TX 41 seq=21310 rx_latency=1ms tx_dur=1ms,17.882,
2732,10,2765,2864712397,2026-07-14T15:34:49.678313+00:00,276.400183,33870,41,0202aac00acd844e005a5811460e29efbf1ffffffc2246cd1e00000fc0007ebfe9ed0737feebfff600,1,TX 41 seq=21311 rx_latency=1ms tx_dur=1ms,18.796,
2732,10,2766,2864712398,2026-07-14T15:34:49.778302+00:00,276.500157,33970,41,0202aac00ace84b2005a5811460e29efbf1ffffffc2246cd1e00000fc0007ebfe9ed0737feebfff600,1,TX 41 seq=21312 rx_latency=1ms tx_dur=1ms,21.511,
2732,10,2767,2864712399,2026-07-14T15:34:49.878292+00:00,276.600135,34070,41,0202aac00acf8516005a5811460e29efbf1ffffffc2246cd1e00000fc0007ebfe9ed0737feebfff600,1,TX 41 seq=21313 rx_latency=1ms tx_dur=1ms,23.263,
2732,10,2768,2864712400,2026-07-14T15:34:49.978303+00:00,276.700158,34170,41,0202aac00ad0857a005a5811460e29efbf1ffffffc2246cd1e00000fc0007ebfe9ed0737feebfff600,1,TX 41 seq=21314 rx_latency=1ms tx_dur=1ms,14.994,
2732,10,2769,2864712401,2026-07-14T15:34:50.078298+00:00,276.800141,34270,41,0202aac00ad185de005a5811460e29efbf1ffffffc2246cd1e00000fc0007ebfe9ed0737feebfff600,1,TX 41 seq=21315 rx_latency=1ms tx_dur=1ms,17.872,
2732,10,2770,2864712402,2026-07-14T15:34:50.178298+00:00,276.900143,34370,41,0202aac00ad28642005a5811460e29efbf1ffffffc2246cd1e00000fc0007ebfe9ed0737feebfff600,1,TX 41 seq=21316 rx_latency=1ms tx_dur=1ms,19.394,
2732,10,2771,2864712403,2026-07-14T15:34:50.278291+00:00,277.000131,34470,41,0202aac00ad386a6005a5811460e29efbf1ffffffc2246cd1e00000fc0007ebfe9ed0737feebfff600,1,TX 41 seq=21317 rx_latency=1ms tx_dur=1ms,21.097,
2732,10,2772,2864712404,2026-07-14T15:34:50.378295+00:00,277.100139,34570,41,0202aac00ad4870a005a5811460e29efbf1ffffffc2246cd1e00000fc0007ebfe9ed0737feebfff600,1,TX 41 seq=21318 rx_latency=1ms tx_dur=1ms,22.862,
2732,10,2773,2864712405,2026-07-14T15:34:50.478292+00:00,277.200130,34670,41,0202aac00ad5876e005a5811460e29efbf1ffffffc2246cd1e00000fc0007ebfe9ed0737feebfff600,1,TX 41 seq=21319 rx_latency=1ms tx_dur=1ms,15.737,
2732,10,2774,2864712406,2026-07-14T15:34:50.578297+00:00,277.300139,34770,41,0202aac00ad687d2005a5811460e29efbf1ffffffc2246cd1e00000fc0007ebfe9ed0737feebfff600,1,TX 41 seq=21320 rx_latency=1ms tx_dur=1ms,17.241,
2732,10,2775,2864712407,2026-07-14T15:34:50.678296+00:00,277.400137,34870,41,0202aac00ad78836005a5811460e29efbf1ffffffc2246cd1e00000fc0007ebfe9ed0737feebfff600,1,TX 41 seq=21321 rx_latency=1ms tx_dur=1ms,18.965,
2732,10,2776,2864712408,2026-07-14T15:34:50.778298+00:00,277.500141,34970,41,0202aac00ad8889a005a5811460e29efbf1ffffffc2246cd1e00000fc0007ebfe9ed0737feebfff600,1,TX 41 seq=21322 rx_latency=1ms tx_dur=1ms,21.779,
2732,10,2777,2864712409,2026-07-14T15:34:50.878297+00:00,277.600140,35070,41,0202aac00ad988fe005a5811460e29efbf1ffffffc2246cd1e00000fc0007ebfe9ed0737feebfff600,1,TX 41 seq=21323 rx_latency=1ms tx_dur=1ms,23.527,
2732,10,2778,2864712410,2026-07-14T15:34:50.978301+00:00,277.700154,35170,41,0202aac00ada8962005a5811460e29efbf1ffffffc2246cd1e00000fc0007ebfe9ed0737feebfff600,1,TX 41 seq=21324 rx_latency=1ms tx_dur=1ms,15.020,
2732,10,2779,2864712411,2026-07-14T15:34:51.078297+00:00,277.800140,35270,41,0202aac00adb89c6005a5811460e29efbf1ffffffc2246cd1e00000fc0007ebfe9ed0737feebfff600,1,TX 41 seq=21325 rx_latency=1ms tx_dur=1ms,17.910,
2732,10,2780,2864712412,2026-07-14T15:34:51.178296+00:00,277.900138,35370,41,0202aac00adc8a2a005a5811460e29efbf1ffffffc2246cd1e00000fc0007ebfe9ed0737feebfff600,1,TX 41 seq=21326 rx_latency=1ms tx_dur=1ms,19.642,
2732,10,2781,2864712413,2026-07-14T15:34:51.278296+00:00,278.000137,35470,41,0202aac00add8a8e005a5811460e29efbf1ffffffc2246cd1e00000fc0007ebfe9ed0737feebfff600,1,TX 41 seq=21327 rx_latency=1ms tx_dur=1ms,21.356,
2732,10,2782,2864712414,2026-07-14T15:34:51.378295+00:00,278.100138,35570,41,0202aac00ade8af2005a5811460e29efbf1ffffffc2246cd1e00000fc0007ebfe9ed0737feebfff600,1,TX 41 seq=21328 rx_latency=1ms tx_dur=1ms,23.440,
2732,10,2783,2864712415,2026-07-14T15:34:51.478297+00:00,278.200140,35670,41,0202aac00adf8b56005a5811460e29efbf1ffffffc2246cd1e00000fc0007ebfe9ed0737feebfff600,1,TX 41 seq=21329 rx_latency=1ms tx_dur=1ms,15.600,
2732,10,2784,2864712416,2026-07-14T15:34:51.578300+00:00,278.300146,35770,41,0202aac00ae08bba005a5811460e29efbf1ffffffc2246cd1e00000fc0007ebfe9ed0737feebfff600,1,TX 41 seq=21330 rx_latency=1ms tx_dur=1ms,17.048,
2732,10,2785,2864712417,2026-07-14T15:34:51.678294+00:00,278.400138,35870,41,0202aac00ae18c1e005a5811460e29efbf1ffffffc2246cd1e00000fc0007ebfe9ed0737feebfff600,1,TX 41 seq=21331 rx_latency=1ms tx_dur=1ms,20.026,
2732,10,2786,2864712418,2026-07-14T15:34:51.778311+00:00,278.500176,35970,41,0202aac00ae28c82005a5811460e29efbf1ffffffc2246cd1e00000fc0007ebfe9ed0737feebfff600,1,TX 41 seq=21332 rx_latency=1ms tx_dur=1ms,21.518,
2732,10,2787,2864712419,2026-07-14T15:34:51.878294+00:00,278.600140,36070,41,0202aac00ae38ce6005a5811460e29efbf1ffffffc2246cd1e00000fc0007ebfe9ed0737feebfff600,1,TX 41 seq=21333 rx_latency=1ms tx_dur=1ms,23.480,
2732,10,2788,2864712420,2026-07-14T15:34:51.978299+00:00,278.700146,36170,41,0202aac00ae48d4a005a5811460e29efbf1ffffffc2246cd1e00000fc0007ebfe9ed0737feebfff600,1,TX 41 seq=21334 rx_latency=1ms tx_dur=1ms,14.891,
2732,10,2789,2864712421,2026-07-14T15:34:52.078290+00:00,278.800129,36270,41,0202aac00ae58dae005a5811460e29efbf1ffffffc2246cd1e00000fc0007ebfe9ed0737feebfff600,1,TX 41 seq=21335 rx_latency=1ms tx_dur=1ms,17.866,
2732,10,2790,2864712422,2026-07-14T15:34:52.178318+00:00,278.900194,36370,41,0202aac00ae68e12005a5811460e29efbf1ffffffc2246cd1e00000fc0007ebfe9ed0737feebfff600,1,TX 41 seq=21336 rx_latency=1ms tx_dur=1ms,19.293,
2732,10,2791,2864712423,2026-07-14T15:34:52.278294+00:00,279.000142,36470,41,0202aac00ae78e76005a5811460e29efbf1ffffffc2246cd1e00000fc0007ebfe9ed0737feebfff600,1,TX 41 seq=21337 rx_latency=1ms tx_dur=1ms,21.285,
2732,10,2792,2864712424,2026-07-14T15:34:52.378296+00:00,279.100141,36570,41,0202aac00ae88eda005a5811460e29efbf1ffffffc2246cd1e00000fc0007ebfe9ed0737feebfff600,1,TX 41 seq=21338 rx_latency=1ms tx_dur=1ms,23.883,
2732,10,2793,2864712425,2026-07-14T15:34:52.478296+00:00,279.200138,36670,41,0202aac00ae98f3e005a5811460e29efbf1ffffffc2246cd1e00000fc0007ebfe9ed0737feebfff600,1,TX 41 seq=21339 rx_latency=1ms tx_dur=1ms,15.634,
2732,10,2794,2864712426,2026-07-14T15:34:52.578295+00:00,279.300137,36770,41,0202aac00aea8fa2005a5811460e29efbf1ffffffc2246cd1e00000fc0007ebfe9ed0737feebfff600,1,TX 41 seq=21340 rx_latency=1ms tx_dur=1ms,17.363,
2732,10,2795,2864712427,2026-07-14T15:34:52.678298+00:00,279.400144,36870,41,0202aac00aeb9006005a5811460e29efbf1ffffffc2246cd1e00000fc0007ebfe9ed0737feebfff600,1,TX 41 seq=21341 rx_latency=1ms tx_dur=1ms,19.070,
2732,10,2796,2864712428,2026-07-14T15:34:52.778291+00:00,279.500133,36970,41,0202aac00aec906a005a5811460e29efbf1ffffffc2246cd1e00000fc0007ebfe9ed0737feebfff600,1,TX 41 seq=21342 rx_latency=1ms tx_dur=1ms,21.170,
2732,10,2797,2864712429,2026-07-14T15:34:52.878295+00:00,279.600139,37070,41,0202aac00aed90ce005a5811460e29efbf1ffffffc2246cd1e00000fc0007ebfe9ed0737feebfff600,1,TX 41 seq=21343 rx_latency=1ms tx_dur=1ms,23.239,
2732,10,2798,2864712430,2026-07-14T15:34:52.978289+00:00,279.700128,37170,41,0202aac00aee9132005a5811460e29efbf1ffffffc2246cd1e00000fc0007ebfe9ed0737feebfff600,1,TX 41 seq=21344 rx_latency=1ms tx_dur=1ms,16.000,
2732,10,2799,2864712431,2026-07-14T15:34:53.078294+00:00,279.800136,37270,41,0202aac00aef9196005a5811460e29efbf1ffffffc2246cd1e00000fc0007ebfe9ed0737feebfff600,1,TX 41 seq=21345 rx_latency=1ms tx_dur=1ms,17.689,
2732,10,2800,2864712432,2026-07-14T15:34:53.178304+00:00,279.900158,37370,41,0202aac00af091fa005a5811460e29efbf1ffffffc2246cd1e00000fc0007ebfe9ed0737feebfff600,1,TX 41 seq=21346 rx_latency=1ms tx_dur=1ms,19.403,
2732,10,2801,2864712433,2026-07-14T15:34:53.278297+00:00,280.000150,37470,41,0202aac00af1925e005a5811460e29efbf1ffffffc2246cd1e00000fc0007ebfe9ed0737feebfff600,1,TX 41 seq=21347 rx_latency=1ms tx_dur=1ms,21.049,
2732,10,2802,2864712434,2026-07-14T15:34:53.378297+00:00,280.100149,37570,41,0202aac00af292c2005a5811460e29efbf1ffffffc2246cd1e00000fc0007ebfe9ed0737feebfff600,1,TX 41 seq=21348 rx_latency=1ms tx_dur=1ms,23.784,
2732,10,2803,2864712435,2026-07-14T15:34:53.478299+00:00,280.200146,37670,41,0202aac00af39326005a5811460e29efbf1ffffffc2246cd1e00000fc0007ebfe9ed0737feebfff600,1,TX 41 seq=21349 rx_latency=1ms tx_dur=1ms,15.495,
2732,10,2804,2864712436,2026-07-14T15:34:53.578291+00:00,280.300132,37770,41,0202aac00af4938a005a5811460e29efbf1ffffffc2246cd1e00000fc0007ebfe9ed0737feebfff600,1,TX 41 seq=21350 rx_latency=1ms tx_dur=1ms,17.261,
2732,10,2805,2864712437,2026-07-14T15:34:53.678274+00:00,280.400122,37870,41,0202aac00af593ee005a5811460e29efbf1ffffffc2246cd1e00000fc0007ebfe9ed0737feebfff600,1,TX 41 seq=21351 rx_latency=1ms tx_dur=1ms,18.975,
2732,10,2806,2864712438,2026-07-14T15:34:53.778298+00:00,280.500143,37970,41,0202aac00af69452005a5811460e29efbf1ffffffc2246cd1e00000fc0007ebfe9ed0737feebfff600,1,TX 41 seq=21352 rx_latency=1ms tx_dur=1ms,21.610,
2732,10,2807,2864712439,2026-07-14T15:34:53.878299+00:00,280.600147,38070,41,0202aac00af794b6005a5811460e29efbf1ffffffc2246cd1e00000fc0007ebfe9ed0737feebfff600,1,TX 41 seq=21353 rx_latency=1ms tx_dur=1ms,23.289,
2732,10,2808,2864712440,2026-07-14T15:34:53.978289+00:00,280.700129,38170,41,0202aac00af8951a005a5811460e29efbf1ffffffc2246cd1e00000fc0007ebfe9ed0737feebfff600,1,TX 41 seq=21354 rx_latency=1ms tx_dur=1ms,15.098,
2732,10,2809,2864712441,2026-07-14T15:34:54.078290+00:00,280.800134,38270,41,0202aac00af9957e005a5811460e29efbf1ffffffc2246cd1e00000fc0007ebfe9ed0737feebfff600,1,TX 41 seq=21355 rx_latency=1ms tx_dur=1ms,17.918,
2732,10,2810,2864712442,2026-07-14T15:34:54.178290+00:00,280.900129,38370,41,0202aac00afa95e2005a5811460e29efbf1ffffffc2246cd1e00000fc0007ebfe9ed0737feebfff600,1,TX 41 seq=21356 rx_latency=1ms tx_dur=1ms,19.972,
2732,10,2811,2864712443,2026-07-14T15:34:54.278297+00:00,281.000139,38470,41,0202aac00afb9646005a5811460e29efbf1ffffffc2246cd1e00000fc0007ebfe9ed0737feebfff600,1,TX 41 seq=21357 rx_latency=1ms tx_dur=1ms,21.347,
2732,10,2812,2864712444,2026-07-14T15:34:54.378290+00:00,281.100130,38570,41,0202aac00afc96aa005a5811460e29efbf1ffffffc2246cd1e00000fc0007ebfe9ed0737feebfff600,1,TX 41 seq=21358 rx_latency=1ms tx_dur=1ms,23.508,
2732,10,2813,2864712445,2026-07-14T15:34:54.478303+00:00,281.200159,38670,41,0202aac00afd970e005a5811460e29efbf1ffffffc2246cd1e00000fc0007ebfe9ed0737feebfff600,1,TX 41 seq=21359 rx_latency=1ms tx_dur=1ms,14.974,
2732,10,2814,2864712446,2026-07-14T15:34:54.578290+00:00,281.300128,38770,41,0202aac00afe9772005a5811460e29efbf1ffffffc2246cd1e00000fc0007ebfe9ed0737feebfff600,1,TX 41 seq=21360 rx_latency=1ms tx_dur=1ms,17.878,
2732,10,2815,2864712447,2026-07-14T15:34:54.678296+00:00,281.400139,38870,41,0202aac00aff97d6005a5811460e29efbf1ffffffc2246cd1e00000fc0007ebfe9ed0737feebfff600,1,TX 41 seq=21361 rx_latency=1ms tx_dur=1ms,19.597,
2732,10,2816,2864712448,2026-07-14T15:34:54.778248+00:00,281.500085,38970,41,0202aac00b00983a005a5811460e29efbf1ffffffc2246cd1e00000fc0007ebfe9ed0737feebfff600,1,TX 41 seq=21362 rx_latency=1ms tx_dur=1ms,21.364,
2732,10,2817,2864712449,2026-07-14T15:34:54.878297+00:00,281.600144,39070,41,0202aac00b01989e005a5811460e29efbf1ffffffc2246cd1e00000fc0007ebfe9ed0737feebfff600,1,TX 41 seq=21363 rx_latency=1ms tx_dur=1ms,23.373,
2732,10,2818,2864712450,2026-07-14T15:34:54.978292+00:00,281.700134,39170,41,0202aac00b029902005a5811460e29efbf1ffffffc2246cd1e00000fc0007ebfe9ed0737feebfff600,1,TX 41 seq=21364 rx_latency=1ms tx_dur=1ms,15.561,
2732,10,2819,2864712451,2026-07-14T15:34:55.078298+00:00,281.800141,39270,41,0202aac00b039966005a5811460e29efbf1ffffffc2246cd1e00000fc0007ebfe9ed0737feebfff600,1,TX 41 seq=21365 rx_latency=1ms tx_dur=1ms,17.068,
2732,10,2820,2864712452,2026-07-14T15:34:55.178289+00:00,281.900128,39370,41,0202aac00b0499ca005a5811460e29efbf1ffffffc2246cd1e00000fc0007ebfe9ed0737feebfff600,1,TX 41 seq=21366 rx_latency=1ms tx_dur=1ms,19.907,
2732,10,2821,2864712453,2026-07-14T15:34:55.278313+00:00,282.000185,39470,41,0202aac00b059a2e005a5811460e29efbf1ffffffc2246cd1e00000fc0007ebfe9ed0737feebfff600,1,TX 41 seq=21367 rx_latency=1ms tx_dur=1ms,21.529,
2732,10,2822,2864712454,2026-07-14T15:34:55.378294+00:00,282.100144,39570,41,0202aac00b069a92005a5811460e29efbf1ffffffc2246cd1e00000fc0007ebfe9ed0737feebfff600,1,TX 41 seq=21368 rx_latency=1ms tx_dur=1ms,23.269,
2732,10,2823,2864712455,2026-07-14T15:34:55.478305+00:00,282.200164,39670,41,0202aac00b079af6005a5811460e29efbf1ffffffc2246cd1e00000fc0007ebfe9ed0737feebfff600,1,TX 41 seq=21369 rx_latency=1ms tx_dur=1ms,14.866,
2732,10,2824,2864712456,2026-07-14T15:34:55.578302+00:00,282.300160,39770,41,0202aac00b089b5a005a5811460e29efbf1ffffffc2246cd1e00000fc0007ebfe9ed0737feebfff600,1,TX 41 seq=21370 rx_latency=1ms tx_dur=1ms,17.667,
2732,10,2825,2864712457,2026-07-14T15:34:55.678311+00:00,282.400181,39870,41,0202aac00b099bbe005a5811460e29efbf1ffffffc2246cd1e00000fc0007ebfe9ed0737feebfff600,1,TX 41 seq=21371 rx_latency=1ms tx_dur=1ms,19.345,
2732,10,2826,2864712458,2026-07-14T15:34:55.778294+00:00,282.500144,39970,41,0202aac00b0a9c22005a5811460e29efbf1ffffffc2246cd1e00000fc0007ebfe9ed0737feebfff600,1,TX 41 seq=21372 rx_latency=1ms tx_dur=1ms,21.183,
2732,10,2827,2864712459,2026-07-14T15:34:55.878301+00:00,282.600153,40070,41,0202aac00b0b9c86005a5811460e29efbf1ffffffc2246cd1e00000fc0007ebfe9ed0737feebfff600,1,TX 41 seq=21373 rx_latency=1ms tx_dur=1ms,23.798,
2732,10,2828,2864712460,2026-07-14T15:34:55.978287+00:00,282.700130,40170,41,0202aac00b0c9cea005a5811460e29efbf1ffffffc2246cd1e00000fc0007ebfe9ed0737feebfff600,1,TX 41 seq=21374 rx_latency=1ms tx_dur=1ms,15.604,
2732,10,2829,2864712461,2026-07-14T15:34:56.078297+00:00,282.800140,40270,41,0202aac00b0d9d4e005a5811460e29efbf1ffffffc2246cd1e00000fc0007ebfe9ed0737feebfff600,1,TX 41 seq=21375 rx_latency=1ms tx_dur=1ms,17.319,
2732,10,2830,2864712462,2026-07-14T15:34:56.178228+00:00,282.900068,40370,41,0202aac00b0e9db2005a5811460e29efbf1ffffffc2246cd1e00000fc0007ebfe9ed0737feebfff600,1,TX 41 seq=21376 rx_latency=1ms tx_dur=1ms,19.095,
2732,10,2831,2864712463,2026-07-14T15:34:56.278298+00:00,283.000141,40470,41,0202aac00b0f9e16005a5811460e29efbf1ffffffc2246cd1e00000fc0007ebfe9ed0737feebfff600,1,TX 41 seq=21377 rx_latency=1ms tx_dur=1ms,21.234,
2732,10,2832,2864712464,2026-07-14T15:34:56.378289+00:00,283.100127,40570,41,0202aac00b109e7a005a5811460e29efbf1ffffffc2246cd1e00000fc0007ebfe9ed0737feebfff600,1,TX 41 seq=21378 rx_latency=1ms tx_dur=1ms,23.345,
2732,10,2833,2864712465,2026-07-14T15:34:56.478303+00:00,283.200160,40670,41,0202aac00b119ede005a5811460e29efbf1ffffffc2246cd1e00000fc0007ebfe9ed0737feebfff600,1,TX 41 seq=21379 rx_latency=1ms tx_dur=1ms,14.878,
2732,10,2834,2864712466,2026-07-14T15:34:56.578289+00:00,283.300130,40770,41,0202aac00b129f42005a5811460e29efbf1ffffffc2246cd1e00000fc0007ebfe9ed0737feebfff600,1,TX 41 seq=21380 rx_latency=1ms tx_dur=1ms,17.769,
2732,10,2835,2864712467,2026-07-14T15:34:56.678303+00:00,283.400160,40870,41,0202aac00b139fa6005a5811460e29efbf1ffffffc2246cd1e00000fc0007ebfe9ed0737feebfff600,1,TX 41 seq=21381 rx_latency=1ms tx_dur=1ms,19.435,
2732,10,2836,2864712468,2026-07-14T15:34:56.778267+00:00,283.500107,40970,41,0202aac00b14a00a005a5811460e29efbf1ffffffc2246cd1e00000fc0007ebfe9ed0737feebfff600,1,TX 41 seq=21382 rx_latency=1ms tx_dur=1ms,21.229,
2732,10,2837,2864712469,2026-07-14T15:34:56.878298+00:00,283.600144,41070,41,0202aac00b15a06e005a5811460e29efbf1ffffffc2246cd1e00000fc0007ebfe9ed0737feebfff600,1,TX 41 seq=21383 rx_latency=1ms tx_dur=1ms,23.859,
2732,10,2838,2864712470,2026-07-14T15:34:56.978293+00:00,283.700137,41170,41,0202aac00b16a0d2005a5811460e29efbf1ffffffc2246cd1e00000fc0007ebfe9ed0737feebfff600,1,TX 41 seq=21384 rx_latency=1ms tx_dur=1ms,15.605,
2732,10,2839,2864712471,2026-07-14T15:34:57.078297+00:00,283.800140,41270,41,0202aac00b17a136005a5811460e29efbf1ffffffc2246cd1e00000fc0007ebfe9ed0737feebfff600,1,TX 41 seq=21385 rx_latency=1ms tx_dur=1ms,17.330,
2732,10,2840,2864712472,2026-07-14T15:34:57.178292+00:00,283.900131,41370,41,0202aac00b18a19a005a5811460e29efbf1ffffffc2246cd1e00000fc0007ebfe9ed0737feebfff600,1,TX 41 seq=21386 rx_latency=1ms tx_dur=1ms,19.045,
2732,10,2841,2864712473,2026-07-14T15:34:57.278298+00:00,284.000141,41470,41,0202aac00b19a1fe005a5811460e29efbf1ffffffc2246cd1e00000fc0007ebfe9ed0737feebfff600,1,TX 41 seq=21387 rx_latency=1ms tx_dur=1ms,21.103,
2732,10,2842,2864712474,2026-07-14T15:34:57.378289+00:00,284.100127,41570,41,0202aac00b1aa262005a5811460e29efbf1ffffffc2246cd1e00000fc0007ebfe9ed0737feebfff600,1,TX 41 seq=21388 rx_latency=1ms tx_dur=1ms,23.570,
2732,10,2843,2864712475,2026-07-14T15:34:57.478298+00:00,284.200141,41670,41,0202aac00b1ba2c6005a5811460e29efbf1ffffffc2246cd1e00000fc0007ebfe9ed0737feebfff600,1,TX 41 seq=21389 rx_latency=1ms tx_dur=1ms,15.769,
2732,10,2844,2864712476,2026-07-14T15:34:57.578290+00:00,284.300127,41770,41,0202aac00b1ca32a005a5811460e29efbf1ffffffc2246cd1e00000fc0007ebfe9ed0737feebfff600,1,TX 41 seq=21390 rx_latency=1ms tx_dur=1ms,17.865,
2732,10,2845,2864712477,2026-07-14T15:34:57.678304+00:00,284.400162,41870,41,0202aac00b1da38e005a5811460e29efbf1ffffffc2246cd1e00000fc0007ebfe9ed0737feebfff600,1,TX 41 seq=21391 rx_latency=1ms tx_dur=1ms,19.918,
2732,10,2846,2864712478,2026-07-14T15:34:57.778292+00:00,284.500134,41970,41,0202aac00b1ea3f2005a5811460e29efbf1ffffffc2246cd1e00000fc0007ebfe9ed0737feebfff600,1,TX 41 seq=21392 rx_latency=1ms tx_dur=1ms,21.466,
2732,10,2847,2864712479,2026-07-14T15:34:57.878298+00:00,284.600143,42070,41,0202aac00b1fa456005a5811460e29efbf1ffffffc2246cd1e00000fc0007ebfe9ed0737feebfff600,1,TX 41 seq=21393 rx_latency=1ms tx_dur=1ms,23.194,
2732,10,2848,2864712480,2026-07-14T15:34:57.978290+00:00,284.700130,42170,41,0202aac00b20a4ba005a5811460e29efbf1ffffffc2246cd1e00000fc0007ebfe9ed0737feebfff600,1,TX 41 seq=21394 rx_latency=1ms tx_dur=1ms,14.994,
2732,10,2849,2864712481,2026-07-14T15:34:58.078314+00:00,284.800185,42270,41,0202aac00b21a51e005a5811460e29efbf1ffffffc2246cd1e00000fc0007ebfe9ed0737feebfff600,1,TX 41 seq=21395 rx_latency=1ms tx_dur=1ms,17.693,
2732,10,2850,2864712482,2026-07-14T15:34:58.178294+00:00,284.900142,42370,41,0202aac00b22a582005a5811460e29efbf1ffffffc2246cd1e00000fc0007ebfe9ed0737feebfff600,1,TX 41 seq=21396 rx_latency=1ms tx_dur=1ms,19.295,
2732,10,2851,2864712483,2026-07-14T15:34:58.278297+00:00,285.000141,42470,41,0202aac00b23a5e6005a5811460e29efbf1ffffffc2246cd1e00000fc0007ebfe9ed0737feebfff600,1,TX 41 seq=21397 rx_latency=1ms tx_dur=1ms,21.057,
2732,10,2852,2864712484,2026-07-14T15:34:58.378286+00:00,285.100126,42570,41,0202aac00b24a64a005a5811460e29efbf1ffffffc2246cd1e00000fc0007ebfe9ed0737feebfff600,1,TX 41 seq=21398 rx_latency=1ms tx_dur=1ms,23.857,
2732,10,2853,2864712485,2026-07-14T15:34:58.478297+00:00,285.200141,42670,41,0202aac00b25a6ae005a5811460e29efbf1ffffffc2246cd1e00000fc0007ebfe9ed0737feebfff600,1,TX 41 seq=21399 rx_latency=1ms tx_dur=1ms,15.650,
2732,10,2854,2864712486,2026-07-14T15:34:58.578290+00:00,285.300130,42770,41,0202aac00b26a712005a5811460e29efbf1ffffffc2246cd1e00000fc0007ebfe9ed0737feebfff600,1,TX 41 seq=21400 rx_latency=1ms tx_dur=1ms,17.853,
2732,10,2855,2864712487,2026-07-14T15:34:58.678297+00:00,285.400140,42870,41,0202aac00b27a776005a5811460e29efbf1ffffffc2246cd1e00000fc0007ebfe9ed0737feebfff600,1,TX 41 seq=21401 rx_latency=1ms tx_dur=1ms,18.914,
2732,10,2856,2864712488,2026-07-14T15:34:58.778294+00:00,285.500141,42970,41,0202aac00b28a7da005a5811460e29efbf1ffffffc2246cd1e00000fc0007ebfe9ed0737feebfff600,1,TX 41 seq=21402 rx_latency=1ms tx_dur=1ms,21.445,
2732,10,2857,2864712489,2026-07-14T15:34:58.878297+00:00,285.600141,43070,41,0202aac00b29a83e005a5811460e29efbf1ffffffc2246cd1e00000fc0007ebfe9ed0737feebfff600,1,TX 41 seq=21403 rx_latency=1ms tx_dur=1ms,23.257,
2732,10,2858,2864712490,2026-07-14T15:34:58.978291+00:00,285.700132,43170,41,0202aac00b2aa8a2005a5811460e29efbf1ffffffc2246cd1e00000fc0007ebfe9ed0737feebfff600,1,TX 41 seq=21404 rx_latency=1ms tx_dur=1ms,15.023,
2732,10,2859,2864712491,2026-07-14T15:34:59.078299+00:00,285.800144,43270,41,0202aac00b2ba906005a5811460e29efbf1ffffffc2246cd1e00000fc0007ebfe9ed0737feebfff600,1,TX 41 seq=21405 rx_latency=1ms tx_dur=1ms,17.811,
2732,10,2860,2864712492,2026-07-14T15:34:59.178291+00:00,285.900128,43370,41,0202aac00b2ca96a005a5811460e29efbf1ffffffc2246cd1e00000fc0007ebfe9ed0737feebfff600,1,TX 41 seq=21406 rx_latency=1ms tx_dur=1ms,19.908,
2732,10,2861,2864712493,2026-07-14T15:34:59.278298+00:00,286.000144,43470,41,0202aac00b2da9ce005a5811460e29efbf1ffffffc2246cd1e00000fc0007ebfe9ed0737feebfff600,1,TX 41 seq=21407 rx_latency=1ms tx_dur=1ms,21.238,
2732,10,2862,2864712494,2026-07-14T15:34:59.378296+00:00,286.100139,43570,41,0202aac00b2eaa32005a5811460e29efbf1ffffffc2246cd1e00000fc0007ebfe9ed0737feebfff600,1,TX 41 seq=21408 rx_latency=1ms tx_dur=1ms,23.405,
2732,10,2863,2864712495,2026-07-14T15:34:59.478291+00:00,286.200128,43670,41,0202aac00b2faa96005a5811460e29efbf1ffffffc2246cd1e00000fc0007ebfe9ed0737feebfff600,1,TX 41 seq=21409 rx_latency=1ms tx_dur=1ms,15.538,
2732,10,2864,2864712496,2026-07-14T15:34:59.578297+00:00,286.300139,43770,41,0202aac00b30aafa005a5811460e29efbf1ffffffc2246cd1e00000fc0007ebfe9ed0737feebfff600,1,TX 41 seq=21410 rx_latency=1ms tx_dur=1ms,16.975,
2732,10,2865,2864712497,2026-07-14T15:34:59.678298+00:00,286.400146,43870,41,0202aac00b31ab5e005a5811460e29efbf1ffffffc2246cd1e00000fc0007ebfe9ed0737feebfff600,1,TX 41 seq=21411 rx_latency=1ms tx_dur=1ms,19.137,
2732,10,2866,2864712498,2026-07-14T15:34:59.778297+00:00,286.500143,43970,41,0202aac00b32abc2005a5811460e29efbf1ffffffc2246cd1e00000fc0007ebfe9ed0737feebfff600,1,TX 41 seq=21412 rx_latency=1ms tx_dur=1ms,21.206,
2732,10,2867,2864712499,2026-07-14T15:34:59.878296+00:00,286.600138,44070,41,0202aac00b33ac26005a5811460e29efbf1ffffffc2246cd1e00000fc0007ebfe9ed0737feebfff600,1,TX 41 seq=21413 rx_latency=1ms tx_dur=1ms,23.345,
2732,10,2868,2864712500,2026-07-14T15:34:59.978297+00:00,286.700149,44170,41,0202aac00b34ac8a005a5811460e29efbf1ffffffc2246cd1e00000fc0007ebfe9ed0737feebfff600,1,TX 41 seq=21414 rx_latency=1ms tx_dur=1ms,15.978,
2732,10,2869,2864712501,2026-07-14T15:35:00.078298+00:00,286.800144,44270,41,0202aac00b35acee005a5811460e29efbf1ffffffc2246cd1e00000fc0007ebfe9ed0737feebfff600,1,TX 41 seq=21415 rx_latency=1ms tx_dur=1ms,17.716,
2732,10,2870,2864712502,2026-07-14T15:35:00.178289+00:00,286.900128,44370,41,0202aac00b36ad52005a5811460e29efbf1ffffffc2246cd1e00000fc0007ebfe9ed0737feebfff600,1,TX 41 seq=21416 rx_latency=1ms tx_dur=1ms,19.457,
2732,10,2871,2864712503,2026-07-14T15:35:00.278296+00:00,287.000139,44470,41,0202aac00b37adb6005a5811460e29efbf1ffffffc2246cd1e00000fc0007ebfe9ed0737feebfff600,1,TX 41 seq=21417 rx_latency=1ms tx_dur=1ms,21.219,
2732,10,2872,2864712504,2026-07-14T15:35:00.378288+00:00,287.100127,44570,41,0202aac00b38ae1a005a5811460e29efbf1ffffffc2246cd1e00000fc0007ebfe9ed0737feebfff600,1,TX 41 seq=21418 rx_latency=1ms tx_dur=1ms,23.222,
2732,10,2873,2864712505,2026-07-14T15:35:00.478297+00:00,287.200143,44670,41,0202aac00b39ae7e005a5811460e29efbf1ffffffc2246cd1e00000fc0007ebfe9ed0737feebfff600,1,TX 41 seq=21419 rx_latency=1ms tx_dur=1ms,15.728,
2732,10,2874,2864712506,2026-07-14T15:35:00.578296+00:00,287.300138,44770,41,0202aac00b3aaee2005a5811460e29efbf1ffffffc2246cd1e00000fc0007ebfe9ed0737feebfff600,1,TX 41 seq=21420 rx_latency=1ms tx_dur=1ms,17.921,
2732,10,2875,2864712507,2026-07-14T15:35:00.678290+00:00,287.400129,44870,41,0202aac00b3baf46005a5811460e29efbf1ffffffc2246cd1e00000fc0007ebfe9ed0737feebfff600,1,TX 41 seq=21421 rx_latency=1ms tx_dur=1ms,19.952,
2732,10,2876,2864712508,2026-07-14T15:35:00.778296+00:00,287.500138,44970,41,0202aac00b3cafaa005a5811460e29efbf1ffffffc2246cd1e00000fc0007ebfe9ed0737feebfff600,1,TX 41 seq=21422 rx_latency=1ms tx_dur=1ms,21.320,
2732,10,2877,2864712509,2026-07-14T15:35:00.878296+00:00,287.600136,45070,41,0202aac00b3db00e005a5811460e29efbf1ffffffc2246cd1e00000fc0007ebfe9ed0737feebfff600,1,TX 41 seq=21423 rx_latency=1ms tx_dur=1ms,23.489,
2732,10,2878,2864712510,2026-07-14T15:35:00.978300+00:00,287.700156,45170,41,0202aac00b3eb072005a5811460e29efbf1ffffffc2246cd1e00000fc0007ebfe9ed0737feebfff600,1,TX 41 seq=21424 rx_latency=1ms tx_dur=1ms,14.989,
2732,10,2879,2864712511,2026-07-14T15:35:01.078299+00:00,287.800148,45270,41,0202aac00b3fb0d6005a5811460e29efbf1ffffffc2246cd1e00000fc0007ebfe9ed0737feebfff600,1,TX 41 seq=21425 rx_latency=1ms tx_dur=1ms,17.839,
2732,10,2880,2864712512,2026-07-14T15:35:01.178290+00:00,287.900129,45370,41,0202aac00b40b13a005a5811460e29efbf1ffffffc2246cd1e00000fc0007ebfe9ed0737feebfff600,1,TX 41 seq=21426 rx_latency=1ms tx_dur=1ms,19.578,
2732,10,2881,2864712513,2026-07-14T15:35:01.278297+00:00,288.000140,45470,41,0202aac00b41b19e005a5811460e29efbf1ffffffc2246cd1e00000fc0007ebfe9ed0737feebfff600,1,TX 41 seq=21427 rx_latency=1ms tx_dur=1ms,21.321,
2732,10,2882,2864712514,2026-07-14T15:35:01.378289+00:00,288.100127,45570,41,0202aac00b42b202005a5811460e29efbf1ffffffc2246cd1e00000fc0007ebfe9ed0737feebfff600,1,TX 41 seq=21428 rx_latency=1ms tx_dur=1ms,23.362,
2732,10,2883,2864712515,2026-07-14T15:35:01.478299+00:00,288.200146,45670,41,0202aac00b43b266005a5811460e29efbf1ffffffc2246cd1e00000fc0007ebfe9ed0737feebfff600,1,TX 41 seq=21429 rx_latency=1ms tx_dur=1ms,15.536,
2732,10,2884,2864712516,2026-07-14T15:35:01.578291+00:00,288.300131,45770,41,0202aac00b44b2ca005a5811460e29efbf1ffffffc2246cd1e00000fc0007ebfe9ed0737feebfff600,1,TX 41 seq=21430 rx_latency=1ms tx_dur=1ms,17.077,
2732,10,2885,2864712517,2026-07-14T15:35:01.678317+00:00,288.400191,45870,41,0202aac00b45b32e005a5811460e29efbf1ffffffc2246cd1e00000fc0007ebfe9ed0737feebfff600,1,TX 41 seq=21431 rx_latency=1ms tx_dur=1ms,19.777,
2732,10,2886,2864712518,2026-07-14T15:35:01.778291+00:00,288.500138,45970,41,0202aac00b46b392005a5811460e29efbf1ffffffc2246cd1e00000fc0007ebfe9ed0737feebfff600,1,TX 41 seq=21432 rx_latency=1ms tx_dur=1ms,21.572,
2732,10,2887,2864712519,2026-07-14T15:35:01.878298+00:00,288.600145,46070,41,0202aac00b47b3f6005a5811460e29efbf1ffffffc2246cd1e00000fc0007ebfe9ed0737feebfff600,1,TX 41 seq=21433 rx_latency=1ms tx_dur=1ms,23.344,
2732,10,2888,2864712520,2026-07-14T15:35:01.978297+00:00,288.700149,46170,41,0202aac00b48b45a005a5811460e29efbf1ffffffc2246cd1e00000fc0007ebfe9ed0737feebfff600,1,TX 41 seq=21434 rx_latency=1ms tx_dur=1ms,15.972,
2732,10,2889,2864712521,2026-07-14T15:35:02.078301+00:00,288.800152,46270,41,0202aac00b49b4be005a5811460e29efbf1ffffffc2246cd1e00000fc0007ebfe9ed0737feebfff600,1,TX 41 seq=21435 rx_latency=1ms tx_dur=1ms,17.704,
2732,10,2890,2864712522,2026-07-14T15:35:02.178291+00:00,288.900130,46370,41,0202aac00b4ab522005a5811460e29efbf1ffffffc2246cd1e00000fc0007ebfe9ed0737feebfff600,1,TX 41 seq=21436 rx_latency=1ms tx_dur=1ms,19.483,
2732,10,2891,2864712523,2026-07-14T15:35:02.278296+00:00,289.000140,46470,41,0202aac00b4bb586005a5811460e29efbf1ffffffc2246cd1e00000fc0007ebfe9ed0737feebfff600,1,TX 41 seq=21437 rx_latency=1ms tx_dur=1ms,21.223,
2732,10,2892,2864712524,2026-07-14T15:35:02.378289+00:00,289.100127,46570,41,0202aac00b4cb5ea005a5811460e29efbf1ffffffc2246cd1e00000fc0007ebfe9ed0737feebfff600,1,TX 41 seq=21438 rx_latency=1ms tx_dur=1ms,23.239,
2732,10,2893,2864712525,2026-07-14T15:35:02.478303+00:00,289.200151,46670,41,0202aac00b4db64e005a5811460e29efbf1ffffffc2246cd1e00000fc0007ebfe9ed0737feebfff600,1,TX 41 seq=21439 rx_latency=1ms tx_dur=1ms,15.728,
2732,10,2894,2864712526,2026-07-14T15:35:02.578296+00:00,289.300140,46770,41,0202aac00b4eb6b2005a5811460e29efbf1ffffffc2246cd1e00000fc0007ebfe9ed0737feebfff600,1,TX 41 seq=21440 rx_latency=1ms tx_dur=1ms,17.918,
2732,10,2895,2864712527,2026-07-14T15:35:02.678297+00:00,289.400139,46870,41,0202aac00b4fb716005a5811460e29efbf1ffffffc2246cd1e00000fc0007ebfe9ed0737feebfff600,1,TX 41 seq=21441 rx_latency=1ms tx_dur=1ms,19.970,
2732,10,2896,2864712528,2026-07-14T15:35:02.778295+00:00,289.500136,46970,41,0202aac00b50b77a005a5811460e29efbf1ffffffc2246cd1e00000fc0007ebfe9ed0737feebfff600,1,TX 41 seq=21442 rx_latency=1ms tx_dur=1ms,21.343,
2732,10,2897,2864712529,2026-07-14T15:35:02.878296+00:00,289.600136,47070,41,0202aac00b51b7de005a5811460e29efbf1ffffffc2246cd1e00000fc0007ebfe9ed0737feebfff600,1,TX 41 seq=21443 rx_latency=1ms tx_dur=1ms,23.495,
2732,10,2898,2864712530,2026-07-14T15:35:02.978290+00:00,289.700131,47170,41,0202aac00b52b842005a5811460e29efbf1ffffffc2246cd1e00000fc0007ebfe9ed0737feebfff600,1,TX 41 seq=21444 rx_latency=1ms tx_dur=1ms,15.616,
2732,10,2899,2864712531,2026-07-14T15:35:03.078298+00:00,289.800144,47270,41,0202aac00b53b8a6005a5811460e29efbf1ffffffc2246cd1e00000fc0007ebfe9ed0737feebfff600,1,TX 41 seq=21445 rx_latency=1ms tx_dur=1ms,16.941,
2732,10,2900,2864712532,2026-07-14T15:35:03.178297+00:00,289.900141,47370,41,0202aac00b54b90a005a5811460e29efbf1ffffffc2246cd1e00000fc0007ebfe9ed0737feebfff600,1,TX 41 seq=21446 rx_latency=1ms tx_dur=1ms,19.152,
2732,10,2901,2864712533,2026-07-14T15:35:03.278250+00:00,290.000107,47470,41,0202aac00b55b96e005a5811460e29efbf1ffffffc2246cd1e00000fc0007ebfe9ed0737feebfff600,1,TX 41 seq=21447 rx_latency=1ms tx_dur=1ms,21.118,
2732,10,2902,2864712534,2026-07-14T15:35:03.378299+00:00,290.100147,47570,41,0202aac00b56b9d2005a5811460e29efbf1ffffffc2246cd1e00000fc0007ebfe9ed0737feebfff600,1,TX 41 seq=21448 rx_latency=1ms tx_dur=1ms,23.300,
2732,10,2903,2864712535,2026-07-14T15:35:03.478293+00:00,290.200137,47670,41,0202aac00b57ba36005a5811460e29efbf1ffffffc2246cd1e00000fc0007ebfe9ed0737feebfff600,1,TX 41 seq=21449 rx_latency=1ms tx_dur=1ms,15.956,
2732,10,2904,2864712536,2026-07-14T15:35:03.578298+00:00,290.300144,47770,41,0202aac00b58ba9a005a5811460e29efbf1ffffffc2246cd1e00000fc0007ebfe9ed0737feebfff600,1,TX 41 seq=21450 rx_latency=1ms tx_dur=1ms,17.678,
2732,10,2905,2864712537,2026-07-14T15:35:03.678301+00:00,290.400160,47870,41,0202aac00b59bafe005a5811460e29efbf1ffffffc2246cd1e00000fc0007ebfe9ed0737feebfff600,1,TX 41 seq=21451 rx_latency=1ms tx_dur=1ms,19.337,
2732,10,2906,2864712538,2026-07-14T15:35:03.778299+00:00,290.500151,47970,41,0202aac00b5abb62005a5811460e29efbf1ffffffc2246cd1e00000fc0007ebfe9ed0737feebfff600,1,TX 41 seq=21452 rx_latency=1ms tx_dur=1ms,21.156,
2732,10,2907,2864712539,2026-07-14T15:35:03.878291+00:00,290.600130,48070,41,0202aac00b5bbbc6005a5811460e29efbf1ffffffc2246cd1e00000fc0007ebfe9ed0737feebfff600,1,TX 41 seq=21453 rx_latency=1ms tx_dur=1ms,23.731,
2732,10,2908,2864712540,2026-07-14T15:35:03.978296+00:00,290.700140,48170,41,0202aac00b5cbc2a005a5811460e29efbf1ffffffc2246cd1e00000fc0007ebfe9ed0737feebfff600,1,TX 41 seq=21454 rx_latency=1ms tx_dur=1ms,15.520,
2732,10,2909,2864712541,2026-07-14T15:35:04.078292+00:00,290.800132,48270,41,0202aac00b5dbc8e005a5811460e29efbf1ffffffc2246cd1e00000fc0007ebfe9ed0737feebfff600,1,TX 41 seq=21455 rx_latency=1ms tx_dur=1ms,17.289,
2732,10,2910,2864712542,2026-07-14T15:35:04.178300+00:00,290.900150,48370,41,0202aac00b5ebcf2005a5811460e29efbf1ffffffc2246cd1e00000fc0007ebfe9ed0737feebfff600,1,TX 41 seq=21456 rx_latency=1ms tx_dur=1ms,18.959,
2732,10,2911,2864712543,2026-07-14T15:35:04.278296+00:00,291.000147,48470,41,0202aac00b5fbd56005a5811460e29efbf1ffffffc2246cd1e00000fc0007ebfe9ed0737feebfff600,1,TX 41 seq=21457 rx_latency=1ms tx_dur=1ms,21.552,
2732,10,2912,2864712544,2026-07-14T15:35:04.378303+00:00,291.100160,48570,41,0202aac00b60bdba005a5811460e29efbf1ffffffc2246cd1e00000fc0007ebfe9ed0737feebfff600,1,TX 41 seq=21458 rx_latency=1ms tx_dur=1ms,23.284,
2732,10,2913,2864712545,2026-07-14T15:35:04.478291+00:00,291.200134,48670,41,0202aac00b61be1e005a5811460e29efbf1ffffffc2246cd1e00000fc0007ebfe9ed0737feebfff600,1,TX 41 seq=21459 rx_latency=1ms tx_dur=1ms,15.100,
2732,10,2914,2864712546,2026-07-14T15:35:04.578299+00:00,291.300146,48770,41,0202aac00b62be82005a5811460e29efbf1ffffffc2246cd1e00000fc0007ebfe9ed0737feebfff600,1,TX 41 seq=21460 rx_latency=1ms tx_dur=1ms,17.913,
2732,10,2915,2864712547,2026-07-14T15:35:04.678299+00:00,291.400155,48870,41,0202aac00b63bee6005a5811460e29efbf1ffffffc2246cd1e00000fc0007ebfe9ed0737feebfff600,1,TX 41 seq=21461 rx_latency=1ms tx_dur=1ms,19.375,
2732,10,2916,2864712548,2026-07-14T15:35:04.778299+00:00,291.500148,48970,41,0202aac00b64bf4a005a5811460e29efbf1ffffffc2246cd1e00000fc0007ebfe9ed0737feebfff600,1,TX 41 seq=21462 rx_latency=1ms tx_dur=1ms,21.179,
2732,10,2917,2864712549,2026-07-14T15:35:04.878294+00:00,291.600138,49070,41,0202aac00b65bfae005a5811460e29efbf1ffffffc2246cd1e00000fc0007ebfe9ed0737feebfff600,1,TX 41 seq=21463 rx_latency=1ms tx_dur=1ms,23.941,
2732,10,2918,2864712550,2026-07-14T15:35:04.978298+00:00,291.700142,49170,41,0202aac00b66c012005a5811460e29efbf1ffffffc2246cd1e00000fc0007ebfe9ed0737feebfff600,1,TX 41 seq=21464 rx_latency=1ms tx_dur=1ms,15.772,
2732,10,2919,2864712551,2026-07-14T15:35:05.078291+00:00,291.800134,49270,41,0202aac00b67c076005a5811460e29efbf1ffffffc2246cd1e00000fc0007ebfe9ed0737feebfff600,1,TX 41 seq=21465 rx_latency=1ms tx_dur=1ms,17.835,
2732,10,2920,2864712552,2026-07-14T15:35:05.178300+00:00,291.900149,49370,41,0202aac00b68c0da005a5811460e29efbf1ffffffc2246cd1e00000fc0007ebfe9ed0737feebfff600,1,TX 41 seq=21466 rx_latency=1ms tx_dur=1ms,19.948,
2732,10,2921,2864712553,2026-07-14T15:35:05.278296+00:00,292.000145,49470,41,0202aac00b69c13e005a5811460e29efbf1ffffffc2246cd1e00000fc0007ebfe9ed0737feebfff600,1,TX 41 seq=21467 rx_latency=1ms tx_dur=1ms,21.490,
2732,10,2922,2864712554,2026-07-14T15:35:05.378303+00:00,292.100162,49570,41,0202aac00b6ac1a2005a5811460e29efbf1ffffffc2246cd1e00000fc0007ebfe9ed0737feebfff600,1,TX 41 seq=21468 rx_latency=1ms tx_dur=1ms,23.146,
2732,10,2923,2864712555,2026-07-14T15:35:05.478290+00:00,292.200132,49670,41,0202aac00b6bc206005a5811460e29efbf1ffffffc2246cd1e00000fc0007ebfe9ed0737feebfff600,1,TX 41 seq=21469 rx_latency=1ms tx_dur=1ms,15.001,
2732,10,2924,2864712556,2026-07-14T15:35:05.578297+00:00,292.300141,49770,41,0202aac00b6cc26a005a5811460e29efbf1ffffffc2246cd1e00000fc0007ebfe9ed0737feebfff600,1,TX 41 seq=21470 rx_latency=1ms tx_dur=1ms,17.805,
2732,10,2925,2864712557,2026-07-14T15:35:05.678291+00:00,292.400129,49870,41,0202aac00b6dc2ce005a5811460e29efbf1ffffffc2246cd1e00000fc0007ebfe9ed0737feebfff600,1,TX 41 seq=21471 rx_latency=1ms tx_dur=1ms,19.321,
2732,10,2926,2864712558,2026-07-14T15:35:05.778305+00:00,292.500160,49970,41,0202aac00b6ec332005a5811460e29efbf1ffffffc2246cd1e00000fc0007ebfe9ed0737feebfff600,1,TX 41 seq=21472 rx_latency=1ms tx_dur=1ms,21.008,
2732,10,2927,2864712559,2026-07-14T15:35:05.878291+00:00,292.600133,50070,41,0202aac00b6fc396005a5811460e29efbf1ffffffc2246cd1e00000fc0007ebfe9ed0737feebfff600,1,TX 41 seq=21473 rx_latency=1ms tx_dur=1ms,23.825,
2732,10,2928,2864712560,2026-07-14T15:35:05.978297+00:00,292.700143,50170,41,0202aac00b70c3fa005a5811460e29efbf1ffffffc2246cd1e00000fc0007ebfe9ed0737feebfff600,1,TX 41 seq=21474 rx_latency=1ms tx_dur=1ms,15.650,
2732,10,2929,2864712561,2026-07-14T15:35:06.078307+00:00,292.800173,50270,41,0202aac00b71c45e005a5811460e29efbf1ffffffc2246cd1e00000fc0007ebfe9ed0737feebfff600,1,TX 41 seq=21475 rx_latency=1ms tx_dur=1ms,17.096,
2732,10,2930,2864712562,2026-07-14T15:35:06.178301+00:00,292.900153,50370,41,0202aac00b72c4c2005a5811460e29efbf1ffffffc2246cd1e00000fc0007ebfe9ed0737feebfff600,1,TX 41 seq=21476 rx_latency=1ms tx_dur=1ms,19.973,
2732,10,2931,2864712563,2026-07-14T15:35:06.278292+00:00,293.000136,50470,41,0202aac00b73c526005a5811460e29efbf1ffffffc2246cd1e00000fc0007ebfe9ed0737feebfff600,1,TX 41 seq=21477 rx_latency=1ms tx_dur=1ms,21.685,
2732,10,2932,2864712564,2026-07-14T15:35:06.378297+00:00,293.100141,50570,41,0202aac00b74c58a005a5811460e29efbf1ffffffc2246cd1e00000fc0007ebfe9ed0737feebfff600,1,TX 41 seq=21478 rx_latency=1ms tx_dur=1ms,23.448,
2732,10,2933,2864712565,2026-07-14T15:35:06.478298+00:00,293.200155,50670,41,0202aac00b75c5ee005a5811460e29efbf1ffffffc2246cd1e00000fc0007ebfe9ed0737feebfff600,1,TX 41 seq=21479 rx_latency=1ms tx_dur=1ms,14.975,
2732,10,2934,2864712566,2026-07-14T15:35:06.578298+00:00,293.300147,50770,41,0202aac00b76c652005a5811460e29efbf1ffffffc2246cd1e00000fc0007ebfe9ed0737feebfff600,1,TX 41 seq=21480 rx_latency=1ms tx_dur=1ms,17.821,
2732,10,2935,2864712567,2026-07-14T15:35:06.678296+00:00,293.400139,50870,41,0202aac00b77c6b6005a5811460e29efbf1ffffffc2246cd1e00000fc0007ebfe9ed0737feebfff600,1,TX 41 seq=21481 rx_latency=1ms tx_dur=1ms,19.560,
2732,10,2936,2864712568,2026-07-14T15:35:06.778297+00:00,293.500139,50970,41,0202aac00b78c71a005a5811460e29efbf1ffffffc2246cd1e00000fc0007ebfe9ed0737feebfff600,1,TX 41 seq=21482 rx_latency=1ms tx_dur=1ms,21.293,
2732,10,2937,2864712569,2026-07-14T15:35:06.878294+00:00,293.600137,51070,41,0202aac00b79c77e005a5811460e29efbf1ffffffc2246cd1e00000fc0007ebfe9ed0737feebfff600,1,TX 41 seq=21483 rx_latency=1ms tx_dur=1ms,23.350,
2732,10,2938,2864712570,2026-07-14T15:35:06.978295+00:00,293.700140,51170,41,0202aac00b7ac7e2005a5811460e29efbf1ffffffc2246cd1e00000fc0007ebfe9ed0737feebfff600,1,TX 41 seq=21484 rx_latency=1ms tx_dur=1ms,15.848,
2732,10,2939,2864712571,2026-07-14T15:35:07.078296+00:00,293.800140,51270,41,0202aac00b7bc846005a5811460e29efbf1ffffffc2246cd1e00000fc0007ebfe9ed0737feebfff600,1,TX 41 seq=21485 rx_latency=1ms tx_dur=1ms,18.047,
2732,10,2940,2864712572,2026-07-14T15:35:07.178293+00:00,293.900143,51370,41,0202aac00b7cc8aa005a5811460e29efbf1ffffffc2246cd1e00000fc0007ebfe9ed0737feebfff600,1,TX 41 seq=21486 rx_latency=1ms tx_dur=1ms,20.029,
2732,10,2941,2864712573,2026-07-14T15:35:07.278300+00:00,294.000145,51470,41,0202aac00b7dc90e005a5811460e29efbf1ffffffc2246cd1e00000fc0007ebfe9ed0737feebfff600,1,TX 41 seq=21487 rx_latency=1ms tx_dur=1ms,21.097,
2732,10,2942,2864712574,2026-07-14T15:35:07.378290+00:00,294.100128,51570,41,0202aac00b7ec972005a5811460e29efbf1ffffffc2246cd1e00000fc0007ebfe9ed0737feebfff600,1,TX 41 seq=21488 rx_latency=1ms tx_dur=1ms,23.701,
2732,10,2943,2864712575,2026-07-14T15:35:07.478298+00:00,294.200144,51670,41,0202aac00b7fc9d6005a5811460e29efbf1ffffffc2246cd1e00000fc0007ebfe9ed0737feebfff600,1,TX 41 seq=21489 rx_latency=1ms tx_dur=1ms,15.499,
2732,10,2944,2864712576,2026-07-14T15:35:07.578302+00:00,294.300156,51770,41,0202aac00b80ca3a005a5811460e29efbf1ffffffc2246cd1e00000fc0007ebfe9ed0737feebfff600,1,TX 41 seq=21490 rx_latency=1ms tx_dur=1ms,17.230,
2732,10,2945,2864712577,2026-07-14T15:35:07.678304+00:00,294.400165,51870,41,0202aac00b81ca9e005a5811460e29efbf1ffffffc2246cd1e00000fc0007ebfe9ed0737feebfff600,1,TX 41 seq=21491 rx_latency=1ms tx_dur=1ms,19.964,
2732,10,2946,2864712578,2026-07-14T15:35:07.778299+00:00,294.500148,51970,41,0202aac00b82cb02005a5811460e29efbf1ffffffc2246cd1e00000fc0007ebfe9ed0737feebfff600,1,TX 41 seq=21492 rx_latency=1ms tx_dur=1ms,21.557,
2732,10,2947,2864712579,2026-07-14T15:35:07.878293+00:00,294.600136,52070,41,0202aac00b83cb66005a5811460e29efbf1ffffffc2246cd1e00000fc0007ebfe9ed0737feebfff600,1,TX 41 seq=21493 rx_latency=1ms tx_dur=1ms,23.244,
2732,10,2948,2864712580,2026-07-14T15:35:07.978298+00:00,294.700141,52170,41,0202aac00b84cbca005a5811460e29efbf1ffffffc2246cd1e00000fc0007ebfe9ed0737feebfff600,1,TX 41 seq=21494 rx_latency=1ms tx_dur=1ms,15.060,
2732,10,2949,2864712581,2026-07-14T15:35:08.078297+00:00,294.800142,52270,41,0202aac00b85cc2e005a5811460e29efbf1ffffffc2246cd1e00000fc0007ebfe9ed0737feebfff600,1,TX 41 seq=21495 rx_latency=1ms tx_dur=1ms,17.888,
2732,10,2950,2864712582,2026-07-14T15:35:08.178292+00:00,294.900135,52370,41,0202aac00b86cc92005a5811460e29efbf1ffffffc2246cd1e00000fc0007ebfe9ed0737feebfff600,1,TX 41 seq=21496 rx_latency=1ms tx_dur=1ms,19.947,
2732,10,2951,2864712583,2026-07-14T15:35:08.278292+00:00,295.000130,52470,41,0202aac00b87ccf6005a5811460e29efbf1ffffffc2246cd1e00000fc0007ebfe9ed0737feebfff600,1,TX 41 seq=21497 rx_latency=1ms tx_dur=1ms,21.318,
2732,10,2952,2864712584,2026-07-14T15:35:08.378298+00:00,295.100139,52570,41,0202aac00b88cd5a005a5811460e29efbf1ffffffc2246cd1e00000fc0007ebfe9ed0737feebfff600,1,TX 41 seq=21498 rx_latency=1ms tx_dur=1ms,23.472,
2732,10,2953,2864712585,2026-07-14T15:35:08.478297+00:00,295.200138,52670,41,0202aac00b89cdbe005a5811460e29efbf1ffffffc2246cd1e00000fc0007ebfe9ed0737feebfff600,1,TX 41 seq=21499 rx_latency=1ms tx_dur=1ms,15.564,
2732,10,2954,2864712586,2026-07-14T15:35:08.578303+00:00,295.300163,52770,41,0202aac00b8ace22005a5811460e29efbf1ffffffc2246cd1e00000fc0007ebfe9ed0737feebfff600,1,TX 41 seq=21500 rx_latency=1ms tx_dur=1ms,17.941,
2732,10,2955,2864712587,2026-07-14T15:35:08.678292+00:00,295.400134,52870,41,0202aac00b8bce86005a5811460e29efbf1ffffffc2246cd1e00000fc0007ebfe9ed0737feebfff600,1,TX 41 seq=21501 rx_latency=1ms tx_dur=1ms,19.152,
2732,10,2956,2864712588,2026-07-14T15:35:08.778300+00:00,295.500153,52970,41,0202aac00b8cceea005a5811460e29efbf1ffffffc2246cd1e00000fc0007ebfe9ed0737feebfff600,1,TX 41 seq=21502 rx_latency=1ms tx_dur=1ms,21.669,
2732,10,2957,2864712589,2026-07-14T15:35:08.878296+00:00,295.600140,53070,41,0202aac00b8dcf4e005a5811460e29efbf1ffffffc2246cd1e00000fc0007ebfe9ed0737feebfff600,1,TX 41 seq=21503 rx_latency=1ms tx_dur=1ms,23.454,
