test_id,rate_hz,seq,station_id,sent_at,elapsed_s,generation_delta_time,payload_bytes,raw_hex,tx_ok,tx_ack,tx_latency_ms,serial_error
2727,10,1,2859466753,2026-07-14T15:04:20.048880+00:00,0.000631,39248,41,0202aa7000019950005a5811460e29efbf1ffffffc2246cd1e00000fc0007ebfe9ed0737feebfff600,1,TX 41 seq=7750 rx_latency=1ms tx_dur=1ms,22.180,
2727,10,2,2859466754,2026-07-14T15:04:25.989039+00:00,5.940726,45189,41,0202aa700002b085005a5811460e29efbf1ffffffc2246cd1e00000fc0007ebfe9ed0737feebfff600,1,TX 41 seq=7751 rx_latency=1ms tx_dur=1ms,20.216,
2727,10,3,2859466755,2026-07-14T15:04:26.010104+00:00,5.961769,45210,41,0202aa700003b09a005a5811460e29efbf1ffffffc2246cd1e00000fc0007ebfe9ed0737feebfff600,1,TX 41 seq=7752 rx_latency=1ms tx_dur=1ms,21.245,
2727,10,4,2859466756,2026-07-14T15:04:26.032115+00:00,5.983779,45232,41,0202aa700004b0b0005a5811460e29efbf1ffffffc2246cd1e00000fc0007ebfe9ed0737feebfff600,1,TX 41 seq=7753 rx_latency=1ms tx_dur=1ms,21.385,
2727,10,5,2859466757,2026-07-14T15:04:26.054225+00:00,6.005887,45254,41,0202aa700005b0c6005a5811460e29efbf1ffffffc2246cd1e00000fc0007ebfe9ed0737feebfff600,1,TX 41 seq=7754 rx_latency=1ms tx_dur=1ms,21.464,
2727,10,6,2859466758,2026-07-14T15:04:26.076400+00:00,6.028060,45276,41,0202aa700006b0dc005a5811460e29efbf1ffffffc2246cd1e00000fc0007ebfe9ed0737feebfff600,1,TX 41 seq=7755 rx_latency=1ms tx_dur=1ms,21.020,
2727,10,7,2859466759,2026-07-14T15:04:26.098108+00:00,6.049767,45298,41,0202aa700007b0f2005a5811460e29efbf1ffffffc2246cd1e00000fc0007ebfe9ed0737feebfff600,1,TX 41 seq=7756 rx_latency=1ms tx_dur=1ms,21.711,
2727,10,8,2859466760,2026-07-14T15:04:26.120504+00:00,6.072163,45320,41,0202aa700008b108005a5811460e29efbf1ffffffc2246cd1e00000fc0007ebfe9ed0737feebfff600,1,TX 41 seq=7757 rx_latency=1ms tx_dur=1ms,20.927,
2727,10,9,2859466761,2026-07-14T15:04:26.142113+00:00,6.093771,45342,41,0202aa700009b11e005a5811460e29efbf1ffffffc2246cd1e00000fc0007ebfe9ed0737feebfff600,1,TX 41 seq=7758 rx_latency=1ms tx_dur=1ms,21.461,
2727,10,10,2859466762,2026-07-14T15:04:26.164260+00:00,6.115918,45364,41,0202aa70000ab134005a5811460e29efbf1ffffffc2246cd1e00000fc0007ebfe9ed0737feebfff600,1,TX 41 seq=7759 rx_latency=1ms tx_dur=1ms,21.950,
2727,10,11,2859466763,2026-07-14T15:04:26.186895+00:00,6.138555,45386,41,0202aa70000bb14a005a5811460e29efbf1ffffffc2246cd1e00000fc0007ebfe9ed0737feebfff600,1,TX 41 seq=7760 rx_latency=1ms tx_dur=1ms,20.601,
2727,10,12,2859466764,2026-07-14T15:04:26.208188+00:00,6.159848,45408,41,0202aa70000cb160005a5811460e29efbf1ffffffc2246cd1e00000fc0007ebfe9ed0737feebfff600,1,TX 41 seq=7761 rx_latency=1ms tx_dur=1ms,21.010,
2727,10,13,2859466765,2026-07-14T15:04:26.229896+00:00,6.181558,45429,41,0202aa70000db175005a5811460e29efbf1ffffffc2246cd1e00000fc0007ebfe9ed0737feebfff600,1,TX 41 seq=7762 rx_latency=1ms tx_dur=1ms,21.684,
2727,10,14,2859466766,2026-07-14T15:04:26.252274+00:00,6.203933,45452,41,0202aa70000eb18c005a5811460e29efbf1ffffffc2246cd1e00000fc0007ebfe9ed0737feebfff600,1,TX 41 seq=7763 rx_latency=1ms tx_dur=1ms,21.924,
2727,10,15,2859466767,2026-07-14T15:04:26.274878+00:00,6.226536,45474,41,0202aa70000fb1a2005a5811460e29efbf1ffffffc2246cd1e00000fc0007ebfe9ed0737feebfff600,1,TX 41 seq=7764 rx_latency=1ms tx_dur=1ms,20.635,
2727,10,16,2859466768,2026-07-14T15:04:26.296198+00:00,6.247857,45496,41,0202aa700010b1b8005a5811460e29efbf1ffffffc2246cd1e00000fc0007ebfe9ed0737feebfff600,1,TX 41 seq=7765 rx_latency=1ms tx_dur=1ms,20.997,
2727,10,17,2859466769,2026-07-14T15:04:26.317884+00:00,6.269544,45517,41,0202aa700011b1cd005a5811460e29efbf1ffffffc2246cd1e00000fc0007ebfe9ed0737feebfff600,1,TX 41 seq=7766 rx_latency=1ms tx_dur=1ms,21.800,
2727,10,18,2859466770,2026-07-14T15:04:26.340448+00:00,6.292126,45540,41,0202aa700012b1e4005a5811460e29efbf1ffffffc2246cd1e00000fc0007ebfe9ed0737feebfff600,1,TX 41 seq=7767 rx_latency=1ms tx_dur=1ms,21.650,
2727,10,19,2859466771,2026-07-14T15:04:26.362914+00:00,6.314580,45562,41,0202aa700013b1fa005a5811460e29efbf1ffffffc2246cd1e00000fc0007ebfe9ed0737feebfff600,1,TX 41 seq=7768 rx_latency=1ms tx_dur=1ms,20.593,
2727,10,20,2859466772,2026-07-14T15:04:26.384223+00:00,6.335885,45584,41,0202aa700014b210005a5811460e29efbf1ffffffc2246cd1e00000fc0007ebfe9ed0737feebfff600,1,TX 41 seq=7769 rx_latency=1ms tx_dur=1ms,20.980,
2727,10,21,2859466773,2026-07-14T15:04:26.405933+00:00,6.357595,45605,41,0202aa700015b225005a5811460e29efbf1ffffffc2246cd1e00000fc0007ebfe9ed0737feebfff600,1,TX 41 seq=7770 rx_latency=1ms tx_dur=1ms,21.662,
2727,10,22,2859466774,2026-07-14T15:04:26.428294+00:00,6.379954,45628,41,0202aa700016b23c005a5811460e29efbf1ffffffc2246cd1e00000fc0007ebfe9ed0737feebfff600,1,TX 41 seq=7771 rx_latency=1ms tx_dur=1ms,21.945,
2727,10,23,2859466775,2026-07-14T15:04:26.450941+00:00,6.402602,45650,41,0202aa700017b252005a5811460e29efbf1ffffffc2246cd1e00000fc0007ebfe9ed0737feebfff600,1,TX 41 seq=7772 rx_latency=1ms tx_dur=1ms,20.589,
2727,10,24,2859466776,2026-07-14T15:04:26.472232+00:00,6.423893,45672,41,0202aa700018b268005a5811460e29efbf1ffffffc2246cd1e00000fc0007ebfe9ed0737feebfff600,1,TX 41 seq=7773 rx_latency=1ms tx_dur=1ms,20.985,
2727,10,25,2859466777,2026-07-14T15:04:26.493904+00:00,6.445563,45693,41,0202aa700019b27d005a5811460e29efbf1ffffffc2246cd1e00000fc0007ebfe9ed0737feebfff600,1,TX 41 seq=7774 rx_latency=1ms tx_dur=1ms,21.719,
2727,10,26,2859466778,2026-07-14T15:04:26.516300+00:00,6.467960,45716,41,0202aa70001ab294005a5811460e29efbf1ffffffc2246cd1e00000fc0007ebfe9ed0737feebfff600,1,TX 41 seq=7775 rx_latency=1ms tx_dur=1ms,21.933,
2727,10,27,2859466779,2026-07-14T15:04:26.538917+00:00,6.490579,45738,41,0202aa70001bb2aa005a5811460e29efbf1ffffffc2246cd1e00000fc0007ebfe9ed0737feebfff600,1,TX 41 seq=7776 rx_latency=1ms tx_dur=1ms,20.643,
2727,10,28,2859466780,2026-07-14T15:04:26.560289+00:00,6.511957,45760,41,0202aa70001cb2c0005a5811460e29efbf1ffffffc2246cd1e00000fc0007ebfe9ed0737feebfff600,1,TX 41 seq=7777 rx_latency=1ms tx_dur=1ms,20.886,
2727,10,29,2859466781,2026-07-14T15:04:26.581918+00:00,6.533579,45781,41,0202aa70001db2d5005a5811460e29efbf1ffffffc2246cd1e00000fc0007ebfe9ed0737feebfff600,1,TX 41 seq=7778 rx_latency=1ms tx_dur=1ms,21.694,
2727,10,30,2859466782,2026-07-14T15:04:26.604312+00:00,6.555973,45804,41,0202aa70001eb2ec005a5811460e29efbf1ffffffc2246cd1e00000fc0007ebfe9ed0737feebfff600,1,TX 41 seq=7779 rx_latency=1ms tx_dur=1ms,20.813,
2727,10,31,2859466783,2026-07-14T15:04:26.625819+00:00,6.577480,45825,41,0202aa70001fb301005a5811460e29efbf1ffffffc2246cd1e00000fc0007ebfe9ed0737feebfff600,1,TX 41 seq=7780 rx_latency=1ms tx_dur=1ms,22.242,
2727,10,32,2859466784,2026-07-14T15:04:26.648750+00:00,6.600409,45848,41,0202aa700020b318005a5811460e29efbf1ffffffc2246cd1e00000fc0007ebfe9ed0737feebfff600,1,TX 41 seq=7781 rx_latency=1ms tx_dur=1ms,21.243,
2727,10,33,2859466785,2026-07-14T15:04:26.670677+00:00,6.622336,45870,41,0202aa700021b32e005a5811460e29efbf1ffffffc2246cd1e00000fc0007ebfe9ed0737feebfff600,1,TX 41 seq=7782 rx_latency=1ms tx_dur=1ms,20.634,
2727,10,34,2859466786,2026-07-14T15:04:26.692022+00:00,6.643681,45892,41,0202aa700022b344005a5811460e29efbf1ffffffc2246cd1e00000fc0007ebfe9ed0737feebfff600,1,TX 41 seq=7783 rx_latency=1ms tx_dur=1ms,22.093,
2727,10,35,2859466787,2026-07-14T15:04:26.714798+00:00,6.666458,45914,41,0202aa700023b35a005a5811460e29efbf1ffffffc2246cd1e00000fc0007ebfe9ed0737feebfff600,1,TX 41 seq=7784 rx_latency=1ms tx_dur=1ms,20.602,
2727,10,36,2859466788,2026-07-14T15:04:26.736110+00:00,6.687770,45936,41,0202aa700024b370005a5811460e29efbf1ffffffc2246cd1e00000fc0007ebfe9ed0737feebfff600,1,TX 41 seq=7785 rx_latency=1ms tx_dur=1ms,21.920,
2727,10,37,2859466789,2026-07-14T15:04:26.758731+00:00,6.710393,45958,41,0202aa700025b386005a5811460e29efbf1ffffffc2246cd1e00000fc0007ebfe9ed0737feebfff600,1,TX 41 seq=7786 rx_latency=1ms tx_dur=1ms,20.549,
2727,10,38,2859466790,2026-07-14T15:04:26.780034+00:00,6.731695,45980,41,0202aa700026b39c005a5811460e29efbf1ffffffc2246cd1e00000fc0007ebfe9ed0737feebfff600,1,TX 41 seq=7787 rx_latency=1ms tx_dur=1ms,22.082,
2727,10,39,2859466791,2026-07-14T15:04:26.802805+00:00,6.754466,46002,41,0202aa700027b3b2005a5811460e29efbf1ffffffc2246cd1e00000fc0007ebfe9ed0737feebfff600,1,TX 41 seq=7788 rx_latency=1ms tx_dur=1ms,20.596,
2727,10,40,2859466792,2026-07-14T15:04:26.824182+00:00,6.775844,46024,41,0202aa700028b3c8005a5811460e29efbf1ffffffc2246cd1e00000fc0007ebfe9ed0737feebfff600,1,TX 41 seq=7789 rx_latency=1ms tx_dur=1ms,21.829,
2727,10,41,2859466793,2026-07-14T15:04:26.846706+00:00,6.798366,46046,41,0202aa700029b3de005a5811460e29efbf1ffffffc2246cd1e00000fc0007ebfe9ed0737feebfff600,1,TX 41 seq=7790 rx_latency=1ms tx_dur=1ms,20.602,
2727,10,42,2859466794,2026-07-14T15:04:26.868020+00:00,6.819681,46068,41,0202aa70002ab3f4005a5811460e29efbf1ffffffc2246cd1e00000fc0007ebfe9ed0737feebfff600,1,TX 41 seq=7791 rx_latency=1ms tx_dur=1ms,22.104,
2727,10,43,2859466795,2026-07-14T15:04:26.890813+00:00,6.842472,46090,41,0202aa70002bb40a005a5811460e29efbf1ffffffc2246cd1e00000fc0007ebfe9ed0737feebfff600,1,TX 41 seq=7792 rx_latency=1ms tx_dur=1ms,20.605,
2727,10,44,2859466796,2026-07-14T15:04:26.912130+00:00,6.863789,46112,41,0202aa70002cb420005a5811460e29efbf1ffffffc2246cd1e00000fc0007ebfe9ed0737feebfff600,1,TX 41 seq=7793 rx_latency=1ms tx_dur=1ms,21.900,
2727,10,45,2859466797,2026-07-14T15:04:26.934713+00:00,6.886372,46134,41,0202aa70002db436005a5811460e29efbf1ffffffc2246cd1e00000fc0007ebfe9ed0737feebfff600,1,TX 41 seq=7794 rx_latency=1ms tx_dur=1ms,20.680,
2727,10,46,2859466798,2026-07-14T15:04:26.956247+00:00,6.907919,46156,41,0202aa70002eb44c005a5811460e29efbf1ffffffc2246cd1e00000fc0007ebfe9ed0737feebfff600,1,TX 41 seq=7795 rx_latency=1ms tx_dur=1ms,21.858,
2727,10,47,2859466799,2026-07-14T15:04:26.978879+00:00,6.930541,46178,41,0202aa70002fb462005a5811460e29efbf1ffffffc2246cd1e00000fc0007ebfe9ed0737feebfff600,1,TX 41 seq=7796 rx_latency=1ms tx_dur=1ms,20.574,
2727,10,48,2859466800,2026-07-14T15:04:27.000171+00:00,6.951834,46200,41,0202aa700030b478005a5811460e29efbf1ffffffc2246cd1e00000fc0007ebfe9ed0737feebfff600,1,TX 41 seq=7797 rx_latency=1ms tx_dur=1ms,22.008,
2727,10,49,2859466801,2026-07-14T15:04:27.022884+00:00,6.974545,46222,41,0202aa700031b48e005a5811460e29efbf1ffffffc2246cd1e00000fc0007ebfe9ed0737feebfff600,1,TX 41 seq=7798 rx_latency=1ms tx_dur=1ms,20.594,
2727,10,50,2859466802,2026-07-14T15:04:27.044171+00:00,6.995831,46244,41,0202aa700032b4a4005a5811460e29efbf1ffffffc2246cd1e00000fc0007ebfe9ed0737feebfff600,1,TX 41 seq=7799 rx_latency=1ms tx_dur=1ms,21.029,
2727,10,51,2859466803,2026-07-14T15:04:27.065881+00:00,7.017541,46265,41,0202aa700033b4b9005a5811460e29efbf1ffffffc2246cd1e00000fc0007ebfe9ed0737feebfff600,1,TX 41 seq=7800 rx_latency=1ms tx_dur=1ms,21.684,
2727,10,52,2859466804,2026-07-14T15:04:27.088253+00:00,7.039913,46288,41,0202aa700034b4d0005a5811460e29efbf1ffffffc2246cd1e00000fc0007ebfe9ed0737feebfff600,1,TX 41 seq=7801 rx_latency=1ms tx_dur=1ms,21.955,
2727,10,53,2859466805,2026-07-14T15:04:27.110897+00:00,7.062556,46310,41,0202aa700035b4e6005a5811460e29efbf1ffffffc2246cd1e00000fc0007ebfe9ed0737feebfff600,1,TX 41 seq=7802 rx_latency=1ms tx_dur=1ms,20.590,
2727,10,54,2859466806,2026-07-14T15:04:27.132182+00:00,7.083841,46332,41,0202aa700036b4fc005a5811460e29efbf1ffffffc2246cd1e00000fc0007ebfe9ed0737feebfff600,1,TX 41 seq=7803 rx_latency=1ms tx_dur=1ms,20.996,
2727,10,55,2859466807,2026-07-14T15:04:27.153870+00:00,7.105529,46353,41,0202aa700037b511005a5811460e29efbf1ffffffc2246cd1e00000fc0007ebfe9ed0737feebfff600,1,TX 41 seq=7804 rx_latency=1ms tx_dur=1ms,21.718,
2727,10,56,2859466808,2026-07-14T15:04:27.176264+00:00,7.127921,46376,41,0202aa700038b528005a5811460e29efbf1ffffffc2246cd1e00000fc0007ebfe9ed0737feebfff600,1,TX 41 seq=7805 rx_latency=1ms tx_dur=1ms,21.933,
2727,10,57,2859466809,2026-07-14T15:04:27.198874+00:00,7.150532,46398,41,0202aa700039b53e005a5811460e29efbf1ffffffc2246cd1e00000fc0007ebfe9ed0737feebfff600,1,TX 41 seq=7806 rx_latency=1ms tx_dur=1ms,20.636,
2727,10,58,2859466810,2026-07-14T15:04:27.220200+00:00,7.171861,46420,41,0202aa70003ab554005a5811460e29efbf1ffffffc2246cd1e00000fc0007ebfe9ed0737feebfff600,1,TX 41 seq=7807 rx_latency=1ms tx_dur=1ms,20.988,
2727,10,59,2859466811,2026-07-14T15:04:27.241887+00:00,7.193546,46441,41,0202aa70003bb569005a5811460e29efbf1ffffffc2246cd1e00000fc0007ebfe9ed0737feebfff600,1,TX 41 seq=7808 rx_latency=1ms tx_dur=1ms,21.698,
2727,10,60,2859466812,2026-07-14T15:04:27.264304+00:00,7.215964,46464,41,0202aa70003cb580005a5811460e29efbf1ffffffc2246cd1e00000fc0007ebfe9ed0737feebfff600,1,TX 41 seq=7809 rx_latency=1ms tx_dur=1ms,20.911,
2727,10,61,2859466813,2026-07-14T15:04:27.285902+00:00,7.237561,46485,41,0202aa70003db595005a5811460e29efbf1ffffffc2246cd1e00000fc0007ebfe9ed0737feebfff600,1,TX 41 seq=7810 rx_latency=1ms tx_dur=1ms,22.256,
2727,10,62,2859466814,2026-07-14T15:04:27.308837+00:00,7.260496,46508,41,0202aa70003eb5ac005a5811460e29efbf1ffffffc2246cd1e00000fc0007ebfe9ed0737feebfff600,1,TX 41 seq=7811 rx_latency=1ms tx_dur=1ms,21.245,
2727,10,63,2859466815,2026-07-14T15:04:27.330764+00:00,7.282423,46530,41,0202aa70003fb5c2005a5811460e29efbf1ffffffc2246cd1e00000fc0007ebfe9ed0737feebfff600,1,TX 41 seq=7812 rx_latency=1ms tx_dur=1ms,20.610,
2727,10,64,2859466816,2026-07-14T15:04:27.352086+00:00,7.303746,46552,41,0202aa700040b5d8005a5811460e29efbf1ffffffc2246cd1e00000fc0007ebfe9ed0737feebfff600,1,TX 41 seq=7813 rx_latency=1ms tx_dur=1ms,22.097,
2727,10,65,2859466817,2026-07-14T15:04:27.374876+00:00,7.326536,46574,41,0202aa700041b5ee005a5811460e29efbf1ffffffc2246cd1e00000fc0007ebfe9ed0737feebfff600,1,TX 41 seq=7814 rx_latency=1ms tx_dur=1ms,20.632,
2727,10,66,2859466818,2026-07-14T15:04:27.396190+00:00,7.347848,46596,41,0202aa700042b604005a5811460e29efbf1ffffffc2246cd1e00000fc0007ebfe9ed0737feebfff600,1,TX 41 seq=7815 rx_latency=1ms tx_dur=1ms,21.899,
2727,10,67,2859466819,2026-07-14T15:04:27.418770+00:00,7.370428,46618,41,0202aa700043b61a005a5811460e29efbf1ffffffc2246cd1e00000fc0007ebfe9ed0737feebfff600,1,TX 41 seq=7816 rx_latency=1ms tx_dur=1ms,20.613,
2727,10,68,2859466820,2026-07-14T15:04:27.440100+00:00,7.391759,46640,41,0202aa700044b630005a5811460e29efbf1ffffffc2246cd1e00000fc0007ebfe9ed0737feebfff600,1,TX 41 seq=7817 rx_latency=1ms tx_dur=1ms,22.132,
2727,10,69,2859466821,2026-07-14T15:04:27.462918+00:00,7.414580,46662,41,0202aa700045b646005a5811460e29efbf1ffffffc2246cd1e00000fc0007ebfe9ed0737feebfff600,1,TX 41 seq=7818 rx_latency=1ms tx_dur=1ms,20.613,
2727,10,70,2859466822,2026-07-14T15:04:27.484230+00:00,7.435891,46684,41,0202aa700046b65c005a5811460e29efbf1ffffffc2246cd1e00000fc0007ebfe9ed0737feebfff600,1,TX 41 seq=7819 rx_latency=1ms tx_dur=1ms,21.987,
2727,10,71,2859466823,2026-07-14T15:04:27.506916+00:00,7.458576,46706,41,0202aa700047b672005a5811460e29efbf1ffffffc2246cd1e00000fc0007ebfe9ed0737feebfff600,1,TX 41 seq=7820 rx_latency=1ms tx_dur=1ms,20.625,
2727,10,72,2859466824,2026-07-14T15:04:27.528228+00:00,7.479887,46728,41,0202aa700048b688005a5811460e29efbf1ffffffc2246cd1e00000fc0007ebfe9ed0737feebfff600,1,TX 41 seq=7821 rx_latency=1ms tx_dur=1ms,21.010,
2727,10,73,2859466825,2026-07-14T15:04:27.549916+00:00,7.501573,46749,41,0202aa700049b69d005a5811460e29efbf1ffffffc2246cd1e00000fc0007ebfe9ed0737feebfff600,1,TX 41 seq=7822 rx_latency=1ms tx_dur=1ms,21.724,
2727,10,74,2859466826,2026-07-14T15:04:27.572312+00:00,7.523970,46772,41,0202aa70004ab6b4005a5811460e29efbf1ffffffc2246cd1e00000fc0007ebfe9ed0737feebfff600,1,TX 41 seq=7823 rx_latency=1ms tx_dur=1ms,21.739,
2727,10,75,2859466827,2026-07-14T15:04:27.594627+00:00,7.546263,46794,41,0202aa70004bb6ca005a5811460e29efbf1ffffffc2246cd1e00000fc0007ebfe9ed0737feebfff600,1,TX 41 seq=7824 rx_latency=1ms tx_dur=1ms,20.799,
2727,10,76,2859466828,2026-07-14T15:04:27.615667+00:00,7.567304,46815,41,0202aa70004cb6df005a5811460e29efbf1ffffffc2246cd1e00000fc0007ebfe9ed0737feebfff600,1,TX 41 seq=7825 rx_latency=1ms tx_dur=1ms,22.465,
2727,10,77,2859466829,2026-07-14T15:04:27.648444+00:00,7.600083,46848,41,0202aa70004db700005a5811460e29efbf1ffffffc2246cd1e00000fc0007ebfe9ed0737feebfff600,1,TX 41 seq=7826 rx_latency=1ms tx_dur=1ms,21.197,
2727,10,78,2859466830,2026-07-14T15:04:27.748444+00:00,7.700086,46948,41,0202aa70004eb764005a5811460e29efbf1ffffffc2246cd1e00000fc0007ebfe9ed0737feebfff600,1,TX 41 seq=7827 rx_latency=1ms tx_dur=1ms,23.757,
2727,10,79,2859466831,2026-07-14T15:04:27.848444+00:00,7.800083,47048,41,0202aa70004fb7c8005a5811460e29efbf1ffffffc2246cd1e00000fc0007ebfe9ed0737feebfff600,1,TX 41 seq=7828 rx_latency=1ms tx_dur=1ms,15.806,
2727,10,80,2859466832,2026-07-14T15:04:27.948445+00:00,7.900086,47148,41,0202aa700050b82c005a5811460e29efbf1ffffffc2246cd1e00000fc0007ebfe9ed0737feebfff600,1,TX 41 seq=7829 rx_latency=1ms tx_dur=1ms,17.450,
2727,10,81,2859466833,2026-07-14T15:04:28.048454+00:00,8.000108,47248,41,0202aa700051b890005a5811460e29efbf1ffffffc2246cd1e00000fc0007ebfe9ed0737feebfff600,1,TX 41 seq=7830 rx_latency=1ms tx_dur=1ms,19.040,
2727,10,82,2859466834,2026-07-14T15:04:28.148420+00:00,8.100063,47348,41,0202aa700052b8f4005a5811460e29efbf1ffffffc2246cd1e00000fc0007ebfe9ed0737feebfff600,1,TX 41 seq=7831 rx_latency=1ms tx_dur=1ms,21.696,
2727,10,83,2859466835,2026-07-14T15:04:28.248444+00:00,8.200084,47448,41,0202aa700053b958005a5811460e29efbf1ffffffc2246cd1e00000fc0007ebfe9ed0737feebfff600,1,TX 41 seq=7832 rx_latency=1ms tx_dur=1ms,23.347,
2727,10,84,2859466836,2026-07-14T15:04:28.348391+00:00,8.300029,47548,41,0202aa700054b9bc005a5811460e29efbf1ffffffc2246cd1e00000fc0007ebfe9ed0737feebfff600,1,TX 41 seq=7833 rx_latency=1ms tx_dur=1ms,15.423,
2727,10,85,2859466837,2026-07-14T15:04:28.448444+00:00,8.400082,47648,41,0202aa700055ba20005a5811460e29efbf1ffffffc2246cd1e00000fc0007ebfe9ed0737feebfff600,1,TX 41 seq=7834 rx_latency=1ms tx_dur=1ms,17.028,
2727,10,86,2859466838,2026-07-14T15:04:28.548411+00:00,8.500053,47748,41,0202aa700056ba84005a5811460e29efbf1ffffffc2246cd1e00000fc0007ebfe9ed0737feebfff600,1,TX 41 seq=7835 rx_latency=1ms tx_dur=1ms,19.760,
2727,10,87,2859466839,2026-07-14T15:04:28.648447+00:00,8.600089,47848,41,0202aa700057bae8005a5811460e29efbf1ffffffc2246cd1e00000fc0007ebfe9ed0737feebfff600,1,TX 41 seq=7836 rx_latency=1ms tx_dur=1ms,21.376,
2727,10,88,2859466840,2026-07-14T15:04:28.748452+00:00,8.700097,47948,41,0202aa700058bb4c005a5811460e29efbf1ffffffc2246cd1e00000fc0007ebfe9ed0737feebfff600,1,TX 41 seq=7837 rx_latency=1ms tx_dur=1ms,23.410,
2727,10,89,2859466841,2026-07-14T15:04:28.848479+00:00,8.800139,48048,41,0202aa700059bbb0005a5811460e29efbf1ffffffc2246cd1e00000fc0007ebfe9ed0737feebfff600,1,TX 41 seq=7838 rx_latency=1ms tx_dur=1ms,14.822,
2727,10,90,2859466842,2026-07-14T15:04:28.948469+00:00,8.900126,48148,41,0202aa70005abc14005a5811460e29efbf1ffffffc2246cd1e00000fc0007ebfe9ed0737feebfff600,1,TX 41 seq=7839 rx_latency=1ms tx_dur=1ms,17.708,
2727,10,91,2859466843,2026-07-14T15:04:29.048484+00:00,9.000158,48248,41,0202aa70005bbc78005a5811460e29efbf1ffffffc2246cd1e00000fc0007ebfe9ed0737feebfff600,1,TX 41 seq=7840 rx_latency=1ms tx_dur=1ms,18.974,
2727,10,92,2859466844,2026-07-14T15:04:29.148477+00:00,9.100142,48348,41,0202aa70005cbcdc005a5811460e29efbf1ffffffc2246cd1e00000fc0007ebfe9ed0737feebfff600,1,TX 41 seq=7841 rx_latency=1ms tx_dur=1ms,21.563,
2727,10,93,2859466845,2026-07-14T15:04:29.248481+00:00,9.200145,48448,41,0202aa70005dbd40005a5811460e29efbf1ffffffc2246cd1e00000fc0007ebfe9ed0737feebfff600,1,TX 41 seq=7842 rx_latency=1ms tx_dur=1ms,23.119,
2727,10,94,2859466846,2026-07-14T15:04:29.348470+00:00,9.300128,48548,41,0202aa70005ebda4005a5811460e29efbf1ffffffc2246cd1e00000fc0007ebfe9ed0737feebfff600,1,TX 41 seq=7843 rx_latency=1ms tx_dur=1ms,14.786,
2727,10,95,2859466847,2026-07-14T15:04:29.448477+00:00,9.400140,48648,41,0202aa70005fbe08005a5811460e29efbf1ffffffc2246cd1e00000fc0007ebfe9ed0737feebfff600,1,TX 41 seq=7844 rx_latency=1ms tx_dur=1ms,17.259,
2727,10,96,2859466848,2026-07-14T15:04:29.548472+00:00,9.500134,48748,41,0202aa700060be6c005a5811460e29efbf1ffffffc2246cd1e00000fc0007ebfe9ed0737feebfff600,1,TX 41 seq=7845 rx_latency=1ms tx_dur=1ms,19.133,
2727,10,97,2859466849,2026-07-14T15:04:29.648476+00:00,9.600140,48848,41,0202aa700061bed0005a5811460e29efbf1ffffffc2246cd1e00000fc0007ebfe9ed0737feebfff600,1,TX 41 seq=7846 rx_latency=1ms tx_dur=1ms,20.683,
2727,10,98,2859466850,2026-07-14T15:04:29.748397+00:00,9.700054,48948,41,0202aa700062bf34005a5811460e29efbf1ffffffc2246cd1e00000fc0007ebfe9ed0737feebfff600,1,TX 41 seq=7847 rx_latency=1ms tx_dur=1ms,23.777,
2727,10,99,2859466851,2026-07-14T15:04:29.848444+00:00,9.800107,49048,41,0202aa700063bf98005a5811460e29efbf1ffffffc2246cd1e00000fc0007ebfe9ed0737feebfff600,1,TX 41 seq=7848 rx_latency=1ms tx_dur=1ms,15.163,
2727,10,100,2859466852,2026-07-14T15:04:29.948469+00:00,9.900126,49148,41,0202aa700064bffc005a5811460e29efbf1ffffffc2246cd1e00000fc0007ebfe9ed0737feebfff600,1,TX 41 seq=7849 rx_latency=1ms tx_dur=1ms,16.968,
2727,10,101,2859466853,2026-07-14T15:04:30.048486+00:00,10.000166,49248,41,0202aa700065c060005a5811460e29efbf1ffffffc2246cd1e00000fc0007ebfe9ed0737feebfff600,1,TX 41 seq=7850 rx_latency=1ms tx_dur=1ms,19.606,
2727,10,102,2859466854,2026-07-14T15:04:30.148475+00:00,10.100139,49348,41,0202aa700066c0c4005a5811460e29efbf1ffffffc2246cd1e00000fc0007ebfe9ed0737feebfff600,1,TX 41 seq=7851 rx_latency=1ms tx_dur=1ms,21.481,
2727,10,103,2859466855,2026-07-14T15:04:30.248423+00:00,10.200102,49448,41,0202aa700067c128005a5811460e29efbf1ffffffc2246cd1e00000fc0007ebfe9ed0737feebfff600,1,TX 41 seq=7852 rx_latency=1ms tx_dur=1ms,23.015,
2727,10,104,2859466856,2026-07-14T15:04:30.348483+00:00,10.300159,49548,41,0202aa700068c18c005a5811460e29efbf1ffffffc2246cd1e00000fc0007ebfe9ed0737feebfff600,1,TX 41 seq=7853 rx_latency=1ms tx_dur=1ms,14.687,
2727,10,105,2859466857,2026-07-14T15:04:30.448479+00:00,10.400145,49648,41,0202aa700069c1f0005a5811460e29efbf1ffffffc2246cd1e00000fc0007ebfe9ed0737feebfff600,1,TX 41 seq=7854 rx_latency=1ms tx_dur=1ms,17.578,
2727,10,106,2859466858,2026-07-14T15:04:30.548476+00:00,10.500141,49748,41,0202aa70006ac254005a5811460e29efbf1ffffffc2246cd1e00000fc0007ebfe9ed0737feebfff600,1,TX 41 seq=7855 rx_latency=1ms tx_dur=1ms,19.306,
2727,10,107,2859466859,2026-07-14T15:04:30.648437+00:00,10.600101,49848,41,0202aa70006bc2b8005a5811460e29efbf1ffffffc2246cd1e00000fc0007ebfe9ed0737feebfff600,1,TX 41 seq=7856 rx_latency=1ms tx_dur=1ms,20.953,
2727,10,108,2859466860,2026-07-14T15:04:30.748481+00:00,10.700148,49948,41,0202aa70006cc31c005a5811460e29efbf1ffffffc2246cd1e00000fc0007ebfe9ed0737feebfff600,1,TX 41 seq=7857 rx_latency=1ms tx_dur=1ms,23.379,
2727,10,109,2859466861,2026-07-14T15:04:30.848475+00:00,10.800138,50048,41,0202aa70006dc380005a5811460e29efbf1ffffffc2246cd1e00000fc0007ebfe9ed0737feebfff600,1,TX 41 seq=7858 rx_latency=1ms tx_dur=1ms,14.906,
2727,10,110,2859466862,2026-07-14T15:04:30.948469+00:00,10.900128,50148,41,0202aa70006ec3e4005a5811460e29efbf1ffffffc2246cd1e00000fc0007ebfe9ed0737feebfff600,1,TX 41 seq=7859 rx_latency=1ms tx_dur=1ms,17.698,
2727,10,111,2859466863,2026-07-14T15:04:31.048479+00:00,11.000141,50248,41,0202aa70006fc448005a5811460e29efbf1ffffffc2246cd1e00000fc0007ebfe9ed0737feebfff600,1,TX 41 seq=7860 rx_latency=1ms tx_dur=1ms,19.048,
2727,10,112,2859466864,2026-07-14T15:04:31.148477+00:00,11.100143,50348,41,0202aa700070c4ac005a5811460e29efbf1ffffffc2246cd1e00000fc0007ebfe9ed0737feebfff600,1,TX 41 seq=7861 rx_latency=1ms tx_dur=1ms,21.570,
2727,10,113,2859466865,2026-07-14T15:04:31.248492+00:00,11.200185,50448,41,0202aa700071c510005a5811460e29efbf1ffffffc2246cd1e00000fc0007ebfe9ed0737feebfff600,1,TX 41 seq=7862 rx_latency=1ms tx_dur=1ms,22.814,
2727,10,114,2859466866,2026-07-14T15:04:31.348487+00:00,11.300169,50548,41,0202aa700072c574005a5811460e29efbf1ffffffc2246cd1e00000fc0007ebfe9ed0737feebfff600,1,TX 41 seq=7863 rx_latency=1ms tx_dur=1ms,14.752,
2727,10,115,2859466867,2026-07-14T15:04:31.448472+00:00,11.400135,50648,41,0202aa700073c5d8005a5811460e29efbf1ffffffc2246cd1e00000fc0007ebfe9ed0737feebfff600,1,TX 41 seq=7864 rx_latency=1ms tx_dur=1ms,17.689,
2727,10,116,2859466868,2026-07-14T15:04:31.548480+00:00,11.500146,50748,41,0202aa700074c63c005a5811460e29efbf1ffffffc2246cd1e00000fc0007ebfe9ed0737feebfff600,1,TX 41 seq=7865 rx_latency=1ms tx_dur=1ms,19.418,
2727,10,117,2859466869,2026-07-14T15:04:31.648473+00:00,11.600136,50848,41,0202aa700075c6a0005a5811460e29efbf1ffffffc2246cd1e00000fc0007ebfe9ed0737feebfff600,1,TX 41 seq=7866 rx_latency=1ms tx_dur=1ms,21.137,
2727,10,118,2859466870,2026-07-14T15:04:31.748486+00:00,11.700168,50948,41,0202aa700076c704005a5811460e29efbf1ffffffc2246cd1e00000fc0007ebfe9ed0737feebfff600,1,TX 41 seq=7867 rx_latency=1ms tx_dur=1ms,23.446,
2727,10,119,2859466871,2026-07-14T15:04:31.848429+00:00,11.800108,51048,41,0202aa700077c768005a5811460e29efbf1ffffffc2246cd1e00000fc0007ebfe9ed0737feebfff600,1,TX 41 seq=7868 rx_latency=1ms tx_dur=1ms,15.046,
2727,10,120,2859466872,2026-07-14T15:04:31.948472+00:00,11.900134,51148,41,0202aa700078c7cc005a5811460e29efbf1ffffffc2246cd1e00000fc0007ebfe9ed0737feebfff600,1,TX 41 seq=7869 rx_latency=1ms tx_dur=1ms,17.785,
2727,10,121,2859466873,2026-07-14T15:04:32.048481+00:00,12.000146,51248,41,0202aa700079c830005a5811460e29efbf1ffffffc2246cd1e00000fc0007ebfe9ed0737feebfff600,1,TX 41 seq=7870 rx_latency=1ms tx_dur=1ms,19.240,
2727,10,122,2859466874,2026-07-14T15:04:32.148471+00:00,12.100133,51348,41,0202aa70007ac894005a5811460e29efbf1ffffffc2246cd1e00000fc0007ebfe9ed0737feebfff600,1,TX 41 seq=7871 rx_latency=1ms tx_dur=1ms,21.825,
2727,10,123,2859466875,2026-07-14T15:04:32.248480+00:00,12.200146,51448,41,0202aa70007bc8f8005a5811460e29efbf1ffffffc2246cd1e00000fc0007ebfe9ed0737feebfff600,1,TX 41 seq=7872 rx_latency=1ms tx_dur=1ms,23.626,
2727,10,124,2859466876,2026-07-14T15:04:32.348475+00:00,12.300143,51548,41,0202aa70007cc95c005a5811460e29efbf1ffffffc2246cd1e00000fc0007ebfe9ed0737feebfff600,1,TX 41 seq=7873 rx_latency=1ms tx_dur=1ms,15.316,
2727,10,125,2859466877,2026-07-14T15:04:32.448479+00:00,12.400145,51648,41,0202aa70007dc9c0005a5811460e29efbf1ffffffc2246cd1e00000fc0007ebfe9ed0737feebfff600,1,TX 41 seq=7874 rx_latency=1ms tx_dur=1ms,17.073,
2727,10,126,2859466878,2026-07-14T15:04:32.548478+00:00,12.500151,51748,41,0202aa70007eca24005a5811460e29efbf1ffffffc2246cd1e00000fc0007ebfe9ed0737feebfff600,1,TX 41 seq=7875 rx_latency=1ms tx_dur=1ms,18.680,
2727,10,127,2859466879,2026-07-14T15:04:32.648483+00:00,12.600150,51848,41,0202aa70007fca88005a5811460e29efbf1ffffffc2246cd1e00000fc0007ebfe9ed0737feebfff600,1,TX 41 seq=7876 rx_latency=1ms tx_dur=1ms,21.160,
2727,10,128,2859466880,2026-07-14T15:04:32.748476+00:00,12.700138,51948,41,0202aa700080caec005a5811460e29efbf1ffffffc2246cd1e00000fc0007ebfe9ed0737feebfff600,1,TX 41 seq=7877 rx_latency=1ms tx_dur=1ms,23.770,
2727,10,129,2859466881,2026-07-14T15:04:32.848471+00:00,12.800131,52048,41,0202aa700081cb50005a5811460e29efbf1ffffffc2246cd1e00000fc0007ebfe9ed0737feebfff600,1,TX 41 seq=7878 rx_latency=1ms tx_dur=1ms,16.567,
2727,10,130,2859466882,2026-07-14T15:04:32.948480+00:00,12.900144,52148,41,0202aa700082cbb4005a5811460e29efbf1ffffffc2246cd1e00000fc0007ebfe9ed0737feebfff600,1,TX 41 seq=7879 rx_latency=1ms tx_dur=1ms,16.779,
2727,10,131,2859466883,2026-07-14T15:04:33.048479+00:00,13.000144,52248,41,0202aa700083cc18005a5811460e29efbf1ffffffc2246cd1e00000fc0007ebfe9ed0737feebfff600,1,TX 41 seq=7880 rx_latency=1ms tx_dur=1ms,19.372,
2727,10,132,2859466884,2026-07-14T15:04:33.148471+00:00,13.100132,52348,41,0202aa700084cc7c005a5811460e29efbf1ffffffc2246cd1e00000fc0007ebfe9ed0737feebfff600,1,TX 41 seq=7881 rx_latency=1ms tx_dur=1ms,21.009,
2727,10,133,2859466885,2026-07-14T15:04:33.248481+00:00,13.200144,52448,41,0202aa700085cce0005a5811460e29efbf1ffffffc2246cd1e00000fc0007ebfe9ed0737feebfff600,1,TX 41 seq=7882 rx_latency=1ms tx_dur=1ms,23.557,
2727,10,134,2859466886,2026-07-14T15:04:33.348478+00:00,13.300152,52548,41,0202aa700086cd44005a5811460e29efbf1ffffffc2246cd1e00000fc0007ebfe9ed0737feebfff600,1,TX 41 seq=7883 rx_latency=1ms tx_dur=1ms,15.087,
2727,10,135,2859466887,2026-07-14T15:04:33.448486+00:00,13.400158,52648,41,0202aa700087cda8005a5811460e29efbf1ffffffc2246cd1e00000fc0007ebfe9ed0737feebfff600,1,TX 41 seq=7884 rx_latency=1ms tx_dur=1ms,16.815,
2727,10,136,2859466888,2026-07-14T15:04:33.548479+00:00,13.500150,52748,41,0202aa700088ce0c005a5811460e29efbf1ffffffc2246cd1e00000fc0007ebfe9ed0737feebfff600,1,TX 41 seq=7885 rx_latency=1ms tx_dur=1ms,19.601,
2727,10,137,2859466889,2026-07-14T15:04:33.648482+00:00,13.600151,52848,41,0202aa700089ce70005a5811460e29efbf1ffffffc2246cd1e00000fc0007ebfe9ed0737feebfff600,1,TX 41 seq=7886 rx_latency=1ms tx_dur=1ms,21.384,
2727,10,138,2859466890,2026-07-14T15:04:33.748471+00:00,13.700133,52948,41,0202aa70008aced4005a5811460e29efbf1ffffffc2246cd1e00000fc0007ebfe9ed0737feebfff600,1,TX 41 seq=7887 rx_latency=1ms tx_dur=1ms,22.870,
2727,10,139,2859466891,2026-07-14T15:04:33.848484+00:00,13.800153,53048,41,0202aa70008bcf38005a5811460e29efbf1ffffffc2246cd1e00000fc0007ebfe9ed0737feebfff600,1,TX 41 seq=7888 rx_latency=1ms tx_dur=1ms,14.676,
2727,10,140,2859466892,2026-07-14T15:04:33.948478+00:00,13.900145,53148,41,0202aa70008ccf9c005a5811460e29efbf1ffffffc2246cd1e00000fc0007ebfe9ed0737feebfff600,1,TX 41 seq=7889 rx_latency=1ms tx_dur=1ms,17.519,
2727,10,141,2859466893,2026-07-14T15:04:34.048474+00:00,14.000134,53248,41,0202aa70008dd000005a5811460e29efbf1ffffffc2246cd1e00000fc0007ebfe9ed0737feebfff600,1,TX 41 seq=7890 rx_latency=1ms tx_dur=1ms,19.208,
2727,10,142,2859466894,2026-07-14T15:04:34.148477+00:00,14.100142,53348,41,0202aa70008ed064005a5811460e29efbf1ffffffc2246cd1e00000fc0007ebfe9ed0737feebfff600,1,TX 41 seq=7891 rx_latency=1ms tx_dur=1ms,20.762,
2727,10,143,2859466895,2026-07-14T15:04:34.248473+00:00,14.200132,53448,41,0202aa70008fd0c8005a5811460e29efbf1ffffffc2246cd1e00000fc0007ebfe9ed0737feebfff600,1,TX 41 seq=7892 rx_latency=1ms tx_dur=1ms,23.537,
2727,10,144,2859466896,2026-07-14T15:04:34.348493+00:00,14.300187,53548,41,0202aa700090d12c005a5811460e29efbf1ffffffc2246cd1e00000fc0007ebfe9ed0737feebfff600,1,TX 41 seq=7893 rx_latency=1ms tx_dur=1ms,15.239,
2727,10,145,2859466897,2026-07-14T15:04:34.448476+00:00,14.400144,53648,41,0202aa700091d190005a5811460e29efbf1ffffffc2246cd1e00000fc0007ebfe9ed0737feebfff600,1,TX 41 seq=7894 rx_latency=1ms tx_dur=1ms,17.042,
2727,10,146,2859466898,2026-07-14T15:04:34.548479+00:00,14.500156,53748,41,0202aa700092d1f4005a5811460e29efbf1ffffffc2246cd1e00000fc0007ebfe9ed0737feebfff600,1,TX 41 seq=7895 rx_latency=1ms tx_dur=1ms,18.939,
2727,10,147,2859466899,2026-07-14T15:04:34.648484+00:00,14.600163,53848,41,0202aa700093d258005a5811460e29efbf1ffffffc2246cd1e00000fc0007ebfe9ed0737feebfff600,1,TX 41 seq=7896 rx_latency=1ms tx_dur=1ms,21.274,
2727,10,148,2859466900,2026-07-14T15:04:34.748479+00:00,14.700148,53948,41,0202aa700094d2bc005a5811460e29efbf1ffffffc2246cd1e00000fc0007ebfe9ed0737feebfff600,1,TX 41 seq=7897 rx_latency=1ms tx_dur=1ms,22.931,
2727,10,149,2859466901,2026-07-14T15:04:34.848479+00:00,14.800144,54048,41,0202aa700095d320005a5811460e29efbf1ffffffc2246cd1e00000fc0007ebfe9ed0737feebfff600,1,TX 41 seq=7898 rx_latency=1ms tx_dur=1ms,15.786,
2727,10,150,2859466902,2026-07-14T15:04:34.948478+00:00,14.900144,54148,41,0202aa700096d384005a5811460e29efbf1ffffffc2246cd1e00000fc0007ebfe9ed0737feebfff600,1,TX 41 seq=7899 rx_latency=1ms tx_dur=1ms,17.530,
2727,10,151,2859466903,2026-07-14T15:04:35.048475+00:00,15.000137,54248,41,0202aa700097d3e8005a5811460e29efbf1ffffffc2246cd1e00000fc0007ebfe9ed0737feebfff600,1,TX 41 seq=7900 rx_latency=1ms tx_dur=1ms,19.232,
2727,10,152,2859466904,2026-07-14T15:04:35.148483+00:00,15.100153,54348,41,0202aa700098d44c005a5811460e29efbf1ffffffc2246cd1e00000fc0007ebfe9ed0737feebfff600,1,TX 41 seq=7901 rx_latency=1ms tx_dur=1ms,20.745,
2727,10,153,2859466905,2026-07-14T15:04:35.248473+00:00,15.200135,54448,41,0202aa700099d4b0005a5811460e29efbf1ffffffc2246cd1e00000fc0007ebfe9ed0737feebfff600,1,TX 41 seq=7902 rx_latency=1ms tx_dur=1ms,23.546,
2727,10,154,2859466906,2026-07-14T15:04:35.348477+00:00,15.300141,54548,41,0202aa70009ad514005a5811460e29efbf1ffffffc2246cd1e00000fc0007ebfe9ed0737feebfff600,1,TX 41 seq=7903 rx_latency=1ms tx_dur=1ms,15.374,
2727,10,155,2859466907,2026-07-14T15:04:35.448473+00:00,15.400130,54648,41,0202aa70009bd578005a5811460e29efbf1ffffffc2246cd1e00000fc0007ebfe9ed0737feebfff600,1,TX 41 seq=7904 rx_latency=1ms tx_dur=1ms,17.095,
2727,10,156,2859466908,2026-07-14T15:04:35.548478+00:00,15.500143,54748,41,0202aa70009cd5dc005a5811460e29efbf1ffffffc2246cd1e00000fc0007ebfe9ed0737feebfff600,1,TX 41 seq=7905 rx_latency=1ms tx_dur=1ms,18.768,
2727,10,157,2859466909,2026-07-14T15:04:35.648514+00:00,15.600190,54848,41,0202aa70009dd640005a5811460e29efbf1ffffffc2246cd1e00000fc0007ebfe9ed0737feebfff600,1,TX 41 seq=7906 rx_latency=1ms tx_dur=1ms,21.114,
2727,10,158,2859466910,2026-07-14T15:04:35.748482+00:00,15.700154,54948,41,0202aa70009ed6a4005a5811460e29efbf1ffffffc2246cd1e00000fc0007ebfe9ed0737feebfff600,1,TX 41 seq=7907 rx_latency=1ms tx_dur=1ms,22.689,
2727,10,159,2859466911,2026-07-14T15:04:35.848444+00:00,15.800114,55048,41,0202aa70009fd708005a5811460e29efbf1ffffffc2246cd1e00000fc0007ebfe9ed0737feebfff600,1,TX 41 seq=7908 rx_latency=1ms tx_dur=1ms,16.571,
2727,10,160,2859466912,2026-07-14T15:04:35.948484+00:00,15.900158,55148,41,0202aa7000a0d76c005a5811460e29efbf1ffffffc2246cd1e00000fc0007ebfe9ed0737feebfff600,1,TX 41 seq=7909 rx_latency=1ms tx_dur=1ms,16.765,
2727,10,161,2859466913,2026-07-14T15:04:36.048476+00:00,16.000140,55248,41,0202aa7000a1d7d0005a5811460e29efbf1ffffffc2246cd1e00000fc0007ebfe9ed0737feebfff600,1,TX 41 seq=7910 rx_latency=1ms tx_dur=1ms,19.394,
2727,10,162,2859466914,2026-07-14T15:04:36.148479+00:00,16.100140,55348,41,0202aa7000a2d834005a5811460e29efbf1ffffffc2246cd1e00000fc0007ebfe9ed0737feebfff600,1,TX 41 seq=7911 rx_latency=1ms tx_dur=1ms,21.034,
2727,10,163,2859466915,2026-07-14T15:04:36.248480+00:00,16.200150,55448,41,0202aa7000a3d898005a5811460e29efbf1ffffffc2246cd1e00000fc0007ebfe9ed0737feebfff600,1,TX 41 seq=7912 rx_latency=1ms tx_dur=1ms,23.576,
2727,10,164,2859466916,2026-07-14T15:04:36.348472+00:00,16.300137,55548,41,0202aa7000a4d8fc005a5811460e29efbf1ffffffc2246cd1e00000fc0007ebfe9ed0737feebfff600,1,TX 41 seq=7913 rx_latency=1ms tx_dur=1ms,15.136,
2727,10,165,2859466917,2026-07-14T15:04:36.448441+00:00,16.400105,55648,41,0202aa7000a5d960005a5811460e29efbf1ffffffc2246cd1e00000fc0007ebfe9ed0737feebfff600,1,TX 41 seq=7914 rx_latency=1ms tx_dur=1ms,16.915,
2727,10,166,2859466918,2026-07-14T15:04:36.548467+00:00,16.500125,55748,41,0202aa7000a6d9c4005a5811460e29efbf1ffffffc2246cd1e00000fc0007ebfe9ed0737feebfff600,1,TX 41 seq=7915 rx_latency=1ms tx_dur=1ms,19.687,
2727,10,167,2859466919,2026-07-14T15:04:36.648422+00:00,16.600091,55848,41,0202aa7000a7da28005a5811460e29efbf1ffffffc2246cd1e00000fc0007ebfe9ed0737feebfff600,1,TX 41 seq=7916 rx_latency=1ms tx_dur=1ms,21.464,
2727,10,168,2859466920,2026-07-14T15:04:36.748470+00:00,16.700130,55948,41,0202aa7000a8da8c005a5811460e29efbf1ffffffc2246cd1e00000fc0007ebfe9ed0737feebfff600,1,TX 41 seq=7917 rx_latency=1ms tx_dur=1ms,22.916,
2727,10,169,2859466921,2026-07-14T15:04:36.848488+00:00,16.800165,56048,41,0202aa7000a9daf0005a5811460e29efbf1ffffffc2246cd1e00000fc0007ebfe9ed0737feebfff600,1,TX 41 seq=7918 rx_latency=1ms tx_dur=1ms,14.654,
2727,10,170,2859466922,2026-07-14T15:04:36.948471+00:00,16.900131,56148,41,0202aa7000aadb54005a5811460e29efbf1ffffffc2246cd1e00000fc0007ebfe9ed0737feebfff600,1,TX 41 seq=7919 rx_latency=1ms tx_dur=1ms,17.538,
2727,10,171,2859466923,2026-07-14T15:04:37.048479+00:00,17.000143,56248,41,0202aa7000abdbb8005a5811460e29efbf1ffffffc2246cd1e00000fc0007ebfe9ed0737feebfff600,1,TX 41 seq=7920 rx_latency=1ms tx_dur=1ms,19.272,
2727,10,172,2859466924,2026-07-14T15:04:37.148469+00:00,17.100126,56348,41,0202aa7000acdc1c005a5811460e29efbf1ffffffc2246cd1e00000fc0007ebfe9ed0737feebfff600,1,TX 41 seq=7921 rx_latency=1ms tx_dur=1ms,20.931,
2727,10,173,2859466925,2026-07-14T15:04:37.248480+00:00,17.200147,56448,41,0202aa7000addc80005a5811460e29efbf1ffffffc2246cd1e00000fc0007ebfe9ed0737feebfff600,1,TX 41 seq=7922 rx_latency=1ms tx_dur=1ms,23.364,
2727,10,174,2859466926,2026-07-14T15:04:37.348482+00:00,17.300157,56548,41,0202aa7000aedce4005a5811460e29efbf1ffffffc2246cd1e00000fc0007ebfe9ed0737feebfff600,1,TX 41 seq=7923 rx_latency=1ms tx_dur=1ms,14.852,
2727,10,175,2859466927,2026-07-14T15:04:37.448443+00:00,17.400108,56648,41,0202aa7000afdd48005a5811460e29efbf1ffffffc2246cd1e00000fc0007ebfe9ed0737feebfff600,1,TX 41 seq=7924 rx_latency=1ms tx_dur=1ms,17.650,
2727,10,176,2859466928,2026-07-14T15:04:37.548478+00:00,17.500140,56748,41,0202aa7000b0ddac005a5811460e29efbf1ffffffc2246cd1e00000fc0007ebfe9ed0737feebfff600,1,TX 41 seq=7925 rx_latency=1ms tx_dur=1ms,19.009,
2727,10,177,2859466929,2026-07-14T15:04:37.648475+00:00,17.600137,56848,41,0202aa7000b1de10005a5811460e29efbf1ffffffc2246cd1e00000fc0007ebfe9ed0737feebfff600,1,TX 41 seq=7926 rx_latency=1ms tx_dur=1ms,21.632,
2727,10,178,2859466930,2026-07-14T15:04:37.748481+00:00,17.700151,56948,41,0202aa7000b2de74005a5811460e29efbf1ffffffc2246cd1e00000fc0007ebfe9ed0737feebfff600,1,TX 41 seq=7927 rx_latency=1ms tx_dur=1ms,23.131,
2727,10,179,2859466931,2026-07-14T15:04:37.848483+00:00,17.800148,57048,41,0202aa7000b3ded8005a5811460e29efbf1ffffffc2246cd1e00000fc0007ebfe9ed0737feebfff600,1,TX 41 seq=7928 rx_latency=1ms tx_dur=1ms,16.790,
2727,10,180,2859466932,2026-07-14T15:04:37.948474+00:00,17.900136,57148,41,0202aa7000b4df3c005a5811460e29efbf1ffffffc2246cd1e00000fc0007ebfe9ed0737feebfff600,1,TX 41 seq=7929 rx_latency=1ms tx_dur=1ms,17.181,
2727,10,181,2859466933,2026-07-14T15:04:38.048479+00:00,18.000140,57248,41,0202aa7000b5dfa0005a5811460e29efbf1ffffffc2246cd1e00000fc0007ebfe9ed0737feebfff600,1,TX 41 seq=7930 rx_latency=1ms tx_dur=1ms,18.805,
2727,10,182,2859466934,2026-07-14T15:04:38.148477+00:00,18.100138,57348,41,0202aa7000b6e004005a5811460e29efbf1ffffffc2246cd1e00000fc0007ebfe9ed0737feebfff600,1,TX 41 seq=7931 rx_latency=1ms tx_dur=1ms,21.395,
2727,10,183,2859466935,2026-07-14T15:04:38.248467+00:00,18.200127,57448,41,0202aa7000b7e068005a5811460e29efbf1ffffffc2246cd1e00000fc0007ebfe9ed0737feebfff600,1,TX 41 seq=7932 rx_latency=1ms tx_dur=1ms,22.861,
2727,10,184,2859466936,2026-07-14T15:04:38.348480+00:00,18.300144,57548,41,0202aa7000b8e0cc005a5811460e29efbf1ffffffc2246cd1e00000fc0007ebfe9ed0737feebfff600,1,TX 41 seq=7933 rx_latency=1ms tx_dur=1ms,15.755,
2727,10,185,2859466937,2026-07-14T15:04:38.448472+00:00,18.400131,57648,41,0202aa7000b9e130005a5811460e29efbf1ffffffc2246cd1e00000fc0007ebfe9ed0737feebfff600,1,TX 41 seq=7934 rx_latency=1ms tx_dur=1ms,17.475,
2727,10,186,2859466938,2026-07-14T15:04:38.548478+00:00,18.500141,57748,41,0202aa7000bae194005a5811460e29efbf1ffffffc2246cd1e00000fc0007ebfe9ed0737feebfff600,1,TX 41 seq=7935 rx_latency=1ms tx_dur=1ms,19.261,
2727,10,187,2859466939,2026-07-14T15:04:38.648478+00:00,18.600150,57848,41,0202aa7000bbe1f8005a5811460e29efbf1ffffffc2246cd1e00000fc0007ebfe9ed0737feebfff600,1,TX 41 seq=7936 rx_latency=1ms tx_dur=1ms,21.740,
2727,10,188,2859466940,2026-07-14T15:04:38.748481+00:00,18.700148,57948,41,0202aa7000bce25c005a5811460e29efbf1ffffffc2246cd1e00000fc0007ebfe9ed0737feebfff600,1,TX 41 seq=7937 rx_latency=1ms tx_dur=1ms,23.560,
2727,10,189,2859466941,2026-07-14T15:04:38.848478+00:00,18.800151,58048,41,0202aa7000bde2c0005a5811460e29efbf1ffffffc2246cd1e00000fc0007ebfe9ed0737feebfff600,1,TX 41 seq=7938 rx_latency=1ms tx_dur=1ms,15.292,
2727,10,190,2859466942,2026-07-14T15:04:38.948480+00:00,18.900146,58148,41,0202aa7000bee324005a5811460e29efbf1ffffffc2246cd1e00000fc0007ebfe9ed0737feebfff600,1,TX 41 seq=7939 rx_latency=1ms tx_dur=1ms,17.042,
2727,10,191,2859466943,2026-07-14T15:04:39.048468+00:00,19.000127,58248,41,0202aa7000bfe388005a5811460e29efbf1ffffffc2246cd1e00000fc0007ebfe9ed0737feebfff600,1,TX 41 seq=7940 rx_latency=1ms tx_dur=1ms,19.824,
2727,10,192,2859466944,2026-07-14T15:04:39.148478+00:00,19.100141,58348,41,0202aa7000c0e3ec005a5811460e29efbf1ffffffc2246cd1e00000fc0007ebfe9ed0737feebfff600,1,TX 41 seq=7941 rx_latency=1ms tx_dur=1ms,21.165,
2727,10,193,2859466945,2026-07-14T15:04:39.248477+00:00,19.200143,58448,41,0202aa7000c1e450005a5811460e29efbf1ffffffc2246cd1e00000fc0007ebfe9ed0737feebfff600,1,TX 41 seq=7942 rx_latency=1ms tx_dur=1ms,23.746,
2727,10,194,2859466946,2026-07-14T15:04:39.348473+00:00,19.300137,58548,41,0202aa7000c2e4b4005a5811460e29efbf1ffffffc2246cd1e00000fc0007ebfe9ed0737feebfff600,1,TX 41 seq=7943 rx_latency=1ms tx_dur=1ms,16.554,
2727,10,195,2859466947,2026-07-14T15:04:39.448480+00:00,19.400145,58648,41,0202aa7000c3e518005a5811460e29efbf1ffffffc2246cd1e00000fc0007ebfe9ed0737feebfff600,1,TX 41 seq=7944 rx_latency=1ms tx_dur=1ms,16.778,
2727,10,196,2859466948,2026-07-14T15:04:39.548474+00:00,19.500137,58748,41,0202aa7000c4e57c005a5811460e29efbf1ffffffc2246cd1e00000fc0007ebfe9ed0737feebfff600,1,TX 41 seq=7945 rx_latency=1ms tx_dur=1ms,19.359,
2727,10,197,2859466949,2026-07-14T15:04:39.648432+00:00,19.600100,58848,41,0202aa7000c5e5e0005a5811460e29efbf1ffffffc2246cd1e00000fc0007ebfe9ed0737feebfff600,1,TX 41 seq=7946 rx_latency=1ms tx_dur=1ms,21.015,
2727,10,198,2859466950,2026-07-14T15:04:39.748484+00:00,19.700154,58948,41,0202aa7000c6e644005a5811460e29efbf1ffffffc2246cd1e00000fc0007ebfe9ed0737feebfff600,1,TX 41 seq=7947 rx_latency=1ms tx_dur=1ms,23.463,
2727,10,199,2859466951,2026-07-14T15:04:39.848478+00:00,19.800144,59048,41,0202aa7000c7e6a8005a5811460e29efbf1ffffffc2246cd1e00000fc0007ebfe9ed0737feebfff600,1,TX 41 seq=7948 rx_latency=1ms tx_dur=1ms,14.990,
2727,10,200,2859466952,2026-07-14T15:04:39.948478+00:00,19.900141,59148,41,0202aa7000c8e70c005a5811460e29efbf1ffffffc2246cd1e00000fc0007ebfe9ed0737feebfff600,1,TX 41 seq=7949 rx_latency=1ms tx_dur=1ms,17.695,
2727,10,201,2859466953,2026-07-14T15:04:40.048484+00:00,20.000161,59248,41,0202aa7000c9e770005a5811460e29efbf1ffffffc2246cd1e00000fc0007ebfe9ed0737feebfff600,1,TX 41 seq=7950 rx_latency=1ms tx_dur=1ms,19.017,
2727,10,202,2859466954,2026-07-14T15:04:40.148478+00:00,20.100146,59348,41,0202aa7000cae7d4005a5811460e29efbf1ffffffc2246cd1e00000fc0007ebfe9ed0737feebfff600,1,TX 41 seq=7951 rx_latency=1ms tx_dur=1ms,21.640,
2727,10,203,2859466955,2026-07-14T15:04:40.248475+00:00,20.200136,59448,41,0202aa7000cbe838005a5811460e29efbf1ffffffc2246cd1e00000fc0007ebfe9ed0737feebfff600,1,TX 41 seq=7952 rx_latency=1ms tx_dur=1ms,23.390,
2727,10,204,2859466956,2026-07-14T15:04:40.348484+00:00,20.300164,59548,41,0202aa7000cce89c005a5811460e29efbf1ffffffc2246cd1e00000fc0007ebfe9ed0737feebfff600,1,TX 41 seq=7953 rx_latency=1ms tx_dur=1ms,14.665,
2727,10,205,2859466957,2026-07-14T15:04:40.448482+00:00,20.400153,59648,41,0202aa7000cde900005a5811460e29efbf1ffffffc2246cd1e00000fc0007ebfe9ed0737feebfff600,1,TX 41 seq=7954 rx_latency=1ms tx_dur=1ms,17.377,
2727,10,206,2859466958,2026-07-14T15:04:40.548474+00:00,20.500137,59748,41,0202aa7000cee964005a5811460e29efbf1ffffffc2246cd1e00000fc0007ebfe9ed0737feebfff600,1,TX 41 seq=7955 rx_latency=1ms tx_dur=1ms,19.090,
2727,10,207,2859466959,2026-07-14T15:04:40.648480+00:00,20.600149,59848,41,0202aa7000cfe9c8005a5811460e29efbf1ffffffc2246cd1e00000fc0007ebfe9ed0737feebfff600,1,TX 41 seq=7956 rx_latency=1ms tx_dur=1ms,20.852,
2727,10,208,2859466960,2026-07-14T15:04:40.748476+00:00,20.700143,59948,41,0202aa7000d0ea2c005a5811460e29efbf1ffffffc2246cd1e00000fc0007ebfe9ed0737feebfff600,1,TX 41 seq=7957 rx_latency=1ms tx_dur=1ms,23.585,
2727,10,209,2859466961,2026-07-14T15:04:40.848480+00:00,20.800151,60048,41,0202aa7000d1ea90005a5811460e29efbf1ffffffc2246cd1e00000fc0007ebfe9ed0737feebfff600,1,TX 41 seq=7958 rx_latency=1ms tx_dur=1ms,15.218,
2727,10,210,2859466962,2026-07-14T15:04:40.948479+00:00,20.900151,60148,41,0202aa7000d2eaf4005a5811460e29efbf1ffffffc2246cd1e00000fc0007ebfe9ed0737feebfff600,1,TX 41 seq=7959 rx_latency=1ms tx_dur=1ms,16.912,
2727,10,211,2859466963,2026-07-14T15:04:41.048478+00:00,21.000143,60248,41,0202aa7000d3eb58005a5811460e29efbf1ffffffc2246cd1e00000fc0007ebfe9ed0737feebfff600,1,TX 41 seq=7960 rx_latency=1ms tx_dur=1ms,19.799,
2727,10,212,2859466964,2026-07-14T15:04:41.148473+00:00,21.100132,60348,41,0202aa7000d4ebbc005a5811460e29efbf1ffffffc2246cd1e00000fc0007ebfe9ed0737feebfff600,1,TX 41 seq=7961 rx_latency=1ms tx_dur=1ms,21.484,
2727,10,213,2859466965,2026-07-14T15:04:41.248477+00:00,21.200143,60448,41,0202aa7000d5ec20005a5811460e29efbf1ffffffc2246cd1e00000fc0007ebfe9ed0737feebfff600,1,TX 41 seq=7962 rx_latency=1ms tx_dur=1ms,23.145,
2727,10,214,2859466966,2026-07-14T15:04:41.348472+00:00,21.300133,60548,41,0202aa7000d6ec84005a5811460e29efbf1ffffffc2246cd1e00000fc0007ebfe9ed0737feebfff600,1,TX 41 seq=7963 rx_latency=1ms tx_dur=1ms,15.763,
2727,10,215,2859466967,2026-07-14T15:04:41.448481+00:00,21.400147,60648,41,0202aa7000d7ece8005a5811460e29efbf1ffffffc2246cd1e00000fc0007ebfe9ed0737feebfff600,1,TX 41 seq=7964 rx_latency=1ms tx_dur=1ms,17.270,
2727,10,216,2859466968,2026-07-14T15:04:41.548472+00:00,21.500131,60748,41,0202aa7000d8ed4c005a5811460e29efbf1ffffffc2246cd1e00000fc0007ebfe9ed0737feebfff600,1,TX 41 seq=7965 rx_latency=1ms tx_dur=1ms,18.995,
2727,10,217,2859466969,2026-07-14T15:04:41.648480+00:00,21.600143,60848,41,0202aa7000d9edb0005a5811460e29efbf1ffffffc2246cd1e00000fc0007ebfe9ed0737feebfff600,1,TX 41 seq=7966 rx_latency=1ms tx_dur=1ms,20.739,
2727,10,218,2859466970,2026-07-14T15:04:41.748472+00:00,21.700131,60948,41,0202aa7000daee14005a5811460e29efbf1ffffffc2246cd1e00000fc0007ebfe9ed0737feebfff600,1,TX 41 seq=7967 rx_latency=1ms tx_dur=1ms,23.511,
2727,10,219,2859466971,2026-07-14T15:04:41.848477+00:00,21.800141,61048,41,0202aa7000dbee78005a5811460e29efbf1ffffffc2246cd1e00000fc0007ebfe9ed0737feebfff600,1,TX 41 seq=7968 rx_latency=1ms tx_dur=1ms,15.117,
2727,10,220,2859466972,2026-07-14T15:04:41.948479+00:00,21.900140,61148,41,0202aa7000dceedc005a5811460e29efbf1ffffffc2246cd1e00000fc0007ebfe9ed0737feebfff600,1,TX 41 seq=7969 rx_latency=1ms tx_dur=1ms,16.856,
2727,10,221,2859466973,2026-07-14T15:04:42.048474+00:00,22.000136,61248,41,0202aa7000ddef40005a5811460e29efbf1ffffffc2246cd1e00000fc0007ebfe9ed0737feebfff600,1,TX 41 seq=7970 rx_latency=1ms tx_dur=1ms,19.694,
2727,10,222,2859466974,2026-07-14T15:04:42.148477+00:00,22.100139,61348,41,0202aa7000deefa4005a5811460e29efbf1ffffffc2246cd1e00000fc0007ebfe9ed0737feebfff600,1,TX 41 seq=7971 rx_latency=1ms tx_dur=1ms,21.414,
2727,10,223,2859466975,2026-07-14T15:04:42.248474+00:00,22.200133,61448,41,0202aa7000dff008005a5811460e29efbf1ffffffc2246cd1e00000fc0007ebfe9ed0737feebfff600,1,TX 41 seq=7972 rx_latency=1ms tx_dur=1ms,22.942,
2727,10,224,2859466976,2026-07-14T15:04:42.348473+00:00,22.300133,61548,41,0202aa7000e0f06c005a5811460e29efbf1ffffffc2246cd1e00000fc0007ebfe9ed0737feebfff600,1,TX 41 seq=7973 rx_latency=1ms tx_dur=1ms,15.803,
2727,10,225,2859466977,2026-07-14T15:04:42.448480+00:00,22.400143,61648,41,0202aa7000e1f0d0005a5811460e29efbf1ffffffc2246cd1e00000fc0007ebfe9ed0737feebfff600,1,TX 41 seq=7974 rx_latency=1ms tx_dur=1ms,17.532,
2727,10,226,2859466978,2026-07-14T15:04:42.548477+00:00,22.500143,61748,41,0202aa7000e2f134005a5811460e29efbf1ffffffc2246cd1e00000fc0007ebfe9ed0737feebfff600,1,TX 41 seq=7975 rx_latency=1ms tx_dur=1ms,19.194,
2727,10,227,2859466979,2026-07-14T15:04:42.648477+00:00,22.600142,61848,41,0202aa7000e3f198005a5811460e29efbf1ffffffc2246cd1e00000fc0007ebfe9ed0737feebfff600,1,TX 41 seq=7976 rx_latency=1ms tx_dur=1ms,20.758,
2727,10,228,2859466980,2026-07-14T15:04:42.748472+00:00,22.700131,61948,41,0202aa7000e4f1fc005a5811460e29efbf1ffffffc2246cd1e00000fc0007ebfe9ed0737feebfff600,1,TX 41 seq=7977 rx_latency=1ms tx_dur=1ms,23.548,
2727,10,229,2859466981,2026-07-14T15:04:42.848476+00:00,22.800141,62048,41,0202aa7000e5f260005a5811460e29efbf1ffffffc2246cd1e00000fc0007ebfe9ed0737feebfff600,1,TX 41 seq=7978 rx_latency=1ms tx_dur=1ms,15.379,
2727,10,230,2859466982,2026-07-14T15:04:42.948479+00:00,22.900140,62148,41,0202aa7000e6f2c4005a5811460e29efbf1ffffffc2246cd1e00000fc0007ebfe9ed0737feebfff600,1,TX 41 seq=7979 rx_latency=1ms tx_dur=1ms,17.101,
2727,10,231,2859466983,2026-07-14T15:04:43.048477+00:00,23.000140,62248,41,0202aa7000e7f328005a5811460e29efbf1ffffffc2246cd1e00000fc0007ebfe9ed0737feebfff600,1,TX 41 seq=7980 rx_latency=1ms tx_dur=1ms,19.824,
2727,10,232,2859466984,2026-07-14T15:04:43.148478+00:00,23.100139,62348,41,0202aa7000e8f38c005a5811460e29efbf1ffffffc2246cd1e00000fc0007ebfe9ed0737feebfff600,1,TX 41 seq=7981 rx_latency=1ms tx_dur=1ms,21.197,
2727,10,233,2859466985,2026-07-14T15:04:43.248474+00:00,23.200135,62448,41,0202aa7000e9f3f0005a5811460e29efbf1ffffffc2246cd1e00000fc0007ebfe9ed0737feebfff600,1,TX 41 seq=7982 rx_latency=1ms tx_dur=1ms,23.783,
2727,10,234,2859466986,2026-07-14T15:04:43.348477+00:00,23.300141,62548,41,0202aa7000eaf454005a5811460e29efbf1ffffffc2246cd1e00000fc0007ebfe9ed0737feebfff600,1,TX 41 seq=7983 rx_latency=1ms tx_dur=1ms,16.566,
2727,10,235,2859466987,2026-07-14T15:04:43.448481+00:00,23.400147,62648,41,0202aa7000ebf4b8005a5811460e29efbf1ffffffc2246cd1e00000fc0007ebfe9ed0737feebfff600,1,TX 41 seq=7984 rx_latency=1ms tx_dur=1ms,16.789,
2727,10,236,2859466988,2026-07-14T15:04:43.548478+00:00,23.500145,62748,41,0202aa7000ecf51c005a5811460e29efbf1ffffffc2246cd1e00000fc0007ebfe9ed0737feebfff600,1,TX 41 seq=7985 rx_latency=1ms tx_dur=1ms,19.383,
2727,10,237,2859466989,2026-07-14T15:04:43.648474+00:00,23.600132,62848,41,0202aa7000edf580005a5811460e29efbf1ffffffc2246cd1e00000fc0007ebfe9ed0737feebfff600,1,TX 41 seq=7986 rx_latency=1ms tx_dur=1ms,21.116,
2727,10,238,2859466990,2026-07-14T15:04:43.748495+00:00,23.700181,62948,41,0202aa7000eef5e4005a5811460e29efbf1ffffffc2246cd1e00000fc0007ebfe9ed0737feebfff600,1,TX 41 seq=7987 rx_latency=1ms tx_dur=1ms,23.372,
2727,10,239,2859466991,2026-07-14T15:04:43.848469+00:00,23.800133,63048,41,0202aa7000eff648005a5811460e29efbf1ffffffc2246cd1e00000fc0007ebfe9ed0737feebfff600,1,TX 41 seq=7988 rx_latency=1ms tx_dur=1ms,15.015,
2727,10,240,2859466992,2026-07-14T15:04:43.948478+00:00,23.900144,63148,41,0202aa7000f0f6ac005a5811460e29efbf1ffffffc2246cd1e00000fc0007ebfe9ed0737feebfff600,1,TX 41 seq=7989 rx_latency=1ms tx_dur=1ms,17.716,
2727,10,241,2859466993,2026-07-14T15:04:44.048478+00:00,24.000141,63248,41,0202aa7000f1f710005a5811460e29efbf1ffffffc2246cd1e00000fc0007ebfe9ed0737feebfff600,1,TX 41 seq=7990 rx_latency=1ms tx_dur=1ms,19.210,
2727,10,242,2859466994,2026-07-14T15:04:44.148476+00:00,24.100137,63348,41,0202aa7000f2f774005a5811460e29efbf1ffffffc2246cd1e00000fc0007ebfe9ed0737feebfff600,1,TX 41 seq=7991 rx_latency=1ms tx_dur=1ms,21.834,
2727,10,243,2859466995,2026-07-14T15:04:44.248475+00:00,24.200137,63448,41,0202aa7000f3f7d8005a5811460e29efbf1ffffffc2246cd1e00000fc0007ebfe9ed0737feebfff600,1,TX 41 seq=7992 rx_latency=1ms tx_dur=1ms,23.508,
2727,10,244,2859466996,2026-07-14T15:04:44.348478+00:00,24.300142,63548,41,0202aa7000f4f83c005a5811460e29efbf1ffffffc2246cd1e00000fc0007ebfe9ed0737feebfff600,1,TX 41 seq=7993 rx_latency=1ms tx_dur=1ms,15.301,
2727,10,245,2859466997,2026-07-14T15:04:44.448474+00:00,24.400132,63648,41,0202aa7000f5f8a0005a5811460e29efbf1ffffffc2246cd1e00000fc0007ebfe9ed0737feebfff600,1,TX 41 seq=7994 rx_latency=1ms tx_dur=1ms,17.025,
2727,10,246,2859466998,2026-07-14T15:04:44.548479+00:00,24.500144,63748,41,0202aa7000f6f904005a5811460e29efbf1ffffffc2246cd1e00000fc0007ebfe9ed0737feebfff600,1,TX 41 seq=7995 rx_latency=1ms tx_dur=1ms,19.659,
2727,10,247,2859466999,2026-07-14T15:04:44.648472+00:00,24.600131,63848,41,0202aa7000f7f968005a5811460e29efbf1ffffffc2246cd1e00000fc0007ebfe9ed0737feebfff600,1,TX 41 seq=7996 rx_latency=1ms tx_dur=1ms,21.357,
2727,10,248,2859467000,2026-07-14T15:04:44.748480+00:00,24.700146,63948,41,0202aa7000f8f9cc005a5811460e29efbf1ffffffc2246cd1e00000fc0007ebfe9ed0737feebfff600,1,TX 41 seq=7997 rx_latency=1ms tx_dur=1ms,23.134,
2727,10,249,2859467001,2026-07-14T15:04:44.848477+00:00,24.800145,64048,41,0202aa7000f9fa30005a5811460e29efbf1ffffffc2246cd1e00000fc0007ebfe9ed0737feebfff600,1,TX 41 seq=7998 rx_latency=1ms tx_dur=1ms,14.847,
2727,10,250,2859467002,2026-07-14T15:04:44.948478+00:00,24.900143,64148,41,0202aa7000fafa94005a5811460e29efbf1ffffffc2246cd1e00000fc0007ebfe9ed0737feebfff600,1,TX 41 seq=7999 rx_latency=1ms tx_dur=1ms,17.597,
2727,10,251,2859467003,2026-07-14T15:04:45.048478+00:00,25.000139,64248,41,0202aa7000fbfaf8005a5811460e29efbf1ffffffc2246cd1e00000fc0007ebfe9ed0737feebfff600,1,TX 41 seq=8000 rx_latency=1ms tx_dur=1ms,19.001,
2727,10,252,2859467004,2026-07-14T15:04:45.148476+00:00,25.100137,64348,41,0202aa7000fcfb5c005a5811460e29efbf1ffffffc2246cd1e00000fc0007ebfe9ed0737feebfff600,1,TX 41 seq=8001 rx_latency=1ms tx_dur=1ms,21.570,
2727,10,253,2859467005,2026-07-14T15:04:45.248472+00:00,25.200130,64448,41,0202aa7000fdfbc0005a5811460e29efbf1ffffffc2246cd1e00000fc0007ebfe9ed0737feebfff600,1,TX 41 seq=8002 rx_latency=1ms tx_dur=1ms,23.213,
2727,10,254,2859467006,2026-07-14T15:04:45.348481+00:00,25.300145,64548,41,0202aa7000fefc24005a5811460e29efbf1ffffffc2246cd1e00000fc0007ebfe9ed0737feebfff600,1,TX 41 seq=8003 rx_latency=1ms tx_dur=1ms,16.804,
2727,10,255,2859467007,2026-07-14T15:04:45.448478+00:00,25.400150,64648,41,0202aa7000fffc88005a5811460e29efbf1ffffffc2246cd1e00000fc0007ebfe9ed0737feebfff600,1,TX 41 seq=8004 rx_latency=1ms tx_dur=1ms,17.124,
2727,10,256,2859467008,2026-07-14T15:04:45.548478+00:00,25.500143,64748,41,0202aa700100fcec005a5811460e29efbf1ffffffc2246cd1e00000fc0007ebfe9ed0737feebfff600,1,TX 41 seq=8005 rx_latency=1ms tx_dur=1ms,18.783,
2727,10,257,2859467009,2026-07-14T15:04:45.648480+00:00,25.600143,64848,41,0202aa700101fd50005a5811460e29efbf1ffffffc2246cd1e00000fc0007ebfe9ed0737feebfff600,1,TX 41 seq=8006 rx_latency=1ms tx_dur=1ms,21.378,
2727,10,258,2859467010,2026-07-14T15:04:45.748404+00:00,25.700062,64948,41,0202aa700102fdb4005a5811460e29efbf1ffffffc2246cd1e00000fc0007ebfe9ed0737feebfff600,1,TX 41 seq=8007 rx_latency=1ms tx_dur=1ms,22.920,
2727,10,259,2859467011,2026-07-14T15:04:45.848425+00:00,25.800099,65048,41,0202aa700103fe18005a5811460e29efbf1ffffffc2246cd1e00000fc0007ebfe9ed0737feebfff600,1,TX 41 seq=8008 rx_latency=1ms tx_dur=1ms,15.785,
2727,10,260,2859467012,2026-07-14T15:04:45.948478+00:00,25.900150,65148,41,0202aa700104fe7c005a5811460e29efbf1ffffffc2246cd1e00000fc0007ebfe9ed0737feebfff600,1,TX 41 seq=8009 rx_latency=1ms tx_dur=1ms,17.428,
2727,10,261,2859467013,2026-07-14T15:04:46.048473+00:00,26.000138,65248,41,0202aa700105fee0005a5811460e29efbf1ffffffc2246cd1e00000fc0007ebfe9ed0737feebfff600,1,TX 41 seq=8010 rx_latency=1ms tx_dur=1ms,19.212,
2727,10,262,2859467014,2026-07-14T15:04:46.148397+00:00,26.100056,65348,41,0202aa700106ff44005a5811460e29efbf1ffffffc2246cd1e00000fc0007ebfe9ed0737feebfff600,1,TX 41 seq=8011 rx_latency=1ms tx_dur=1ms,21.872,
2727,10,263,2859467015,2026-07-14T15:04:46.248436+00:00,26.200099,65448,41,0202aa700107ffa8005a5811460e29efbf1ffffffc2246cd1e00000fc0007ebfe9ed0737feebfff600,1,TX 41 seq=8012 rx_latency=1ms tx_dur=1ms,23.597,
2727,10,264,2859467016,2026-07-14T15:04:46.348471+00:00,26.300132,12,41,0202aa700108000c005a5811460e29efbf1ffffffc2246cd1e00000fc0007ebfe9ed0737feebfff600,1,TX 41 seq=8013 rx_latency=1ms tx_dur=1ms,15.330,
2727,10,265,2859467017,2026-07-14T15:04:46.448458+00:00,26.400145,112,41,0202aa7001090070005a5811460e29efbf1ffffffc2246cd1e00000fc0007ebfe9ed0737feebfff600,1,TX 41 seq=8014 rx_latency=1ms tx_dur=1ms,16.961,
2727,10,266,2859467018,2026-07-14T15:04:46.548479+00:00,26.500148,212,41,0202aa70010a00d4005a5811460e29efbf1ffffffc2246cd1e00000fc0007ebfe9ed0737feebfff600,1,TX 41 seq=8015 rx_latency=1ms tx_dur=1ms,18.783,
2727,10,267,2859467019,2026-07-14T15:04:46.648477+00:00,26.600142,312,41,0202aa70010b0138005a5811460e29efbf1ffffffc2246cd1e00000fc0007ebfe9ed0737feebfff600,1,TX 41 seq=8016 rx_latency=1ms tx_dur=1ms,21.378,
2727,10,268,2859467020,2026-07-14T15:04:46.748413+00:00,26.700071,412,41,0202aa70010c019c005a5811460e29efbf1ffffffc2246cd1e00000fc0007ebfe9ed0737feebfff600,1,TX 41 seq=8017 rx_latency=1ms tx_dur=1ms,22.906,
2727,10,269,2859467021,2026-07-14T15:04:46.848476+00:00,26.800138,512,41,0202aa70010d0200005a5811460e29efbf1ffffffc2246cd1e00000fc0007ebfe9ed0737feebfff600,1,TX 41 seq=8018 rx_latency=1ms tx_dur=1ms,15.767,
2727,10,270,2859467022,2026-07-14T15:04:46.948479+00:00,26.900144,612,41,0202aa70010e0264005a5811460e29efbf1ffffffc2246cd1e00000fc0007ebfe9ed0737feebfff600,1,TX 41 seq=8019 rx_latency=1ms tx_dur=1ms,17.493,
2727,10,271,2859467023,2026-07-14T15:04:47.048480+00:00,27.000153,712,41,0202aa70010f02c8005a5811460e29efbf1ffffffc2246cd1e00000fc0007ebfe9ed0737feebfff600,1,TX 41 seq=8020 rx_latency=1ms tx_dur=1ms,19.144,
2727,10,272,2859467024,2026-07-14T15:04:47.148479+00:00,27.100145,812,41,0202aa700110032c005a5811460e29efbf1ffffffc2246cd1e00000fc0007ebfe9ed0737feebfff600,1,TX 41 seq=8021 rx_latency=1ms tx_dur=1ms,21.830,
2727,10,273,2859467025,2026-07-14T15:04:47.248472+00:00,27.200132,912,41,0202aa7001110390005a5811460e29efbf1ffffffc2246cd1e00000fc0007ebfe9ed0737feebfff600,1,TX 41 seq=8022 rx_latency=1ms tx_dur=1ms,23.516,
2727,10,274,2859467026,2026-07-14T15:04:47.348470+00:00,27.300128,1012,41,0202aa70011203f4005a5811460e29efbf1ffffffc2246cd1e00000fc0007ebfe9ed0737feebfff600,1,TX 41 seq=8023 rx_latency=1ms tx_dur=1ms,15.422,
2727,10,275,2859467027,2026-07-14T15:04:47.448482+00:00,27.400150,1112,41,0202aa7001130458005a5811460e29efbf1ffffffc2246cd1e00000fc0007ebfe9ed0737feebfff600,1,TX 41 seq=8024 rx_latency=1ms tx_dur=1ms,16.948,
2727,10,276,2859467028,2026-07-14T15:04:47.548476+00:00,27.500140,1212,41,0202aa70011404bc005a5811460e29efbf1ffffffc2246cd1e00000fc0007ebfe9ed0737feebfff600,1,TX 41 seq=8025 rx_latency=1ms tx_dur=1ms,19.837,
2727,10,277,2859467029,2026-07-14T15:04:47.648486+00:00,27.600159,1312,41,0202aa7001150520005a5811460e29efbf1ffffffc2246cd1e00000fc0007ebfe9ed0737feebfff600,1,TX 41 seq=8026 rx_latency=1ms tx_dur=1ms,21.133,
2727,10,278,2859467030,2026-07-14T15:04:47.748481+00:00,27.700152,1412,41,0202aa7001160584005a5811460e29efbf1ffffffc2246cd1e00000fc0007ebfe9ed0737feebfff600,1,TX 41 seq=8027 rx_latency=1ms tx_dur=1ms,23.712,
2727,10,279,2859467031,2026-07-14T15:04:47.848489+00:00,27.800152,1512,41,0202aa70011705e8005a5811460e29efbf1ffffffc2246cd1e00000fc0007ebfe9ed0737feebfff600,1,TX 41 seq=8028 rx_latency=1ms tx_dur=1ms,16.474,
2727,10,280,2859467032,2026-07-14T15:04:47.948471+00:00,27.900129,1612,41,0202aa700118064c005a5811460e29efbf1ffffffc2246cd1e00000fc0007ebfe9ed0737feebfff600,1,TX 41 seq=8029 rx_latency=1ms tx_dur=1ms,16.960,
2727,10,281,2859467033,2026-07-14T15:04:48.048483+00:00,28.000161,1712,41,0202aa70011906b0005a5811460e29efbf1ffffffc2246cd1e00000fc0007ebfe9ed0737feebfff600,1,TX 41 seq=8030 rx_latency=1ms tx_dur=1ms,19.367,
2727,10,282,2859467034,2026-07-14T15:04:48.148471+00:00,28.100134,1812,41,0202aa70011a0714005a5811460e29efbf1ffffffc2246cd1e00000fc0007ebfe9ed0737feebfff600,1,TX 41 seq=8031 rx_latency=1ms tx_dur=1ms,21.323,
2727,10,283,2859467035,2026-07-14T15:04:48.248488+00:00,28.200168,1912,41,0202aa70011b0778005a5811460e29efbf1ffffffc2246cd1e00000fc0007ebfe9ed0737feebfff600,1,TX 41 seq=8032 rx_latency=1ms tx_dur=1ms,22.767,
2727,10,284,2859467036,2026-07-14T15:04:48.348476+00:00,28.300140,2012,41,0202aa70011c07dc005a5811460e29efbf1ffffffc2246cd1e00000fc0007ebfe9ed0737feebfff600,1,TX 41 seq=8033 rx_latency=1ms tx_dur=1ms,15.871,
2727,10,285,2859467037,2026-07-14T15:04:48.448481+00:00,28.400153,2112,41,0202aa70011d0840005a5811460e29efbf1ffffffc2246cd1e00000fc0007ebfe9ed0737feebfff600,1,TX 41 seq=8034 rx_latency=1ms tx_dur=1ms,17.229,
2727,10,286,2859467038,2026-07-14T15:04:48.548475+00:00,28.500145,2212,41,0202aa70011e08a4005a5811460e29efbf1ffffffc2246cd1e00000fc0007ebfe9ed0737feebfff600,1,TX 41 seq=8035 rx_latency=1ms tx_dur=1ms,19.102,
2727,10,287,2859467039,2026-07-14T15:04:48.648478+00:00,28.600146,2312,41,0202aa70011f0908005a5811460e29efbf1ffffffc2246cd1e00000fc0007ebfe9ed0737feebfff600,1,TX 41 seq=8036 rx_latency=1ms tx_dur=1ms,20.717,
2727,10,288,2859467040,2026-07-14T15:04:48.748474+00:00,28.700136,2412,41,0202aa700120096c005a5811460e29efbf1ffffffc2246cd1e00000fc0007ebfe9ed0737feebfff600,1,TX 41 seq=8037 rx_latency=1ms tx_dur=1ms,23.681,
2727,10,289,2859467041,2026-07-14T15:04:48.848481+00:00,28.800145,2512,41,0202aa70012109d0005a5811460e29efbf1ffffffc2246cd1e00000fc0007ebfe9ed0737feebfff600,1,TX 41 seq=8038 rx_latency=1ms tx_dur=1ms,15.163,
2727,10,290,2859467042,2026-07-14T15:04:48.948469+00:00,28.900126,2612,41,0202aa7001220a34005a5811460e29efbf1ffffffc2246cd1e00000fc0007ebfe9ed0737feebfff600,1,TX 41 seq=8039 rx_latency=1ms tx_dur=1ms,16.975,
2727,10,291,2859467043,2026-07-14T15:04:49.048479+00:00,29.000147,2712,41,0202aa7001230a98005a5811460e29efbf1ffffffc2246cd1e00000fc0007ebfe9ed0737feebfff600,1,TX 41 seq=8040 rx_latency=1ms tx_dur=1ms,19.686,
2727,10,292,2859467044,2026-07-14T15:04:49.148473+00:00,29.100131,2812,41,0202aa7001240afc005a5811460e29efbf1ffffffc2246cd1e00000fc0007ebfe9ed0737feebfff600,1,TX 41 seq=8041 rx_latency=1ms tx_dur=1ms,21.504,
2727,10,293,2859467045,2026-07-14T15:04:49.248445+00:00,29.200107,2912,41,0202aa7001250b60005a5811460e29efbf1ffffffc2246cd1e00000fc0007ebfe9ed0737feebfff600,1,TX 41 seq=8042 rx_latency=1ms tx_dur=1ms,23.036,
2727,10,294,2859467046,2026-07-14T15:04:49.348480+00:00,29.300155,3012,41,0202aa7001260bc4005a5811460e29efbf1ffffffc2246cd1e00000fc0007ebfe9ed0737feebfff600,1,TX 41 seq=8043 rx_latency=1ms tx_dur=1ms,15.801,
2727,10,295,2859467047,2026-07-14T15:04:49.448475+00:00,29.400138,3112,41,0202aa7001270c28005a5811460e29efbf1ffffffc2246cd1e00000fc0007ebfe9ed0737feebfff600,1,TX 41 seq=8044 rx_latency=1ms tx_dur=1ms,17.638,
2727,10,296,2859467048,2026-07-14T15:04:49.548480+00:00,29.500147,3212,41,0202aa7001280c8c005a5811460e29efbf1ffffffc2246cd1e00000fc0007ebfe9ed0737feebfff600,1,TX 41 seq=8045 rx_latency=1ms tx_dur=1ms,19.277,
2727,10,297,2859467049,2026-07-14T15:04:49.648470+00:00,29.600131,3312,41,0202aa7001290cf0005a5811460e29efbf1ffffffc2246cd1e00000fc0007ebfe9ed0737feebfff600,1,TX 41 seq=8046 rx_latency=1ms tx_dur=1ms,21.204,
2727,10,298,2859467050,2026-07-14T15:04:49.748489+00:00,29.700176,3412,41,0202aa70012a0d54005a5811460e29efbf1ffffffc2246cd1e00000fc0007ebfe9ed0737feebfff600,1,TX 41 seq=8047 rx_latency=1ms tx_dur=1ms,23.373,
2727,10,299,2859467051,2026-07-14T15:04:49.848473+00:00,29.800139,3512,41,0202aa70012b0db8005a5811460e29efbf1ffffffc2246cd1e00000fc0007ebfe9ed0737feebfff600,1,TX 41 seq=8048 rx_latency=1ms tx_dur=1ms,15.049,
2727,10,300,2859467052,2026-07-14T15:04:49.948471+00:00,29.900129,3612,41,0202aa70012c0e1c005a5811460e29efbf1ffffffc2246cd1e00000fc0007ebfe9ed0737feebfff600,1,TX 41 seq=8049 rx_latency=1ms tx_dur=1ms,17.824,
2727,10,301,2859467053,2026-07-14T15:04:50.048485+00:00,30.000161,3712,41,0202aa70012d0e80005a5811460e29efbf1ffffffc2246cd1e00000fc0007ebfe9ed0737feebfff600,1,TX 41 seq=8050 rx_latency=1ms tx_dur=1ms,19.212,
2727,10,302,2859467054,2026-07-14T15:04:50.148473+00:00,30.100137,3812,41,0202aa70012e0ee4005a5811460e29efbf1ffffffc2246cd1e00000fc0007ebfe9ed0737feebfff600,1,TX 41 seq=8051 rx_latency=1ms tx_dur=1ms,21.911,
2727,10,303,2859467055,2026-07-14T15:04:50.248481+00:00,30.200149,3912,41,0202aa70012f0f48005a5811460e29efbf1ffffffc2246cd1e00000fc0007ebfe9ed0737feebfff600,1,TX 41 seq=8052 rx_latency=1ms tx_dur=1ms,23.559,
2727,10,304,2859467056,2026-07-14T15:04:50.348477+00:00,30.300148,4012,41,0202aa7001300fac005a5811460e29efbf1ffffffc2246cd1e00000fc0007ebfe9ed0737feebfff600,1,TX 41 seq=8053 rx_latency=1ms tx_dur=1ms,15.313,
2727,10,305,2859467057,2026-07-14T15:04:50.448470+00:00,30.400129,4112,41,0202aa7001311010005a5811460e29efbf1ffffffc2246cd1e00000fc0007ebfe9ed0737feebfff600,1,TX 41 seq=8054 rx_latency=1ms tx_dur=1ms,17.085,
2727,10,306,2859467058,2026-07-14T15:04:50.548480+00:00,30.500152,4212,41,0202aa7001321074005a5811460e29efbf1ffffffc2246cd1e00000fc0007ebfe9ed0737feebfff600,1,TX 41 seq=8055 rx_latency=1ms tx_dur=1ms,19.793,
2727,10,307,2859467059,2026-07-14T15:04:50.648479+00:00,30.600145,4312,41,0202aa70013310d8005a5811460e29efbf1ffffffc2246cd1e00000fc0007ebfe9ed0737feebfff600,1,TX 41 seq=8056 rx_latency=1ms tx_dur=1ms,21.180,
2727,10,308,2859467060,2026-07-14T15:04:50.748484+00:00,30.700160,4412,41,0202aa700134113c005a5811460e29efbf1ffffffc2246cd1e00000fc0007ebfe9ed0737feebfff600,1,TX 41 seq=8057 rx_latency=1ms tx_dur=1ms,23.777,
2727,10,309,2859467061,2026-07-14T15:04:50.848472+00:00,30.800135,4512,41,0202aa70013511a0005a5811460e29efbf1ffffffc2246cd1e00000fc0007ebfe9ed0737feebfff600,1,TX 41 seq=8058 rx_latency=1ms tx_dur=1ms,16.568,
2727,10,310,2859467062,2026-07-14T15:04:50.948480+00:00,30.900145,4612,41,0202aa7001361204005a5811460e29efbf1ffffffc2246cd1e00000fc0007ebfe9ed0737feebfff600,1,TX 41 seq=8059 rx_latency=1ms tx_dur=1ms,16.779,
2727,10,311,2859467063,2026-07-14T15:04:51.048478+00:00,31.000141,4712,41,0202aa7001371268005a5811460e29efbf1ffffffc2246cd1e00000fc0007ebfe9ed0737feebfff600,1,TX 41 seq=8060 rx_latency=1ms tx_dur=1ms,19.373,
2727,10,312,2859467064,2026-07-14T15:04:51.148468+00:00,31.100126,4812,41,0202aa70013812cc005a5811460e29efbf1ffffffc2246cd1e00000fc0007ebfe9ed0737feebfff600,1,TX 41 seq=8061 rx_latency=1ms tx_dur=1ms,21.028,
2727,10,313,2859467065,2026-07-14T15:04:51.248483+00:00,31.200155,4912,41,0202aa7001391330005a5811460e29efbf1ffffffc2246cd1e00000fc0007ebfe9ed0737feebfff600,1,TX 41 seq=8062 rx_latency=1ms tx_dur=1ms,23.461,
2727,10,314,2859467066,2026-07-14T15:04:51.348414+00:00,31.300094,5012,41,0202aa70013a1394005a5811460e29efbf1ffffffc2246cd1e00000fc0007ebfe9ed0737feebfff600,1,TX 41 seq=8063 rx_latency=1ms tx_dur=1ms,15.033,
2727,10,315,2859467067,2026-07-14T15:04:51.448477+00:00,31.400149,5112,41,0202aa70013b13f8005a5811460e29efbf1ffffffc2246cd1e00000fc0007ebfe9ed0737feebfff600,1,TX 41 seq=8064 rx_latency=1ms tx_dur=1ms,17.714,
2727,10,316,2859467068,2026-07-14T15:04:51.548486+00:00,31.500162,5212,41,0202aa70013c145c005a5811460e29efbf1ffffffc2246cd1e00000fc0007ebfe9ed0737feebfff600,1,TX 41 seq=8065 rx_latency=1ms tx_dur=1ms,19.048,
2727,10,317,2859467069,2026-07-14T15:04:51.648474+00:00,31.600135,5312,41,0202aa70013d14c0005a5811460e29efbf1ffffffc2246cd1e00000fc0007ebfe9ed0737feebfff600,1,TX 41 seq=8066 rx_latency=1ms tx_dur=1ms,21.612,
2727,10,318,2859467070,2026-07-14T15:04:51.748485+00:00,31.700154,5412,41,0202aa70013e1524005a5811460e29efbf1ffffffc2246cd1e00000fc0007ebfe9ed0737feebfff600,1,TX 41 seq=8067 rx_latency=1ms tx_dur=1ms,23.262,
2727,10,319,2859467071,2026-07-14T15:04:51.848474+00:00,31.800137,5512,41,0202aa70013f1588005a5811460e29efbf1ffffffc2246cd1e00000fc0007ebfe9ed0737feebfff600,1,TX 41 seq=8068 rx_latency=1ms tx_dur=1ms,15.901,
2727,10,320,2859467072,2026-07-14T15:04:51.948478+00:00,31.900143,5612,41,0202aa70014015ec005a5811460e29efbf1ffffffc2246cd1e00000fc0007ebfe9ed0737feebfff600,1,TX 41 seq=8069 rx_latency=1ms tx_dur=1ms,17.420,
2727,10,321,2859467073,2026-07-14T15:04:52.048474+00:00,32.000134,5712,41,0202aa7001411650005a5811460e29efbf1ffffffc2246cd1e00000fc0007ebfe9ed0737feebfff600,1,TX 41 seq=8070 rx_latency=1ms tx_dur=1ms,19.134,
2727,10,322,2859467074,2026-07-14T15:04:52.148477+00:00,32.100140,5812,41,0202aa70014216b4005a5811460e29efbf1ffffffc2246cd1e00000fc0007ebfe9ed0737feebfff600,1,TX 41 seq=8071 rx_latency=1ms tx_dur=1ms,20.884,
2727,10,323,2859467075,2026-07-14T15:04:52.248474+00:00,32.200134,5912,41,0202aa7001431718005a5811460e29efbf1ffffffc2246cd1e00000fc0007ebfe9ed0737feebfff600,1,TX 41 seq=8072 rx_latency=1ms tx_dur=1ms,23.646,
2727,10,324,2859467076,2026-07-14T15:04:52.348488+00:00,32.300181,6012,41,0202aa700144177c005a5811460e29efbf1ffffffc2246cd1e00000fc0007ebfe9ed0737feebfff600,1,TX 41 seq=8073 rx_latency=1ms tx_dur=1ms,16.350,
2727,10,325,2859467077,2026-07-14T15:04:52.448476+00:00,32.400144,6112,41,0202aa70014517e0005a5811460e29efbf1ffffffc2246cd1e00000fc0007ebfe9ed0737feebfff600,1,TX 41 seq=8074 rx_latency=1ms tx_dur=1ms,17.863,
2727,10,326,2859467078,2026-07-14T15:04:52.548486+00:00,32.500165,6212,41,0202aa7001461844005a5811460e29efbf1ffffffc2246cd1e00000fc0007ebfe9ed0737feebfff600,1,TX 41 seq=8075 rx_latency=1ms tx_dur=1ms,19.288,
2727,10,327,2859467079,2026-07-14T15:04:52.648472+00:00,32.600140,6312,41,0202aa70014718a8005a5811460e29efbf1ffffffc2246cd1e00000fc0007ebfe9ed0737feebfff600,1,TX 41 seq=8076 rx_latency=1ms tx_dur=1ms,20.934,
2727,10,328,2859467080,2026-07-14T15:04:52.748481+00:00,32.700147,6412,41,0202aa700148190c005a5811460e29efbf1ffffffc2246cd1e00000fc0007ebfe9ed0737feebfff600,1,TX 41 seq=8077 rx_latency=1ms tx_dur=1ms,23.400,
2727,10,329,2859467081,2026-07-14T15:04:52.848475+00:00,32.800139,6512,41,0202aa7001491970005a5811460e29efbf1ffffffc2246cd1e00000fc0007ebfe9ed0737feebfff600,1,TX 41 seq=8078 rx_latency=1ms tx_dur=1ms,14.961,
2727,10,330,2859467082,2026-07-14T15:04:52.948470+00:00,32.900129,6612,41,0202aa70014a19d4005a5811460e29efbf1ffffffc2246cd1e00000fc0007ebfe9ed0737feebfff600,1,TX 41 seq=8079 rx_latency=1ms tx_dur=1ms,17.711,
2727,10,331,2859467083,2026-07-14T15:04:53.048479+00:00,33.000141,6712,41,0202aa70014b1a38005a5811460e29efbf1ffffffc2246cd1e00000fc0007ebfe9ed0737feebfff600,1,TX 41 seq=8080 rx_latency=1ms tx_dur=1ms,19.156,
2727,10,332,2859467084,2026-07-14T15:04:53.148471+00:00,33.100133,6812,41,0202aa70014c1a9c005a5811460e29efbf1ffffffc2246cd1e00000fc0007ebfe9ed0737feebfff600,1,TX 41 seq=8081 rx_latency=1ms tx_dur=1ms,21.718,
2727,10,333,2859467085,2026-07-14T15:04:53.248480+00:00,33.200143,6912,41,0202aa70014d1b00005a5811460e29efbf1ffffffc2246cd1e00000fc0007ebfe9ed0737feebfff600,1,TX 41 seq=8082 rx_latency=1ms tx_dur=1ms,23.488,
2727,10,334,2859467086,2026-07-14T15:04:53.348470+00:00,33.300129,7012,41,0202aa70014e1b64005a5811460e29efbf1ffffffc2246cd1e00000fc0007ebfe9ed0737feebfff600,1,TX 41 seq=8083 rx_latency=1ms tx_dur=1ms,15.261,
2727,10,335,2859467087,2026-07-14T15:04:53.448479+00:00,33.400145,7112,41,0202aa70014f1bc8005a5811460e29efbf1ffffffc2246cd1e00000fc0007ebfe9ed0737feebfff600,1,TX 41 seq=8084 rx_latency=1ms tx_dur=1ms,16.969,
2727,10,336,2859467088,2026-07-14T15:04:53.548469+00:00,33.500128,7212,41,0202aa7001501c2c005a5811460e29efbf1ffffffc2246cd1e00000fc0007ebfe9ed0737feebfff600,1,TX 41 seq=8085 rx_latency=1ms tx_dur=1ms,19.607,
2727,10,337,2859467089,2026-07-14T15:04:53.648490+00:00,33.600170,7312,41,0202aa7001511c90005a5811460e29efbf1ffffffc2246cd1e00000fc0007ebfe9ed0737feebfff600,1,TX 41 seq=8086 rx_latency=1ms tx_dur=1ms,21.269,
2727,10,338,2859467090,2026-07-14T15:04:53.748473+00:00,33.700133,7412,41,0202aa7001521cf4005a5811460e29efbf1ffffffc2246cd1e00000fc0007ebfe9ed0737feebfff600,1,TX 41 seq=8087 rx_latency=1ms tx_dur=1ms,22.996,
2727,10,339,2859467091,2026-07-14T15:04:53.848481+00:00,33.800145,7512,41,0202aa7001531d58005a5811460e29efbf1ffffffc2246cd1e00000fc0007ebfe9ed0737feebfff600,1,TX 41 seq=8088 rx_latency=1ms tx_dur=1ms,14.811,
2727,10,340,2859467092,2026-07-14T15:04:53.948469+00:00,33.900128,7612,41,0202aa7001541dbc005a5811460e29efbf1ffffffc2246cd1e00000fc0007ebfe9ed0737feebfff600,1,TX 41 seq=8089 rx_latency=1ms tx_dur=1ms,17.438,
2727,10,341,2859467093,2026-07-14T15:04:54.048479+00:00,34.000142,7712,41,0202aa7001551e20005a5811460e29efbf1ffffffc2246cd1e00000fc0007ebfe9ed0737feebfff600,1,TX 41 seq=8090 rx_latency=1ms tx_dur=1ms,19.172,
2727,10,342,2859467094,2026-07-14T15:04:54.148472+00:00,34.100135,7812,41,0202aa7001561e84005a5811460e29efbf1ffffffc2246cd1e00000fc0007ebfe9ed0737feebfff600,1,TX 41 seq=8091 rx_latency=1ms tx_dur=1ms,20.849,
2727,10,343,2859467095,2026-07-14T15:04:54.248482+00:00,34.200149,7912,41,0202aa7001571ee8005a5811460e29efbf1ffffffc2246cd1e00000fc0007ebfe9ed0737feebfff600,1,TX 41 seq=8092 rx_latency=1ms tx_dur=1ms,23.719,
2727,10,344,2859467096,2026-07-14T15:04:54.348470+00:00,34.300129,8012,41,0202aa7001581f4c005a5811460e29efbf1ffffffc2246cd1e00000fc0007ebfe9ed0737feebfff600,1,TX 41 seq=8093 rx_latency=1ms tx_dur=1ms,16.551,
2727,10,345,2859467097,2026-07-14T15:04:54.448480+00:00,34.400143,8112,41,0202aa7001591fb0005a5811460e29efbf1ffffffc2246cd1e00000fc0007ebfe9ed0737feebfff600,1,TX 41 seq=8094 rx_latency=1ms tx_dur=1ms,17.863,
2727,10,346,2859467098,2026-07-14T15:04:54.548476+00:00,34.500139,8212,41,0202aa70015a2014005a5811460e29efbf1ffffffc2246cd1e00000fc0007ebfe9ed0737feebfff600,1,TX 41 seq=8095 rx_latency=1ms tx_dur=1ms,19.350,
2727,10,347,2859467099,2026-07-14T15:04:54.648479+00:00,34.600153,8312,41,0202aa70015b2078005a5811460e29efbf1ffffffc2246cd1e00000fc0007ebfe9ed0737feebfff600,1,TX 41 seq=8096 rx_latency=1ms tx_dur=1ms,20.914,
2727,10,348,2859467100,2026-07-14T15:04:54.748481+00:00,34.700149,8412,41,0202aa70015c20dc005a5811460e29efbf1ffffffc2246cd1e00000fc0007ebfe9ed0737feebfff600,1,TX 41 seq=8097 rx_latency=1ms tx_dur=1ms,23.452,
2727,10,349,2859467101,2026-07-14T15:04:54.848476+00:00,34.800141,8512,41,0202aa70015d2140005a5811460e29efbf1ffffffc2246cd1e00000fc0007ebfe9ed0737feebfff600,1,TX 41 seq=8098 rx_latency=1ms tx_dur=1ms,14.986,
2727,10,350,2859467102,2026-07-14T15:04:54.948471+00:00,34.900136,8612,41,0202aa70015e21a4005a5811460e29efbf1ffffffc2246cd1e00000fc0007ebfe9ed0737feebfff600,1,TX 41 seq=8099 rx_latency=1ms tx_dur=1ms,17.701,
2727,10,351,2859467103,2026-07-14T15:04:55.048480+00:00,35.000145,8712,41,0202aa70015f2208005a5811460e29efbf1ffffffc2246cd1e00000fc0007ebfe9ed0737feebfff600,1,TX 41 seq=8100 rx_latency=1ms tx_dur=1ms,19.144,
2727,10,352,2859467104,2026-07-14T15:04:55.148474+00:00,35.100137,8812,41,0202aa700160226c005a5811460e29efbf1ffffffc2246cd1e00000fc0007ebfe9ed0737feebfff600,1,TX 41 seq=8101 rx_latency=1ms tx_dur=1ms,21.715,
2727,10,353,2859467105,2026-07-14T15:04:55.248480+00:00,35.200145,8912,41,0202aa70016122d0005a5811460e29efbf1ffffffc2246cd1e00000fc0007ebfe9ed0737feebfff600,1,TX 41 seq=8102 rx_latency=1ms tx_dur=1ms,23.483,
2727,10,354,2859467106,2026-07-14T15:04:55.348471+00:00,35.300129,9012,41,0202aa7001622334005a5811460e29efbf1ffffffc2246cd1e00000fc0007ebfe9ed0737feebfff600,1,TX 41 seq=8103 rx_latency=1ms tx_dur=1ms,15.279,
2727,10,355,2859467107,2026-07-14T15:04:55.448478+00:00,35.400141,9112,41,0202aa7001632398005a5811460e29efbf1ffffffc2246cd1e00000fc0007ebfe9ed0737feebfff600,1,TX 41 seq=8104 rx_latency=1ms tx_dur=1ms,16.991,
2727,10,356,2859467108,2026-07-14T15:04:55.548468+00:00,35.500124,9212,41,0202aa70016423fc005a5811460e29efbf1ffffffc2246cd1e00000fc0007ebfe9ed0737feebfff600,1,TX 41 seq=8105 rx_latency=1ms tx_dur=1ms,19.597,
2727,10,357,2859467109,2026-07-14T15:04:55.648489+00:00,35.600156,9312,41,0202aa7001652460005a5811460e29efbf1ffffffc2246cd1e00000fc0007ebfe9ed0737feebfff600,1,TX 41 seq=8106 rx_latency=1ms tx_dur=1ms,21.430,
2727,10,358,2859467110,2026-07-14T15:04:55.748480+00:00,35.700159,9412,41,0202aa70016624c4005a5811460e29efbf1ffffffc2246cd1e00000fc0007ebfe9ed0737feebfff600,1,TX 41 seq=8107 rx_latency=1ms tx_dur=1ms,22.942,
2727,10,359,2859467111,2026-07-14T15:04:55.848491+00:00,35.800170,9512,41,0202aa7001672528005a5811460e29efbf1ffffffc2246cd1e00000fc0007ebfe9ed0737feebfff600,1,TX 41 seq=8108 rx_latency=1ms tx_dur=1ms,14.769,
2727,10,360,2859467112,2026-07-14T15:04:55.948471+00:00,35.900134,9612,41,0202aa700168258c005a5811460e29efbf1ffffffc2246cd1e00000fc0007ebfe9ed0737feebfff600,1,TX 41 seq=8109 rx_latency=1ms tx_dur=1ms,17.719,
2727,10,361,2859467113,2026-07-14T15:04:56.048478+00:00,36.000143,9712,41,0202aa70016925f0005a5811460e29efbf1ffffffc2246cd1e00000fc0007ebfe9ed0737feebfff600,1,TX 41 seq=8110 rx_latency=1ms tx_dur=1ms,19.163,
2727,10,362,2859467114,2026-07-14T15:04:56.148470+00:00,36.100129,9812,41,0202aa70016a2654005a5811460e29efbf1ffffffc2246cd1e00000fc0007ebfe9ed0737feebfff600,1,TX 41 seq=8111 rx_latency=1ms tx_dur=1ms,21.760,
2727,10,363,2859467115,2026-07-14T15:04:56.248485+00:00,36.200159,9912,41,0202aa70016b26b8005a5811460e29efbf1ffffffc2246cd1e00000fc0007ebfe9ed0737feebfff600,1,TX 41 seq=8112 rx_latency=1ms tx_dur=1ms,23.450,
2727,10,364,2859467116,2026-07-14T15:04:56.348473+00:00,36.300136,10012,41,0202aa70016c271c005a5811460e29efbf1ffffffc2246cd1e00000fc0007ebfe9ed0737feebfff600,1,TX 41 seq=8113 rx_latency=1ms tx_dur=1ms,15.275,
2727,10,365,2859467117,2026-07-14T15:04:56.448480+00:00,36.400146,10112,41,0202aa70016d2780005a5811460e29efbf1ffffffc2246cd1e00000fc0007ebfe9ed0737feebfff600,1,TX 41 seq=8114 rx_latency=1ms tx_dur=1ms,16.996,
2727,10,366,2859467118,2026-07-14T15:04:56.548469+00:00,36.500127,10212,41,0202aa70016e27e4005a5811460e29efbf1ffffffc2246cd1e00000fc0007ebfe9ed0737feebfff600,1,TX 41 seq=8115 rx_latency=1ms tx_dur=1ms,19.614,
2727,10,367,2859467119,2026-07-14T15:04:56.648478+00:00,36.600141,10312,41,0202aa70016f2848005a5811460e29efbf1ffffffc2246cd1e00000fc0007ebfe9ed0737feebfff600,1,TX 41 seq=8116 rx_latency=1ms tx_dur=1ms,21.354,
2727,10,368,2859467120,2026-07-14T15:04:56.748471+00:00,36.700132,10412,41,0202aa70017028ac005a5811460e29efbf1ffffffc2246cd1e00000fc0007ebfe9ed0737feebfff600,1,TX 41 seq=8117 rx_latency=1ms tx_dur=1ms,23.040,
2727,10,369,2859467121,2026-07-14T15:04:56.848487+00:00,36.800160,10512,41,0202aa7001712910005a5811460e29efbf1ffffffc2246cd1e00000fc0007ebfe9ed0737feebfff600,1,TX 41 seq=8118 rx_latency=1ms tx_dur=1ms,14.787,
2727,10,370,2859467122,2026-07-14T15:04:56.948472+00:00,36.900132,10612,41,0202aa7001722974005a5811460e29efbf1ffffffc2246cd1e00000fc0007ebfe9ed0737feebfff600,1,TX 41 seq=8119 rx_latency=1ms tx_dur=1ms,17.735,
2727,10,371,2859467123,2026-07-14T15:04:57.048479+00:00,37.000141,10712,41,0202aa70017329d8005a5811460e29efbf1ffffffc2246cd1e00000fc0007ebfe9ed0737feebfff600,1,TX 41 seq=8120 rx_latency=1ms tx_dur=1ms,19.168,
2727,10,372,2859467124,2026-07-14T15:04:57.148469+00:00,37.100126,10812,41,0202aa7001742a3c005a5811460e29efbf1ffffffc2246cd1e00000fc0007ebfe9ed0737feebfff600,1,TX 41 seq=8121 rx_latency=1ms tx_dur=1ms,21.756,
2727,10,373,2859467125,2026-07-14T15:04:57.248480+00:00,37.200146,10912,41,0202aa7001752aa0005a5811460e29efbf1ffffffc2246cd1e00000fc0007ebfe9ed0737feebfff600,1,TX 41 seq=8122 rx_latency=1ms tx_dur=1ms,23.503,
2727,10,374,2859467126,2026-07-14T15:04:57.348471+00:00,37.300131,11012,41,0202aa7001762b04005a5811460e29efbf1ffffffc2246cd1e00000fc0007ebfe9ed0737feebfff600,1,TX 41 seq=8123 rx_latency=1ms tx_dur=1ms,15.295,
2727,10,375,2859467127,2026-07-14T15:04:57.448480+00:00,37.400144,11112,41,0202aa7001772b68005a5811460e29efbf1ffffffc2246cd1e00000fc0007ebfe9ed0737feebfff600,1,TX 41 seq=8124 rx_latency=1ms tx_dur=1ms,17.014,
2727,10,376,2859467128,2026-07-14T15:04:57.548469+00:00,37.500126,11212,41,0202aa7001782bcc005a5811460e29efbf1ffffffc2246cd1e00000fc0007ebfe9ed0737feebfff600,1,TX 41 seq=8125 rx_latency=1ms tx_dur=1ms,19.620,
2727,10,377,2859467129,2026-07-14T15:04:57.648479+00:00,37.600142,11312,41,0202aa7001792c30005a5811460e29efbf1ffffffc2246cd1e00000fc0007ebfe9ed0737feebfff600,1,TX 41 seq=8126 rx_latency=1ms tx_dur=1ms,21.359,
2727,10,378,2859467130,2026-07-14T15:04:57.748470+00:00,37.700129,11412,41,0202aa70017a2c94005a5811460e29efbf1ffffffc2246cd1e00000fc0007ebfe9ed0737feebfff600,1,TX 41 seq=8127 rx_latency=1ms tx_dur=1ms,23.060,
2727,10,379,2859467131,2026-07-14T15:04:57.848485+00:00,37.800151,11512,41,0202aa70017b2cf8005a5811460e29efbf1ffffffc2246cd1e00000fc0007ebfe9ed0737feebfff600,1,TX 41 seq=8128 rx_latency=1ms tx_dur=1ms,14.838,
2727,10,380,2859467132,2026-07-14T15:04:57.948471+00:00,37.900129,11612,41,0202aa70017c2d5c005a5811460e29efbf1ffffffc2246cd1e00000fc0007ebfe9ed0737feebfff600,1,TX 41 seq=8129 rx_latency=1ms tx_dur=1ms,17.625,
2727,10,381,2859467133,2026-07-14T15:04:58.048478+00:00,38.000141,11712,41,0202aa70017d2dc0005a5811460e29efbf1ffffffc2246cd1e00000fc0007ebfe9ed0737feebfff600,1,TX 41 seq=8130 rx_latency=1ms tx_dur=1ms,18.982,
2727,10,382,2859467134,2026-07-14T15:04:58.148481+00:00,38.100154,11812,41,0202aa70017e2e24005a5811460e29efbf1ffffffc2246cd1e00000fc0007ebfe9ed0737feebfff600,1,TX 41 seq=8131 rx_latency=1ms tx_dur=1ms,21.491,
2727,10,383,2859467135,2026-07-14T15:04:58.248460+00:00,38.200122,11912,41,0202aa70017f2e88005a5811460e29efbf1ffffffc2246cd1e00000fc0007ebfe9ed0737feebfff600,1,TX 41 seq=8132 rx_latency=1ms tx_dur=1ms,23.159,
2727,10,384,2859467136,2026-07-14T15:04:58.348499+00:00,38.300191,12012,41,0202aa7001802eec005a5811460e29efbf1ffffffc2246cd1e00000fc0007ebfe9ed0737feebfff600,1,TX 41 seq=8133 rx_latency=1ms tx_dur=1ms,16.644,
2727,10,385,2859467137,2026-07-14T15:04:58.448480+00:00,38.400149,12112,41,0202aa7001812f50005a5811460e29efbf1ffffffc2246cd1e00000fc0007ebfe9ed0737feebfff600,1,TX 41 seq=8134 rx_latency=1ms tx_dur=1ms,17.123,
2727,10,386,2859467138,2026-07-14T15:04:58.548469+00:00,38.500129,12212,41,0202aa7001822fb4005a5811460e29efbf1ffffffc2246cd1e00000fc0007ebfe9ed0737feebfff600,1,TX 41 seq=8135 rx_latency=1ms tx_dur=1ms,19.906,
2727,10,387,2859467139,2026-07-14T15:04:58.648483+00:00,38.600150,12312,41,0202aa7001833018005a5811460e29efbf1ffffffc2246cd1e00000fc0007ebfe9ed0737feebfff600,1,TX 41 seq=8136 rx_latency=1ms tx_dur=1ms,21.266,
2727,10,388,2859467140,2026-07-14T15:04:58.748478+00:00,38.700144,12412,41,0202aa700184307c005a5811460e29efbf1ffffffc2246cd1e00000fc0007ebfe9ed0737feebfff600,1,TX 41 seq=8137 rx_latency=1ms tx_dur=1ms,23.820,
2727,10,389,2859467141,2026-07-14T15:04:58.848474+00:00,38.800134,12512,41,0202aa70018530e0005a5811460e29efbf1ffffffc2246cd1e00000fc0007ebfe9ed0737feebfff600,1,TX 41 seq=8138 rx_latency=1ms tx_dur=1ms,16.626,
2727,10,390,2859467142,2026-07-14T15:04:58.948480+00:00,38.900142,12612,41,0202aa7001863144005a5811460e29efbf1ffffffc2246cd1e00000fc0007ebfe9ed0737feebfff600,1,TX 41 seq=8139 rx_latency=1ms tx_dur=1ms,16.966,
2727,10,391,2859467143,2026-07-14T15:04:59.048469+00:00,39.000127,12712,41,0202aa70018731a8005a5811460e29efbf1ffffffc2246cd1e00000fc0007ebfe9ed0737feebfff600,1,TX 41 seq=8140 rx_latency=1ms tx_dur=1ms,19.575,
2727,10,392,2859467144,2026-07-14T15:04:59.148490+00:00,39.100174,12812,41,0202aa700188320c005a5811460e29efbf1ffffffc2246cd1e00000fc0007ebfe9ed0737feebfff600,1,TX 41 seq=8141 rx_latency=1ms tx_dur=1ms,21.240,
2727,10,393,2859467145,2026-07-14T15:04:59.248471+00:00,39.200135,12912,41,0202aa7001893270005a5811460e29efbf1ffffffc2246cd1e00000fc0007ebfe9ed0737feebfff600,1,TX 41 seq=8142 rx_latency=1ms tx_dur=1ms,22.970,
2727,10,394,2859467146,2026-07-14T15:04:59.348480+00:00,39.300144,13012,41,0202aa70018a32d4005a5811460e29efbf1ffffffc2246cd1e00000fc0007ebfe9ed0737feebfff600,1,TX 41 seq=8143 rx_latency=1ms tx_dur=1ms,15.900,
2727,10,395,2859467147,2026-07-14T15:04:59.448470+00:00,39.400128,13112,41,0202aa70018b3338005a5811460e29efbf1ffffffc2246cd1e00000fc0007ebfe9ed0737feebfff600,1,TX 41 seq=8144 rx_latency=1ms tx_dur=1ms,17.406,
2727,10,396,2859467148,2026-07-14T15:04:59.548475+00:00,39.500139,13212,41,0202aa70018c339c005a5811460e29efbf1ffffffc2246cd1e00000fc0007ebfe9ed0737feebfff600,1,TX 41 seq=8145 rx_latency=1ms tx_dur=1ms,19.159,
2727,10,397,2859467149,2026-07-14T15:04:59.648497+00:00,39.600167,13312,41,0202aa70018d3400005a5811460e29efbf1ffffffc2246cd1e00000fc0007ebfe9ed0737feebfff600,1,TX 41 seq=8146 rx_latency=1ms tx_dur=1ms,20.818,
2727,10,398,2859467150,2026-07-14T15:04:59.748475+00:00,39.700141,13412,41,0202aa70018e3464005a5811460e29efbf1ffffffc2246cd1e00000fc0007ebfe9ed0737feebfff600,1,TX 41 seq=8147 rx_latency=1ms tx_dur=1ms,23.639,
2727,10,399,2859467151,2026-07-14T15:04:59.848477+00:00,39.800143,13512,41,0202aa70018f34c8005a5811460e29efbf1ffffffc2246cd1e00000fc0007ebfe9ed0737feebfff600,1,TX 41 seq=8148 rx_latency=1ms tx_dur=1ms,16.457,
2727,10,400,2859467152,2026-07-14T15:04:59.948478+00:00,39.900140,13612,41,0202aa700190352c005a5811460e29efbf1ffffffc2246cd1e00000fc0007ebfe9ed0737feebfff600,1,TX 41 seq=8149 rx_latency=1ms tx_dur=1ms,17.833,
2727,10,401,2859467153,2026-07-14T15:05:00.048479+00:00,40.000157,13712,41,0202aa7001913590005a5811460e29efbf1ffffffc2246cd1e00000fc0007ebfe9ed0737feebfff600,1,TX 41 seq=8150 rx_latency=1ms tx_dur=1ms,19.269,
2727,10,402,2859467154,2026-07-14T15:05:00.148473+00:00,40.100143,13812,41,0202aa70019235f4005a5811460e29efbf1ffffffc2246cd1e00000fc0007ebfe9ed0737feebfff600,1,TX 41 seq=8151 rx_latency=1ms tx_dur=1ms,22.036,
2727,10,403,2859467155,2026-07-14T15:05:00.248481+00:00,40.200153,13912,41,0202aa7001933658005a5811460e29efbf1ffffffc2246cd1e00000fc0007ebfe9ed0737feebfff600,1,TX 41 seq=8152 rx_latency=1ms tx_dur=1ms,23.371,
2727,10,404,2859467156,2026-07-14T15:05:00.348479+00:00,40.300147,14012,41,0202aa70019436bc005a5811460e29efbf1ffffffc2246cd1e00000fc0007ebfe9ed0737feebfff600,1,TX 41 seq=8153 rx_latency=1ms tx_dur=1ms,14.951,
2727,10,405,2859467157,2026-07-14T15:05:00.448470+00:00,40.400129,14112,41,0202aa7001953720005a5811460e29efbf1ffffffc2246cd1e00000fc0007ebfe9ed0737feebfff600,1,TX 41 seq=8154 rx_latency=1ms tx_dur=1ms,17.705,
2727,10,406,2859467158,2026-07-14T15:05:00.548480+00:00,40.500149,14212,41,0202aa7001963784005a5811460e29efbf1ffffffc2246cd1e00000fc0007ebfe9ed0737feebfff600,1,TX 41 seq=8155 rx_latency=1ms tx_dur=1ms,19.037,
2727,10,407,2859467159,2026-07-14T15:05:00.648477+00:00,40.600142,14312,41,0202aa70019737e8005a5811460e29efbf1ffffffc2246cd1e00000fc0007ebfe9ed0737feebfff600,1,TX 41 seq=8156 rx_latency=1ms tx_dur=1ms,21.603,
2727,10,408,2859467160,2026-07-14T15:05:00.748477+00:00,40.700142,14412,41,0202aa700198384c005a5811460e29efbf1ffffffc2246cd1e00000fc0007ebfe9ed0737feebfff600,1,TX 41 seq=8157 rx_latency=1ms tx_dur=1ms,23.221,
2727,10,409,2859467161,2026-07-14T15:05:00.848481+00:00,40.800146,14512,41,0202aa70019938b0005a5811460e29efbf1ffffffc2246cd1e00000fc0007ebfe9ed0737feebfff600,1,TX 41 seq=8158 rx_latency=1ms tx_dur=1ms,15.849,
2727,10,410,2859467162,2026-07-14T15:05:00.948469+00:00,40.900127,14612,41,0202aa70019a3914005a5811460e29efbf1ffffffc2246cd1e00000fc0007ebfe9ed0737feebfff600,1,TX 41 seq=8159 rx_latency=1ms tx_dur=1ms,17.382,
2727,10,411,2859467163,2026-07-14T15:05:01.048415+00:00,41.000078,14712,41,0202aa70019b3978005a5811460e29efbf1ffffffc2246cd1e00000fc0007ebfe9ed0737feebfff600,1,TX 41 seq=8160 rx_latency=1ms tx_dur=1ms,19.160,
2727,10,412,2859467164,2026-07-14T15:05:01.148471+00:00,41.100131,14812,41,0202aa70019c39dc005a5811460e29efbf1ffffffc2246cd1e00000fc0007ebfe9ed0737feebfff600,1,TX 41 seq=8161 rx_latency=1ms tx_dur=1ms,21.880,
2727,10,413,2859467165,2026-07-14T15:05:01.248480+00:00,41.200143,14912,41,0202aa70019d3a40005a5811460e29efbf1ffffffc2246cd1e00000fc0007ebfe9ed0737feebfff600,1,TX 41 seq=8162 rx_latency=1ms tx_dur=1ms,23.642,
2727,10,414,2859467166,2026-07-14T15:05:01.348471+00:00,41.300132,15012,41,0202aa70019e3aa4005a5811460e29efbf1ffffffc2246cd1e00000fc0007ebfe9ed0737feebfff600,1,TX 41 seq=8163 rx_latency=1ms tx_dur=1ms,15.269,
2727,10,415,2859467167,2026-07-14T15:05:01.448445+00:00,41.400120,15112,41,0202aa70019f3b08005a5811460e29efbf1ffffffc2246cd1e00000fc0007ebfe9ed0737feebfff600,1,TX 41 seq=8164 rx_latency=1ms tx_dur=1ms,16.922,
2727,10,416,2859467168,2026-07-14T15:05:01.548470+00:00,41.500131,15212,41,0202aa7001a03b6c005a5811460e29efbf1ffffffc2246cd1e00000fc0007ebfe9ed0737feebfff600,1,TX 41 seq=8165 rx_latency=1ms tx_dur=1ms,19.735,
2727,10,417,2859467169,2026-07-14T15:05:01.648484+00:00,41.600154,15312,41,0202aa7001a13bd0005a5811460e29efbf1ffffffc2246cd1e00000fc0007ebfe9ed0737feebfff600,1,TX 41 seq=8166 rx_latency=1ms tx_dur=1ms,21.550,
2727,10,418,2859467170,2026-07-14T15:05:01.748483+00:00,41.700157,15412,41,0202aa7001a23c34005a5811460e29efbf1ffffffc2246cd1e00000fc0007ebfe9ed0737feebfff600,1,TX 41 seq=8167 rx_latency=1ms tx_dur=1ms,23.044,
2727,10,419,2859467171,2026-07-14T15:05:01.848482+00:00,41.800150,15512,41,0202aa7001a33c98005a5811460e29efbf1ffffffc2246cd1e00000fc0007ebfe9ed0737feebfff600,1,TX 41 seq=8168 rx_latency=1ms tx_dur=1ms,16.710,
2727,10,420,2859467172,2026-07-14T15:05:01.948479+00:00,41.900147,15612,41,0202aa7001a43cfc005a5811460e29efbf1ffffffc2246cd1e00000fc0007ebfe9ed0737feebfff600,1,TX 41 seq=8169 rx_latency=1ms tx_dur=1ms,17.091,
2727,10,421,2859467173,2026-07-14T15:05:02.048445+00:00,42.000108,15712,41,0202aa7001a53d60005a5811460e29efbf1ffffffc2246cd1e00000fc0007ebfe9ed0737feebfff600,1,TX 41 seq=8170 rx_latency=1ms tx_dur=1ms,19.877,
2727,10,422,2859467174,2026-07-14T15:05:02.148479+00:00,42.100140,15812,41,0202aa7001a63dc4005a5811460e29efbf1ffffffc2246cd1e00000fc0007ebfe9ed0737feebfff600,1,TX 41 seq=8171 rx_latency=1ms tx_dur=1ms,21.226,
2727,10,423,2859467175,2026-07-14T15:05:02.248476+00:00,42.200137,15912,41,0202aa7001a73e28005a5811460e29efbf1ffffffc2246cd1e00000fc0007ebfe9ed0737feebfff600,1,TX 41 seq=8172 rx_latency=1ms tx_dur=1ms,23.801,
2727,10,424,2859467176,2026-07-14T15:05:02.348474+00:00,42.300134,16012,41,0202aa7001a83e8c005a5811460e29efbf1ffffffc2246cd1e00000fc0007ebfe9ed0737feebfff600,1,TX 41 seq=8173 rx_latency=1ms tx_dur=1ms,16.608,
2727,10,425,2859467177,2026-07-14T15:05:02.448500+00:00,42.400194,16112,41,0202aa7001a93ef0005a5811460e29efbf1ffffffc2246cd1e00000fc0007ebfe9ed0737feebfff600,1,TX 41 seq=8174 rx_latency=1ms tx_dur=1ms,17.788,
2727,10,426,2859467178,2026-07-14T15:05:02.548478+00:00,42.500145,16212,41,0202aa7001aa3f54005a5811460e29efbf1ffffffc2246cd1e00000fc0007ebfe9ed0737feebfff600,1,TX 41 seq=8175 rx_latency=1ms tx_dur=1ms,19.403,
2727,10,427,2859467179,2026-07-14T15:05:02.648475+00:00,42.600136,16312,41,0202aa7001ab3fb8005a5811460e29efbf1ffffffc2246cd1e00000fc0007ebfe9ed0737feebfff600,1,TX 41 seq=8176 rx_latency=1ms tx_dur=1ms,21.039,
2727,10,428,2859467180,2026-07-14T15:05:02.748481+00:00,42.700145,16412,41,0202aa7001ac401c005a5811460e29efbf1ffffffc2246cd1e00000fc0007ebfe9ed0737feebfff600,1,TX 41 seq=8177 rx_latency=1ms tx_dur=1ms,23.601,
2727,10,429,2859467181,2026-07-14T15:05:02.848471+00:00,42.800133,16512,41,0202aa7001ad4080005a5811460e29efbf1ffffffc2246cd1e00000fc0007ebfe9ed0737feebfff600,1,TX 41 seq=8178 rx_latency=1ms tx_dur=1ms,15.165,
2727,10,430,2859467182,2026-07-14T15:05:02.948479+00:00,42.900148,16612,41,0202aa7001ae40e4005a5811460e29efbf1ffffffc2246cd1e00000fc0007ebfe9ed0737feebfff600,1,TX 41 seq=8179 rx_latency=1ms tx_dur=1ms,16.870,
2727,10,431,2859467183,2026-07-14T15:05:03.048470+00:00,43.000129,16712,41,0202aa7001af4148005a5811460e29efbf1ffffffc2246cd1e00000fc0007ebfe9ed0737feebfff600,1,TX 41 seq=8180 rx_latency=1ms tx_dur=1ms,19.686,
2727,10,432,2859467184,2026-07-14T15:05:03.148479+00:00,43.100142,16812,41,0202aa7001b041ac005a5811460e29efbf1ffffffc2246cd1e00000fc0007ebfe9ed0737feebfff600,1,TX 41 seq=8181 rx_latency=1ms tx_dur=1ms,21.447,
2727,10,433,2859467185,2026-07-14T15:05:03.248469+00:00,43.200127,16912,41,0202aa7001b14210005a5811460e29efbf1ffffffc2246cd1e00000fc0007ebfe9ed0737feebfff600,1,TX 41 seq=8182 rx_latency=1ms tx_dur=1ms,22.920,
2727,10,434,2859467186,2026-07-14T15:05:03.348480+00:00,43.300145,17012,41,0202aa7001b24274005a5811460e29efbf1ffffffc2246cd1e00000fc0007ebfe9ed0737feebfff600,1,TX 41 seq=8183 rx_latency=1ms tx_dur=1ms,15.830,
2727,10,435,2859467187,2026-07-14T15:05:03.448479+00:00,43.400155,17112,41,0202aa7001b342d8005a5811460e29efbf1ffffffc2246cd1e00000fc0007ebfe9ed0737feebfff600,1,TX 41 seq=8184 rx_latency=1ms tx_dur=1ms,17.479,
2727,10,436,2859467188,2026-07-14T15:05:03.548482+00:00,43.500150,17212,41,0202aa7001b4433c005a5811460e29efbf1ffffffc2246cd1e00000fc0007ebfe9ed0737feebfff600,1,TX 41 seq=8185 rx_latency=1ms tx_dur=1ms,19.263,
2727,10,437,2859467189,2026-07-14T15:05:03.648469+00:00,43.600128,17312,41,0202aa7001b543a0005a5811460e29efbf1ffffffc2246cd1e00000fc0007ebfe9ed0737feebfff600,1,TX 41 seq=8186 rx_latency=1ms tx_dur=1ms,21.067,
2727,10,438,2859467190,2026-07-14T15:05:03.748481+00:00,43.700150,17412,41,0202aa7001b64404005a5811460e29efbf1ffffffc2246cd1e00000fc0007ebfe9ed0737feebfff600,1,TX 41 seq=8187 rx_latency=1ms tx_dur=1ms,23.602,
2727,10,439,2859467191,2026-07-14T15:05:03.848447+00:00,43.800109,17512,41,0202aa7001b74468005a5811460e29efbf1ffffffc2246cd1e00000fc0007ebfe9ed0737feebfff600,1,TX 41 seq=8188 rx_latency=1ms tx_dur=1ms,15.203,
2727,10,440,2859467192,2026-07-14T15:05:03.948480+00:00,43.900150,17612,41,0202aa7001b844cc005a5811460e29efbf1ffffffc2246cd1e00000fc0007ebfe9ed0737feebfff600,1,TX 41 seq=8189 rx_latency=1ms tx_dur=1ms,16.868,
2727,10,441,2859467193,2026-07-14T15:05:04.048470+00:00,44.000128,17712,41,0202aa7001b94530005a5811460e29efbf1ffffffc2246cd1e00000fc0007ebfe9ed0737feebfff600,1,TX 41 seq=8190 rx_latency=1ms tx_dur=1ms,19.699,
2727,10,442,2859467194,2026-07-14T15:05:04.148478+00:00,44.100141,17812,41,0202aa7001ba4594005a5811460e29efbf1ffffffc2246cd1e00000fc0007ebfe9ed0737feebfff600,1,TX 41 seq=8191 rx_latency=1ms tx_dur=1ms,21.457,
2727,10,443,2859467195,2026-07-14T15:05:04.248404+00:00,44.200076,17912,41,0202aa7001bb45f8005a5811460e29efbf1ffffffc2246cd1e00000fc0007ebfe9ed0737feebfff600,1,TX 41 seq=8192 rx_latency=1ms tx_dur=1ms,22.948,
2727,10,444,2859467196,2026-07-14T15:05:04.348484+00:00,44.300153,18012,41,0202aa7001bc465c005a5811460e29efbf1ffffffc2246cd1e00000fc0007ebfe9ed0737feebfff600,1,TX 41 seq=8193 rx_latency=1ms tx_dur=1ms,15.819,
2727,10,445,2859467197,2026-07-14T15:05:04.448476+00:00,44.400140,18112,41,0202aa7001bd46c0005a5811460e29efbf1ffffffc2246cd1e00000fc0007ebfe9ed0737feebfff600,1,TX 41 seq=8194 rx_latency=1ms tx_dur=1ms,17.560,
2727,10,446,2859467198,2026-07-14T15:05:04.548478+00:00,44.500140,18212,41,0202aa7001be4724005a5811460e29efbf1ffffffc2246cd1e00000fc0007ebfe9ed0737feebfff600,1,TX 41 seq=8195 rx_latency=1ms tx_dur=1ms,19.308,
2727,10,447,2859467199,2026-07-14T15:05:04.648481+00:00,44.600158,18312,41,0202aa7001bf4788005a5811460e29efbf1ffffffc2246cd1e00000fc0007ebfe9ed0737feebfff600,1,TX 41 seq=8196 rx_latency=1ms tx_dur=1ms,21.007,
2727,10,448,2859467200,2026-07-14T15:05:04.748483+00:00,44.700154,18412,41,0202aa7001c047ec005a5811460e29efbf1ffffffc2246cd1e00000fc0007ebfe9ed0737feebfff600,1,TX 41 seq=8197 rx_latency=1ms tx_dur=1ms,23.577,
2727,10,449,2859467201,2026-07-14T15:05:04.848449+00:00,44.800111,18512,41,0202aa7001c14850005a5811460e29efbf1ffffffc2246cd1e00000fc0007ebfe9ed0737feebfff600,1,TX 41 seq=8198 rx_latency=1ms tx_dur=1ms,15.203,
2727,10,450,2859467202,2026-07-14T15:05:04.948476+00:00,44.900141,18612,41,0202aa7001c248b4005a5811460e29efbf1ffffffc2246cd1e00000fc0007ebfe9ed0737feebfff600,1,TX 41 seq=8199 rx_latency=1ms tx_dur=1ms,16.897,
2727,10,451,2859467203,2026-07-14T15:05:05.048469+00:00,45.000128,18712,41,0202aa7001c34918005a5811460e29efbf1ffffffc2246cd1e00000fc0007ebfe9ed0737feebfff600,1,TX 41 seq=8200 rx_latency=1ms tx_dur=1ms,19.716,
2727,10,452,2859467204,2026-07-14T15:05:05.148481+00:00,45.100148,18812,41,0202aa7001c4497c005a5811460e29efbf1ffffffc2246cd1e00000fc0007ebfe9ed0737feebfff600,1,TX 41 seq=8201 rx_latency=1ms tx_dur=1ms,21.450,
2727,10,453,2859467205,2026-07-14T15:05:05.248436+00:00,45.200094,18912,41,0202aa7001c549e0005a5811460e29efbf1ffffffc2246cd1e00000fc0007ebfe9ed0737feebfff600,1,TX 41 seq=8202 rx_latency=1ms tx_dur=1ms,22.972,
2727,10,454,2859467206,2026-07-14T15:05:05.348480+00:00,45.300142,19012,41,0202aa7001c64a44005a5811460e29efbf1ffffffc2246cd1e00000fc0007ebfe9ed0737feebfff600,1,TX 41 seq=8203 rx_latency=1ms tx_dur=1ms,15.854,
2727,10,455,2859467207,2026-07-14T15:05:05.448488+00:00,45.400172,19112,41,0202aa7001c74aa8005a5811460e29efbf1ffffffc2246cd1e00000fc0007ebfe9ed0737feebfff600,1,TX 41 seq=8204 rx_latency=1ms tx_dur=1ms,17.436,
2727,10,456,2859467208,2026-07-14T15:05:05.548484+00:00,45.500154,19212,41,0202aa7001c84b0c005a5811460e29efbf1ffffffc2246cd1e00000fc0007ebfe9ed0737feebfff600,1,TX 41 seq=8205 rx_latency=1ms tx_dur=1ms,19.266,
2727,10,457,2859467209,2026-07-14T15:05:05.648468+00:00,45.600136,19312,41,0202aa7001c94b70005a5811460e29efbf1ffffffc2246cd1e00000fc0007ebfe9ed0737feebfff600,1,TX 41 seq=8206 rx_latency=1ms tx_dur=1ms,20.931,
2727,10,458,2859467210,2026-07-14T15:05:05.748486+00:00,45.700160,19412,41,0202aa7001ca4bd4005a5811460e29efbf1ffffffc2246cd1e00000fc0007ebfe9ed0737feebfff600,1,TX 41 seq=8207 rx_latency=1ms tx_dur=1ms,23.355,
2727,10,459,2859467211,2026-07-14T15:05:05.848476+00:00,45.800139,19512,41,0202aa7001cb4c38005a5811460e29efbf1ffffffc2246cd1e00000fc0007ebfe9ed0737feebfff600,1,TX 41 seq=8208 rx_latency=1ms tx_dur=1ms,14.913,
2727,10,460,2859467212,2026-07-14T15:05:05.948472+00:00,45.900134,19612,41,0202aa7001cc4c9c005a5811460e29efbf1ffffffc2246cd1e00000fc0007ebfe9ed0737feebfff600,1,TX 41 seq=8209 rx_latency=1ms tx_dur=1ms,17.682,
2727,10,461,2859467213,2026-07-14T15:05:06.048482+00:00,46.000146,19712,41,0202aa7001cd4d00005a5811460e29efbf1ffffffc2246cd1e00000fc0007ebfe9ed0737feebfff600,1,TX 41 seq=8210 rx_latency=1ms tx_dur=1ms,19.028,
2727,10,462,2859467214,2026-07-14T15:05:06.148477+00:00,46.100139,19812,41,0202aa7001ce4d64005a5811460e29efbf1ffffffc2246cd1e00000fc0007ebfe9ed0737feebfff600,1,TX 41 seq=8211 rx_latency=1ms tx_dur=1ms,21.605,
2727,10,463,2859467215,2026-07-14T15:05:06.248481+00:00,46.200146,19912,41,0202aa7001cf4dc8005a5811460e29efbf1ffffffc2246cd1e00000fc0007ebfe9ed0737feebfff600,1,TX 41 seq=8212 rx_latency=1ms tx_dur=1ms,23.252,
2727,10,464,2859467216,2026-07-14T15:05:06.348484+00:00,46.300159,20012,41,0202aa7001d04e2c005a5811460e29efbf1ffffffc2246cd1e00000fc0007ebfe9ed0737feebfff600,1,TX 41 seq=8213 rx_latency=1ms tx_dur=1ms,16.773,
2727,10,465,2859467217,2026-07-14T15:05:06.448479+00:00,46.400145,20112,41,0202aa7001d14e90005a5811460e29efbf1ffffffc2246cd1e00000fc0007ebfe9ed0737feebfff600,1,TX 41 seq=8214 rx_latency=1ms tx_dur=1ms,17.184,
2727,10,466,2859467218,2026-07-14T15:05:06.548484+00:00,46.500149,20212,41,0202aa7001d24ef4005a5811460e29efbf1ffffffc2246cd1e00000fc0007ebfe9ed0737feebfff600,1,TX 41 seq=8215 rx_latency=1ms tx_dur=1ms,19.873,
2727,10,467,2859467219,2026-07-14T15:05:06.648474+00:00,46.600131,20312,41,0202aa7001d34f58005a5811460e29efbf1ffffffc2246cd1e00000fc0007ebfe9ed0737feebfff600,1,TX 41 seq=8216 rx_latency=1ms tx_dur=1ms,21.493,
2727,10,468,2859467220,2026-07-14T15:05:06.748427+00:00,46.700103,20412,41,0202aa7001d44fbc005a5811460e29efbf1ffffffc2246cd1e00000fc0007ebfe9ed0737feebfff600,1,TX 41 seq=8217 rx_latency=1ms tx_dur=1ms,23.915,
2727,10,469,2859467221,2026-07-14T15:05:06.848440+00:00,46.800101,20512,41,0202aa7001d55020005a5811460e29efbf1ffffffc2246cd1e00000fc0007ebfe9ed0737feebfff600,1,TX 41 seq=8218 rx_latency=1ms tx_dur=1ms,15.894,
2727,10,470,2859467222,2026-07-14T15:05:06.948484+00:00,46.900159,20612,41,0202aa7001d65084005a5811460e29efbf1ffffffc2246cd1e00000fc0007ebfe9ed0737feebfff600,1,TX 41 seq=8219 rx_latency=1ms tx_dur=1ms,17.392,
2727,10,471,2859467223,2026-07-14T15:05:07.048402+00:00,47.000063,20712,41,0202aa7001d750e8005a5811460e29efbf1ffffffc2246cd1e00000fc0007ebfe9ed0737feebfff600,1,TX 41 seq=8220 rx_latency=1ms tx_dur=1ms,19.387,
2727,10,472,2859467224,2026-07-14T15:05:07.148413+00:00,47.100077,20812,41,0202aa7001d8514c005a5811460e29efbf1ffffffc2246cd1e00000fc0007ebfe9ed0737feebfff600,1,TX 41 seq=8221 rx_latency=1ms tx_dur=1ms,21.929,
2727,10,473,2859467225,2026-07-14T15:05:07.248479+00:00,47.200142,20912,41,0202aa7001d951b0005a5811460e29efbf1ffffffc2246cd1e00000fc0007ebfe9ed0737feebfff600,1,TX 41 seq=8222 rx_latency=1ms tx_dur=1ms,23.484,
2727,10,474,2859467226,2026-07-14T15:05:07.348469+00:00,47.300127,21012,41,0202aa7001da5214005a5811460e29efbf1ffffffc2246cd1e00000fc0007ebfe9ed0737feebfff600,1,TX 41 seq=8223 rx_latency=1ms tx_dur=1ms,15.444,
2727,10,475,2859467227,2026-07-14T15:05:07.448479+00:00,47.400144,21112,41,0202aa7001db5278005a5811460e29efbf1ffffffc2246cd1e00000fc0007ebfe9ed0737feebfff600,1,TX 41 seq=8224 rx_latency=1ms tx_dur=1ms,17.025,
2727,10,476,2859467228,2026-07-14T15:05:07.548470+00:00,47.500127,21212,41,0202aa7001dc52dc005a5811460e29efbf1ffffffc2246cd1e00000fc0007ebfe9ed0737feebfff600,1,TX 41 seq=8225 rx_latency=1ms tx_dur=1ms,19.899,
2727,10,477,2859467229,2026-07-14T15:05:07.648486+00:00,47.600147,21312,41,0202aa7001dd5340005a5811460e29efbf1ffffffc2246cd1e00000fc0007ebfe9ed0737feebfff600,1,TX 41 seq=8226 rx_latency=1ms tx_dur=1ms,21.243,
2727,10,478,2859467230,2026-07-14T15:05:07.748485+00:00,47.700164,21412,41,0202aa7001de53a4005a5811460e29efbf1ffffffc2246cd1e00000fc0007ebfe9ed0737feebfff600,1,TX 41 seq=8227 rx_latency=1ms tx_dur=1ms,23.599,
2727,10,479,2859467231,2026-07-14T15:05:07.848469+00:00,47.800131,21512,41,0202aa7001df5408005a5811460e29efbf1ffffffc2246cd1e00000fc0007ebfe9ed0737feebfff600,1,TX 41 seq=8228 rx_latency=1ms tx_dur=1ms,16.577,
2727,10,480,2859467232,2026-07-14T15:05:07.948489+00:00,47.900170,21612,41,0202aa7001e0546c005a5811460e29efbf1ffffffc2246cd1e00000fc0007ebfe9ed0737feebfff600,1,TX 41 seq=8229 rx_latency=1ms tx_dur=1ms,17.840,
2727,10,481,2859467233,2026-07-14T15:05:08.048477+00:00,48.000144,21712,41,0202aa7001e154d0005a5811460e29efbf1ffffffc2246cd1e00000fc0007ebfe9ed0737feebfff600,1,TX 41 seq=8230 rx_latency=1ms tx_dur=1ms,19.378,
2727,10,482,2859467234,2026-07-14T15:05:08.148469+00:00,48.100126,21812,41,0202aa7001e25534005a5811460e29efbf1ffffffc2246cd1e00000fc0007ebfe9ed0737feebfff600,1,TX 41 seq=8231 rx_latency=1ms tx_dur=1ms,21.082,
2727,10,483,2859467235,2026-07-14T15:05:08.248475+00:00,48.200137,21912,41,0202aa7001e35598005a5811460e29efbf1ffffffc2246cd1e00000fc0007ebfe9ed0737feebfff600,1,TX 41 seq=8232 rx_latency=1ms tx_dur=1ms,23.572,
2727,10,484,2859467236,2026-07-14T15:05:08.348487+00:00,48.300171,22012,41,0202aa7001e455fc005a5811460e29efbf1ffffffc2246cd1e00000fc0007ebfe9ed0737feebfff600,1,TX 41 seq=8233 rx_latency=1ms tx_dur=1ms,15.031,
2727,10,485,2859467237,2026-07-14T15:05:08.448474+00:00,48.400140,22112,41,0202aa7001e55660005a5811460e29efbf1ffffffc2246cd1e00000fc0007ebfe9ed0737feebfff600,1,TX 41 seq=8234 rx_latency=1ms tx_dur=1ms,17.996,
2727,10,486,2859467238,2026-07-14T15:05:08.548478+00:00,48.500144,22212,41,0202aa7001e656c4005a5811460e29efbf1ffffffc2246cd1e00000fc0007ebfe9ed0737feebfff600,1,TX 41 seq=8235 rx_latency=1ms tx_dur=1ms,19.716,
2727,10,487,2859467239,2026-07-14T15:05:08.648472+00:00,48.600131,22312,41,0202aa7001e75728005a5811460e29efbf1ffffffc2246cd1e00000fc0007ebfe9ed0737feebfff600,1,TX 41 seq=8236 rx_latency=1ms tx_dur=1ms,21.413,
2727,10,488,2859467240,2026-07-14T15:05:08.748420+00:00,48.700083,22412,41,0202aa7001e8578c005a5811460e29efbf1ffffffc2246cd1e00000fc0007ebfe9ed0737feebfff600,1,TX 41 seq=8237 rx_latency=1ms tx_dur=1ms,23.026,
2727,10,489,2859467241,2026-07-14T15:05:08.848471+00:00,48.800128,22512,41,0202aa7001e957f0005a5811460e29efbf1ffffffc2246cd1e00000fc0007ebfe9ed0737feebfff600,1,TX 41 seq=8238 rx_latency=1ms tx_dur=1ms,15.821,
2727,10,490,2859467242,2026-07-14T15:05:08.948485+00:00,48.900163,22612,41,0202aa7001ea5854005a5811460e29efbf1ffffffc2246cd1e00000fc0007ebfe9ed0737feebfff600,1,TX 41 seq=8239 rx_latency=1ms tx_dur=1ms,17.462,
2727,10,491,2859467243,2026-07-14T15:05:09.048474+00:00,49.000137,22712,41,0202aa7001eb58b8005a5811460e29efbf1ffffffc2246cd1e00000fc0007ebfe9ed0737feebfff600,1,TX 41 seq=8240 rx_latency=1ms tx_dur=1ms,19.223,
2727,10,492,2859467244,2026-07-14T15:05:09.148477+00:00,49.100139,22812,41,0202aa7001ec591c005a5811460e29efbf1ffffffc2246cd1e00000fc0007ebfe9ed0737feebfff600,1,TX 41 seq=8241 rx_latency=1ms tx_dur=1ms,21.894,
2727,10,493,2859467245,2026-07-14T15:05:09.248471+00:00,49.200128,22912,41,0202aa7001ed5980005a5811460e29efbf1ffffffc2246cd1e00000fc0007ebfe9ed0737feebfff600,1,TX 41 seq=8242 rx_latency=1ms tx_dur=1ms,23.581,
2727,10,494,2859467246,2026-07-14T15:05:09.348475+00:00,49.300137,23012,41,0202aa7001ee59e4005a5811460e29efbf1ffffffc2246cd1e00000fc0007ebfe9ed0737feebfff600,1,TX 41 seq=8243 rx_latency=1ms tx_dur=1ms,15.391,
2727,10,495,2859467247,2026-07-14T15:05:09.448473+00:00,49.400133,23112,41,0202aa7001ef5a48005a5811460e29efbf1ffffffc2246cd1e00000fc0007ebfe9ed0737feebfff600,1,TX 41 seq=8244 rx_latency=1ms tx_dur=1ms,17.090,
2727,10,496,2859467248,2026-07-14T15:05:09.548477+00:00,49.500142,23212,41,0202aa7001f05aac005a5811460e29efbf1ffffffc2246cd1e00000fc0007ebfe9ed0737feebfff600,1,TX 41 seq=8245 rx_latency=1ms tx_dur=1ms,19.818,
2727,10,497,2859467249,2026-07-14T15:05:09.648477+00:00,49.600140,23312,41,0202aa7001f15b10005a5811460e29efbf1ffffffc2246cd1e00000fc0007ebfe9ed0737feebfff600,1,TX 41 seq=8246 rx_latency=1ms tx_dur=1ms,21.211,
2727,10,498,2859467250,2026-07-14T15:05:09.748475+00:00,49.700135,23412,41,0202aa7001f25b74005a5811460e29efbf1ffffffc2246cd1e00000fc0007ebfe9ed0737feebfff600,1,TX 41 seq=8247 rx_latency=1ms tx_dur=1ms,23.796,
2727,10,499,2859467251,2026-07-14T15:05:09.848468+00:00,49.800124,23512,41,0202aa7001f35bd8005a5811460e29efbf1ffffffc2246cd1e00000fc0007ebfe9ed0737feebfff600,1,TX 41 seq=8248 rx_latency=1ms tx_dur=1ms,16.609,
2727,10,500,2859467252,2026-07-14T15:05:09.948481+00:00,49.900146,23612,41,0202aa7001f45c3c005a5811460e29efbf1ffffffc2246cd1e00000fc0007ebfe9ed0737feebfff600,1,TX 41 seq=8249 rx_latency=1ms tx_dur=1ms,17.911,
2727,10,501,2859467253,2026-07-14T15:05:10.048477+00:00,50.000150,23712,41,0202aa7001f55ca0005a5811460e29efbf1ffffffc2246cd1e00000fc0007ebfe9ed0737feebfff600,1,TX 41 seq=8250 rx_latency=1ms tx_dur=1ms,19.308,
2727,10,502,2859467254,2026-07-14T15:05:10.148473+00:00,50.100139,23812,41,0202aa7001f65d04005a5811460e29efbf1ffffffc2246cd1e00000fc0007ebfe9ed0737feebfff600,1,TX 41 seq=8251 rx_latency=1ms tx_dur=1ms,21.049,
2727,10,503,2859467255,2026-07-14T15:05:10.248491+00:00,50.200171,23912,41,0202aa7001f75d68005a5811460e29efbf1ffffffc2246cd1e00000fc0007ebfe9ed0737feebfff600,1,TX 41 seq=8252 rx_latency=1ms tx_dur=1ms,23.400,
2727,10,504,2859467256,2026-07-14T15:05:10.348474+00:00,50.300142,24012,41,0202aa7001f85dcc005a5811460e29efbf1ffffffc2246cd1e00000fc0007ebfe9ed0737feebfff600,1,TX 41 seq=8253 rx_latency=1ms tx_dur=1ms,15.006,
2727,10,505,2859467257,2026-07-14T15:05:10.448424+00:00,50.400090,24112,41,0202aa7001f95e30005a5811460e29efbf1ffffffc2246cd1e00000fc0007ebfe9ed0737feebfff600,1,TX 41 seq=8254 rx_latency=1ms tx_dur=1ms,17.778,
2727,10,506,2859467258,2026-07-14T15:05:10.548479+00:00,50.500148,24212,41,0202aa7001fa5e94005a5811460e29efbf1ffffffc2246cd1e00000fc0007ebfe9ed0737feebfff600,1,TX 41 seq=8255 rx_latency=1ms tx_dur=1ms,19.201,
2727,10,507,2859467259,2026-07-14T15:05:10.648470+00:00,50.600130,24312,41,0202aa7001fb5ef8005a5811460e29efbf1ffffffc2246cd1e00000fc0007ebfe9ed0737feebfff600,1,TX 41 seq=8256 rx_latency=1ms tx_dur=1ms,21.810,
2727,10,508,2859467260,2026-07-14T15:05:10.748481+00:00,50.700148,24412,41,0202aa7001fc5f5c005a5811460e29efbf1ffffffc2246cd1e00000fc0007ebfe9ed0737feebfff600,1,TX 41 seq=8257 rx_latency=1ms tx_dur=1ms,23.535,
2727,10,509,2859467261,2026-07-14T15:05:10.848469+00:00,50.800128,24512,41,0202aa7001fd5fc0005a5811460e29efbf1ffffffc2246cd1e00000fc0007ebfe9ed0737feebfff600,1,TX 41 seq=8258 rx_latency=1ms tx_dur=1ms,15.325,
2727,10,510,2859467262,2026-07-14T15:05:10.948478+00:00,50.900142,24612,41,0202aa7001fe6024005a5811460e29efbf1ffffffc2246cd1e00000fc0007ebfe9ed0737feebfff600,1,TX 41 seq=8259 rx_latency=1ms tx_dur=1ms,17.042,
2727,10,511,2859467263,2026-07-14T15:05:11.048474+00:00,51.000138,24712,41,0202aa7001ff6088005a5811460e29efbf1ffffffc2246cd1e00000fc0007ebfe9ed0737feebfff600,1,TX 41 seq=8260 rx_latency=1ms tx_dur=1ms,19.905,
2727,10,512,2859467264,2026-07-14T15:05:11.148477+00:00,51.100141,24812,41,0202aa70020060ec005a5811460e29efbf1ffffffc2246cd1e00000fc0007ebfe9ed0737feebfff600,1,TX 41 seq=8261 rx_latency=1ms tx_dur=1ms,21.383,
2727,10,513,2859467265,2026-07-14T15:05:11.248477+00:00,51.200152,24912,41,0202aa7002016150005a5811460e29efbf1ffffffc2246cd1e00000fc0007ebfe9ed0737feebfff600,1,TX 41 seq=8262 rx_latency=1ms tx_dur=1ms,23.893,
2727,10,514,2859467266,2026-07-14T15:05:11.348480+00:00,51.300146,25012,41,0202aa70020261b4005a5811460e29efbf1ffffffc2246cd1e00000fc0007ebfe9ed0737feebfff600,1,TX 41 seq=8263 rx_latency=1ms tx_dur=1ms,15.757,
2727,10,515,2859467267,2026-07-14T15:05:11.448472+00:00,51.400129,25112,41,0202aa7002036218005a5811460e29efbf1ffffffc2246cd1e00000fc0007ebfe9ed0737feebfff600,1,TX 41 seq=8264 rx_latency=1ms tx_dur=1ms,17.489,
2727,10,516,2859467268,2026-07-14T15:05:11.548481+00:00,51.500146,25212,41,0202aa700204627c005a5811460e29efbf1ffffffc2246cd1e00000fc0007ebfe9ed0737feebfff600,1,TX 41 seq=8265 rx_latency=1ms tx_dur=1ms,19.207,
2727,10,517,2859467269,2026-07-14T15:05:11.648476+00:00,51.600145,25312,41,0202aa70020562e0005a5811460e29efbf1ffffffc2246cd1e00000fc0007ebfe9ed0737feebfff600,1,TX 41 seq=8266 rx_latency=1ms tx_dur=1ms,21.769,
2727,10,518,2859467270,2026-07-14T15:05:11.748483+00:00,51.700154,25412,41,0202aa7002066344005a5811460e29efbf1ffffffc2246cd1e00000fc0007ebfe9ed0737feebfff600,1,TX 41 seq=8267 rx_latency=1ms tx_dur=1ms,23.540,
2727,10,519,2859467271,2026-07-14T15:05:11.848470+00:00,51.800128,25512,41,0202aa70020763a8005a5811460e29efbf1ffffffc2246cd1e00000fc0007ebfe9ed0737feebfff600,1,TX 41 seq=8268 rx_latency=1ms tx_dur=1ms,15.338,
2727,10,520,2859467272,2026-07-14T15:05:11.948479+00:00,51.900142,25612,41,0202aa700208640c005a5811460e29efbf1ffffffc2246cd1e00000fc0007ebfe9ed0737feebfff600,1,TX 41 seq=8269 rx_latency=1ms tx_dur=1ms,17.056,
2727,10,521,2859467273,2026-07-14T15:05:12.048470+00:00,52.000131,25712,41,0202aa7002096470005a5811460e29efbf1ffffffc2246cd1e00000fc0007ebfe9ed0737feebfff600,1,TX 41 seq=8270 rx_latency=1ms tx_dur=1ms,19.933,
2727,10,522,2859467274,2026-07-14T15:05:12.148480+00:00,52.100143,25812,41,0202aa70020a64d4005a5811460e29efbf1ffffffc2246cd1e00000fc0007ebfe9ed0737feebfff600,1,TX 41 seq=8271 rx_latency=1ms tx_dur=1ms,21.377,
2727,10,523,2859467275,2026-07-14T15:05:12.248475+00:00,52.200143,25912,41,0202aa70020b6538005a5811460e29efbf1ffffffc2246cd1e00000fc0007ebfe9ed0737feebfff600,1,TX 41 seq=8272 rx_latency=1ms tx_dur=1ms,23.913,
2727,10,524,2859467276,2026-07-14T15:05:12.348482+00:00,52.300148,26012,41,0202aa70020c659c005a5811460e29efbf1ffffffc2246cd1e00000fc0007ebfe9ed0737feebfff600,1,TX 41 seq=8273 rx_latency=1ms tx_dur=1ms,15.761,
2727,10,525,2859467277,2026-07-14T15:05:12.448472+00:00,52.400131,26112,41,0202aa70020d6600005a5811460e29efbf1ffffffc2246cd1e00000fc0007ebfe9ed0737feebfff600,1,TX 41 seq=8274 rx_latency=1ms tx_dur=1ms,17.500,
2727,10,526,2859467278,2026-07-14T15:05:12.548481+00:00,52.500147,26212,41,0202aa70020e6664005a5811460e29efbf1ffffffc2246cd1e00000fc0007ebfe9ed0737feebfff600,1,TX 41 seq=8275 rx_latency=1ms tx_dur=1ms,19.209,
2727,10,527,2859467279,2026-07-14T15:05:12.648470+00:00,52.600128,26312,41,0202aa70020f66c8005a5811460e29efbf1ffffffc2246cd1e00000fc0007ebfe9ed0737feebfff600,1,TX 41 seq=8276 rx_latency=1ms tx_dur=1ms,21.805,
2727,10,528,2859467280,2026-07-14T15:05:12.748482+00:00,52.700144,26412,41,0202aa700210672c005a5811460e29efbf1ffffffc2246cd1e00000fc0007ebfe9ed0737feebfff600,1,TX 41 seq=8277 rx_latency=1ms tx_dur=1ms,23.568,
2727,10,529,2859467281,2026-07-14T15:05:12.848470+00:00,52.800128,26512,41,0202aa7002116790005a5811460e29efbf1ffffffc2246cd1e00000fc0007ebfe9ed0737feebfff600,1,TX 41 seq=8278 rx_latency=1ms tx_dur=1ms,15.352,
2727,10,530,2859467282,2026-07-14T15:05:12.948479+00:00,52.900142,26612,41,0202aa70021267f4005a5811460e29efbf1ffffffc2246cd1e00000fc0007ebfe9ed0737feebfff600,1,TX 41 seq=8279 rx_latency=1ms tx_dur=1ms,17.073,
2727,10,531,2859467283,2026-07-14T15:05:13.048472+00:00,53.000131,26712,41,0202aa7002136858005a5811460e29efbf1ffffffc2246cd1e00000fc0007ebfe9ed0737feebfff600,1,TX 41 seq=8280 rx_latency=1ms tx_dur=1ms,19.811,
2727,10,532,2859467284,2026-07-14T15:05:13.148479+00:00,53.100144,26812,41,0202aa70021468bc005a5811460e29efbf1ffffffc2246cd1e00000fc0007ebfe9ed0737feebfff600,1,TX 41 seq=8281 rx_latency=1ms tx_dur=1ms,21.151,
2727,10,533,2859467285,2026-07-14T15:05:13.248475+00:00,53.200137,26912,41,0202aa7002156920005a5811460e29efbf1ffffffc2246cd1e00000fc0007ebfe9ed0737feebfff600,1,TX 41 seq=8282 rx_latency=1ms tx_dur=1ms,23.749,
2727,10,534,2859467286,2026-07-14T15:05:13.348448+00:00,53.300106,27012,41,0202aa7002166984005a5811460e29efbf1ffffffc2246cd1e00000fc0007ebfe9ed0737feebfff600,1,TX 41 seq=8283 rx_latency=1ms tx_dur=1ms,16.598,
2727,10,535,2859467287,2026-07-14T15:05:13.448498+00:00,53.400188,27112,41,0202aa70021769e8005a5811460e29efbf1ffffffc2246cd1e00000fc0007ebfe9ed0737feebfff600,1,TX 41 seq=8284 rx_latency=1ms tx_dur=1ms,17.762,
2727,10,536,2859467288,2026-07-14T15:05:13.548474+00:00,53.500141,27212,41,0202aa7002186a4c005a5811460e29efbf1ffffffc2246cd1e00000fc0007ebfe9ed0737feebfff600,1,TX 41 seq=8285 rx_latency=1ms tx_dur=1ms,19.315,
2727,10,537,2859467289,2026-07-14T15:05:13.648485+00:00,53.600160,27312,41,0202aa7002196ab0005a5811460e29efbf1ffffffc2246cd1e00000fc0007ebfe9ed0737feebfff600,1,TX 41 seq=8286 rx_latency=1ms tx_dur=1ms,20.989,
2727,10,538,2859467290,2026-07-14T15:05:13.748483+00:00,53.700157,27412,41,0202aa70021a6b14005a5811460e29efbf1ffffffc2246cd1e00000fc0007ebfe9ed0737feebfff600,1,TX 41 seq=8287 rx_latency=1ms tx_dur=1ms,23.385,
2727,10,539,2859467291,2026-07-14T15:05:13.848478+00:00,53.800145,27512,41,0202aa70021b6b78005a5811460e29efbf1ffffffc2246cd1e00000fc0007ebfe9ed0737feebfff600,1,TX 41 seq=8288 rx_latency=1ms tx_dur=1ms,14.985,
2727,10,540,2859467292,2026-07-14T15:05:13.948473+00:00,53.900139,27612,41,0202aa70021c6bdc005a5811460e29efbf1ffffffc2246cd1e00000fc0007ebfe9ed0737feebfff600,1,TX 41 seq=8289 rx_latency=1ms tx_dur=1ms,17.730,
2727,10,541,2859467293,2026-07-14T15:05:14.048479+00:00,54.000144,27712,41,0202aa70021d6c40005a5811460e29efbf1ffffffc2246cd1e00000fc0007ebfe9ed0737feebfff600,1,TX 41 seq=8290 rx_latency=1ms tx_dur=1ms,19.175,
2727,10,542,2859467294,2026-07-14T15:05:14.148471+00:00,54.100132,27812,41,0202aa70021e6ca4005a5811460e29efbf1ffffffc2246cd1e00000fc0007ebfe9ed0737feebfff600,1,TX 41 seq=8291 rx_latency=1ms tx_dur=1ms,21.768,
2727,10,543,2859467295,2026-07-14T15:05:14.248481+00:00,54.200145,27912,41,0202aa70021f6d08005a5811460e29efbf1ffffffc2246cd1e00000fc0007ebfe9ed0737feebfff600,1,TX 41 seq=8292 rx_latency=1ms tx_dur=1ms,23.519,
2727,10,544,2859467296,2026-07-14T15:05:14.348477+00:00,54.300144,28012,41,0202aa7002206d6c005a5811460e29efbf1ffffffc2246cd1e00000fc0007ebfe9ed0737feebfff600,1,TX 41 seq=8293 rx_latency=1ms tx_dur=1ms,15.254,
2727,10,545,2859467297,2026-07-14T15:05:14.448481+00:00,54.400146,28112,41,0202aa7002216dd0005a5811460e29efbf1ffffffc2246cd1e00000fc0007ebfe9ed0737feebfff600,1,TX 41 seq=8294 rx_latency=1ms tx_dur=1ms,17.009,
2727,10,546,2859467298,2026-07-14T15:05:14.548470+00:00,54.500128,28212,41,0202aa7002226e34005a5811460e29efbf1ffffffc2246cd1e00000fc0007ebfe9ed0737feebfff600,1,TX 41 seq=8295 rx_latency=1ms tx_dur=1ms,19.623,
2727,10,547,2859467299,2026-07-14T15:05:14.648481+00:00,54.600147,28312,41,0202aa7002236e98005a5811460e29efbf1ffffffc2246cd1e00000fc0007ebfe9ed0737feebfff600,1,TX 41 seq=8296 rx_latency=1ms tx_dur=1ms,21.395,
2727,10,548,2859467300,2026-07-14T15:05:14.748477+00:00,54.700147,28412,41,0202aa7002246efc005a5811460e29efbf1ffffffc2246cd1e00000fc0007ebfe9ed0737feebfff600,1,TX 41 seq=8297 rx_latency=1ms tx_dur=1ms,23.018,
2727,10,549,2859467301,2026-07-14T15:05:14.848479+00:00,54.800145,28512,41,0202aa7002256f60005a5811460e29efbf1ffffffc2246cd1e00000fc0007ebfe9ed0737feebfff600,1,TX 41 seq=8298 rx_latency=1ms tx_dur=1ms,15.949,
2727,10,550,2859467302,2026-07-14T15:05:14.948469+00:00,54.900128,28612,41,0202aa7002266fc4005a5811460e29efbf1ffffffc2246cd1e00000fc0007ebfe9ed0737feebfff600,1,TX 41 seq=8299 rx_latency=1ms tx_dur=1ms,17.630,
2727,10,551,2859467303,2026-07-14T15:05:15.048479+00:00,55.000143,28712,41,0202aa7002277028005a5811460e29efbf1ffffffc2246cd1e00000fc0007ebfe9ed0737feebfff600,1,TX 41 seq=8300 rx_latency=1ms tx_dur=1ms,18.966,
2727,10,552,2859467304,2026-07-14T15:05:15.148476+00:00,55.100140,28812,41,0202aa700228708c005a5811460e29efbf1ffffffc2246cd1e00000fc0007ebfe9ed0737feebfff600,1,TX 41 seq=8301 rx_latency=1ms tx_dur=1ms,21.535,
2727,10,553,2859467305,2026-07-14T15:05:15.248473+00:00,55.200135,28912,41,0202aa70022970f0005a5811460e29efbf1ffffffc2246cd1e00000fc0007ebfe9ed0737feebfff600,1,TX 41 seq=8302 rx_latency=1ms tx_dur=1ms,23.160,
2727,10,554,2859467306,2026-07-14T15:05:15.348479+00:00,55.300143,29012,41,0202aa70022a7154005a5811460e29efbf1ffffffc2246cd1e00000fc0007ebfe9ed0737feebfff600,1,TX 41 seq=8303 rx_latency=1ms tx_dur=1ms,16.780,
2727,10,555,2859467307,2026-07-14T15:05:15.448477+00:00,55.400138,29112,41,0202aa70022b71b8005a5811460e29efbf1ffffffc2246cd1e00000fc0007ebfe9ed0737feebfff600,1,TX 41 seq=8304 rx_latency=1ms tx_dur=1ms,17.158,
2727,10,556,2859467308,2026-07-14T15:05:15.548469+00:00,55.500128,29212,41,0202aa70022c721c005a5811460e29efbf1ffffffc2246cd1e00000fc0007ebfe9ed0737feebfff600,1,TX 41 seq=8305 rx_latency=1ms tx_dur=1ms,19.932,
2727,10,557,2859467309,2026-07-14T15:05:15.648483+00:00,55.600154,29312,41,0202aa70022d7280005a5811460e29efbf1ffffffc2246cd1e00000fc0007ebfe9ed0737feebfff600,1,TX 41 seq=8306 rx_latency=1ms tx_dur=1ms,21.255,
2727,10,558,2859467310,2026-07-14T15:05:15.748486+00:00,55.700168,29412,41,0202aa70022e72e4005a5811460e29efbf1ffffffc2246cd1e00000fc0007ebfe9ed0737feebfff600,1,TX 41 seq=8307 rx_latency=1ms tx_dur=1ms,23.760,
2727,10,559,2859467311,2026-07-14T15:05:15.848475+00:00,55.800135,29512,41,0202aa70022f7348005a5811460e29efbf1ffffffc2246cd1e00000fc0007ebfe9ed0737feebfff600,1,TX 41 seq=8308 rx_latency=1ms tx_dur=1ms,16.641,
2727,10,560,2859467312,2026-07-14T15:05:15.948480+00:00,55.900144,29612,41,0202aa70023073ac005a5811460e29efbf1ffffffc2246cd1e00000fc0007ebfe9ed0737feebfff600,1,TX 41 seq=8309 rx_latency=1ms tx_dur=1ms,16.957,
2727,10,561,2859467313,2026-07-14T15:05:16.048470+00:00,56.000128,29712,41,0202aa7002317410005a5811460e29efbf1ffffffc2246cd1e00000fc0007ebfe9ed0737feebfff600,1,TX 41 seq=8310 rx_latency=1ms tx_dur=1ms,19.575,
2727,10,562,2859467314,2026-07-14T15:05:16.148475+00:00,56.100142,29812,41,0202aa7002327474005a5811460e29efbf1ffffffc2246cd1e00000fc0007ebfe9ed0737feebfff600,1,TX 41 seq=8311 rx_latency=1ms tx_dur=1ms,21.305,
2727,10,563,2859467315,2026-07-14T15:05:16.248474+00:00,56.200136,29912,41,0202aa70023374d8005a5811460e29efbf1ffffffc2246cd1e00000fc0007ebfe9ed0737feebfff600,1,TX 41 seq=8312 rx_latency=1ms tx_dur=1ms,22.972,
2727,10,564,2859467316,2026-07-14T15:05:16.348497+00:00,56.300189,30012,41,0202aa700234753c005a5811460e29efbf1ffffffc2246cd1e00000fc0007ebfe9ed0737feebfff600,1,TX 41 seq=8313 rx_latency=1ms tx_dur=1ms,16.787,
2727,10,565,2859467317,2026-07-14T15:05:16.448479+00:00,56.400147,30112,41,0202aa70023575a0005a5811460e29efbf1ffffffc2246cd1e00000fc0007ebfe9ed0737feebfff600,1,TX 41 seq=8314 rx_latency=1ms tx_dur=1ms,17.267,
2727,10,566,2859467318,2026-07-14T15:05:16.548473+00:00,56.500133,30212,41,0202aa7002367604005a5811460e29efbf1ffffffc2246cd1e00000fc0007ebfe9ed0737feebfff600,1,TX 41 seq=8315 rx_latency=1ms tx_dur=1ms,20.046,
2727,10,567,2859467319,2026-07-14T15:05:16.648481+00:00,56.600147,30312,41,0202aa7002377668005a5811460e29efbf1ffffffc2246cd1e00000fc0007ebfe9ed0737feebfff600,1,TX 41 seq=8316 rx_latency=1ms tx_dur=1ms,21.472,
2727,10,568,2859467320,2026-07-14T15:05:16.748478+00:00,56.700152,30412,41,0202aa70023876cc005a5811460e29efbf1ffffffc2246cd1e00000fc0007ebfe9ed0737feebfff600,1,TX 41 seq=8317 rx_latency=1ms tx_dur=1ms,23.081,
2727,10,569,2859467321,2026-07-14T15:05:16.848486+00:00,56.800166,30512,41,0202aa7002397730005a5811460e29efbf1ffffffc2246cd1e00000fc0007ebfe9ed0737feebfff600,1,TX 41 seq=8318 rx_latency=1ms tx_dur=1ms,16.652,
2727,10,570,2859467322,2026-07-14T15:05:16.948477+00:00,56.900141,30612,41,0202aa70023a7794005a5811460e29efbf1ffffffc2246cd1e00000fc0007ebfe9ed0737feebfff600,1,TX 41 seq=8319 rx_latency=1ms tx_dur=1ms,17.086,
2727,10,571,2859467323,2026-07-14T15:05:17.048471+00:00,57.000130,30712,41,0202aa70023b77f8005a5811460e29efbf1ffffffc2246cd1e00000fc0007ebfe9ed0737feebfff600,1,TX 41 seq=8320 rx_latency=1ms tx_dur=1ms,19.859,
2727,10,572,2859467324,2026-07-14T15:05:17.148481+00:00,57.100147,30812,41,0202aa70023c785c005a5811460e29efbf1ffffffc2246cd1e00000fc0007ebfe9ed0737feebfff600,1,TX 41 seq=8321 rx_latency=1ms tx_dur=1ms,21.185,
2727,10,573,2859467325,2026-07-14T15:05:17.248472+00:00,57.200135,30912,41,0202aa70023d78c0005a5811460e29efbf1ffffffc2246cd1e00000fc0007ebfe9ed0737feebfff600,1,TX 41 seq=8322 rx_latency=1ms tx_dur=1ms,23.698,
2727,10,574,2859467326,2026-07-14T15:05:17.348479+00:00,57.300145,31012,41,0202aa70023e7924005a5811460e29efbf1ffffffc2246cd1e00000fc0007ebfe9ed0737feebfff600,1,TX 41 seq=8323 rx_latency=1ms tx_dur=1ms,16.531,
2727,10,575,2859467327,2026-07-14T15:05:17.448479+00:00,57.400140,31112,41,0202aa70023f7988005a5811460e29efbf1ffffffc2246cd1e00000fc0007ebfe9ed0737feebfff600,1,TX 41 seq=8324 rx_latency=1ms tx_dur=1ms,17.912,
2727,10,576,2859467328,2026-07-14T15:05:17.548475+00:00,57.500137,31212,41,0202aa70024079ec005a5811460e29efbf1ffffffc2246cd1e00000fc0007ebfe9ed0737feebfff600,1,TX 41 seq=8325 rx_latency=1ms tx_dur=1ms,19.394,
2727,10,577,2859467329,2026-07-14T15:05:17.648436+00:00,57.600096,31312,41,0202aa7002417a50005a5811460e29efbf1ffffffc2246cd1e00000fc0007ebfe9ed0737feebfff600,1,TX 41 seq=8326 rx_latency=1ms tx_dur=1ms,21.068,
2727,10,578,2859467330,2026-07-14T15:05:17.748481+00:00,57.700148,31412,41,0202aa7002427ab4005a5811460e29efbf1ffffffc2246cd1e00000fc0007ebfe9ed0737feebfff600,1,TX 41 seq=8327 rx_latency=1ms tx_dur=1ms,23.592,
2727,10,579,2859467331,2026-07-14T15:05:17.848471+00:00,57.800130,31512,41,0202aa7002437b18005a5811460e29efbf1ffffffc2246cd1e00000fc0007ebfe9ed0737feebfff600,1,TX 41 seq=8328 rx_latency=1ms tx_dur=1ms,15.164,
2727,10,580,2859467332,2026-07-14T15:05:17.948485+00:00,57.900162,31612,41,0202aa7002447b7c005a5811460e29efbf1ffffffc2246cd1e00000fc0007ebfe9ed0737feebfff600,1,TX 41 seq=8329 rx_latency=1ms tx_dur=1ms,17.914,
2727,10,581,2859467333,2026-07-14T15:05:18.048470+00:00,58.000134,31712,41,0202aa7002457be0005a5811460e29efbf1ffffffc2246cd1e00000fc0007ebfe9ed0737feebfff600,1,TX 41 seq=8330 rx_latency=1ms tx_dur=1ms,19.662,
2727,10,582,2859467334,2026-07-14T15:05:18.148480+00:00,58.100144,31812,41,0202aa7002467c44005a5811460e29efbf1ffffffc2246cd1e00000fc0007ebfe9ed0737feebfff600,1,TX 41 seq=8331 rx_latency=1ms tx_dur=1ms,21.434,
2727,10,583,2859467335,2026-07-14T15:05:18.248465+00:00,58.200125,31912,41,0202aa7002477ca8005a5811460e29efbf1ffffffc2246cd1e00000fc0007ebfe9ed0737feebfff600,1,TX 41 seq=8332 rx_latency=1ms tx_dur=1ms,24.013,
2727,10,584,2859467336,2026-07-14T15:05:18.348480+00:00,58.300143,32012,41,0202aa7002487d0c005a5811460e29efbf1ffffffc2246cd1e00000fc0007ebfe9ed0737feebfff600,1,TX 41 seq=8333 rx_latency=1ms tx_dur=1ms,15.812,
2727,10,585,2859467337,2026-07-14T15:05:18.448478+00:00,58.400142,32112,41,0202aa7002497d70005a5811460e29efbf1ffffffc2246cd1e00000fc0007ebfe9ed0737feebfff600,1,TX 41 seq=8334 rx_latency=1ms tx_dur=1ms,17.548,
2727,10,586,2859467338,2026-07-14T15:05:18.548471+00:00,58.500129,32212,41,0202aa70024a7dd4005a5811460e29efbf1ffffffc2246cd1e00000fc0007ebfe9ed0737feebfff600,1,TX 41 seq=8335 rx_latency=1ms tx_dur=1ms,19.252,
2727,10,587,2859467339,2026-07-14T15:05:18.648475+00:00,58.600138,32312,41,0202aa70024b7e38005a5811460e29efbf1ffffffc2246cd1e00000fc0007ebfe9ed0737feebfff600,1,TX 41 seq=8336 rx_latency=1ms tx_dur=1ms,21.011,
2727,10,588,2859467340,2026-07-14T15:05:18.748477+00:00,58.700141,32412,41,0202aa70024c7e9c005a5811460e29efbf1ffffffc2246cd1e00000fc0007ebfe9ed0737feebfff600,1,TX 41 seq=8337 rx_latency=1ms tx_dur=1ms,23.597,
2727,10,589,2859467341,2026-07-14T15:05:18.848468+00:00,58.800127,32512,41,0202aa70024d7f00005a5811460e29efbf1ffffffc2246cd1e00000fc0007ebfe9ed0737feebfff600,1,TX 41 seq=8338 rx_latency=1ms tx_dur=1ms,15.180,
2727,10,590,2859467342,2026-07-14T15:05:18.948476+00:00,58.900138,32612,41,0202aa70024e7f64005a5811460e29efbf1ffffffc2246cd1e00000fc0007ebfe9ed0737feebfff600,1,TX 41 seq=8339 rx_latency=1ms tx_dur=1ms,18.024,
2727,10,591,2859467343,2026-07-14T15:05:19.048474+00:00,59.000141,32712,41,0202aa70024f7fc8005a5811460e29efbf1ffffffc2246cd1e00000fc0007ebfe9ed0737feebfff600,1,TX 41 seq=8340 rx_latency=1ms tx_dur=1ms,19.651,
2727,10,592,2859467344,2026-07-14T15:05:19.148479+00:00,59.100145,32812,41,0202aa700250802c005a5811460e29efbf1ffffffc2246cd1e00000fc0007ebfe9ed0737feebfff600,1,TX 41 seq=8341 rx_latency=1ms tx_dur=1ms,21.435,
2727,10,593,2859467345,2026-07-14T15:05:19.248469+00:00,59.200131,32912,41,0202aa7002518090005a5811460e29efbf1ffffffc2246cd1e00000fc0007ebfe9ed0737feebfff600,1,TX 41 seq=8342 rx_latency=1ms tx_dur=1ms,24.007,
2727,10,594,2859467346,2026-07-14T15:05:19.348481+00:00,59.300145,33012,41,0202aa70025280f4005a5811460e29efbf1ffffffc2246cd1e00000fc0007ebfe9ed0737feebfff600,1,TX 41 seq=8343 rx_latency=1ms tx_dur=1ms,15.815,
2727,10,595,2859467347,2026-07-14T15:05:19.448486+00:00,59.400167,33112,41,0202aa7002538158005a5811460e29efbf1ffffffc2246cd1e00000fc0007ebfe9ed0737feebfff600,1,TX 41 seq=8344 rx_latency=1ms tx_dur=1ms,17.500,
2727,10,596,2859467348,2026-07-14T15:05:19.548476+00:00,59.500142,33212,41,0202aa70025481bc005a5811460e29efbf1ffffffc2246cd1e00000fc0007ebfe9ed0737feebfff600,1,TX 41 seq=8345 rx_latency=1ms tx_dur=1ms,19.238,
2727,10,597,2859467349,2026-07-14T15:05:19.648513+00:00,59.600192,33312,41,0202aa7002558220005a5811460e29efbf1ffffffc2246cd1e00000fc0007ebfe9ed0737feebfff600,1,TX 41 seq=8346 rx_latency=1ms tx_dur=1ms,20.992,
2727,10,598,2859467350,2026-07-14T15:05:19.748478+00:00,59.700153,33412,41,0202aa7002568284005a5811460e29efbf1ffffffc2246cd1e00000fc0007ebfe9ed0737feebfff600,1,TX 41 seq=8347 rx_latency=1ms tx_dur=1ms,23.470,
2727,10,599,2859467351,2026-07-14T15:05:19.848477+00:00,59.800146,33512,41,0202aa70025782e8005a5811460e29efbf1ffffffc2246cd1e00000fc0007ebfe9ed0737feebfff600,1,TX 41 seq=8348 rx_latency=1ms tx_dur=1ms,15.135,
2727,10,600,2859467352,2026-07-14T15:05:19.948476+00:00,59.900142,33612,41,0202aa700258834c005a5811460e29efbf1ffffffc2246cd1e00000fc0007ebfe9ed0737feebfff600,1,TX 41 seq=8349 rx_latency=1ms tx_dur=1ms,17.979,
2727,10,601,2859467353,2026-07-14T15:05:20.048481+00:00,60.000159,33712,41,0202aa70025983b0005a5811460e29efbf1ffffffc2246cd1e00000fc0007ebfe9ed0737feebfff600,1,TX 41 seq=8350 rx_latency=1ms tx_dur=1ms,19.631,
2727,10,602,2859467354,2026-07-14T15:05:20.148489+00:00,60.100170,33812,41,0202aa70025a8414005a5811460e29efbf1ffffffc2246cd1e00000fc0007ebfe9ed0737feebfff600,1,TX 41 seq=8351 rx_latency=1ms tx_dur=1ms,21.275,
2727,10,603,2859467355,2026-07-14T15:05:20.248483+00:00,60.200160,33912,41,0202aa70025b8478005a5811460e29efbf1ffffffc2246cd1e00000fc0007ebfe9ed0737feebfff600,1,TX 41 seq=8352 rx_latency=1ms tx_dur=1ms,23.877,
2727,10,604,2859467356,2026-07-14T15:05:20.348475+00:00,60.300138,34012,41,0202aa70025c84dc005a5811460e29efbf1ffffffc2246cd1e00000fc0007ebfe9ed0737feebfff600,1,TX 41 seq=8353 rx_latency=1ms tx_dur=1ms,16.720,
2727,10,605,2859467357,2026-07-14T15:05:20.448481+00:00,60.400144,34112,41,0202aa70025d8540005a5811460e29efbf1ffffffc2246cd1e00000fc0007ebfe9ed0737feebfff600,1,TX 41 seq=8354 rx_latency=1ms tx_dur=1ms,17.054,
2727,10,606,2859467358,2026-07-14T15:05:20.548446+00:00,60.500110,34212,41,0202aa70025e85a4005a5811460e29efbf1ffffffc2246cd1e00000fc0007ebfe9ed0737feebfff600,1,TX 41 seq=8355 rx_latency=1ms tx_dur=1ms,19.828,
2727,10,607,2859467359,2026-07-14T15:05:20.648483+00:00,60.600151,34312,41,0202aa70025f8608005a5811460e29efbf1ffffffc2246cd1e00000fc0007ebfe9ed0737feebfff600,1,TX 41 seq=8356 rx_latency=1ms tx_dur=1ms,21.135,
2727,10,608,2859467360,2026-07-14T15:05:20.748477+00:00,60.700144,34412,41,0202aa700260866c005a5811460e29efbf1ffffffc2246cd1e00000fc0007ebfe9ed0737feebfff600,1,TX 41 seq=8357 rx_latency=1ms tx_dur=1ms,23.752,
2727,10,609,2859467361,2026-07-14T15:05:20.848474+00:00,60.800134,34512,41,0202aa70026186d0005a5811460e29efbf1ffffffc2246cd1e00000fc0007ebfe9ed0737feebfff600,1,TX 41 seq=8358 rx_latency=1ms tx_dur=1ms,16.543,
2727,10,610,2859467362,2026-07-14T15:05:20.948479+00:00,60.900142,34612,41,0202aa7002628734005a5811460e29efbf1ffffffc2246cd1e00000fc0007ebfe9ed0737feebfff600,1,TX 41 seq=8359 rx_latency=1ms tx_dur=1ms,17.868,
2727,10,611,2859467363,2026-07-14T15:05:21.048476+00:00,61.000137,34712,41,0202aa7002638798005a5811460e29efbf1ffffffc2246cd1e00000fc0007ebfe9ed0737feebfff600,1,TX 41 seq=8360 rx_latency=1ms tx_dur=1ms,19.357,
2727,10,612,2859467364,2026-07-14T15:05:21.148475+00:00,61.100136,34812,41,0202aa70026487fc005a5811460e29efbf1ffffffc2246cd1e00000fc0007ebfe9ed0737feebfff600,1,TX 41 seq=8361 rx_latency=1ms tx_dur=1ms,20.993,
2727,10,613,2859467365,2026-07-14T15:05:21.248479+00:00,61.200154,34912,41,0202aa7002658860005a5811460e29efbf1ffffffc2246cd1e00000fc0007ebfe9ed0737feebfff600,1,TX 41 seq=8362 rx_latency=1ms tx_dur=1ms,23.414,
2727,10,614,2859467366,2026-07-14T15:05:21.348491+00:00,61.300178,35012,41,0202aa70026688c4005a5811460e29efbf1ffffffc2246cd1e00000fc0007ebfe9ed0737feebfff600,1,TX 41 seq=8363 rx_latency=1ms tx_dur=1ms,14.878,
2727,10,615,2859467367,2026-07-14T15:05:21.448478+00:00,61.400149,35112,41,0202aa7002678928005a5811460e29efbf1ffffffc2246cd1e00000fc0007ebfe9ed0737feebfff600,1,TX 41 seq=8364 rx_latency=1ms tx_dur=1ms,17.663,
2727,10,616,2859467368,2026-07-14T15:05:21.548478+00:00,61.500142,35212,41,0202aa700268898c005a5811460e29efbf1ffffffc2246cd1e00000fc0007ebfe9ed0737feebfff600,1,TX 41 seq=8365 rx_latency=1ms tx_dur=1ms,19.167,
2727,10,617,2859467369,2026-07-14T15:05:21.648471+00:00,61.600131,35312,41,0202aa70026989f0005a5811460e29efbf1ffffffc2246cd1e00000fc0007ebfe9ed0737feebfff600,1,TX 41 seq=8366 rx_latency=1ms tx_dur=1ms,21.755,
2727,10,618,2859467370,2026-07-14T15:05:21.748416+00:00,61.700084,35412,41,0202aa70026a8a54005a5811460e29efbf1ffffffc2246cd1e00000fc0007ebfe9ed0737feebfff600,1,TX 41 seq=8367 rx_latency=1ms tx_dur=1ms,23.562,
2727,10,619,2859467371,2026-07-14T15:05:21.848470+00:00,61.800131,35512,41,0202aa70026b8ab8005a5811460e29efbf1ffffffc2246cd1e00000fc0007ebfe9ed0737feebfff600,1,TX 41 seq=8368 rx_latency=1ms tx_dur=1ms,15.291,
2727,10,620,2859467372,2026-07-14T15:05:21.948477+00:00,61.900141,35612,41,0202aa70026c8b1c005a5811460e29efbf1ffffffc2246cd1e00000fc0007ebfe9ed0737feebfff600,1,TX 41 seq=8369 rx_latency=1ms tx_dur=1ms,17.011,
2727,10,621,2859467373,2026-07-14T15:05:22.048469+00:00,62.000126,35712,41,0202aa70026d8b80005a5811460e29efbf1ffffffc2246cd1e00000fc0007ebfe9ed0737feebfff600,1,TX 41 seq=8370 rx_latency=1ms tx_dur=1ms,19.621,
2727,10,622,2859467374,2026-07-14T15:05:22.148407+00:00,62.100070,35812,41,0202aa70026e8be4005a5811460e29efbf1ffffffc2246cd1e00000fc0007ebfe9ed0737feebfff600,1,TX 41 seq=8371 rx_latency=1ms tx_dur=1ms,21.428,
2727,10,623,2859467375,2026-07-14T15:05:22.248471+00:00,62.200140,35912,41,0202aa70026f8c48005a5811460e29efbf1ffffffc2246cd1e00000fc0007ebfe9ed0737feebfff600,1,TX 41 seq=8372 rx_latency=1ms tx_dur=1ms,23.045,
2727,10,624,2859467376,2026-07-14T15:05:22.348484+00:00,62.300156,36012,41,0202aa7002708cac005a5811460e29efbf1ffffffc2246cd1e00000fc0007ebfe9ed0737feebfff600,1,TX 41 seq=8373 rx_latency=1ms tx_dur=1ms,15.922,
2727,10,625,2859467377,2026-07-14T15:05:22.448420+00:00,62.400080,36112,41,0202aa7002718d10005a5811460e29efbf1ffffffc2246cd1e00000fc0007ebfe9ed0737feebfff600,1,TX 41 seq=8374 rx_latency=1ms tx_dur=1ms,17.680,
2727,10,626,2859467378,2026-07-14T15:05:22.548481+00:00,62.500144,36212,41,0202aa7002728d74005a5811460e29efbf1ffffffc2246cd1e00000fc0007ebfe9ed0737feebfff600,1,TX 41 seq=8375 rx_latency=1ms tx_dur=1ms,18.975,
2727,10,627,2859467379,2026-07-14T15:05:22.648477+00:00,62.600144,36312,41,0202aa7002738dd8005a5811460e29efbf1ffffffc2246cd1e00000fc0007ebfe9ed0737feebfff600,1,TX 41 seq=8376 rx_latency=1ms tx_dur=1ms,21.582,
2727,10,628,2859467380,2026-07-14T15:05:22.748480+00:00,62.700150,36412,41,0202aa7002748e3c005a5811460e29efbf1ffffffc2246cd1e00000fc0007ebfe9ed0737feebfff600,1,TX 41 seq=8377 rx_latency=1ms tx_dur=1ms,23.102,
2727,10,629,2859467381,2026-07-14T15:05:22.848483+00:00,62.800149,36512,41,0202aa7002758ea0005a5811460e29efbf1ffffffc2246cd1e00000fc0007ebfe9ed0737feebfff600,1,TX 41 seq=8378 rx_latency=1ms tx_dur=1ms,16.751,
2727,10,630,2859467382,2026-07-14T15:05:22.948476+00:00,62.900139,36612,41,0202aa7002768f04005a5811460e29efbf1ffffffc2246cd1e00000fc0007ebfe9ed0737feebfff600,1,TX 41 seq=8379 rx_latency=1ms tx_dur=1ms,17.145,
2727,10,631,2859467383,2026-07-14T15:05:23.048479+00:00,63.000141,36712,41,0202aa7002778f68005a5811460e29efbf1ffffffc2246cd1e00000fc0007ebfe9ed0737feebfff600,1,TX 41 seq=8380 rx_latency=1ms tx_dur=1ms,19.873,
2727,10,632,2859467384,2026-07-14T15:05:23.148479+00:00,63.100140,36812,41,0202aa7002788fcc005a5811460e29efbf1ffffffc2246cd1e00000fc0007ebfe9ed0737feebfff600,1,TX 41 seq=8381 rx_latency=1ms tx_dur=1ms,21.361,
2727,10,633,2859467385,2026-07-14T15:05:23.248410+00:00,63.200071,36912,41,0202aa7002799030005a5811460e29efbf1ffffffc2246cd1e00000fc0007ebfe9ed0737feebfff600,1,TX 41 seq=8382 rx_latency=1ms tx_dur=1ms,23.968,
2727,10,634,2859467386,2026-07-14T15:05:23.348478+00:00,63.300145,37012,41,0202aa70027a9094005a5811460e29efbf1ffffffc2246cd1e00000fc0007ebfe9ed0737feebfff600,1,TX 41 seq=8383 rx_latency=1ms tx_dur=1ms,15.731,
2727,10,635,2859467387,2026-07-14T15:05:23.448470+00:00,63.400130,37112,41,0202aa70027b90f8005a5811460e29efbf1ffffffc2246cd1e00000fc0007ebfe9ed0737feebfff600,1,TX 41 seq=8384 rx_latency=1ms tx_dur=1ms,17.439,
2727,10,636,2859467388,2026-07-14T15:05:23.548476+00:00,63.500138,37212,41,0202aa70027c915c005a5811460e29efbf1ffffffc2246cd1e00000fc0007ebfe9ed0737feebfff600,1,TX 41 seq=8385 rx_latency=1ms tx_dur=1ms,19.193,
2727,10,637,2859467389,2026-07-14T15:05:23.648440+00:00,63.600097,37312,41,0202aa70027d91c0005a5811460e29efbf1ffffffc2246cd1e00000fc0007ebfe9ed0737feebfff600,1,TX 41 seq=8386 rx_latency=1ms tx_dur=1ms,21.829,
2727,10,638,2859467390,2026-07-14T15:05:23.748482+00:00,63.700165,37412,41,0202aa70027e9224005a5811460e29efbf1ffffffc2246cd1e00000fc0007ebfe9ed0737feebfff600,1,TX 41 seq=8387 rx_latency=1ms tx_dur=1ms,23.472,
2727,10,639,2859467391,2026-07-14T15:05:23.848434+00:00,63.800102,37512,41,0202aa70027f9288005a5811460e29efbf1ffffffc2246cd1e00000fc0007ebfe9ed0737feebfff600,1,TX 41 seq=8388 rx_latency=1ms tx_dur=1ms,15.303,
2727,10,640,2859467392,2026-07-14T15:05:23.948410+00:00,63.900079,37612,41,0202aa70028092ec005a5811460e29efbf1ffffffc2246cd1e00000fc0007ebfe9ed0737feebfff600,1,TX 41 seq=8389 rx_latency=1ms tx_dur=1ms,17.121,
2727,10,641,2859467393,2026-07-14T15:05:24.048479+00:00,64.000146,37712,41,0202aa7002819350005a5811460e29efbf1ffffffc2246cd1e00000fc0007ebfe9ed0737feebfff600,1,TX 41 seq=8390 rx_latency=1ms tx_dur=1ms,19.533,
2727,10,642,2859467394,2026-07-14T15:05:24.148478+00:00,64.100149,37812,41,0202aa70028293b4005a5811460e29efbf1ffffffc2246cd1e00000fc0007ebfe9ed0737feebfff600,1,TX 41 seq=8391 rx_latency=1ms tx_dur=1ms,21.399,
2727,10,643,2859467395,2026-07-14T15:05:24.248427+00:00,64.200100,37912,41,0202aa7002839418005a5811460e29efbf1ffffffc2246cd1e00000fc0007ebfe9ed0737feebfff600,1,TX 41 seq=8392 rx_latency=1ms tx_dur=1ms,23.012,
2727,10,644,2859467396,2026-07-14T15:05:24.348483+00:00,64.300152,38012,41,0202aa700284947c005a5811460e29efbf1ffffffc2246cd1e00000fc0007ebfe9ed0737feebfff600,1,TX 41 seq=8393 rx_latency=1ms tx_dur=1ms,16.007,
2727,10,645,2859467397,2026-07-14T15:05:24.448432+00:00,64.400099,38112,41,0202aa70028594e0005a5811460e29efbf1ffffffc2246cd1e00000fc0007ebfe9ed0737feebfff600,1,TX 41 seq=8394 rx_latency=1ms tx_dur=1ms,17.594,
2727,10,646,2859467398,2026-07-14T15:05:24.548515+00:00,64.500177,38212,41,0202aa7002869544005a5811460e29efbf1ffffffc2246cd1e00000fc0007ebfe9ed0737feebfff600,1,TX 41 seq=8395 rx_latency=1ms tx_dur=1ms,19.015,
2727,10,647,2859467399,2026-07-14T15:05:24.648485+00:00,64.600149,38312,41,0202aa70028795a8005a5811460e29efbf1ffffffc2246cd1e00000fc0007ebfe9ed0737feebfff600,1,TX 41 seq=8396 rx_latency=1ms tx_dur=1ms,21.415,
2727,10,648,2859467400,2026-07-14T15:05:24.748474+00:00,64.700141,38412,41,0202aa700288960c005a5811460e29efbf1ffffffc2246cd1e00000fc0007ebfe9ed0737feebfff600,1,TX 41 seq=8397 rx_latency=1ms tx_dur=1ms,23.224,
2727,10,649,2859467401,2026-07-14T15:05:24.848476+00:00,64.800142,38512,41,0202aa7002899670005a5811460e29efbf1ffffffc2246cd1e00000fc0007ebfe9ed0737feebfff600,1,TX 41 seq=8398 rx_latency=1ms tx_dur=1ms,16.783,
2727,10,650,2859467402,2026-07-14T15:05:24.948476+00:00,64.900137,38612,41,0202aa70028a96d4005a5811460e29efbf1ffffffc2246cd1e00000fc0007ebfe9ed0737feebfff600,1,TX 41 seq=8399 rx_latency=1ms tx_dur=1ms,17.170,
2727,10,651,2859467403,2026-07-14T15:05:25.048449+00:00,65.000110,38712,41,0202aa70028b9738005a5811460e29efbf1ffffffc2246cd1e00000fc0007ebfe9ed0737feebfff600,1,TX 41 seq=8400 rx_latency=1ms tx_dur=1ms,19.931,
2727,10,652,2859467404,2026-07-14T15:05:25.148477+00:00,65.100140,38812,41,0202aa70028c979c005a5811460e29efbf1ffffffc2246cd1e00000fc0007ebfe9ed0737feebfff600,1,TX 41 seq=8401 rx_latency=1ms tx_dur=1ms,21.384,
2727,10,653,2859467405,2026-07-14T15:05:25.248437+00:00,65.200103,38912,41,0202aa70028d9800005a5811460e29efbf1ffffffc2246cd1e00000fc0007ebfe9ed0737feebfff600,1,TX 41 seq=8402 rx_latency=1ms tx_dur=1ms,23.908,
2727,10,654,2859467406,2026-07-14T15:05:25.348494+00:00,65.300182,39012,41,0202aa70028e9864005a5811460e29efbf1ffffffc2246cd1e00000fc0007ebfe9ed0737feebfff600,1,TX 41 seq=8403 rx_latency=1ms tx_dur=1ms,15.626,
2727,10,655,2859467407,2026-07-14T15:05:25.448477+00:00,65.400145,39112,41,0202aa70028f98c8005a5811460e29efbf1ffffffc2246cd1e00000fc0007ebfe9ed0737feebfff600,1,TX 41 seq=8404 rx_latency=1ms tx_dur=1ms,17.526,
2727,10,656,2859467408,2026-07-14T15:05:25.548481+00:00,65.500147,39212,41,0202aa700290992c005a5811460e29efbf1ffffffc2246cd1e00000fc0007ebfe9ed0737feebfff600,1,TX 41 seq=8405 rx_latency=1ms tx_dur=1ms,19.110,
2727,10,657,2859467409,2026-07-14T15:05:25.648583+00:00,65.600252,39312,41,0202aa7002919990005a5811460e29efbf1ffffffc2246cd1e00000fc0007ebfe9ed0737feebfff600,1,TX 41 seq=8406 rx_latency=1ms tx_dur=1ms,21.690,
2727,10,658,2859467410,2026-07-14T15:05:25.748472+00:00,65.700146,39412,41,0202aa70029299f4005a5811460e29efbf1ffffffc2246cd1e00000fc0007ebfe9ed0737feebfff600,1,TX 41 seq=8407 rx_latency=1ms tx_dur=1ms,23.564,
2727,10,659,2859467411,2026-07-14T15:05:25.848471+00:00,65.800142,39512,41,0202aa7002939a58005a5811460e29efbf1ffffffc2246cd1e00000fc0007ebfe9ed0737feebfff600,1,TX 41 seq=8408 rx_latency=1ms tx_dur=1ms,15.237,
2727,10,660,2859467412,2026-07-14T15:05:25.948450+00:00,65.900127,39612,41,0202aa7002949abc005a5811460e29efbf1ffffffc2246cd1e00000fc0007ebfe9ed0737feebfff600,1,TX 41 seq=8409 rx_latency=1ms tx_dur=1ms,17.069,
2727,10,661,2859467413,2026-07-14T15:05:26.048480+00:00,66.000151,39712,41,0202aa7002959b20005a5811460e29efbf1ffffffc2246cd1e00000fc0007ebfe9ed0737feebfff600,1,TX 41 seq=8410 rx_latency=1ms tx_dur=1ms,19.597,
2727,10,662,2859467414,2026-07-14T15:05:26.148472+00:00,66.100133,39812,41,0202aa7002969b84005a5811460e29efbf1ffffffc2246cd1e00000fc0007ebfe9ed0737feebfff600,1,TX 41 seq=8411 rx_latency=1ms tx_dur=1ms,21.458,
2727,10,663,2859467415,2026-07-14T15:05:26.248423+00:00,66.200087,39912,41,0202aa7002979be8005a5811460e29efbf1ffffffc2246cd1e00000fc0007ebfe9ed0737feebfff600,1,TX 41 seq=8412 rx_latency=1ms tx_dur=1ms,23.103,
2727,10,664,2859467416,2026-07-14T15:05:26.348477+00:00,66.300147,40012,41,0202aa7002989c4c005a5811460e29efbf1ffffffc2246cd1e00000fc0007ebfe9ed0737feebfff600,1,TX 41 seq=8413 rx_latency=1ms tx_dur=1ms,15.994,
2727,10,665,2859467417,2026-07-14T15:05:26.448482+00:00,66.400155,40112,41,0202aa7002999cb0005a5811460e29efbf1ffffffc2246cd1e00000fc0007ebfe9ed0737feebfff600,1,TX 41 seq=8414 rx_latency=1ms tx_dur=1ms,17.559,
2727,10,666,2859467418,2026-07-14T15:05:26.548480+00:00,66.500144,40212,41,0202aa70029a9d14005a5811460e29efbf1ffffffc2246cd1e00000fc0007ebfe9ed0737feebfff600,1,TX 41 seq=8415 rx_latency=1ms tx_dur=1ms,19.006,
2727,10,667,2859467419,2026-07-14T15:05:26.648476+00:00,66.600137,40312,41,0202aa70029b9d78005a5811460e29efbf1ffffffc2246cd1e00000fc0007ebfe9ed0737feebfff600,1,TX 41 seq=8416 rx_latency=1ms tx_dur=1ms,21.608,
2727,10,668,2859467420,2026-07-14T15:05:26.748469+00:00,66.700126,40412,41,0202aa70029c9ddc005a5811460e29efbf1ffffffc2246cd1e00000fc0007ebfe9ed0737feebfff600,1,TX 41 seq=8417 rx_latency=1ms tx_dur=1ms,23.263,
2727,10,669,2859467421,2026-07-14T15:05:26.848475+00:00,66.800137,40512,41,0202aa70029d9e40005a5811460e29efbf1ffffffc2246cd1e00000fc0007ebfe9ed0737feebfff600,1,TX 41 seq=8418 rx_latency=1ms tx_dur=1ms,16.814,
2727,10,670,2859467422,2026-07-14T15:05:26.948480+00:00,66.900146,40612,41,0202aa70029e9ea4005a5811460e29efbf1ffffffc2246cd1e00000fc0007ebfe9ed0737feebfff600,1,TX 41 seq=8419 rx_latency=1ms tx_dur=1ms,17.172,
2727,10,671,2859467423,2026-07-14T15:05:27.048482+00:00,67.000153,40712,41,0202aa70029f9f08005a5811460e29efbf1ffffffc2246cd1e00000fc0007ebfe9ed0737feebfff600,1,TX 41 seq=8420 rx_latency=1ms tx_dur=1ms,19.895,
2727,10,672,2859467424,2026-07-14T15:05:27.148477+00:00,67.100139,40812,41,0202aa7002a09f6c005a5811460e29efbf1ffffffc2246cd1e00000fc0007ebfe9ed0737feebfff600,1,TX 41 seq=8421 rx_latency=1ms tx_dur=1ms,21.454,
2727,10,673,2859467425,2026-07-14T15:05:27.248468+00:00,67.200127,40912,41,0202aa7002a19fd0005a5811460e29efbf1ffffffc2246cd1e00000fc0007ebfe9ed0737feebfff600,1,TX 41 seq=8422 rx_latency=1ms tx_dur=1ms,24.053,
2727,10,674,2859467426,2026-07-14T15:05:27.348480+00:00,67.300143,41012,41,0202aa7002a2a034005a5811460e29efbf1ffffffc2246cd1e00000fc0007ebfe9ed0737feebfff600,1,TX 41 seq=8423 rx_latency=1ms tx_dur=1ms,15.769,
2727,10,675,2859467427,2026-07-14T15:05:27.448473+00:00,67.400134,41112,41,0202aa7002a3a098005a5811460e29efbf1ffffffc2246cd1e00000fc0007ebfe9ed0737feebfff600,1,TX 41 seq=8424 rx_latency=1ms tx_dur=1ms,17.476,
2727,10,676,2859467428,2026-07-14T15:05:27.548482+00:00,67.500150,41212,41,0202aa7002a4a0fc005a5811460e29efbf1ffffffc2246cd1e00000fc0007ebfe9ed0737feebfff600,1,TX 41 seq=8425 rx_latency=1ms tx_dur=1ms,19.214,
2727,10,677,2859467429,2026-07-14T15:05:27.648476+00:00,67.600145,41312,41,0202aa7002a5a160005a5811460e29efbf1ffffffc2246cd1e00000fc0007ebfe9ed0737feebfff600,1,TX 41 seq=8426 rx_latency=1ms tx_dur=1ms,21.763,
2727,10,678,2859467430,2026-07-14T15:05:27.748483+00:00,67.700155,41412,41,0202aa7002a6a1c4005a5811460e29efbf1ffffffc2246cd1e00000fc0007ebfe9ed0737feebfff600,1,TX 41 seq=8427 rx_latency=1ms tx_dur=1ms,23.537,
2727,10,679,2859467431,2026-07-14T15:05:27.848459+00:00,67.800120,41512,41,0202aa7002a7a228005a5811460e29efbf1ffffffc2246cd1e00000fc0007ebfe9ed0737feebfff600,1,TX 41 seq=8428 rx_latency=1ms tx_dur=1ms,15.354,
2727,10,680,2859467432,2026-07-14T15:05:27.948474+00:00,67.900135,41612,41,0202aa7002a8a28c005a5811460e29efbf1ffffffc2246cd1e00000fc0007ebfe9ed0737feebfff600,1,TX 41 seq=8429 rx_latency=1ms tx_dur=1ms,17.052,
2727,10,681,2859467433,2026-07-14T15:05:28.048482+00:00,68.000157,41712,41,0202aa7002a9a2f0005a5811460e29efbf1ffffffc2246cd1e00000fc0007ebfe9ed0737feebfff600,1,TX 41 seq=8430 rx_latency=1ms tx_dur=1ms,19.855,
2727,10,682,2859467434,2026-07-14T15:05:28.148477+00:00,68.100143,41812,41,0202aa7002aaa354005a5811460e29efbf1ffffffc2246cd1e00000fc0007ebfe9ed0737feebfff600,1,TX 41 seq=8431 rx_latency=1ms tx_dur=1ms,21.373,
2727,10,683,2859467435,2026-07-14T15:05:28.248476+00:00,68.200143,41912,41,0202aa7002aba3b8005a5811460e29efbf1ffffffc2246cd1e00000fc0007ebfe9ed0737feebfff600,1,TX 41 seq=8432 rx_latency=1ms tx_dur=1ms,23.922,
2727,10,684,2859467436,2026-07-14T15:05:28.348482+00:00,68.300147,42012,41,0202aa7002aca41c005a5811460e29efbf1ffffffc2246cd1e00000fc0007ebfe9ed0737feebfff600,1,TX 41 seq=8433 rx_latency=1ms tx_dur=1ms,15.768,
2727,10,685,2859467437,2026-07-14T15:05:28.448478+00:00,68.400142,42112,41,0202aa7002ada480005a5811460e29efbf1ffffffc2246cd1e00000fc0007ebfe9ed0737feebfff600,1,TX 41 seq=8434 rx_latency=1ms tx_dur=1ms,17.494,
2727,10,686,2859467438,2026-07-14T15:05:28.548476+00:00,68.500141,42212,41,0202aa7002aea4e4005a5811460e29efbf1ffffffc2246cd1e00000fc0007ebfe9ed0737feebfff600,1,TX 41 seq=8435 rx_latency=1ms tx_dur=1ms,19.174,
2727,10,687,2859467439,2026-07-14T15:05:28.648480+00:00,68.600147,42312,41,0202aa7002afa548005a5811460e29efbf1ffffffc2246cd1e00000fc0007ebfe9ed0737feebfff600,1,TX 41 seq=8436 rx_latency=1ms tx_dur=1ms,21.825,
2727,10,688,2859467440,2026-07-14T15:05:28.748475+00:00,68.700135,42412,41,0202aa7002b0a5ac005a5811460e29efbf1ffffffc2246cd1e00000fc0007ebfe9ed0737feebfff600,1,TX 41 seq=8437 rx_latency=1ms tx_dur=1ms,23.513,
2727,10,689,2859467441,2026-07-14T15:05:28.848475+00:00,68.800139,42512,41,0202aa7002b1a610005a5811460e29efbf1ffffffc2246cd1e00000fc0007ebfe9ed0737feebfff600,1,TX 41 seq=8438 rx_latency=1ms tx_dur=1ms,15.338,
2727,10,690,2859467442,2026-07-14T15:05:28.948472+00:00,68.900133,42612,41,0202aa7002b2a674005a5811460e29efbf1ffffffc2246cd1e00000fc0007ebfe9ed0737feebfff600,1,TX 41 seq=8439 rx_latency=1ms tx_dur=1ms,17.052,
2727,10,691,2859467443,2026-07-14T15:05:29.048476+00:00,69.000139,42712,41,0202aa7002b3a6d8005a5811460e29efbf1ffffffc2246cd1e00000fc0007ebfe9ed0737feebfff600,1,TX 41 seq=8440 rx_latency=1ms tx_dur=1ms,19.913,
2727,10,692,2859467444,2026-07-14T15:05:29.148475+00:00,69.100136,42812,41,0202aa7002b4a73c005a5811460e29efbf1ffffffc2246cd1e00000fc0007ebfe9ed0737feebfff600,1,TX 41 seq=8441 rx_latency=1ms tx_dur=1ms,21.393,
2727,10,693,2859467445,2026-07-14T15:05:29.248479+00:00,69.200154,42912,41,0202aa7002b5a7a0005a5811460e29efbf1ffffffc2246cd1e00000fc0007ebfe9ed0737feebfff600,1,TX 41 seq=8442 rx_latency=1ms tx_dur=1ms,23.903,
2727,10,694,2859467446,2026-07-14T15:05:29.348482+00:00,69.300149,43012,41,0202aa7002b6a804005a5811460e29efbf1ffffffc2246cd1e00000fc0007ebfe9ed0737feebfff600,1,TX 41 seq=8443 rx_latency=1ms tx_dur=1ms,15.769,
2727,10,695,2859467447,2026-07-14T15:05:29.448469+00:00,69.400131,43112,41,0202aa7002b7a868005a5811460e29efbf1ffffffc2246cd1e00000fc0007ebfe9ed0737feebfff600,1,TX 41 seq=8444 rx_latency=1ms tx_dur=1ms,17.486,
2727,10,696,2859467448,2026-07-14T15:05:29.548481+00:00,69.500150,43212,41,0202aa7002b8a8cc005a5811460e29efbf1ffffffc2246cd1e00000fc0007ebfe9ed0737feebfff600,1,TX 41 seq=8445 rx_latency=1ms tx_dur=1ms,19.217,
2727,10,697,2859467449,2026-07-14T15:05:29.648471+00:00,69.600130,43312,41,0202aa7002b9a930005a5811460e29efbf1ffffffc2246cd1e00000fc0007ebfe9ed0737feebfff600,1,TX 41 seq=8446 rx_latency=1ms tx_dur=1ms,21.815,
2727,10,698,2859467450,2026-07-14T15:05:29.748482+00:00,69.700150,43412,41,0202aa7002baa994005a5811460e29efbf1ffffffc2246cd1e00000fc0007ebfe9ed0737feebfff600,1,TX 41 seq=8447 rx_latency=1ms tx_dur=1ms,23.565,
2727,10,699,2859467451,2026-07-14T15:05:29.848470+00:00,69.800128,43512,41,0202aa7002bba9f8005a5811460e29efbf1ffffffc2246cd1e00000fc0007ebfe9ed0737feebfff600,1,TX 41 seq=8448 rx_latency=1ms tx_dur=1ms,15.355,
2727,10,700,2859467452,2026-07-14T15:05:29.948480+00:00,69.900145,43612,41,0202aa7002bcaa5c005a5811460e29efbf1ffffffc2246cd1e00000fc0007ebfe9ed0737feebfff600,1,TX 41 seq=8449 rx_latency=1ms tx_dur=1ms,17.070,
2727,10,701,2859467453,2026-07-14T15:05:30.048453+00:00,70.000127,43712,41,0202aa7002bdaac0005a5811460e29efbf1ffffffc2246cd1e00000fc0007ebfe9ed0737feebfff600,1,TX 41 seq=8450 rx_latency=1ms tx_dur=1ms,19.797,
2727,10,702,2859467454,2026-07-14T15:05:30.148482+00:00,70.100148,43812,41,0202aa7002beab24005a5811460e29efbf1ffffffc2246cd1e00000fc0007ebfe9ed0737feebfff600,1,TX 41 seq=8451 rx_latency=1ms tx_dur=1ms,21.152,
2727,10,703,2859467455,2026-07-14T15:05:30.248482+00:00,70.200158,43912,41,0202aa7002bfab88005a5811460e29efbf1ffffffc2246cd1e00000fc0007ebfe9ed0737feebfff600,1,TX 41 seq=8452 rx_latency=1ms tx_dur=1ms,23.712,
2727,10,704,2859467456,2026-07-14T15:05:30.348440+00:00,70.300107,44012,41,0202aa7002c0abec005a5811460e29efbf1ffffffc2246cd1e00000fc0007ebfe9ed0737feebfff600,1,TX 41 seq=8453 rx_latency=1ms tx_dur=1ms,16.560,
2727,10,705,2859467457,2026-07-14T15:05:30.448483+00:00,70.400151,44112,41,0202aa7002c1ac50005a5811460e29efbf1ffffffc2246cd1e00000fc0007ebfe9ed0737feebfff600,1,TX 41 seq=8454 rx_latency=1ms tx_dur=1ms,17.860,
2727,10,706,2859467458,2026-07-14T15:05:30.548480+00:00,70.500150,44212,41,0202aa7002c2acb4005a5811460e29efbf1ffffffc2246cd1e00000fc0007ebfe9ed0737feebfff600,1,TX 41 seq=8455 rx_latency=1ms tx_dur=1ms,19.340,
2727,10,707,2859467459,2026-07-14T15:05:30.648471+00:00,70.600131,44312,41,0202aa7002c3ad18005a5811460e29efbf1ffffffc2246cd1e00000fc0007ebfe9ed0737feebfff600,1,TX 41 seq=8456 rx_latency=1ms tx_dur=1ms,22.100,
2727,10,708,2859467460,2026-07-14T15:05:30.748481+00:00,70.700147,44412,41,0202aa7002c4ad7c005a5811460e29efbf1ffffffc2246cd1e00000fc0007ebfe9ed0737feebfff600,1,TX 41 seq=8457 rx_latency=1ms tx_dur=1ms,23.480,
2727,10,709,2859467461,2026-07-14T15:05:30.848479+00:00,70.800144,44512,41,0202aa7002c5ade0005a5811460e29efbf1ffffffc2246cd1e00000fc0007ebfe9ed0737feebfff600,1,TX 41 seq=8458 rx_latency=1ms tx_dur=1ms,15.000,
2727,10,710,2859467462,2026-07-14T15:05:30.948470+00:00,70.900129,44612,41,0202aa7002c6ae44005a5811460e29efbf1ffffffc2246cd1e00000fc0007ebfe9ed0737feebfff600,1,TX 41 seq=8459 rx_latency=1ms tx_dur=1ms,17.761,
2727,10,711,2859467463,2026-07-14T15:05:31.048478+00:00,71.000142,44712,41,0202aa7002c7aea8005a5811460e29efbf1ffffffc2246cd1e00000fc0007ebfe9ed0737feebfff600,1,TX 41 seq=8460 rx_latency=1ms tx_dur=1ms,19.191,
2727,10,712,2859467464,2026-07-14T15:05:31.148471+00:00,71.100128,44812,41,0202aa7002c8af0c005a5811460e29efbf1ffffffc2246cd1e00000fc0007ebfe9ed0737feebfff600,1,TX 41 seq=8461 rx_latency=1ms tx_dur=1ms,21.770,
2727,10,713,2859467465,2026-07-14T15:05:31.248480+00:00,71.200143,44912,41,0202aa7002c9af70005a5811460e29efbf1ffffffc2246cd1e00000fc0007ebfe9ed0737feebfff600,1,TX 41 seq=8462 rx_latency=1ms tx_dur=1ms,23.533,
2727,10,714,2859467466,2026-07-14T15:05:31.348470+00:00,71.300129,45012,41,0202aa7002caafd4005a5811460e29efbf1ffffffc2246cd1e00000fc0007ebfe9ed0737feebfff600,1,TX 41 seq=8463 rx_latency=1ms tx_dur=1ms,15.306,
2727,10,715,2859467467,2026-07-14T15:05:31.448479+00:00,71.400142,45112,41,0202aa7002cbb038005a5811460e29efbf1ffffffc2246cd1e00000fc0007ebfe9ed0737feebfff600,1,TX 41 seq=8464 rx_latency=1ms tx_dur=1ms,17.880,
2727,10,716,2859467468,2026-07-14T15:05:31.548486+00:00,71.500167,45212,41,0202aa7002ccb09c005a5811460e29efbf1ffffffc2246cd1e00000fc0007ebfe9ed0737feebfff600,1,TX 41 seq=8465 rx_latency=1ms tx_dur=1ms,19.505,
2727,10,717,2859467469,2026-07-14T15:05:31.648521+00:00,71.600198,45312,41,0202aa7002cdb100005a5811460e29efbf1ffffffc2246cd1e00000fc0007ebfe9ed0737feebfff600,1,TX 41 seq=8466 rx_latency=1ms tx_dur=1ms,21.338,
2727,10,718,2859467470,2026-07-14T15:05:31.748481+00:00,71.700159,45412,41,0202aa7002ceb164005a5811460e29efbf1ffffffc2246cd1e00000fc0007ebfe9ed0737feebfff600,1,TX 41 seq=8467 rx_latency=1ms tx_dur=1ms,22.987,
2727,10,719,2859467471,2026-07-14T15:05:31.848481+00:00,71.800149,45512,41,0202aa7002cfb1c8005a5811460e29efbf1ffffffc2246cd1e00000fc0007ebfe9ed0737feebfff600,1,TX 41 seq=8468 rx_latency=1ms tx_dur=1ms,15.939,
2727,10,720,2859467472,2026-07-14T15:05:31.948471+00:00,71.900131,45612,41,0202aa7002d0b22c005a5811460e29efbf1ffffffc2246cd1e00000fc0007ebfe9ed0737feebfff600,1,TX 41 seq=8469 rx_latency=1ms tx_dur=1ms,17.644,
2727,10,721,2859467473,2026-07-14T15:05:32.048484+00:00,72.000153,45712,41,0202aa7002d1b290005a5811460e29efbf1ffffffc2246cd1e00000fc0007ebfe9ed0737feebfff600,1,TX 41 seq=8470 rx_latency=1ms tx_dur=1ms,20.045,
2727,10,722,2859467474,2026-07-14T15:05:32.148477+00:00,72.100141,45812,41,0202aa7002d2b2f4005a5811460e29efbf1ffffffc2246cd1e00000fc0007ebfe9ed0737feebfff600,1,TX 41 seq=8471 rx_latency=1ms tx_dur=1ms,21.551,
2727,10,723,2859467475,2026-07-14T15:05:32.248402+00:00,72.200060,45912,41,0202aa7002d3b358005a5811460e29efbf1ffffffc2246cd1e00000fc0007ebfe9ed0737feebfff600,1,TX 41 seq=8472 rx_latency=1ms tx_dur=1ms,23.244,
2727,10,724,2859467476,2026-07-14T15:05:32.348485+00:00,72.300160,46012,41,0202aa7002d4b3bc005a5811460e29efbf1ffffffc2246cd1e00000fc0007ebfe9ed0737feebfff600,1,TX 41 seq=8473 rx_latency=1ms tx_dur=1ms,16.724,
2727,10,725,2859467477,2026-07-14T15:05:32.448477+00:00,72.400143,46112,41,0202aa7002d5b420005a5811460e29efbf1ffffffc2246cd1e00000fc0007ebfe9ed0737feebfff600,1,TX 41 seq=8474 rx_latency=1ms tx_dur=1ms,17.146,
2727,10,726,2859467478,2026-07-14T15:05:32.548478+00:00,72.500148,46212,41,0202aa7002d6b484005a5811460e29efbf1ffffffc2246cd1e00000fc0007ebfe9ed0737feebfff600,1,TX 41 seq=8475 rx_latency=1ms tx_dur=1ms,19.863,
2727,10,727,2859467479,2026-07-14T15:05:32.648481+00:00,72.600149,46312,41,0202aa7002d7b4e8005a5811460e29efbf1ffffffc2246cd1e00000fc0007ebfe9ed0737feebfff600,1,TX 41 seq=8476 rx_latency=1ms tx_dur=1ms,21.270,
2727,10,728,2859467480,2026-07-14T15:05:32.748476+00:00,72.700139,46412,41,0202aa7002d8b54c005a5811460e29efbf1ffffffc2246cd1e00000fc0007ebfe9ed0737feebfff600,1,TX 41 seq=8477 rx_latency=1ms tx_dur=1ms,23.839,
2727,10,729,2859467481,2026-07-14T15:05:32.848473+00:00,72.800130,46512,41,0202aa7002d9b5b0005a5811460e29efbf1ffffffc2246cd1e00000fc0007ebfe9ed0737feebfff600,1,TX 41 seq=8478 rx_latency=1ms tx_dur=1ms,16.652,
2727,10,730,2859467482,2026-07-14T15:05:32.948480+00:00,72.900141,46612,41,0202aa7002dab614005a5811460e29efbf1ffffffc2246cd1e00000fc0007ebfe9ed0737feebfff600,1,TX 41 seq=8479 rx_latency=1ms tx_dur=1ms,18.076,
2727,10,731,2859467483,2026-07-14T15:05:33.048473+00:00,73.000135,46712,41,0202aa7002dbb678005a5811460e29efbf1ffffffc2246cd1e00000fc0007ebfe9ed0737feebfff600,1,TX 41 seq=8480 rx_latency=1ms tx_dur=1ms,19.555,
2727,10,732,2859467484,2026-07-14T15:05:33.148480+00:00,73.100143,46812,41,0202aa7002dcb6dc005a5811460e29efbf1ffffffc2246cd1e00000fc0007ebfe9ed0737feebfff600,1,TX 41 seq=8481 rx_latency=1ms tx_dur=1ms,21.310,
2727,10,733,2859467485,2026-07-14T15:05:33.248470+00:00,73.200126,46912,41,0202aa7002ddb740005a5811460e29efbf1ffffffc2246cd1e00000fc0007ebfe9ed0737feebfff600,1,TX 41 seq=8482 rx_latency=1ms tx_dur=1ms,24.108,
2727,10,734,2859467486,2026-07-14T15:05:33.348491+00:00,73.300171,47012,41,0202aa7002deb7a4005a5811460e29efbf1ffffffc2246cd1e00000fc0007ebfe9ed0737feebfff600,1,TX 41 seq=8483 rx_latency=1ms tx_dur=1ms,15.846,
2727,10,735,2859467487,2026-07-14T15:05:33.448473+00:00,73.400137,47112,41,0202aa7002dfb808005a5811460e29efbf1ffffffc2246cd1e00000fc0007ebfe9ed0737feebfff600,1,TX 41 seq=8484 rx_latency=1ms tx_dur=1ms,17.409,
2727,10,736,2859467488,2026-07-14T15:05:33.548482+00:00,73.500151,47212,41,0202aa7002e0b86c005a5811460e29efbf1ffffffc2246cd1e00000fc0007ebfe9ed0737feebfff600,1,TX 41 seq=8485 rx_latency=1ms tx_dur=1ms,19.130,
2727,10,737,2859467489,2026-07-14T15:05:33.648470+00:00,73.600130,47312,41,0202aa7002e1b8d0005a5811460e29efbf1ffffffc2246cd1e00000fc0007ebfe9ed0737feebfff600,1,TX 41 seq=8486 rx_latency=1ms tx_dur=1ms,21.928,
2727,10,738,2859467490,2026-07-14T15:05:33.748489+00:00,73.700167,47412,41,0202aa7002e2b934005a5811460e29efbf1ffffffc2246cd1e00000fc0007ebfe9ed0737feebfff600,1,TX 41 seq=8487 rx_latency=1ms tx_dur=1ms,23.662,
2727,10,739,2859467491,2026-07-14T15:05:33.848476+00:00,73.800144,47512,41,0202aa7002e3b998005a5811460e29efbf1ffffffc2246cd1e00000fc0007ebfe9ed0737feebfff600,1,TX 41 seq=8488 rx_latency=1ms tx_dur=1ms,16.499,
2727,10,740,2859467492,2026-07-14T15:05:33.948481+00:00,73.900147,47612,41,0202aa7002e4b9fc005a5811460e29efbf1ffffffc2246cd1e00000fc0007ebfe9ed0737feebfff600,1,TX 41 seq=8489 rx_latency=1ms tx_dur=1ms,17.826,
2727,10,741,2859467493,2026-07-14T15:05:34.048476+00:00,74.000141,47712,41,0202aa7002e5ba60005a5811460e29efbf1ffffffc2246cd1e00000fc0007ebfe9ed0737feebfff600,1,TX 41 seq=8490 rx_latency=1ms tx_dur=1ms,19.327,
2727,10,742,2859467494,2026-07-14T15:05:34.148405+00:00,74.100065,47812,41,0202aa7002e6bac4005a5811460e29efbf1ffffffc2246cd1e00000fc0007ebfe9ed0737feebfff600,1,TX 41 seq=8491 rx_latency=1ms tx_dur=1ms,22.132,
2727,10,743,2859467495,2026-07-14T15:05:34.248480+00:00,74.200146,47912,41,0202aa7002e7bb28005a5811460e29efbf1ffffffc2246cd1e00000fc0007ebfe9ed0737feebfff600,1,TX 41 seq=8492 rx_latency=1ms tx_dur=1ms,23.408,
2727,10,744,2859467496,2026-07-14T15:05:34.348496+00:00,74.300190,48012,41,0202aa7002e8bb8c005a5811460e29efbf1ffffffc2246cd1e00000fc0007ebfe9ed0737feebfff600,1,TX 41 seq=8493 rx_latency=1ms tx_dur=1ms,15.934,
2727,10,745,2859467497,2026-07-14T15:05:34.448470+00:00,74.400136,48112,41,0202aa7002e9bbf0005a5811460e29efbf1ffffffc2246cd1e00000fc0007ebfe9ed0737feebfff600,1,TX 41 seq=8494 rx_latency=1ms tx_dur=1ms,17.684,
2727,10,746,2859467498,2026-07-14T15:05:34.548484+00:00,74.500155,48212,41,0202aa7002eabc54005a5811460e29efbf1ffffffc2246cd1e00000fc0007ebfe9ed0737feebfff600,1,TX 41 seq=8495 rx_latency=1ms tx_dur=1ms,19.028,
2727,10,747,2859467499,2026-07-14T15:05:34.648479+00:00,74.600144,48312,41,0202aa7002ebbcb8005a5811460e29efbf1ffffffc2246cd1e00000fc0007ebfe9ed0737feebfff600,1,TX 41 seq=8496 rx_latency=1ms tx_dur=1ms,21.607,
2727,10,748,2859467500,2026-07-14T15:05:34.748480+00:00,74.700148,48412,41,0202aa7002ecbd1c005a5811460e29efbf1ffffffc2246cd1e00000fc0007ebfe9ed0737feebfff600,1,TX 41 seq=8497 rx_latency=1ms tx_dur=1ms,23.207,
2727,10,749,2859467501,2026-07-14T15:05:34.848481+00:00,74.800152,48512,41,0202aa7002edbd80005a5811460e29efbf1ffffffc2246cd1e00000fc0007ebfe9ed0737feebfff600,1,TX 41 seq=8498 rx_latency=1ms tx_dur=1ms,15.829,
2727,10,750,2859467502,2026-07-14T15:05:34.948470+00:00,74.900129,48612,41,0202aa7002eebde4005a5811460e29efbf1ffffffc2246cd1e00000fc0007ebfe9ed0737feebfff600,1,TX 41 seq=8499 rx_latency=1ms tx_dur=1ms,17.371,
2727,10,751,2859467503,2026-07-14T15:05:35.048452+00:00,75.000117,48712,41,0202aa7002efbe48005a5811460e29efbf1ffffffc2246cd1e00000fc0007ebfe9ed0737feebfff600,1,TX 41 seq=8500 rx_latency=1ms tx_dur=1ms,19.131,
2727,10,752,2859467504,2026-07-14T15:05:35.148471+00:00,75.100130,48812,41,0202aa7002f0beac005a5811460e29efbf1ffffffc2246cd1e00000fc0007ebfe9ed0737feebfff600,1,TX 41 seq=8501 rx_latency=1ms tx_dur=1ms,21.888,
2727,10,753,2859467505,2026-07-14T15:05:35.248481+00:00,75.200147,48912,41,0202aa7002f1bf10005a5811460e29efbf1ffffffc2246cd1e00000fc0007ebfe9ed0737feebfff600,1,TX 41 seq=8502 rx_latency=1ms tx_dur=1ms,23.645,
2727,10,754,2859467506,2026-07-14T15:05:35.348470+00:00,75.300128,49012,41,0202aa7002f2bf74005a5811460e29efbf1ffffffc2246cd1e00000fc0007ebfe9ed0737feebfff600,1,TX 41 seq=8503 rx_latency=1ms tx_dur=1ms,15.226,
2727,10,755,2859467507,2026-07-14T15:05:35.448427+00:00,75.400090,49112,41,0202aa7002f3bfd8005a5811460e29efbf1ffffffc2246cd1e00000fc0007ebfe9ed0737feebfff600,1,TX 41 seq=8504 rx_latency=1ms tx_dur=1ms,18.086,
2727,10,756,2859467508,2026-07-14T15:05:35.548474+00:00,75.500137,49212,41,0202aa7002f4c03c005a5811460e29efbf1ffffffc2246cd1e00000fc0007ebfe9ed0737feebfff600,1,TX 41 seq=8505 rx_latency=1ms tx_dur=1ms,19.875,
2727,10,757,2859467509,2026-07-14T15:05:35.648485+00:00,75.600157,49312,41,0202aa7002f5c0a0005a5811460e29efbf1ffffffc2246cd1e00000fc0007ebfe9ed0737feebfff600,1,TX 41 seq=8506 rx_latency=1ms tx_dur=1ms,21.363,
2727,10,758,2859467510,2026-07-14T15:05:35.748481+00:00,75.700154,49412,41,0202aa7002f6c104005a5811460e29efbf1ffffffc2246cd1e00000fc0007ebfe9ed0737feebfff600,1,TX 41 seq=8507 rx_latency=1ms tx_dur=1ms,23.088,
2727,10,759,2859467511,2026-07-14T15:05:35.848477+00:00,75.800141,49512,41,0202aa7002f7c168005a5811460e29efbf1ffffffc2246cd1e00000fc0007ebfe9ed0737feebfff600,1,TX 41 seq=8508 rx_latency=1ms tx_dur=1ms,16.736,
2727,10,760,2859467512,2026-07-14T15:05:35.948475+00:00,75.900138,49612,41,0202aa7002f8c1cc005a5811460e29efbf1ffffffc2246cd1e00000fc0007ebfe9ed0737feebfff600,1,TX 41 seq=8509 rx_latency=1ms tx_dur=1ms,17.150,
2727,10,761,2859467513,2026-07-14T15:05:36.048478+00:00,76.000150,49712,41,0202aa7002f9c230005a5811460e29efbf1ffffffc2246cd1e00000fc0007ebfe9ed0737feebfff600,1,TX 41 seq=8510 rx_latency=1ms tx_dur=1ms,19.812,
2727,10,762,2859467514,2026-07-14T15:05:36.148483+00:00,76.100150,49812,41,0202aa7002fac294005a5811460e29efbf1ffffffc2246cd1e00000fc0007ebfe9ed0737feebfff600,1,TX 41 seq=8511 rx_latency=1ms tx_dur=1ms,21.195,
2727,10,763,2859467515,2026-07-14T15:05:36.248440+00:00,76.200108,49912,41,0202aa7002fbc2f8005a5811460e29efbf1ffffffc2246cd1e00000fc0007ebfe9ed0737feebfff600,1,TX 41 seq=8512 rx_latency=1ms tx_dur=1ms,23.813,
2727,10,764,2859467516,2026-07-14T15:05:36.348473+00:00,76.300133,50012,41,0202aa7002fcc35c005a5811460e29efbf1ffffffc2246cd1e00000fc0007ebfe9ed0737feebfff600,1,TX 41 seq=8513 rx_latency=1ms tx_dur=1ms,16.614,
2727,10,765,2859467517,2026-07-14T15:05:36.448488+00:00,76.400167,50112,41,0202aa7002fdc3c0005a5811460e29efbf1ffffffc2246cd1e00000fc0007ebfe9ed0737feebfff600,1,TX 41 seq=8514 rx_latency=1ms tx_dur=1ms,17.870,
2727,10,766,2859467518,2026-07-14T15:05:36.548474+00:00,76.500139,50212,41,0202aa7002fec424005a5811460e29efbf1ffffffc2246cd1e00000fc0007ebfe9ed0737feebfff600,1,TX 41 seq=8515 rx_latency=1ms tx_dur=1ms,19.364,
2727,10,767,2859467519,2026-07-14T15:05:36.648479+00:00,76.600147,50312,41,0202aa7002ffc488005a5811460e29efbf1ffffffc2246cd1e00000fc0007ebfe9ed0737feebfff600,1,TX 41 seq=8516 rx_latency=1ms tx_dur=1ms,21.013,
2727,10,768,2859467520,2026-07-14T15:05:36.748476+00:00,76.700142,50412,41,0202aa700300c4ec005a5811460e29efbf1ffffffc2246cd1e00000fc0007ebfe9ed0737feebfff600,1,TX 41 seq=8517 rx_latency=1ms tx_dur=1ms,23.612,
2727,10,769,2859467521,2026-07-14T15:05:36.848470+00:00,76.800128,50512,41,0202aa700301c550005a5811460e29efbf1ffffffc2246cd1e00000fc0007ebfe9ed0737feebfff600,1,TX 41 seq=8518 rx_latency=1ms tx_dur=1ms,15.189,
2727,10,770,2859467522,2026-07-14T15:05:36.948478+00:00,76.900143,50612,41,0202aa700302c5b4005a5811460e29efbf1ffffffc2246cd1e00000fc0007ebfe9ed0737feebfff600,1,TX 41 seq=8519 rx_latency=1ms tx_dur=1ms,17.993,
2727,10,771,2859467523,2026-07-14T15:05:37.048481+00:00,77.000155,50712,41,0202aa700303c618005a5811460e29efbf1ffffffc2246cd1e00000fc0007ebfe9ed0737feebfff600,1,TX 41 seq=8520 rx_latency=1ms tx_dur=1ms,19.641,
2727,10,772,2859467524,2026-07-14T15:05:37.148481+00:00,77.100150,50812,41,0202aa700304c67c005a5811460e29efbf1ffffffc2246cd1e00000fc0007ebfe9ed0737feebfff600,1,TX 41 seq=8521 rx_latency=1ms tx_dur=1ms,21.435,
2727,10,773,2859467525,2026-07-14T15:05:37.248470+00:00,77.200129,50912,41,0202aa700305c6e0005a5811460e29efbf1ffffffc2246cd1e00000fc0007ebfe9ed0737feebfff600,1,TX 41 seq=8522 rx_latency=1ms tx_dur=1ms,24.025,
2727,10,774,2859467526,2026-07-14T15:05:37.348480+00:00,77.300145,51012,41,0202aa700306c744005a5811460e29efbf1ffffffc2246cd1e00000fc0007ebfe9ed0737feebfff600,1,TX 41 seq=8523 rx_latency=1ms tx_dur=1ms,15.830,
2727,10,775,2859467527,2026-07-14T15:05:37.448475+00:00,77.400137,51112,41,0202aa700307c7a8005a5811460e29efbf1ffffffc2246cd1e00000fc0007ebfe9ed0737feebfff600,1,TX 41 seq=8524 rx_latency=1ms tx_dur=1ms,17.573,
2727,10,776,2859467528,2026-07-14T15:05:37.548473+00:00,77.500134,51212,41,0202aa700308c80c005a5811460e29efbf1ffffffc2246cd1e00000fc0007ebfe9ed0737feebfff600,1,TX 41 seq=8525 rx_latency=1ms tx_dur=1ms,19.254,
2727,10,777,2859467529,2026-07-14T15:05:37.648479+00:00,77.600144,51312,41,0202aa700309c870005a5811460e29efbf1ffffffc2246cd1e00000fc0007ebfe9ed0737feebfff600,1,TX 41 seq=8526 rx_latency=1ms tx_dur=1ms,22.098,
2727,10,778,2859467530,2026-07-14T15:05:37.748480+00:00,77.700156,51412,41,0202aa70030ac8d4005a5811460e29efbf1ffffffc2246cd1e00000fc0007ebfe9ed0737feebfff600,1,TX 41 seq=8527 rx_latency=1ms tx_dur=1ms,23.294,
2727,10,779,2859467531,2026-07-14T15:05:37.848480+00:00,77.800146,51512,41,0202aa70030bc938005a5811460e29efbf1ffffffc2246cd1e00000fc0007ebfe9ed0737feebfff600,1,TX 41 seq=8528 rx_latency=1ms tx_dur=1ms,15.980,
2727,10,780,2859467532,2026-07-14T15:05:37.948471+00:00,77.900132,51612,41,0202aa70030cc99c005a5811460e29efbf1ffffffc2246cd1e00000fc0007ebfe9ed0737feebfff600,1,TX 41 seq=8529 rx_latency=1ms tx_dur=1ms,17.670,
2727,10,781,2859467533,2026-07-14T15:05:38.048488+00:00,78.000164,51712,41,0202aa70030dca00005a5811460e29efbf1ffffffc2246cd1e00000fc0007ebfe9ed0737feebfff600,1,TX 41 seq=8530 rx_latency=1ms tx_dur=1ms,20.065,
2727,10,782,2859467534,2026-07-14T15:05:38.148478+00:00,78.100143,51812,41,0202aa70030eca64005a5811460e29efbf1ffffffc2246cd1e00000fc0007ebfe9ed0737feebfff600,1,TX 41 seq=8531 rx_latency=1ms tx_dur=1ms,21.585,
2727,10,783,2859467535,2026-07-14T15:05:38.248478+00:00,78.200148,51912,41,0202aa70030fcac8005a5811460e29efbf1ffffffc2246cd1e00000fc0007ebfe9ed0737feebfff600,1,TX 41 seq=8532 rx_latency=1ms tx_dur=1ms,23.164,
2727,10,784,2859467536,2026-07-14T15:05:38.348481+00:00,78.300148,52012,41,0202aa700310cb2c005a5811460e29efbf1ffffffc2246cd1e00000fc0007ebfe9ed0737feebfff600,1,TX 41 seq=8533 rx_latency=1ms tx_dur=1ms,16.800,
2727,10,785,2859467537,2026-07-14T15:05:38.448477+00:00,78.400139,52112,41,0202aa700311cb90005a5811460e29efbf1ffffffc2246cd1e00000fc0007ebfe9ed0737feebfff600,1,TX 41 seq=8534 rx_latency=1ms tx_dur=1ms,17.187,
2727,10,786,2859467538,2026-07-14T15:05:38.548478+00:00,78.500143,52212,41,0202aa700312cbf4005a5811460e29efbf1ffffffc2246cd1e00000fc0007ebfe9ed0737feebfff600,1,TX 41 seq=8535 rx_latency=1ms tx_dur=1ms,19.933,
2727,10,787,2859467539,2026-07-14T15:05:38.648478+00:00,78.600142,52312,41,0202aa700313cc58005a5811460e29efbf1ffffffc2246cd1e00000fc0007ebfe9ed0737feebfff600,1,TX 41 seq=8536 rx_latency=1ms tx_dur=1ms,21.390,
2727,10,788,2859467540,2026-07-14T15:05:38.748470+00:00,78.700131,52412,41,0202aa700314ccbc005a5811460e29efbf1ffffffc2246cd1e00000fc0007ebfe9ed0737feebfff600,1,TX 41 seq=8537 rx_latency=1ms tx_dur=1ms,23.968,
2727,10,789,2859467541,2026-07-14T15:05:38.848479+00:00,78.800141,52512,41,0202aa700315cd20005a5811460e29efbf1ffffffc2246cd1e00000fc0007ebfe9ed0737feebfff600,1,TX 41 seq=8538 rx_latency=1ms tx_dur=1ms,15.782,
2727,10,790,2859467542,2026-07-14T15:05:38.948476+00:00,78.900139,52612,41,0202aa700316cd84005a5811460e29efbf1ffffffc2246cd1e00000fc0007ebfe9ed0737feebfff600,1,TX 41 seq=8539 rx_latency=1ms tx_dur=1ms,17.513,
2727,10,791,2859467543,2026-07-14T15:05:39.048479+00:00,79.000140,52712,41,0202aa700317cde8005a5811460e29efbf1ffffffc2246cd1e00000fc0007ebfe9ed0737feebfff600,1,TX 41 seq=8540 rx_latency=1ms tx_dur=1ms,19.246,
2727,10,792,2859467544,2026-07-14T15:05:39.148470+00:00,79.100128,52812,41,0202aa700318ce4c005a5811460e29efbf1ffffffc2246cd1e00000fc0007ebfe9ed0737feebfff600,1,TX 41 seq=8541 rx_latency=1ms tx_dur=1ms,21.837,
2727,10,793,2859467545,2026-07-14T15:05:39.248489+00:00,79.200169,52912,41,0202aa700319ceb0005a5811460e29efbf1ffffffc2246cd1e00000fc0007ebfe9ed0737feebfff600,1,TX 41 seq=8542 rx_latency=1ms tx_dur=1ms,23.527,
2727,10,794,2859467546,2026-07-14T15:05:39.348471+00:00,79.300134,53012,41,0202aa70031acf14005a5811460e29efbf1ffffffc2246cd1e00000fc0007ebfe9ed0737feebfff600,1,TX 41 seq=8543 rx_latency=1ms tx_dur=1ms,15.353,
2727,10,795,2859467547,2026-07-14T15:05:39.448464+00:00,79.400128,53112,41,0202aa70031bcf78005a5811460e29efbf1ffffffc2246cd1e00000fc0007ebfe9ed0737feebfff600,1,TX 41 seq=8544 rx_latency=1ms tx_dur=1ms,17.086,
2727,10,796,2859467548,2026-07-14T15:05:39.548475+00:00,79.500137,53212,41,0202aa70031ccfdc005a5811460e29efbf1ffffffc2246cd1e00000fc0007ebfe9ed0737feebfff600,1,TX 41 seq=8545 rx_latency=1ms tx_dur=1ms,19.712,
2727,10,797,2859467549,2026-07-14T15:05:39.648594+00:00,79.600258,53312,41,0202aa70031dd040005a5811460e29efbf1ffffffc2246cd1e00000fc0007ebfe9ed0737feebfff600,1,TX 41 seq=8546 rx_latency=1ms tx_dur=1ms,21.190,
2727,10,798,2859467550,2026-07-14T15:05:39.748481+00:00,79.700152,53412,41,0202aa70031ed0a4005a5811460e29efbf1ffffffc2246cd1e00000fc0007ebfe9ed0737feebfff600,1,TX 41 seq=8547 rx_latency=1ms tx_dur=1ms,23.133,
2727,10,799,2859467551,2026-07-14T15:05:39.848474+00:00,79.800134,53512,41,0202aa70031fd108005a5811460e29efbf1ffffffc2246cd1e00000fc0007ebfe9ed0737feebfff600,1,TX 41 seq=8548 rx_latency=1ms tx_dur=1ms,16.009,
2727,10,800,2859467552,2026-07-14T15:05:39.948476+00:00,79.900139,53612,41,0202aa700320d16c005a5811460e29efbf1ffffffc2246cd1e00000fc0007ebfe9ed0737feebfff600,1,TX 41 seq=8549 rx_latency=1ms tx_dur=1ms,17.644,
2727,10,801,2859467553,2026-07-14T15:05:40.048479+00:00,80.000150,53712,41,0202aa700321d1d0005a5811460e29efbf1ffffffc2246cd1e00000fc0007ebfe9ed0737feebfff600,1,TX 41 seq=8550 rx_latency=1ms tx_dur=1ms,20.108,
2727,10,802,2859467554,2026-07-14T15:05:40.148484+00:00,80.100151,53812,41,0202aa700322d234005a5811460e29efbf1ffffffc2246cd1e00000fc0007ebfe9ed0737feebfff600,1,TX 41 seq=8551 rx_latency=1ms tx_dur=1ms,21.557,
2727,10,803,2859467555,2026-07-14T15:05:40.248474+00:00,80.200134,53912,41,0202aa700323d298005a5811460e29efbf1ffffffc2246cd1e00000fc0007ebfe9ed0737feebfff600,1,TX 41 seq=8552 rx_latency=1ms tx_dur=1ms,23.267,
2727,10,804,2859467556,2026-07-14T15:05:40.348497+00:00,80.300189,54012,41,0202aa700324d2fc005a5811460e29efbf1ffffffc2246cd1e00000fc0007ebfe9ed0737feebfff600,1,TX 41 seq=8553 rx_latency=1ms tx_dur=1ms,16.725,
2727,10,805,2859467557,2026-07-14T15:05:40.448480+00:00,80.400149,54112,41,0202aa700325d360005a5811460e29efbf1ffffffc2246cd1e00000fc0007ebfe9ed0737feebfff600,1,TX 41 seq=8554 rx_latency=1ms tx_dur=1ms,17.189,
2727,10,806,2859467558,2026-07-14T15:05:40.548453+00:00,80.500116,54212,41,0202aa700326d3c4005a5811460e29efbf1ffffffc2246cd1e00000fc0007ebfe9ed0737feebfff600,1,TX 41 seq=8555 rx_latency=1ms tx_dur=1ms,19.994,
2727,10,807,2859467559,2026-07-14T15:05:40.648484+00:00,80.600156,54312,41,0202aa700327d428005a5811460e29efbf1ffffffc2246cd1e00000fc0007ebfe9ed0737feebfff600,1,TX 41 seq=8556 rx_latency=1ms tx_dur=1ms,21.387,
2727,10,808,2859467560,2026-07-14T15:05:40.748480+00:00,80.700158,54412,41,0202aa700328d48c005a5811460e29efbf1ffffffc2246cd1e00000fc0007ebfe9ed0737feebfff600,1,TX 41 seq=8557 rx_latency=1ms tx_dur=1ms,23.908,
2727,10,809,2859467561,2026-07-14T15:05:40.848483+00:00,80.800155,54512,41,0202aa700329d4f0005a5811460e29efbf1ffffffc2246cd1e00000fc0007ebfe9ed0737feebfff600,1,TX 41 seq=8558 rx_latency=1ms tx_dur=1ms,15.763,
2727,10,810,2859467562,2026-07-14T15:05:40.948475+00:00,80.900137,54612,41,0202aa70032ad554005a5811460e29efbf1ffffffc2246cd1e00000fc0007ebfe9ed0737feebfff600,1,TX 41 seq=8559 rx_latency=1ms tx_dur=1ms,17.529,
2727,10,811,2859467563,2026-07-14T15:05:41.048478+00:00,81.000140,54712,41,0202aa70032bd5b8005a5811460e29efbf1ffffffc2246cd1e00000fc0007ebfe9ed0737feebfff600,1,TX 41 seq=8560 rx_latency=1ms tx_dur=1ms,19.259,
2727,10,812,2859467564,2026-07-14T15:05:41.148475+00:00,81.100136,54812,41,0202aa70032cd61c005a5811460e29efbf1ffffffc2246cd1e00000fc0007ebfe9ed0737feebfff600,1,TX 41 seq=8561 rx_latency=1ms tx_dur=1ms,21.879,
2727,10,813,2859467565,2026-07-14T15:05:41.248480+00:00,81.200145,54912,41,0202aa70032dd680005a5811460e29efbf1ffffffc2246cd1e00000fc0007ebfe9ed0737feebfff600,1,TX 41 seq=8562 rx_latency=1ms tx_dur=1ms,23.584,
2727,10,814,2859467566,2026-07-14T15:05:41.348469+00:00,81.300128,55012,41,0202aa70032ed6e4005a5811460e29efbf1ffffffc2246cd1e00000fc0007ebfe9ed0737feebfff600,1,TX 41 seq=8563 rx_latency=1ms tx_dur=1ms,15.375,
2727,10,815,2859467567,2026-07-14T15:05:41.448423+00:00,81.400085,55112,41,0202aa70032fd748005a5811460e29efbf1ffffffc2246cd1e00000fc0007ebfe9ed0737feebfff600,1,TX 41 seq=8564 rx_latency=1ms tx_dur=1ms,17.157,
2727,10,816,2859467568,2026-07-14T15:05:41.548397+00:00,81.500055,55212,41,0202aa700330d7ac005a5811460e29efbf1ffffffc2246cd1e00000fc0007ebfe9ed0737feebfff600,1,TX 41 seq=8565 rx_latency=1ms tx_dur=1ms,19.933,
2727,10,817,2859467569,2026-07-14T15:05:41.648477+00:00,81.600141,55312,41,0202aa700331d810005a5811460e29efbf1ffffffc2246cd1e00000fc0007ebfe9ed0737feebfff600,1,TX 41 seq=8566 rx_latency=1ms tx_dur=1ms,21.195,
2727,10,818,2859467570,2026-07-14T15:05:41.748479+00:00,81.700153,55412,41,0202aa700332d874005a5811460e29efbf1ffffffc2246cd1e00000fc0007ebfe9ed0737feebfff600,1,TX 41 seq=8567 rx_latency=1ms tx_dur=1ms,23.670,
2727,10,819,2859467571,2026-07-14T15:05:41.848478+00:00,81.800146,55512,41,0202aa700333d8d8005a5811460e29efbf1ffffffc2246cd1e00000fc0007ebfe9ed0737feebfff600,1,TX 41 seq=8568 rx_latency=1ms tx_dur=1ms,16.518,
2727,10,820,2859467572,2026-07-14T15:05:41.948480+00:00,81.900143,55612,41,0202aa700334d93c005a5811460e29efbf1ffffffc2246cd1e00000fc0007ebfe9ed0737feebfff600,1,TX 41 seq=8569 rx_latency=1ms tx_dur=1ms,17.912,
2727,10,821,2859467573,2026-07-14T15:05:42.048475+00:00,82.000135,55712,41,0202aa700335d9a0005a5811460e29efbf1ffffffc2246cd1e00000fc0007ebfe9ed0737feebfff600,1,TX 41 seq=8570 rx_latency=1ms tx_dur=1ms,19.391,
2727,10,822,2859467574,2026-07-14T15:05:42.148473+00:00,82.100137,55812,41,0202aa700336da04005a5811460e29efbf1ffffffc2246cd1e00000fc0007ebfe9ed0737feebfff600,1,TX 41 seq=8571 rx_latency=1ms tx_dur=1ms,22.117,
2727,10,823,2859467575,2026-07-14T15:05:42.248482+00:00,82.200150,55912,41,0202aa700337da68005a5811460e29efbf1ffffffc2246cd1e00000fc0007ebfe9ed0737feebfff600,1,TX 41 seq=8572 rx_latency=1ms tx_dur=1ms,23.460,
2727,10,824,2859467576,2026-07-14T15:05:42.348480+00:00,82.300153,56012,41,0202aa700338dacc005a5811460e29efbf1ffffffc2246cd1e00000fc0007ebfe9ed0737feebfff600,1,TX 41 seq=8573 rx_latency=1ms tx_dur=1ms,16.070,
2727,10,825,2859467577,2026-07-14T15:05:42.448474+00:00,82.400135,56112,41,0202aa700339db30005a5811460e29efbf1ffffffc2246cd1e00000fc0007ebfe9ed0737feebfff600,1,TX 41 seq=8574 rx_latency=1ms tx_dur=1ms,17.762,
2727,10,826,2859467578,2026-07-14T15:05:42.548479+00:00,82.500142,56212,41,0202aa70033adb94005a5811460e29efbf1ffffffc2246cd1e00000fc0007ebfe9ed0737feebfff600,1,TX 41 seq=8575 rx_latency=1ms tx_dur=1ms,19.205,
2727,10,827,2859467579,2026-07-14T15:05:42.648471+00:00,82.600129,56312,41,0202aa70033bdbf8005a5811460e29efbf1ffffffc2246cd1e00000fc0007ebfe9ed0737feebfff600,1,TX 41 seq=8576 rx_latency=1ms tx_dur=1ms,21.792,
2727,10,828,2859467580,2026-07-14T15:05:42.748481+00:00,82.700154,56412,41,0202aa70033cdc5c005a5811460e29efbf1ffffffc2246cd1e00000fc0007ebfe9ed0737feebfff600,1,TX 41 seq=8577 rx_latency=1ms tx_dur=1ms,23.511,
2727,10,829,2859467581,2026-07-14T15:05:42.848400+00:00,82.800063,56512,41,0202aa70033ddcc0005a5811460e29efbf1ffffffc2246cd1e00000fc0007ebfe9ed0737feebfff600,1,TX 41 seq=8578 rx_latency=1ms tx_dur=1ms,15.384,
2727,10,830,2859467582,2026-07-14T15:05:42.948477+00:00,82.900142,56612,41,0202aa70033edd24005a5811460e29efbf1ffffffc2246cd1e00000fc0007ebfe9ed0737feebfff600,1,TX 41 seq=8579 rx_latency=1ms tx_dur=1ms,17.058,
2727,10,831,2859467583,2026-07-14T15:05:43.048459+00:00,83.000118,56712,41,0202aa70033fdd88005a5811460e29efbf1ffffffc2246cd1e00000fc0007ebfe9ed0737feebfff600,1,TX 41 seq=8580 rx_latency=1ms tx_dur=1ms,19.939,
2727,10,832,2859467584,2026-07-14T15:05:43.148480+00:00,83.100142,56812,41,0202aa700340ddec005a5811460e29efbf1ffffffc2246cd1e00000fc0007ebfe9ed0737feebfff600,1,TX 41 seq=8581 rx_latency=1ms tx_dur=1ms,21.369,
2727,10,833,2859467585,2026-07-14T15:05:43.248472+00:00,83.200134,56912,41,0202aa700341de50005a5811460e29efbf1ffffffc2246cd1e00000fc0007ebfe9ed0737feebfff600,1,TX 41 seq=8582 rx_latency=1ms tx_dur=1ms,23.928,
2727,10,834,2859467586,2026-07-14T15:05:43.348477+00:00,83.300141,57012,41,0202aa700342deb4005a5811460e29efbf1ffffffc2246cd1e00000fc0007ebfe9ed0737feebfff600,1,TX 41 seq=8583 rx_latency=1ms tx_dur=1ms,15.753,
2727,10,835,2859467587,2026-07-14T15:05:43.448475+00:00,83.400136,57112,41,0202aa700343df18005a5811460e29efbf1ffffffc2246cd1e00000fc0007ebfe9ed0737feebfff600,1,TX 41 seq=8584 rx_latency=1ms tx_dur=1ms,17.483,
2727,10,836,2859467588,2026-07-14T15:05:43.548476+00:00,83.500136,57212,41,0202aa700344df7c005a5811460e29efbf1ffffffc2246cd1e00000fc0007ebfe9ed0737feebfff600,1,TX 41 seq=8585 rx_latency=1ms tx_dur=1ms,19.229,
2727,10,837,2859467589,2026-07-14T15:05:43.648589+00:00,83.600262,57312,41,0202aa700345dfe0005a5811460e29efbf1ffffffc2246cd1e00000fc0007ebfe9ed0737feebfff600,1,TX 41 seq=8586 rx_latency=1ms tx_dur=1ms,21.720,
2727,10,838,2859467590,2026-07-14T15:05:43.748494+00:00,83.700173,57412,41,0202aa700346e044005a5811460e29efbf1ffffffc2246cd1e00000fc0007ebfe9ed0737feebfff600,1,TX 41 seq=8587 rx_latency=1ms tx_dur=1ms,23.462,
2727,10,839,2859467591,2026-07-14T15:05:43.848431+00:00,83.800101,57512,41,0202aa700347e0a8005a5811460e29efbf1ffffffc2246cd1e00000fc0007ebfe9ed0737feebfff600,1,TX 41 seq=8588 rx_latency=1ms tx_dur=1ms,15.269,
2727,10,840,2859467592,2026-07-14T15:05:43.948439+00:00,83.900102,57612,41,0202aa700348e10c005a5811460e29efbf1ffffffc2246cd1e00000fc0007ebfe9ed0737feebfff600,1,TX 41 seq=8589 rx_latency=1ms tx_dur=1ms,17.197,
2727,10,841,2859467593,2026-07-14T15:05:44.048457+00:00,84.000131,57712,41,0202aa700349e170005a5811460e29efbf1ffffffc2246cd1e00000fc0007ebfe9ed0737feebfff600,1,TX 41 seq=8590 rx_latency=1ms tx_dur=1ms,19.709,
2727,10,842,2859467594,2026-07-14T15:05:44.148481+00:00,84.100140,57812,41,0202aa70034ae1d4005a5811460e29efbf1ffffffc2246cd1e00000fc0007ebfe9ed0737feebfff600,1,TX 41 seq=8591 rx_latency=1ms tx_dur=1ms,21.215,
2727,10,843,2859467595,2026-07-14T15:05:44.248476+00:00,84.200139,57912,41,0202aa70034be238005a5811460e29efbf1ffffffc2246cd1e00000fc0007ebfe9ed0737feebfff600,1,TX 41 seq=8592 rx_latency=1ms tx_dur=1ms,23.731,
2727,10,844,2859467596,2026-07-14T15:05:44.348477+00:00,84.300139,58012,41,0202aa70034ce29c005a5811460e29efbf1ffffffc2246cd1e00000fc0007ebfe9ed0737feebfff600,1,TX 41 seq=8593 rx_latency=1ms tx_dur=1ms,16.508,
2727,10,845,2859467597,2026-07-14T15:05:44.448475+00:00,84.400141,58112,41,0202aa70034de300005a5811460e29efbf1ffffffc2246cd1e00000fc0007ebfe9ed0737feebfff600,1,TX 41 seq=8594 rx_latency=1ms tx_dur=1ms,17.922,
2727,10,846,2859467598,2026-07-14T15:05:44.548478+00:00,84.500145,58212,41,0202aa70034ee364005a5811460e29efbf1ffffffc2246cd1e00000fc0007ebfe9ed0737feebfff600,1,TX 41 seq=8595 rx_latency=1ms tx_dur=1ms,19.335,
2727,10,847,2859467599,2026-07-14T15:05:44.648479+00:00,84.600142,58312,41,0202aa70034fe3c8005a5811460e29efbf1ffffffc2246cd1e00000fc0007ebfe9ed0737feebfff600,1,TX 41 seq=8596 rx_latency=1ms tx_dur=1ms,22.023,
2727,10,848,2859467600,2026-07-14T15:05:44.748472+00:00,84.700130,58412,41,0202aa700350e42c005a5811460e29efbf1ffffffc2246cd1e00000fc0007ebfe9ed0737feebfff600,1,TX 41 seq=8597 rx_latency=1ms tx_dur=1ms,23.630,
2727,10,849,2859467601,2026-07-14T15:05:44.848402+00:00,84.800069,58512,41,0202aa700351e490005a5811460e29efbf1ffffffc2246cd1e00000fc0007ebfe9ed0737feebfff600,1,TX 41 seq=8598 rx_latency=1ms tx_dur=1ms,15.125,
2727,10,850,2859467602,2026-07-14T15:05:44.948471+00:00,84.900130,58612,41,0202aa700352e4f4005a5811460e29efbf1ffffffc2246cd1e00000fc0007ebfe9ed0737feebfff600,1,TX 41 seq=8599 rx_latency=1ms tx_dur=1ms,18.024,
2727,10,851,2859467603,2026-07-14T15:05:45.048486+00:00,85.000169,58712,41,0202aa700353e558005a5811460e29efbf1ffffffc2246cd1e00000fc0007ebfe9ed0737feebfff600,1,TX 41 seq=8600 rx_latency=1ms tx_dur=1ms,19.482,
2727,10,852,2859467604,2026-07-14T15:05:45.148470+00:00,85.100132,58812,41,0202aa700354e5bc005a5811460e29efbf1ffffffc2246cd1e00000fc0007ebfe9ed0737feebfff600,1,TX 41 seq=8601 rx_latency=1ms tx_dur=1ms,21.452,
2727,10,853,2859467605,2026-07-14T15:05:45.248475+00:00,85.200140,58912,41,0202aa700355e620005a5811460e29efbf1ffffffc2246cd1e00000fc0007ebfe9ed0737feebfff600,1,TX 41 seq=8602 rx_latency=1ms tx_dur=1ms,23.921,
2727,10,854,2859467606,2026-07-14T15:05:45.348405+00:00,85.300066,59012,41,0202aa700356e684005a5811460e29efbf1ffffffc2246cd1e00000fc0007ebfe9ed0737feebfff600,1,TX 41 seq=8603 rx_latency=1ms tx_dur=1ms,15.910,
2727,10,855,2859467607,2026-07-14T15:05:45.448475+00:00,85.400137,59112,41,0202aa700357e6e8005a5811460e29efbf1ffffffc2246cd1e00000fc0007ebfe9ed0737feebfff600,1,TX 41 seq=8604 rx_latency=1ms tx_dur=1ms,17.481,
2727,10,856,2859467608,2026-07-14T15:05:45.548474+00:00,85.500137,59212,41,0202aa700358e74c005a5811460e29efbf1ffffffc2246cd1e00000fc0007ebfe9ed0737feebfff600,1,TX 41 seq=8605 rx_latency=1ms tx_dur=1ms,19.192,
2727,10,857,2859467609,2026-07-14T15:05:45.648472+00:00,85.600130,59312,41,0202aa700359e7b0005a5811460e29efbf1ffffffc2246cd1e00000fc0007ebfe9ed0737feebfff600,1,TX 41 seq=8606 rx_latency=1ms tx_dur=1ms,21.903,
2727,10,858,2859467610,2026-07-14T15:05:45.748479+00:00,85.700142,59412,41,0202aa70035ae814005a5811460e29efbf1ffffffc2246cd1e00000fc0007ebfe9ed0737feebfff600,1,TX 41 seq=8607 rx_latency=1ms tx_dur=1ms,23.508,
2727,10,859,2859467611,2026-07-14T15:05:45.848473+00:00,85.800133,59512,41,0202aa70035be878005a5811460e29efbf1ffffffc2246cd1e00000fc0007ebfe9ed0737feebfff600,1,TX 41 seq=8608 rx_latency=1ms tx_dur=1ms,15.374,
2727,10,860,2859467612,2026-07-14T15:05:45.948478+00:00,85.900143,59612,41,0202aa70035ce8dc005a5811460e29efbf1ffffffc2246cd1e00000fc0007ebfe9ed0737feebfff600,1,TX 41 seq=8609 rx_latency=1ms tx_dur=1ms,17.080,
2727,10,861,2859467613,2026-07-14T15:05:46.048477+00:00,86.000150,59712,41,0202aa70035de940005a5811460e29efbf1ffffffc2246cd1e00000fc0007ebfe9ed0737feebfff600,1,TX 41 seq=8610 rx_latency=1ms tx_dur=1ms,21.006,
2727,10,862,2859467614,2026-07-14T15:05:46.148478+00:00,86.100149,59812,41,0202aa70035ee9a4005a5811460e29efbf1ffffffc2246cd1e00000fc0007ebfe9ed0737feebfff600,1,TX 41 seq=8611 rx_latency=1ms tx_dur=1ms,21.136,
2727,10,863,2859467615,2026-07-14T15:05:46.248474+00:00,86.200142,59912,41,0202aa70035fea08005a5811460e29efbf1ffffffc2246cd1e00000fc0007ebfe9ed0737feebfff600,1,TX 41 seq=8612 rx_latency=1ms tx_dur=1ms,23.665,
2727,10,864,2859467616,2026-07-14T15:05:46.348490+00:00,86.300176,60012,41,0202aa700360ea6c005a5811460e29efbf1ffffffc2246cd1e00000fc0007ebfe9ed0737feebfff600,1,TX 41 seq=8613 rx_latency=1ms tx_dur=1ms,16.449,
2727,10,865,2859467617,2026-07-14T15:05:46.448473+00:00,86.400135,60112,41,0202aa700361ead0005a5811460e29efbf1ffffffc2246cd1e00000fc0007ebfe9ed0737feebfff600,1,TX 41 seq=8614 rx_latency=1ms tx_dur=1ms,17.976,
2727,10,866,2859467618,2026-07-14T15:05:46.548480+00:00,86.500149,60212,41,0202aa700362eb34005a5811460e29efbf1ffffffc2246cd1e00000fc0007ebfe9ed0737feebfff600,1,TX 41 seq=8615 rx_latency=1ms tx_dur=1ms,19.538,
2727,10,867,2859467619,2026-07-14T15:05:46.648451+00:00,86.600118,60312,41,0202aa700363eb98005a5811460e29efbf1ffffffc2246cd1e00000fc0007ebfe9ed0737feebfff600,1,TX 41 seq=8616 rx_latency=1ms tx_dur=1ms,21.241,
2727,10,868,2859467620,2026-07-14T15:05:46.748475+00:00,86.700140,60412,41,0202aa700364ebfc005a5811460e29efbf1ffffffc2246cd1e00000fc0007ebfe9ed0737feebfff600,1,TX 41 seq=8617 rx_latency=1ms tx_dur=1ms,24.041,
2727,10,869,2859467621,2026-07-14T15:05:46.848472+00:00,86.800133,60512,41,0202aa700365ec60005a5811460e29efbf1ffffffc2246cd1e00000fc0007ebfe9ed0737feebfff600,1,TX 41 seq=8618 rx_latency=1ms tx_dur=1ms,15.816,
2727,10,870,2859467622,2026-07-14T15:05:46.948471+00:00,86.900130,60612,41,0202aa700366ecc4005a5811460e29efbf1ffffffc2246cd1e00000fc0007ebfe9ed0737feebfff600,1,TX 41 seq=8619 rx_latency=1ms tx_dur=1ms,17.614,
2727,10,871,2859467623,2026-07-14T15:05:47.048479+00:00,87.000140,60712,41,0202aa700367ed28005a5811460e29efbf1ffffffc2246cd1e00000fc0007ebfe9ed0737feebfff600,1,TX 41 seq=8620 rx_latency=1ms tx_dur=1ms,20.071,
2727,10,872,2859467624,2026-07-14T15:05:47.148475+00:00,87.100137,60812,41,0202aa700368ed8c005a5811460e29efbf1ffffffc2246cd1e00000fc0007ebfe9ed0737feebfff600,1,TX 41 seq=8621 rx_latency=1ms tx_dur=1ms,21.551,
2727,10,873,2859467625,2026-07-14T15:05:47.248490+00:00,87.200174,60912,41,0202aa700369edf0005a5811460e29efbf1ffffffc2246cd1e00000fc0007ebfe9ed0737feebfff600,1,TX 41 seq=8622 rx_latency=1ms tx_dur=1ms,23.094,
2727,10,874,2859467626,2026-07-14T15:05:47.348472+00:00,87.300136,61012,41,0202aa70036aee54005a5811460e29efbf1ffffffc2246cd1e00000fc0007ebfe9ed0737feebfff600,1,TX 41 seq=8623 rx_latency=1ms tx_dur=1ms,15.750,
2727,10,875,2859467627,2026-07-14T15:05:47.448475+00:00,87.400138,61112,41,0202aa70036beeb8005a5811460e29efbf1ffffffc2246cd1e00000fc0007ebfe9ed0737feebfff600,1,TX 41 seq=8624 rx_latency=1ms tx_dur=1ms,17.282,
2727,10,876,2859467628,2026-07-14T15:05:47.548469+00:00,87.500128,61212,41,0202aa70036cef1c005a5811460e29efbf1ffffffc2246cd1e00000fc0007ebfe9ed0737feebfff600,1,TX 41 seq=8625 rx_latency=1ms tx_dur=1ms,20.109,
2727,10,877,2859467629,2026-07-14T15:05:47.648476+00:00,87.600140,61312,41,0202aa70036def80005a5811460e29efbf1ffffffc2246cd1e00000fc0007ebfe9ed0737feebfff600,1,TX 41 seq=8626 rx_latency=1ms tx_dur=1ms,21.848,
2727,10,878,2859467630,2026-07-14T15:05:47.748476+00:00,87.700145,61412,41,0202aa70036eefe4005a5811460e29efbf1ffffffc2246cd1e00000fc0007ebfe9ed0737feebfff600,1,TX 41 seq=8627 rx_latency=1ms tx_dur=1ms,23.492,
2727,10,879,2859467631,2026-07-14T15:05:47.848466+00:00,87.800125,61512,41,0202aa70036ff048005a5811460e29efbf1ffffffc2246cd1e00000fc0007ebfe9ed0737feebfff600,1,TX 41 seq=8628 rx_latency=1ms tx_dur=1ms,15.182,
2727,10,880,2859467632,2026-07-14T15:05:47.948480+00:00,87.900149,61612,41,0202aa700370f0ac005a5811460e29efbf1ffffffc2246cd1e00000fc0007ebfe9ed0737feebfff600,1,TX 41 seq=8629 rx_latency=1ms tx_dur=1ms,17.927,
2727,10,881,2859467633,2026-07-14T15:05:48.048473+00:00,88.000133,61712,41,0202aa700371f110005a5811460e29efbf1ffffffc2246cd1e00000fc0007ebfe9ed0737feebfff600,1,TX 41 seq=8630 rx_latency=1ms tx_dur=1ms,19.655,
2727,10,882,2859467634,2026-07-14T15:05:48.148477+00:00,88.100139,61812,41,0202aa700372f174005a5811460e29efbf1ffffffc2246cd1e00000fc0007ebfe9ed0737feebfff600,1,TX 41 seq=8631 rx_latency=1ms tx_dur=1ms,21.419,
2727,10,883,2859467635,2026-07-14T15:05:48.248476+00:00,88.200142,61912,41,0202aa700373f1d8005a5811460e29efbf1ffffffc2246cd1e00000fc0007ebfe9ed0737feebfff600,1,TX 41 seq=8632 rx_latency=1ms tx_dur=1ms,23.184,
2727,10,884,2859467636,2026-07-14T15:05:48.348479+00:00,88.300151,62012,41,0202aa700374f23c005a5811460e29efbf1ffffffc2246cd1e00000fc0007ebfe9ed0737feebfff600,1,TX 41 seq=8633 rx_latency=1ms tx_dur=1ms,16.773,
2727,10,885,2859467637,2026-07-14T15:05:48.448479+00:00,88.400150,62112,41,0202aa700375f2a0005a5811460e29efbf1ffffffc2246cd1e00000fc0007ebfe9ed0737feebfff600,1,TX 41 seq=8634 rx_latency=1ms tx_dur=1ms,17.122,
2727,10,886,2859467638,2026-07-14T15:05:48.548468+00:00,88.500127,62212,41,0202aa700376f304005a5811460e29efbf1ffffffc2246cd1e00000fc0007ebfe9ed0737feebfff600,1,TX 41 seq=8635 rx_latency=1ms tx_dur=1ms,19.909,
2727,10,887,2859467639,2026-07-14T15:05:48.648476+00:00,88.600139,62312,41,0202aa700377f368005a5811460e29efbf1ffffffc2246cd1e00000fc0007ebfe9ed0737feebfff600,1,TX 41 seq=8636 rx_latency=1ms tx_dur=1ms,21.349,
2727,10,888,2859467640,2026-07-14T15:05:48.748469+00:00,88.700127,62412,41,0202aa700378f3cc005a5811460e29efbf1ffffffc2246cd1e00000fc0007ebfe9ed0737feebfff600,1,TX 41 seq=8637 rx_latency=1ms tx_dur=1ms,23.964,
2727,10,889,2859467641,2026-07-14T15:05:48.848456+00:00,88.800119,62512,41,0202aa700379f430005a5811460e29efbf1ffffffc2246cd1e00000fc0007ebfe9ed0737feebfff600,1,TX 41 seq=8638 rx_latency=1ms tx_dur=1ms,15.741,
2727,10,890,2859467642,2026-07-14T15:05:48.948478+00:00,88.900145,62612,41,0202aa70037af494005a5811460e29efbf1ffffffc2246cd1e00000fc0007ebfe9ed0737feebfff600,1,TX 41 seq=8639 rx_latency=1ms tx_dur=1ms,17.462,
2727,10,891,2859467643,2026-07-14T15:05:49.048473+00:00,89.000132,62712,41,0202aa70037bf4f8005a5811460e29efbf1ffffffc2246cd1e00000fc0007ebfe9ed0737feebfff600,1,TX 41 seq=8640 rx_latency=1ms tx_dur=1ms,20.289,
2727,10,892,2859467644,2026-07-14T15:05:49.148475+00:00,89.100137,62812,41,0202aa70037cf55c005a5811460e29efbf1ffffffc2246cd1e00000fc0007ebfe9ed0737feebfff600,1,TX 41 seq=8641 rx_latency=1ms tx_dur=1ms,21.819,
2727,10,893,2859467645,2026-07-14T15:05:49.248471+00:00,89.200128,62912,41,0202aa70037df5c0005a5811460e29efbf1ffffffc2246cd1e00000fc0007ebfe9ed0737feebfff600,1,TX 41 seq=8642 rx_latency=1ms tx_dur=1ms,23.524,
2727,10,894,2859467646,2026-07-14T15:05:49.348483+00:00,89.300159,63012,41,0202aa70037ef624005a5811460e29efbf1ffffffc2246cd1e00000fc0007ebfe9ed0737feebfff600,1,TX 41 seq=8643 rx_latency=1ms tx_dur=1ms,15.243,
2727,10,895,2859467647,2026-07-14T15:05:49.448482+00:00,89.400153,63112,41,0202aa70037ff688005a5811460e29efbf1ffffffc2246cd1e00000fc0007ebfe9ed0737feebfff600,1,TX 41 seq=8644 rx_latency=1ms tx_dur=1ms,18.143,
2727,10,896,2859467648,2026-07-14T15:05:49.548470+00:00,89.500130,63212,41,0202aa700380f6ec005a5811460e29efbf1ffffffc2246cd1e00000fc0007ebfe9ed0737feebfff600,1,TX 41 seq=8645 rx_latency=1ms tx_dur=1ms,19.635,
2727,10,897,2859467649,2026-07-14T15:05:49.648479+00:00,89.600144,63312,41,0202aa700381f750005a5811460e29efbf1ffffffc2246cd1e00000fc0007ebfe9ed0737feebfff600,1,TX 41 seq=8646 rx_latency=1ms tx_dur=1ms,21.467,
2727,10,898,2859467650,2026-07-14T15:05:49.748478+00:00,89.700154,63412,41,0202aa700382f7b4005a5811460e29efbf1ffffffc2246cd1e00000fc0007ebfe9ed0737feebfff600,1,TX 41 seq=8647 rx_latency=1ms tx_dur=1ms,24.062,
2727,10,899,2859467651,2026-07-14T15:05:49.848476+00:00,89.800141,63512,41,0202aa700383f818005a5811460e29efbf1ffffffc2246cd1e00000fc0007ebfe9ed0737feebfff600,1,TX 41 seq=8648 rx_latency=1ms tx_dur=1ms,15.944,
2727,10,900,2859467652,2026-07-14T15:05:49.948478+00:00,89.900148,63612,41,0202aa700384f87c005a5811460e29efbf1ffffffc2246cd1e00000fc0007ebfe9ed0737feebfff600,1,TX 41 seq=8649 rx_latency=1ms tx_dur=1ms,17.703,
2727,10,901,2859467653,2026-07-14T15:05:50.048480+00:00,90.000155,63712,41,0202aa700385f8e0005a5811460e29efbf1ffffffc2246cd1e00000fc0007ebfe9ed0737feebfff600,1,TX 41 seq=8650 rx_latency=1ms tx_dur=1ms,19.118,
2727,10,902,2859467654,2026-07-14T15:05:50.148470+00:00,90.100129,63812,41,0202aa700386f944005a5811460e29efbf1ffffffc2246cd1e00000fc0007ebfe9ed0737feebfff600,1,TX 41 seq=8651 rx_latency=1ms tx_dur=1ms,21.793,
2727,10,903,2859467655,2026-07-14T15:05:50.248480+00:00,90.200144,63912,41,0202aa700387f9a8005a5811460e29efbf1ffffffc2246cd1e00000fc0007ebfe9ed0737feebfff600,1,TX 41 seq=8652 rx_latency=1ms tx_dur=1ms,23.546,
2727,10,904,2859467656,2026-07-14T15:05:50.348475+00:00,90.300150,64012,41,0202aa700388fa0c005a5811460e29efbf1ffffffc2246cd1e00000fc0007ebfe9ed0737feebfff600,1,TX 41 seq=8653 rx_latency=1ms tx_dur=1ms,15.268,
2727,10,905,2859467657,2026-07-14T15:05:50.448431+00:00,90.400095,64112,41,0202aa700389fa70005a5811460e29efbf1ffffffc2246cd1e00000fc0007ebfe9ed0737feebfff600,1,TX 41 seq=8654 rx_latency=1ms tx_dur=1ms,18.151,
2727,10,906,2859467658,2026-07-14T15:05:50.548485+00:00,90.500165,64212,41,0202aa70038afad4005a5811460e29efbf1ffffffc2246cd1e00000fc0007ebfe9ed0737feebfff600,1,TX 41 seq=8655 rx_latency=1ms tx_dur=1ms,19.720,
2727,10,907,2859467659,2026-07-14T15:05:50.648485+00:00,90.600170,64312,41,0202aa70038bfb38005a5811460e29efbf1ffffffc2246cd1e00000fc0007ebfe9ed0737feebfff600,1,TX 41 seq=8656 rx_latency=1ms tx_dur=1ms,21.232,
2727,10,908,2859467660,2026-07-14T15:05:50.748477+00:00,90.700144,64412,41,0202aa70038cfb9c005a5811460e29efbf1ffffffc2246cd1e00000fc0007ebfe9ed0737feebfff600,1,TX 41 seq=8657 rx_latency=1ms tx_dur=1ms,23.108,
2727,10,909,2859467661,2026-07-14T15:05:50.848471+00:00,90.800130,64512,41,0202aa70038dfc00005a5811460e29efbf1ffffffc2246cd1e00000fc0007ebfe9ed0737feebfff600,1,TX 41 seq=8658 rx_latency=1ms tx_dur=1ms,15.986,
2727,10,910,2859467662,2026-07-14T15:05:50.948478+00:00,90.900146,64612,41,0202aa70038efc64005a5811460e29efbf1ffffffc2246cd1e00000fc0007ebfe9ed0737feebfff600,1,TX 41 seq=8659 rx_latency=1ms tx_dur=1ms,17.588,
2727,10,911,2859467663,2026-07-14T15:05:51.048483+00:00,91.000153,64712,41,0202aa70038ffcc8005a5811460e29efbf1ffffffc2246cd1e00000fc0007ebfe9ed0737feebfff600,1,TX 41 seq=8660 rx_latency=1ms tx_dur=1ms,20.047,
2727,10,912,2859467664,2026-07-14T15:05:51.148472+00:00,91.100136,64812,41,0202aa700390fd2c005a5811460e29efbf1ffffffc2246cd1e00000fc0007ebfe9ed0737feebfff600,1,TX 41 seq=8661 rx_latency=1ms tx_dur=1ms,21.511,
2727,10,913,2859467665,2026-07-14T15:05:51.248476+00:00,91.200140,64912,41,0202aa700391fd90005a5811460e29efbf1ffffffc2246cd1e00000fc0007ebfe9ed0737feebfff600,1,TX 41 seq=8662 rx_latency=1ms tx_dur=1ms,23.184,
2727,10,914,2859467666,2026-07-14T15:05:51.348489+00:00,91.300171,65012,41,0202aa700392fdf4005a5811460e29efbf1ffffffc2246cd1e00000fc0007ebfe9ed0737feebfff600,1,TX 41 seq=8663 rx_latency=1ms tx_dur=1ms,16.736,
2727,10,915,2859467667,2026-07-14T15:05:51.448477+00:00,91.400145,65112,41,0202aa700393fe58005a5811460e29efbf1ffffffc2246cd1e00000fc0007ebfe9ed0737feebfff600,1,TX 41 seq=8664 rx_latency=1ms tx_dur=1ms,17.148,
2727,10,916,2859467668,2026-07-14T15:05:51.548473+00:00,91.500136,65212,41,0202aa700394febc005a5811460e29efbf1ffffffc2246cd1e00000fc0007ebfe9ed0737feebfff600,1,TX 41 seq=8665 rx_latency=1ms tx_dur=1ms,19.915,
2727,10,917,2859467669,2026-07-14T15:05:51.648479+00:00,91.600149,65312,41,0202aa700395ff20005a5811460e29efbf1ffffffc2246cd1e00000fc0007ebfe9ed0737feebfff600,1,TX 41 seq=8666 rx_latency=1ms tx_dur=1ms,21.270,
2727,10,918,2859467670,2026-07-14T15:05:51.748490+00:00,91.700172,65412,41,0202aa700396ff84005a5811460e29efbf1ffffffc2246cd1e00000fc0007ebfe9ed0737feebfff600,1,TX 41 seq=8667 rx_latency=1ms tx_dur=1ms,23.895,
2727,10,919,2859467671,2026-07-14T15:05:51.848478+00:00,91.800146,65512,41,0202aa700397ffe8005a5811460e29efbf1ffffffc2246cd1e00000fc0007ebfe9ed0737feebfff600,1,TX 41 seq=8668 rx_latency=1ms tx_dur=1ms,15.730,
2727,10,920,2859467672,2026-07-14T15:05:51.948470+00:00,91.900133,76,41,0202aa700398004c005a5811460e29efbf1ffffffc2246cd1e00000fc0007ebfe9ed0737feebfff600,1,TX 41 seq=8669 rx_latency=1ms tx_dur=1ms,17.479,
2727,10,921,2859467673,2026-07-14T15:05:52.048481+00:00,92.000148,176,41,0202aa70039900b0005a5811460e29efbf1ffffffc2246cd1e00000fc0007ebfe9ed0737feebfff600,1,TX 41 seq=8670 rx_latency=1ms tx_dur=1ms,19.191,
2727,10,922,2859467674,2026-07-14T15:05:52.148472+00:00,92.100134,276,41,0202aa70039a0114005a5811460e29efbf1ffffffc2246cd1e00000fc0007ebfe9ed0737feebfff600,1,TX 41 seq=8671 rx_latency=1ms tx_dur=1ms,21.781,
2727,10,923,2859467675,2026-07-14T15:05:52.248484+00:00,92.200152,376,41,0202aa70039b0178005a5811460e29efbf1ffffffc2246cd1e00000fc0007ebfe9ed0737feebfff600,1,TX 41 seq=8672 rx_latency=1ms tx_dur=1ms,23.535,
2727,10,924,2859467676,2026-07-14T15:05:52.348470+00:00,92.300128,476,41,0202aa70039c01dc005a5811460e29efbf1ffffffc2246cd1e00000fc0007ebfe9ed0737feebfff600,1,TX 41 seq=8673 rx_latency=1ms tx_dur=1ms,15.333,
2727,10,925,2859467677,2026-07-14T15:05:52.448483+00:00,92.400153,576,41,0202aa70039d0240005a5811460e29efbf1ffffffc2246cd1e00000fc0007ebfe9ed0737feebfff600,1,TX 41 seq=8674 rx_latency=1ms tx_dur=1ms,17.094,
2727,10,926,2859467678,2026-07-14T15:05:52.548471+00:00,92.500132,676,41,0202aa70039e02a4005a5811460e29efbf1ffffffc2246cd1e00000fc0007ebfe9ed0737feebfff600,1,TX 41 seq=8675 rx_latency=1ms tx_dur=1ms,19.943,
2727,10,927,2859467679,2026-07-14T15:05:52.648486+00:00,92.600159,776,41,0202aa70039f0308005a5811460e29efbf1ffffffc2246cd1e00000fc0007ebfe9ed0737feebfff600,1,TX 41 seq=8676 rx_latency=1ms tx_dur=1ms,21.250,
2727,10,928,2859467680,2026-07-14T15:05:52.748471+00:00,92.700133,876,41,0202aa7003a0036c005a5811460e29efbf1ffffffc2246cd1e00000fc0007ebfe9ed0737feebfff600,1,TX 41 seq=8677 rx_latency=1ms tx_dur=1ms,23.884,
2727,10,929,2859467681,2026-07-14T15:05:52.848476+00:00,92.800147,976,41,0202aa7003a103d0005a5811460e29efbf1ffffffc2246cd1e00000fc0007ebfe9ed0737feebfff600,1,TX 41 seq=8678 rx_latency=1ms tx_dur=1ms,16.613,
2727,10,930,2859467682,2026-07-14T15:05:52.948480+00:00,92.900146,1076,41,0202aa7003a20434005a5811460e29efbf1ffffffc2246cd1e00000fc0007ebfe9ed0737feebfff600,1,TX 41 seq=8679 rx_latency=1ms tx_dur=1ms,18.084,
2727,10,931,2859467683,2026-07-14T15:05:53.048472+00:00,93.000132,1176,41,0202aa7003a30498005a5811460e29efbf1ffffffc2246cd1e00000fc0007ebfe9ed0737feebfff600,1,TX 41 seq=8680 rx_latency=1ms tx_dur=1ms,19.596,
2727,10,932,2859467684,2026-07-14T15:05:53.148480+00:00,93.100147,1276,41,0202aa7003a404fc005a5811460e29efbf1ffffffc2246cd1e00000fc0007ebfe9ed0737feebfff600,1,TX 41 seq=8681 rx_latency=1ms tx_dur=1ms,21.334,
2727,10,933,2859467685,2026-07-14T15:05:53.248469+00:00,93.200128,1376,41,0202aa7003a50560005a5811460e29efbf1ffffffc2246cd1e00000fc0007ebfe9ed0737feebfff600,1,TX 41 seq=8682 rx_latency=1ms tx_dur=1ms,24.129,
2727,10,934,2859467686,2026-07-14T15:05:53.348481+00:00,93.300147,1476,41,0202aa7003a605c4005a5811460e29efbf1ffffffc2246cd1e00000fc0007ebfe9ed0737feebfff600,1,TX 41 seq=8683 rx_latency=1ms tx_dur=1ms,15.923,
2727,10,935,2859467687,2026-07-14T15:05:53.448469+00:00,93.400127,1576,41,0202aa7003a70628005a5811460e29efbf1ffffffc2246cd1e00000fc0007ebfe9ed0737feebfff600,1,TX 41 seq=8684 rx_latency=1ms tx_dur=1ms,17.738,
2727,10,936,2859467688,2026-07-14T15:05:53.548478+00:00,93.500141,1676,41,0202aa7003a8068c005a5811460e29efbf1ffffffc2246cd1e00000fc0007ebfe9ed0737feebfff600,1,TX 41 seq=8685 rx_latency=1ms tx_dur=1ms,19.175,
2727,10,937,2859467689,2026-07-14T15:05:53.648470+00:00,93.600127,1776,41,0202aa7003a906f0005a5811460e29efbf1ffffffc2246cd1e00000fc0007ebfe9ed0737feebfff600,1,TX 41 seq=8686 rx_latency=1ms tx_dur=1ms,21.764,
2727,10,938,2859467690,2026-07-14T15:05:53.748480+00:00,93.700141,1876,41,0202aa7003aa0754005a5811460e29efbf1ffffffc2246cd1e00000fc0007ebfe9ed0737feebfff600,1,TX 41 seq=8687 rx_latency=1ms tx_dur=1ms,23.528,
2727,10,939,2859467691,2026-07-14T15:05:53.848475+00:00,93.800142,1976,41,0202aa7003ab07b8005a5811460e29efbf1ffffffc2246cd1e00000fc0007ebfe9ed0737feebfff600,1,TX 41 seq=8688 rx_latency=1ms tx_dur=1ms,15.246,
2727,10,940,2859467692,2026-07-14T15:05:53.948476+00:00,93.900145,2076,41,0202aa7003ac081c005a5811460e29efbf1ffffffc2246cd1e00000fc0007ebfe9ed0737feebfff600,1,TX 41 seq=8689 rx_latency=1ms tx_dur=1ms,18.045,
2727,10,941,2859467693,2026-07-14T15:05:54.048479+00:00,94.000148,2176,41,0202aa7003ad0880005a5811460e29efbf1ffffffc2246cd1e00000fc0007ebfe9ed0737feebfff600,1,TX 41 seq=8690 rx_latency=1ms tx_dur=1ms,19.603,
2727,10,942,2859467694,2026-07-14T15:05:54.148473+00:00,94.100134,2276,41,0202aa7003ae08e4005a5811460e29efbf1ffffffc2246cd1e00000fc0007ebfe9ed0737feebfff600,1,TX 41 seq=8691 rx_latency=1ms tx_dur=1ms,21.313,
2727,10,943,2859467695,2026-07-14T15:05:54.248478+00:00,94.200147,2376,41,0202aa7003af0948005a5811460e29efbf1ffffffc2246cd1e00000fc0007ebfe9ed0737feebfff600,1,TX 41 seq=8692 rx_latency=1ms tx_dur=1ms,24.085,
2727,10,944,2859467696,2026-07-14T15:05:54.348482+00:00,94.300150,2476,41,0202aa7003b009ac005a5811460e29efbf1ffffffc2246cd1e00000fc0007ebfe9ed0737feebfff600,1,TX 41 seq=8693 rx_latency=1ms tx_dur=1ms,15.929,
2727,10,945,2859467697,2026-07-14T15:05:54.448470+00:00,94.400130,2576,41,0202aa7003b10a10005a5811460e29efbf1ffffffc2246cd1e00000fc0007ebfe9ed0737feebfff600,1,TX 41 seq=8694 rx_latency=1ms tx_dur=1ms,17.612,
2727,10,946,2859467698,2026-07-14T15:05:54.548480+00:00,94.500146,2676,41,0202aa7003b20a74005a5811460e29efbf1ffffffc2246cd1e00000fc0007ebfe9ed0737feebfff600,1,TX 41 seq=8695 rx_latency=1ms tx_dur=1ms,20.036,
2727,10,947,2859467699,2026-07-14T15:05:54.648476+00:00,94.600139,2776,41,0202aa7003b30ad8005a5811460e29efbf1ffffffc2246cd1e00000fc0007ebfe9ed0737feebfff600,1,TX 41 seq=8696 rx_latency=1ms tx_dur=1ms,21.533,
2727,10,948,2859467700,2026-07-14T15:05:54.748469+00:00,94.700127,2876,41,0202aa7003b40b3c005a5811460e29efbf1ffffffc2246cd1e00000fc0007ebfe9ed0737feebfff600,1,TX 41 seq=8697 rx_latency=1ms tx_dur=1ms,24.294,
2727,10,949,2859467701,2026-07-14T15:05:54.848479+00:00,94.800143,2976,41,0202aa7003b50ba0005a5811460e29efbf1ffffffc2246cd1e00000fc0007ebfe9ed0737feebfff600,1,TX 41 seq=8698 rx_latency=1ms tx_dur=1ms,16.767,
2727,10,950,2859467702,2026-07-14T15:05:54.948474+00:00,94.900136,3076,41,0202aa7003b60c04005a5811460e29efbf1ffffffc2246cd1e00000fc0007ebfe9ed0737feebfff600,1,TX 41 seq=8699 rx_latency=1ms tx_dur=1ms,17.160,
2727,10,951,2859467703,2026-07-14T15:05:55.048470+00:00,95.000143,3176,41,0202aa7003b70c68005a5811460e29efbf1ffffffc2246cd1e00000fc0007ebfe9ed0737feebfff600,1,TX 41 seq=8700 rx_latency=1ms tx_dur=1ms,19.855,
2727,10,952,2859467704,2026-07-14T15:05:55.148473+00:00,95.100133,3276,41,0202aa7003b80ccc005a5811460e29efbf1ffffffc2246cd1e00000fc0007ebfe9ed0737feebfff600,1,TX 41 seq=8701 rx_latency=1ms tx_dur=1ms,21.319,
2727,10,953,2859467705,2026-07-14T15:05:55.248482+00:00,95.200156,3376,41,0202aa7003b90d30005a5811460e29efbf1ffffffc2246cd1e00000fc0007ebfe9ed0737feebfff600,1,TX 41 seq=8702 rx_latency=1ms tx_dur=1ms,23.928,
2727,10,954,2859467706,2026-07-14T15:05:55.348473+00:00,95.300133,3476,41,0202aa7003ba0d94005a5811460e29efbf1ffffffc2246cd1e00000fc0007ebfe9ed0737feebfff600,1,TX 41 seq=8703 rx_latency=1ms tx_dur=1ms,15.725,
2727,10,955,2859467707,2026-07-14T15:05:55.448495+00:00,95.400190,3576,41,0202aa7003bb0df8005a5811460e29efbf1ffffffc2246cd1e00000fc0007ebfe9ed0737feebfff600,1,TX 41 seq=8704 rx_latency=1ms tx_dur=1ms,17.324,
2727,10,956,2859467708,2026-07-14T15:05:55.548486+00:00,95.500158,3676,41,0202aa7003bc0e5c005a5811460e29efbf1ffffffc2246cd1e00000fc0007ebfe9ed0737feebfff600,1,TX 41 seq=8705 rx_latency=1ms tx_dur=1ms,20.133,
2727,10,957,2859467709,2026-07-14T15:05:55.648497+00:00,95.600173,3776,41,0202aa7003bd0ec0005a5811460e29efbf1ffffffc2246cd1e00000fc0007ebfe9ed0737feebfff600,1,TX 41 seq=8706 rx_latency=1ms tx_dur=1ms,21.667,
2727,10,958,2859467710,2026-07-14T15:05:55.748483+00:00,95.700159,3876,41,0202aa7003be0f24005a5811460e29efbf1ffffffc2246cd1e00000fc0007ebfe9ed0737feebfff600,1,TX 41 seq=8707 rx_latency=1ms tx_dur=1ms,23.188,
2727,10,959,2859467711,2026-07-14T15:05:55.848481+00:00,95.800147,3976,41,0202aa7003bf0f88005a5811460e29efbf1ffffffc2246cd1e00000fc0007ebfe9ed0737feebfff600,1,TX 41 seq=8708 rx_latency=1ms tx_dur=1ms,15.873,
2727,10,960,2859467712,2026-07-14T15:05:55.948474+00:00,95.900139,4076,41,0202aa7003c00fec005a5811460e29efbf1ffffffc2246cd1e00000fc0007ebfe9ed0737feebfff600,1,TX 41 seq=8709 rx_latency=1ms tx_dur=1ms,17.377,
2727,10,961,2859467713,2026-07-14T15:05:56.048476+00:00,96.000153,4176,41,0202aa7003c11050005a5811460e29efbf1ffffffc2246cd1e00000fc0007ebfe9ed0737feebfff600,1,TX 41 seq=8710 rx_latency=1ms tx_dur=1ms,19.077,
2727,10,962,2859467714,2026-07-14T15:05:56.148476+00:00,96.100148,4276,41,0202aa7003c210b4005a5811460e29efbf1ffffffc2246cd1e00000fc0007ebfe9ed0737feebfff600,1,TX 41 seq=8711 rx_latency=1ms tx_dur=1ms,21.892,
2727,10,963,2859467715,2026-07-14T15:05:56.248479+00:00,96.200145,4376,41,0202aa7003c31118005a5811460e29efbf1ffffffc2246cd1e00000fc0007ebfe9ed0737feebfff600,1,TX 41 seq=8712 rx_latency=1ms tx_dur=1ms,23.689,
2727,10,964,2859467716,2026-07-14T15:05:56.348428+00:00,96.300085,4476,41,0202aa7003c4117c005a5811460e29efbf1ffffffc2246cd1e00000fc0007ebfe9ed0737feebfff600,1,TX 41 seq=8713 rx_latency=1ms tx_dur=1ms,16.561,
2727,10,965,2859467717,2026-07-14T15:05:56.448479+00:00,96.400143,4576,41,0202aa7003c511e0005a5811460e29efbf1ffffffc2246cd1e00000fc0007ebfe9ed0737feebfff600,1,TX 41 seq=8714 rx_latency=1ms tx_dur=1ms,17.838,
2727,10,966,2859467718,2026-07-14T15:05:56.548477+00:00,96.500141,4676,41,0202aa7003c61244005a5811460e29efbf1ffffffc2246cd1e00000fc0007ebfe9ed0737feebfff600,1,TX 41 seq=8715 rx_latency=1ms tx_dur=1ms,19.314,
2727,10,967,2859467719,2026-07-14T15:05:56.648472+00:00,96.600131,4776,41,0202aa7003c712a8005a5811460e29efbf1ffffffc2246cd1e00000fc0007ebfe9ed0737feebfff600,1,TX 41 seq=8716 rx_latency=1ms tx_dur=1ms,22.051,
2727,10,968,2859467720,2026-07-14T15:05:56.748480+00:00,96.700142,4876,41,0202aa7003c8130c005a5811460e29efbf1ffffffc2246cd1e00000fc0007ebfe9ed0737feebfff600,1,TX 41 seq=8717 rx_latency=1ms tx_dur=1ms,23.408,
2727,10,969,2859467721,2026-07-14T15:05:56.848477+00:00,96.800139,4976,41,0202aa7003c91370005a5811460e29efbf1ffffffc2246cd1e00000fc0007ebfe9ed0737feebfff600,1,TX 41 seq=8718 rx_latency=1ms tx_dur=1ms,16.035,
2727,10,970,2859467722,2026-07-14T15:05:56.948435+00:00,96.900096,5076,41,0202aa7003ca13d4005a5811460e29efbf1ffffffc2246cd1e00000fc0007ebfe9ed0737feebfff600,1,TX 41 seq=8719 rx_latency=1ms tx_dur=1ms,17.699,
2727,10,971,2859467723,2026-07-14T15:05:57.048478+00:00,97.000138,5176,41,0202aa7003cb1438005a5811460e29efbf1ffffffc2246cd1e00000fc0007ebfe9ed0737feebfff600,1,TX 41 seq=8720 rx_latency=1ms tx_dur=1ms,20.128,
2727,10,972,2859467724,2026-07-14T15:05:57.148477+00:00,97.100140,5276,41,0202aa7003cc149c005a5811460e29efbf1ffffffc2246cd1e00000fc0007ebfe9ed0737feebfff600,1,TX 41 seq=8721 rx_latency=1ms tx_dur=1ms,21.593,
2727,10,973,2859467725,2026-07-14T15:05:57.248473+00:00,97.200131,5376,41,0202aa7003cd1500005a5811460e29efbf1ffffffc2246cd1e00000fc0007ebfe9ed0737feebfff600,1,TX 41 seq=8722 rx_latency=1ms tx_dur=1ms,23.272,
2727,10,974,2859467726,2026-07-14T15:05:57.348484+00:00,97.300157,5476,41,0202aa7003ce1564005a5811460e29efbf1ffffffc2246cd1e00000fc0007ebfe9ed0737feebfff600,1,TX 41 seq=8723 rx_latency=1ms tx_dur=1ms,16.800,
2727,10,975,2859467727,2026-07-14T15:05:57.448476+00:00,97.400139,5576,41,0202aa7003cf15c8005a5811460e29efbf1ffffffc2246cd1e00000fc0007ebfe9ed0737feebfff600,1,TX 41 seq=8724 rx_latency=1ms tx_dur=1ms,17.232,
2727,10,976,2859467728,2026-07-14T15:05:57.548443+00:00,97.500103,5676,41,0202aa7003d0162c005a5811460e29efbf1ffffffc2246cd1e00000fc0007ebfe9ed0737feebfff600,1,TX 41 seq=8725 rx_latency=1ms tx_dur=1ms,19.998,
2727,10,977,2859467729,2026-07-14T15:05:57.648481+00:00,97.600145,5776,41,0202aa7003d11690005a5811460e29efbf1ffffffc2246cd1e00000fc0007ebfe9ed0737feebfff600,1,TX 41 seq=8726 rx_latency=1ms tx_dur=1ms,21.410,
2727,10,978,2859467730,2026-07-14T15:05:57.748470+00:00,97.700129,5876,41,0202aa7003d216f4005a5811460e29efbf1ffffffc2246cd1e00000fc0007ebfe9ed0737feebfff600,1,TX 41 seq=8727 rx_latency=1ms tx_dur=1ms,23.990,
2727,10,979,2859467731,2026-07-14T15:05:57.848481+00:00,97.800145,5976,41,0202aa7003d31758005a5811460e29efbf1ffffffc2246cd1e00000fc0007ebfe9ed0737feebfff600,1,TX 41 seq=8728 rx_latency=1ms tx_dur=1ms,15.799,
2727,10,980,2859467732,2026-07-14T15:05:57.948476+00:00,97.900139,6076,41,0202aa7003d417bc005a5811460e29efbf1ffffffc2246cd1e00000fc0007ebfe9ed0737feebfff600,1,TX 41 seq=8729 rx_latency=1ms tx_dur=1ms,17.531,
2727,10,981,2859467733,2026-07-14T15:05:58.048478+00:00,98.000138,6176,41,0202aa7003d51820005a5811460e29efbf1ffffffc2246cd1e00000fc0007ebfe9ed0737feebfff600,1,TX 41 seq=8730 rx_latency=1ms tx_dur=1ms,19.266,
2727,10,982,2859467734,2026-07-14T15:05:58.148470+00:00,98.100130,6276,41,0202aa7003d61884005a5811460e29efbf1ffffffc2246cd1e00000fc0007ebfe9ed0737feebfff600,1,TX 41 seq=8731 rx_latency=1ms tx_dur=1ms,22.116,
2727,10,983,2859467735,2026-07-14T15:05:58.248480+00:00,98.200144,6376,41,0202aa7003d718e8005a5811460e29efbf1ffffffc2246cd1e00000fc0007ebfe9ed0737feebfff600,1,TX 41 seq=8732 rx_latency=1ms tx_dur=1ms,23.581,
2727,10,984,2859467736,2026-07-14T15:05:58.348479+00:00,98.300152,6476,41,0202aa7003d8194c005a5811460e29efbf1ffffffc2246cd1e00000fc0007ebfe9ed0737feebfff600,1,TX 41 seq=8733 rx_latency=1ms tx_dur=1ms,16.206,
2727,10,985,2859467737,2026-07-14T15:05:58.448479+00:00,98.400143,6576,41,0202aa7003d919b0005a5811460e29efbf1ffffffc2246cd1e00000fc0007ebfe9ed0737feebfff600,1,TX 41 seq=8734 rx_latency=1ms tx_dur=1ms,17.969,
2727,10,986,2859467738,2026-07-14T15:05:58.548468+00:00,98.500131,6676,41,0202aa7003da1a14005a5811460e29efbf1ffffffc2246cd1e00000fc0007ebfe9ed0737feebfff600,1,TX 41 seq=8735 rx_latency=1ms tx_dur=1ms,19.625,
2727,10,987,2859467739,2026-07-14T15:05:58.648482+00:00,98.600149,6776,41,0202aa7003db1a78005a5811460e29efbf1ffffffc2246cd1e00000fc0007ebfe9ed0737feebfff600,1,TX 41 seq=8736 rx_latency=1ms tx_dur=1ms,21.422,
2727,10,988,2859467740,2026-07-14T15:05:58.748470+00:00,98.700129,6876,41,0202aa7003dc1adc005a5811460e29efbf1ffffffc2246cd1e00000fc0007ebfe9ed0737feebfff600,1,TX 41 seq=8737 rx_latency=1ms tx_dur=1ms,23.998,
2727,10,989,2859467741,2026-07-14T15:05:58.848483+00:00,98.800149,6976,41,0202aa7003dd1b40005a5811460e29efbf1ffffffc2246cd1e00000fc0007ebfe9ed0737feebfff600,1,TX 41 seq=8738 rx_latency=1ms tx_dur=1ms,15.783,
2727,10,990,2859467742,2026-07-14T15:05:58.948471+00:00,98.900129,7076,41,0202aa7003de1ba4005a5811460e29efbf1ffffffc2246cd1e00000fc0007ebfe9ed0737feebfff600,1,TX 41 seq=8739 rx_latency=1ms tx_dur=1ms,17.536,
2727,10,991,2859467743,2026-07-14T15:05:59.048479+00:00,99.000143,7176,41,0202aa7003df1c08005a5811460e29efbf1ffffffc2246cd1e00000fc0007ebfe9ed0737feebfff600,1,TX 41 seq=8740 rx_latency=1ms tx_dur=1ms,19.261,
2727,10,992,2859467744,2026-07-14T15:05:59.148473+00:00,99.100137,7276,41,0202aa7003e01c6c005a5811460e29efbf1ffffffc2246cd1e00000fc0007ebfe9ed0737feebfff600,1,TX 41 seq=8741 rx_latency=1ms tx_dur=1ms,22.003,
2727,10,993,2859467745,2026-07-14T15:05:59.248481+00:00,99.200145,7376,41,0202aa7003e11cd0005a5811460e29efbf1ffffffc2246cd1e00000fc0007ebfe9ed0737feebfff600,1,TX 41 seq=8742 rx_latency=1ms tx_dur=1ms,23.360,
2727,10,994,2859467746,2026-07-14T15:05:59.348488+00:00,99.300173,7476,41,0202aa7003e21d34005a5811460e29efbf1ffffffc2246cd1e00000fc0007ebfe9ed0737feebfff600,1,TX 41 seq=8743 rx_latency=1ms tx_dur=1ms,15.868,
2727,10,995,2859467747,2026-07-14T15:05:59.448479+00:00,99.400146,7576,41,0202aa7003e31d98005a5811460e29efbf1ffffffc2246cd1e00000fc0007ebfe9ed0737feebfff600,1,TX 41 seq=8744 rx_latency=1ms tx_dur=1ms,17.704,
2727,10,996,2859467748,2026-07-14T15:05:59.548478+00:00,99.500142,7676,41,0202aa7003e41dfc005a5811460e29efbf1ffffffc2246cd1e00000fc0007ebfe9ed0737feebfff600,1,TX 41 seq=8745 rx_latency=1ms tx_dur=1ms,19.217,
2727,10,997,2859467749,2026-07-14T15:05:59.648486+00:00,99.600153,7776,41,0202aa7003e51e60005a5811460e29efbf1ffffffc2246cd1e00000fc0007ebfe9ed0737feebfff600,1,TX 41 seq=8746 rx_latency=1ms tx_dur=1ms,22.058,
2727,10,998,2859467750,2026-07-14T15:05:59.748481+00:00,99.700149,7876,41,0202aa7003e61ec4005a5811460e29efbf1ffffffc2246cd1e00000fc0007ebfe9ed0737feebfff600,1,TX 41 seq=8747 rx_latency=1ms tx_dur=1ms,23.417,
2727,10,999,2859467751,2026-07-14T15:05:59.848479+00:00,99.800145,7976,41,0202aa7003e71f28005a5811460e29efbf1ffffffc2246cd1e00000fc0007ebfe9ed0737feebfff600,1,TX 41 seq=8748 rx_latency=1ms tx_dur=1ms,16.033,
2727,10,1000,2859467752,2026-07-14T15:05:59.948469+00:00,99.900132,8076,41,0202aa7003e81f8c005a5811460e29efbf1ffffffc2246cd1e00000fc0007ebfe9ed0737feebfff600,1,TX 41 seq=8749 rx_latency=1ms tx_dur=1ms,17.679,
2727,10,1001,2859467753,2026-07-14T15:06:00.048484+00:00,100.000161,8176,41,0202aa7003e91ff0005a5811460e29efbf1ffffffc2246cd1e00000fc0007ebfe9ed0737feebfff600,1,TX 41 seq=8750 rx_latency=1ms tx_dur=1ms,20.105,
2727,10,1002,2859467754,2026-07-14T15:06:00.148476+00:00,100.100144,8276,41,0202aa7003ea2054005a5811460e29efbf1ffffffc2246cd1e00000fc0007ebfe9ed0737feebfff600,1,TX 41 seq=8751 rx_latency=1ms tx_dur=1ms,21.606,
2727,10,1003,2859467755,2026-07-14T15:06:00.248477+00:00,100.200144,8376,41,0202aa7003eb20b8005a5811460e29efbf1ffffffc2246cd1e00000fc0007ebfe9ed0737feebfff600,1,TX 41 seq=8752 rx_latency=1ms tx_dur=1ms,23.221,
2727,10,1004,2859467756,2026-07-14T15:06:00.348481+00:00,100.300151,8476,41,0202aa7003ec211c005a5811460e29efbf1ffffffc2246cd1e00000fc0007ebfe9ed0737feebfff600,1,TX 41 seq=8753 rx_latency=1ms tx_dur=1ms,15.851,
2727,10,1005,2859467757,2026-07-14T15:06:00.448470+00:00,100.400130,8576,41,0202aa7003ed2180005a5811460e29efbf1ffffffc2246cd1e00000fc0007ebfe9ed0737feebfff600,1,TX 41 seq=8754 rx_latency=1ms tx_dur=1ms,17.380,
2727,10,1006,2859467758,2026-07-14T15:06:00.548487+00:00,100.500168,8676,41,0202aa7003ee21e4005a5811460e29efbf1ffffffc2246cd1e00000fc0007ebfe9ed0737feebfff600,1,TX 41 seq=8755 rx_latency=1ms tx_dur=1ms,20.150,
2727,10,1007,2859467759,2026-07-14T15:06:00.648470+00:00,100.600137,8776,41,0202aa7003ef2248005a5811460e29efbf1ffffffc2246cd1e00000fc0007ebfe9ed0737feebfff600,1,TX 41 seq=8756 rx_latency=1ms tx_dur=1ms,21.870,
2727,10,1008,2859467760,2026-07-14T15:06:00.748481+00:00,100.700148,8876,41,0202aa7003f022ac005a5811460e29efbf1ffffffc2246cd1e00000fc0007ebfe9ed0737feebfff600,1,TX 41 seq=8757 rx_latency=1ms tx_dur=1ms,23.668,
2727,10,1009,2859467761,2026-07-14T15:06:00.848463+00:00,100.800122,8976,41,0202aa7003f12310005a5811460e29efbf1ffffffc2246cd1e00000fc0007ebfe9ed0737feebfff600,1,TX 41 seq=8758 rx_latency=1ms tx_dur=1ms,15.246,
2727,10,1010,2859467762,2026-07-14T15:06:00.948475+00:00,100.900138,9076,41,0202aa7003f22374005a5811460e29efbf1ffffffc2246cd1e00000fc0007ebfe9ed0737feebfff600,1,TX 41 seq=8759 rx_latency=1ms tx_dur=1ms,18.062,
2727,10,1011,2859467763,2026-07-14T15:06:01.048478+00:00,101.000143,9176,41,0202aa7003f323d8005a5811460e29efbf1ffffffc2246cd1e00000fc0007ebfe9ed0737feebfff600,1,TX 41 seq=8760 rx_latency=1ms tx_dur=1ms,19.773,
2727,10,1012,2859467764,2026-07-14T15:06:01.148471+00:00,101.100131,9276,41,0202aa7003f4243c005a5811460e29efbf1ffffffc2246cd1e00000fc0007ebfe9ed0737feebfff600,1,TX 41 seq=8761 rx_latency=1ms tx_dur=1ms,21.457,
2727,10,1013,2859467765,2026-07-14T15:06:01.248478+00:00,101.200142,9376,41,0202aa7003f524a0005a5811460e29efbf1ffffffc2246cd1e00000fc0007ebfe9ed0737feebfff600,1,TX 41 seq=8762 rx_latency=1ms tx_dur=1ms,23.135,
2727,10,1014,2859467766,2026-07-14T15:06:01.348479+00:00,101.300143,9476,41,0202aa7003f62504005a5811460e29efbf1ffffffc2246cd1e00000fc0007ebfe9ed0737feebfff600,1,TX 41 seq=8763 rx_latency=1ms tx_dur=1ms,16.750,
2727,10,1015,2859467767,2026-07-14T15:06:01.448475+00:00,101.400137,9576,41,0202aa7003f72568005a5811460e29efbf1ffffffc2246cd1e00000fc0007ebfe9ed0737feebfff600,1,TX 41 seq=8764 rx_latency=1ms tx_dur=1ms,18.242,
2727,10,1016,2859467768,2026-07-14T15:06:01.548474+00:00,101.500134,9676,41,0202aa7003f825cc005a5811460e29efbf1ffffffc2246cd1e00000fc0007ebfe9ed0737feebfff600,1,TX 41 seq=8765 rx_latency=1ms tx_dur=1ms,19.904,
2727,10,1017,2859467769,2026-07-14T15:06:01.648489+00:00,101.600167,9776,41,0202aa7003f92630005a5811460e29efbf1ffffffc2246cd1e00000fc0007ebfe9ed0737feebfff600,1,TX 41 seq=8766 rx_latency=1ms tx_dur=1ms,21.218,
2727,10,1018,2859467770,2026-07-14T15:06:01.748489+00:00,101.700171,9876,41,0202aa7003fa2694005a5811460e29efbf1ffffffc2246cd1e00000fc0007ebfe9ed0737feebfff600,1,TX 41 seq=8767 rx_latency=1ms tx_dur=1ms,23.692,
2727,10,1019,2859467771,2026-07-14T15:06:01.848474+00:00,101.800136,9976,41,0202aa7003fb26f8005a5811460e29efbf1ffffffc2246cd1e00000fc0007ebfe9ed0737feebfff600,1,TX 41 seq=8768 rx_latency=1ms tx_dur=1ms,16.605,
2727,10,1020,2859467772,2026-07-14T15:06:01.948481+00:00,101.900145,10076,41,0202aa7003fc275c005a5811460e29efbf1ffffffc2246cd1e00000fc0007ebfe9ed0737feebfff600,1,TX 41 seq=8769 rx_latency=1ms tx_dur=1ms,17.930,
2727,10,1021,2859467773,2026-07-14T15:06:02.048478+00:00,102.000140,10176,41,0202aa7003fd27c0005a5811460e29efbf1ffffffc2246cd1e00000fc0007ebfe9ed0737feebfff600,1,TX 41 seq=8770 rx_latency=1ms tx_dur=1ms,19.421,
2727,10,1022,2859467774,2026-07-14T15:06:02.148481+00:00,102.100148,10276,41,0202aa7003fe2824005a5811460e29efbf1ffffffc2246cd1e00000fc0007ebfe9ed0737feebfff600,1,TX 41 seq=8771 rx_latency=1ms tx_dur=1ms,22.130,
2727,10,1023,2859467775,2026-07-14T15:06:02.248476+00:00,102.200143,10376,41,0202aa7003ff2888005a5811460e29efbf1ffffffc2246cd1e00000fc0007ebfe9ed0737feebfff600,1,TX 41 seq=8772 rx_latency=1ms tx_dur=1ms,23.610,
2727,10,1024,2859467776,2026-07-14T15:06:02.348407+00:00,102.300068,10476,41,0202aa70040028ec005a5811460e29efbf1ffffffc2246cd1e00000fc0007ebfe9ed0737feebfff600,1,TX 41 seq=8773 rx_latency=1ms tx_dur=1ms,16.341,
2727,10,1025,2859467777,2026-07-14T15:06:02.448476+00:00,102.400151,10576,41,0202aa7004012950005a5811460e29efbf1ffffffc2246cd1e00000fc0007ebfe9ed0737feebfff600,1,TX 41 seq=8774 rx_latency=1ms tx_dur=1ms,17.995,
2727,10,1026,2859467778,2026-07-14T15:06:02.548477+00:00,102.500142,10676,41,0202aa70040229b4005a5811460e29efbf1ffffffc2246cd1e00000fc0007ebfe9ed0737feebfff600,1,TX 41 seq=8775 rx_latency=1ms tx_dur=1ms,19.729,
2727,10,1027,2859467779,2026-07-14T15:06:02.648490+00:00,102.600166,10776,41,0202aa7004032a18005a5811460e29efbf1ffffffc2246cd1e00000fc0007ebfe9ed0737feebfff600,1,TX 41 seq=8776 rx_latency=1ms tx_dur=1ms,21.294,
2727,10,1028,2859467780,2026-07-14T15:06:02.748472+00:00,102.700131,10876,41,0202aa7004042a7c005a5811460e29efbf1ffffffc2246cd1e00000fc0007ebfe9ed0737feebfff600,1,TX 41 seq=8777 rx_latency=1ms tx_dur=1ms,24.143,
2727,10,1029,2859467781,2026-07-14T15:06:02.848483+00:00,102.800146,10976,41,0202aa7004052ae0005a5811460e29efbf1ffffffc2246cd1e00000fc0007ebfe9ed0737feebfff600,1,TX 41 seq=8778 rx_latency=1ms tx_dur=1ms,15.759,
2727,10,1030,2859467782,2026-07-14T15:06:02.948478+00:00,102.900134,11076,41,0202aa7004062b44005a5811460e29efbf1ffffffc2246cd1e00000fc0007ebfe9ed0737feebfff600,1,TX 41 seq=8779 rx_latency=1ms tx_dur=1ms,17.647,
2727,10,1031,2859467783,2026-07-14T15:06:03.048478+00:00,103.000141,11176,41,0202aa7004072ba8005a5811460e29efbf1ffffffc2246cd1e00000fc0007ebfe9ed0737feebfff600,1,TX 41 seq=8780 rx_latency=1ms tx_dur=1ms,19.298,
2727,10,1032,2859467784,2026-07-14T15:06:03.148407+00:00,103.100072,11276,41,0202aa7004082c0c005a5811460e29efbf1ffffffc2246cd1e00000fc0007ebfe9ed0737feebfff600,1,TX 41 seq=8781 rx_latency=1ms tx_dur=1ms,22.088,
2727,10,1033,2859467785,2026-07-14T15:06:03.248479+00:00,103.200143,11376,41,0202aa7004092c70005a5811460e29efbf1ffffffc2246cd1e00000fc0007ebfe9ed0737feebfff600,1,TX 41 seq=8782 rx_latency=1ms tx_dur=1ms,23.394,
2727,10,1034,2859467786,2026-07-14T15:06:03.348476+00:00,103.300141,11476,41,0202aa70040a2cd4005a5811460e29efbf1ffffffc2246cd1e00000fc0007ebfe9ed0737feebfff600,1,TX 41 seq=8783 rx_latency=1ms tx_dur=1ms,16.014,
2727,10,1035,2859467787,2026-07-14T15:06:03.448482+00:00,103.400160,11576,41,0202aa70040b2d38005a5811460e29efbf1ffffffc2246cd1e00000fc0007ebfe9ed0737feebfff600,1,TX 41 seq=8784 rx_latency=1ms tx_dur=1ms,17.584,
2727,10,1036,2859467788,2026-07-14T15:06:03.548481+00:00,103.500149,11676,41,0202aa70040c2d9c005a5811460e29efbf1ffffffc2246cd1e00000fc0007ebfe9ed0737feebfff600,1,TX 41 seq=8785 rx_latency=1ms tx_dur=1ms,20.124,
2727,10,1037,2859467789,2026-07-14T15:06:03.648491+00:00,103.600161,11776,41,0202aa70040d2e00005a5811460e29efbf1ffffffc2246cd1e00000fc0007ebfe9ed0737feebfff600,1,TX 41 seq=8786 rx_latency=1ms tx_dur=1ms,21.519,
2727,10,1038,2859467790,2026-07-14T15:06:03.748481+00:00,103.700148,11876,41,0202aa70040e2e64005a5811460e29efbf1ffffffc2246cd1e00000fc0007ebfe9ed0737feebfff600,1,TX 41 seq=8787 rx_latency=1ms tx_dur=1ms,23.129,
2727,10,1039,2859467791,2026-07-14T15:06:03.848479+00:00,103.800150,11976,41,0202aa70040f2ec8005a5811460e29efbf1ffffffc2246cd1e00000fc0007ebfe9ed0737feebfff600,1,TX 41 seq=8788 rx_latency=1ms tx_dur=1ms,15.861,
2727,10,1040,2859467792,2026-07-14T15:06:03.948480+00:00,103.900150,12076,41,0202aa7004102f2c005a5811460e29efbf1ffffffc2246cd1e00000fc0007ebfe9ed0737feebfff600,1,TX 41 seq=8789 rx_latency=1ms tx_dur=1ms,17.253,
2727,10,1041,2859467793,2026-07-14T15:06:04.048468+00:00,104.000128,12176,41,0202aa7004112f90005a5811460e29efbf1ffffffc2246cd1e00000fc0007ebfe9ed0737feebfff600,1,TX 41 seq=8790 rx_latency=1ms tx_dur=1ms,20.254,
2727,10,1042,2859467794,2026-07-14T15:06:04.148475+00:00,104.100137,12276,41,0202aa7004122ff4005a5811460e29efbf1ffffffc2246cd1e00000fc0007ebfe9ed0737feebfff600,1,TX 41 seq=8791 rx_latency=1ms tx_dur=1ms,21.804,
2727,10,1043,2859467795,2026-07-14T15:06:04.248459+00:00,104.200130,12376,41,0202aa7004133058005a5811460e29efbf1ffffffc2246cd1e00000fc0007ebfe9ed0737feebfff600,1,TX 41 seq=8792 rx_latency=1ms tx_dur=1ms,23.668,
2727,10,1044,2859467796,2026-07-14T15:06:04.348478+00:00,104.300149,12476,41,0202aa70041430bc005a5811460e29efbf1ffffffc2246cd1e00000fc0007ebfe9ed0737feebfff600,1,TX 41 seq=8793 rx_latency=1ms tx_dur=1ms,15.139,
2727,10,1045,2859467797,2026-07-14T15:06:04.448470+00:00,104.400129,12576,41,0202aa7004153120005a5811460e29efbf1ffffffc2246cd1e00000fc0007ebfe9ed0737feebfff600,1,TX 41 seq=8794 rx_latency=1ms tx_dur=1ms,18.091,
2727,10,1046,2859467798,2026-07-14T15:06:04.548475+00:00,104.500137,12676,41,0202aa7004163184005a5811460e29efbf1ffffffc2246cd1e00000fc0007ebfe9ed0737feebfff600,1,TX 41 seq=8795 rx_latency=1ms tx_dur=1ms,19.711,
2727,10,1047,2859467799,2026-07-14T15:06:04.648472+00:00,104.600130,12776,41,0202aa70041731e8005a5811460e29efbf1ffffffc2246cd1e00000fc0007ebfe9ed0737feebfff600,1,TX 41 seq=8796 rx_latency=1ms tx_dur=1ms,21.535,
2727,10,1048,2859467800,2026-07-14T15:06:04.748437+00:00,104.700104,12876,41,0202aa700418324c005a5811460e29efbf1ffffffc2246cd1e00000fc0007ebfe9ed0737feebfff600,1,TX 41 seq=8797 rx_latency=1ms tx_dur=1ms,24.053,
2727,10,1049,2859467801,2026-07-14T15:06:04.848480+00:00,104.800148,12976,41,0202aa70041932b0005a5811460e29efbf1ffffffc2246cd1e00000fc0007ebfe9ed0737feebfff600,1,TX 41 seq=8798 rx_latency=1ms tx_dur=1ms,15.860,
2727,10,1050,2859467802,2026-07-14T15:06:04.948477+00:00,104.900143,13076,41,0202aa70041a3314005a5811460e29efbf1ffffffc2246cd1e00000fc0007ebfe9ed0737feebfff600,1,TX 41 seq=8799 rx_latency=1ms tx_dur=1ms,17.563,
2727,10,1051,2859467803,2026-07-14T15:06:05.048473+00:00,105.000131,13176,41,0202aa70041b3378005a5811460e29efbf1ffffffc2246cd1e00000fc0007ebfe9ed0737feebfff600,1,TX 41 seq=8800 rx_latency=1ms tx_dur=1ms,19.347,
2727,10,1052,2859467804,2026-07-14T15:06:05.148445+00:00,105.100107,13276,41,0202aa70041c33dc005a5811460e29efbf1ffffffc2246cd1e00000fc0007ebfe9ed0737feebfff600,1,TX 41 seq=8801 rx_latency=1ms tx_dur=1ms,22.209,
2727,10,1053,2859467805,2026-07-14T15:06:05.248475+00:00,105.200135,13376,41,0202aa70041d3440005a5811460e29efbf1ffffffc2246cd1e00000fc0007ebfe9ed0737feebfff600,1,TX 41 seq=8802 rx_latency=1ms tx_dur=1ms,23.620,
2727,10,1054,2859467806,2026-07-14T15:06:05.348471+00:00,105.300134,13476,41,0202aa70041e34a4005a5811460e29efbf1ffffffc2246cd1e00000fc0007ebfe9ed0737feebfff600,1,TX 41 seq=8803 rx_latency=1ms tx_dur=1ms,15.202,
2727,10,1055,2859467807,2026-07-14T15:06:05.448481+00:00,105.400146,13576,41,0202aa70041f3508005a5811460e29efbf1ffffffc2246cd1e00000fc0007ebfe9ed0737feebfff600,1,TX 41 seq=8804 rx_latency=1ms tx_dur=1ms,18.120,
2727,10,1056,2859467808,2026-07-14T15:06:05.548481+00:00,105.500157,13676,41,0202aa700420356c005a5811460e29efbf1ffffffc2246cd1e00000fc0007ebfe9ed0737feebfff600,1,TX 41 seq=8805 rx_latency=1ms tx_dur=1ms,19.689,
2727,10,1057,2859467809,2026-07-14T15:06:05.648474+00:00,105.600137,13776,41,0202aa70042135d0005a5811460e29efbf1ffffffc2246cd1e00000fc0007ebfe9ed0737feebfff600,1,TX 41 seq=8806 rx_latency=1ms tx_dur=1ms,21.511,
2727,10,1058,2859467810,2026-07-14T15:06:05.748434+00:00,105.700097,13876,41,0202aa7004223634005a5811460e29efbf1ffffffc2246cd1e00000fc0007ebfe9ed0737feebfff600,1,TX 41 seq=8807 rx_latency=1ms tx_dur=1ms,23.273,
2727,10,1059,2859467811,2026-07-14T15:06:05.848476+00:00,105.800139,13976,41,0202aa7004233698005a5811460e29efbf1ffffffc2246cd1e00000fc0007ebfe9ed0737feebfff600,1,TX 41 seq=8808 rx_latency=1ms tx_dur=1ms,15.843,
2727,10,1060,2859467812,2026-07-14T15:06:05.948469+00:00,105.900130,14076,41,0202aa70042436fc005a5811460e29efbf1ffffffc2246cd1e00000fc0007ebfe9ed0737feebfff600,1,TX 41 seq=8809 rx_latency=1ms tx_dur=1ms,17.640,
2727,10,1061,2859467813,2026-07-14T15:06:06.048478+00:00,106.000142,14176,41,0202aa7004253760005a5811460e29efbf1ffffffc2246cd1e00000fc0007ebfe9ed0737feebfff600,1,TX 41 seq=8810 rx_latency=1ms tx_dur=1ms,20.075,
2727,10,1062,2859467814,2026-07-14T15:06:06.148474+00:00,106.100135,14276,41,0202aa70042637c4005a5811460e29efbf1ffffffc2246cd1e00000fc0007ebfe9ed0737feebfff600,1,TX 41 seq=8811 rx_latency=1ms tx_dur=1ms,21.581,
2727,10,1063,2859467815,2026-07-14T15:06:06.248478+00:00,106.200139,14376,41,0202aa7004273828005a5811460e29efbf1ffffffc2246cd1e00000fc0007ebfe9ed0737feebfff600,1,TX 41 seq=8812 rx_latency=1ms tx_dur=1ms,23.189,
2727,10,1064,2859467816,2026-07-14T15:06:06.348490+00:00,106.300171,14476,41,0202aa700428388c005a5811460e29efbf1ffffffc2246cd1e00000fc0007ebfe9ed0737feebfff600,1,TX 41 seq=8813 rx_latency=1ms tx_dur=1ms,16.714,
2727,10,1065,2859467817,2026-07-14T15:06:06.448477+00:00,106.400142,14576,41,0202aa70042938f0005a5811460e29efbf1ffffffc2246cd1e00000fc0007ebfe9ed0737feebfff600,1,TX 41 seq=8814 rx_latency=1ms tx_dur=1ms,18.220,
2727,10,1066,2859467818,2026-07-14T15:06:06.548482+00:00,106.500157,14676,41,0202aa70042a3954005a5811460e29efbf1ffffffc2246cd1e00000fc0007ebfe9ed0737feebfff600,1,TX 41 seq=8815 rx_latency=1ms tx_dur=1ms,19.849,
2727,10,1067,2859467819,2026-07-14T15:06:06.648477+00:00,106.600142,14776,41,0202aa70042b39b8005a5811460e29efbf1ffffffc2246cd1e00000fc0007ebfe9ed0737feebfff600,1,TX 41 seq=8816 rx_latency=1ms tx_dur=1ms,21.349,
2727,10,1068,2859467820,2026-07-14T15:06:06.748469+00:00,106.700129,14876,41,0202aa70042c3a1c005a5811460e29efbf1ffffffc2246cd1e00000fc0007ebfe9ed0737feebfff600,1,TX 41 seq=8817 rx_latency=1ms tx_dur=1ms,23.952,
2727,10,1069,2859467821,2026-07-14T15:06:06.848480+00:00,106.800146,14976,41,0202aa70042d3a80005a5811460e29efbf1ffffffc2246cd1e00000fc0007ebfe9ed0737feebfff600,1,TX 41 seq=8818 rx_latency=1ms tx_dur=1ms,15.735,
2727,10,1070,2859467822,2026-07-14T15:06:06.948473+00:00,106.900132,15076,41,0202aa70042e3ae4005a5811460e29efbf1ffffffc2246cd1e00000fc0007ebfe9ed0737feebfff600,1,TX 41 seq=8819 rx_latency=1ms tx_dur=1ms,17.481,
2727,10,1071,2859467823,2026-07-14T15:06:07.048481+00:00,107.000147,15176,41,0202aa70042f3b48005a5811460e29efbf1ffffffc2246cd1e00000fc0007ebfe9ed0737feebfff600,1,TX 41 seq=8820 rx_latency=1ms tx_dur=1ms,19.197,
2727,10,1072,2859467824,2026-07-14T15:06:07.148471+00:00,107.100130,15276,41,0202aa7004303bac005a5811460e29efbf1ffffffc2246cd1e00000fc0007ebfe9ed0737feebfff600,1,TX 41 seq=8821 rx_latency=1ms tx_dur=1ms,21.791,
2727,10,1073,2859467825,2026-07-14T15:06:07.248479+00:00,107.200142,15376,41,0202aa7004313c10005a5811460e29efbf1ffffffc2246cd1e00000fc0007ebfe9ed0737feebfff600,1,TX 41 seq=8822 rx_latency=1ms tx_dur=1ms,23.545,
2727,10,1074,2859467826,2026-07-14T15:06:07.348470+00:00,107.300130,15476,41,0202aa7004323c74005a5811460e29efbf1ffffffc2246cd1e00000fc0007ebfe9ed0737feebfff600,1,TX 41 seq=8823 rx_latency=1ms tx_dur=1ms,15.322,
2727,10,1075,2859467827,2026-07-14T15:06:07.448482+00:00,107.400147,15576,41,0202aa7004333cd8005a5811460e29efbf1ffffffc2246cd1e00000fc0007ebfe9ed0737feebfff600,1,TX 41 seq=8824 rx_latency=1ms tx_dur=1ms,18.133,
2727,10,1076,2859467828,2026-07-14T15:06:07.548471+00:00,107.500133,15676,41,0202aa7004343d3c005a5811460e29efbf1ffffffc2246cd1e00000fc0007ebfe9ed0737feebfff600,1,TX 41 seq=8825 rx_latency=1ms tx_dur=1ms,19.630,
2727,10,1077,2859467829,2026-07-14T15:06:07.648488+00:00,107.600152,15776,41,0202aa7004353da0005a5811460e29efbf1ffffffc2246cd1e00000fc0007ebfe9ed0737feebfff600,1,TX 41 seq=8826 rx_latency=1ms tx_dur=1ms,21.527,
2727,10,1078,2859467830,2026-07-14T15:06:07.748496+00:00,107.700186,15876,41,0202aa7004363e04005a5811460e29efbf1ffffffc2246cd1e00000fc0007ebfe9ed0737feebfff600,1,TX 41 seq=8827 rx_latency=1ms tx_dur=1ms,24.091,
2727,10,1079,2859467831,2026-07-14T15:06:07.848475+00:00,107.800140,15976,41,0202aa7004373e68005a5811460e29efbf1ffffffc2246cd1e00000fc0007ebfe9ed0737feebfff600,1,TX 41 seq=8828 rx_latency=1ms tx_dur=1ms,15.953,
2727,10,1080,2859467832,2026-07-14T15:06:07.948476+00:00,107.900141,16076,41,0202aa7004383ecc005a5811460e29efbf1ffffffc2246cd1e00000fc0007ebfe9ed0737feebfff600,1,TX 41 seq=8829 rx_latency=1ms tx_dur=1ms,17.602,
2727,10,1081,2859467833,2026-07-14T15:06:08.048480+00:00,108.000144,16176,41,0202aa7004393f30005a5811460e29efbf1ffffffc2246cd1e00000fc0007ebfe9ed0737feebfff600,1,TX 41 seq=8830 rx_latency=1ms tx_dur=1ms,20.083,
2727,10,1082,2859467834,2026-07-14T15:06:08.148476+00:00,108.100137,16276,41,0202aa70043a3f94005a5811460e29efbf1ffffffc2246cd1e00000fc0007ebfe9ed0737feebfff600,1,TX 41 seq=8831 rx_latency=1ms tx_dur=1ms,21.576,
2727,10,1083,2859467835,2026-07-14T15:06:08.248471+00:00,108.200134,16376,41,0202aa70043b3ff8005a5811460e29efbf1ffffffc2246cd1e00000fc0007ebfe9ed0737feebfff600,1,TX 41 seq=8832 rx_latency=1ms tx_dur=1ms,24.277,
2727,10,1084,2859467836,2026-07-14T15:06:08.348482+00:00,108.300149,16476,41,0202aa70043c405c005a5811460e29efbf1ffffffc2246cd1e00000fc0007ebfe9ed0737feebfff600,1,TX 41 seq=8833 rx_latency=1ms tx_dur=1ms,16.784,
2727,10,1085,2859467837,2026-07-14T15:06:08.448476+00:00,108.400141,16576,41,0202aa70043d40c0005a5811460e29efbf1ffffffc2246cd1e00000fc0007ebfe9ed0737feebfff600,1,TX 41 seq=8834 rx_latency=1ms tx_dur=1ms,17.166,
2727,10,1086,2859467838,2026-07-14T15:06:08.548470+00:00,108.500131,16676,41,0202aa70043e4124005a5811460e29efbf1ffffffc2246cd1e00000fc0007ebfe9ed0737feebfff600,1,TX 41 seq=8835 rx_latency=1ms tx_dur=1ms,19.930,
2727,10,1087,2859467839,2026-07-14T15:06:08.648480+00:00,108.600142,16776,41,0202aa70043f4188005a5811460e29efbf1ffffffc2246cd1e00000fc0007ebfe9ed0737feebfff600,1,TX 41 seq=8836 rx_latency=1ms tx_dur=1ms,21.379,
2727,10,1088,2859467840,2026-07-14T15:06:08.748476+00:00,108.700146,16876,41,0202aa70044041ec005a5811460e29efbf1ffffffc2246cd1e00000fc0007ebfe9ed0737feebfff600,1,TX 41 seq=8837 rx_latency=1ms tx_dur=1ms,23.900,
2727,10,1089,2859467841,2026-07-14T15:06:08.848486+00:00,108.800159,16976,41,0202aa7004414250005a5811460e29efbf1ffffffc2246cd1e00000fc0007ebfe9ed0737feebfff600,1,TX 41 seq=8838 rx_latency=1ms tx_dur=1ms,15.731,
2727,10,1090,2859467842,2026-07-14T15:06:08.948470+00:00,108.900130,17076,41,0202aa70044242b4005a5811460e29efbf1ffffffc2246cd1e00000fc0007ebfe9ed0737feebfff600,1,TX 41 seq=8839 rx_latency=1ms tx_dur=1ms,17.478,
2727,10,1091,2859467843,2026-07-14T15:06:09.048480+00:00,109.000144,17176,41,0202aa7004434318005a5811460e29efbf1ffffffc2246cd1e00000fc0007ebfe9ed0737feebfff600,1,TX 41 seq=8840 rx_latency=1ms tx_dur=1ms,19.207,
2727,10,1092,2859467844,2026-07-14T15:06:09.148470+00:00,109.100128,17276,41,0202aa700444437c005a5811460e29efbf1ffffffc2246cd1e00000fc0007ebfe9ed0737feebfff600,1,TX 41 seq=8841 rx_latency=1ms tx_dur=1ms,21.811,
2727,10,1093,2859467845,2026-07-14T15:06:09.248481+00:00,109.200147,17376,41,0202aa70044543e0005a5811460e29efbf1ffffffc2246cd1e00000fc0007ebfe9ed0737feebfff600,1,TX 41 seq=8842 rx_latency=1ms tx_dur=1ms,23.558,
2727,10,1094,2859467846,2026-07-14T15:06:09.348491+00:00,109.300177,17476,41,0202aa7004464444005a5811460e29efbf1ffffffc2246cd1e00000fc0007ebfe9ed0737feebfff600,1,TX 41 seq=8843 rx_latency=1ms tx_dur=1ms,15.222,
2727,10,1095,2859467847,2026-07-14T15:06:09.448443+00:00,109.400110,17576,41,0202aa70044744a8005a5811460e29efbf1ffffffc2246cd1e00000fc0007ebfe9ed0737feebfff600,1,TX 41 seq=8844 rx_latency=1ms tx_dur=1ms,18.161,
2727,10,1096,2859467848,2026-07-14T15:06:09.548480+00:00,109.500149,17676,41,0202aa700448450c005a5811460e29efbf1ffffffc2246cd1e00000fc0007ebfe9ed0737feebfff600,1,TX 41 seq=8845 rx_latency=1ms tx_dur=1ms,19.880,
2727,10,1097,2859467849,2026-07-14T15:06:09.648477+00:00,109.600143,17776,41,0202aa7004494570005a5811460e29efbf1ffffffc2246cd1e00000fc0007ebfe9ed0737feebfff600,1,TX 41 seq=8846 rx_latency=1ms tx_dur=1ms,21.383,
2727,10,1098,2859467850,2026-07-14T15:06:09.748470+00:00,109.700130,17876,41,0202aa70044a45d4005a5811460e29efbf1ffffffc2246cd1e00000fc0007ebfe9ed0737feebfff600,1,TX 41 seq=8847 rx_latency=1ms tx_dur=1ms,23.953,
2727,10,1099,2859467851,2026-07-14T15:06:09.848479+00:00,109.800141,17976,41,0202aa70044b4638005a5811460e29efbf1ffffffc2246cd1e00000fc0007ebfe9ed0737feebfff600,1,TX 41 seq=8848 rx_latency=1ms tx_dur=1ms,15.772,
2727,10,1100,2859467852,2026-07-14T15:06:09.948488+00:00,109.900148,18076,41,0202aa70044c469c005a5811460e29efbf1ffffffc2246cd1e00000fc0007ebfe9ed0737feebfff600,1,TX 41 seq=8849 rx_latency=1ms tx_dur=1ms,17.471,
2727,10,1101,2859467853,2026-07-14T15:06:10.048488+00:00,110.000165,18176,41,0202aa70044d4700005a5811460e29efbf1ffffffc2246cd1e00000fc0007ebfe9ed0737feebfff600,1,TX 41 seq=8850 rx_latency=1ms tx_dur=1ms,19.169,
2727,10,1102,2859467854,2026-07-14T15:06:10.148471+00:00,110.100131,18276,41,0202aa70044e4764005a5811460e29efbf1ffffffc2246cd1e00000fc0007ebfe9ed0737feebfff600,1,TX 41 seq=8851 rx_latency=1ms tx_dur=1ms,21.813,
2727,10,1103,2859467855,2026-07-14T15:06:10.248480+00:00,110.200143,18376,41,0202aa70044f47c8005a5811460e29efbf1ffffffc2246cd1e00000fc0007ebfe9ed0737feebfff600,1,TX 41 seq=8852 rx_latency=1ms tx_dur=1ms,23.565,
2727,10,1104,2859467856,2026-07-14T15:06:10.348469+00:00,110.300126,18476,41,0202aa700450482c005a5811460e29efbf1ffffffc2246cd1e00000fc0007ebfe9ed0737feebfff600,1,TX 41 seq=8853 rx_latency=1ms tx_dur=1ms,15.356,
2727,10,1105,2859467857,2026-07-14T15:06:10.448489+00:00,110.400171,18576,41,0202aa7004514890005a5811460e29efbf1ffffffc2246cd1e00000fc0007ebfe9ed0737feebfff600,1,TX 41 seq=8854 rx_latency=1ms tx_dur=1ms,18.107,
2727,10,1106,2859467858,2026-07-14T15:06:10.548473+00:00,110.500138,18676,41,0202aa70045248f4005a5811460e29efbf1ffffffc2246cd1e00000fc0007ebfe9ed0737feebfff600,1,TX 41 seq=8855 rx_latency=1ms tx_dur=1ms,19.808,
2727,10,1107,2859467859,2026-07-14T15:06:10.648483+00:00,110.600152,18776,41,0202aa7004534958005a5811460e29efbf1ffffffc2246cd1e00000fc0007ebfe9ed0737feebfff600,1,TX 41 seq=8856 rx_latency=1ms tx_dur=1ms,22.256,
2727,10,1108,2859467860,2026-07-14T15:06:10.748477+00:00,110.700139,18876,41,0202aa70045449bc005a5811460e29efbf1ffffffc2246cd1e00000fc0007ebfe9ed0737feebfff600,1,TX 41 seq=8857 rx_latency=1ms tx_dur=1ms,23.752,
2727,10,1109,2859467861,2026-07-14T15:06:10.848451+00:00,110.800109,18976,41,0202aa7004554a20005a5811460e29efbf1ffffffc2246cd1e00000fc0007ebfe9ed0737feebfff600,1,TX 41 seq=8858 rx_latency=1ms tx_dur=1ms,16.585,
2727,10,1110,2859467862,2026-07-14T15:06:10.948483+00:00,110.900149,19076,41,0202aa7004564a84005a5811460e29efbf1ffffffc2246cd1e00000fc0007ebfe9ed0737feebfff600,1,TX 41 seq=8859 rx_latency=1ms tx_dur=1ms,17.863,
2727,10,1111,2859467863,2026-07-14T15:06:11.048477+00:00,111.000139,19176,41,0202aa7004574ae8005a5811460e29efbf1ffffffc2246cd1e00000fc0007ebfe9ed0737feebfff600,1,TX 41 seq=8860 rx_latency=1ms tx_dur=1ms,19.364,
2727,10,1112,2859467864,2026-07-14T15:06:11.148469+00:00,111.100126,19276,41,0202aa7004584b4c005a5811460e29efbf1ffffffc2246cd1e00000fc0007ebfe9ed0737feebfff600,1,TX 41 seq=8861 rx_latency=1ms tx_dur=1ms,22.114,
2727,10,1113,2859467865,2026-07-14T15:06:11.248479+00:00,111.200141,19376,41,0202aa7004594bb0005a5811460e29efbf1ffffffc2246cd1e00000fc0007ebfe9ed0737feebfff600,1,TX 41 seq=8862 rx_latency=1ms tx_dur=1ms,23.568,
2727,10,1114,2859467866,2026-07-14T15:06:11.348470+00:00,111.300127,19476,41,0202aa70045a4c14005a5811460e29efbf1ffffffc2246cd1e00000fc0007ebfe9ed0737feebfff600,1,TX 41 seq=8863 rx_latency=1ms tx_dur=1ms,16.237,
2727,10,1115,2859467867,2026-07-14T15:06:11.448406+00:00,111.400073,19576,41,0202aa70045b4c78005a5811460e29efbf1ffffffc2246cd1e00000fc0007ebfe9ed0737feebfff600,1,TX 41 seq=8864 rx_latency=1ms tx_dur=1ms,18.009,
2727,10,1116,2859467868,2026-07-14T15:06:11.548470+00:00,111.500133,19676,41,0202aa70045c4cdc005a5811460e29efbf1ffffffc2246cd1e00000fc0007ebfe9ed0737feebfff600,1,TX 41 seq=8865 rx_latency=1ms tx_dur=1ms,19.641,
2727,10,1117,2859467869,2026-07-14T15:06:11.648480+00:00,111.600142,19776,41,0202aa70045d4d40005a5811460e29efbf1ffffffc2246cd1e00000fc0007ebfe9ed0737feebfff600,1,TX 41 seq=8866 rx_latency=1ms tx_dur=1ms,21.403,
2727,10,1118,2859467870,2026-07-14T15:06:11.748470+00:00,111.700133,19876,41,0202aa70045e4da4005a5811460e29efbf1ffffffc2246cd1e00000fc0007ebfe9ed0737feebfff600,1,TX 41 seq=8867 rx_latency=1ms tx_dur=1ms,23.967,
2727,10,1119,2859467871,2026-07-14T15:06:11.848479+00:00,111.800144,19976,41,0202aa70045f4e08005a5811460e29efbf1ffffffc2246cd1e00000fc0007ebfe9ed0737feebfff600,1,TX 41 seq=8868 rx_latency=1ms tx_dur=1ms,15.785,
2727,10,1120,2859467872,2026-07-14T15:06:11.948469+00:00,111.900128,20076,41,0202aa7004604e6c005a5811460e29efbf1ffffffc2246cd1e00000fc0007ebfe9ed0737feebfff600,1,TX 41 seq=8869 rx_latency=1ms tx_dur=1ms,17.505,
2727,10,1121,2859467873,2026-07-14T15:06:12.048481+00:00,112.000146,20176,41,0202aa7004614ed0005a5811460e29efbf1ffffffc2246cd1e00000fc0007ebfe9ed0737feebfff600,1,TX 41 seq=8870 rx_latency=1ms tx_dur=1ms,19.237,
2727,10,1122,2859467874,2026-07-14T15:06:12.148469+00:00,112.100126,20276,41,0202aa7004624f34005a5811460e29efbf1ffffffc2246cd1e00000fc0007ebfe9ed0737feebfff600,1,TX 41 seq=8871 rx_latency=1ms tx_dur=1ms,21.834,
2727,10,1123,2859467875,2026-07-14T15:06:12.248479+00:00,112.200140,20376,41,0202aa7004634f98005a5811460e29efbf1ffffffc2246cd1e00000fc0007ebfe9ed0737feebfff600,1,TX 41 seq=8872 rx_latency=1ms tx_dur=1ms,23.588,
2727,10,1124,2859467876,2026-07-14T15:06:12.348468+00:00,112.300125,20476,41,0202aa7004644ffc005a5811460e29efbf1ffffffc2246cd1e00000fc0007ebfe9ed0737feebfff600,1,TX 41 seq=8873 rx_latency=1ms tx_dur=1ms,15.374,
2727,10,1125,2859467877,2026-07-14T15:06:12.448481+00:00,112.400147,20576,41,0202aa7004655060005a5811460e29efbf1ffffffc2246cd1e00000fc0007ebfe9ed0737feebfff600,1,TX 41 seq=8874 rx_latency=1ms tx_dur=1ms,18.165,
2727,10,1126,2859467878,2026-07-14T15:06:12.548471+00:00,112.500131,20676,41,0202aa70046650c4005a5811460e29efbf1ffffffc2246cd1e00000fc0007ebfe9ed0737feebfff600,1,TX 41 seq=8875 rx_latency=1ms tx_dur=1ms,19.954,
2727,10,1127,2859467879,2026-07-14T15:06:12.648480+00:00,112.600144,20776,41,0202aa7004675128005a5811460e29efbf1ffffffc2246cd1e00000fc0007ebfe9ed0737feebfff600,1,TX 41 seq=8876 rx_latency=1ms tx_dur=1ms,21.403,
2727,10,1128,2859467880,2026-07-14T15:06:12.748469+00:00,112.700127,20876,41,0202aa700468518c005a5811460e29efbf1ffffffc2246cd1e00000fc0007ebfe9ed0737feebfff600,1,TX 41 seq=8877 rx_latency=1ms tx_dur=1ms,23.992,
2727,10,1129,2859467881,2026-07-14T15:06:12.848479+00:00,112.800141,20976,41,0202aa70046951f0005a5811460e29efbf1ffffffc2246cd1e00000fc0007ebfe9ed0737feebfff600,1,TX 41 seq=8878 rx_latency=1ms tx_dur=1ms,15.809,
2727,10,1130,2859467882,2026-07-14T15:06:12.948470+00:00,112.900127,21076,41,0202aa70046a5254005a5811460e29efbf1ffffffc2246cd1e00000fc0007ebfe9ed0737feebfff600,1,TX 41 seq=8879 rx_latency=1ms tx_dur=1ms,17.529,
2727,10,1131,2859467883,2026-07-14T15:06:13.048480+00:00,113.000143,21176,41,0202aa70046b52b8005a5811460e29efbf1ffffffc2246cd1e00000fc0007ebfe9ed0737feebfff600,1,TX 41 seq=8880 rx_latency=1ms tx_dur=1ms,19.250,
2727,10,1132,2859467884,2026-07-14T15:06:13.148468+00:00,113.100127,21276,41,0202aa70046c531c005a5811460e29efbf1ffffffc2246cd1e00000fc0007ebfe9ed0737feebfff600,1,TX 41 seq=8881 rx_latency=1ms tx_dur=1ms,21.839,
2727,10,1133,2859467885,2026-07-14T15:06:13.248479+00:00,113.200143,21376,41,0202aa70046d5380005a5811460e29efbf1ffffffc2246cd1e00000fc0007ebfe9ed0737feebfff600,1,TX 41 seq=8882 rx_latency=1ms tx_dur=1ms,23.592,
2727,10,1134,2859467886,2026-07-14T15:06:13.348469+00:00,113.300127,21476,41,0202aa70046e53e4005a5811460e29efbf1ffffffc2246cd1e00000fc0007ebfe9ed0737feebfff600,1,TX 41 seq=8883 rx_latency=1ms tx_dur=1ms,15.380,
2727,10,1135,2859467887,2026-07-14T15:06:13.448480+00:00,113.400146,21576,41,0202aa70046f5448005a5811460e29efbf1ffffffc2246cd1e00000fc0007ebfe9ed0737feebfff600,1,TX 41 seq=8884 rx_latency=1ms tx_dur=1ms,18.197,
2727,10,1136,2859467888,2026-07-14T15:06:13.548472+00:00,113.500134,21676,41,0202aa70047054ac005a5811460e29efbf1ffffffc2246cd1e00000fc0007ebfe9ed0737feebfff600,1,TX 41 seq=8885 rx_latency=1ms tx_dur=1ms,19.833,
2727,10,1137,2859467889,2026-07-14T15:06:13.648488+00:00,113.600152,21776,41,0202aa7004715510005a5811460e29efbf1ffffffc2246cd1e00000fc0007ebfe9ed0737feebfff600,1,TX 41 seq=8886 rx_latency=1ms tx_dur=1ms,21.330,
2727,10,1138,2859467890,2026-07-14T15:06:13.748480+00:00,113.700158,21876,41,0202aa7004725574005a5811460e29efbf1ffffffc2246cd1e00000fc0007ebfe9ed0737feebfff600,1,TX 41 seq=8887 rx_latency=1ms tx_dur=1ms,23.603,
2727,10,1139,2859467891,2026-07-14T15:06:13.848476+00:00,113.800144,21976,41,0202aa70047355d8005a5811460e29efbf1ffffffc2246cd1e00000fc0007ebfe9ed0737feebfff600,1,TX 41 seq=8888 rx_latency=1ms tx_dur=1ms,16.504,
2727,10,1140,2859467892,2026-07-14T15:06:13.948479+00:00,113.900143,22076,41,0202aa700474563c005a5811460e29efbf1ffffffc2246cd1e00000fc0007ebfe9ed0737feebfff600,1,TX 41 seq=8889 rx_latency=1ms tx_dur=1ms,17.910,
2727,10,1141,2859467893,2026-07-14T15:06:14.048475+00:00,114.000139,22176,41,0202aa70047556a0005a5811460e29efbf1ffffffc2246cd1e00000fc0007ebfe9ed0737feebfff600,1,TX 41 seq=8890 rx_latency=1ms tx_dur=1ms,19.383,
2727,10,1142,2859467894,2026-07-14T15:06:14.148407+00:00,114.100066,22276,41,0202aa7004765704005a5811460e29efbf1ffffffc2246cd1e00000fc0007ebfe9ed0737feebfff600,1,TX 41 seq=8891 rx_latency=1ms tx_dur=1ms,22.196,
2727,10,1143,2859467895,2026-07-14T15:06:14.248480+00:00,114.200144,22376,41,0202aa7004775768005a5811460e29efbf1ffffffc2246cd1e00000fc0007ebfe9ed0737feebfff600,1,TX 41 seq=8892 rx_latency=1ms tx_dur=1ms,23.588,
2727,10,1144,2859467896,2026-07-14T15:06:14.348468+00:00,114.300125,22476,41,0202aa70047857cc005a5811460e29efbf1ffffffc2246cd1e00000fc0007ebfe9ed0737feebfff600,1,TX 41 seq=8893 rx_latency=1ms tx_dur=1ms,16.264,
2727,10,1145,2859467897,2026-07-14T15:06:14.448475+00:00,114.400138,22576,41,0202aa7004795830005a5811460e29efbf1ffffffc2246cd1e00000fc0007ebfe9ed0737feebfff600,1,TX 41 seq=8894 rx_latency=1ms tx_dur=1ms,17.985,
2727,10,1146,2859467898,2026-07-14T15:06:14.548472+00:00,114.500131,22676,41,0202aa70047a5894005a5811460e29efbf1ffffffc2246cd1e00000fc0007ebfe9ed0737feebfff600,1,TX 41 seq=8895 rx_latency=1ms tx_dur=1ms,19.673,
2727,10,1147,2859467899,2026-07-14T15:06:14.648479+00:00,114.600144,22776,41,0202aa70047b58f8005a5811460e29efbf1ffffffc2246cd1e00000fc0007ebfe9ed0737feebfff600,1,TX 41 seq=8896 rx_latency=1ms tx_dur=1ms,21.428,
2727,10,1148,2859467900,2026-07-14T15:06:14.748469+00:00,114.700126,22876,41,0202aa70047c595c005a5811460e29efbf1ffffffc2246cd1e00000fc0007ebfe9ed0737feebfff600,1,TX 41 seq=8897 rx_latency=1ms tx_dur=1ms,24.003,
2727,10,1149,2859467901,2026-07-14T15:06:14.848478+00:00,114.800139,22976,41,0202aa70047d59c0005a5811460e29efbf1ffffffc2246cd1e00000fc0007ebfe9ed0737feebfff600,1,TX 41 seq=8898 rx_latency=1ms tx_dur=1ms,15.817,
2727,10,1150,2859467902,2026-07-14T15:06:14.948468+00:00,114.900125,23076,41,0202aa70047e5a24005a5811460e29efbf1ffffffc2246cd1e00000fc0007ebfe9ed0737feebfff600,1,TX 41 seq=8899 rx_latency=1ms tx_dur=1ms,17.539,
2727,10,1151,2859467903,2026-07-14T15:06:15.048479+00:00,115.000142,23176,41,0202aa70047f5a88005a5811460e29efbf1ffffffc2246cd1e00000fc0007ebfe9ed0737feebfff600,1,TX 41 seq=8900 rx_latency=1ms tx_dur=1ms,19.258,
2727,10,1152,2859467904,2026-07-14T15:06:15.148468+00:00,115.100125,23276,41,0202aa7004805aec005a5811460e29efbf1ffffffc2246cd1e00000fc0007ebfe9ed0737feebfff600,1,TX 41 seq=8901 rx_latency=1ms tx_dur=1ms,22.014,
2727,10,1153,2859467905,2026-07-14T15:06:15.248478+00:00,115.200140,23376,41,0202aa7004815b50005a5811460e29efbf1ffffffc2246cd1e00000fc0007ebfe9ed0737feebfff600,1,TX 41 seq=8902 rx_latency=1ms tx_dur=1ms,23.368,
2727,10,1154,2859467906,2026-07-14T15:06:15.348475+00:00,115.300138,23476,41,0202aa7004825bb4005a5811460e29efbf1ffffffc2246cd1e00000fc0007ebfe9ed0737feebfff600,1,TX 41 seq=8903 rx_latency=1ms tx_dur=1ms,15.997,
2727,10,1155,2859467907,2026-07-14T15:06:15.448473+00:00,115.400136,23576,41,0202aa7004835c18005a5811460e29efbf1ffffffc2246cd1e00000fc0007ebfe9ed0737feebfff600,1,TX 41 seq=8904 rx_latency=1ms tx_dur=1ms,17.628,
2727,10,1156,2859467908,2026-07-14T15:06:15.548492+00:00,115.500178,23676,41,0202aa7004845c7c005a5811460e29efbf1ffffffc2246cd1e00000fc0007ebfe9ed0737feebfff600,1,TX 41 seq=8905 rx_latency=1ms tx_dur=1ms,19.994,
2727,10,1157,2859467909,2026-07-14T15:06:15.648483+00:00,115.600154,23776,41,0202aa7004855ce0005a5811460e29efbf1ffffffc2246cd1e00000fc0007ebfe9ed0737feebfff600,1,TX 41 seq=8906 rx_latency=1ms tx_dur=1ms,21.534,
2727,10,1158,2859467910,2026-07-14T15:06:15.748475+00:00,115.700140,23876,41,0202aa7004865d44005a5811460e29efbf1ffffffc2246cd1e00000fc0007ebfe9ed0737feebfff600,1,TX 41 seq=8907 rx_latency=1ms tx_dur=1ms,24.262,
2727,10,1159,2859467911,2026-07-14T15:06:15.848480+00:00,115.800144,23976,41,0202aa7004875da8005a5811460e29efbf1ffffffc2246cd1e00000fc0007ebfe9ed0737feebfff600,1,TX 41 seq=8908 rx_latency=1ms tx_dur=1ms,16.788,
2727,10,1160,2859467912,2026-07-14T15:06:15.948475+00:00,115.900139,24076,41,0202aa7004885e0c005a5811460e29efbf1ffffffc2246cd1e00000fc0007ebfe9ed0737feebfff600,1,TX 41 seq=8909 rx_latency=1ms tx_dur=1ms,18.325,
2727,10,1161,2859467913,2026-07-14T15:06:16.048474+00:00,116.000133,24176,41,0202aa7004895e70005a5811460e29efbf1ffffffc2246cd1e00000fc0007ebfe9ed0737feebfff600,1,TX 41 seq=8910 rx_latency=1ms tx_dur=1ms,19.934,
2727,10,1162,2859467914,2026-07-14T15:06:16.148480+00:00,116.100143,24276,41,0202aa70048a5ed4005a5811460e29efbf1ffffffc2246cd1e00000fc0007ebfe9ed0737feebfff600,1,TX 41 seq=8911 rx_latency=1ms tx_dur=1ms,21.376,
2727,10,1163,2859467915,2026-07-14T15:06:16.248469+00:00,116.200127,24376,41,0202aa70048b5f38005a5811460e29efbf1ffffffc2246cd1e00000fc0007ebfe9ed0737feebfff600,1,TX 41 seq=8912 rx_latency=1ms tx_dur=1ms,23.953,
2727,10,1164,2859467916,2026-07-14T15:06:16.348479+00:00,116.300142,24476,41,0202aa70048c5f9c005a5811460e29efbf1ffffffc2246cd1e00000fc0007ebfe9ed0737feebfff600,1,TX 41 seq=8913 rx_latency=1ms tx_dur=1ms,15.758,
2727,10,1165,2859467917,2026-07-14T15:06:16.448469+00:00,116.400126,24576,41,0202aa70048d6000005a5811460e29efbf1ffffffc2246cd1e00000fc0007ebfe9ed0737feebfff600,1,TX 41 seq=8914 rx_latency=1ms tx_dur=1ms,17.489,
2727,10,1166,2859467918,2026-07-14T15:06:16.548480+00:00,116.500151,24676,41,0202aa70048e6064005a5811460e29efbf1ffffffc2246cd1e00000fc0007ebfe9ed0737feebfff600,1,TX 41 seq=8915 rx_latency=1ms tx_dur=1ms,20.251,
2727,10,1167,2859467919,2026-07-14T15:06:16.648477+00:00,116.600151,24776,41,0202aa70048f60c8005a5811460e29efbf1ffffffc2246cd1e00000fc0007ebfe9ed0737feebfff600,1,TX 41 seq=8916 rx_latency=1ms tx_dur=1ms,21.744,
2727,10,1168,2859467920,2026-07-14T15:06:16.748481+00:00,116.700148,24876,41,0202aa700490612c005a5811460e29efbf1ffffffc2246cd1e00000fc0007ebfe9ed0737feebfff600,1,TX 41 seq=8917 rx_latency=1ms tx_dur=1ms,23.548,
2727,10,1169,2859467921,2026-07-14T15:06:16.848470+00:00,116.800129,24976,41,0202aa7004916190005a5811460e29efbf1ffffffc2246cd1e00000fc0007ebfe9ed0737feebfff600,1,TX 41 seq=8918 rx_latency=1ms tx_dur=1ms,15.330,
2727,10,1170,2859467922,2026-07-14T15:06:16.948457+00:00,116.900121,25076,41,0202aa70049261f4005a5811460e29efbf1ffffffc2246cd1e00000fc0007ebfe9ed0737feebfff600,1,TX 41 seq=8919 rx_latency=1ms tx_dur=1ms,18.169,
2727,10,1171,2859467923,2026-07-14T15:06:17.048472+00:00,117.000135,25176,41,0202aa7004936258005a5811460e29efbf1ffffffc2246cd1e00000fc0007ebfe9ed0737feebfff600,1,TX 41 seq=8920 rx_latency=1ms tx_dur=1ms,19.796,
2727,10,1172,2859467924,2026-07-14T15:06:17.148483+00:00,117.100150,25276,41,0202aa70049462bc005a5811460e29efbf1ffffffc2246cd1e00000fc0007ebfe9ed0737feebfff600,1,TX 41 seq=8921 rx_latency=1ms tx_dur=1ms,22.242,
2727,10,1173,2859467925,2026-07-14T15:06:17.248471+00:00,117.200130,25376,41,0202aa7004956320005a5811460e29efbf1ffffffc2246cd1e00000fc0007ebfe9ed0737feebfff600,1,TX 41 seq=8922 rx_latency=1ms tx_dur=1ms,23.680,
2727,10,1174,2859467926,2026-07-14T15:06:17.348476+00:00,117.300141,25476,41,0202aa7004966384005a5811460e29efbf1ffffffc2246cd1e00000fc0007ebfe9ed0737feebfff600,1,TX 41 seq=8923 rx_latency=1ms tx_dur=1ms,16.498,
2727,10,1175,2859467927,2026-07-14T15:06:17.448477+00:00,117.400139,25576,41,0202aa70049763e8005a5811460e29efbf1ffffffc2246cd1e00000fc0007ebfe9ed0737feebfff600,1,TX 41 seq=8924 rx_latency=1ms tx_dur=1ms,17.869,
2727,10,1176,2859467928,2026-07-14T15:06:17.548476+00:00,117.500145,25676,41,0202aa700498644c005a5811460e29efbf1ffffffc2246cd1e00000fc0007ebfe9ed0737feebfff600,1,TX 41 seq=8925 rx_latency=1ms tx_dur=1ms,19.331,
2727,10,1177,2859467929,2026-07-14T15:06:17.648447+00:00,117.600110,25776,41,0202aa70049964b0005a5811460e29efbf1ffffffc2246cd1e00000fc0007ebfe9ed0737feebfff600,1,TX 41 seq=8926 rx_latency=1ms tx_dur=1ms,22.104,
2727,10,1178,2859467930,2026-07-14T15:06:17.748429+00:00,117.700113,25876,41,0202aa70049a6514005a5811460e29efbf1ffffffc2246cd1e00000fc0007ebfe9ed0737feebfff600,1,TX 41 seq=8927 rx_latency=1ms tx_dur=1ms,23.454,
2727,10,1179,2859467931,2026-07-14T15:06:17.848473+00:00,117.800137,25976,41,0202aa70049b6578005a5811460e29efbf1ffffffc2246cd1e00000fc0007ebfe9ed0737feebfff600,1,TX 41 seq=8928 rx_latency=1ms tx_dur=1ms,16.031,
2727,10,1180,2859467932,2026-07-14T15:06:17.948476+00:00,117.900142,26076,41,0202aa70049c65dc005a5811460e29efbf1ffffffc2246cd1e00000fc0007ebfe9ed0737feebfff600,1,TX 41 seq=8929 rx_latency=1ms tx_dur=1ms,17.674,
2727,10,1181,2859467933,2026-07-14T15:06:18.048479+00:00,118.000142,26176,41,0202aa70049d6640005a5811460e29efbf1ffffffc2246cd1e00000fc0007ebfe9ed0737feebfff600,1,TX 41 seq=8930 rx_latency=1ms tx_dur=1ms,20.255,
2727,10,1182,2859467934,2026-07-14T15:06:18.148468+00:00,118.100127,26276,41,0202aa70049e66a4005a5811460e29efbf1ffffffc2246cd1e00000fc0007ebfe9ed0737feebfff600,1,TX 41 seq=8931 rx_latency=1ms tx_dur=1ms,21.746,
2727,10,1183,2859467935,2026-07-14T15:06:18.248479+00:00,118.200145,26376,41,0202aa70049f6708005a5811460e29efbf1ffffffc2246cd1e00000fc0007ebfe9ed0737feebfff600,1,TX 41 seq=8932 rx_latency=1ms tx_dur=1ms,23.493,
2727,10,1184,2859467936,2026-07-14T15:06:18.348471+00:00,118.300128,26476,41,0202aa7004a0676c005a5811460e29efbf1ffffffc2246cd1e00000fc0007ebfe9ed0737feebfff600,1,TX 41 seq=8933 rx_latency=1ms tx_dur=1ms,15.347,
2727,10,1185,2859467937,2026-07-14T15:06:18.448488+00:00,118.400163,26576,41,0202aa7004a167d0005a5811460e29efbf1ffffffc2246cd1e00000fc0007ebfe9ed0737feebfff600,1,TX 41 seq=8934 rx_latency=1ms tx_dur=1ms,17.935,
2727,10,1186,2859467938,2026-07-14T15:06:18.548477+00:00,118.500142,26676,41,0202aa7004a26834005a5811460e29efbf1ffffffc2246cd1e00000fc0007ebfe9ed0737feebfff600,1,TX 41 seq=8935 rx_latency=1ms tx_dur=1ms,19.487,
2727,10,1187,2859467939,2026-07-14T15:06:18.648475+00:00,118.600137,26776,41,0202aa7004a36898005a5811460e29efbf1ffffffc2246cd1e00000fc0007ebfe9ed0737feebfff600,1,TX 41 seq=8936 rx_latency=1ms tx_dur=1ms,22.189,
2727,10,1188,2859467940,2026-07-14T15:06:18.748480+00:00,118.700144,26876,41,0202aa7004a468fc005a5811460e29efbf1ffffffc2246cd1e00000fc0007ebfe9ed0737feebfff600,1,TX 41 seq=8937 rx_latency=1ms tx_dur=1ms,23.679,
2727,10,1189,2859467941,2026-07-14T15:06:18.848462+00:00,118.800128,26976,41,0202aa7004a56960005a5811460e29efbf1ffffffc2246cd1e00000fc0007ebfe9ed0737feebfff600,1,TX 41 seq=8938 rx_latency=1ms tx_dur=1ms,16.332,
2727,10,1190,2859467942,2026-07-14T15:06:18.948479+00:00,118.900146,27076,41,0202aa7004a669c4005a5811460e29efbf1ffffffc2246cd1e00000fc0007ebfe9ed0737feebfff600,1,TX 41 seq=8939 rx_latency=1ms tx_dur=1ms,18.059,
2727,10,1191,2859467943,2026-07-14T15:06:19.048472+00:00,119.000132,27176,41,0202aa7004a76a28005a5811460e29efbf1ffffffc2246cd1e00000fc0007ebfe9ed0737feebfff600,1,TX 41 seq=8940 rx_latency=1ms tx_dur=1ms,19.756,
2727,10,1192,2859467944,2026-07-14T15:06:19.148480+00:00,119.100145,27276,41,0202aa7004a86a8c005a5811460e29efbf1ffffffc2246cd1e00000fc0007ebfe9ed0737feebfff600,1,TX 41 seq=8941 rx_latency=1ms tx_dur=1ms,21.505,
2727,10,1193,2859467945,2026-07-14T15:06:19.248444+00:00,119.200101,27376,41,0202aa7004a96af0005a5811460e29efbf1ffffffc2246cd1e00000fc0007ebfe9ed0737feebfff600,1,TX 41 seq=8942 rx_latency=1ms tx_dur=1ms,24.272,
2727,10,1194,2859467946,2026-07-14T15:06:19.348479+00:00,119.300144,27476,41,0202aa7004aa6b54005a5811460e29efbf1ffffffc2246cd1e00000fc0007ebfe9ed0737feebfff600,1,TX 41 seq=8943 rx_latency=1ms tx_dur=1ms,16.754,
2727,10,1195,2859467947,2026-07-14T15:06:19.448496+00:00,119.400189,27576,41,0202aa7004ab6bb8005a5811460e29efbf1ffffffc2246cd1e00000fc0007ebfe9ed0737feebfff600,1,TX 41 seq=8944 rx_latency=1ms tx_dur=1ms,18.124,
2727,10,1196,2859467948,2026-07-14T15:06:19.548477+00:00,119.500145,27676,41,0202aa7004ac6c1c005a5811460e29efbf1ffffffc2246cd1e00000fc0007ebfe9ed0737feebfff600,1,TX 41 seq=8945 rx_latency=1ms tx_dur=1ms,19.860,
2727,10,1197,2859467949,2026-07-14T15:06:19.648488+00:00,119.600167,27776,41,0202aa7004ad6c80005a5811460e29efbf1ffffffc2246cd1e00000fc0007ebfe9ed0737feebfff600,1,TX 41 seq=8946 rx_latency=1ms tx_dur=1ms,21.262,
2727,10,1198,2859467950,2026-07-14T15:06:19.748481+00:00,119.700157,27876,41,0202aa7004ae6ce4005a5811460e29efbf1ffffffc2246cd1e00000fc0007ebfe9ed0737feebfff600,1,TX 41 seq=8947 rx_latency=1ms tx_dur=1ms,23.667,
2727,10,1199,2859467951,2026-07-14T15:06:19.848486+00:00,119.800163,27976,41,0202aa7004af6d48005a5811460e29efbf1ffffffc2246cd1e00000fc0007ebfe9ed0737feebfff600,1,TX 41 seq=8948 rx_latency=1ms tx_dur=1ms,16.514,
2727,10,1200,2859467952,2026-07-14T15:06:19.948481+00:00,119.900150,28076,41,0202aa7004b06dac005a5811460e29efbf1ffffffc2246cd1e00000fc0007ebfe9ed0737feebfff600,1,TX 41 seq=8949 rx_latency=1ms tx_dur=1ms,17.929,
2727,10,1201,2859467953,2026-07-14T15:06:20.048481+00:00,120.000152,28176,41,0202aa7004b16e10005a5811460e29efbf1ffffffc2246cd1e00000fc0007ebfe9ed0737feebfff600,1,TX 41 seq=8950 rx_latency=1ms tx_dur=1ms,19.357,
2727,10,1202,2859467954,2026-07-14T15:06:20.148477+00:00,120.100147,28276,41,0202aa7004b26e74005a5811460e29efbf1ffffffc2246cd1e00000fc0007ebfe9ed0737feebfff600,1,TX 41 seq=8951 rx_latency=1ms tx_dur=1ms,22.151,
2727,10,1203,2859467955,2026-07-14T15:06:20.248477+00:00,120.200142,28376,41,0202aa7004b36ed8005a5811460e29efbf1ffffffc2246cd1e00000fc0007ebfe9ed0737feebfff600,1,TX 41 seq=8952 rx_latency=1ms tx_dur=1ms,23.623,
2727,10,1204,2859467956,2026-07-14T15:06:20.348463+00:00,120.300124,28476,41,0202aa7004b46f3c005a5811460e29efbf1ffffffc2246cd1e00000fc0007ebfe9ed0737feebfff600,1,TX 41 seq=8953 rx_latency=1ms tx_dur=1ms,16.302,
2727,10,1205,2859467957,2026-07-14T15:06:20.448476+00:00,120.400140,28576,41,0202aa7004b56fa0005a5811460e29efbf1ffffffc2246cd1e00000fc0007ebfe9ed0737feebfff600,1,TX 41 seq=8954 rx_latency=1ms tx_dur=1ms,18.007,
2727,10,1206,2859467958,2026-07-14T15:06:20.548475+00:00,120.500137,28676,41,0202aa7004b67004005a5811460e29efbf1ffffffc2246cd1e00000fc0007ebfe9ed0737feebfff600,1,TX 41 seq=8955 rx_latency=1ms tx_dur=1ms,19.748,
2727,10,1207,2859467959,2026-07-14T15:06:20.648472+00:00,120.600137,28776,41,0202aa7004b77068005a5811460e29efbf1ffffffc2246cd1e00000fc0007ebfe9ed0737feebfff600,1,TX 41 seq=8956 rx_latency=1ms tx_dur=1ms,21.408,
2727,10,1208,2859467960,2026-07-14T15:06:20.748481+00:00,120.700149,28876,41,0202aa7004b870cc005a5811460e29efbf1ffffffc2246cd1e00000fc0007ebfe9ed0737feebfff600,1,TX 41 seq=8957 rx_latency=1ms tx_dur=1ms,24.062,
2727,10,1209,2859467961,2026-07-14T15:06:20.848481+00:00,120.800146,28976,41,0202aa7004b97130005a5811460e29efbf1ffffffc2246cd1e00000fc0007ebfe9ed0737feebfff600,1,TX 41 seq=8958 rx_latency=1ms tx_dur=1ms,15.777,
2727,10,1210,2859467962,2026-07-14T15:06:20.948474+00:00,120.900131,29076,41,0202aa7004ba7194005a5811460e29efbf1ffffffc2246cd1e00000fc0007ebfe9ed0737feebfff600,1,TX 41 seq=8959 rx_latency=1ms tx_dur=1ms,17.661,
2727,10,1211,2859467963,2026-07-14T15:06:21.048498+00:00,121.000176,29176,41,0202aa7004bb71f8005a5811460e29efbf1ffffffc2246cd1e00000fc0007ebfe9ed0737feebfff600,1,TX 41 seq=8960 rx_latency=1ms tx_dur=1ms,20.244,
2727,10,1212,2859467964,2026-07-14T15:06:21.148471+00:00,121.100133,29276,41,0202aa7004bc725c005a5811460e29efbf1ffffffc2246cd1e00000fc0007ebfe9ed0737feebfff600,1,TX 41 seq=8961 rx_latency=1ms tx_dur=1ms,22.110,
2727,10,1213,2859467965,2026-07-14T15:06:21.248478+00:00,121.200143,29376,41,0202aa7004bd72c0005a5811460e29efbf1ffffffc2246cd1e00000fc0007ebfe9ed0737feebfff600,1,TX 41 seq=8962 rx_latency=1ms tx_dur=1ms,23.405,
2727,10,1214,2859467966,2026-07-14T15:06:21.348474+00:00,121.300136,29476,41,0202aa7004be7324005a5811460e29efbf1ffffffc2246cd1e00000fc0007ebfe9ed0737feebfff600,1,TX 41 seq=8963 rx_latency=1ms tx_dur=1ms,16.035,
2727,10,1215,2859467967,2026-07-14T15:06:21.448425+00:00,121.400103,29576,41,0202aa7004bf7388005a5811460e29efbf1ffffffc2246cd1e00000fc0007ebfe9ed0737feebfff600,1,TX 41 seq=8964 rx_latency=1ms tx_dur=1ms,17.636,
2727,10,1216,2859467968,2026-07-14T15:06:21.548474+00:00,121.500138,29676,41,0202aa7004c073ec005a5811460e29efbf1ffffffc2246cd1e00000fc0007ebfe9ed0737feebfff600,1,TX 41 seq=8965 rx_latency=1ms tx_dur=1ms,20.299,
2727,10,1217,2859467969,2026-07-14T15:06:21.648479+00:00,121.600149,29776,41,0202aa7004c17450005a5811460e29efbf1ffffffc2246cd1e00000fc0007ebfe9ed0737feebfff600,1,TX 41 seq=8966 rx_latency=1ms tx_dur=1ms,21.623,
2727,10,1218,2859467970,2026-07-14T15:06:21.748470+00:00,121.700132,29876,41,0202aa7004c274b4005a5811460e29efbf1ffffffc2246cd1e00000fc0007ebfe9ed0737feebfff600,1,TX 41 seq=8967 rx_latency=1ms tx_dur=1ms,23.567,
2727,10,1219,2859467971,2026-07-14T15:06:21.848478+00:00,121.800140,29976,41,0202aa7004c37518005a5811460e29efbf1ffffffc2246cd1e00000fc0007ebfe9ed0737feebfff600,1,TX 41 seq=8968 rx_latency=1ms tx_dur=1ms,16.291,
2727,10,1220,2859467972,2026-07-14T15:06:21.948471+00:00,121.900132,30076,41,0202aa7004c4757c005a5811460e29efbf1ffffffc2246cd1e00000fc0007ebfe9ed0737feebfff600,1,TX 41 seq=8969 rx_latency=1ms tx_dur=1ms,18.142,
2727,10,1221,2859467973,2026-07-14T15:06:22.048477+00:00,122.000145,30176,41,0202aa7004c575e0005a5811460e29efbf1ffffffc2246cd1e00000fc0007ebfe9ed0737feebfff600,1,TX 41 seq=8970 rx_latency=1ms tx_dur=1ms,19.482,
2727,10,1222,2859467974,2026-07-14T15:06:22.148470+00:00,122.100128,30276,41,0202aa7004c67644005a5811460e29efbf1ffffffc2246cd1e00000fc0007ebfe9ed0737feebfff600,1,TX 41 seq=8971 rx_latency=1ms tx_dur=1ms,21.399,
2727,10,1223,2859467975,2026-07-14T15:06:22.248476+00:00,122.200138,30376,41,0202aa7004c776a8005a5811460e29efbf1ffffffc2246cd1e00000fc0007ebfe9ed0737feebfff600,1,TX 41 seq=8972 rx_latency=1ms tx_dur=1ms,24.056,
2727,10,1224,2859467976,2026-07-14T15:06:22.348472+00:00,122.300130,30476,41,0202aa7004c8770c005a5811460e29efbf1ffffffc2246cd1e00000fc0007ebfe9ed0737feebfff600,1,TX 41 seq=8973 rx_latency=1ms tx_dur=1ms,15.985,
2727,10,1225,2859467977,2026-07-14T15:06:22.448474+00:00,122.400137,30576,41,0202aa7004c97770005a5811460e29efbf1ffffffc2246cd1e00000fc0007ebfe9ed0737feebfff600,1,TX 41 seq=8974 rx_latency=1ms tx_dur=1ms,17.443,
2727,10,1226,2859467978,2026-07-14T15:06:22.548450+00:00,122.500108,30676,41,0202aa7004ca77d4005a5811460e29efbf1ffffffc2246cd1e00000fc0007ebfe9ed0737feebfff600,1,TX 41 seq=8975 rx_latency=1ms tx_dur=1ms,20.351,
2727,10,1227,2859467979,2026-07-14T15:06:22.648475+00:00,122.600140,30776,41,0202aa7004cb7838005a5811460e29efbf1ffffffc2246cd1e00000fc0007ebfe9ed0737feebfff600,1,TX 41 seq=8976 rx_latency=1ms tx_dur=1ms,21.914,
2727,10,1228,2859467980,2026-07-14T15:06:22.748472+00:00,122.700132,30876,41,0202aa7004cc789c005a5811460e29efbf1ffffffc2246cd1e00000fc0007ebfe9ed0737feebfff600,1,TX 41 seq=8977 rx_latency=1ms tx_dur=1ms,23.740,
2727,10,1229,2859467981,2026-07-14T15:06:22.848477+00:00,122.800141,30976,41,0202aa7004cd7900005a5811460e29efbf1ffffffc2246cd1e00000fc0007ebfe9ed0737feebfff600,1,TX 41 seq=8978 rx_latency=1ms tx_dur=1ms,16.470,
2727,10,1230,2859467982,2026-07-14T15:06:22.948478+00:00,122.900140,31076,41,0202aa7004ce7964005a5811460e29efbf1ffffffc2246cd1e00000fc0007ebfe9ed0737feebfff600,1,TX 41 seq=8979 rx_latency=1ms tx_dur=1ms,17.852,
2727,10,1231,2859467983,2026-07-14T15:06:23.048474+00:00,123.000135,31176,41,0202aa7004cf79c8005a5811460e29efbf1ffffffc2246cd1e00000fc0007ebfe9ed0737feebfff600,1,TX 41 seq=8980 rx_latency=1ms tx_dur=1ms,19.336,
2727,10,1232,2859467984,2026-07-14T15:06:23.148469+00:00,123.100126,31276,41,0202aa7004d07a2c005a5811460e29efbf1ffffffc2246cd1e00000fc0007ebfe9ed0737feebfff600,1,TX 41 seq=8981 rx_latency=1ms tx_dur=1ms,22.111,
2727,10,1233,2859467985,2026-07-14T15:06:23.248478+00:00,123.200142,31376,41,0202aa7004d17a90005a5811460e29efbf1ffffffc2246cd1e00000fc0007ebfe9ed0737feebfff600,1,TX 41 seq=8982 rx_latency=1ms tx_dur=1ms,23.434,
2727,10,1234,2859467986,2026-07-14T15:06:23.348475+00:00,123.300138,31476,41,0202aa7004d27af4005a5811460e29efbf1ffffffc2246cd1e00000fc0007ebfe9ed0737feebfff600,1,TX 41 seq=8983 rx_latency=1ms tx_dur=1ms,16.052,
2727,10,1235,2859467987,2026-07-14T15:06:23.448468+00:00,123.400126,31576,41,0202aa7004d37b58005a5811460e29efbf1ffffffc2246cd1e00000fc0007ebfe9ed0737feebfff600,1,TX 41 seq=8984 rx_latency=1ms tx_dur=1ms,17.728,
2727,10,1236,2859467988,2026-07-14T15:06:23.548478+00:00,123.500140,31676,41,0202aa7004d47bbc005a5811460e29efbf1ffffffc2246cd1e00000fc0007ebfe9ed0737feebfff600,1,TX 41 seq=8985 rx_latency=1ms tx_dur=1ms,20.298,
2727,10,1237,2859467989,2026-07-14T15:06:23.648469+00:00,123.600125,31776,41,0202aa7004d57c20005a5811460e29efbf1ffffffc2246cd1e00000fc0007ebfe9ed0737feebfff600,1,TX 41 seq=8986 rx_latency=1ms tx_dur=1ms,21.782,
2727,10,1238,2859467990,2026-07-14T15:06:23.748481+00:00,123.700149,31876,41,0202aa7004d67c84005a5811460e29efbf1ffffffc2246cd1e00000fc0007ebfe9ed0737feebfff600,1,TX 41 seq=8987 rx_latency=1ms tx_dur=1ms,23.455,
2727,10,1239,2859467991,2026-07-14T15:06:23.848472+00:00,123.800131,31976,41,0202aa7004d77ce8005a5811460e29efbf1ffffffc2246cd1e00000fc0007ebfe9ed0737feebfff600,1,TX 41 seq=8988 rx_latency=1ms tx_dur=1ms,16.362,
2727,10,1240,2859467992,2026-07-14T15:06:23.948479+00:00,123.900141,32076,41,0202aa7004d87d4c005a5811460e29efbf1ffffffc2246cd1e00000fc0007ebfe9ed0737feebfff600,1,TX 41 seq=8989 rx_latency=1ms tx_dur=1ms,18.090,
2727,10,1241,2859467993,2026-07-14T15:06:24.048470+00:00,124.000128,32176,41,0202aa7004d97db0005a5811460e29efbf1ffffffc2246cd1e00000fc0007ebfe9ed0737feebfff600,1,TX 41 seq=8990 rx_latency=1ms tx_dur=1ms,19.585,
2727,10,1242,2859467994,2026-07-14T15:06:24.148478+00:00,124.100140,32276,41,0202aa7004da7e14005a5811460e29efbf1ffffffc2246cd1e00000fc0007ebfe9ed0737feebfff600,1,TX 41 seq=8991 rx_latency=1ms tx_dur=1ms,21.333,
2727,10,1243,2859467995,2026-07-14T15:06:24.248475+00:00,124.200136,32376,41,0202aa7004db7e78005a5811460e29efbf1ffffffc2246cd1e00000fc0007ebfe9ed0737feebfff600,1,TX 41 seq=8992 rx_latency=1ms tx_dur=1ms,24.192,
2727,10,1244,2859467996,2026-07-14T15:06:24.348471+00:00,124.300129,32476,41,0202aa7004dc7edc005a5811460e29efbf1ffffffc2246cd1e00000fc0007ebfe9ed0737feebfff600,1,TX 41 seq=8993 rx_latency=1ms tx_dur=1ms,15.929,
2727,10,1245,2859467997,2026-07-14T15:06:24.448475+00:00,124.400138,32576,41,0202aa7004dd7f40005a5811460e29efbf1ffffffc2246cd1e00000fc0007ebfe9ed0737feebfff600,1,TX 41 seq=8994 rx_latency=1ms tx_dur=1ms,17.442,
2727,10,1246,2859467998,2026-07-14T15:06:24.548440+00:00,124.500125,32676,41,0202aa7004de7fa4005a5811460e29efbf1ffffffc2246cd1e00000fc0007ebfe9ed0737feebfff600,1,TX 41 seq=8995 rx_latency=1ms tx_dur=1ms,20.188,
2727,10,1247,2859467999,2026-07-14T15:06:24.648476+00:00,124.600144,32776,41,0202aa7004df8008005a5811460e29efbf1ffffffc2246cd1e00000fc0007ebfe9ed0737feebfff600,1,TX 41 seq=8996 rx_latency=1ms tx_dur=1ms,21.975,
2727,10,1248,2859468000,2026-07-14T15:06:24.748473+00:00,124.700136,32876,41,0202aa7004e0806c005a5811460e29efbf1ffffffc2246cd1e00000fc0007ebfe9ed0737feebfff600,1,TX 41 seq=8997 rx_latency=1ms tx_dur=1ms,23.653,
2727,10,1249,2859468001,2026-07-14T15:06:24.848406+00:00,124.800073,32976,41,0202aa7004e180d0005a5811460e29efbf1ffffffc2246cd1e00000fc0007ebfe9ed0737feebfff600,1,TX 41 seq=8998 rx_latency=1ms tx_dur=1ms,16.554,
2727,10,1250,2859468002,2026-07-14T15:06:24.948485+00:00,124.900159,33076,41,0202aa7004e28134005a5811460e29efbf1ffffffc2246cd1e00000fc0007ebfe9ed0737feebfff600,1,TX 41 seq=8999 rx_latency=1ms tx_dur=1ms,17.828,
2727,10,1251,2859468003,2026-07-14T15:06:25.048477+00:00,125.000145,33176,41,0202aa7004e38198005a5811460e29efbf1ffffffc2246cd1e00000fc0007ebfe9ed0737feebfff600,1,TX 41 seq=9000 rx_latency=1ms tx_dur=1ms,19.323,
2727,10,1252,2859468004,2026-07-14T15:06:25.148469+00:00,125.100130,33276,41,0202aa7004e481fc005a5811460e29efbf1ffffffc2246cd1e00000fc0007ebfe9ed0737feebfff600,1,TX 41 seq=9001 rx_latency=1ms tx_dur=1ms,22.081,
2727,10,1253,2859468005,2026-07-14T15:06:25.248478+00:00,125.200143,33376,41,0202aa7004e58260005a5811460e29efbf1ffffffc2246cd1e00000fc0007ebfe9ed0737feebfff600,1,TX 41 seq=9002 rx_latency=1ms tx_dur=1ms,23.453,
2727,10,1254,2859468006,2026-07-14T15:06:25.348484+00:00,125.300165,33476,41,0202aa7004e682c4005a5811460e29efbf1ffffffc2246cd1e00000fc0007ebfe9ed0737feebfff600,1,TX 41 seq=9003 rx_latency=1ms tx_dur=1ms,15.993,
2727,10,1255,2859468007,2026-07-14T15:06:25.448470+00:00,125.400135,33576,41,0202aa7004e78328005a5811460e29efbf1ffffffc2246cd1e00000fc0007ebfe9ed0737feebfff600,1,TX 41 seq=9004 rx_latency=1ms tx_dur=1ms,17.720,
2727,10,1256,2859468008,2026-07-14T15:06:25.548479+00:00,125.500147,33676,41,0202aa7004e8838c005a5811460e29efbf1ffffffc2246cd1e00000fc0007ebfe9ed0737feebfff600,1,TX 41 seq=9005 rx_latency=1ms tx_dur=1ms,20.285,
2727,10,1257,2859468009,2026-07-14T15:06:25.648479+00:00,125.600150,33776,41,0202aa7004e983f0005a5811460e29efbf1ffffffc2246cd1e00000fc0007ebfe9ed0737feebfff600,1,TX 41 seq=9006 rx_latency=1ms tx_dur=1ms,21.714,
2727,10,1258,2859468010,2026-07-14T15:06:25.748492+00:00,125.700179,33876,41,0202aa7004ea8454005a5811460e29efbf1ffffffc2246cd1e00000fc0007ebfe9ed0737feebfff600,1,TX 41 seq=9007 rx_latency=1ms tx_dur=1ms,23.373,
2727,10,1259,2859468011,2026-07-14T15:06:25.848474+00:00,125.800142,33976,41,0202aa7004eb84b8005a5811460e29efbf1ffffffc2246cd1e00000fc0007ebfe9ed0737feebfff600,1,TX 41 seq=9008 rx_latency=1ms tx_dur=1ms,16.337,
2727,10,1260,2859468012,2026-07-14T15:06:25.948480+00:00,125.900146,34076,41,0202aa7004ec851c005a5811460e29efbf1ffffffc2246cd1e00000fc0007ebfe9ed0737feebfff600,1,TX 41 seq=9009 rx_latency=1ms tx_dur=1ms,18.093,
2727,10,1261,2859468013,2026-07-14T15:06:26.048469+00:00,126.000125,34176,41,0202aa7004ed8580005a5811460e29efbf1ffffffc2246cd1e00000fc0007ebfe9ed0737feebfff600,1,TX 41 seq=9010 rx_latency=1ms tx_dur=1ms,19.607,
2727,10,1262,2859468014,2026-07-14T15:06:26.148479+00:00,126.100141,34276,41,0202aa7004ee85e4005a5811460e29efbf1ffffffc2246cd1e00000fc0007ebfe9ed0737feebfff600,1,TX 41 seq=9011 rx_latency=1ms tx_dur=1ms,21.359,
2727,10,1263,2859468015,2026-07-14T15:06:26.248469+00:00,126.200130,34376,41,0202aa7004ef8648005a5811460e29efbf1ffffffc2246cd1e00000fc0007ebfe9ed0737feebfff600,1,TX 41 seq=9012 rx_latency=1ms tx_dur=1ms,24.113,
2727,10,1264,2859468016,2026-07-14T15:06:26.348481+00:00,126.300145,34476,41,0202aa7004f086ac005a5811460e29efbf1ffffffc2246cd1e00000fc0007ebfe9ed0737feebfff600,1,TX 41 seq=9013 rx_latency=1ms tx_dur=1ms,15.929,
2727,10,1265,2859468017,2026-07-14T15:06:26.448469+00:00,126.400128,34576,41,0202aa7004f18710005a5811460e29efbf1ffffffc2246cd1e00000fc0007ebfe9ed0737feebfff600,1,TX 41 seq=9014 rx_latency=1ms tx_dur=1ms,17.739,
2727,10,1266,2859468018,2026-07-14T15:06:26.548480+00:00,126.500144,34676,41,0202aa7004f28774005a5811460e29efbf1ffffffc2246cd1e00000fc0007ebfe9ed0737feebfff600,1,TX 41 seq=9015 rx_latency=1ms tx_dur=1ms,20.268,
2727,10,1267,2859468019,2026-07-14T15:06:26.648469+00:00,126.600127,34776,41,0202aa7004f387d8005a5811460e29efbf1ffffffc2246cd1e00000fc0007ebfe9ed0737feebfff600,1,TX 41 seq=9016 rx_latency=1ms tx_dur=1ms,21.762,
2727,10,1268,2859468020,2026-07-14T15:06:26.748481+00:00,126.700148,34876,41,0202aa7004f4883c005a5811460e29efbf1ffffffc2246cd1e00000fc0007ebfe9ed0737feebfff600,1,TX 41 seq=9017 rx_latency=1ms tx_dur=1ms,23.503,
2727,10,1269,2859468021,2026-07-14T15:06:26.848475+00:00,126.800141,34976,41,0202aa7004f588a0005a5811460e29efbf1ffffffc2246cd1e00000fc0007ebfe9ed0737feebfff600,1,TX 41 seq=9018 rx_latency=1ms tx_dur=1ms,16.329,
2727,10,1270,2859468022,2026-07-14T15:06:26.948480+00:00,126.900145,35076,41,0202aa7004f68904005a5811460e29efbf1ffffffc2246cd1e00000fc0007ebfe9ed0737feebfff600,1,TX 41 seq=9019 rx_latency=1ms tx_dur=1ms,18.097,
2727,10,1271,2859468023,2026-07-14T15:06:27.048469+00:00,127.000129,35176,41,0202aa7004f78968005a5811460e29efbf1ffffffc2246cd1e00000fc0007ebfe9ed0737feebfff600,1,TX 41 seq=9020 rx_latency=1ms tx_dur=1ms,19.605,
2727,10,1272,2859468024,2026-07-14T15:06:27.148480+00:00,127.100143,35276,41,0202aa7004f889cc005a5811460e29efbf1ffffffc2246cd1e00000fc0007ebfe9ed0737feebfff600,1,TX 41 seq=9021 rx_latency=1ms tx_dur=1ms,21.357,
2727,10,1273,2859468025,2026-07-14T15:06:27.248469+00:00,127.200128,35376,41,0202aa7004f98a30005a5811460e29efbf1ffffffc2246cd1e00000fc0007ebfe9ed0737feebfff600,1,TX 41 seq=9022 rx_latency=1ms tx_dur=1ms,24.138,
2727,10,1274,2859468026,2026-07-14T15:06:27.348482+00:00,127.300150,35476,41,0202aa7004fa8a94005a5811460e29efbf1ffffffc2246cd1e00000fc0007ebfe9ed0737feebfff600,1,TX 41 seq=9023 rx_latency=1ms tx_dur=1ms,15.933,
2727,10,1275,2859468027,2026-07-14T15:06:27.448469+00:00,127.400128,35576,41,0202aa7004fb8af8005a5811460e29efbf1ffffffc2246cd1e00000fc0007ebfe9ed0737feebfff600,1,TX 41 seq=9024 rx_latency=1ms tx_dur=1ms,17.746,
2727,10,1276,2859468028,2026-07-14T15:06:27.548480+00:00,127.500142,35676,41,0202aa7004fc8b5c005a5811460e29efbf1ffffffc2246cd1e00000fc0007ebfe9ed0737feebfff600,1,TX 41 seq=9025 rx_latency=1ms tx_dur=1ms,20.285,
2727,10,1277,2859468029,2026-07-14T15:06:27.648468+00:00,127.600125,35776,41,0202aa7004fd8bc0005a5811460e29efbf1ffffffc2246cd1e00000fc0007ebfe9ed0737feebfff600,1,TX 41 seq=9026 rx_latency=1ms tx_dur=1ms,21.768,
2727,10,1278,2859468030,2026-07-14T15:06:27.748480+00:00,127.700147,35876,41,0202aa7004fe8c24005a5811460e29efbf1ffffffc2246cd1e00000fc0007ebfe9ed0737feebfff600,1,TX 41 seq=9027 rx_latency=1ms tx_dur=1ms,23.517,
2727,10,1279,2859468031,2026-07-14T15:06:27.848477+00:00,127.800148,35976,41,0202aa7004ff8c88005a5811460e29efbf1ffffffc2246cd1e00000fc0007ebfe9ed0737feebfff600,1,TX 41 seq=9028 rx_latency=1ms tx_dur=1ms,16.344,
2727,10,1280,2859468032,2026-07-14T15:06:27.948482+00:00,127.900149,36076,41,0202aa7005008cec005a5811460e29efbf1ffffffc2246cd1e00000fc0007ebfe9ed0737feebfff600,1,TX 41 seq=9029 rx_latency=1ms tx_dur=1ms,18.098,
2727,10,1281,2859468033,2026-07-14T15:06:28.048469+00:00,128.000128,36176,41,0202aa7005018d50005a5811460e29efbf1ffffffc2246cd1e00000fc0007ebfe9ed0737feebfff600,1,TX 41 seq=9030 rx_latency=1ms tx_dur=1ms,19.607,
2727,10,1282,2859468034,2026-07-14T15:06:28.148478+00:00,128.100141,36276,41,0202aa7005028db4005a5811460e29efbf1ffffffc2246cd1e00000fc0007ebfe9ed0737feebfff600,1,TX 41 seq=9031 rx_latency=1ms tx_dur=1ms,21.346,
2727,10,1283,2859468035,2026-07-14T15:06:28.248468+00:00,128.200127,36376,41,0202aa7005038e18005a5811460e29efbf1ffffffc2246cd1e00000fc0007ebfe9ed0737feebfff600,1,TX 41 seq=9032 rx_latency=1ms tx_dur=1ms,24.128,
2727,10,1284,2859468036,2026-07-14T15:06:28.348481+00:00,128.300147,36476,41,0202aa7005048e7c005a5811460e29efbf1ffffffc2246cd1e00000fc0007ebfe9ed0737feebfff600,1,TX 41 seq=9033 rx_latency=1ms tx_dur=1ms,15.941,
2727,10,1285,2859468037,2026-07-14T15:06:28.448486+00:00,128.400171,36576,41,0202aa7005058ee0005a5811460e29efbf1ffffffc2246cd1e00000fc0007ebfe9ed0737feebfff600,1,TX 41 seq=9034 rx_latency=1ms tx_dur=1ms,17.520,
2727,10,1286,2859468038,2026-07-14T15:06:28.548481+00:00,128.500150,36676,41,0202aa7005068f44005a5811460e29efbf1ffffffc2246cd1e00000fc0007ebfe9ed0737feebfff600,1,TX 41 seq=9035 rx_latency=1ms tx_dur=1ms,20.039,
2727,10,1287,2859468039,2026-07-14T15:06:28.648478+00:00,128.600142,36776,41,0202aa7005078fa8005a5811460e29efbf1ffffffc2246cd1e00000fc0007ebfe9ed0737feebfff600,1,TX 41 seq=9036 rx_latency=1ms tx_dur=1ms,21.532,
2727,10,1288,2859468040,2026-07-14T15:06:28.748458+00:00,128.700117,36876,41,0202aa700508900c005a5811460e29efbf1ffffffc2246cd1e00000fc0007ebfe9ed0737feebfff600,1,TX 41 seq=9037 rx_latency=1ms tx_dur=1ms,24.274,
2727,10,1289,2859468041,2026-07-14T15:06:28.848481+00:00,128.800146,36976,41,0202aa7005099070005a5811460e29efbf1ffffffc2246cd1e00000fc0007ebfe9ed0737feebfff600,1,TX 41 seq=9038 rx_latency=1ms tx_dur=1ms,16.763,
2727,10,1290,2859468042,2026-07-14T15:06:28.948477+00:00,128.900142,37076,41,0202aa70050a90d4005a5811460e29efbf1ffffffc2246cd1e00000fc0007ebfe9ed0737feebfff600,1,TX 41 seq=9039 rx_latency=1ms tx_dur=1ms,18.255,
2727,10,1291,2859468043,2026-07-14T15:06:29.048489+00:00,129.000169,37176,41,0202aa70050b9138005a5811460e29efbf1ffffffc2246cd1e00000fc0007ebfe9ed0737feebfff600,1,TX 41 seq=9040 rx_latency=1ms tx_dur=1ms,19.802,
2727,10,1292,2859468044,2026-07-14T15:06:29.148473+00:00,129.100134,37276,41,0202aa70050c919c005a5811460e29efbf1ffffffc2246cd1e00000fc0007ebfe9ed0737feebfff600,1,TX 41 seq=9041 rx_latency=1ms tx_dur=1ms,22.395,
2727,10,1293,2859468045,2026-07-14T15:06:29.248476+00:00,129.200140,37376,41,0202aa70050d9200005a5811460e29efbf1ffffffc2246cd1e00000fc0007ebfe9ed0737feebfff600,1,TX 41 seq=9042 rx_latency=1ms tx_dur=1ms,23.963,
2727,10,1294,2859468046,2026-07-14T15:06:29.348472+00:00,129.300131,37476,41,0202aa70050e9264005a5811460e29efbf1ffffffc2246cd1e00000fc0007ebfe9ed0737feebfff600,1,TX 41 seq=9043 rx_latency=1ms tx_dur=1ms,15.733,
2727,10,1295,2859468047,2026-07-14T15:06:29.448480+00:00,129.400144,37576,41,0202aa70050f92c8005a5811460e29efbf1ffffffc2246cd1e00000fc0007ebfe9ed0737feebfff600,1,TX 41 seq=9044 rx_latency=1ms tx_dur=1ms,17.462,
2727,10,1296,2859468048,2026-07-14T15:06:29.548477+00:00,129.500143,37676,41,0202aa700510932c005a5811460e29efbf1ffffffc2246cd1e00000fc0007ebfe9ed0737feebfff600,1,TX 41 seq=9045 rx_latency=1ms tx_dur=1ms,20.235,
2727,10,1297,2859468049,2026-07-14T15:06:29.648478+00:00,129.600142,37776,41,0202aa7005119390005a5811460e29efbf1ffffffc2246cd1e00000fc0007ebfe9ed0737feebfff600,1,TX 41 seq=9046 rx_latency=1ms tx_dur=1ms,21.810,
2727,10,1298,2859468050,2026-07-14T15:06:29.748473+00:00,129.700131,37876,41,0202aa70051293f4005a5811460e29efbf1ffffffc2246cd1e00000fc0007ebfe9ed0737feebfff600,1,TX 41 seq=9047 rx_latency=1ms tx_dur=1ms,23.515,
2727,10,1299,2859468051,2026-07-14T15:06:29.848478+00:00,129.800143,37976,41,0202aa7005139458005a5811460e29efbf1ffffffc2246cd1e00000fc0007ebfe9ed0737feebfff600,1,TX 41 seq=9048 rx_latency=1ms tx_dur=1ms,15.301,
2727,10,1300,2859468052,2026-07-14T15:06:29.948472+00:00,129.900132,38076,41,0202aa70051494bc005a5811460e29efbf1ffffffc2246cd1e00000fc0007ebfe9ed0737feebfff600,1,TX 41 seq=9049 rx_latency=1ms tx_dur=1ms,18.104,
2727,10,1301,2859468053,2026-07-14T15:06:30.048492+00:00,130.000178,38176,41,0202aa7005159520005a5811460e29efbf1ffffffc2246cd1e00000fc0007ebfe9ed0737feebfff600,1,TX 41 seq=9050 rx_latency=1ms tx_dur=1ms,19.556,
2727,10,1302,2859468054,2026-07-14T15:06:30.148482+00:00,130.100154,38276,41,0202aa7005169584005a5811460e29efbf1ffffffc2246cd1e00000fc0007ebfe9ed0737feebfff600,1,TX 41 seq=9051 rx_latency=1ms tx_dur=1ms,21.276,
2727,10,1303,2859468055,2026-07-14T15:06:30.248478+00:00,130.200147,38376,41,0202aa70051795e8005a5811460e29efbf1ffffffc2246cd1e00000fc0007ebfe9ed0737feebfff600,1,TX 41 seq=9052 rx_latency=1ms tx_dur=1ms,24.191,
2727,10,1304,2859468056,2026-07-14T15:06:30.348473+00:00,130.300133,38476,41,0202aa700518964c005a5811460e29efbf1ffffffc2246cd1e00000fc0007ebfe9ed0737feebfff600,1,TX 41 seq=9053 rx_latency=1ms tx_dur=1ms,15.959,
2727,10,1305,2859468057,2026-07-14T15:06:30.448475+00:00,130.400137,38576,41,0202aa70051996b0005a5811460e29efbf1ffffffc2246cd1e00000fc0007ebfe9ed0737feebfff600,1,TX 41 seq=9054 rx_latency=1ms tx_dur=1ms,17.596,
2727,10,1306,2859468058,2026-07-14T15:06:30.548482+00:00,130.500148,38676,41,0202aa70051a9714005a5811460e29efbf1ffffffc2246cd1e00000fc0007ebfe9ed0737feebfff600,1,TX 41 seq=9055 rx_latency=1ms tx_dur=1ms,20.049,
2727,10,1307,2859468059,2026-07-14T15:06:30.648474+00:00,130.600141,38776,41,0202aa70051b9778005a5811460e29efbf1ffffffc2246cd1e00000fc0007ebfe9ed0737feebfff600,1,TX 41 seq=9056 rx_latency=1ms tx_dur=1ms,21.464,
2727,10,1308,2859468060,2026-07-14T15:06:30.748477+00:00,130.700142,38876,41,0202aa70051c97dc005a5811460e29efbf1ffffffc2246cd1e00000fc0007ebfe9ed0737feebfff600,1,TX 41 seq=9057 rx_latency=1ms tx_dur=1ms,24.270,
2727,10,1309,2859468061,2026-07-14T15:06:30.848475+00:00,130.800138,38976,41,0202aa70051d9840005a5811460e29efbf1ffffffc2246cd1e00000fc0007ebfe9ed0737feebfff600,1,TX 41 seq=9058 rx_latency=1ms tx_dur=1ms,16.810,
2727,10,1310,2859468062,2026-07-14T15:06:30.948476+00:00,130.900141,39076,41,0202aa70051e98a4005a5811460e29efbf1ffffffc2246cd1e00000fc0007ebfe9ed0737feebfff600,1,TX 41 seq=9059 rx_latency=1ms tx_dur=1ms,18.279,
2727,10,1311,2859468063,2026-07-14T15:06:31.048470+00:00,131.000130,39176,41,0202aa70051f9908005a5811460e29efbf1ffffffc2246cd1e00000fc0007ebfe9ed0737feebfff600,1,TX 41 seq=9060 rx_latency=1ms tx_dur=1ms,19.915,
2727,10,1312,2859468064,2026-07-14T15:06:31.148486+00:00,131.100160,39276,41,0202aa700520996c005a5811460e29efbf1ffffffc2246cd1e00000fc0007ebfe9ed0737feebfff600,1,TX 41 seq=9061 rx_latency=1ms tx_dur=1ms,22.335,
2727,10,1313,2859468065,2026-07-14T15:06:31.248478+00:00,131.200143,39376,41,0202aa70052199d0005a5811460e29efbf1ffffffc2246cd1e00000fc0007ebfe9ed0737feebfff600,1,TX 41 seq=9062 rx_latency=1ms tx_dur=1ms,23.864,
2727,10,1314,2859468066,2026-07-14T15:06:31.348477+00:00,131.300144,39476,41,0202aa7005229a34005a5811460e29efbf1ffffffc2246cd1e00000fc0007ebfe9ed0737feebfff600,1,TX 41 seq=9063 rx_latency=1ms tx_dur=1ms,16.607,
2727,10,1315,2859468067,2026-07-14T15:06:31.448483+00:00,131.400153,39576,41,0202aa7005239a98005a5811460e29efbf1ffffffc2246cd1e00000fc0007ebfe9ed0737feebfff600,1,TX 41 seq=9064 rx_latency=1ms tx_dur=1ms,18.053,
2727,10,1316,2859468068,2026-07-14T15:06:31.548469+00:00,131.500130,39676,41,0202aa7005249afc005a5811460e29efbf1ffffffc2246cd1e00000fc0007ebfe9ed0737feebfff600,1,TX 41 seq=9065 rx_latency=1ms tx_dur=1ms,19.574,
2727,10,1317,2859468069,2026-07-14T15:06:31.648481+00:00,131.600149,39776,41,0202aa7005259b60005a5811460e29efbf1ffffffc2246cd1e00000fc0007ebfe9ed0737feebfff600,1,TX 41 seq=9066 rx_latency=1ms tx_dur=1ms,21.392,
2727,10,1318,2859468070,2026-07-14T15:06:31.748481+00:00,131.700158,39876,41,0202aa7005269bc4005a5811460e29efbf1ffffffc2246cd1e00000fc0007ebfe9ed0737feebfff600,1,TX 41 seq=9067 rx_latency=1ms tx_dur=1ms,24.004,
2727,10,1319,2859468071,2026-07-14T15:06:31.848482+00:00,131.800150,39976,41,0202aa7005279c28005a5811460e29efbf1ffffffc2246cd1e00000fc0007ebfe9ed0737feebfff600,1,TX 41 seq=9068 rx_latency=1ms tx_dur=1ms,15.888,
2727,10,1320,2859468072,2026-07-14T15:06:31.948471+00:00,131.900135,40076,41,0202aa7005289c8c005a5811460e29efbf1ffffffc2246cd1e00000fc0007ebfe9ed0737feebfff600,1,TX 41 seq=9069 rx_latency=1ms tx_dur=1ms,17.422,
2727,10,1321,2859468073,2026-07-14T15:06:32.048480+00:00,132.000145,40176,41,0202aa7005299cf0005a5811460e29efbf1ffffffc2246cd1e00000fc0007ebfe9ed0737feebfff600,1,TX 41 seq=9070 rx_latency=1ms tx_dur=1ms,20.267,
2727,10,1322,2859468074,2026-07-14T15:06:32.148472+00:00,132.100133,40276,41,0202aa70052a9d54005a5811460e29efbf1ffffffc2246cd1e00000fc0007ebfe9ed0737feebfff600,1,TX 41 seq=9071 rx_latency=1ms tx_dur=1ms,21.954,
2727,10,1323,2859468075,2026-07-14T15:06:32.248481+00:00,132.200146,40376,41,0202aa70052b9db8005a5811460e29efbf1ffffffc2246cd1e00000fc0007ebfe9ed0737feebfff600,1,TX 41 seq=9072 rx_latency=1ms tx_dur=1ms,23.717,
2727,10,1324,2859468076,2026-07-14T15:06:32.348415+00:00,132.300086,40476,41,0202aa70052c9e1c005a5811460e29efbf1ffffffc2246cd1e00000fc0007ebfe9ed0737feebfff600,1,TX 41 seq=9073 rx_latency=1ms tx_dur=1ms,16.552,
2727,10,1325,2859468077,2026-07-14T15:06:32.448482+00:00,132.400149,40576,41,0202aa70052d9e80005a5811460e29efbf1ffffffc2246cd1e00000fc0007ebfe9ed0737feebfff600,1,TX 41 seq=9074 rx_latency=1ms tx_dur=1ms,17.832,
2727,10,1326,2859468078,2026-07-14T15:06:32.548477+00:00,132.500142,40676,41,0202aa70052e9ee4005a5811460e29efbf1ffffffc2246cd1e00000fc0007ebfe9ed0737feebfff600,1,TX 41 seq=9075 rx_latency=1ms tx_dur=1ms,19.338,
2727,10,1327,2859468079,2026-07-14T15:06:32.648444+00:00,132.600104,40776,41,0202aa70052f9f48005a5811460e29efbf1ffffffc2246cd1e00000fc0007ebfe9ed0737feebfff600,1,TX 41 seq=9076 rx_latency=1ms tx_dur=1ms,22.106,
2727,10,1328,2859468080,2026-07-14T15:06:32.748478+00:00,132.700142,40876,41,0202aa7005309fac005a5811460e29efbf1ffffffc2246cd1e00000fc0007ebfe9ed0737feebfff600,1,TX 41 seq=9077 rx_latency=1ms tx_dur=1ms,23.425,
2727,10,1329,2859468081,2026-07-14T15:06:32.848477+00:00,132.800143,40976,41,0202aa700531a010005a5811460e29efbf1ffffffc2246cd1e00000fc0007ebfe9ed0737feebfff600,1,TX 41 seq=9078 rx_latency=1ms tx_dur=1ms,16.043,
2727,10,1330,2859468082,2026-07-14T15:06:32.948471+00:00,132.900131,41076,41,0202aa700532a074005a5811460e29efbf1ffffffc2246cd1e00000fc0007ebfe9ed0737feebfff600,1,TX 41 seq=9079 rx_latency=1ms tx_dur=1ms,17.718,
2727,10,1331,2859468083,2026-07-14T15:06:33.048480+00:00,133.000145,41176,41,0202aa700533a0d8005a5811460e29efbf1ffffffc2246cd1e00000fc0007ebfe9ed0737feebfff600,1,TX 41 seq=9080 rx_latency=1ms tx_dur=1ms,20.251,
2727,10,1332,2859468084,2026-07-14T15:06:33.148468+00:00,133.100127,41276,41,0202aa700534a13c005a5811460e29efbf1ffffffc2246cd1e00000fc0007ebfe9ed0737feebfff600,1,TX 41 seq=9081 rx_latency=1ms tx_dur=1ms,21.749,
2727,10,1333,2859468085,2026-07-14T15:06:33.248477+00:00,133.200140,41376,41,0202aa700535a1a0005a5811460e29efbf1ffffffc2246cd1e00000fc0007ebfe9ed0737feebfff600,1,TX 41 seq=9082 rx_latency=1ms tx_dur=1ms,23.508,
2727,10,1334,2859468086,2026-07-14T15:06:33.348477+00:00,133.300150,41476,41,0202aa700536a204005a5811460e29efbf1ffffffc2246cd1e00000fc0007ebfe9ed0737feebfff600,1,TX 41 seq=9083 rx_latency=1ms tx_dur=1ms,16.318,
2727,10,1335,2859468087,2026-07-14T15:06:33.448482+00:00,133.400152,41576,41,0202aa700537a268005a5811460e29efbf1ffffffc2246cd1e00000fc0007ebfe9ed0737feebfff600,1,TX 41 seq=9084 rx_latency=1ms tx_dur=1ms,18.082,
2727,10,1336,2859468088,2026-07-14T15:06:33.548470+00:00,133.500132,41676,41,0202aa700538a2cc005a5811460e29efbf1ffffffc2246cd1e00000fc0007ebfe9ed0737feebfff600,1,TX 41 seq=9085 rx_latency=1ms tx_dur=1ms,19.591,
2727,10,1337,2859468089,2026-07-14T15:06:33.648480+00:00,133.600144,41776,41,0202aa700539a330005a5811460e29efbf1ffffffc2246cd1e00000fc0007ebfe9ed0737feebfff600,1,TX 41 seq=9086 rx_latency=1ms tx_dur=1ms,21.333,
2727,10,1338,2859468090,2026-07-14T15:06:33.748470+00:00,133.700129,41876,41,0202aa70053aa394005a5811460e29efbf1ffffffc2246cd1e00000fc0007ebfe9ed0737feebfff600,1,TX 41 seq=9087 rx_latency=1ms tx_dur=1ms,14.236,
2727,10,1339,2859468091,2026-07-14T15:06:33.848468+00:00,133.800135,41976,41,0202aa70053ba3f8005a5811460e29efbf1ffffffc2246cd1e00000fc0007ebfe9ed0737feebfff600,1,TX 41 seq=9088 rx_latency=1ms tx_dur=1ms,15.932,
2727,10,1340,2859468092,2026-07-14T15:06:33.948477+00:00,133.900144,42076,41,0202aa70053ca45c005a5811460e29efbf1ffffffc2246cd1e00000fc0007ebfe9ed0737feebfff600,1,TX 41 seq=9089 rx_latency=1ms tx_dur=1ms,17.675,
2727,10,1341,2859468093,2026-07-14T15:06:34.048479+00:00,134.000146,42176,41,0202aa70053da4c0005a5811460e29efbf1ffffffc2246cd1e00000fc0007ebfe9ed0737feebfff600,1,TX 41 seq=9090 rx_latency=1ms tx_dur=1ms,20.254,
2727,10,1342,2859468094,2026-07-14T15:06:34.148469+00:00,134.100128,42276,41,0202aa70053ea524005a5811460e29efbf1ffffffc2246cd1e00000fc0007ebfe9ed0737feebfff600,1,TX 41 seq=9091 rx_latency=1ms tx_dur=1ms,21.749,
2727,10,1343,2859468095,2026-07-14T15:06:34.248430+00:00,134.200094,42376,41,0202aa70053fa588005a5811460e29efbf1ffffffc2246cd1e00000fc0007ebfe9ed0737feebfff600,1,TX 41 seq=9092 rx_latency=1ms tx_dur=1ms,23.547,
2727,10,1344,2859468096,2026-07-14T15:06:34.348488+00:00,134.300174,42476,41,0202aa700540a5ec005a5811460e29efbf1ffffffc2246cd1e00000fc0007ebfe9ed0737feebfff600,1,TX 41 seq=9093 rx_latency=1ms tx_dur=1ms,16.266,
2727,10,1345,2859468097,2026-07-14T15:06:34.448487+00:00,134.400161,42576,41,0202aa700541a650005a5811460e29efbf1ffffffc2246cd1e00000fc0007ebfe9ed0737feebfff600,1,TX 41 seq=9094 rx_latency=1ms tx_dur=1ms,18.051,
2727,10,1346,2859468098,2026-07-14T15:06:34.548473+00:00,134.500135,42676,41,0202aa700542a6b4005a5811460e29efbf1ffffffc2246cd1e00000fc0007ebfe9ed0737feebfff600,1,TX 41 seq=9095 rx_latency=1ms tx_dur=1ms,19.594,
2727,10,1347,2859468099,2026-07-14T15:06:34.648478+00:00,134.600143,42776,41,0202aa700543a718005a5811460e29efbf1ffffffc2246cd1e00000fc0007ebfe9ed0737feebfff600,1,TX 41 seq=9096 rx_latency=1ms tx_dur=1ms,21.347,
2727,10,1348,2859468100,2026-07-14T15:06:34.748470+00:00,134.700128,42876,41,0202aa700544a77c005a5811460e29efbf1ffffffc2246cd1e00000fc0007ebfe9ed0737feebfff600,1,TX 41 seq=9097 rx_latency=1ms tx_dur=1ms,24.122,
2727,10,1349,2859468101,2026-07-14T15:06:34.848482+00:00,134.800150,42976,41,0202aa700545a7e0005a5811460e29efbf1ffffffc2246cd1e00000fc0007ebfe9ed0737feebfff600,1,TX 41 seq=9098 rx_latency=1ms tx_dur=1ms,15.922,
2727,10,1350,2859468102,2026-07-14T15:06:34.948474+00:00,134.900141,43076,41,0202aa700546a844005a5811460e29efbf1ffffffc2246cd1e00000fc0007ebfe9ed0737feebfff600,1,TX 41 seq=9099 rx_latency=1ms tx_dur=1ms,17.444,
2727,10,1351,2859468103,2026-07-14T15:06:35.048483+00:00,135.000151,43176,41,0202aa700547a8a8005a5811460e29efbf1ffffffc2246cd1e00000fc0007ebfe9ed0737feebfff600,1,TX 41 seq=9100 rx_latency=1ms tx_dur=1ms,20.267,
2727,10,1352,2859468104,2026-07-14T15:06:35.148472+00:00,135.100130,43276,41,0202aa700548a90c005a5811460e29efbf1ffffffc2246cd1e00000fc0007ebfe9ed0737feebfff600,1,TX 41 seq=9101 rx_latency=1ms tx_dur=1ms,21.980,
2727,10,1353,2859468105,2026-07-14T15:06:35.248480+00:00,135.200145,43376,41,0202aa700549a970005a5811460e29efbf1ffffffc2246cd1e00000fc0007ebfe9ed0737feebfff600,1,TX 41 seq=9102 rx_latency=1ms tx_dur=1ms,23.746,
2727,10,1354,2859468106,2026-07-14T15:06:35.348472+00:00,135.300130,43476,41,0202aa70054aa9d4005a5811460e29efbf1ffffffc2246cd1e00000fc0007ebfe9ed0737feebfff600,1,TX 41 seq=9103 rx_latency=1ms tx_dur=1ms,16.697,
2727,10,1355,2859468107,2026-07-14T15:06:35.448480+00:00,135.400144,43576,41,0202aa70054baa38005a5811460e29efbf1ffffffc2246cd1e00000fc0007ebfe9ed0737feebfff600,1,TX 41 seq=9104 rx_latency=1ms tx_dur=1ms,18.091,
2727,10,1356,2859468108,2026-07-14T15:06:35.548469+00:00,135.500126,43676,41,0202aa70054caa9c005a5811460e29efbf1ffffffc2246cd1e00000fc0007ebfe9ed0737feebfff600,1,TX 41 seq=9105 rx_latency=1ms tx_dur=1ms,19.687,
2727,10,1357,2859468109,2026-07-14T15:06:35.648487+00:00,135.600169,43776,41,0202aa70054dab00005a5811460e29efbf1ffffffc2246cd1e00000fc0007ebfe9ed0737feebfff600,1,TX 41 seq=9106 rx_latency=1ms tx_dur=1ms,21.255,
2727,10,1358,2859468110,2026-07-14T15:06:35.748473+00:00,135.700138,43876,41,0202aa70054eab64005a5811460e29efbf1ffffffc2246cd1e00000fc0007ebfe9ed0737feebfff600,1,TX 41 seq=9107 rx_latency=1ms tx_dur=1ms,24.105,
2727,10,1359,2859468111,2026-07-14T15:06:35.848481+00:00,135.800146,43976,41,0202aa70054fabc8005a5811460e29efbf1ffffffc2246cd1e00000fc0007ebfe9ed0737feebfff600,1,TX 41 seq=9108 rx_latency=1ms tx_dur=1ms,15.946,
2727,10,1360,2859468112,2026-07-14T15:06:35.948472+00:00,135.900132,44076,41,0202aa700550ac2c005a5811460e29efbf1ffffffc2246cd1e00000fc0007ebfe9ed0737feebfff600,1,TX 41 seq=9109 rx_latency=1ms tx_dur=1ms,17.624,
2727,10,1361,2859468113,2026-07-14T15:06:36.048482+00:00,136.000150,44176,41,0202aa700551ac90005a5811460e29efbf1ffffffc2246cd1e00000fc0007ebfe9ed0737feebfff600,1,TX 41 seq=9110 rx_latency=1ms tx_dur=1ms,20.035,
2727,10,1362,2859468114,2026-07-14T15:06:36.148477+00:00,136.100141,44276,41,0202aa700552acf4005a5811460e29efbf1ffffffc2246cd1e00000fc0007ebfe9ed0737feebfff600,1,TX 41 seq=9111 rx_latency=1ms tx_dur=1ms,21.518,
2727,10,1363,2859468115,2026-07-14T15:06:36.248473+00:00,136.200132,44376,41,0202aa700553ad58005a5811460e29efbf1ffffffc2246cd1e00000fc0007ebfe9ed0737feebfff600,1,TX 41 seq=9112 rx_latency=1ms tx_dur=1ms,16.562,
2727,10,1364,2859468116,2026-07-14T15:06:36.348478+00:00,136.300141,44476,41,0202aa700554adbc005a5811460e29efbf1ffffffc2246cd1e00000fc0007ebfe9ed0737feebfff600,1,TX 41 seq=9113 rx_latency=1ms tx_dur=1ms,16.763,
2727,10,1365,2859468117,2026-07-14T15:06:36.448488+00:00,136.400168,44576,41,0202aa700555ae20005a5811460e29efbf1ffffffc2246cd1e00000fc0007ebfe9ed0737feebfff600,1,TX 41 seq=9114 rx_latency=1ms tx_dur=1ms,18.183,
2727,10,1366,2859468118,2026-07-14T15:06:36.548477+00:00,136.500146,44676,41,0202aa700556ae84005a5811460e29efbf1ffffffc2246cd1e00000fc0007ebfe9ed0737feebfff600,1,TX 41 seq=9115 rx_latency=1ms tx_dur=1ms,19.867,
2727,10,1367,2859468119,2026-07-14T15:06:36.648481+00:00,136.600146,44776,41,0202aa700557aee8005a5811460e29efbf1ffffffc2246cd1e00000fc0007ebfe9ed0737feebfff600,1,TX 41 seq=9116 rx_latency=1ms tx_dur=1ms,22.361,
2727,10,1368,2859468120,2026-07-14T15:06:36.748478+00:00,136.700141,44876,41,0202aa700558af4c005a5811460e29efbf1ffffffc2246cd1e00000fc0007ebfe9ed0737feebfff600,1,TX 41 seq=9117 rx_latency=1ms tx_dur=1ms,23.822,
2727,10,1369,2859468121,2026-07-14T15:06:36.848473+00:00,136.800131,44976,41,0202aa700559afb0005a5811460e29efbf1ffffffc2246cd1e00000fc0007ebfe9ed0737feebfff600,1,TX 41 seq=9118 rx_latency=1ms tx_dur=1ms,16.644,
2727,10,1370,2859468122,2026-07-14T15:06:36.948482+00:00,136.900149,45076,41,0202aa70055ab014005a5811460e29efbf1ffffffc2246cd1e00000fc0007ebfe9ed0737feebfff600,1,TX 41 seq=9119 rx_latency=1ms tx_dur=1ms,18.057,
2727,10,1371,2859468123,2026-07-14T15:06:37.048472+00:00,137.000132,45176,41,0202aa70055bb078005a5811460e29efbf1ffffffc2246cd1e00000fc0007ebfe9ed0737feebfff600,1,TX 41 seq=9120 rx_latency=1ms tx_dur=1ms,19.559,
2727,10,1372,2859468124,2026-07-14T15:06:37.148477+00:00,137.100140,45276,41,0202aa70055cb0dc005a5811460e29efbf1ffffffc2246cd1e00000fc0007ebfe9ed0737feebfff600,1,TX 41 seq=9121 rx_latency=1ms tx_dur=1ms,22.410,
2727,10,1373,2859468125,2026-07-14T15:06:37.248469+00:00,137.200128,45376,41,0202aa70055db140005a5811460e29efbf1ffffffc2246cd1e00000fc0007ebfe9ed0737feebfff600,1,TX 41 seq=9122 rx_latency=1ms tx_dur=1ms,14.190,
2727,10,1374,2859468126,2026-07-14T15:06:37.348476+00:00,137.300139,45476,41,0202aa70055eb1a4005a5811460e29efbf1ffffffc2246cd1e00000fc0007ebfe9ed0737feebfff600,1,TX 41 seq=9123 rx_latency=1ms tx_dur=1ms,15.910,
2727,10,1375,2859468127,2026-07-14T15:06:37.448469+00:00,137.400126,45576,41,0202aa70055fb208005a5811460e29efbf1ffffffc2246cd1e00000fc0007ebfe9ed0737feebfff600,1,TX 41 seq=9124 rx_latency=1ms tx_dur=1ms,17.436,
2727,10,1376,2859468128,2026-07-14T15:06:37.548419+00:00,137.500082,45676,41,0202aa700560b26c005a5811460e29efbf1ffffffc2246cd1e00000fc0007ebfe9ed0737feebfff600,1,TX 41 seq=9125 rx_latency=1ms tx_dur=1ms,20.301,
2727,10,1377,2859468129,2026-07-14T15:06:37.648493+00:00,137.600183,45776,41,0202aa700561b2d0005a5811460e29efbf1ffffffc2246cd1e00000fc0007ebfe9ed0737feebfff600,1,TX 41 seq=9126 rx_latency=1ms tx_dur=1ms,21.800,
2727,10,1378,2859468130,2026-07-14T15:06:37.748484+00:00,137.700154,45876,41,0202aa700562b334005a5811460e29efbf1ffffffc2246cd1e00000fc0007ebfe9ed0737feebfff600,1,TX 41 seq=9127 rx_latency=1ms tx_dur=1ms,23.662,
2727,10,1379,2859468131,2026-07-14T15:06:37.848473+00:00,137.800133,45976,41,0202aa700563b398005a5811460e29efbf1ffffffc2246cd1e00000fc0007ebfe9ed0737feebfff600,1,TX 41 seq=9128 rx_latency=1ms tx_dur=1ms,16.511,
2727,10,1380,2859468132,2026-07-14T15:06:37.948482+00:00,137.900147,46076,41,0202aa700564b3fc005a5811460e29efbf1ffffffc2246cd1e00000fc0007ebfe9ed0737feebfff600,1,TX 41 seq=9129 rx_latency=1ms tx_dur=1ms,17.820,
2727,10,1381,2859468133,2026-07-14T15:06:38.048478+00:00,138.000143,46176,41,0202aa700565b460005a5811460e29efbf1ffffffc2246cd1e00000fc0007ebfe9ed0737feebfff600,1,TX 41 seq=9130 rx_latency=1ms tx_dur=1ms,20.421,
2727,10,1382,2859468134,2026-07-14T15:06:38.148446+00:00,138.100105,46276,41,0202aa700566b4c4005a5811460e29efbf1ffffffc2246cd1e00000fc0007ebfe9ed0737feebfff600,1,TX 41 seq=9131 rx_latency=1ms tx_dur=1ms,22.089,
2727,10,1383,2859468135,2026-07-14T15:06:38.248480+00:00,138.200145,46376,41,0202aa700567b528005a5811460e29efbf1ffffffc2246cd1e00000fc0007ebfe9ed0737feebfff600,1,TX 41 seq=9132 rx_latency=1ms tx_dur=1ms,23.419,
2727,10,1384,2859468136,2026-07-14T15:06:38.348475+00:00,138.300142,46476,41,0202aa700568b58c005a5811460e29efbf1ffffffc2246cd1e00000fc0007ebfe9ed0737feebfff600,1,TX 41 seq=9133 rx_latency=1ms tx_dur=1ms,16.027,
2727,10,1385,2859468137,2026-07-14T15:06:38.448445+00:00,138.400108,46576,41,0202aa700569b5f0005a5811460e29efbf1ffffffc2246cd1e00000fc0007ebfe9ed0737feebfff600,1,TX 41 seq=9134 rx_latency=1ms tx_dur=1ms,17.693,
2727,10,1386,2859468138,2026-07-14T15:06:38.548478+00:00,138.500141,46676,41,0202aa70056ab654005a5811460e29efbf1ffffffc2246cd1e00000fc0007ebfe9ed0737feebfff600,1,TX 41 seq=9135 rx_latency=1ms tx_dur=1ms,20.255,
2727,10,1387,2859468139,2026-07-14T15:06:38.648471+00:00,138.600133,46776,41,0202aa70056bb6b8005a5811460e29efbf1ffffffc2246cd1e00000fc0007ebfe9ed0737feebfff600,1,TX 41 seq=9136 rx_latency=1ms tx_dur=1ms,21.711,
2727,10,1388,2859468140,2026-07-14T15:06:38.748477+00:00,138.700143,46876,41,0202aa70056cb71c005a5811460e29efbf1ffffffc2246cd1e00000fc0007ebfe9ed0737feebfff600,1,TX 41 seq=9137 rx_latency=1ms tx_dur=1ms,23.488,
2727,10,1389,2859468141,2026-07-14T15:06:38.848467+00:00,138.800127,46976,41,0202aa70056db780005a5811460e29efbf1ffffffc2246cd1e00000fc0007ebfe9ed0737feebfff600,1,TX 41 seq=9138 rx_latency=1ms tx_dur=1ms,16.343,
2727,10,1390,2859468142,2026-07-14T15:06:38.948477+00:00,138.900140,47076,41,0202aa70056eb7e4005a5811460e29efbf1ffffffc2246cd1e00000fc0007ebfe9ed0737feebfff600,1,TX 41 seq=9139 rx_latency=1ms tx_dur=1ms,18.064,
2727,10,1391,2859468143,2026-07-14T15:06:39.048466+00:00,139.000124,47176,41,0202aa70056fb848005a5811460e29efbf1ffffffc2246cd1e00000fc0007ebfe9ed0737feebfff600,1,TX 41 seq=9140 rx_latency=1ms tx_dur=1ms,19.582,
2727,10,1392,2859468144,2026-07-14T15:06:39.148478+00:00,139.100144,47276,41,0202aa700570b8ac005a5811460e29efbf1ffffffc2246cd1e00000fc0007ebfe9ed0737feebfff600,1,TX 41 seq=9141 rx_latency=1ms tx_dur=1ms,22.422,
2727,10,1393,2859468145,2026-07-14T15:06:39.248469+00:00,139.200126,47376,41,0202aa700571b910005a5811460e29efbf1ffffffc2246cd1e00000fc0007ebfe9ed0737feebfff600,1,TX 41 seq=9142 rx_latency=1ms tx_dur=1ms,14.218,
2727,10,1394,2859468146,2026-07-14T15:06:39.348476+00:00,139.300139,47476,41,0202aa700572b974005a5811460e29efbf1ffffffc2246cd1e00000fc0007ebfe9ed0737feebfff600,1,TX 41 seq=9143 rx_latency=1ms tx_dur=1ms,15.923,
2727,10,1395,2859468147,2026-07-14T15:06:39.448476+00:00,139.400139,47576,41,0202aa700573b9d8005a5811460e29efbf1ffffffc2246cd1e00000fc0007ebfe9ed0737feebfff600,1,TX 41 seq=9144 rx_latency=1ms tx_dur=1ms,17.431,
2727,10,1396,2859468148,2026-07-14T15:06:39.548472+00:00,139.500133,47676,41,0202aa700574ba3c005a5811460e29efbf1ffffffc2246cd1e00000fc0007ebfe9ed0737feebfff600,1,TX 41 seq=9145 rx_latency=1ms tx_dur=1ms,20.209,
2727,10,1397,2859468149,2026-07-14T15:06:39.648477+00:00,139.600140,47776,41,0202aa700575baa0005a5811460e29efbf1ffffffc2246cd1e00000fc0007ebfe9ed0737feebfff600,1,TX 41 seq=9146 rx_latency=1ms tx_dur=1ms,22.008,
2727,10,1398,2859468150,2026-07-14T15:06:39.748475+00:00,139.700139,47876,41,0202aa700576bb04005a5811460e29efbf1ffffffc2246cd1e00000fc0007ebfe9ed0737feebfff600,1,TX 41 seq=9147 rx_latency=1ms tx_dur=1ms,13.750,
2727,10,1399,2859468151,2026-07-14T15:06:39.848475+00:00,139.800136,47976,41,0202aa700577bb68005a5811460e29efbf1ffffffc2246cd1e00000fc0007ebfe9ed0737feebfff600,1,TX 41 seq=9148 rx_latency=1ms tx_dur=1ms,16.534,
2727,10,1400,2859468152,2026-07-14T15:06:39.948478+00:00,139.900139,48076,41,0202aa700578bbcc005a5811460e29efbf1ffffffc2246cd1e00000fc0007ebfe9ed0737feebfff600,1,TX 41 seq=9149 rx_latency=1ms tx_dur=1ms,17.871,
2727,10,1401,2859468153,2026-07-14T15:06:40.048514+00:00,140.000190,48176,41,0202aa700579bc30005a5811460e29efbf1ffffffc2246cd1e00000fc0007ebfe9ed0737feebfff600,1,TX 41 seq=9150 rx_latency=1ms tx_dur=1ms,20.353,
2727,10,1402,2859468154,2026-07-14T15:06:40.148490+00:00,140.100158,48276,41,0202aa70057abc94005a5811460e29efbf1ffffffc2246cd1e00000fc0007ebfe9ed0737feebfff600,1,TX 41 seq=9151 rx_latency=1ms tx_dur=1ms,21.967,
2727,10,1403,2859468155,2026-07-14T15:06:40.248472+00:00,140.200131,48376,41,0202aa70057bbcf8005a5811460e29efbf1ffffffc2246cd1e00000fc0007ebfe9ed0737feebfff600,1,TX 41 seq=9152 rx_latency=1ms tx_dur=1ms,13.646,
2727,10,1404,2859468156,2026-07-14T15:06:40.348494+00:00,140.300186,48476,41,0202aa70057cbd5c005a5811460e29efbf1ffffffc2246cd1e00000fc0007ebfe9ed0737feebfff600,1,TX 41 seq=9153 rx_latency=1ms tx_dur=1ms,16.019,
2727,10,1405,2859468157,2026-07-14T15:06:40.448470+00:00,140.400135,48576,41,0202aa70057dbdc0005a5811460e29efbf1ffffffc2246cd1e00000fc0007ebfe9ed0737feebfff600,1,TX 41 seq=9154 rx_latency=1ms tx_dur=1ms,17.994,
2727,10,1406,2859468158,2026-07-14T15:06:40.548482+00:00,140.500160,48676,41,0202aa70057ebe24005a5811460e29efbf1ffffffc2246cd1e00000fc0007ebfe9ed0737feebfff600,1,TX 41 seq=9155 rx_latency=1ms tx_dur=1ms,19.507,
2727,10,1407,2859468159,2026-07-14T15:06:40.648431+00:00,140.600101,48776,41,0202aa70057fbe88005a5811460e29efbf1ffffffc2246cd1e00000fc0007ebfe9ed0737feebfff600,1,TX 41 seq=9156 rx_latency=1ms tx_dur=1ms,21.462,
2727,10,1408,2859468160,2026-07-14T15:06:40.748477+00:00,140.700142,48876,41,0202aa700580beec005a5811460e29efbf1ffffffc2246cd1e00000fc0007ebfe9ed0737feebfff600,1,TX 41 seq=9157 rx_latency=1ms tx_dur=1ms,23.860,
2727,10,1409,2859468161,2026-07-14T15:06:40.848440+00:00,140.800100,48976,41,0202aa700581bf50005a5811460e29efbf1ffffffc2246cd1e00000fc0007ebfe9ed0737feebfff600,1,TX 41 seq=9158 rx_latency=1ms tx_dur=1ms,15.856,
2727,10,1410,2859468162,2026-07-14T15:06:40.948476+00:00,140.900139,49076,41,0202aa700582bfb4005a5811460e29efbf1ffffffc2246cd1e00000fc0007ebfe9ed0737feebfff600,1,TX 41 seq=9159 rx_latency=1ms tx_dur=1ms,17.455,
2727,10,1411,2859468163,2026-07-14T15:06:41.048404+00:00,141.000068,49176,41,0202aa700583c018005a5811460e29efbf1ffffffc2246cd1e00000fc0007ebfe9ed0737feebfff600,1,TX 41 seq=9160 rx_latency=1ms tx_dur=1ms,20.429,
2727,10,1412,2859468164,2026-07-14T15:06:41.148500+00:00,141.100199,49276,41,0202aa700584c07c005a5811460e29efbf1ffffffc2246cd1e00000fc0007ebfe9ed0737feebfff600,1,TX 41 seq=9161 rx_latency=1ms tx_dur=1ms,21.628,
2727,10,1413,2859468165,2026-07-14T15:06:41.248476+00:00,141.200142,49376,41,0202aa700585c0e0005a5811460e29efbf1ffffffc2246cd1e00000fc0007ebfe9ed0737feebfff600,1,TX 41 seq=9162 rx_latency=1ms tx_dur=1ms,23.576,
2727,10,1414,2859468166,2026-07-14T15:06:41.348485+00:00,141.300158,49476,41,0202aa700586c144005a5811460e29efbf1ffffffc2246cd1e00000fc0007ebfe9ed0737feebfff600,1,TX 41 seq=9163 rx_latency=1ms tx_dur=1ms,15.286,
2727,10,1415,2859468167,2026-07-14T15:06:41.448474+00:00,141.400133,49576,41,0202aa700587c1a8005a5811460e29efbf1ffffffc2246cd1e00000fc0007ebfe9ed0737feebfff600,1,TX 41 seq=9164 rx_latency=1ms tx_dur=1ms,18.191,
2727,10,1416,2859468168,2026-07-14T15:06:41.548424+00:00,141.500092,49676,41,0202aa700588c20c005a5811460e29efbf1ffffffc2246cd1e00000fc0007ebfe9ed0737feebfff600,1,TX 41 seq=9165 rx_latency=1ms tx_dur=1ms,19.946,
2727,10,1417,2859468169,2026-07-14T15:06:41.648479+00:00,141.600147,49776,41,0202aa700589c270005a5811460e29efbf1ffffffc2246cd1e00000fc0007ebfe9ed0737feebfff600,1,TX 41 seq=9166 rx_latency=1ms tx_dur=1ms,21.361,
2727,10,1418,2859468170,2026-07-14T15:06:41.748477+00:00,141.700150,49876,41,0202aa70058ac2d4005a5811460e29efbf1ffffffc2246cd1e00000fc0007ebfe9ed0737feebfff600,1,TX 41 seq=9167 rx_latency=1ms tx_dur=1ms,23.988,
2727,10,1419,2859468171,2026-07-14T15:06:41.848480+00:00,141.800147,49976,41,0202aa70058bc338005a5811460e29efbf1ffffffc2246cd1e00000fc0007ebfe9ed0737feebfff600,1,TX 41 seq=9168 rx_latency=1ms tx_dur=1ms,15.755,
2727,10,1420,2859468172,2026-07-14T15:06:41.948473+00:00,141.900133,50076,41,0202aa70058cc39c005a5811460e29efbf1ffffffc2246cd1e00000fc0007ebfe9ed0737feebfff600,1,TX 41 seq=9169 rx_latency=1ms tx_dur=1ms,17.489,
2727,10,1421,2859468173,2026-07-14T15:06:42.048480+00:00,142.000143,50176,41,0202aa70058dc400005a5811460e29efbf1ffffffc2246cd1e00000fc0007ebfe9ed0737feebfff600,1,TX 41 seq=9170 rx_latency=1ms tx_dur=1ms,20.343,
2727,10,1422,2859468174,2026-07-14T15:06:42.148472+00:00,142.100134,50276,41,0202aa70058ec464005a5811460e29efbf1ffffffc2246cd1e00000fc0007ebfe9ed0737feebfff600,1,TX 41 seq=9171 rx_latency=1ms tx_dur=1ms,21.851,
2727,10,1423,2859468175,2026-07-14T15:06:42.248483+00:00,142.200153,50376,41,0202aa70058fc4c8005a5811460e29efbf1ffffffc2246cd1e00000fc0007ebfe9ed0737feebfff600,1,TX 41 seq=9172 rx_latency=1ms tx_dur=1ms,23.529,
2727,10,1424,2859468176,2026-07-14T15:06:42.348470+00:00,142.300130,50476,41,0202aa700590c52c005a5811460e29efbf1ffffffc2246cd1e00000fc0007ebfe9ed0737feebfff600,1,TX 41 seq=9173 rx_latency=1ms tx_dur=1ms,16.440,
2727,10,1425,2859468177,2026-07-14T15:06:42.448480+00:00,142.400144,50576,41,0202aa700591c590005a5811460e29efbf1ffffffc2246cd1e00000fc0007ebfe9ed0737feebfff600,1,TX 41 seq=9174 rx_latency=1ms tx_dur=1ms,18.172,
2727,10,1426,2859468178,2026-07-14T15:06:42.548470+00:00,142.500131,50676,41,0202aa700592c5f4005a5811460e29efbf1ffffffc2246cd1e00000fc0007ebfe9ed0737feebfff600,1,TX 41 seq=9175 rx_latency=1ms tx_dur=1ms,19.940,
2727,10,1427,2859468179,2026-07-14T15:06:42.648476+00:00,142.600142,50776,41,0202aa700593c658005a5811460e29efbf1ffffffc2246cd1e00000fc0007ebfe9ed0737feebfff600,1,TX 41 seq=9176 rx_latency=1ms tx_dur=1ms,21.390,
2727,10,1428,2859468180,2026-07-14T15:06:42.748475+00:00,142.700144,50876,41,0202aa700594c6bc005a5811460e29efbf1ffffffc2246cd1e00000fc0007ebfe9ed0737feebfff600,1,TX 41 seq=9177 rx_latency=1ms tx_dur=1ms,23.959,
2727,10,1429,2859468181,2026-07-14T15:06:42.848487+00:00,142.800162,50976,41,0202aa700595c720005a5811460e29efbf1ffffffc2246cd1e00000fc0007ebfe9ed0737feebfff600,1,TX 41 seq=9178 rx_latency=1ms tx_dur=1ms,15.725,
2727,10,1430,2859468182,2026-07-14T15:06:42.948473+00:00,142.900133,51076,41,0202aa700596c784005a5811460e29efbf1ffffffc2246cd1e00000fc0007ebfe9ed0737feebfff600,1,TX 41 seq=9179 rx_latency=1ms tx_dur=1ms,17.496,
2727,10,1431,2859468183,2026-07-14T15:06:43.048480+00:00,143.000145,51176,41,0202aa700597c7e8005a5811460e29efbf1ffffffc2246cd1e00000fc0007ebfe9ed0737feebfff600,1,TX 41 seq=9180 rx_latency=1ms tx_dur=1ms,20.341,
2727,10,1432,2859468184,2026-07-14T15:06:43.148472+00:00,143.100132,51276,41,0202aa700598c84c005a5811460e29efbf1ffffffc2246cd1e00000fc0007ebfe9ed0737feebfff600,1,TX 41 seq=9181 rx_latency=1ms tx_dur=1ms,21.816,
2727,10,1433,2859468185,2026-07-14T15:06:43.248483+00:00,143.200152,51376,41,0202aa700599c8b0005a5811460e29efbf1ffffffc2246cd1e00000fc0007ebfe9ed0737feebfff600,1,TX 41 seq=9182 rx_latency=1ms tx_dur=1ms,23.551,
2727,10,1434,2859468186,2026-07-14T15:06:43.348472+00:00,143.300134,51476,41,0202aa70059ac914005a5811460e29efbf1ffffffc2246cd1e00000fc0007ebfe9ed0737feebfff600,1,TX 41 seq=9183 rx_latency=1ms tx_dur=1ms,16.432,
2727,10,1435,2859468187,2026-07-14T15:06:43.448481+00:00,143.400144,51576,41,0202aa70059bc978005a5811460e29efbf1ffffffc2246cd1e00000fc0007ebfe9ed0737feebfff600,1,TX 41 seq=9184 rx_latency=1ms tx_dur=1ms,18.163,
2727,10,1436,2859468188,2026-07-14T15:06:43.548470+00:00,143.500129,51676,41,0202aa70059cc9dc005a5811460e29efbf1ffffffc2246cd1e00000fc0007ebfe9ed0737feebfff600,1,TX 41 seq=9185 rx_latency=1ms tx_dur=1ms,19.829,
2727,10,1437,2859468189,2026-07-14T15:06:43.648487+00:00,143.600151,51776,41,0202aa70059dca40005a5811460e29efbf1ffffffc2246cd1e00000fc0007ebfe9ed0737feebfff600,1,TX 41 seq=9186 rx_latency=1ms tx_dur=1ms,22.421,
2727,10,1438,2859468190,2026-07-14T15:06:43.748482+00:00,143.700160,51876,41,0202aa70059ecaa4005a5811460e29efbf1ffffffc2246cd1e00000fc0007ebfe9ed0737feebfff600,1,TX 41 seq=9187 rx_latency=1ms tx_dur=1ms,23.584,
2727,10,1439,2859468191,2026-07-14T15:06:43.848469+00:00,143.800137,51976,41,0202aa70059fcb08005a5811460e29efbf1ffffffc2246cd1e00000fc0007ebfe9ed0737feebfff600,1,TX 41 seq=9188 rx_latency=1ms tx_dur=1ms,16.492,
2727,10,1440,2859468192,2026-07-14T15:06:43.948479+00:00,143.900143,52076,41,0202aa7005a0cb6c005a5811460e29efbf1ffffffc2246cd1e00000fc0007ebfe9ed0737feebfff600,1,TX 41 seq=9189 rx_latency=1ms tx_dur=1ms,17.924,
2727,10,1441,2859468193,2026-07-14T15:06:44.048481+00:00,144.000153,52176,41,0202aa7005a1cbd0005a5811460e29efbf1ffffffc2246cd1e00000fc0007ebfe9ed0737feebfff600,1,TX 41 seq=9190 rx_latency=1ms tx_dur=1ms,19.312,
2727,10,1442,2859468194,2026-07-14T15:06:44.148471+00:00,144.100133,52276,41,0202aa7005a2cc34005a5811460e29efbf1ffffffc2246cd1e00000fc0007ebfe9ed0737feebfff600,1,TX 41 seq=9191 rx_latency=1ms tx_dur=1ms,22.100,
2727,10,1443,2859468195,2026-07-14T15:06:44.248480+00:00,144.200147,52376,41,0202aa7005a3cc98005a5811460e29efbf1ffffffc2246cd1e00000fc0007ebfe9ed0737feebfff600,1,TX 41 seq=9192 rx_latency=1ms tx_dur=1ms,23.566,
2727,10,1444,2859468196,2026-07-14T15:06:44.348470+00:00,144.300132,52476,41,0202aa7005a4ccfc005a5811460e29efbf1ffffffc2246cd1e00000fc0007ebfe9ed0737feebfff600,1,TX 41 seq=9193 rx_latency=1ms tx_dur=1ms,16.227,
2727,10,1445,2859468197,2026-07-14T15:06:44.448481+00:00,144.400146,52576,41,0202aa7005a5cd60005a5811460e29efbf1ffffffc2246cd1e00000fc0007ebfe9ed0737feebfff600,1,TX 41 seq=9194 rx_latency=1ms tx_dur=1ms,17.956,
2727,10,1446,2859468198,2026-07-14T15:06:44.548471+00:00,144.500130,52676,41,0202aa7005a6cdc4005a5811460e29efbf1ffffffc2246cd1e00000fc0007ebfe9ed0737feebfff600,1,TX 41 seq=9195 rx_latency=1ms tx_dur=1ms,19.656,
2727,10,1447,2859468199,2026-07-14T15:06:44.648481+00:00,144.600145,52776,41,0202aa7005a7ce28005a5811460e29efbf1ffffffc2246cd1e00000fc0007ebfe9ed0737feebfff600,1,TX 41 seq=9196 rx_latency=1ms tx_dur=1ms,21.401,
2727,10,1448,2859468200,2026-07-14T15:06:44.748470+00:00,144.700131,52876,41,0202aa7005a8ce8c005a5811460e29efbf1ffffffc2246cd1e00000fc0007ebfe9ed0737feebfff600,1,TX 41 seq=9197 rx_latency=1ms tx_dur=1ms,14.081,
2727,10,1449,2859468201,2026-07-14T15:06:44.848480+00:00,144.800143,52976,41,0202aa7005a9cef0005a5811460e29efbf1ffffffc2246cd1e00000fc0007ebfe9ed0737feebfff600,1,TX 41 seq=9198 rx_latency=1ms tx_dur=1ms,15.793,
2727,10,1450,2859468202,2026-07-14T15:06:44.948471+00:00,144.900130,53076,41,0202aa7005aacf54005a5811460e29efbf1ffffffc2246cd1e00000fc0007ebfe9ed0737feebfff600,1,TX 41 seq=9199 rx_latency=1ms tx_dur=1ms,17.517,
2727,10,1451,2859468203,2026-07-14T15:06:45.048488+00:00,145.000166,53176,41,0202aa7005abcfb8005a5811460e29efbf1ffffffc2246cd1e00000fc0007ebfe9ed0737feebfff600,1,TX 41 seq=9200 rx_latency=1ms tx_dur=1ms,20.287,
2727,10,1452,2859468204,2026-07-14T15:06:45.148472+00:00,145.100134,53276,41,0202aa7005acd01c005a5811460e29efbf1ffffffc2246cd1e00000fc0007ebfe9ed0737feebfff600,1,TX 41 seq=9201 rx_latency=1ms tx_dur=1ms,21.829,
2727,10,1453,2859468205,2026-07-14T15:06:45.248481+00:00,145.200145,53376,41,0202aa7005add080005a5811460e29efbf1ffffffc2246cd1e00000fc0007ebfe9ed0737feebfff600,1,TX 41 seq=9202 rx_latency=1ms tx_dur=1ms,23.585,
2727,10,1454,2859468206,2026-07-14T15:06:45.348470+00:00,145.300130,53476,41,0202aa7005aed0e4005a5811460e29efbf1ffffffc2246cd1e00000fc0007ebfe9ed0737feebfff600,1,TX 41 seq=9203 rx_latency=1ms tx_dur=1ms,16.471,
2727,10,1455,2859468207,2026-07-14T15:06:45.448489+00:00,145.400165,53576,41,0202aa7005afd148005a5811460e29efbf1ffffffc2246cd1e00000fc0007ebfe9ed0737feebfff600,1,TX 41 seq=9204 rx_latency=1ms tx_dur=1ms,18.139,
2727,10,1456,2859468208,2026-07-14T15:06:45.548473+00:00,145.500136,53676,41,0202aa7005b0d1ac005a5811460e29efbf1ffffffc2246cd1e00000fc0007ebfe9ed0737feebfff600,1,TX 41 seq=9205 rx_latency=1ms tx_dur=1ms,19.820,
2727,10,1457,2859468209,2026-07-14T15:06:45.648480+00:00,145.600144,53776,41,0202aa7005b1d210005a5811460e29efbf1ffffffc2246cd1e00000fc0007ebfe9ed0737feebfff600,1,TX 41 seq=9206 rx_latency=1ms tx_dur=1ms,22.276,
2727,10,1458,2859468210,2026-07-14T15:06:45.748479+00:00,145.700142,53876,41,0202aa7005b2d274005a5811460e29efbf1ffffffc2246cd1e00000fc0007ebfe9ed0737feebfff600,1,TX 41 seq=9207 rx_latency=1ms tx_dur=1ms,23.764,
2727,10,1459,2859468211,2026-07-14T15:06:45.848449+00:00,145.800107,53976,41,0202aa7005b3d2d8005a5811460e29efbf1ffffffc2246cd1e00000fc0007ebfe9ed0737feebfff600,1,TX 41 seq=9208 rx_latency=1ms tx_dur=1ms,16.607,
2727,10,1460,2859468212,2026-07-14T15:06:45.948481+00:00,145.900148,54076,41,0202aa7005b4d33c005a5811460e29efbf1ffffffc2246cd1e00000fc0007ebfe9ed0737feebfff600,1,TX 41 seq=9209 rx_latency=1ms tx_dur=1ms,17.887,
2727,10,1461,2859468213,2026-07-14T15:06:46.048482+00:00,146.000155,54176,41,0202aa7005b5d3a0005a5811460e29efbf1ffffffc2246cd1e00000fc0007ebfe9ed0737feebfff600,1,TX 41 seq=9210 rx_latency=1ms tx_dur=1ms,19.360,
2727,10,1462,2859468214,2026-07-14T15:06:46.148475+00:00,146.100145,54276,41,0202aa7005b6d404005a5811460e29efbf1ffffffc2246cd1e00000fc0007ebfe9ed0737feebfff600,1,TX 41 seq=9211 rx_latency=1ms tx_dur=1ms,22.076,
2727,10,1463,2859468215,2026-07-14T15:06:46.248481+00:00,146.200149,54376,41,0202aa7005b7d468005a5811460e29efbf1ffffffc2246cd1e00000fc0007ebfe9ed0737feebfff600,1,TX 41 seq=9212 rx_latency=1ms tx_dur=1ms,23.475,
2727,10,1464,2859468216,2026-07-14T15:06:46.348471+00:00,146.300132,54476,41,0202aa7005b8d4cc005a5811460e29efbf1ffffffc2246cd1e00000fc0007ebfe9ed0737feebfff600,1,TX 41 seq=9213 rx_latency=1ms tx_dur=1ms,16.089,
2727,10,1465,2859468217,2026-07-14T15:06:46.448500+00:00,146.400191,54576,41,0202aa7005b9d530005a5811460e29efbf1ffffffc2246cd1e00000fc0007ebfe9ed0737feebfff600,1,TX 41 seq=9214 rx_latency=1ms tx_dur=1ms,17.279,
2727,10,1466,2859468218,2026-07-14T15:06:46.548477+00:00,146.500145,54676,41,0202aa7005bad594005a5811460e29efbf1ffffffc2246cd1e00000fc0007ebfe9ed0737feebfff600,1,TX 41 seq=9215 rx_latency=1ms tx_dur=1ms,20.394,
2727,10,1467,2859468219,2026-07-14T15:06:46.648477+00:00,146.600147,54776,41,0202aa7005bbd5f8005a5811460e29efbf1ffffffc2246cd1e00000fc0007ebfe9ed0737feebfff600,1,TX 41 seq=9216 rx_latency=1ms tx_dur=1ms,22.153,
2727,10,1468,2859468220,2026-07-14T15:06:46.748472+00:00,146.700134,54876,41,0202aa7005bcd65c005a5811460e29efbf1ffffffc2246cd1e00000fc0007ebfe9ed0737feebfff600,1,TX 41 seq=9217 rx_latency=1ms tx_dur=1ms,13.935,
2727,10,1469,2859468221,2026-07-14T15:06:46.848476+00:00,146.800140,54976,41,0202aa7005bdd6c0005a5811460e29efbf1ffffffc2246cd1e00000fc0007ebfe9ed0737feebfff600,1,TX 41 seq=9218 rx_latency=1ms tx_dur=1ms,16.653,
2727,10,1470,2859468222,2026-07-14T15:06:46.948476+00:00,146.900138,55076,41,0202aa7005bed724005a5811460e29efbf1ffffffc2246cd1e00000fc0007ebfe9ed0737feebfff600,1,TX 41 seq=9219 rx_latency=1ms tx_dur=1ms,18.152,
2727,10,1471,2859468223,2026-07-14T15:06:47.048469+00:00,147.000128,55176,41,0202aa7005bfd788005a5811460e29efbf1ffffffc2246cd1e00000fc0007ebfe9ed0737feebfff600,1,TX 41 seq=9220 rx_latency=1ms tx_dur=1ms,19.647,
2727,10,1472,2859468224,2026-07-14T15:06:47.148485+00:00,147.100160,55276,41,0202aa7005c0d7ec005a5811460e29efbf1ffffffc2246cd1e00000fc0007ebfe9ed0737feebfff600,1,TX 41 seq=9221 rx_latency=1ms tx_dur=1ms,21.337,
2727,10,1473,2859468225,2026-07-14T15:06:47.248474+00:00,147.200148,55376,41,0202aa7005c1d850005a5811460e29efbf1ffffffc2246cd1e00000fc0007ebfe9ed0737feebfff600,1,TX 41 seq=9222 rx_latency=1ms tx_dur=1ms,14.220,
2727,10,1474,2859468226,2026-07-14T15:06:47.348482+00:00,147.300151,55476,41,0202aa7005c2d8b4005a5811460e29efbf1ffffffc2246cd1e00000fc0007ebfe9ed0737feebfff600,1,TX 41 seq=9223 rx_latency=1ms tx_dur=1ms,15.957,
2727,10,1475,2859468227,2026-07-14T15:06:47.448470+00:00,147.400129,55576,41,0202aa7005c3d918005a5811460e29efbf1ffffffc2246cd1e00000fc0007ebfe9ed0737feebfff600,1,TX 41 seq=9224 rx_latency=1ms tx_dur=1ms,17.638,
2727,10,1476,2859468228,2026-07-14T15:06:47.548479+00:00,147.500144,55676,41,0202aa7005c4d97c005a5811460e29efbf1ffffffc2246cd1e00000fc0007ebfe9ed0737feebfff600,1,TX 41 seq=9225 rx_latency=1ms tx_dur=1ms,20.076,
2727,10,1477,2859468229,2026-07-14T15:06:47.648478+00:00,147.600145,55776,41,0202aa7005c5d9e0005a5811460e29efbf1ffffffc2246cd1e00000fc0007ebfe9ed0737feebfff600,1,TX 41 seq=9226 rx_latency=1ms tx_dur=1ms,21.545,
2727,10,1478,2859468230,2026-07-14T15:06:47.748460+00:00,147.700124,55876,41,0202aa7005c6da44005a5811460e29efbf1ffffffc2246cd1e00000fc0007ebfe9ed0737feebfff600,1,TX 41 seq=9227 rx_latency=1ms tx_dur=1ms,16.592,
2727,10,1479,2859468231,2026-07-14T15:06:47.848481+00:00,147.800151,55976,41,0202aa7005c7daa8005a5811460e29efbf1ffffffc2246cd1e00000fc0007ebfe9ed0737feebfff600,1,TX 41 seq=9228 rx_latency=1ms tx_dur=1ms,16.764,
2727,10,1480,2859468232,2026-07-14T15:06:47.948476+00:00,147.900138,56076,41,0202aa7005c8db0c005a5811460e29efbf1ffffffc2246cd1e00000fc0007ebfe9ed0737feebfff600,1,TX 41 seq=9229 rx_latency=1ms tx_dur=1ms,18.277,
2727,10,1481,2859468233,2026-07-14T15:06:48.048439+00:00,148.000100,56176,41,0202aa7005c9db70005a5811460e29efbf1ffffffc2246cd1e00000fc0007ebfe9ed0737feebfff600,1,TX 41 seq=9230 rx_latency=1ms tx_dur=1ms,19.954,
2727,10,1482,2859468234,2026-07-14T15:06:48.148479+00:00,148.100142,56276,41,0202aa7005cadbd4005a5811460e29efbf1ffffffc2246cd1e00000fc0007ebfe9ed0737feebfff600,1,TX 41 seq=9231 rx_latency=1ms tx_dur=1ms,22.481,
2727,10,1483,2859468235,2026-07-14T15:06:48.248469+00:00,148.200126,56376,41,0202aa7005cbdc38005a5811460e29efbf1ffffffc2246cd1e00000fc0007ebfe9ed0737feebfff600,1,TX 41 seq=9232 rx_latency=1ms tx_dur=1ms,14.115,
2727,10,1484,2859468236,2026-07-14T15:06:48.348475+00:00,148.300158,56476,41,0202aa7005ccdc9c005a5811460e29efbf1ffffffc2246cd1e00000fc0007ebfe9ed0737feebfff600,1,TX 41 seq=9233 rx_latency=1ms tx_dur=1ms,15.689,
2727,10,1485,2859468237,2026-07-14T15:06:48.448474+00:00,148.400138,56576,41,0202aa7005cddd00005a5811460e29efbf1ffffffc2246cd1e00000fc0007ebfe9ed0737feebfff600,1,TX 41 seq=9234 rx_latency=1ms tx_dur=1ms,17.450,
2727,10,1486,2859468238,2026-07-14T15:06:48.548480+00:00,148.500146,56676,41,0202aa7005cedd64005a5811460e29efbf1ffffffc2246cd1e00000fc0007ebfe9ed0737feebfff600,1,TX 41 seq=9235 rx_latency=1ms tx_dur=1ms,20.312,
2727,10,1487,2859468239,2026-07-14T15:06:48.648469+00:00,148.600127,56776,41,0202aa7005cfddc8005a5811460e29efbf1ffffffc2246cd1e00000fc0007ebfe9ed0737feebfff600,1,TX 41 seq=9236 rx_latency=1ms tx_dur=1ms,21.827,
2727,10,1488,2859468240,2026-07-14T15:06:48.748488+00:00,148.700166,56876,41,0202aa7005d0de2c005a5811460e29efbf1ffffffc2246cd1e00000fc0007ebfe9ed0737feebfff600,1,TX 41 seq=9237 rx_latency=1ms tx_dur=1ms,23.503,
2727,10,1489,2859468241,2026-07-14T15:06:48.848473+00:00,148.800136,56976,41,0202aa7005d1de90005a5811460e29efbf1ffffffc2246cd1e00000fc0007ebfe9ed0737feebfff600,1,TX 41 seq=9238 rx_latency=1ms tx_dur=1ms,16.411,
2727,10,1490,2859468242,2026-07-14T15:06:48.948480+00:00,148.900144,57076,41,0202aa7005d2def4005a5811460e29efbf1ffffffc2246cd1e00000fc0007ebfe9ed0737feebfff600,1,TX 41 seq=9239 rx_latency=1ms tx_dur=1ms,18.154,
2727,10,1491,2859468243,2026-07-14T15:06:49.048470+00:00,149.000129,57176,41,0202aa7005d3df58005a5811460e29efbf1ffffffc2246cd1e00000fc0007ebfe9ed0737feebfff600,1,TX 41 seq=9240 rx_latency=1ms tx_dur=1ms,19.931,
2727,10,1492,2859468244,2026-07-14T15:06:49.148477+00:00,149.100139,57276,41,0202aa7005d4dfbc005a5811460e29efbf1ffffffc2246cd1e00000fc0007ebfe9ed0737feebfff600,1,TX 41 seq=9241 rx_latency=1ms tx_dur=1ms,22.494,
2727,10,1493,2859468245,2026-07-14T15:06:49.248472+00:00,149.200132,57376,41,0202aa7005d5e020005a5811460e29efbf1ffffffc2246cd1e00000fc0007ebfe9ed0737feebfff600,1,TX 41 seq=9242 rx_latency=1ms tx_dur=1ms,14.052,
2727,10,1494,2859468246,2026-07-14T15:06:49.348486+00:00,149.300167,57476,41,0202aa7005d6e084005a5811460e29efbf1ffffffc2246cd1e00000fc0007ebfe9ed0737feebfff600,1,TX 41 seq=9243 rx_latency=1ms tx_dur=1ms,15.689,
2727,10,1495,2859468247,2026-07-14T15:06:49.448472+00:00,149.400135,57576,41,0202aa7005d7e0e8005a5811460e29efbf1ffffffc2246cd1e00000fc0007ebfe9ed0737feebfff600,1,TX 41 seq=9244 rx_latency=1ms tx_dur=1ms,17.460,
2727,10,1496,2859468248,2026-07-14T15:06:49.548479+00:00,149.500143,57676,41,0202aa7005d8e14c005a5811460e29efbf1ffffffc2246cd1e00000fc0007ebfe9ed0737feebfff600,1,TX 41 seq=9245 rx_latency=1ms tx_dur=1ms,20.331,
2727,10,1497,2859468249,2026-07-14T15:06:49.648493+00:00,149.600162,57776,41,0202aa7005d9e1b0005a5811460e29efbf1ffffffc2246cd1e00000fc0007ebfe9ed0737feebfff600,1,TX 41 seq=9246 rx_latency=1ms tx_dur=1ms,21.847,
2727,10,1498,2859468250,2026-07-14T15:06:49.748486+00:00,149.700168,57876,41,0202aa7005dae214005a5811460e29efbf1ffffffc2246cd1e00000fc0007ebfe9ed0737feebfff600,1,TX 41 seq=9247 rx_latency=1ms tx_dur=1ms,23.410,
2727,10,1499,2859468251,2026-07-14T15:06:49.848481+00:00,149.800154,57976,41,0202aa7005dbe278005a5811460e29efbf1ffffffc2246cd1e00000fc0007ebfe9ed0737feebfff600,1,TX 41 seq=9248 rx_latency=1ms tx_dur=1ms,16.405,
2727,10,1500,2859468252,2026-07-14T15:06:49.948473+00:00,149.900135,58076,41,0202aa7005dce2dc005a5811460e29efbf1ffffffc2246cd1e00000fc0007ebfe9ed0737feebfff600,1,TX 41 seq=9249 rx_latency=1ms tx_dur=1ms,18.137,
2727,10,1501,2859468253,2026-07-14T15:06:50.048486+00:00,150.000165,58176,41,0202aa7005dde340005a5811460e29efbf1ffffffc2246cd1e00000fc0007ebfe9ed0737feebfff600,1,TX 41 seq=9250 rx_latency=1ms tx_dur=1ms,19.849,
2727,10,1502,2859468254,2026-07-14T15:06:50.148479+00:00,150.100148,58276,41,0202aa7005dee3a4005a5811460e29efbf1ffffffc2246cd1e00000fc0007ebfe9ed0737feebfff600,1,TX 41 seq=9251 rx_latency=1ms tx_dur=1ms,21.373,
2727,10,1503,2859468255,2026-07-14T15:06:50.248472+00:00,150.200137,58376,41,0202aa7005dfe408005a5811460e29efbf1ffffffc2246cd1e00000fc0007ebfe9ed0737feebfff600,1,TX 41 seq=9252 rx_latency=1ms tx_dur=1ms,23.939,
2727,10,1504,2859468256,2026-07-14T15:06:50.348484+00:00,150.300153,58476,41,0202aa7005e0e46c005a5811460e29efbf1ffffffc2246cd1e00000fc0007ebfe9ed0737feebfff600,1,TX 41 seq=9253 rx_latency=1ms tx_dur=1ms,15.753,
2727,10,1505,2859468257,2026-07-14T15:06:50.448471+00:00,150.400131,58576,41,0202aa7005e1e4d0005a5811460e29efbf1ffffffc2246cd1e00000fc0007ebfe9ed0737feebfff600,1,TX 41 seq=9254 rx_latency=1ms tx_dur=1ms,17.485,
2727,10,1506,2859468258,2026-07-14T15:06:50.548480+00:00,150.500144,58676,41,0202aa7005e2e534005a5811460e29efbf1ffffffc2246cd1e00000fc0007ebfe9ed0737feebfff600,1,TX 41 seq=9255 rx_latency=1ms tx_dur=1ms,20.325,
2727,10,1507,2859468259,2026-07-14T15:06:50.648472+00:00,150.600134,58776,41,0202aa7005e3e598005a5811460e29efbf1ffffffc2246cd1e00000fc0007ebfe9ed0737feebfff600,1,TX 41 seq=9256 rx_latency=1ms tx_dur=1ms,21.799,
2727,10,1508,2859468260,2026-07-14T15:06:50.748487+00:00,150.700162,58876,41,0202aa7005e4e5fc005a5811460e29efbf1ffffffc2246cd1e00000fc0007ebfe9ed0737feebfff600,1,TX 41 seq=9257 rx_latency=1ms tx_dur=1ms,23.549,
2727,10,1509,2859468261,2026-07-14T15:06:50.848477+00:00,150.800147,58976,41,0202aa7005e5e660005a5811460e29efbf1ffffffc2246cd1e00000fc0007ebfe9ed0737feebfff600,1,TX 41 seq=9258 rx_latency=1ms tx_dur=1ms,16.393,
2727,10,1510,2859468262,2026-07-14T15:06:50.948481+00:00,150.900144,59076,41,0202aa7005e6e6c4005a5811460e29efbf1ffffffc2246cd1e00000fc0007ebfe9ed0737feebfff600,1,TX 41 seq=9259 rx_latency=1ms tx_dur=1ms,18.162,
2727,10,1511,2859468263,2026-07-14T15:06:51.048470+00:00,151.000128,59176,41,0202aa7005e7e728005a5811460e29efbf1ffffffc2246cd1e00000fc0007ebfe9ed0737feebfff600,1,TX 41 seq=9260 rx_latency=1ms tx_dur=1ms,19.820,
2727,10,1512,2859468264,2026-07-14T15:06:51.148480+00:00,151.100143,59276,41,0202aa7005e8e78c005a5811460e29efbf1ffffffc2246cd1e00000fc0007ebfe9ed0737feebfff600,1,TX 41 seq=9261 rx_latency=1ms tx_dur=1ms,22.267,
2727,10,1513,2859468265,2026-07-14T15:06:51.248477+00:00,151.200140,59376,41,0202aa7005e9e7f0005a5811460e29efbf1ffffffc2246cd1e00000fc0007ebfe9ed0737feebfff600,1,TX 41 seq=9262 rx_latency=1ms tx_dur=1ms,13.785,
2727,10,1514,2859468266,2026-07-14T15:06:51.348488+00:00,151.300168,59476,41,0202aa7005eae854005a5811460e29efbf1ffffffc2246cd1e00000fc0007ebfe9ed0737feebfff600,1,TX 41 seq=9263 rx_latency=1ms tx_dur=1ms,16.460,
2727,10,1515,2859468267,2026-07-14T15:06:51.448477+00:00,151.400140,59576,41,0202aa7005ebe8b8005a5811460e29efbf1ffffffc2246cd1e00000fc0007ebfe9ed0737feebfff600,1,TX 41 seq=9264 rx_latency=1ms tx_dur=1ms,17.951,
2727,10,1516,2859468268,2026-07-14T15:06:51.548479+00:00,151.500143,59676,41,0202aa7005ece91c005a5811460e29efbf1ffffffc2246cd1e00000fc0007ebfe9ed0737feebfff600,1,TX 41 seq=9265 rx_latency=1ms tx_dur=1ms,19.492,
2727,10,1517,2859468269,2026-07-14T15:06:51.648472+00:00,151.600131,59776,41,0202aa7005ede980005a5811460e29efbf1ffffffc2246cd1e00000fc0007ebfe9ed0737feebfff600,1,TX 41 seq=9266 rx_latency=1ms tx_dur=1ms,22.292,
2727,10,1518,2859468270,2026-07-14T15:06:51.748487+00:00,151.700156,59876,41,0202aa7005eee9e4005a5811460e29efbf1ffffffc2246cd1e00000fc0007ebfe9ed0737feebfff600,1,TX 41 seq=9267 rx_latency=1ms tx_dur=1ms,24.038,
2727,10,1519,2859468271,2026-07-14T15:06:51.848474+00:00,151.800136,59976,41,0202aa7005efea48005a5811460e29efbf1ffffffc2246cd1e00000fc0007ebfe9ed0737feebfff600,1,TX 41 seq=9268 rx_latency=1ms tx_dur=1ms,15.812,
2727,10,1520,2859468272,2026-07-14T15:06:51.948487+00:00,151.900166,60076,41,0202aa7005f0eaac005a5811460e29efbf1ffffffc2246cd1e00000fc0007ebfe9ed0737feebfff600,1,TX 41 seq=9269 rx_latency=1ms tx_dur=1ms,18.383,
2727,10,1521,2859468273,2026-07-14T15:06:52.048475+00:00,152.000138,60176,41,0202aa7005f1eb10005a5811460e29efbf1ffffffc2246cd1e00000fc0007ebfe9ed0737feebfff600,1,TX 41 seq=9270 rx_latency=1ms tx_dur=1ms,20.130,
2727,10,1522,2859468274,2026-07-14T15:06:52.148479+00:00,152.100143,60276,41,0202aa7005f2eb74005a5811460e29efbf1ffffffc2246cd1e00000fc0007ebfe9ed0737feebfff600,1,TX 41 seq=9271 rx_latency=1ms tx_dur=1ms,21.901,
2727,10,1523,2859468275,2026-07-14T15:06:52.248473+00:00,152.200130,60376,41,0202aa7005f3ebd8005a5811460e29efbf1ffffffc2246cd1e00000fc0007ebfe9ed0737feebfff600,1,TX 41 seq=9272 rx_latency=1ms tx_dur=1ms,13.678,
2727,10,1524,2859468276,2026-07-14T15:06:52.348479+00:00,152.300142,60476,41,0202aa7005f4ec3c005a5811460e29efbf1ffffffc2246cd1e00000fc0007ebfe9ed0737feebfff600,1,TX 41 seq=9273 rx_latency=1ms tx_dur=1ms,16.437,
2727,10,1525,2859468277,2026-07-14T15:06:52.448486+00:00,152.400164,60576,41,0202aa7005f5eca0005a5811460e29efbf1ffffffc2246cd1e00000fc0007ebfe9ed0737feebfff600,1,TX 41 seq=9274 rx_latency=1ms tx_dur=1ms,17.909,
2727,10,1526,2859468278,2026-07-14T15:06:52.548483+00:00,152.500155,60676,41,0202aa7005f6ed04005a5811460e29efbf1ffffffc2246cd1e00000fc0007ebfe9ed0737feebfff600,1,TX 41 seq=9275 rx_latency=1ms tx_dur=1ms,19.715,
2727,10,1527,2859468279,2026-07-14T15:06:52.648474+00:00,152.600134,60776,41,0202aa7005f7ed68005a5811460e29efbf1ffffffc2246cd1e00000fc0007ebfe9ed0737feebfff600,1,TX 41 seq=9276 rx_latency=1ms tx_dur=1ms,22.523,
2727,10,1528,2859468280,2026-07-14T15:06:52.748477+00:00,152.700140,60876,41,0202aa7005f8edcc005a5811460e29efbf1ffffffc2246cd1e00000fc0007ebfe9ed0737feebfff600,1,TX 41 seq=9277 rx_latency=1ms tx_dur=1ms,14.127,
2727,10,1529,2859468281,2026-07-14T15:06:52.848473+00:00,152.800132,60976,41,0202aa7005f9ee30005a5811460e29efbf1ffffffc2246cd1e00000fc0007ebfe9ed0737feebfff600,1,TX 41 seq=9278 rx_latency=1ms tx_dur=1ms,15.857,
2727,10,1530,2859468282,2026-07-14T15:06:52.948479+00:00,152.900142,61076,41,0202aa7005faee94005a5811460e29efbf1ffffffc2246cd1e00000fc0007ebfe9ed0737feebfff600,1,TX 41 seq=9279 rx_latency=1ms tx_dur=1ms,17.585,
2727,10,1531,2859468283,2026-07-14T15:06:53.048478+00:00,153.000148,61176,41,0202aa7005fbeef8005a5811460e29efbf1ffffffc2246cd1e00000fc0007ebfe9ed0737feebfff600,1,TX 41 seq=9280 rx_latency=1ms tx_dur=1ms,20.339,
2727,10,1532,2859468284,2026-07-14T15:06:53.148478+00:00,153.100143,61276,41,0202aa7005fcef5c005a5811460e29efbf1ffffffc2246cd1e00000fc0007ebfe9ed0737feebfff600,1,TX 41 seq=9281 rx_latency=1ms tx_dur=1ms,22.036,
2727,10,1533,2859468285,2026-07-14T15:06:53.248478+00:00,153.200142,61376,41,0202aa7005fdefc0005a5811460e29efbf1ffffffc2246cd1e00000fc0007ebfe9ed0737feebfff600,1,TX 41 seq=9282 rx_latency=1ms tx_dur=1ms,16.759,
2727,10,1534,2859468286,2026-07-14T15:06:53.348478+00:00,153.300140,61476,41,0202aa7005fef024005a5811460e29efbf1ffffffc2246cd1e00000fc0007ebfe9ed0737feebfff600,1,TX 41 seq=9283 rx_latency=1ms tx_dur=1ms,16.032,
2727,10,1535,2859468287,2026-07-14T15:06:53.448472+00:00,153.400133,61576,41,0202aa7005fff088005a5811460e29efbf1ffffffc2246cd1e00000fc0007ebfe9ed0737feebfff600,1,TX 41 seq=9284 rx_latency=1ms tx_dur=1ms,17.680,
2727,10,1536,2859468288,2026-07-14T15:06:53.548483+00:00,153.500154,61676,41,0202aa700600f0ec005a5811460e29efbf1ffffffc2246cd1e00000fc0007ebfe9ed0737feebfff600,1,TX 41 seq=9285 rx_latency=1ms tx_dur=1ms,20.127,
2727,10,1537,2859468289,2026-07-14T15:06:53.648477+00:00,153.600141,61776,41,0202aa700601f150005a5811460e29efbf1ffffffc2246cd1e00000fc0007ebfe9ed0737feebfff600,1,TX 41 seq=9286 rx_latency=1ms tx_dur=1ms,21.602,
2727,10,1538,2859468290,2026-07-14T15:06:53.748473+00:00,153.700131,61876,41,0202aa700602f1b4005a5811460e29efbf1ffffffc2246cd1e00000fc0007ebfe9ed0737feebfff600,1,TX 41 seq=9287 rx_latency=1ms tx_dur=1ms,16.624,
2727,10,1539,2859468291,2026-07-14T15:06:53.848481+00:00,153.800146,61976,41,0202aa700603f218005a5811460e29efbf1ffffffc2246cd1e00000fc0007ebfe9ed0737feebfff600,1,TX 41 seq=9288 rx_latency=1ms tx_dur=1ms,15.827,
2727,10,1540,2859468292,2026-07-14T15:06:53.948469+00:00,153.900128,62076,41,0202aa700604f27c005a5811460e29efbf1ffffffc2246cd1e00000fc0007ebfe9ed0737feebfff600,1,TX 41 seq=9289 rx_latency=1ms tx_dur=1ms,18.458,
2727,10,1541,2859468293,2026-07-14T15:06:54.048484+00:00,154.000155,62176,41,0202aa700605f2e0005a5811460e29efbf1ffffffc2246cd1e00000fc0007ebfe9ed0737feebfff600,1,TX 41 seq=9290 rx_latency=1ms tx_dur=1ms,20.152,
2727,10,1542,2859468294,2026-07-14T15:06:54.148472+00:00,154.100131,62276,41,0202aa700606f344005a5811460e29efbf1ffffffc2246cd1e00000fc0007ebfe9ed0737feebfff600,1,TX 41 seq=9291 rx_latency=1ms tx_dur=1ms,21.877,
2727,10,1543,2859468295,2026-07-14T15:06:54.248480+00:00,154.200143,62376,41,0202aa700607f3a8005a5811460e29efbf1ffffffc2246cd1e00000fc0007ebfe9ed0737feebfff600,1,TX 41 seq=9292 rx_latency=1ms tx_dur=1ms,13.693,
2727,10,1544,2859468296,2026-07-14T15:06:54.348476+00:00,154.300139,62476,41,0202aa700608f40c005a5811460e29efbf1ffffffc2246cd1e00000fc0007ebfe9ed0737feebfff600,1,TX 41 seq=9293 rx_latency=1ms tx_dur=1ms,16.301,
2727,10,1545,2859468297,2026-07-14T15:06:54.448475+00:00,154.400138,62576,41,0202aa700609f470005a5811460e29efbf1ffffffc2246cd1e00000fc0007ebfe9ed0737feebfff600,1,TX 41 seq=9294 rx_latency=1ms tx_dur=1ms,18.006,
2727,10,1546,2859468298,2026-07-14T15:06:54.548482+00:00,154.500150,62676,41,0202aa70060af4d4005a5811460e29efbf1ffffffc2246cd1e00000fc0007ebfe9ed0737feebfff600,1,TX 41 seq=9295 rx_latency=1ms tx_dur=1ms,19.743,
2727,10,1547,2859468299,2026-07-14T15:06:54.648480+00:00,154.600148,62776,41,0202aa70060bf538005a5811460e29efbf1ffffffc2246cd1e00000fc0007ebfe9ed0737feebfff600,1,TX 41 seq=9296 rx_latency=1ms tx_dur=1ms,22.493,
2727,10,1548,2859468300,2026-07-14T15:06:54.748480+00:00,154.700149,62876,41,0202aa70060cf59c005a5811460e29efbf1ffffffc2246cd1e00000fc0007ebfe9ed0737feebfff600,1,TX 41 seq=9297 rx_latency=1ms tx_dur=1ms,16.573,
2727,10,1549,2859468301,2026-07-14T15:06:54.848480+00:00,154.800143,62976,41,0202aa70060df600005a5811460e29efbf1ffffffc2246cd1e00000fc0007ebfe9ed0737feebfff600,1,TX 41 seq=9298 rx_latency=1ms tx_dur=1ms,15.850,
2727,10,1550,2859468302,2026-07-14T15:06:54.948477+00:00,154.900139,63076,41,0202aa70060ef664005a5811460e29efbf1ffffffc2246cd1e00000fc0007ebfe9ed0737feebfff600,1,TX 41 seq=9299 rx_latency=1ms tx_dur=1ms,18.484,
2727,10,1551,2859468303,2026-07-14T15:06:55.048477+00:00,155.000144,63176,41,0202aa70060ff6c8005a5811460e29efbf1ffffffc2246cd1e00000fc0007ebfe9ed0737feebfff600,1,TX 41 seq=9300 rx_latency=1ms tx_dur=1ms,20.166,
2727,10,1552,2859468304,2026-07-14T15:06:55.148480+00:00,155.100148,63276,41,0202aa700610f72c005a5811460e29efbf1ffffffc2246cd1e00000fc0007ebfe9ed0737feebfff600,1,TX 41 seq=9301 rx_latency=1ms tx_dur=1ms,21.900,
2727,10,1553,2859468305,2026-07-14T15:06:55.248479+00:00,155.200149,63376,41,0202aa700611f790005a5811460e29efbf1ffffffc2246cd1e00000fc0007ebfe9ed0737feebfff600,1,TX 41 seq=9302 rx_latency=1ms tx_dur=1ms,13.662,
2727,10,1554,2859468306,2026-07-14T15:06:55.348479+00:00,155.300145,63476,41,0202aa700612f7f4005a5811460e29efbf1ffffffc2246cd1e00000fc0007ebfe9ed0737feebfff600,1,TX 41 seq=9303 rx_latency=1ms tx_dur=1ms,16.295,
2727,10,1555,2859468307,2026-07-14T15:06:55.448481+00:00,155.400146,63576,41,0202aa700613f858005a5811460e29efbf1ffffffc2246cd1e00000fc0007ebfe9ed0737feebfff600,1,TX 41 seq=9304 rx_latency=1ms tx_dur=1ms,18.015,
2727,10,1556,2859468308,2026-07-14T15:06:55.548471+00:00,155.500132,63676,41,0202aa700614f8bc005a5811460e29efbf1ffffffc2246cd1e00000fc0007ebfe9ed0737feebfff600,1,TX 41 seq=9305 rx_latency=1ms tx_dur=1ms,19.725,
2727,10,1557,2859468309,2026-07-14T15:06:55.648490+00:00,155.600157,63776,41,0202aa700615f920005a5811460e29efbf1ffffffc2246cd1e00000fc0007ebfe9ed0737feebfff600,1,TX 41 seq=9306 rx_latency=1ms tx_dur=1ms,21.559,
2727,10,1558,2859468310,2026-07-14T15:06:55.748493+00:00,155.700178,63876,41,0202aa700616f984005a5811460e29efbf1ffffffc2246cd1e00000fc0007ebfe9ed0737feebfff600,1,TX 41 seq=9307 rx_latency=1ms tx_dur=1ms,24.098,
2727,10,1559,2859468311,2026-07-14T15:06:55.848480+00:00,155.800146,63976,41,0202aa700617f9e8005a5811460e29efbf1ffffffc2246cd1e00000fc0007ebfe9ed0737feebfff600,1,TX 41 seq=9308 rx_latency=1ms tx_dur=1ms,16.702,
2727,10,1560,2859468312,2026-07-14T15:06:55.948479+00:00,155.900144,64076,41,0202aa700618fa4c005a5811460e29efbf1ffffffc2246cd1e00000fc0007ebfe9ed0737feebfff600,1,TX 41 seq=9309 rx_latency=1ms tx_dur=1ms,18.199,
2727,10,1561,2859468313,2026-07-14T15:06:56.048471+00:00,156.000135,64176,41,0202aa700619fab0005a5811460e29efbf1ffffffc2246cd1e00000fc0007ebfe9ed0737feebfff600,1,TX 41 seq=9310 rx_latency=1ms tx_dur=1ms,19.832,
2727,10,1562,2859468314,2026-07-14T15:06:56.148481+00:00,156.100146,64276,41,0202aa70061afb14005a5811460e29efbf1ffffffc2246cd1e00000fc0007ebfe9ed0737feebfff600,1,TX 41 seq=9311 rx_latency=1ms tx_dur=1ms,22.296,
2727,10,1563,2859468315,2026-07-14T15:06:56.248483+00:00,156.200157,64376,41,0202aa70061bfb78005a5811460e29efbf1ffffffc2246cd1e00000fc0007ebfe9ed0737feebfff600,1,TX 41 seq=9312 rx_latency=1ms tx_dur=1ms,23.741,
2727,10,1564,2859468316,2026-07-14T15:06:56.348475+00:00,156.300136,64476,41,0202aa70061cfbdc005a5811460e29efbf1ffffffc2246cd1e00000fc0007ebfe9ed0737feebfff600,1,TX 41 seq=9313 rx_latency=1ms tx_dur=1ms,16.582,
2727,10,1565,2859468317,2026-07-14T15:06:56.448482+00:00,156.400147,64576,41,0202aa70061dfc40005a5811460e29efbf1ffffffc2246cd1e00000fc0007ebfe9ed0737feebfff600,1,TX 41 seq=9314 rx_latency=1ms tx_dur=1ms,17.909,
2727,10,1566,2859468318,2026-07-14T15:06:56.548479+00:00,156.500148,64676,41,0202aa70061efca4005a5811460e29efbf1ffffffc2246cd1e00000fc0007ebfe9ed0737feebfff600,1,TX 41 seq=9315 rx_latency=1ms tx_dur=1ms,20.492,
2727,10,1567,2859468319,2026-07-14T15:06:56.648474+00:00,156.600133,64776,41,0202aa70061ffd08005a5811460e29efbf1ffffffc2246cd1e00000fc0007ebfe9ed0737feebfff600,1,TX 41 seq=9316 rx_latency=1ms tx_dur=1ms,22.128,
2727,10,1568,2859468320,2026-07-14T15:06:56.748482+00:00,156.700149,64876,41,0202aa700620fd6c005a5811460e29efbf1ffffffc2246cd1e00000fc0007ebfe9ed0737feebfff600,1,TX 41 seq=9317 rx_latency=1ms tx_dur=1ms,13.621,
2727,10,1569,2859468321,2026-07-14T15:06:56.848475+00:00,156.800137,64976,41,0202aa700621fdd0005a5811460e29efbf1ffffffc2246cd1e00000fc0007ebfe9ed0737feebfff600,1,TX 41 seq=9318 rx_latency=1ms tx_dur=1ms,16.268,
2727,10,1570,2859468322,2026-07-14T15:06:56.948479+00:00,156.900140,65076,41,0202aa700622fe34005a5811460e29efbf1ffffffc2246cd1e00000fc0007ebfe9ed0737feebfff600,1,TX 41 seq=9319 rx_latency=1ms tx_dur=1ms,17.980,
2727,10,1571,2859468323,2026-07-14T15:06:57.048477+00:00,157.000141,65176,41,0202aa700623fe98005a5811460e29efbf1ffffffc2246cd1e00000fc0007ebfe9ed0737feebfff600,1,TX 41 seq=9320 rx_latency=1ms tx_dur=1ms,19.700,
2727,10,1572,2859468324,2026-07-14T15:06:57.148479+00:00,157.100141,65276,41,0202aa700624fefc005a5811460e29efbf1ffffffc2246cd1e00000fc0007ebfe9ed0737feebfff600,1,TX 41 seq=9321 rx_latency=1ms tx_dur=1ms,21.435,
2727,10,1573,2859468325,2026-07-14T15:06:57.248415+00:00,157.200079,65376,41,0202aa700625ff60005a5811460e29efbf1ffffffc2246cd1e00000fc0007ebfe9ed0737feebfff600,1,TX 41 seq=9322 rx_latency=1ms tx_dur=1ms,14.163,
2727,10,1574,2859468326,2026-07-14T15:06:57.348479+00:00,157.300141,65476,41,0202aa700626ffc4005a5811460e29efbf1ffffffc2246cd1e00000fc0007ebfe9ed0737feebfff600,1,TX 41 seq=9323 rx_latency=1ms tx_dur=1ms,15.828,
2727,10,1575,2859468327,2026-07-14T15:06:57.448475+00:00,157.400136,40,41,0202aa7006270028005a5811460e29efbf1ffffffc2246cd1e00000fc0007ebfe9ed0737feebfff600,1,TX 41 seq=9324 rx_latency=1ms tx_dur=1ms,17.566,
2727,10,1576,2859468328,2026-07-14T15:06:57.548482+00:00,157.500154,140,41,0202aa700628008c005a5811460e29efbf1ffffffc2246cd1e00000fc0007ebfe9ed0737feebfff600,1,TX 41 seq=9325 rx_latency=1ms tx_dur=1ms,20.290,
2727,10,1577,2859468329,2026-07-14T15:06:57.648483+00:00,157.600155,240,41,0202aa70062900f0005a5811460e29efbf1ffffffc2246cd1e00000fc0007ebfe9ed0737feebfff600,1,TX 41 seq=9326 rx_latency=1ms tx_dur=1ms,22.072,
2727,10,1578,2859468330,2026-07-14T15:06:57.748478+00:00,157.700143,340,41,0202aa70062a0154005a5811460e29efbf1ffffffc2246cd1e00000fc0007ebfe9ed0737feebfff600,1,TX 41 seq=9327 rx_latency=1ms tx_dur=1ms,13.625,
2727,10,1579,2859468331,2026-07-14T15:06:57.848476+00:00,157.800137,440,41,0202aa70062b01b8005a5811460e29efbf1ffffffc2246cd1e00000fc0007ebfe9ed0737feebfff600,1,TX 41 seq=9328 rx_latency=1ms tx_dur=1ms,16.269,
2727,10,1580,2859468332,2026-07-14T15:06:57.948480+00:00,157.900142,540,41,0202aa70062c021c005a5811460e29efbf1ffffffc2246cd1e00000fc0007ebfe9ed0737feebfff600,1,TX 41 seq=9329 rx_latency=1ms tx_dur=1ms,17.994,
2727,10,1581,2859468333,2026-07-14T15:06:58.048480+00:00,158.000147,640,41,0202aa70062d0280005a5811460e29efbf1ffffffc2246cd1e00000fc0007ebfe9ed0737feebfff600,1,TX 41 seq=9330 rx_latency=1ms tx_dur=1ms,19.698,
2727,10,1582,2859468334,2026-07-14T15:06:58.148502+00:00,158.100165,740,41,0202aa70062e02e4005a5811460e29efbf1ffffffc2246cd1e00000fc0007ebfe9ed0737feebfff600,1,TX 41 seq=9331 rx_latency=1ms tx_dur=1ms,21.417,
2727,10,1583,2859468335,2026-07-14T15:06:58.248473+00:00,158.200135,840,41,0202aa70062f0348005a5811460e29efbf1ffffffc2246cd1e00000fc0007ebfe9ed0737feebfff600,1,TX 41 seq=9332 rx_latency=1ms tx_dur=1ms,14.057,
2727,10,1584,2859468336,2026-07-14T15:06:58.348468+00:00,158.300125,940,41,0202aa70063003ac005a5811460e29efbf1ffffffc2246cd1e00000fc0007ebfe9ed0737feebfff600,1,TX 41 seq=9333 rx_latency=1ms tx_dur=1ms,15.923,
2727,10,1585,2859468337,2026-07-14T15:06:58.448476+00:00,158.400139,1040,41,0202aa7006310410005a5811460e29efbf1ffffffc2246cd1e00000fc0007ebfe9ed0737feebfff600,1,TX 41 seq=9334 rx_latency=1ms tx_dur=1ms,17.564,
2727,10,1586,2859468338,2026-07-14T15:06:58.548500+00:00,158.500195,1140,41,0202aa7006320474005a5811460e29efbf1ffffffc2246cd1e00000fc0007ebfe9ed0737feebfff600,1,TX 41 seq=9335 rx_latency=1ms tx_dur=1ms,20.129,
2727,10,1587,2859468339,2026-07-14T15:06:58.648472+00:00,158.600136,1240,41,0202aa70063304d8005a5811460e29efbf1ffffffc2246cd1e00000fc0007ebfe9ed0737feebfff600,1,TX 41 seq=9336 rx_latency=1ms tx_dur=1ms,21.832,
2727,10,1588,2859468340,2026-07-14T15:06:58.748479+00:00,158.700143,1340,41,0202aa700634053c005a5811460e29efbf1ffffffc2246cd1e00000fc0007ebfe9ed0737feebfff600,1,TX 41 seq=9337 rx_latency=1ms tx_dur=1ms,16.704,
2727,10,1589,2859468341,2026-07-14T15:06:58.848472+00:00,158.800129,1440,41,0202aa70063505a0005a5811460e29efbf1ffffffc2246cd1e00000fc0007ebfe9ed0737feebfff600,1,TX 41 seq=9338 rx_latency=1ms tx_dur=1ms,16.079,
2727,10,1590,2859468342,2026-07-14T15:06:58.948475+00:00,158.900137,1540,41,0202aa7006360604005a5811460e29efbf1ffffffc2246cd1e00000fc0007ebfe9ed0737feebfff600,1,TX 41 seq=9339 rx_latency=1ms tx_dur=1ms,17.631,
2727,10,1591,2859468343,2026-07-14T15:06:59.048482+00:00,159.000148,1640,41,0202aa7006370668005a5811460e29efbf1ffffffc2246cd1e00000fc0007ebfe9ed0737feebfff600,1,TX 41 seq=9340 rx_latency=1ms tx_dur=1ms,20.089,
2727,10,1592,2859468344,2026-07-14T15:06:59.148476+00:00,159.100143,1740,41,0202aa70063806cc005a5811460e29efbf1ffffffc2246cd1e00000fc0007ebfe9ed0737feebfff600,1,TX 41 seq=9341 rx_latency=1ms tx_dur=1ms,21.575,
2727,10,1593,2859468345,2026-07-14T15:06:59.248478+00:00,159.200140,1840,41,0202aa7006390730005a5811460e29efbf1ffffffc2246cd1e00000fc0007ebfe9ed0737feebfff600,1,TX 41 seq=9342 rx_latency=1ms tx_dur=1ms,16.555,
2727,10,1594,2859468346,2026-07-14T15:06:59.348478+00:00,159.300138,1940,41,0202aa70063a0794005a5811460e29efbf1ffffffc2246cd1e00000fc0007ebfe9ed0737feebfff600,1,TX 41 seq=9343 rx_latency=1ms tx_dur=1ms,15.842,
2727,10,1595,2859468347,2026-07-14T15:06:59.448475+00:00,159.400135,2040,41,0202aa70063b07f8005a5811460e29efbf1ffffffc2246cd1e00000fc0007ebfe9ed0737feebfff600,1,TX 41 seq=9344 rx_latency=1ms tx_dur=1ms,18.477,
2727,10,1596,2859468348,2026-07-14T15:06:59.548489+00:00,159.500165,2140,41,0202aa70063c085c005a5811460e29efbf1ffffffc2246cd1e00000fc0007ebfe9ed0737feebfff600,1,TX 41 seq=9345 rx_latency=1ms tx_dur=1ms,20.121,
2727,10,1597,2859468349,2026-07-14T15:06:59.648481+00:00,159.600145,2240,41,0202aa70063d08c0005a5811460e29efbf1ffffffc2246cd1e00000fc0007ebfe9ed0737feebfff600,1,TX 41 seq=9346 rx_latency=1ms tx_dur=1ms,21.923,
2727,10,1598,2859468350,2026-07-14T15:06:59.748480+00:00,159.700151,2340,41,0202aa70063e0924005a5811460e29efbf1ffffffc2246cd1e00000fc0007ebfe9ed0737feebfff600,1,TX 41 seq=9347 rx_latency=1ms tx_dur=1ms,13.658,
2727,10,1599,2859468351,2026-07-14T15:06:59.848472+00:00,159.800132,2440,41,0202aa70063f0988005a5811460e29efbf1ffffffc2246cd1e00000fc0007ebfe9ed0737feebfff600,1,TX 41 seq=9348 rx_latency=1ms tx_dur=1ms,16.376,
2727,10,1600,2859468352,2026-07-14T15:06:59.948480+00:00,159.900146,2540,41,0202aa70064009ec005a5811460e29efbf1ffffffc2246cd1e00000fc0007ebfe9ed0737feebfff600,1,TX 41 seq=9349 rx_latency=1ms tx_dur=1ms,17.969,
2727,10,1601,2859468353,2026-07-14T15:07:00.048480+00:00,160.000157,2640,41,0202aa7006410a50005a5811460e29efbf1ffffffc2246cd1e00000fc0007ebfe9ed0737feebfff600,1,TX 41 seq=9350 rx_latency=1ms tx_dur=1ms,19.712,
2727,10,1602,2859468354,2026-07-14T15:07:00.148482+00:00,160.100150,2740,41,0202aa7006420ab4005a5811460e29efbf1ffffffc2246cd1e00000fc0007ebfe9ed0737feebfff600,1,TX 41 seq=9351 rx_latency=1ms tx_dur=1ms,21.414,
2727,10,1603,2859468355,2026-07-14T15:07:00.248470+00:00,160.200130,2840,41,0202aa7006430b18005a5811460e29efbf1ffffffc2246cd1e00000fc0007ebfe9ed0737feebfff600,1,TX 41 seq=9352 rx_latency=1ms tx_dur=1ms,14.154,
2727,10,1604,2859468356,2026-07-14T15:07:00.348480+00:00,160.300145,2940,41,0202aa7006440b7c005a5811460e29efbf1ffffffc2246cd1e00000fc0007ebfe9ed0737feebfff600,1,TX 41 seq=9353 rx_latency=1ms tx_dur=1ms,15.851,
2727,10,1605,2859468357,2026-07-14T15:07:00.448476+00:00,160.400137,3040,41,0202aa7006450be0005a5811460e29efbf1ffffffc2246cd1e00000fc0007ebfe9ed0737feebfff600,1,TX 41 seq=9354 rx_latency=1ms tx_dur=1ms,17.593,
2727,10,1606,2859468358,2026-07-14T15:07:00.548474+00:00,160.500136,3140,41,0202aa7006460c44005a5811460e29efbf1ffffffc2246cd1e00000fc0007ebfe9ed0737feebfff600,1,TX 41 seq=9355 rx_latency=1ms tx_dur=1ms,20.467,
2727,10,1607,2859468359,2026-07-14T15:07:00.648483+00:00,160.600152,3240,41,0202aa7006470ca8005a5811460e29efbf1ffffffc2246cd1e00000fc0007ebfe9ed0737feebfff600,1,TX 41 seq=9356 rx_latency=1ms tx_dur=1ms,21.989,
2727,10,1608,2859468360,2026-07-14T15:07:00.748477+00:00,160.700139,3340,41,0202aa7006480d0c005a5811460e29efbf1ffffffc2246cd1e00000fc0007ebfe9ed0737feebfff600,1,TX 41 seq=9357 rx_latency=1ms tx_dur=1ms,13.587,
2727,10,1609,2859468361,2026-07-14T15:07:00.848483+00:00,160.800158,3440,41,0202aa7006490d70005a5811460e29efbf1ffffffc2246cd1e00000fc0007ebfe9ed0737feebfff600,1,TX 41 seq=9358 rx_latency=1ms tx_dur=1ms,16.119,
2727,10,1610,2859468362,2026-07-14T15:07:00.948472+00:00,160.900133,3540,41,0202aa70064a0dd4005a5811460e29efbf1ffffffc2246cd1e00000fc0007ebfe9ed0737feebfff600,1,TX 41 seq=9359 rx_latency=1ms tx_dur=1ms,17.887,
2727,10,1611,2859468363,2026-07-14T15:07:01.048476+00:00,161.000141,3640,41,0202aa70064b0e38005a5811460e29efbf1ffffffc2246cd1e00000fc0007ebfe9ed0737feebfff600,1,TX 41 seq=9360 rx_latency=1ms tx_dur=1ms,19.622,
2727,10,1612,2859468364,2026-07-14T15:07:01.148479+00:00,161.100142,3740,41,0202aa70064c0e9c005a5811460e29efbf1ffffffc2246cd1e00000fc0007ebfe9ed0737feebfff600,1,TX 41 seq=9361 rx_latency=1ms tx_dur=1ms,22.389,
2727,10,1613,2859468365,2026-07-14T15:07:01.248473+00:00,161.200136,3840,41,0202aa70064d0f00005a5811460e29efbf1ffffffc2246cd1e00000fc0007ebfe9ed0737feebfff600,1,TX 41 seq=9362 rx_latency=1ms tx_dur=1ms,13.883,
2727,10,1614,2859468366,2026-07-14T15:07:01.348472+00:00,161.300132,3940,41,0202aa70064e0f64005a5811460e29efbf1ffffffc2246cd1e00000fc0007ebfe9ed0737feebfff600,1,TX 41 seq=9363 rx_latency=1ms tx_dur=1ms,16.633,
2727,10,1615,2859468367,2026-07-14T15:07:01.448480+00:00,161.400143,4040,41,0202aa70064f0fc8005a5811460e29efbf1ffffffc2246cd1e00000fc0007ebfe9ed0737feebfff600,1,TX 41 seq=9364 rx_latency=1ms tx_dur=1ms,18.077,
2727,10,1616,2859468368,2026-07-14T15:07:01.548471+00:00,161.500130,4140,41,0202aa700650102c005a5811460e29efbf1ffffffc2246cd1e00000fc0007ebfe9ed0737feebfff600,1,TX 41 seq=9365 rx_latency=1ms tx_dur=1ms,19.559,
2727,10,1617,2859468369,2026-07-14T15:07:01.648486+00:00,161.600156,4240,41,0202aa7006511090005a5811460e29efbf1ffffffc2246cd1e00000fc0007ebfe9ed0737feebfff600,1,TX 41 seq=9366 rx_latency=1ms tx_dur=1ms,22.474,
2727,10,1618,2859468370,2026-07-14T15:07:01.748481+00:00,161.700156,4340,41,0202aa70065210f4005a5811460e29efbf1ffffffc2246cd1e00000fc0007ebfe9ed0737feebfff600,1,TX 41 seq=9367 rx_latency=1ms tx_dur=1ms,14.109,
2727,10,1619,2859468371,2026-07-14T15:07:01.848490+00:00,161.800173,4440,41,0202aa7006531158005a5811460e29efbf1ffffffc2246cd1e00000fc0007ebfe9ed0737feebfff600,1,TX 41 seq=9368 rx_latency=1ms tx_dur=1ms,16.824,
2727,10,1620,2859468372,2026-07-14T15:07:01.948477+00:00,161.900144,4540,41,0202aa70065411bc005a5811460e29efbf1ffffffc2246cd1e00000fc0007ebfe9ed0737feebfff600,1,TX 41 seq=9369 rx_latency=1ms tx_dur=1ms,18.370,
2727,10,1621,2859468373,2026-07-14T15:07:02.048469+00:00,162.000130,4640,41,0202aa7006551220005a5811460e29efbf1ffffffc2246cd1e00000fc0007ebfe9ed0737feebfff600,1,TX 41 seq=9370 rx_latency=1ms tx_dur=1ms,20.030,
2727,10,1622,2859468374,2026-07-14T15:07:02.148476+00:00,162.100141,4740,41,0202aa7006561284005a5811460e29efbf1ffffffc2246cd1e00000fc0007ebfe9ed0737feebfff600,1,TX 41 seq=9371 rx_latency=1ms tx_dur=1ms,21.478,
2727,10,1623,2859468375,2026-07-14T15:07:02.248470+00:00,162.200127,4840,41,0202aa70065712e8005a5811460e29efbf1ffffffc2246cd1e00000fc0007ebfe9ed0737feebfff600,1,TX 41 seq=9372 rx_latency=1ms tx_dur=1ms,14.166,
2727,10,1624,2859468376,2026-07-14T15:07:02.348483+00:00,162.300150,4940,41,0202aa700658134c005a5811460e29efbf1ffffffc2246cd1e00000fc0007ebfe9ed0737feebfff600,1,TX 41 seq=9373 rx_latency=1ms tx_dur=1ms,15.835,
2727,10,1625,2859468377,2026-07-14T15:07:02.448495+00:00,162.400185,5040,41,0202aa70065913b0005a5811460e29efbf1ffffffc2246cd1e00000fc0007ebfe9ed0737feebfff600,1,TX 41 seq=9374 rx_latency=1ms tx_dur=1ms,17.476,
2727,10,1626,2859468378,2026-07-14T15:07:02.548475+00:00,162.500141,5140,41,0202aa70065a1414005a5811460e29efbf1ffffffc2246cd1e00000fc0007ebfe9ed0737feebfff600,1,TX 41 seq=9375 rx_latency=1ms tx_dur=1ms,20.366,
2727,10,1627,2859468379,2026-07-14T15:07:02.648480+00:00,162.600151,5240,41,0202aa70065b1478005a5811460e29efbf1ffffffc2246cd1e00000fc0007ebfe9ed0737feebfff600,1,TX 41 seq=9376 rx_latency=1ms tx_dur=1ms,22.024,
2727,10,1628,2859468380,2026-07-14T15:07:02.748479+00:00,162.700144,5340,41,0202aa70065c14dc005a5811460e29efbf1ffffffc2246cd1e00000fc0007ebfe9ed0737feebfff600,1,TX 41 seq=9377 rx_latency=1ms tx_dur=1ms,16.760,
2727,10,1629,2859468381,2026-07-14T15:07:02.848482+00:00,162.800156,5440,41,0202aa70065d1540005a5811460e29efbf1ffffffc2246cd1e00000fc0007ebfe9ed0737feebfff600,1,TX 41 seq=9378 rx_latency=1ms tx_dur=1ms,15.993,
2727,10,1630,2859468382,2026-07-14T15:07:02.948470+00:00,162.900133,5540,41,0202aa70065e15a4005a5811460e29efbf1ffffffc2246cd1e00000fc0007ebfe9ed0737feebfff600,1,TX 41 seq=9379 rx_latency=1ms tx_dur=1ms,17.693,
2727,10,1631,2859468383,2026-07-14T15:07:03.048479+00:00,163.000142,5640,41,0202aa70065f1608005a5811460e29efbf1ffffffc2246cd1e00000fc0007ebfe9ed0737feebfff600,1,TX 41 seq=9380 rx_latency=1ms tx_dur=1ms,20.158,
2727,10,1632,2859468384,2026-07-14T15:07:03.148475+00:00,163.100139,5740,41,0202aa700660166c005a5811460e29efbf1ffffffc2246cd1e00000fc0007ebfe9ed0737feebfff600,1,TX 41 seq=9381 rx_latency=1ms tx_dur=1ms,21.610,
2727,10,1633,2859468385,2026-07-14T15:07:03.248469+00:00,163.200126,5840,41,0202aa70066116d0005a5811460e29efbf1ffffffc2246cd1e00000fc0007ebfe9ed0737feebfff600,1,TX 41 seq=9382 rx_latency=1ms tx_dur=1ms,16.654,
2727,10,1634,2859468386,2026-07-14T15:07:03.348481+00:00,163.300148,5940,41,0202aa7006621734005a5811460e29efbf1ffffffc2246cd1e00000fc0007ebfe9ed0737feebfff600,1,TX 41 seq=9383 rx_latency=1ms tx_dur=1ms,15.836,
2727,10,1635,2859468387,2026-07-14T15:07:03.448482+00:00,163.400156,6040,41,0202aa7006631798005a5811460e29efbf1ffffffc2246cd1e00000fc0007ebfe9ed0737feebfff600,1,TX 41 seq=9384 rx_latency=1ms tx_dur=1ms,18.404,
2727,10,1636,2859468388,2026-07-14T15:07:03.548484+00:00,163.500153,6140,41,0202aa70066417fc005a5811460e29efbf1ffffffc2246cd1e00000fc0007ebfe9ed0737feebfff600,1,TX 41 seq=9385 rx_latency=1ms tx_dur=1ms,20.167,
2727,10,1637,2859468389,2026-07-14T15:07:03.648485+00:00,163.600155,6240,41,0202aa7006651860005a5811460e29efbf1ffffffc2246cd1e00000fc0007ebfe9ed0737feebfff600,1,TX 41 seq=9386 rx_latency=1ms tx_dur=1ms,21.820,
2727,10,1638,2859468390,2026-07-14T15:07:03.748481+00:00,163.700150,6340,41,0202aa70066618c4005a5811460e29efbf1ffffffc2246cd1e00000fc0007ebfe9ed0737feebfff600,1,TX 41 seq=9387 rx_latency=1ms tx_dur=1ms,13.661,
2727,10,1639,2859468391,2026-07-14T15:07:03.848473+00:00,163.800136,6440,41,0202aa7006671928005a5811460e29efbf1ffffffc2246cd1e00000fc0007ebfe9ed0737feebfff600,1,TX 41 seq=9388 rx_latency=1ms tx_dur=1ms,16.308,
2727,10,1640,2859468392,2026-07-14T15:07:03.948482+00:00,163.900151,6540,41,0202aa700668198c005a5811460e29efbf1ffffffc2246cd1e00000fc0007ebfe9ed0737feebfff600,1,TX 41 seq=9389 rx_latency=1ms tx_dur=1ms,18.017,
2727,10,1641,2859468393,2026-07-14T15:07:04.048477+00:00,164.000152,6640,41,0202aa70066919f0005a5811460e29efbf1ffffffc2246cd1e00000fc0007ebfe9ed0737feebfff600,1,TX 41 seq=9390 rx_latency=1ms tx_dur=1ms,19.678,
2727,10,1642,2859468394,2026-07-14T15:07:04.148484+00:00,164.100151,6740,41,0202aa70066a1a54005a5811460e29efbf1ffffffc2246cd1e00000fc0007ebfe9ed0737feebfff600,1,TX 41 seq=9391 rx_latency=1ms tx_dur=1ms,21.475,
2727,10,1643,2859468395,2026-07-14T15:07:04.248478+00:00,164.200149,6840,41,0202aa70066b1ab8005a5811460e29efbf1ffffffc2246cd1e00000fc0007ebfe9ed0737feebfff600,1,TX 41 seq=9392 rx_latency=1ms tx_dur=1ms,16.477,
2727,10,1644,2859468396,2026-07-14T15:07:04.348484+00:00,164.300152,6940,41,0202aa70066c1b1c005a5811460e29efbf1ffffffc2246cd1e00000fc0007ebfe9ed0737feebfff600,1,TX 41 seq=9393 rx_latency=1ms tx_dur=1ms,16.706,
2727,10,1645,2859468397,2026-07-14T15:07:04.448476+00:00,164.400138,7040,41,0202aa70066d1b80005a5811460e29efbf1ffffffc2246cd1e00000fc0007ebfe9ed0737feebfff600,1,TX 41 seq=9394 rx_latency=1ms tx_dur=1ms,18.217,
2727,10,1646,2859468398,2026-07-14T15:07:04.548473+00:00,164.500135,7140,41,0202aa70066e1be4005a5811460e29efbf1ffffffc2246cd1e00000fc0007ebfe9ed0737feebfff600,1,TX 41 seq=9395 rx_latency=1ms tx_dur=1ms,19.857,
2727,10,1647,2859468399,2026-07-14T15:07:04.648481+00:00,164.600144,7240,41,0202aa70066f1c48005a5811460e29efbf1ffffffc2246cd1e00000fc0007ebfe9ed0737feebfff600,1,TX 41 seq=9396 rx_latency=1ms tx_dur=1ms,22.314,
2727,10,1648,2859468400,2026-07-14T15:07:04.748479+00:00,164.700148,7340,41,0202aa7006701cac005a5811460e29efbf1ffffffc2246cd1e00000fc0007ebfe9ed0737feebfff600,1,TX 41 seq=9397 rx_latency=1ms tx_dur=1ms,13.793,
2727,10,1649,2859468401,2026-07-14T15:07:04.848430+00:00,164.800094,7440,41,0202aa7006711d10005a5811460e29efbf1ffffffc2246cd1e00000fc0007ebfe9ed0737feebfff600,1,TX 41 seq=9398 rx_latency=1ms tx_dur=1ms,16.588,
2727,10,1650,2859468402,2026-07-14T15:07:04.948478+00:00,164.900140,7540,41,0202aa7006721d74005a5811460e29efbf1ffffffc2246cd1e00000fc0007ebfe9ed0737feebfff600,1,TX 41 seq=9399 rx_latency=1ms tx_dur=1ms,18.036,
2727,10,1651,2859468403,2026-07-14T15:07:05.048473+00:00,165.000134,7640,41,0202aa7006731dd8005a5811460e29efbf1ffffffc2246cd1e00000fc0007ebfe9ed0737feebfff600,1,TX 41 seq=9400 rx_latency=1ms tx_dur=1ms,19.538,
2727,10,1652,2859468404,2026-07-14T15:07:05.148483+00:00,165.100154,7740,41,0202aa7006741e3c005a5811460e29efbf1ffffffc2246cd1e00000fc0007ebfe9ed0737feebfff600,1,TX 41 seq=9401 rx_latency=1ms tx_dur=1ms,22.361,
2727,10,1653,2859468405,2026-07-14T15:07:05.248471+00:00,165.200133,7840,41,0202aa7006751ea0005a5811460e29efbf1ffffffc2246cd1e00000fc0007ebfe9ed0737feebfff600,1,TX 41 seq=9402 rx_latency=1ms tx_dur=1ms,14.150,
2727,10,1654,2859468406,2026-07-14T15:07:05.348479+00:00,165.300140,7940,41,0202aa7006761f04005a5811460e29efbf1ffffffc2246cd1e00000fc0007ebfe9ed0737feebfff600,1,TX 41 seq=9403 rx_latency=1ms tx_dur=1ms,15.866,
2727,10,1655,2859468407,2026-07-14T15:07:05.448471+00:00,165.400131,8040,41,0202aa7006771f68005a5811460e29efbf1ffffffc2246cd1e00000fc0007ebfe9ed0737feebfff600,1,TX 41 seq=9404 rx_latency=1ms tx_dur=1ms,18.483,
2727,10,1656,2859468408,2026-07-14T15:07:05.548480+00:00,165.500140,8140,41,0202aa7006781fcc005a5811460e29efbf1ffffffc2246cd1e00000fc0007ebfe9ed0737feebfff600,1,TX 41 seq=9405 rx_latency=1ms tx_dur=1ms,20.231,
2727,10,1657,2859468409,2026-07-14T15:07:05.648471+00:00,165.600132,8240,41,0202aa7006792030005a5811460e29efbf1ffffffc2246cd1e00000fc0007ebfe9ed0737feebfff600,1,TX 41 seq=9406 rx_latency=1ms tx_dur=1ms,21.896,
2727,10,1658,2859468410,2026-07-14T15:07:05.748481+00:00,165.700146,8340,41,0202aa70067a2094005a5811460e29efbf1ffffffc2246cd1e00000fc0007ebfe9ed0737feebfff600,1,TX 41 seq=9407 rx_latency=1ms tx_dur=1ms,13.706,
2727,10,1659,2859468411,2026-07-14T15:07:05.848470+00:00,165.800129,8440,41,0202aa70067b20f8005a5811460e29efbf1ffffffc2246cd1e00000fc0007ebfe9ed0737feebfff600,1,TX 41 seq=9408 rx_latency=1ms tx_dur=1ms,16.338,
2727,10,1660,2859468412,2026-07-14T15:07:05.948481+00:00,165.900144,8540,41,0202aa70067c215c005a5811460e29efbf1ffffffc2246cd1e00000fc0007ebfe9ed0737feebfff600,1,TX 41 seq=9409 rx_latency=1ms tx_dur=1ms,18.046,
2727,10,1661,2859468413,2026-07-14T15:07:06.048469+00:00,166.000127,8640,41,0202aa70067d21c0005a5811460e29efbf1ffffffc2246cd1e00000fc0007ebfe9ed0737feebfff600,1,TX 41 seq=9410 rx_latency=1ms tx_dur=1ms,19.777,
2727,10,1662,2859468414,2026-07-14T15:07:06.148488+00:00,166.100163,8740,41,0202aa70067e2224005a5811460e29efbf1ffffffc2246cd1e00000fc0007ebfe9ed0737feebfff600,1,TX 41 seq=9411 rx_latency=1ms tx_dur=1ms,21.458,
2727,10,1663,2859468415,2026-07-14T15:07:06.248473+00:00,166.200133,8840,41,0202aa70067f2288005a5811460e29efbf1ffffffc2246cd1e00000fc0007ebfe9ed0737feebfff600,1,TX 41 seq=9412 rx_latency=1ms tx_dur=1ms,16.534,
2727,10,1664,2859468416,2026-07-14T15:07:06.348488+00:00,166.300163,8940,41,0202aa70068022ec005a5811460e29efbf1ffffffc2246cd1e00000fc0007ebfe9ed0737feebfff600,1,TX 41 seq=9413 rx_latency=1ms tx_dur=1ms,16.684,
2727,10,1665,2859468417,2026-07-14T15:07:06.448478+00:00,166.400145,9040,41,0202aa7006812350005a5811460e29efbf1ffffffc2246cd1e00000fc0007ebfe9ed0737feebfff600,1,TX 41 seq=9414 rx_latency=1ms tx_dur=1ms,18.213,
2727,10,1666,2859468418,2026-07-14T15:07:06.548475+00:00,166.500136,9140,41,0202aa70068223b4005a5811460e29efbf1ffffffc2246cd1e00000fc0007ebfe9ed0737feebfff600,1,TX 41 seq=9415 rx_latency=1ms tx_dur=1ms,19.866,
2727,10,1667,2859468419,2026-07-14T15:07:06.648481+00:00,166.600146,9240,41,0202aa7006832418005a5811460e29efbf1ffffffc2246cd1e00000fc0007ebfe9ed0737feebfff600,1,TX 41 seq=9416 rx_latency=1ms tx_dur=1ms,22.318,
