test_id,rate_hz,seq,station_id,sent_at,elapsed_s,generation_delta_time,payload_bytes,raw_hex,tx_ok,tx_ack,tx_latency_ms,serial_error
2733,10,1,2865758209,2026-07-14T15:35:35.747341+00:00,0.000378,14403,41,0202aad000013843005a5811460e29efbf1ffffffc2246cd1e00000fc0007ebfe9ed0737feebfff600,1,TX 41 seq=21504 rx_latency=1ms tx_dur=1ms,16.681,
2733,10,2,2865758210,2026-07-14T15:35:41.644861+00:00,5.897807,20300,41,0202aad000024f4c005a5811460e29efbf1ffffffc2246cd1e00000fc0007ebfe9ed0737feebfff600,1,TX 41 seq=21505 rx_latency=1ms tx_dur=1ms,21.414,
2733,10,3,2865758211,2026-07-14T15:35:41.666635+00:00,5.919565,20322,41,0202aad000034f62005a5811460e29efbf1ffffffc2246cd1e00000fc0007ebfe9ed0737feebfff600,1,TX 41 seq=21506 rx_latency=1ms tx_dur=1ms,21.052,
2733,10,4,2865758212,2026-07-14T15:35:41.687982+00:00,5.940910,20343,41,0202aad000044f77005a5811460e29efbf1ffffffc2246cd1e00000fc0007ebfe9ed0737feebfff600,1,TX 41 seq=21507 rx_latency=1ms tx_dur=1ms,22.454,
2733,10,5,2865758213,2026-07-14T15:35:41.710741+00:00,5.963678,20366,41,0202aad000054f8e005a5811460e29efbf1ffffffc2246cd1e00000fc0007ebfe9ed0737feebfff600,1,TX 41 seq=21508 rx_latency=1ms tx_dur=1ms,21.914,
2733,10,6,2865758214,2026-07-14T15:35:41.732978+00:00,5.985907,20388,41,0202aad000064fa4005a5811460e29efbf1ffffffc2246cd1e00000fc0007ebfe9ed0737feebfff600,1,TX 41 seq=21509 rx_latency=1ms tx_dur=1ms,21.353,
2733,10,7,2865758215,2026-07-14T15:35:41.754606+00:00,6.007533,20410,41,0202aad000074fba005a5811460e29efbf1ffffffc2246cd1e00000fc0007ebfe9ed0737feebfff600,1,TX 41 seq=21510 rx_latency=1ms tx_dur=1ms,21.095,
2733,10,8,2865758216,2026-07-14T15:35:41.775976+00:00,6.028902,20431,41,0202aad000084fcf005a5811460e29efbf1ffffffc2246cd1e00000fc0007ebfe9ed0737feebfff600,1,TX 41 seq=21511 rx_latency=1ms tx_dur=1ms,22.445,
2733,10,9,2865758217,2026-07-14T15:35:41.798678+00:00,6.051604,20454,41,0202aad000094fe6005a5811460e29efbf1ffffffc2246cd1e00000fc0007ebfe9ed0737feebfff600,1,TX 41 seq=21512 rx_latency=1ms tx_dur=1ms,22.032,
2733,10,10,2865758218,2026-07-14T15:35:41.820968+00:00,6.073892,20476,41,0202aad0000a4ffc005a5811460e29efbf1ffffffc2246cd1e00000fc0007ebfe9ed0737feebfff600,1,TX 41 seq=21513 rx_latency=1ms tx_dur=1ms,21.390,
2733,10,11,2865758219,2026-07-14T15:35:41.842608+00:00,6.095533,20498,41,0202aad0000b5012005a5811460e29efbf1ffffffc2246cd1e00000fc0007ebfe9ed0737feebfff600,1,TX 41 seq=21514 rx_latency=1ms tx_dur=1ms,21.111,
2733,10,12,2865758220,2026-07-14T15:35:41.863987+00:00,6.116913,20519,41,0202aad0000c5027005a5811460e29efbf1ffffffc2246cd1e00000fc0007ebfe9ed0737feebfff600,1,TX 41 seq=21515 rx_latency=1ms tx_dur=1ms,22.445,
2733,10,13,2865758221,2026-07-14T15:35:41.886686+00:00,6.139611,20542,41,0202aad0000d503e005a5811460e29efbf1ffffffc2246cd1e00000fc0007ebfe9ed0737feebfff600,1,TX 41 seq=21516 rx_latency=1ms tx_dur=1ms,22.047,
2733,10,14,2865758222,2026-07-14T15:35:41.908991+00:00,6.161916,20564,41,0202aad0000e5054005a5811460e29efbf1ffffffc2246cd1e00000fc0007ebfe9ed0737feebfff600,1,TX 41 seq=21517 rx_latency=1ms tx_dur=1ms,21.365,
2733,10,15,2865758223,2026-07-14T15:35:41.930620+00:00,6.183544,20586,41,0202aad0000f506a005a5811460e29efbf1ffffffc2246cd1e00000fc0007ebfe9ed0737feebfff600,1,TX 41 seq=21518 rx_latency=1ms tx_dur=1ms,21.113,
2733,10,16,2865758224,2026-07-14T15:35:41.952000+00:00,6.204926,20607,41,0202aad00010507f005a5811460e29efbf1ffffffc2246cd1e00000fc0007ebfe9ed0737feebfff600,1,TX 41 seq=21519 rx_latency=1ms tx_dur=1ms,22.434,
2733,10,17,2865758225,2026-07-14T15:35:41.974691+00:00,6.227616,20630,41,0202aad000115096005a5811460e29efbf1ffffffc2246cd1e00000fc0007ebfe9ed0737feebfff600,1,TX 41 seq=21520 rx_latency=1ms tx_dur=1ms,22.050,
2733,10,18,2865758226,2026-07-14T15:35:41.997004+00:00,6.249932,20652,41,0202aad0001250ac005a5811460e29efbf1ffffffc2246cd1e00000fc0007ebfe9ed0737feebfff600,1,TX 41 seq=21521 rx_latency=1ms tx_dur=1ms,21.359,
2733,10,19,2865758227,2026-07-14T15:35:42.018636+00:00,6.271561,20674,41,0202aad0001350c2005a5811460e29efbf1ffffffc2246cd1e00000fc0007ebfe9ed0737feebfff600,1,TX 41 seq=21522 rx_latency=1ms tx_dur=1ms,21.110,
2733,10,20,2865758228,2026-07-14T15:35:42.040025+00:00,6.292952,20696,41,0202aad0001450d8005a5811460e29efbf1ffffffc2246cd1e00000fc0007ebfe9ed0737feebfff600,1,TX 41 seq=21523 rx_latency=1ms tx_dur=1ms,22.419,
2733,10,21,2865758229,2026-07-14T15:35:42.062728+00:00,6.315654,20718,41,0202aad0001550ee005a5811460e29efbf1ffffffc2246cd1e00000fc0007ebfe9ed0737feebfff600,1,TX 41 seq=21524 rx_latency=1ms tx_dur=1ms,22.013,
2733,10,22,2865758230,2026-07-14T15:35:42.085005+00:00,6.337929,20741,41,0202aad000165105005a5811460e29efbf1ffffffc2246cd1e00000fc0007ebfe9ed0737feebfff600,1,TX 41 seq=21525 rx_latency=1ms tx_dur=1ms,21.393,
2733,10,23,2865758231,2026-07-14T15:35:42.106652+00:00,6.359578,20762,41,0202aad00017511a005a5811460e29efbf1ffffffc2246cd1e00000fc0007ebfe9ed0737feebfff600,1,TX 41 seq=21526 rx_latency=1ms tx_dur=1ms,21.099,
2733,10,24,2865758232,2026-07-14T15:35:42.128023+00:00,6.380948,20784,41,0202aad000185130005a5811460e29efbf1ffffffc2246cd1e00000fc0007ebfe9ed0737feebfff600,1,TX 41 seq=21527 rx_latency=1ms tx_dur=1ms,22.442,
2733,10,25,2865758233,2026-07-14T15:35:42.150717+00:00,6.403642,20806,41,0202aad000195146005a5811460e29efbf1ffffffc2246cd1e00000fc0007ebfe9ed0737feebfff600,1,TX 41 seq=21528 rx_latency=1ms tx_dur=1ms,22.046,
2733,10,26,2865758234,2026-07-14T15:35:42.173013+00:00,6.425939,20829,41,0202aad0001a515d005a5811460e29efbf1ffffffc2246cd1e00000fc0007ebfe9ed0737feebfff600,1,TX 41 seq=21529 rx_latency=1ms tx_dur=1ms,21.393,
2733,10,27,2865758235,2026-07-14T15:35:42.194663+00:00,6.447590,20850,41,0202aad0001b5172005a5811460e29efbf1ffffffc2246cd1e00000fc0007ebfe9ed0737feebfff600,1,TX 41 seq=21530 rx_latency=1ms tx_dur=1ms,21.109,
2733,10,28,2865758236,2026-07-14T15:35:42.216036+00:00,6.468962,20872,41,0202aad0001c5188005a5811460e29efbf1ffffffc2246cd1e00000fc0007ebfe9ed0737feebfff600,1,TX 41 seq=21531 rx_latency=1ms tx_dur=1ms,22.434,
2733,10,29,2865758237,2026-07-14T15:35:42.238726+00:00,6.491652,20894,41,0202aad0001d519e005a5811460e29efbf1ffffffc2246cd1e00000fc0007ebfe9ed0737feebfff600,1,TX 41 seq=21532 rx_latency=1ms tx_dur=1ms,22.049,
2733,10,30,2865758238,2026-07-14T15:35:42.261026+00:00,6.513952,20917,41,0202aad0001e51b5005a5811460e29efbf1ffffffc2246cd1e00000fc0007ebfe9ed0737feebfff600,1,TX 41 seq=21533 rx_latency=1ms tx_dur=1ms,21.389,
2733,10,31,2865758239,2026-07-14T15:35:42.282663+00:00,6.535588,20938,41,0202aad0001f51ca005a5811460e29efbf1ffffffc2246cd1e00000fc0007ebfe9ed0737feebfff600,1,TX 41 seq=21534 rx_latency=1ms tx_dur=1ms,21.130,
2733,10,32,2865758240,2026-07-14T15:35:42.304039+00:00,6.556965,20960,41,0202aad0002051e0005a5811460e29efbf1ffffffc2246cd1e00000fc0007ebfe9ed0737feebfff600,1,TX 41 seq=21535 rx_latency=1ms tx_dur=1ms,22.460,
2733,10,33,2865758241,2026-07-14T15:35:42.326751+00:00,6.579676,20982,41,0202aad0002151f6005a5811460e29efbf1ffffffc2246cd1e00000fc0007ebfe9ed0737feebfff600,1,TX 41 seq=21536 rx_latency=1ms tx_dur=1ms,22.037,
2733,10,34,2865758242,2026-07-14T15:35:42.349036+00:00,6.601961,21005,41,0202aad00022520d005a5811460e29efbf1ffffffc2246cd1e00000fc0007ebfe9ed0737feebfff600,1,TX 41 seq=21537 rx_latency=1ms tx_dur=1ms,21.387,
2733,10,35,2865758243,2026-07-14T15:35:42.370675+00:00,6.623601,21026,41,0202aad000235222005a5811460e29efbf1ffffffc2246cd1e00000fc0007ebfe9ed0737feebfff600,1,TX 41 seq=21538 rx_latency=1ms tx_dur=1ms,21.127,
2733,10,36,2865758244,2026-07-14T15:35:42.392051+00:00,6.644975,21048,41,0202aad000245238005a5811460e29efbf1ffffffc2246cd1e00000fc0007ebfe9ed0737feebfff600,1,TX 41 seq=21539 rx_latency=1ms tx_dur=1ms,22.450,
2733,10,37,2865758245,2026-07-14T15:35:42.414752+00:00,6.667677,21070,41,0202aad00025524e005a5811460e29efbf1ffffffc2246cd1e00000fc0007ebfe9ed0737feebfff600,1,TX 41 seq=21540 rx_latency=1ms tx_dur=1ms,20.975,
2733,10,38,2865758246,2026-07-14T15:35:42.435992+00:00,6.688918,21091,41,0202aad000265263005a5811460e29efbf1ffffffc2246cd1e00000fc0007ebfe9ed0737feebfff600,1,TX 41 seq=21541 rx_latency=1ms tx_dur=1ms,22.450,
2733,10,39,2865758247,2026-07-14T15:35:42.458693+00:00,6.711619,21114,41,0202aad00027527a005a5811460e29efbf1ffffffc2246cd1e00000fc0007ebfe9ed0737feebfff600,1,TX 41 seq=21542 rx_latency=1ms tx_dur=1ms,21.117,
2733,10,40,2865758248,2026-07-14T15:35:42.480077+00:00,6.733002,21136,41,0202aad000285290005a5811460e29efbf1ffffffc2246cd1e00000fc0007ebfe9ed0737feebfff600,1,TX 41 seq=21543 rx_latency=1ms tx_dur=1ms,22.436,
2733,10,41,2865758249,2026-07-14T15:35:42.502773+00:00,6.755699,21158,41,0202aad0002952a6005a5811460e29efbf1ffffffc2246cd1e00000fc0007ebfe9ed0737feebfff600,1,TX 41 seq=21544 rx_latency=1ms tx_dur=1ms,20.962,
2733,10,42,2865758250,2026-07-14T15:35:42.524004+00:00,6.776930,21180,41,0202aad0002a52bc005a5811460e29efbf1ffffffc2246cd1e00000fc0007ebfe9ed0737feebfff600,1,TX 41 seq=21545 rx_latency=1ms tx_dur=1ms,22.441,
2733,10,43,2865758251,2026-07-14T15:35:42.546700+00:00,6.799625,21202,41,0202aad0002b52d2005a5811460e29efbf1ffffffc2246cd1e00000fc0007ebfe9ed0737feebfff600,1,TX 41 seq=21546 rx_latency=1ms tx_dur=1ms,21.111,
2733,10,44,2865758252,2026-07-14T15:35:42.568063+00:00,6.820988,21224,41,0202aad0002c52e8005a5811460e29efbf1ffffffc2246cd1e00000fc0007ebfe9ed0737feebfff600,1,TX 41 seq=21547 rx_latency=1ms tx_dur=1ms,22.462,
2733,10,45,2865758253,2026-07-14T15:35:42.590772+00:00,6.843695,21246,41,0202aad0002d52fe005a5811460e29efbf1ffffffc2246cd1e00000fc0007ebfe9ed0737feebfff600,1,TX 41 seq=21548 rx_latency=1ms tx_dur=1ms,20.983,
2733,10,46,2865758254,2026-07-14T15:35:42.612016+00:00,6.864941,21268,41,0202aad0002e5314005a5811460e29efbf1ffffffc2246cd1e00000fc0007ebfe9ed0737feebfff600,1,TX 41 seq=21549 rx_latency=1ms tx_dur=1ms,22.446,
2733,10,47,2865758255,2026-07-14T15:35:42.634711+00:00,6.887635,21290,41,0202aad0002f532a005a5811460e29efbf1ffffffc2246cd1e00000fc0007ebfe9ed0737feebfff600,1,TX 41 seq=21550 rx_latency=1ms tx_dur=1ms,21.112,
2733,10,48,2865758256,2026-07-14T15:35:42.656074+00:00,6.908998,21312,41,0202aad000305340005a5811460e29efbf1ffffffc2246cd1e00000fc0007ebfe9ed0737feebfff600,1,TX 41 seq=21551 rx_latency=1ms tx_dur=1ms,22.462,
2733,10,49,2865758257,2026-07-14T15:35:42.678781+00:00,6.931706,21334,41,0202aad000315356005a5811460e29efbf1ffffffc2246cd1e00000fc0007ebfe9ed0737feebfff600,1,TX 41 seq=21552 rx_latency=1ms tx_dur=1ms,20.998,
2733,10,50,2865758258,2026-07-14T15:35:42.700032+00:00,6.952959,21356,41,0202aad00032536c005a5811460e29efbf1ffffffc2246cd1e00000fc0007ebfe9ed0737feebfff600,1,TX 41 seq=21553 rx_latency=1ms tx_dur=1ms,22.463,
2733,10,51,2865758259,2026-07-14T15:35:42.722785+00:00,6.975720,21378,41,0202aad000335382005a5811460e29efbf1ffffffc2246cd1e00000fc0007ebfe9ed0737feebfff600,1,TX 41 seq=21554 rx_latency=1ms tx_dur=1ms,21.005,
2733,10,52,2865758260,2026-07-14T15:35:42.744100+00:00,6.997028,21400,41,0202aad000345398005a5811460e29efbf1ffffffc2246cd1e00000fc0007ebfe9ed0737feebfff600,1,TX 41 seq=21555 rx_latency=1ms tx_dur=1ms,22.439,
2733,10,53,2865758261,2026-07-14T15:35:42.766807+00:00,7.019734,21422,41,0202aad0003553ae005a5811460e29efbf1ffffffc2246cd1e00000fc0007ebfe9ed0737feebfff600,1,TX 41 seq=21556 rx_latency=1ms tx_dur=1ms,20.974,
2733,10,54,2865758262,2026-07-14T15:35:42.788044+00:00,7.040970,21444,41,0202aad0003653c4005a5811460e29efbf1ffffffc2246cd1e00000fc0007ebfe9ed0737feebfff600,1,TX 41 seq=21557 rx_latency=1ms tx_dur=1ms,22.443,
2733,10,55,2865758263,2026-07-14T15:35:42.810742+00:00,7.063668,21466,41,0202aad0003753da005a5811460e29efbf1ffffffc2246cd1e00000fc0007ebfe9ed0737feebfff600,1,TX 41 seq=21558 rx_latency=1ms tx_dur=1ms,21.107,
2733,10,56,2865758264,2026-07-14T15:35:42.832100+00:00,7.085026,21488,41,0202aad0003853f0005a5811460e29efbf1ffffffc2246cd1e00000fc0007ebfe9ed0737feebfff600,1,TX 41 seq=21559 rx_latency=1ms tx_dur=1ms,22.459,
2733,10,57,2865758265,2026-07-14T15:35:42.854807+00:00,7.107733,21510,41,0202aad000395406005a5811460e29efbf1ffffffc2246cd1e00000fc0007ebfe9ed0737feebfff600,1,TX 41 seq=21560 rx_latency=1ms tx_dur=1ms,20.991,
2733,10,58,2865758266,2026-07-14T15:35:42.876049+00:00,7.128974,21532,41,0202aad0003a541c005a5811460e29efbf1ffffffc2246cd1e00000fc0007ebfe9ed0737feebfff600,1,TX 41 seq=21561 rx_latency=1ms tx_dur=1ms,22.455,
2733,10,59,2865758267,2026-07-14T15:35:42.898755+00:00,7.151680,21554,41,0202aad0003b5432005a5811460e29efbf1ffffffc2246cd1e00000fc0007ebfe9ed0737feebfff600,1,TX 41 seq=21562 rx_latency=1ms tx_dur=1ms,21.110,
2733,10,60,2865758268,2026-07-14T15:35:42.920131+00:00,7.173056,21576,41,0202aad0003c5448005a5811460e29efbf1ffffffc2246cd1e00000fc0007ebfe9ed0737feebfff600,1,TX 41 seq=21563 rx_latency=1ms tx_dur=1ms,22.448,
2733,10,61,2865758269,2026-07-14T15:35:42.942835+00:00,7.195762,21598,41,0202aad0003d545e005a5811460e29efbf1ffffffc2246cd1e00000fc0007ebfe9ed0737feebfff600,1,TX 41 seq=21564 rx_latency=1ms tx_dur=1ms,20.965,
2733,10,62,2865758270,2026-07-14T15:35:42.964062+00:00,7.216988,21620,41,0202aad0003e5474005a5811460e29efbf1ffffffc2246cd1e00000fc0007ebfe9ed0737feebfff600,1,TX 41 seq=21565 rx_latency=1ms tx_dur=1ms,22.443,
2733,10,63,2865758271,2026-07-14T15:35:42.986760+00:00,7.239685,21642,41,0202aad0003f548a005a5811460e29efbf1ffffffc2246cd1e00000fc0007ebfe9ed0737feebfff600,1,TX 41 seq=21566 rx_latency=1ms tx_dur=1ms,21.113,
2733,10,64,2865758272,2026-07-14T15:35:43.008123+00:00,7.261048,21664,41,0202aad0004054a0005a5811460e29efbf1ffffffc2246cd1e00000fc0007ebfe9ed0737feebfff600,1,TX 41 seq=21567 rx_latency=1ms tx_dur=1ms,22.457,
2733,10,65,2865758273,2026-07-14T15:35:43.030836+00:00,7.283762,21686,41,0202aad0004154b6005a5811460e29efbf1ffffffc2246cd1e00000fc0007ebfe9ed0737feebfff600,1,TX 41 seq=21568 rx_latency=1ms tx_dur=1ms,20.967,
2733,10,66,2865758274,2026-07-14T15:35:43.052059+00:00,7.304984,21708,41,0202aad0004254cc005a5811460e29efbf1ffffffc2246cd1e00000fc0007ebfe9ed0737feebfff600,1,TX 41 seq=21569 rx_latency=1ms tx_dur=1ms,22.463,
2733,10,67,2865758275,2026-07-14T15:35:43.074768+00:00,7.327694,21730,41,0202aad0004354e2005a5811460e29efbf1ffffffc2246cd1e00000fc0007ebfe9ed0737feebfff600,1,TX 41 seq=21570 rx_latency=1ms tx_dur=1ms,21.115,
2733,10,68,2865758276,2026-07-14T15:35:43.096132+00:00,7.349057,21752,41,0202aad0004454f8005a5811460e29efbf1ffffffc2246cd1e00000fc0007ebfe9ed0737feebfff600,1,TX 41 seq=21571 rx_latency=1ms tx_dur=1ms,22.463,
2733,10,69,2865758277,2026-07-14T15:35:43.118840+00:00,7.371765,21774,41,0202aad00045550e005a5811460e29efbf1ffffffc2246cd1e00000fc0007ebfe9ed0737feebfff600,1,TX 41 seq=21572 rx_latency=1ms tx_dur=1ms,20.985,
2733,10,70,2865758278,2026-07-14T15:35:43.140068+00:00,7.392993,21796,41,0202aad000465524005a5811460e29efbf1ffffffc2246cd1e00000fc0007ebfe9ed0737feebfff600,1,TX 41 seq=21573 rx_latency=1ms tx_dur=1ms,22.464,
2733,10,71,2865758279,2026-07-14T15:35:43.162780+00:00,7.415705,21818,41,0202aad00047553a005a5811460e29efbf1ffffffc2246cd1e00000fc0007ebfe9ed0737feebfff600,1,TX 41 seq=21574 rx_latency=1ms tx_dur=1ms,21.118,
2733,10,72,2865758280,2026-07-14T15:35:43.184145+00:00,7.437069,21840,41,0202aad000485550005a5811460e29efbf1ffffffc2246cd1e00000fc0007ebfe9ed0737feebfff600,1,TX 41 seq=21575 rx_latency=1ms tx_dur=1ms,22.465,
2733,10,73,2865758281,2026-07-14T15:35:43.206852+00:00,7.459777,21862,41,0202aad000495566005a5811460e29efbf1ffffffc2246cd1e00000fc0007ebfe9ed0737feebfff600,1,TX 41 seq=21576 rx_latency=1ms tx_dur=1ms,20.988,
2733,10,74,2865758282,2026-07-14T15:35:43.228091+00:00,7.481018,21884,41,0202aad0004a557c005a5811460e29efbf1ffffffc2246cd1e00000fc0007ebfe9ed0737feebfff600,1,TX 41 seq=21577 rx_latency=1ms tx_dur=1ms,22.449,
2733,10,75,2865758283,2026-07-14T15:35:43.250799+00:00,7.503724,21906,41,0202aad0004b5592005a5811460e29efbf1ffffffc2246cd1e00000fc0007ebfe9ed0737feebfff600,1,TX 41 seq=21578 rx_latency=1ms tx_dur=1ms,21.110,
2733,10,76,2865758284,2026-07-14T15:35:43.272160+00:00,7.525085,21928,41,0202aad0004c55a8005a5811460e29efbf1ffffffc2246cd1e00000fc0007ebfe9ed0737feebfff600,1,TX 41 seq=21579 rx_latency=1ms tx_dur=1ms,22.456,
2733,10,77,2865758285,2026-07-14T15:35:43.347156+00:00,7.600082,22003,41,0202aad0004d55f3005a5811460e29efbf1ffffffc2246cd1e00000fc0007ebfe9ed0737feebfff600,1,TX 41 seq=21580 rx_latency=1ms tx_dur=1ms,18.555,
2733,10,78,2865758286,2026-07-14T15:35:43.447156+00:00,7.700083,22103,41,0202aad0004e5657005a5811460e29efbf1ffffffc2246cd1e00000fc0007ebfe9ed0737feebfff600,1,TX 41 seq=21581 rx_latency=1ms tx_dur=1ms,21.273,
2733,10,79,2865758287,2026-07-14T15:35:43.547133+00:00,7.800060,22203,41,0202aad0004f56bb005a5811460e29efbf1ffffffc2246cd1e00000fc0007ebfe9ed0737feebfff600,1,TX 41 seq=21582 rx_latency=1ms tx_dur=1ms,22.967,
2733,10,80,2865758288,2026-07-14T15:35:43.647161+00:00,7.900095,22303,41,0202aad00050571f005a5811460e29efbf1ffffffc2246cd1e00000fc0007ebfe9ed0737feebfff600,1,TX 41 seq=21583 rx_latency=1ms tx_dur=1ms,14.997,
2733,10,81,2865758289,2026-07-14T15:35:43.747170+00:00,8.000117,22403,41,0202aad000515783005a5811460e29efbf1ffffffc2246cd1e00000fc0007ebfe9ed0737feebfff600,1,TX 41 seq=21584 rx_latency=1ms tx_dur=1ms,17.438,
2733,10,82,2865758290,2026-07-14T15:35:43.847158+00:00,8.100089,22503,41,0202aad0005257e7005a5811460e29efbf1ffffffc2246cd1e00000fc0007ebfe9ed0737feebfff600,1,TX 41 seq=21585 rx_latency=1ms tx_dur=1ms,19.164,
2733,10,83,2865758291,2026-07-14T15:35:43.947156+00:00,8.200083,22603,41,0202aad00053584b005a5811460e29efbf1ffffffc2246cd1e00000fc0007ebfe9ed0737feebfff600,1,TX 41 seq=21586 rx_latency=1ms tx_dur=1ms,20.846,
2733,10,84,2865758292,2026-07-14T15:35:44.047159+00:00,8.300089,22703,41,0202aad0005458af005a5811460e29efbf1ffffffc2246cd1e00000fc0007ebfe9ed0737feebfff600,1,TX 41 seq=21587 rx_latency=1ms tx_dur=1ms,23.544,
2733,10,85,2865758293,2026-07-14T15:35:44.147176+00:00,8.400133,22803,41,0202aad000555913005a5811460e29efbf1ffffffc2246cd1e00000fc0007ebfe9ed0737feebfff600,1,TX 41 seq=21588 rx_latency=1ms tx_dur=1ms,15.389,
2733,10,86,2865758294,2026-07-14T15:35:44.247168+00:00,8.500114,22903,41,0202aad000565977005a5811460e29efbf1ffffffc2246cd1e00000fc0007ebfe9ed0737feebfff600,1,TX 41 seq=21589 rx_latency=1ms tx_dur=1ms,17.004,
2733,10,87,2865758295,2026-07-14T15:35:44.347159+00:00,8.600089,23003,41,0202aad0005759db005a5811460e29efbf1ffffffc2246cd1e00000fc0007ebfe9ed0737feebfff600,1,TX 41 seq=21590 rx_latency=1ms tx_dur=1ms,18.738,
2733,10,88,2865758296,2026-07-14T15:35:44.447169+00:00,8.700107,23103,41,0202aad000585a3f005a5811460e29efbf1ffffffc2246cd1e00000fc0007ebfe9ed0737feebfff600,1,TX 41 seq=21591 rx_latency=1ms tx_dur=1ms,21.505,
2733,10,89,2865758297,2026-07-14T15:35:44.547193+00:00,8.800148,23203,41,0202aad000595aa3005a5811460e29efbf1ffffffc2246cd1e00000fc0007ebfe9ed0737feebfff600,1,TX 41 seq=21592 rx_latency=1ms tx_dur=1ms,23.122,
2733,10,90,2865758298,2026-07-14T15:35:44.647186+00:00,8.900137,23303,41,0202aad0005a5b07005a5811460e29efbf1ffffffc2246cd1e00000fc0007ebfe9ed0737feebfff600,1,TX 41 seq=21593 rx_latency=1ms tx_dur=1ms,14.898,
2733,10,91,2865758299,2026-07-14T15:35:44.747190+00:00,9.000141,23403,41,0202aad0005b5b6b005a5811460e29efbf1ffffffc2246cd1e00000fc0007ebfe9ed0737feebfff600,1,TX 41 seq=21594 rx_latency=1ms tx_dur=1ms,16.618,
2733,10,92,2865758300,2026-07-14T15:35:44.847191+00:00,9.100139,23503,41,0202aad0005c5bcf005a5811460e29efbf1ffffffc2246cd1e00000fc0007ebfe9ed0737feebfff600,1,TX 41 seq=21595 rx_latency=1ms tx_dur=1ms,18.350,
2733,10,93,2865758301,2026-07-14T15:35:44.947190+00:00,9.200138,23603,41,0202aad0005d5c33005a5811460e29efbf1ffffffc2246cd1e00000fc0007ebfe9ed0737feebfff600,1,TX 41 seq=21596 rx_latency=1ms tx_dur=1ms,21.210,
2733,10,94,2865758302,2026-07-14T15:35:45.047194+00:00,9.300160,23703,41,0202aad0005e5c97005a5811460e29efbf1ffffffc2246cd1e00000fc0007ebfe9ed0737feebfff600,1,TX 41 seq=21597 rx_latency=1ms tx_dur=1ms,22.586,
2733,10,95,2865758303,2026-07-14T15:35:45.147193+00:00,9.400148,23803,41,0202aad0005f5cfb005a5811460e29efbf1ffffffc2246cd1e00000fc0007ebfe9ed0737feebfff600,1,TX 41 seq=21598 rx_latency=1ms tx_dur=1ms,14.429,
2733,10,96,2865758304,2026-07-14T15:35:45.247189+00:00,9.500139,23903,41,0202aad000605d5f005a5811460e29efbf1ffffffc2246cd1e00000fc0007ebfe9ed0737feebfff600,1,TX 41 seq=21599 rx_latency=1ms tx_dur=1ms,17.296,
2733,10,97,2865758305,2026-07-14T15:35:45.347189+00:00,9.600138,24003,41,0202aad000615dc3005a5811460e29efbf1ffffffc2246cd1e00000fc0007ebfe9ed0737feebfff600,1,TX 41 seq=21600 rx_latency=1ms tx_dur=1ms,19.020,
2733,10,98,2865758306,2026-07-14T15:35:45.447188+00:00,9.700137,24103,41,0202aad000625e27005a5811460e29efbf1ffffffc2246cd1e00000fc0007ebfe9ed0737feebfff600,1,TX 41 seq=21601 rx_latency=1ms tx_dur=1ms,20.549,
2733,10,99,2865758307,2026-07-14T15:35:45.547187+00:00,9.800138,24203,41,0202aad000635e8b005a5811460e29efbf1ffffffc2246cd1e00000fc0007ebfe9ed0737feebfff600,1,TX 41 seq=21602 rx_latency=1ms tx_dur=1ms,23.308,
2733,10,100,2865758308,2026-07-14T15:35:45.647190+00:00,9.900140,24303,41,0202aad000645eef005a5811460e29efbf1ffffffc2246cd1e00000fc0007ebfe9ed0737feebfff600,1,TX 41 seq=21603 rx_latency=1ms tx_dur=1ms,15.131,
2733,10,101,2865758309,2026-07-14T15:35:45.747191+00:00,10.000152,24403,41,0202aad000655f53005a5811460e29efbf1ffffffc2246cd1e00000fc0007ebfe9ed0737feebfff600,1,TX 41 seq=21604 rx_latency=1ms tx_dur=1ms,16.800,
2733,10,102,2865758310,2026-07-14T15:35:45.847190+00:00,10.100143,24503,41,0202aad000665fb7005a5811460e29efbf1ffffffc2246cd1e00000fc0007ebfe9ed0737feebfff600,1,TX 41 seq=21605 rx_latency=1ms tx_dur=1ms,18.370,
2733,10,103,2865758311,2026-07-14T15:35:45.947190+00:00,10.200144,24603,41,0202aad00067601b005a5811460e29efbf1ffffffc2246cd1e00000fc0007ebfe9ed0737feebfff600,1,TX 41 seq=21606 rx_latency=1ms tx_dur=1ms,21.192,
2733,10,104,2865758312,2026-07-14T15:35:46.047192+00:00,10.300155,24703,41,0202aad00068607f005a5811460e29efbf1ffffffc2246cd1e00000fc0007ebfe9ed0737feebfff600,1,TX 41 seq=21607 rx_latency=1ms tx_dur=1ms,22.823,
2733,10,105,2865758313,2026-07-14T15:35:46.147161+00:00,10.400115,24803,41,0202aad0006960e3005a5811460e29efbf1ffffffc2246cd1e00000fc0007ebfe9ed0737feebfff600,1,TX 41 seq=21608 rx_latency=1ms tx_dur=1ms,14.706,
2733,10,106,2865758314,2026-07-14T15:35:46.247191+00:00,10.500141,24903,41,0202aad0006a6147005a5811460e29efbf1ffffffc2246cd1e00000fc0007ebfe9ed0737feebfff600,1,TX 41 seq=21609 rx_latency=1ms tx_dur=1ms,17.317,
2733,10,107,2865758315,2026-07-14T15:35:46.347188+00:00,10.600140,25003,41,0202aad0006b61ab005a5811460e29efbf1ffffffc2246cd1e00000fc0007ebfe9ed0737feebfff600,1,TX 41 seq=21610 rx_latency=1ms tx_dur=1ms,19.048,
2733,10,108,2865758316,2026-07-14T15:35:46.447189+00:00,10.700138,25103,41,0202aad0006c620f005a5811460e29efbf1ffffffc2246cd1e00000fc0007ebfe9ed0737feebfff600,1,TX 41 seq=21611 rx_latency=1ms tx_dur=1ms,20.784,
2733,10,109,2865758317,2026-07-14T15:35:46.547188+00:00,10.800139,25203,41,0202aad0006d6273005a5811460e29efbf1ffffffc2246cd1e00000fc0007ebfe9ed0737feebfff600,1,TX 41 seq=21612 rx_latency=1ms tx_dur=1ms,22.439,
2733,10,110,2865758318,2026-07-14T15:35:46.647191+00:00,10.900143,25303,41,0202aad0006e62d7005a5811460e29efbf1ffffffc2246cd1e00000fc0007ebfe9ed0737feebfff600,1,TX 41 seq=21613 rx_latency=1ms tx_dur=1ms,15.156,
2733,10,111,2865758319,2026-07-14T15:35:46.747190+00:00,11.000141,25403,41,0202aad0006f633b005a5811460e29efbf1ffffffc2246cd1e00000fc0007ebfe9ed0737feebfff600,1,TX 41 seq=21614 rx_latency=1ms tx_dur=1ms,16.889,
2733,10,112,2865758320,2026-07-14T15:35:46.847189+00:00,11.100138,25503,41,0202aad00070639f005a5811460e29efbf1ffffffc2246cd1e00000fc0007ebfe9ed0737feebfff600,1,TX 41 seq=21615 rx_latency=1ms tx_dur=1ms,18.614,
2733,10,113,2865758321,2026-07-14T15:35:46.947189+00:00,11.200138,25603,41,0202aad000716403005a5811460e29efbf1ffffffc2246cd1e00000fc0007ebfe9ed0737feebfff600,1,TX 41 seq=21616 rx_latency=1ms tx_dur=1ms,20.367,
2733,10,114,2865758322,2026-07-14T15:35:47.047187+00:00,11.300146,25703,41,0202aad000726467005a5811460e29efbf1ffffffc2246cd1e00000fc0007ebfe9ed0737feebfff600,1,TX 41 seq=21617 rx_latency=1ms tx_dur=1ms,22.868,
2733,10,115,2865758323,2026-07-14T15:35:47.147187+00:00,11.400143,25803,41,0202aad0007364cb005a5811460e29efbf1ffffffc2246cd1e00000fc0007ebfe9ed0737feebfff600,1,TX 41 seq=21618 rx_latency=1ms tx_dur=1ms,14.704,
2733,10,116,2865758324,2026-07-14T15:35:47.247195+00:00,11.500159,25903,41,0202aad00074652f005a5811460e29efbf1ffffffc2246cd1e00000fc0007ebfe9ed0737feebfff600,1,TX 41 seq=21619 rx_latency=1ms tx_dur=1ms,16.402,
2733,10,117,2865758325,2026-07-14T15:35:47.347193+00:00,11.600150,26003,41,0202aad000756593005a5811460e29efbf1ffffffc2246cd1e00000fc0007ebfe9ed0737feebfff600,1,TX 41 seq=21620 rx_latency=1ms tx_dur=1ms,19.242,
2733,10,118,2865758326,2026-07-14T15:35:47.447145+00:00,11.700094,26103,41,0202aad0007665f7005a5811460e29efbf1ffffffc2246cd1e00000fc0007ebfe9ed0737feebfff600,1,TX 41 seq=21621 rx_latency=1ms tx_dur=1ms,20.831,
2733,10,119,2865758327,2026-07-14T15:35:47.547195+00:00,11.800154,26203,41,0202aad00077665b005a5811460e29efbf1ffffffc2246cd1e00000fc0007ebfe9ed0737feebfff600,1,TX 41 seq=21622 rx_latency=1ms tx_dur=1ms,22.634,
2733,10,120,2865758328,2026-07-14T15:35:47.647185+00:00,11.900152,26303,41,0202aad0007866bf005a5811460e29efbf1ffffffc2246cd1e00000fc0007ebfe9ed0737feebfff600,1,TX 41 seq=21623 rx_latency=1ms tx_dur=1ms,15.300,
2733,10,121,2865758329,2026-07-14T15:35:47.747148+00:00,12.000112,26403,41,0202aad000796723005a5811460e29efbf1ffffffc2246cd1e00000fc0007ebfe9ed0737feebfff600,1,TX 41 seq=21624 rx_latency=1ms tx_dur=1ms,17.126,
2733,10,122,2865758330,2026-07-14T15:35:47.847146+00:00,12.100096,26503,41,0202aad0007a6787005a5811460e29efbf1ffffffc2246cd1e00000fc0007ebfe9ed0737feebfff600,1,TX 41 seq=21625 rx_latency=1ms tx_dur=1ms,18.674,
2733,10,123,2865758331,2026-07-14T15:35:47.947161+00:00,12.200114,26603,41,0202aad0007b67eb005a5811460e29efbf1ffffffc2246cd1e00000fc0007ebfe9ed0737feebfff600,1,TX 41 seq=21626 rx_latency=1ms tx_dur=1ms,20.395,
2733,10,124,2865758332,2026-07-14T15:35:48.047189+00:00,12.300144,26703,41,0202aad0007c684f005a5811460e29efbf1ffffffc2246cd1e00000fc0007ebfe9ed0737feebfff600,1,TX 41 seq=21627 rx_latency=1ms tx_dur=1ms,23.124,
2733,10,125,2865758333,2026-07-14T15:35:48.147194+00:00,12.400149,26803,41,0202aad0007d68b3005a5811460e29efbf1ffffffc2246cd1e00000fc0007ebfe9ed0737feebfff600,1,TX 41 seq=21628 rx_latency=1ms tx_dur=1ms,14.940,
2733,10,126,2865758334,2026-07-14T15:35:48.247546+00:00,12.500510,26903,41,0202aad0007e6917005a5811460e29efbf1ffffffc2246cd1e00000fc0007ebfe9ed0737feebfff600,1,TX 41 seq=21629 rx_latency=1ms tx_dur=1ms,15.928,
2733,10,127,2865758335,2026-07-14T15:35:48.347192+00:00,12.600148,27003,41,0202aad0007f697b005a5811460e29efbf1ffffffc2246cd1e00000fc0007ebfe9ed0737feebfff600,1,TX 41 seq=21630 rx_latency=1ms tx_dur=1ms,19.240,
2733,10,128,2865758336,2026-07-14T15:35:48.447183+00:00,12.700134,27103,41,0202aad0008069df005a5811460e29efbf1ffffffc2246cd1e00000fc0007ebfe9ed0737feebfff600,1,TX 41 seq=21631 rx_latency=1ms tx_dur=1ms,21.104,
2733,10,129,2865758337,2026-07-14T15:35:48.547189+00:00,12.800144,27203,41,0202aad000816a43005a5811460e29efbf1ffffffc2246cd1e00000fc0007ebfe9ed0737feebfff600,1,TX 41 seq=21632 rx_latency=1ms tx_dur=1ms,22.767,
2733,10,130,2865758338,2026-07-14T15:35:48.647193+00:00,12.900146,27303,41,0202aad000826aa7005a5811460e29efbf1ffffffc2246cd1e00000fc0007ebfe9ed0737feebfff600,1,TX 41 seq=21633 rx_latency=1ms tx_dur=1ms,14.316,
2733,10,131,2865758339,2026-07-14T15:35:48.747198+00:00,13.000157,27403,41,0202aad000836b0b005a5811460e29efbf1ffffffc2246cd1e00000fc0007ebfe9ed0737feebfff600,1,TX 41 seq=21634 rx_latency=1ms tx_dur=1ms,17.083,
2733,10,132,2865758340,2026-07-14T15:35:48.847183+00:00,13.100133,27503,41,0202aad000846b6f005a5811460e29efbf1ffffffc2246cd1e00000fc0007ebfe9ed0737feebfff600,1,TX 41 seq=21635 rx_latency=1ms tx_dur=1ms,18.948,
2733,10,133,2865758341,2026-07-14T15:35:48.947188+00:00,13.200138,27603,41,0202aad000856bd3005a5811460e29efbf1ffffffc2246cd1e00000fc0007ebfe9ed0737feebfff600,1,TX 41 seq=21636 rx_latency=1ms tx_dur=1ms,20.608,
2733,10,134,2865758342,2026-07-14T15:35:49.047188+00:00,13.300138,27703,41,0202aad000866c37005a5811460e29efbf1ffffffc2246cd1e00000fc0007ebfe9ed0737feebfff600,1,TX 41 seq=21637 rx_latency=1ms tx_dur=1ms,22.330,
2733,10,135,2865758343,2026-07-14T15:35:49.147188+00:00,13.400141,27803,41,0202aad000876c9b005a5811460e29efbf1ffffffc2246cd1e00000fc0007ebfe9ed0737feebfff600,1,TX 41 seq=21638 rx_latency=1ms tx_dur=1ms,14.930,
2733,10,136,2865758344,2026-07-14T15:35:49.247185+00:00,13.500139,27903,41,0202aad000886cff005a5811460e29efbf1ffffffc2246cd1e00000fc0007ebfe9ed0737feebfff600,1,TX 41 seq=21639 rx_latency=1ms tx_dur=1ms,16.767,
2733,10,137,2865758345,2026-07-14T15:35:49.347195+00:00,13.600156,28003,41,0202aad000896d63005a5811460e29efbf1ffffffc2246cd1e00000fc0007ebfe9ed0737feebfff600,1,TX 41 seq=21640 rx_latency=1ms tx_dur=1ms,18.395,
2733,10,138,2865758346,2026-07-14T15:35:49.447190+00:00,13.700143,28103,41,0202aad0008a6dc7005a5811460e29efbf1ffffffc2246cd1e00000fc0007ebfe9ed0737feebfff600,1,TX 41 seq=21641 rx_latency=1ms tx_dur=1ms,21.279,
2733,10,139,2865758347,2026-07-14T15:35:49.547190+00:00,13.800141,28203,41,0202aad0008b6e2b005a5811460e29efbf1ffffffc2246cd1e00000fc0007ebfe9ed0737feebfff600,1,TX 41 seq=21642 rx_latency=1ms tx_dur=1ms,22.687,
2733,10,140,2865758348,2026-07-14T15:35:49.647183+00:00,13.900133,28303,41,0202aad0008c6e8f005a5811460e29efbf1ffffffc2246cd1e00000fc0007ebfe9ed0737feebfff600,1,TX 41 seq=21643 rx_latency=1ms tx_dur=1ms,14.691,
2733,10,141,2865758349,2026-07-14T15:35:49.747201+00:00,14.000174,28403,41,0202aad0008d6ef3005a5811460e29efbf1ffffffc2246cd1e00000fc0007ebfe9ed0737feebfff600,1,TX 41 seq=21644 rx_latency=1ms tx_dur=1ms,17.248,
2733,10,142,2865758350,2026-07-14T15:35:49.847185+00:00,14.100139,28503,41,0202aad0008e6f57005a5811460e29efbf1ffffffc2246cd1e00000fc0007ebfe9ed0737feebfff600,1,TX 41 seq=21645 rx_latency=1ms tx_dur=1ms,19.154,
2733,10,143,2865758351,2026-07-14T15:35:49.947190+00:00,14.200144,28603,41,0202aad0008f6fbb005a5811460e29efbf1ffffffc2246cd1e00000fc0007ebfe9ed0737feebfff600,1,TX 41 seq=21646 rx_latency=1ms tx_dur=1ms,20.535,
2733,10,144,2865758352,2026-07-14T15:35:50.047181+00:00,14.300128,28703,41,0202aad00090701f005a5811460e29efbf1ffffffc2246cd1e00000fc0007ebfe9ed0737feebfff600,1,TX 41 seq=21647 rx_latency=1ms tx_dur=1ms,22.445,
2733,10,145,2865758353,2026-07-14T15:35:50.147208+00:00,14.400186,28803,41,0202aad000917083005a5811460e29efbf1ffffffc2246cd1e00000fc0007ebfe9ed0737feebfff600,1,TX 41 seq=21648 rx_latency=1ms tx_dur=1ms,15.103,
2733,10,146,2865758354,2026-07-14T15:35:50.247186+00:00,14.500142,28903,41,0202aad0009270e7005a5811460e29efbf1ffffffc2246cd1e00000fc0007ebfe9ed0737feebfff600,1,TX 41 seq=21649 rx_latency=1ms tx_dur=1ms,16.983,
2733,10,147,2865758355,2026-07-14T15:35:50.347198+00:00,14.600162,29003,41,0202aad00093714b005a5811460e29efbf1ffffffc2246cd1e00000fc0007ebfe9ed0737feebfff600,1,TX 41 seq=21650 rx_latency=1ms tx_dur=1ms,18.391,
2733,10,148,2865758356,2026-07-14T15:35:50.447184+00:00,14.700134,29103,41,0202aad0009471af005a5811460e29efbf1ffffffc2246cd1e00000fc0007ebfe9ed0737feebfff600,1,TX 41 seq=21651 rx_latency=1ms tx_dur=1ms,21.348,
2733,10,149,2865758357,2026-07-14T15:35:50.547198+00:00,14.800168,29203,41,0202aad000957213005a5811460e29efbf1ffffffc2246cd1e00000fc0007ebfe9ed0737feebfff600,1,TX 41 seq=21652 rx_latency=1ms tx_dur=1ms,22.898,
2733,10,150,2865758358,2026-07-14T15:35:50.647186+00:00,14.900136,29303,41,0202aad000967277005a5811460e29efbf1ffffffc2246cd1e00000fc0007ebfe9ed0737feebfff600,1,TX 41 seq=21653 rx_latency=1ms tx_dur=1ms,14.805,
2733,10,151,2865758359,2026-07-14T15:35:50.747190+00:00,15.000142,29403,41,0202aad0009772db005a5811460e29efbf1ffffffc2246cd1e00000fc0007ebfe9ed0737feebfff600,1,TX 41 seq=21654 rx_latency=1ms tx_dur=1ms,16.343,
2733,10,152,2865758360,2026-07-14T15:35:50.847138+00:00,15.100087,29503,41,0202aad00098733f005a5811460e29efbf1ffffffc2246cd1e00000fc0007ebfe9ed0737feebfff600,1,TX 41 seq=21655 rx_latency=1ms tx_dur=1ms,19.261,
2733,10,153,2865758361,2026-07-14T15:35:50.947188+00:00,15.200140,29603,41,0202aad0009973a3005a5811460e29efbf1ffffffc2246cd1e00000fc0007ebfe9ed0737feebfff600,1,TX 41 seq=21656 rx_latency=1ms tx_dur=1ms,20.858,
2733,10,154,2865758362,2026-07-14T15:35:51.047181+00:00,15.300128,29703,41,0202aad0009a7407005a5811460e29efbf1ffffffc2246cd1e00000fc0007ebfe9ed0737feebfff600,1,TX 41 seq=21657 rx_latency=1ms tx_dur=1ms,22.644,
2733,10,155,2865758363,2026-07-14T15:35:51.147173+00:00,15.400126,29803,41,0202aad0009b746b005a5811460e29efbf1ffffffc2246cd1e00000fc0007ebfe9ed0737feebfff600,1,TX 41 seq=21658 rx_latency=1ms tx_dur=1ms,15.263,
2733,10,156,2865758364,2026-07-14T15:35:51.247182+00:00,15.500129,29903,41,0202aad0009c74cf005a5811460e29efbf1ffffffc2246cd1e00000fc0007ebfe9ed0737feebfff600,1,TX 41 seq=21659 rx_latency=1ms tx_dur=1ms,17.002,
2733,10,157,2865758365,2026-07-14T15:35:51.347188+00:00,15.600139,30003,41,0202aad0009d7533005a5811460e29efbf1ffffffc2246cd1e00000fc0007ebfe9ed0737feebfff600,1,TX 41 seq=21660 rx_latency=1ms tx_dur=1ms,18.719,
2733,10,158,2865758366,2026-07-14T15:35:51.447189+00:00,15.700139,30103,41,0202aad0009e7597005a5811460e29efbf1ffffffc2246cd1e00000fc0007ebfe9ed0737feebfff600,1,TX 41 seq=21661 rx_latency=1ms tx_dur=1ms,20.483,
2733,10,159,2865758367,2026-07-14T15:35:51.547191+00:00,15.800150,30203,41,0202aad0009f75fb005a5811460e29efbf1ffffffc2246cd1e00000fc0007ebfe9ed0737feebfff600,1,TX 41 seq=21662 rx_latency=1ms tx_dur=1ms,22.965,
2733,10,160,2865758368,2026-07-14T15:35:51.647189+00:00,15.900148,30303,41,0202aad000a0765f005a5811460e29efbf1ffffffc2246cd1e00000fc0007ebfe9ed0737feebfff600,1,TX 41 seq=21663 rx_latency=1ms tx_dur=1ms,14.774,
2733,10,161,2865758369,2026-07-14T15:35:51.747194+00:00,16.000155,30403,41,0202aad000a176c3005a5811460e29efbf1ffffffc2246cd1e00000fc0007ebfe9ed0737feebfff600,1,TX 41 seq=21664 rx_latency=1ms tx_dur=1ms,16.515,
2733,10,162,2865758370,2026-07-14T15:35:51.847183+00:00,16.100131,30503,41,0202aad000a27727005a5811460e29efbf1ffffffc2246cd1e00000fc0007ebfe9ed0737feebfff600,1,TX 41 seq=21665 rx_latency=1ms tx_dur=1ms,19.364,
2733,10,163,2865758371,2026-07-14T15:35:51.947147+00:00,16.200098,30603,41,0202aad000a3778b005a5811460e29efbf1ffffffc2246cd1e00000fc0007ebfe9ed0737feebfff600,1,TX 41 seq=21666 rx_latency=1ms tx_dur=1ms,20.948,
2733,10,164,2865758372,2026-07-14T15:35:52.047186+00:00,16.300140,30703,41,0202aad000a477ef005a5811460e29efbf1ffffffc2246cd1e00000fc0007ebfe9ed0737feebfff600,1,TX 41 seq=21667 rx_latency=1ms tx_dur=1ms,22.607,
2733,10,165,2865758373,2026-07-14T15:35:52.147192+00:00,16.400146,30803,41,0202aad000a57853005a5811460e29efbf1ffffffc2246cd1e00000fc0007ebfe9ed0737feebfff600,1,TX 41 seq=21668 rx_latency=1ms tx_dur=1ms,14.361,
2733,10,166,2865758374,2026-07-14T15:35:52.247185+00:00,16.500134,30903,41,0202aad000a678b7005a5811460e29efbf1ffffffc2246cd1e00000fc0007ebfe9ed0737feebfff600,1,TX 41 seq=21669 rx_latency=1ms tx_dur=1ms,17.211,
2733,10,167,2865758375,2026-07-14T15:35:52.347149+00:00,16.600100,31003,41,0202aad000a7791b005a5811460e29efbf1ffffffc2246cd1e00000fc0007ebfe9ed0737feebfff600,1,TX 41 seq=21670 rx_latency=1ms tx_dur=1ms,18.771,
2733,10,168,2865758376,2026-07-14T15:35:52.447182+00:00,16.700129,31103,41,0202aad000a8797f005a5811460e29efbf1ffffffc2246cd1e00000fc0007ebfe9ed0737feebfff600,1,TX 41 seq=21671 rx_latency=1ms tx_dur=1ms,20.456,
2733,10,169,2865758377,2026-07-14T15:35:52.547133+00:00,16.800088,31203,41,0202aad000a979e3005a5811460e29efbf1ffffffc2246cd1e00000fc0007ebfe9ed0737feebfff600,1,TX 41 seq=21672 rx_latency=1ms tx_dur=1ms,23.355,
2733,10,170,2865758378,2026-07-14T15:35:52.647186+00:00,16.900141,31303,41,0202aad000aa7a47005a5811460e29efbf1ffffffc2246cd1e00000fc0007ebfe9ed0737feebfff600,1,TX 41 seq=21673 rx_latency=1ms tx_dur=1ms,15.038,
2733,10,171,2865758379,2026-07-14T15:35:52.747125+00:00,17.000079,31403,41,0202aad000ab7aab005a5811460e29efbf1ffffffc2246cd1e00000fc0007ebfe9ed0737feebfff600,1,TX 41 seq=21674 rx_latency=1ms tx_dur=1ms,16.841,
2733,10,172,2865758380,2026-07-14T15:35:52.847184+00:00,17.100133,31503,41,0202aad000ac7b0f005a5811460e29efbf1ffffffc2246cd1e00000fc0007ebfe9ed0737feebfff600,1,TX 41 seq=21675 rx_latency=1ms tx_dur=1ms,19.391,
2733,10,173,2865758381,2026-07-14T15:35:52.947146+00:00,17.200097,31603,41,0202aad000ad7b73005a5811460e29efbf1ffffffc2246cd1e00000fc0007ebfe9ed0737feebfff600,1,TX 41 seq=21676 rx_latency=1ms tx_dur=1ms,21.175,
2733,10,174,2865758382,2026-07-14T15:35:53.047182+00:00,17.300128,31703,41,0202aad000ae7bd7005a5811460e29efbf1ffffffc2246cd1e00000fc0007ebfe9ed0737feebfff600,1,TX 41 seq=21677 rx_latency=1ms tx_dur=1ms,22.830,
2733,10,175,2865758383,2026-07-14T15:35:53.147190+00:00,17.400142,31803,41,0202aad000af7c3b005a5811460e29efbf1ffffffc2246cd1e00000fc0007ebfe9ed0737feebfff600,1,TX 41 seq=21678 rx_latency=1ms tx_dur=1ms,14.665,
2733,10,176,2865758384,2026-07-14T15:35:53.247198+00:00,17.500170,31903,41,0202aad000b07c9f005a5811460e29efbf1ffffffc2246cd1e00000fc0007ebfe9ed0737feebfff600,1,TX 41 seq=21679 rx_latency=1ms tx_dur=1ms,17.145,
2733,10,177,2865758385,2026-07-14T15:35:53.347194+00:00,17.600153,32003,41,0202aad000b17d03005a5811460e29efbf1ffffffc2246cd1e00000fc0007ebfe9ed0737feebfff600,1,TX 41 seq=21680 rx_latency=1ms tx_dur=1ms,18.976,
2733,10,178,2865758386,2026-07-14T15:35:53.447183+00:00,17.700132,32103,41,0202aad000b27d67005a5811460e29efbf1ffffffc2246cd1e00000fc0007ebfe9ed0737feebfff600,1,TX 41 seq=21681 rx_latency=1ms tx_dur=1ms,20.678,
2733,10,179,2865758387,2026-07-14T15:35:53.547190+00:00,17.800143,32203,41,0202aad000b37dcb005a5811460e29efbf1ffffffc2246cd1e00000fc0007ebfe9ed0737feebfff600,1,TX 41 seq=21682 rx_latency=1ms tx_dur=1ms,22.425,
2733,10,180,2865758388,2026-07-14T15:35:53.647186+00:00,17.900135,32303,41,0202aad000b47e2f005a5811460e29efbf1ffffffc2246cd1e00000fc0007ebfe9ed0737feebfff600,1,TX 41 seq=21683 rx_latency=1ms tx_dur=1ms,15.096,
2733,10,181,2865758389,2026-07-14T15:35:53.747138+00:00,18.000090,32403,41,0202aad000b57e93005a5811460e29efbf1ffffffc2246cd1e00000fc0007ebfe9ed0737feebfff600,1,TX 41 seq=21684 rx_latency=1ms tx_dur=1ms,16.861,
2733,10,182,2865758390,2026-07-14T15:35:53.847193+00:00,18.100155,32503,41,0202aad000b67ef7005a5811460e29efbf1ffffffc2246cd1e00000fc0007ebfe9ed0737feebfff600,1,TX 41 seq=21685 rx_latency=1ms tx_dur=1ms,18.481,
2733,10,183,2865758391,2026-07-14T15:35:53.947190+00:00,18.200145,32603,41,0202aad000b77f5b005a5811460e29efbf1ffffffc2246cd1e00000fc0007ebfe9ed0737feebfff600,1,TX 41 seq=21686 rx_latency=1ms tx_dur=1ms,21.376,
2733,10,184,2865758392,2026-07-14T15:35:54.047183+00:00,18.300130,32703,41,0202aad000b87fbf005a5811460e29efbf1ffffffc2246cd1e00000fc0007ebfe9ed0737feebfff600,1,TX 41 seq=21687 rx_latency=1ms tx_dur=1ms,22.855,
2733,10,185,2865758393,2026-07-14T15:35:54.147191+00:00,18.400142,32803,41,0202aad000b98023005a5811460e29efbf1ffffffc2246cd1e00000fc0007ebfe9ed0737feebfff600,1,TX 41 seq=21688 rx_latency=1ms tx_dur=1ms,14.647,
2733,10,186,2865758394,2026-07-14T15:35:54.247184+00:00,18.500135,32903,41,0202aad000ba8087005a5811460e29efbf1ffffffc2246cd1e00000fc0007ebfe9ed0737feebfff600,1,TX 41 seq=21689 rx_latency=1ms tx_dur=1ms,16.398,
2733,10,187,2865758395,2026-07-14T15:35:54.347193+00:00,18.600150,33003,41,0202aad000bb80eb005a5811460e29efbf1ffffffc2246cd1e00000fc0007ebfe9ed0737feebfff600,1,TX 41 seq=21690 rx_latency=1ms tx_dur=1ms,19.191,
2733,10,188,2865758396,2026-07-14T15:35:54.447184+00:00,18.700131,33103,41,0202aad000bc814f005a5811460e29efbf1ffffffc2246cd1e00000fc0007ebfe9ed0737feebfff600,1,TX 41 seq=21691 rx_latency=1ms tx_dur=1ms,20.705,
2733,10,189,2865758397,2026-07-14T15:35:54.547190+00:00,18.800142,33203,41,0202aad000bd81b3005a5811460e29efbf1ffffffc2246cd1e00000fc0007ebfe9ed0737feebfff600,1,TX 41 seq=21692 rx_latency=1ms tx_dur=1ms,22.459,
2733,10,190,2865758398,2026-07-14T15:35:54.647183+00:00,18.900129,33303,41,0202aad000be8217005a5811460e29efbf1ffffffc2246cd1e00000fc0007ebfe9ed0737feebfff600,1,TX 41 seq=21693 rx_latency=1ms tx_dur=1ms,15.335,
2733,10,191,2865758399,2026-07-14T15:35:54.747190+00:00,19.000143,33403,41,0202aad000bf827b005a5811460e29efbf1ffffffc2246cd1e00000fc0007ebfe9ed0737feebfff600,1,TX 41 seq=21694 rx_latency=1ms tx_dur=1ms,17.039,
2733,10,192,2865758400,2026-07-14T15:35:54.847187+00:00,19.100146,33503,41,0202aad000c082df005a5811460e29efbf1ffffffc2246cd1e00000fc0007ebfe9ed0737feebfff600,1,TX 41 seq=21695 rx_latency=1ms tx_dur=1ms,18.555,
2733,10,193,2865758401,2026-07-14T15:35:54.947191+00:00,19.200146,33603,41,0202aad000c18343005a5811460e29efbf1ffffffc2246cd1e00000fc0007ebfe9ed0737feebfff600,1,TX 41 seq=21696 rx_latency=1ms tx_dur=1ms,21.394,
2733,10,194,2865758402,2026-07-14T15:35:55.047183+00:00,19.300129,33703,41,0202aad000c283a7005a5811460e29efbf1ffffffc2246cd1e00000fc0007ebfe9ed0737feebfff600,1,TX 41 seq=21697 rx_latency=1ms tx_dur=1ms,23.095,
2733,10,195,2865758403,2026-07-14T15:35:55.147190+00:00,19.400142,33803,41,0202aad000c3840b005a5811460e29efbf1ffffffc2246cd1e00000fc0007ebfe9ed0737feebfff600,1,TX 41 seq=21698 rx_latency=1ms tx_dur=1ms,14.889,
2733,10,196,2865758404,2026-07-14T15:35:55.247190+00:00,19.500143,33903,41,0202aad000c4846f005a5811460e29efbf1ffffffc2246cd1e00000fc0007ebfe9ed0737feebfff600,1,TX 41 seq=21699 rx_latency=1ms tx_dur=1ms,16.387,
2733,10,197,2865758405,2026-07-14T15:35:55.347184+00:00,19.600134,34003,41,0202aad000c584d3005a5811460e29efbf1ffffffc2246cd1e00000fc0007ebfe9ed0737feebfff600,1,TX 41 seq=21700 rx_latency=1ms tx_dur=1ms,19.216,
2733,10,198,2865758406,2026-07-14T15:35:55.447189+00:00,19.700141,34103,41,0202aad000c68537005a5811460e29efbf1ffffffc2246cd1e00000fc0007ebfe9ed0737feebfff600,1,TX 41 seq=21701 rx_latency=1ms tx_dur=1ms,20.967,
2733,10,199,2865758407,2026-07-14T15:35:55.547183+00:00,19.800128,34203,41,0202aad000c7859b005a5811460e29efbf1ffffffc2246cd1e00000fc0007ebfe9ed0737feebfff600,1,TX 41 seq=21702 rx_latency=1ms tx_dur=1ms,22.660,
2733,10,200,2865758408,2026-07-14T15:35:55.647196+00:00,19.900162,34303,41,0202aad000c885ff005a5811460e29efbf1ffffffc2246cd1e00000fc0007ebfe9ed0737feebfff600,1,TX 41 seq=21703 rx_latency=1ms tx_dur=1ms,15.369,
2733,10,201,2865758409,2026-07-14T15:35:55.747197+00:00,20.000168,34403,41,0202aad000c98663005a5811460e29efbf1ffffffc2246cd1e00000fc0007ebfe9ed0737feebfff600,1,TX 41 seq=21704 rx_latency=1ms tx_dur=1ms,16.975,
2733,10,202,2865758410,2026-07-14T15:35:55.847195+00:00,20.100158,34503,41,0202aad000ca86c7005a5811460e29efbf1ffffffc2246cd1e00000fc0007ebfe9ed0737feebfff600,1,TX 41 seq=21705 rx_latency=1ms tx_dur=1ms,18.765,
2733,10,203,2865758411,2026-07-14T15:35:55.947185+00:00,20.200136,34603,41,0202aad000cb872b005a5811460e29efbf1ffffffc2246cd1e00000fc0007ebfe9ed0737feebfff600,1,TX 41 seq=21706 rx_latency=1ms tx_dur=1ms,20.490,
2733,10,204,2865758412,2026-07-14T15:35:56.047123+00:00,20.300090,34703,41,0202aad000cc878f005a5811460e29efbf1ffffffc2246cd1e00000fc0007ebfe9ed0737feebfff600,1,TX 41 seq=21707 rx_latency=1ms tx_dur=1ms,23.171,
2733,10,205,2865758413,2026-07-14T15:35:56.147187+00:00,20.400141,34803,41,0202aad000cd87f3005a5811460e29efbf1ffffffc2246cd1e00000fc0007ebfe9ed0737feebfff600,1,TX 41 seq=21708 rx_latency=1ms tx_dur=1ms,14.916,
2733,10,206,2865758414,2026-07-14T15:35:56.247190+00:00,20.500146,34903,41,0202aad000ce8857005a5811460e29efbf1ffffffc2246cd1e00000fc0007ebfe9ed0737feebfff600,1,TX 41 seq=21709 rx_latency=1ms tx_dur=1ms,16.640,
2733,10,207,2865758415,2026-07-14T15:35:56.347185+00:00,20.600133,35003,41,0202aad000cf88bb005a5811460e29efbf1ffffffc2246cd1e00000fc0007ebfe9ed0737feebfff600,1,TX 41 seq=21710 rx_latency=1ms tx_dur=1ms,18.354,
2733,10,208,2865758416,2026-07-14T15:35:56.447114+00:00,20.700065,35103,41,0202aad000d0891f005a5811460e29efbf1ffffffc2246cd1e00000fc0007ebfe9ed0737feebfff600,1,TX 41 seq=21711 rx_latency=1ms tx_dur=1ms,21.276,
2733,10,209,2865758417,2026-07-14T15:35:56.547187+00:00,20.800137,35203,41,0202aad000d18983005a5811460e29efbf1ffffffc2246cd1e00000fc0007ebfe9ed0737feebfff600,1,TX 41 seq=21712 rx_latency=1ms tx_dur=1ms,22.671,
2733,10,210,2865758418,2026-07-14T15:35:56.647146+00:00,20.900099,35303,41,0202aad000d289e7005a5811460e29efbf1ffffffc2246cd1e00000fc0007ebfe9ed0737feebfff600,1,TX 41 seq=21713 rx_latency=1ms tx_dur=1ms,14.526,
2733,10,211,2865758419,2026-07-14T15:35:56.747185+00:00,21.000136,35403,41,0202aad000d38a4b005a5811460e29efbf1ffffffc2246cd1e00000fc0007ebfe9ed0737feebfff600,1,TX 41 seq=21714 rx_latency=1ms tx_dur=1ms,17.331,
2733,10,212,2865758420,2026-07-14T15:35:56.847190+00:00,21.100140,35503,41,0202aad000d48aaf005a5811460e29efbf1ffffffc2246cd1e00000fc0007ebfe9ed0737feebfff600,1,TX 41 seq=21715 rx_latency=1ms tx_dur=1ms,19.046,
2733,10,213,2865758421,2026-07-14T15:35:56.947182+00:00,21.200129,35603,41,0202aad000d58b13005a5811460e29efbf1ffffffc2246cd1e00000fc0007ebfe9ed0737feebfff600,1,TX 41 seq=21716 rx_latency=1ms tx_dur=1ms,20.537,
2733,10,214,2865758422,2026-07-14T15:35:57.047140+00:00,21.300094,35703,41,0202aad000d68b77005a5811460e29efbf1ffffffc2246cd1e00000fc0007ebfe9ed0737feebfff600,1,TX 41 seq=21717 rx_latency=1ms tx_dur=1ms,22.367,
2733,10,215,2865758423,2026-07-14T15:35:57.147191+00:00,21.400150,35803,41,0202aad000d78bdb005a5811460e29efbf1ffffffc2246cd1e00000fc0007ebfe9ed0737feebfff600,1,TX 41 seq=21718 rx_latency=1ms tx_dur=1ms,15.107,
2733,10,216,2865758424,2026-07-14T15:35:57.247148+00:00,21.500102,35903,41,0202aad000d88c3f005a5811460e29efbf1ffffffc2246cd1e00000fc0007ebfe9ed0737feebfff600,1,TX 41 seq=21719 rx_latency=1ms tx_dur=1ms,16.918,
2733,10,217,2865758425,2026-07-14T15:35:57.347184+00:00,21.600133,36003,41,0202aad000d98ca3005a5811460e29efbf1ffffffc2246cd1e00000fc0007ebfe9ed0737feebfff600,1,TX 41 seq=21720 rx_latency=1ms tx_dur=1ms,18.399,
2733,10,218,2865758426,2026-07-14T15:35:57.447147+00:00,21.700098,36103,41,0202aad000da8d07005a5811460e29efbf1ffffffc2246cd1e00000fc0007ebfe9ed0737feebfff600,1,TX 41 seq=21721 rx_latency=1ms tx_dur=1ms,21.296,
2733,10,219,2865758427,2026-07-14T15:35:57.547183+00:00,21.800129,36203,41,0202aad000db8d6b005a5811460e29efbf1ffffffc2246cd1e00000fc0007ebfe9ed0737feebfff600,1,TX 41 seq=21722 rx_latency=1ms tx_dur=1ms,22.931,
2733,10,220,2865758428,2026-07-14T15:35:57.647191+00:00,21.900144,36303,41,0202aad000dc8dcf005a5811460e29efbf1ffffffc2246cd1e00000fc0007ebfe9ed0737feebfff600,1,TX 41 seq=21723 rx_latency=1ms tx_dur=1ms,14.709,
2733,10,221,2865758429,2026-07-14T15:35:57.747183+00:00,22.000130,36403,41,0202aad000dd8e33005a5811460e29efbf1ffffffc2246cd1e00000fc0007ebfe9ed0737feebfff600,1,TX 41 seq=21724 rx_latency=1ms tx_dur=1ms,17.352,
2733,10,222,2865758430,2026-07-14T15:35:57.847189+00:00,22.100140,36503,41,0202aad000de8e97005a5811460e29efbf1ffffffc2246cd1e00000fc0007ebfe9ed0737feebfff600,1,TX 41 seq=21725 rx_latency=1ms tx_dur=1ms,19.073,
2733,10,223,2865758431,2026-07-14T15:35:57.947189+00:00,22.200138,36603,41,0202aad000df8efb005a5811460e29efbf1ffffffc2246cd1e00000fc0007ebfe9ed0737feebfff600,1,TX 41 seq=21726 rx_latency=1ms tx_dur=1ms,20.801,
2733,10,224,2865758432,2026-07-14T15:35:58.047190+00:00,22.300139,36703,41,0202aad000e08f5f005a5811460e29efbf1ffffffc2246cd1e00000fc0007ebfe9ed0737feebfff600,1,TX 41 seq=21727 rx_latency=1ms tx_dur=1ms,22.574,
2733,10,225,2865758433,2026-07-14T15:35:58.147188+00:00,22.400146,36803,41,0202aad000e18fc3005a5811460e29efbf1ffffffc2246cd1e00000fc0007ebfe9ed0737feebfff600,1,TX 41 seq=21728 rx_latency=1ms tx_dur=1ms,15.157,
2733,10,226,2865758434,2026-07-14T15:35:58.247126+00:00,22.500081,36903,41,0202aad000e29027005a5811460e29efbf1ffffffc2246cd1e00000fc0007ebfe9ed0737feebfff600,1,TX 41 seq=21729 rx_latency=1ms tx_dur=1ms,16.953,
2733,10,227,2865758435,2026-07-14T15:35:58.347183+00:00,22.600133,37003,41,0202aad000e3908b005a5811460e29efbf1ffffffc2246cd1e00000fc0007ebfe9ed0737feebfff600,1,TX 41 seq=21730 rx_latency=1ms tx_dur=1ms,18.618,
2733,10,228,2865758436,2026-07-14T15:35:58.447190+00:00,22.700144,37103,41,0202aad000e490ef005a5811460e29efbf1ffffffc2246cd1e00000fc0007ebfe9ed0737feebfff600,1,TX 41 seq=21731 rx_latency=1ms tx_dur=1ms,20.362,
2733,10,229,2865758437,2026-07-14T15:35:58.547182+00:00,22.800130,37203,41,0202aad000e59153005a5811460e29efbf1ffffffc2246cd1e00000fc0007ebfe9ed0737feebfff600,1,TX 41 seq=21732 rx_latency=1ms tx_dur=1ms,22.991,
2733,10,230,2865758438,2026-07-14T15:35:58.647192+00:00,22.900147,37303,41,0202aad000e691b7005a5811460e29efbf1ffffffc2246cd1e00000fc0007ebfe9ed0737feebfff600,1,TX 41 seq=21733 rx_latency=1ms tx_dur=1ms,14.740,
2733,10,231,2865758439,2026-07-14T15:35:58.747190+00:00,23.000142,37403,41,0202aad000e7921b005a5811460e29efbf1ffffffc2246cd1e00000fc0007ebfe9ed0737feebfff600,1,TX 41 seq=21734 rx_latency=1ms tx_dur=1ms,16.470,
2733,10,232,2865758440,2026-07-14T15:35:58.847189+00:00,23.100140,37503,41,0202aad000e8927f005a5811460e29efbf1ffffffc2246cd1e00000fc0007ebfe9ed0737feebfff600,1,TX 41 seq=21735 rx_latency=1ms tx_dur=1ms,19.309,
2733,10,233,2865758441,2026-07-14T15:35:58.947153+00:00,23.200102,37603,41,0202aad000e992e3005a5811460e29efbf1ffffffc2246cd1e00000fc0007ebfe9ed0737feebfff600,1,TX 41 seq=21736 rx_latency=1ms tx_dur=1ms,20.870,
2733,10,234,2865758442,2026-07-14T15:35:59.047189+00:00,23.300138,37703,41,0202aad000ea9347005a5811460e29efbf1ffffffc2246cd1e00000fc0007ebfe9ed0737feebfff600,1,TX 41 seq=21737 rx_latency=1ms tx_dur=1ms,22.564,
2733,10,235,2865758443,2026-07-14T15:35:59.147201+00:00,23.400175,37803,41,0202aad000eb93ab005a5811460e29efbf1ffffffc2246cd1e00000fc0007ebfe9ed0737feebfff600,1,TX 41 seq=21738 rx_latency=1ms tx_dur=1ms,15.315,
2733,10,236,2865758444,2026-07-14T15:35:59.247191+00:00,23.500150,37903,41,0202aad000ec940f005a5811460e29efbf1ffffffc2246cd1e00000fc0007ebfe9ed0737feebfff600,1,TX 41 seq=21739 rx_latency=1ms tx_dur=1ms,17.121,
2733,10,237,2865758445,2026-07-14T15:35:59.347193+00:00,23.600157,38003,41,0202aad000ed9473005a5811460e29efbf1ffffffc2246cd1e00000fc0007ebfe9ed0737feebfff600,1,TX 41 seq=21740 rx_latency=1ms tx_dur=1ms,18.589,
2733,10,238,2865758446,2026-07-14T15:35:59.447193+00:00,23.700149,38103,41,0202aad000ee94d7005a5811460e29efbf1ffffffc2246cd1e00000fc0007ebfe9ed0737feebfff600,1,TX 41 seq=21741 rx_latency=1ms tx_dur=1ms,20.357,
2733,10,239,2865758447,2026-07-14T15:35:59.547183+00:00,23.800131,38203,41,0202aad000ef953b005a5811460e29efbf1ffffffc2246cd1e00000fc0007ebfe9ed0737feebfff600,1,TX 41 seq=21742 rx_latency=1ms tx_dur=1ms,23.183,
2733,10,240,2865758448,2026-07-14T15:35:59.647193+00:00,23.900149,38303,41,0202aad000f0959f005a5811460e29efbf1ffffffc2246cd1e00000fc0007ebfe9ed0737feebfff600,1,TX 41 seq=21743 rx_latency=1ms tx_dur=1ms,14.960,
2733,10,241,2865758449,2026-07-14T15:35:59.747185+00:00,24.000136,38403,41,0202aad000f19603005a5811460e29efbf1ffffffc2246cd1e00000fc0007ebfe9ed0737feebfff600,1,TX 41 seq=21744 rx_latency=1ms tx_dur=1ms,16.494,
2733,10,242,2865758450,2026-07-14T15:35:59.847192+00:00,24.100148,38503,41,0202aad000f29667005a5811460e29efbf1ffffffc2246cd1e00000fc0007ebfe9ed0737feebfff600,1,TX 41 seq=21745 rx_latency=1ms tx_dur=1ms,19.325,
2733,10,243,2865758451,2026-07-14T15:35:59.947188+00:00,24.200138,38603,41,0202aad000f396cb005a5811460e29efbf1ffffffc2246cd1e00000fc0007ebfe9ed0737feebfff600,1,TX 41 seq=21746 rx_latency=1ms tx_dur=1ms,21.064,
2733,10,244,2865758452,2026-07-14T15:36:00.047189+00:00,24.300139,38703,41,0202aad000f4972f005a5811460e29efbf1ffffffc2246cd1e00000fc0007ebfe9ed0737feebfff600,1,TX 41 seq=21747 rx_latency=1ms tx_dur=1ms,22.812,
2733,10,245,2865758453,2026-07-14T15:36:00.147188+00:00,24.400142,38803,41,0202aad000f59793005a5811460e29efbf1ffffffc2246cd1e00000fc0007ebfe9ed0737feebfff600,1,TX 41 seq=21748 rx_latency=1ms tx_dur=1ms,14.553,
2733,10,246,2865758454,2026-07-14T15:36:00.247192+00:00,24.500146,38903,41,0202aad000f697f7005a5811460e29efbf1ffffffc2246cd1e00000fc0007ebfe9ed0737feebfff600,1,TX 41 seq=21749 rx_latency=1ms tx_dur=1ms,17.162,
2733,10,247,2865758455,2026-07-14T15:36:00.347189+00:00,24.600153,39003,41,0202aad000f7985b005a5811460e29efbf1ffffffc2246cd1e00000fc0007ebfe9ed0737feebfff600,1,TX 41 seq=21750 rx_latency=1ms tx_dur=1ms,18.824,
2733,10,248,2865758456,2026-07-14T15:36:00.447197+00:00,24.700155,39103,41,0202aad000f898bf005a5811460e29efbf1ffffffc2246cd1e00000fc0007ebfe9ed0737feebfff600,1,TX 41 seq=21751 rx_latency=1ms tx_dur=1ms,20.605,
2733,10,249,2865758457,2026-07-14T15:36:00.547185+00:00,24.800134,39203,41,0202aad000f99923005a5811460e29efbf1ffffffc2246cd1e00000fc0007ebfe9ed0737feebfff600,1,TX 41 seq=21752 rx_latency=1ms tx_dur=1ms,23.412,
2733,10,250,2865758458,2026-07-14T15:36:00.647191+00:00,24.900143,39303,41,0202aad000fa9987005a5811460e29efbf1ffffffc2246cd1e00000fc0007ebfe9ed0737feebfff600,1,TX 41 seq=21753 rx_latency=1ms tx_dur=1ms,15.020,
2733,10,251,2865758459,2026-07-14T15:36:00.747177+00:00,25.000128,39403,41,0202aad000fb99eb005a5811460e29efbf1ffffffc2246cd1e00000fc0007ebfe9ed0737feebfff600,1,TX 41 seq=21754 rx_latency=1ms tx_dur=1ms,16.780,
2733,10,252,2865758460,2026-07-14T15:36:00.847192+00:00,25.100151,39503,41,0202aad000fc9a4f005a5811460e29efbf1ffffffc2246cd1e00000fc0007ebfe9ed0737feebfff600,1,TX 41 seq=21755 rx_latency=1ms tx_dur=1ms,18.450,
2733,10,253,2865758461,2026-07-14T15:36:00.947190+00:00,25.200140,39603,41,0202aad000fd9ab3005a5811460e29efbf1ffffffc2246cd1e00000fc0007ebfe9ed0737feebfff600,1,TX 41 seq=21756 rx_latency=1ms tx_dur=1ms,21.307,
2733,10,254,2865758462,2026-07-14T15:36:01.047189+00:00,25.300141,39703,41,0202aad000fe9b17005a5811460e29efbf1ffffffc2246cd1e00000fc0007ebfe9ed0737feebfff600,1,TX 41 seq=21757 rx_latency=1ms tx_dur=1ms,22.815,
2733,10,255,2865758463,2026-07-14T15:36:01.147188+00:00,25.400137,39803,41,0202aad000ff9b7b005a5811460e29efbf1ffffffc2246cd1e00000fc0007ebfe9ed0737feebfff600,1,TX 41 seq=21758 rx_latency=1ms tx_dur=1ms,14.590,
2733,10,256,2865758464,2026-07-14T15:36:01.247189+00:00,25.500138,39903,41,0202aad001009bdf005a5811460e29efbf1ffffffc2246cd1e00000fc0007ebfe9ed0737feebfff600,1,TX 41 seq=21759 rx_latency=1ms tx_dur=1ms,17.449,
2733,10,257,2865758465,2026-07-14T15:36:01.347190+00:00,25.600141,40003,41,0202aad001019c43005a5811460e29efbf1ffffffc2246cd1e00000fc0007ebfe9ed0737feebfff600,1,TX 41 seq=21760 rx_latency=1ms tx_dur=1ms,19.179,
2733,10,258,2865758466,2026-07-14T15:36:01.447189+00:00,25.700148,40103,41,0202aad001029ca7005a5811460e29efbf1ffffffc2246cd1e00000fc0007ebfe9ed0737feebfff600,1,TX 41 seq=21761 rx_latency=1ms tx_dur=1ms,20.622,
2733,10,259,2865758467,2026-07-14T15:36:01.547143+00:00,25.800106,40203,41,0202aad001039d0b005a5811460e29efbf1ffffffc2246cd1e00000fc0007ebfe9ed0737feebfff600,1,TX 41 seq=21762 rx_latency=1ms tx_dur=1ms,22.370,
2733,10,260,2865758468,2026-07-14T15:36:01.647187+00:00,25.900139,40303,41,0202aad001049d6f005a5811460e29efbf1ffffffc2246cd1e00000fc0007ebfe9ed0737feebfff600,1,TX 41 seq=21763 rx_latency=1ms tx_dur=1ms,15.341,
2733,10,261,2865758469,2026-07-14T15:36:01.747202+00:00,26.000172,40403,41,0202aad001059dd3005a5811460e29efbf1ffffffc2246cd1e00000fc0007ebfe9ed0737feebfff600,1,TX 41 seq=21764 rx_latency=1ms tx_dur=1ms,16.874,
2733,10,262,2865758470,2026-07-14T15:36:01.847185+00:00,26.100136,40503,41,0202aad001069e37005a5811460e29efbf1ffffffc2246cd1e00000fc0007ebfe9ed0737feebfff600,1,TX 41 seq=21765 rx_latency=1ms tx_dur=1ms,18.485,
2733,10,263,2865758471,2026-07-14T15:36:01.947143+00:00,26.200099,40603,41,0202aad001079e9b005a5811460e29efbf1ffffffc2246cd1e00000fc0007ebfe9ed0737feebfff600,1,TX 41 seq=21766 rx_latency=1ms tx_dur=1ms,21.358,
2733,10,264,2865758472,2026-07-14T15:36:02.047188+00:00,26.300141,40703,41,0202aad001089eff005a5811460e29efbf1ffffffc2246cd1e00000fc0007ebfe9ed0737feebfff600,1,TX 41 seq=21767 rx_latency=1ms tx_dur=1ms,22.991,
2733,10,265,2865758473,2026-07-14T15:36:02.147191+00:00,26.400144,40803,41,0202aad001099f63005a5811460e29efbf1ffffffc2246cd1e00000fc0007ebfe9ed0737feebfff600,1,TX 41 seq=21768 rx_latency=1ms tx_dur=1ms,14.819,
2733,10,266,2865758474,2026-07-14T15:36:02.247191+00:00,26.500143,40903,41,0202aad0010a9fc7005a5811460e29efbf1ffffffc2246cd1e00000fc0007ebfe9ed0737feebfff600,1,TX 41 seq=21769 rx_latency=1ms tx_dur=1ms,16.351,
2733,10,267,2865758475,2026-07-14T15:36:02.347190+00:00,26.600142,41003,41,0202aad0010ba02b005a5811460e29efbf1ffffffc2246cd1e00000fc0007ebfe9ed0737feebfff600,1,TX 41 seq=21770 rx_latency=1ms tx_dur=1ms,19.172,
2733,10,268,2865758476,2026-07-14T15:36:02.447183+00:00,26.700132,41103,41,0202aad0010ca08f005a5811460e29efbf1ffffffc2246cd1e00000fc0007ebfe9ed0737feebfff600,1,TX 41 seq=21771 rx_latency=1ms tx_dur=1ms,20.862,
2733,10,269,2865758477,2026-07-14T15:36:02.547194+00:00,26.800148,41203,41,0202aad0010da0f3005a5811460e29efbf1ffffffc2246cd1e00000fc0007ebfe9ed0737feebfff600,1,TX 41 seq=21772 rx_latency=1ms tx_dur=1ms,22.611,
2733,10,270,2865758478,2026-07-14T15:36:02.647165+00:00,26.900127,41303,41,0202aad0010ea157005a5811460e29efbf1ffffffc2246cd1e00000fc0007ebfe9ed0737feebfff600,1,TX 41 seq=21773 rx_latency=1ms tx_dur=1ms,15.277,
2733,10,271,2865758479,2026-07-14T15:36:02.747149+00:00,27.000103,41403,41,0202aad0010fa1bb005a5811460e29efbf1ffffffc2246cd1e00000fc0007ebfe9ed0737feebfff600,1,TX 41 seq=21774 rx_latency=1ms tx_dur=1ms,17.041,
2733,10,272,2865758480,2026-07-14T15:36:02.847187+00:00,27.100139,41503,41,0202aad00110a21f005a5811460e29efbf1ffffffc2246cd1e00000fc0007ebfe9ed0737feebfff600,1,TX 41 seq=21775 rx_latency=1ms tx_dur=1ms,18.747,
2733,10,273,2865758481,2026-07-14T15:36:02.947189+00:00,27.200142,41603,41,0202aad00111a283005a5811460e29efbf1ffffffc2246cd1e00000fc0007ebfe9ed0737feebfff600,1,TX 41 seq=21776 rx_latency=1ms tx_dur=1ms,20.457,
2733,10,274,2865758482,2026-07-14T15:36:03.047182+00:00,27.300130,41703,41,0202aad00112a2e7005a5811460e29efbf1ffffffc2246cd1e00000fc0007ebfe9ed0737feebfff600,1,TX 41 seq=21777 rx_latency=1ms tx_dur=1ms,23.046,
2733,10,275,2865758483,2026-07-14T15:36:03.147192+00:00,27.400147,41803,41,0202aad00113a34b005a5811460e29efbf1ffffffc2246cd1e00000fc0007ebfe9ed0737feebfff600,1,TX 41 seq=21778 rx_latency=1ms tx_dur=1ms,14.827,
2733,10,276,2865758484,2026-07-14T15:36:03.247189+00:00,27.500140,41903,41,0202aad00114a3af005a5811460e29efbf1ffffffc2246cd1e00000fc0007ebfe9ed0737feebfff600,1,TX 41 seq=21779 rx_latency=1ms tx_dur=1ms,16.585,
2733,10,277,2865758485,2026-07-14T15:36:03.347189+00:00,27.600140,42003,41,0202aad00115a413005a5811460e29efbf1ffffffc2246cd1e00000fc0007ebfe9ed0737feebfff600,1,TX 41 seq=21780 rx_latency=1ms tx_dur=1ms,19.420,
2733,10,278,2865758486,2026-07-14T15:36:03.447185+00:00,27.700135,42103,41,0202aad00116a477005a5811460e29efbf1ffffffc2246cd1e00000fc0007ebfe9ed0737feebfff600,1,TX 41 seq=21781 rx_latency=1ms tx_dur=1ms,20.903,
2733,10,279,2865758487,2026-07-14T15:36:03.547191+00:00,27.800147,42203,41,0202aad00117a4db005a5811460e29efbf1ffffffc2246cd1e00000fc0007ebfe9ed0737feebfff600,1,TX 41 seq=21782 rx_latency=1ms tx_dur=1ms,22.636,
2733,10,280,2865758488,2026-07-14T15:36:03.647193+00:00,27.900157,42303,41,0202aad00118a53f005a5811460e29efbf1ffffffc2246cd1e00000fc0007ebfe9ed0737feebfff600,1,TX 41 seq=21783 rx_latency=1ms tx_dur=1ms,14.360,
2733,10,281,2865758489,2026-07-14T15:36:03.747196+00:00,28.000157,42403,41,0202aad00119a5a3005a5811460e29efbf1ffffffc2246cd1e00000fc0007ebfe9ed0737feebfff600,1,TX 41 seq=21784 rx_latency=1ms tx_dur=1ms,17.204,
2733,10,282,2865758490,2026-07-14T15:36:03.847185+00:00,28.100134,42503,41,0202aad0011aa607005a5811460e29efbf1ffffffc2246cd1e00000fc0007ebfe9ed0737feebfff600,1,TX 41 seq=21785 rx_latency=1ms tx_dur=1ms,18.949,
2733,10,283,2865758491,2026-07-14T15:36:03.947191+00:00,28.200143,42603,41,0202aad0011ba66b005a5811460e29efbf1ffffffc2246cd1e00000fc0007ebfe9ed0737feebfff600,1,TX 41 seq=21786 rx_latency=1ms tx_dur=1ms,20.483,
2733,10,284,2865758492,2026-07-14T15:36:04.047183+00:00,28.300130,42703,41,0202aad0011ca6cf005a5811460e29efbf1ffffffc2246cd1e00000fc0007ebfe9ed0737feebfff600,1,TX 41 seq=21787 rx_latency=1ms tx_dur=1ms,23.277,
2733,10,285,2865758493,2026-07-14T15:36:04.147194+00:00,28.400150,42803,41,0202aad0011da733005a5811460e29efbf1ffffffc2246cd1e00000fc0007ebfe9ed0737feebfff600,1,TX 41 seq=21788 rx_latency=1ms tx_dur=1ms,15.065,
2733,10,286,2865758494,2026-07-14T15:36:04.247191+00:00,28.500144,42903,41,0202aad0011ea797005a5811460e29efbf1ffffffc2246cd1e00000fc0007ebfe9ed0737feebfff600,1,TX 41 seq=21789 rx_latency=1ms tx_dur=1ms,16.812,
2733,10,287,2865758495,2026-07-14T15:36:04.347190+00:00,28.600141,43003,41,0202aad0011fa7fb005a5811460e29efbf1ffffffc2246cd1e00000fc0007ebfe9ed0737feebfff600,1,TX 41 seq=21790 rx_latency=1ms tx_dur=1ms,19.431,
2733,10,288,2865758496,2026-07-14T15:36:04.447185+00:00,28.700134,43103,41,0202aad00120a85f005a5811460e29efbf1ffffffc2246cd1e00000fc0007ebfe9ed0737feebfff600,1,TX 41 seq=21791 rx_latency=1ms tx_dur=1ms,21.134,
2733,10,289,2865758497,2026-07-14T15:36:04.547194+00:00,28.800150,43203,41,0202aad00121a8c3005a5811460e29efbf1ffffffc2246cd1e00000fc0007ebfe9ed0737feebfff600,1,TX 41 seq=21792 rx_latency=1ms tx_dur=1ms,22.870,
2733,10,290,2865758498,2026-07-14T15:36:04.647187+00:00,28.900150,43303,41,0202aad00122a927005a5811460e29efbf1ffffffc2246cd1e00000fc0007ebfe9ed0737feebfff600,1,TX 41 seq=21793 rx_latency=1ms tx_dur=1ms,14.607,
2733,10,291,2865758499,2026-07-14T15:36:04.747194+00:00,29.000153,43403,41,0202aad00123a98b005a5811460e29efbf1ffffffc2246cd1e00000fc0007ebfe9ed0737feebfff600,1,TX 41 seq=21794 rx_latency=1ms tx_dur=1ms,17.237,
2733,10,292,2865758500,2026-07-14T15:36:04.847198+00:00,29.100162,43503,41,0202aad00124a9ef005a5811460e29efbf1ffffffc2246cd1e00000fc0007ebfe9ed0737feebfff600,1,TX 41 seq=21795 rx_latency=1ms tx_dur=1ms,18.944,
2733,10,293,2865758501,2026-07-14T15:36:04.947193+00:00,29.200149,43603,41,0202aad00125aa53005a5811460e29efbf1ffffffc2246cd1e00000fc0007ebfe9ed0737feebfff600,1,TX 41 seq=21796 rx_latency=1ms tx_dur=1ms,20.738,
2733,10,294,2865758502,2026-07-14T15:36:05.047189+00:00,29.300141,43703,41,0202aad00126aab7005a5811460e29efbf1ffffffc2246cd1e00000fc0007ebfe9ed0737feebfff600,1,TX 41 seq=21797 rx_latency=1ms tx_dur=1ms,22.457,
2733,10,295,2865758503,2026-07-14T15:36:05.147187+00:00,29.400139,43803,41,0202aad00127ab1b005a5811460e29efbf1ffffffc2246cd1e00000fc0007ebfe9ed0737feebfff600,1,TX 41 seq=21798 rx_latency=1ms tx_dur=1ms,15.108,
2733,10,296,2865758504,2026-07-14T15:36:05.247208+00:00,29.500187,43903,41,0202aad00128ab7f005a5811460e29efbf1ffffffc2246cd1e00000fc0007ebfe9ed0737feebfff600,1,TX 41 seq=21799 rx_latency=1ms tx_dur=1ms,16.712,
2733,10,297,2865758505,2026-07-14T15:36:05.347207+00:00,29.600161,44003,41,0202aad00129abe3005a5811460e29efbf1ffffffc2246cd1e00000fc0007ebfe9ed0737feebfff600,1,TX 41 seq=21800 rx_latency=1ms tx_dur=1ms,18.539,
2733,10,298,2865758506,2026-07-14T15:36:05.447177+00:00,29.700130,44103,41,0202aad0012aac47005a5811460e29efbf1ffffffc2246cd1e00000fc0007ebfe9ed0737feebfff600,1,TX 41 seq=21801 rx_latency=1ms tx_dur=1ms,21.371,
2733,10,299,2865758507,2026-07-14T15:36:05.547119+00:00,29.800076,44203,41,0202aad0012bacab005a5811460e29efbf1ffffffc2246cd1e00000fc0007ebfe9ed0737feebfff600,1,TX 41 seq=21802 rx_latency=1ms tx_dur=1ms,22.857,
2733,10,300,2865758508,2026-07-14T15:36:05.647168+00:00,29.900120,44303,41,0202aad0012cad0f005a5811460e29efbf1ffffffc2246cd1e00000fc0007ebfe9ed0737feebfff600,1,TX 41 seq=21803 rx_latency=1ms tx_dur=1ms,14.754,
2733,10,301,2865758509,2026-07-14T15:36:05.747194+00:00,30.000158,44403,41,0202aad0012dad73005a5811460e29efbf1ffffffc2246cd1e00000fc0007ebfe9ed0737feebfff600,1,TX 41 seq=21804 rx_latency=1ms tx_dur=1ms,17.387,
2733,10,302,2865758510,2026-07-14T15:36:05.847184+00:00,30.100136,44503,41,0202aad0012eadd7005a5811460e29efbf1ffffffc2246cd1e00000fc0007ebfe9ed0737feebfff600,1,TX 41 seq=21805 rx_latency=1ms tx_dur=1ms,19.322,
2733,10,303,2865758511,2026-07-14T15:36:05.947197+00:00,30.200162,44603,41,0202aad0012fae3b005a5811460e29efbf1ffffffc2246cd1e00000fc0007ebfe9ed0737feebfff600,1,TX 41 seq=21806 rx_latency=1ms tx_dur=1ms,20.595,
2733,10,304,2865758512,2026-07-14T15:36:06.047123+00:00,30.300073,44703,41,0202aad00130ae9f005a5811460e29efbf1ffffffc2246cd1e00000fc0007ebfe9ed0737feebfff600,1,TX 41 seq=21807 rx_latency=1ms tx_dur=1ms,22.600,
2733,10,305,2865758513,2026-07-14T15:36:06.147123+00:00,30.400075,44803,41,0202aad00131af03005a5811460e29efbf1ffffffc2246cd1e00000fc0007ebfe9ed0737feebfff600,1,TX 41 seq=21808 rx_latency=1ms tx_dur=1ms,15.369,
2733,10,306,2865758514,2026-07-14T15:36:06.247110+00:00,30.500058,44903,41,0202aad00132af67005a5811460e29efbf1ffffffc2246cd1e00000fc0007ebfe9ed0737feebfff600,1,TX 41 seq=21809 rx_latency=1ms tx_dur=1ms,17.229,
2733,10,307,2865758515,2026-07-14T15:36:06.347189+00:00,30.600140,45003,41,0202aad00133afcb005a5811460e29efbf1ffffffc2246cd1e00000fc0007ebfe9ed0737feebfff600,1,TX 41 seq=21810 rx_latency=1ms tx_dur=1ms,18.538,
2733,10,308,2865758516,2026-07-14T15:36:06.447144+00:00,30.700093,45103,41,0202aad00134b02f005a5811460e29efbf1ffffffc2246cd1e00000fc0007ebfe9ed0737feebfff600,1,TX 41 seq=21811 rx_latency=1ms tx_dur=1ms,21.564,
2733,10,309,2865758517,2026-07-14T15:36:06.547112+00:00,30.800067,45203,41,0202aad00135b093005a5811460e29efbf1ffffffc2246cd1e00000fc0007ebfe9ed0737feebfff600,1,TX 41 seq=21812 rx_latency=1ms tx_dur=1ms,23.106,
2733,10,310,2865758518,2026-07-14T15:36:06.647184+00:00,30.900132,45303,41,0202aad00136b0f7005a5811460e29efbf1ffffffc2246cd1e00000fc0007ebfe9ed0737feebfff600,1,TX 41 seq=21813 rx_latency=1ms tx_dur=1ms,14.986,
2733,10,311,2865758519,2026-07-14T15:36:06.747198+00:00,31.000167,45403,41,0202aad00137b15b005a5811460e29efbf1ffffffc2246cd1e00000fc0007ebfe9ed0737feebfff600,1,TX 41 seq=21814 rx_latency=1ms tx_dur=1ms,16.332,
2733,10,312,2865758520,2026-07-14T15:36:06.847186+00:00,31.100140,45503,41,0202aad00138b1bf005a5811460e29efbf1ffffffc2246cd1e00000fc0007ebfe9ed0737feebfff600,1,TX 41 seq=21815 rx_latency=1ms tx_dur=1ms,19.308,
2733,10,313,2865758521,2026-07-14T15:36:06.947125+00:00,31.200087,45603,41,0202aad00139b223005a5811460e29efbf1ffffffc2246cd1e00000fc0007ebfe9ed0737feebfff600,1,TX 41 seq=21816 rx_latency=1ms tx_dur=1ms,20.982,
2733,10,314,2865758522,2026-07-14T15:36:07.047191+00:00,31.300150,45703,41,0202aad0013ab287005a5811460e29efbf1ffffffc2246cd1e00000fc0007ebfe9ed0737feebfff600,1,TX 41 seq=21817 rx_latency=1ms tx_dur=1ms,22.718,
2733,10,315,2865758523,2026-07-14T15:36:07.147194+00:00,31.400155,45803,41,0202aad0013bb2eb005a5811460e29efbf1ffffffc2246cd1e00000fc0007ebfe9ed0737feebfff600,1,TX 41 seq=21818 rx_latency=1ms tx_dur=1ms,15.358,
2733,10,316,2865758524,2026-07-14T15:36:07.247186+00:00,31.500138,45903,41,0202aad0013cb34f005a5811460e29efbf1ffffffc2246cd1e00000fc0007ebfe9ed0737feebfff600,1,TX 41 seq=21819 rx_latency=1ms tx_dur=1ms,17.130,
2733,10,317,2865758525,2026-07-14T15:36:07.347111+00:00,31.600063,46003,41,0202aad0013db3b3005a5811460e29efbf1ffffffc2246cd1e00000fc0007ebfe9ed0737feebfff600,1,TX 41 seq=21820 rx_latency=1ms tx_dur=1ms,18.890,
2733,10,318,2865758526,2026-07-14T15:36:07.447183+00:00,31.700132,46103,41,0202aad0013eb417005a5811460e29efbf1ffffffc2246cd1e00000fc0007ebfe9ed0737feebfff600,1,TX 41 seq=21821 rx_latency=1ms tx_dur=1ms,20.591,
2733,10,319,2865758527,2026-07-14T15:36:07.547190+00:00,31.800145,46203,41,0202aad0013fb47b005a5811460e29efbf1ffffffc2246cd1e00000fc0007ebfe9ed0737feebfff600,1,TX 41 seq=21822 rx_latency=1ms tx_dur=1ms,23.390,
2733,10,320,2865758528,2026-07-14T15:36:07.647184+00:00,31.900133,46303,41,0202aad00140b4df005a5811460e29efbf1ffffffc2246cd1e00000fc0007ebfe9ed0737feebfff600,1,TX 41 seq=21823 rx_latency=1ms tx_dur=1ms,15.044,
2733,10,321,2865758529,2026-07-14T15:36:07.747194+00:00,32.000159,46403,41,0202aad00141b543005a5811460e29efbf1ffffffc2246cd1e00000fc0007ebfe9ed0737feebfff600,1,TX 41 seq=21824 rx_latency=1ms tx_dur=1ms,16.576,
2733,10,322,2865758530,2026-07-14T15:36:07.847191+00:00,32.100146,46503,41,0202aad00142b5a7005a5811460e29efbf1ffffffc2246cd1e00000fc0007ebfe9ed0737feebfff600,1,TX 41 seq=21825 rx_latency=1ms tx_dur=1ms,18.436,
2733,10,323,2865758531,2026-07-14T15:36:07.947186+00:00,32.200137,46603,41,0202aad00143b60b005a5811460e29efbf1ffffffc2246cd1e00000fc0007ebfe9ed0737feebfff600,1,TX 41 seq=21826 rx_latency=1ms tx_dur=1ms,21.214,
2733,10,324,2865758532,2026-07-14T15:36:08.047189+00:00,32.300142,46703,41,0202aad00144b66f005a5811460e29efbf1ffffffc2246cd1e00000fc0007ebfe9ed0737feebfff600,1,TX 41 seq=21827 rx_latency=1ms tx_dur=1ms,22.735,
2733,10,325,2865758533,2026-07-14T15:36:08.147190+00:00,32.400151,46803,41,0202aad00145b6d3005a5811460e29efbf1ffffffc2246cd1e00000fc0007ebfe9ed0737feebfff600,1,TX 41 seq=21828 rx_latency=1ms tx_dur=1ms,14.477,
2733,10,326,2865758534,2026-07-14T15:36:08.247193+00:00,32.500146,46903,41,0202aad00146b737005a5811460e29efbf1ffffffc2246cd1e00000fc0007ebfe9ed0737feebfff600,1,TX 41 seq=21829 rx_latency=1ms tx_dur=1ms,17.337,
2733,10,327,2865758535,2026-07-14T15:36:08.347183+00:00,32.600132,47003,41,0202aad00147b79b005a5811460e29efbf1ffffffc2246cd1e00000fc0007ebfe9ed0737feebfff600,1,TX 41 seq=21830 rx_latency=1ms tx_dur=1ms,19.047,
2733,10,328,2865758536,2026-07-14T15:36:08.447190+00:00,32.700142,47103,41,0202aad00148b7ff005a5811460e29efbf1ffffffc2246cd1e00000fc0007ebfe9ed0737feebfff600,1,TX 41 seq=21831 rx_latency=1ms tx_dur=1ms,20.573,
2733,10,329,2865758537,2026-07-14T15:36:08.547190+00:00,32.800143,47203,41,0202aad00149b863005a5811460e29efbf1ffffffc2246cd1e00000fc0007ebfe9ed0737feebfff600,1,TX 41 seq=21832 rx_latency=1ms tx_dur=1ms,23.434,
2733,10,330,2865758538,2026-07-14T15:36:08.647185+00:00,32.900138,47303,41,0202aad0014ab8c7005a5811460e29efbf1ffffffc2246cd1e00000fc0007ebfe9ed0737feebfff600,1,TX 41 seq=21833 rx_latency=1ms tx_dur=1ms,15.175,
2733,10,331,2865758539,2026-07-14T15:36:08.747192+00:00,33.000144,47403,41,0202aad0014bb92b005a5811460e29efbf1ffffffc2246cd1e00000fc0007ebfe9ed0737feebfff600,1,TX 41 seq=21834 rx_latency=1ms tx_dur=1ms,16.904,
2733,10,332,2865758540,2026-07-14T15:36:08.847183+00:00,33.100131,47503,41,0202aad0014cb98f005a5811460e29efbf1ffffffc2246cd1e00000fc0007ebfe9ed0737feebfff600,1,TX 41 seq=21835 rx_latency=1ms tx_dur=1ms,19.523,
2733,10,333,2865758541,2026-07-14T15:36:08.947190+00:00,33.200142,47603,41,0202aad0014db9f3005a5811460e29efbf1ffffffc2246cd1e00000fc0007ebfe9ed0737feebfff600,1,TX 41 seq=21836 rx_latency=1ms tx_dur=1ms,21.261,
2733,10,334,2865758542,2026-07-14T15:36:09.047183+00:00,33.300130,47703,41,0202aad0014eba57005a5811460e29efbf1ffffffc2246cd1e00000fc0007ebfe9ed0737feebfff600,1,TX 41 seq=21837 rx_latency=1ms tx_dur=1ms,22.943,
2733,10,335,2865758543,2026-07-14T15:36:09.147197+00:00,33.400158,47803,41,0202aad0014fbabb005a5811460e29efbf1ffffffc2246cd1e00000fc0007ebfe9ed0737feebfff600,1,TX 41 seq=21838 rx_latency=1ms tx_dur=1ms,14.705,
2733,10,336,2865758544,2026-07-14T15:36:09.247183+00:00,33.500132,47903,41,0202aad00150bb1f005a5811460e29efbf1ffffffc2246cd1e00000fc0007ebfe9ed0737feebfff600,1,TX 41 seq=21839 rx_latency=1ms tx_dur=1ms,17.363,
2733,10,337,2865758545,2026-07-14T15:36:09.347191+00:00,33.600144,48003,41,0202aad00151bb83005a5811460e29efbf1ffffffc2246cd1e00000fc0007ebfe9ed0737feebfff600,1,TX 41 seq=21840 rx_latency=1ms tx_dur=1ms,19.103,
2733,10,338,2865758546,2026-07-14T15:36:09.447183+00:00,33.700129,48103,41,0202aad00152bbe7005a5811460e29efbf1ffffffc2246cd1e00000fc0007ebfe9ed0737feebfff600,1,TX 41 seq=21841 rx_latency=1ms tx_dur=1ms,20.812,
2733,10,339,2865758547,2026-07-14T15:36:09.547185+00:00,33.800136,48203,41,0202aad00153bc4b005a5811460e29efbf1ffffffc2246cd1e00000fc0007ebfe9ed0737feebfff600,1,TX 41 seq=21842 rx_latency=1ms tx_dur=1ms,22.560,
2733,10,340,2865758548,2026-07-14T15:36:09.647184+00:00,33.900135,48303,41,0202aad00154bcaf005a5811460e29efbf1ffffffc2246cd1e00000fc0007ebfe9ed0737feebfff600,1,TX 41 seq=21843 rx_latency=1ms tx_dur=1ms,15.212,
2733,10,341,2865758549,2026-07-14T15:36:09.747192+00:00,34.000145,48403,41,0202aad00155bd13005a5811460e29efbf1ffffffc2246cd1e00000fc0007ebfe9ed0737feebfff600,1,TX 41 seq=21844 rx_latency=1ms tx_dur=1ms,16.924,
2733,10,342,2865758550,2026-07-14T15:36:09.847184+00:00,34.100130,48503,41,0202aad00156bd77005a5811460e29efbf1ffffffc2246cd1e00000fc0007ebfe9ed0737feebfff600,1,TX 41 seq=21845 rx_latency=1ms tx_dur=1ms,18.652,
2733,10,343,2865758551,2026-07-14T15:36:09.947190+00:00,34.200142,48603,41,0202aad00157bddb005a5811460e29efbf1ffffffc2246cd1e00000fc0007ebfe9ed0737feebfff600,1,TX 41 seq=21846 rx_latency=1ms tx_dur=1ms,20.391,
2733,10,344,2865758552,2026-07-14T15:36:10.047182+00:00,34.300128,48703,41,0202aad00158be3f005a5811460e29efbf1ffffffc2246cd1e00000fc0007ebfe9ed0737feebfff600,1,TX 41 seq=21847 rx_latency=1ms tx_dur=1ms,23.007,
2733,10,345,2865758553,2026-07-14T15:36:10.147193+00:00,34.400146,48803,41,0202aad00159bea3005a5811460e29efbf1ffffffc2246cd1e00000fc0007ebfe9ed0737feebfff600,1,TX 41 seq=21848 rx_latency=1ms tx_dur=1ms,14.850,
2733,10,346,2865758554,2026-07-14T15:36:10.247194+00:00,34.500159,48903,41,0202aad0015abf07005a5811460e29efbf1ffffffc2246cd1e00000fc0007ebfe9ed0737feebfff600,1,TX 41 seq=21849 rx_latency=1ms tx_dur=1ms,16.406,
2733,10,347,2865758555,2026-07-14T15:36:10.347191+00:00,34.600145,49003,41,0202aad0015bbf6b005a5811460e29efbf1ffffffc2246cd1e00000fc0007ebfe9ed0737feebfff600,1,TX 41 seq=21850 rx_latency=1ms tx_dur=1ms,19.336,
2733,10,348,2865758556,2026-07-14T15:36:10.447189+00:00,34.700148,49103,41,0202aad0015cbfcf005a5811460e29efbf1ffffffc2246cd1e00000fc0007ebfe9ed0737feebfff600,1,TX 41 seq=21851 rx_latency=1ms tx_dur=1ms,20.781,
2733,10,349,2865758557,2026-07-14T15:36:10.547193+00:00,34.800147,49203,41,0202aad0015dc033005a5811460e29efbf1ffffffc2246cd1e00000fc0007ebfe9ed0737feebfff600,1,TX 41 seq=21852 rx_latency=1ms tx_dur=1ms,23.688,
2733,10,350,2865758558,2026-07-14T15:36:10.647192+00:00,34.900154,49303,41,0202aad0015ec097005a5811460e29efbf1ffffffc2246cd1e00000fc0007ebfe9ed0737feebfff600,1,TX 41 seq=21853 rx_latency=1ms tx_dur=1ms,15.391,
2733,10,351,2865758559,2026-07-14T15:36:10.747194+00:00,35.000154,49403,41,0202aad0015fc0fb005a5811460e29efbf1ffffffc2246cd1e00000fc0007ebfe9ed0737feebfff600,1,TX 41 seq=21854 rx_latency=1ms tx_dur=1ms,17.146,
2733,10,352,2865758560,2026-07-14T15:36:10.847184+00:00,35.100131,49503,41,0202aad00160c15f005a5811460e29efbf1ffffffc2246cd1e00000fc0007ebfe9ed0737feebfff600,1,TX 41 seq=21855 rx_latency=1ms tx_dur=1ms,18.677,
2733,10,353,2865758561,2026-07-14T15:36:10.947193+00:00,35.200147,49603,41,0202aad00161c1c3005a5811460e29efbf1ffffffc2246cd1e00000fc0007ebfe9ed0737feebfff600,1,TX 41 seq=21856 rx_latency=1ms tx_dur=1ms,20.412,
2733,10,354,2865758562,2026-07-14T15:36:11.047182+00:00,35.300129,49703,41,0202aad00162c227005a5811460e29efbf1ffffffc2246cd1e00000fc0007ebfe9ed0737feebfff600,1,TX 41 seq=21857 rx_latency=1ms tx_dur=1ms,23.200,
2733,10,355,2865758563,2026-07-14T15:36:11.147191+00:00,35.400147,49803,41,0202aad00163c28b005a5811460e29efbf1ffffffc2246cd1e00000fc0007ebfe9ed0737feebfff600,1,TX 41 seq=21858 rx_latency=1ms tx_dur=1ms,14.989,
2733,10,356,2865758564,2026-07-14T15:36:11.247190+00:00,35.500141,49903,41,0202aad00164c2ef005a5811460e29efbf1ffffffc2246cd1e00000fc0007ebfe9ed0737feebfff600,1,TX 41 seq=21859 rx_latency=1ms tx_dur=1ms,16.861,
2733,10,357,2865758565,2026-07-14T15:36:11.347188+00:00,35.600138,50003,41,0202aad00165c353005a5811460e29efbf1ffffffc2246cd1e00000fc0007ebfe9ed0737feebfff600,1,TX 41 seq=21860 rx_latency=1ms tx_dur=1ms,19.496,
2733,10,358,2865758566,2026-07-14T15:36:11.447194+00:00,35.700153,50103,41,0202aad00166c3b7005a5811460e29efbf1ffffffc2246cd1e00000fc0007ebfe9ed0737feebfff600,1,TX 41 seq=21861 rx_latency=1ms tx_dur=1ms,21.177,
2733,10,359,2865758567,2026-07-14T15:36:11.547185+00:00,35.800133,50203,41,0202aad00167c41b005a5811460e29efbf1ffffffc2246cd1e00000fc0007ebfe9ed0737feebfff600,1,TX 41 seq=21862 rx_latency=1ms tx_dur=1ms,22.883,
2733,10,360,2865758568,2026-07-14T15:36:11.647191+00:00,35.900145,50303,41,0202aad00168c47f005a5811460e29efbf1ffffffc2246cd1e00000fc0007ebfe9ed0737feebfff600,1,TX 41 seq=21863 rx_latency=1ms tx_dur=1ms,14.696,
2733,10,361,2865758569,2026-07-14T15:36:11.747187+00:00,36.000140,50403,41,0202aad00169c4e3005a5811460e29efbf1ffffffc2246cd1e00000fc0007ebfe9ed0737feebfff600,1,TX 41 seq=21864 rx_latency=1ms tx_dur=1ms,17.307,
2733,10,362,2865758570,2026-07-14T15:36:11.847190+00:00,36.100142,50503,41,0202aad0016ac547005a5811460e29efbf1ffffffc2246cd1e00000fc0007ebfe9ed0737feebfff600,1,TX 41 seq=21865 rx_latency=1ms tx_dur=1ms,19.051,
2733,10,363,2865758571,2026-07-14T15:36:11.947184+00:00,36.200135,50603,41,0202aad0016bc5ab005a5811460e29efbf1ffffffc2246cd1e00000fc0007ebfe9ed0737feebfff600,1,TX 41 seq=21866 rx_latency=1ms tx_dur=1ms,20.747,
2733,10,364,2865758572,2026-07-14T15:36:12.047191+00:00,36.300144,50703,41,0202aad0016cc60f005a5811460e29efbf1ffffffc2246cd1e00000fc0007ebfe9ed0737feebfff600,1,TX 41 seq=21867 rx_latency=1ms tx_dur=1ms,22.632,
2733,10,365,2865758573,2026-07-14T15:36:12.147193+00:00,36.400160,50803,41,0202aad0016dc673005a5811460e29efbf1ffffffc2246cd1e00000fc0007ebfe9ed0737feebfff600,1,TX 41 seq=21868 rx_latency=1ms tx_dur=1ms,15.081,
2733,10,366,2865758574,2026-07-14T15:36:12.247193+00:00,36.500149,50903,41,0202aad0016ec6d7005a5811460e29efbf1ffffffc2246cd1e00000fc0007ebfe9ed0737feebfff600,1,TX 41 seq=21869 rx_latency=1ms tx_dur=1ms,16.866,
2733,10,367,2865758575,2026-07-14T15:36:12.347184+00:00,36.600132,51003,41,0202aad0016fc73b005a5811460e29efbf1ffffffc2246cd1e00000fc0007ebfe9ed0737feebfff600,1,TX 41 seq=21870 rx_latency=1ms tx_dur=1ms,18.604,
2733,10,368,2865758576,2026-07-14T15:36:12.447193+00:00,36.700149,51103,41,0202aad00170c79f005a5811460e29efbf1ffffffc2246cd1e00000fc0007ebfe9ed0737feebfff600,1,TX 41 seq=21871 rx_latency=1ms tx_dur=1ms,21.431,
2733,10,369,2865758577,2026-07-14T15:36:12.547183+00:00,36.800132,51203,41,0202aad00171c803005a5811460e29efbf1ffffffc2246cd1e00000fc0007ebfe9ed0737feebfff600,1,TX 41 seq=21872 rx_latency=1ms tx_dur=1ms,22.943,
2733,10,370,2865758578,2026-07-14T15:36:12.647198+00:00,36.900169,51303,41,0202aad00172c867005a5811460e29efbf1ffffffc2246cd1e00000fc0007ebfe9ed0737feebfff600,1,TX 41 seq=21873 rx_latency=1ms tx_dur=1ms,14.659,
2733,10,371,2865758579,2026-07-14T15:36:12.747185+00:00,37.000137,51403,41,0202aad00173c8cb005a5811460e29efbf1ffffffc2246cd1e00000fc0007ebfe9ed0737feebfff600,1,TX 41 seq=21874 rx_latency=1ms tx_dur=1ms,16.437,
2733,10,372,2865758580,2026-07-14T15:36:12.847191+00:00,37.100147,51503,41,0202aad00174c92f005a5811460e29efbf1ffffffc2246cd1e00000fc0007ebfe9ed0737feebfff600,1,TX 41 seq=21875 rx_latency=1ms tx_dur=1ms,19.282,
2733,10,373,2865758581,2026-07-14T15:36:12.947183+00:00,37.200131,51603,41,0202aad00175c993005a5811460e29efbf1ffffffc2246cd1e00000fc0007ebfe9ed0737feebfff600,1,TX 41 seq=21876 rx_latency=1ms tx_dur=1ms,20.814,
2733,10,374,2865758582,2026-07-14T15:36:13.047189+00:00,37.300140,51703,41,0202aad00176c9f7005a5811460e29efbf1ffffffc2246cd1e00000fc0007ebfe9ed0737feebfff600,1,TX 41 seq=21877 rx_latency=1ms tx_dur=1ms,22.573,
2733,10,375,2865758583,2026-07-14T15:36:13.147186+00:00,37.400137,51803,41,0202aad00177ca5b005a5811460e29efbf1ffffffc2246cd1e00000fc0007ebfe9ed0737feebfff600,1,TX 41 seq=21878 rx_latency=1ms tx_dur=1ms,15.402,
2733,10,376,2865758584,2026-07-14T15:36:13.247191+00:00,37.500142,51903,41,0202aad00178cabf005a5811460e29efbf1ffffffc2246cd1e00000fc0007ebfe9ed0737feebfff600,1,TX 41 seq=21879 rx_latency=1ms tx_dur=1ms,17.131,
2733,10,377,2865758585,2026-07-14T15:36:13.347183+00:00,37.600130,52003,41,0202aad00179cb23005a5811460e29efbf1ffffffc2246cd1e00000fc0007ebfe9ed0737feebfff600,1,TX 41 seq=21880 rx_latency=1ms tx_dur=1ms,18.641,
2733,10,378,2865758586,2026-07-14T15:36:13.447189+00:00,37.700140,52103,41,0202aad0017acb87005a5811460e29efbf1ffffffc2246cd1e00000fc0007ebfe9ed0737feebfff600,1,TX 41 seq=21881 rx_latency=1ms tx_dur=1ms,21.487,
2733,10,379,2865758587,2026-07-14T15:36:13.547183+00:00,37.800127,52203,41,0202aad0017bcbeb005a5811460e29efbf1ffffffc2246cd1e00000fc0007ebfe9ed0737feebfff600,1,TX 41 seq=21882 rx_latency=1ms tx_dur=1ms,23.166,
2733,10,380,2865758588,2026-07-14T15:36:13.647201+00:00,37.900170,52303,41,0202aad0017ccc4f005a5811460e29efbf1ffffffc2246cd1e00000fc0007ebfe9ed0737feebfff600,1,TX 41 seq=21883 rx_latency=1ms tx_dur=1ms,14.976,
2733,10,381,2865758589,2026-07-14T15:36:13.747195+00:00,38.000162,52403,41,0202aad0017dccb3005a5811460e29efbf1ffffffc2246cd1e00000fc0007ebfe9ed0737feebfff600,1,TX 41 seq=21884 rx_latency=1ms tx_dur=1ms,17.514,
2733,10,382,2865758590,2026-07-14T15:36:13.847192+00:00,38.100146,52503,41,0202aad0017ecd17005a5811460e29efbf1ffffffc2246cd1e00000fc0007ebfe9ed0737feebfff600,1,TX 41 seq=21885 rx_latency=1ms tx_dur=1ms,19.297,
2733,10,383,2865758591,2026-07-14T15:36:13.947183+00:00,38.200130,52603,41,0202aad0017fcd7b005a5811460e29efbf1ffffffc2246cd1e00000fc0007ebfe9ed0737feebfff600,1,TX 41 seq=21886 rx_latency=1ms tx_dur=1ms,21.003,
2733,10,384,2865758592,2026-07-14T15:36:14.047188+00:00,38.300141,52703,41,0202aad00180cddf005a5811460e29efbf1ffffffc2246cd1e00000fc0007ebfe9ed0737feebfff600,1,TX 41 seq=21887 rx_latency=1ms tx_dur=1ms,22.843,
2733,10,385,2865758593,2026-07-14T15:36:14.147202+00:00,38.400162,52803,41,0202aad00181ce43005a5811460e29efbf1ffffffc2246cd1e00000fc0007ebfe9ed0737feebfff600,1,TX 41 seq=21888 rx_latency=1ms tx_dur=1ms,14.602,
2733,10,386,2865758594,2026-07-14T15:36:14.247192+00:00,38.500148,52903,41,0202aad00182cea7005a5811460e29efbf1ffffffc2246cd1e00000fc0007ebfe9ed0737feebfff600,1,TX 41 seq=21889 rx_latency=1ms tx_dur=1ms,17.273,
2733,10,387,2865758595,2026-07-14T15:36:14.347145+00:00,38.600092,53003,41,0202aad00183cf0b005a5811460e29efbf1ffffffc2246cd1e00000fc0007ebfe9ed0737feebfff600,1,TX 41 seq=21890 rx_latency=1ms tx_dur=1ms,19.039,
2733,10,388,2865758596,2026-07-14T15:36:14.447190+00:00,38.700141,53103,41,0202aad00184cf6f005a5811460e29efbf1ffffffc2246cd1e00000fc0007ebfe9ed0737feebfff600,1,TX 41 seq=21891 rx_latency=1ms tx_dur=1ms,20.771,
2733,10,389,2865758597,2026-07-14T15:36:14.547182+00:00,38.800128,53203,41,0202aad00185cfd3005a5811460e29efbf1ffffffc2246cd1e00000fc0007ebfe9ed0737feebfff600,1,TX 41 seq=21892 rx_latency=1ms tx_dur=1ms,23.571,
2733,10,390,2865758598,2026-07-14T15:36:14.647187+00:00,38.900139,53303,41,0202aad00186d037005a5811460e29efbf1ffffffc2246cd1e00000fc0007ebfe9ed0737feebfff600,1,TX 41 seq=21893 rx_latency=1ms tx_dur=1ms,15.109,
2733,10,391,2865758599,2026-07-14T15:36:14.747190+00:00,39.000149,53403,41,0202aad00187d09b005a5811460e29efbf1ffffffc2246cd1e00000fc0007ebfe9ed0737feebfff600,1,TX 41 seq=21894 rx_latency=1ms tx_dur=1ms,16.800,
2733,10,392,2865758600,2026-07-14T15:36:14.847192+00:00,39.100147,53503,41,0202aad00188d0ff005a5811460e29efbf1ffffffc2246cd1e00000fc0007ebfe9ed0737feebfff600,1,TX 41 seq=21895 rx_latency=1ms tx_dur=1ms,18.557,
2733,10,393,2865758601,2026-07-14T15:36:14.947183+00:00,39.200132,53603,41,0202aad00189d163005a5811460e29efbf1ffffffc2246cd1e00000fc0007ebfe9ed0737feebfff600,1,TX 41 seq=21896 rx_latency=1ms tx_dur=1ms,21.364,
2733,10,394,2865758602,2026-07-14T15:36:15.047189+00:00,39.300141,53703,41,0202aad0018ad1c7005a5811460e29efbf1ffffffc2246cd1e00000fc0007ebfe9ed0737feebfff600,1,TX 41 seq=21897 rx_latency=1ms tx_dur=1ms,22.981,
2733,10,395,2865758603,2026-07-14T15:36:15.147191+00:00,39.400145,53803,41,0202aad0018bd22b005a5811460e29efbf1ffffffc2246cd1e00000fc0007ebfe9ed0737feebfff600,1,TX 41 seq=21898 rx_latency=1ms tx_dur=1ms,14.659,
2733,10,396,2865758604,2026-07-14T15:36:15.247191+00:00,39.500147,53903,41,0202aad0018cd28f005a5811460e29efbf1ffffffc2246cd1e00000fc0007ebfe9ed0737feebfff600,1,TX 41 seq=21899 rx_latency=1ms tx_dur=1ms,16.395,
2733,10,397,2865758605,2026-07-14T15:36:15.347190+00:00,39.600142,54003,41,0202aad0018dd2f3005a5811460e29efbf1ffffffc2246cd1e00000fc0007ebfe9ed0737feebfff600,1,TX 41 seq=21900 rx_latency=1ms tx_dur=1ms,19.242,
2733,10,398,2865758606,2026-07-14T15:36:15.447123+00:00,39.700073,54103,41,0202aad0018ed357005a5811460e29efbf1ffffffc2246cd1e00000fc0007ebfe9ed0737feebfff600,1,TX 41 seq=21901 rx_latency=1ms tx_dur=1ms,20.853,
2733,10,399,2865758607,2026-07-14T15:36:15.547189+00:00,39.800137,54203,41,0202aad0018fd3bb005a5811460e29efbf1ffffffc2246cd1e00000fc0007ebfe9ed0737feebfff600,1,TX 41 seq=21902 rx_latency=1ms tx_dur=1ms,22.496,
2733,10,400,2865758608,2026-07-14T15:36:15.647125+00:00,39.900073,54303,41,0202aad00190d41f005a5811460e29efbf1ffffffc2246cd1e00000fc0007ebfe9ed0737feebfff600,1,TX 41 seq=21903 rx_latency=1ms tx_dur=1ms,15.436,
2733,10,401,2865758609,2026-07-14T15:36:15.747194+00:00,40.000161,54403,41,0202aad00191d483005a5811460e29efbf1ffffffc2246cd1e00000fc0007ebfe9ed0737feebfff600,1,TX 41 seq=21904 rx_latency=1ms tx_dur=1ms,16.998,
2733,10,402,2865758610,2026-07-14T15:36:15.847196+00:00,40.100164,54503,41,0202aad00192d4e7005a5811460e29efbf1ffffffc2246cd1e00000fc0007ebfe9ed0737feebfff600,1,TX 41 seq=21905 rx_latency=1ms tx_dur=1ms,18.534,
2733,10,403,2865758611,2026-07-14T15:36:15.947185+00:00,40.200134,54603,41,0202aad00193d54b005a5811460e29efbf1ffffffc2246cd1e00000fc0007ebfe9ed0737feebfff600,1,TX 41 seq=21906 rx_latency=1ms tx_dur=1ms,21.393,
2733,10,404,2865758612,2026-07-14T15:36:16.047190+00:00,40.300143,54703,41,0202aad00194d5af005a5811460e29efbf1ffffffc2246cd1e00000fc0007ebfe9ed0737feebfff600,1,TX 41 seq=21907 rx_latency=1ms tx_dur=1ms,23.160,
2733,10,405,2865758613,2026-07-14T15:36:16.147200+00:00,40.400174,54803,41,0202aad00195d613005a5811460e29efbf1ffffffc2246cd1e00000fc0007ebfe9ed0737feebfff600,1,TX 41 seq=21908 rx_latency=1ms tx_dur=1ms,14.813,
2733,10,406,2865758614,2026-07-14T15:36:16.247196+00:00,40.500156,54903,41,0202aad00196d677005a5811460e29efbf1ffffffc2246cd1e00000fc0007ebfe9ed0737feebfff600,1,TX 41 seq=21909 rx_latency=1ms tx_dur=1ms,16.394,
2733,10,407,2865758615,2026-07-14T15:36:16.347184+00:00,40.600135,55003,41,0202aad00197d6db005a5811460e29efbf1ffffffc2246cd1e00000fc0007ebfe9ed0737feebfff600,1,TX 41 seq=21910 rx_latency=1ms tx_dur=1ms,19.236,
2733,10,408,2865758616,2026-07-14T15:36:16.447189+00:00,40.700143,55103,41,0202aad00198d73f005a5811460e29efbf1ffffffc2246cd1e00000fc0007ebfe9ed0737feebfff600,1,TX 41 seq=21911 rx_latency=1ms tx_dur=1ms,20.999,
2733,10,409,2865758617,2026-07-14T15:36:16.547183+00:00,40.800130,55203,41,0202aad00199d7a3005a5811460e29efbf1ffffffc2246cd1e00000fc0007ebfe9ed0737feebfff600,1,TX 41 seq=21912 rx_latency=1ms tx_dur=1ms,22.679,
2733,10,410,2865758618,2026-07-14T15:36:16.647189+00:00,40.900140,55303,41,0202aad0019ad807005a5811460e29efbf1ffffffc2246cd1e00000fc0007ebfe9ed0737feebfff600,1,TX 41 seq=21913 rx_latency=1ms tx_dur=1ms,15.393,
2733,10,411,2865758619,2026-07-14T15:36:16.747186+00:00,41.000138,55403,41,0202aad0019bd86b005a5811460e29efbf1ffffffc2246cd1e00000fc0007ebfe9ed0737feebfff600,1,TX 41 seq=21914 rx_latency=1ms tx_dur=1ms,17.111,
2733,10,412,2865758620,2026-07-14T15:36:16.847116+00:00,41.100072,55503,41,0202aad0019cd8cf005a5811460e29efbf1ffffffc2246cd1e00000fc0007ebfe9ed0737feebfff600,1,TX 41 seq=21915 rx_latency=1ms tx_dur=1ms,18.893,
2733,10,413,2865758621,2026-07-14T15:36:16.947189+00:00,41.200150,55603,41,0202aad0019dd933005a5811460e29efbf1ffffffc2246cd1e00000fc0007ebfe9ed0737feebfff600,1,TX 41 seq=21916 rx_latency=1ms tx_dur=1ms,20.535,
2733,10,414,2865758622,2026-07-14T15:36:17.047191+00:00,41.300150,55703,41,0202aad0019ed997005a5811460e29efbf1ffffffc2246cd1e00000fc0007ebfe9ed0737feebfff600,1,TX 41 seq=21917 rx_latency=1ms tx_dur=1ms,23.313,
2733,10,415,2865758623,2026-07-14T15:36:17.147191+00:00,41.400147,55803,41,0202aad0019fd9fb005a5811460e29efbf1ffffffc2246cd1e00000fc0007ebfe9ed0737feebfff600,1,TX 41 seq=21918 rx_latency=1ms tx_dur=1ms,14.929,
2733,10,416,2865758624,2026-07-14T15:36:17.247117+00:00,41.500070,55903,41,0202aad001a0da5f005a5811460e29efbf1ffffffc2246cd1e00000fc0007ebfe9ed0737feebfff600,1,TX 41 seq=21919 rx_latency=1ms tx_dur=1ms,16.740,
2733,10,417,2865758625,2026-07-14T15:36:17.347188+00:00,41.600138,56003,41,0202aad001a1dac3005a5811460e29efbf1ffffffc2246cd1e00000fc0007ebfe9ed0737feebfff600,1,TX 41 seq=21920 rx_latency=1ms tx_dur=1ms,19.511,
2733,10,418,2865758626,2026-07-14T15:36:17.447191+00:00,41.700143,56103,41,0202aad001a2db27005a5811460e29efbf1ffffffc2246cd1e00000fc0007ebfe9ed0737feebfff600,1,TX 41 seq=21921 rx_latency=1ms tx_dur=1ms,21.239,
2733,10,419,2865758627,2026-07-14T15:36:17.547184+00:00,41.800132,56203,41,0202aad001a3db8b005a5811460e29efbf1ffffffc2246cd1e00000fc0007ebfe9ed0737feebfff600,1,TX 41 seq=21922 rx_latency=1ms tx_dur=1ms,22.707,
2733,10,420,2865758628,2026-07-14T15:36:17.647191+00:00,41.900141,56303,41,0202aad001a4dbef005a5811460e29efbf1ffffffc2246cd1e00000fc0007ebfe9ed0737feebfff600,1,TX 41 seq=21923 rx_latency=1ms tx_dur=1ms,14.537,
2733,10,421,2865758629,2026-07-14T15:36:17.747191+00:00,42.000143,56403,41,0202aad001a5dc53005a5811460e29efbf1ffffffc2246cd1e00000fc0007ebfe9ed0737feebfff600,1,TX 41 seq=21924 rx_latency=1ms tx_dur=1ms,17.340,
2733,10,422,2865758630,2026-07-14T15:36:17.847190+00:00,42.100143,56503,41,0202aad001a6dcb7005a5811460e29efbf1ffffffc2246cd1e00000fc0007ebfe9ed0737feebfff600,1,TX 41 seq=21925 rx_latency=1ms tx_dur=1ms,19.079,
2733,10,423,2865758631,2026-07-14T15:36:17.947194+00:00,42.200154,56603,41,0202aad001a7dd1b005a5811460e29efbf1ffffffc2246cd1e00000fc0007ebfe9ed0737feebfff600,1,TX 41 seq=21926 rx_latency=1ms tx_dur=1ms,20.561,
2733,10,424,2865758632,2026-07-14T15:36:18.047186+00:00,42.300138,56703,41,0202aad001a8dd7f005a5811460e29efbf1ffffffc2246cd1e00000fc0007ebfe9ed0737feebfff600,1,TX 41 seq=21927 rx_latency=1ms tx_dur=1ms,23.374,
2733,10,425,2865758633,2026-07-14T15:36:18.147192+00:00,42.400146,56803,41,0202aad001a9dde3005a5811460e29efbf1ffffffc2246cd1e00000fc0007ebfe9ed0737feebfff600,1,TX 41 seq=21928 rx_latency=1ms tx_dur=1ms,15.200,
2733,10,426,2865758634,2026-07-14T15:36:18.247189+00:00,42.500143,56903,41,0202aad001aade47005a5811460e29efbf1ffffffc2246cd1e00000fc0007ebfe9ed0737feebfff600,1,TX 41 seq=21929 rx_latency=1ms tx_dur=1ms,16.875,
2733,10,427,2865758635,2026-07-14T15:36:18.347189+00:00,42.600142,57003,41,0202aad001abdeab005a5811460e29efbf1ffffffc2246cd1e00000fc0007ebfe9ed0737feebfff600,1,TX 41 seq=21930 rx_latency=1ms tx_dur=1ms,18.420,
2733,10,428,2865758636,2026-07-14T15:36:18.447191+00:00,42.700144,57103,41,0202aad001acdf0f005a5811460e29efbf1ffffffc2246cd1e00000fc0007ebfe9ed0737feebfff600,1,TX 41 seq=21931 rx_latency=1ms tx_dur=1ms,21.263,
2733,10,429,2865758637,2026-07-14T15:36:18.547183+00:00,42.800131,57203,41,0202aad001addf73005a5811460e29efbf1ffffffc2246cd1e00000fc0007ebfe9ed0737feebfff600,1,TX 41 seq=21932 rx_latency=1ms tx_dur=1ms,23.018,
2733,10,430,2865758638,2026-07-14T15:36:18.647199+00:00,42.900162,57303,41,0202aad001aedfd7005a5811460e29efbf1ffffffc2246cd1e00000fc0007ebfe9ed0737feebfff600,1,TX 41 seq=21933 rx_latency=1ms tx_dur=1ms,14.690,
2733,10,431,2865758639,2026-07-14T15:36:18.747186+00:00,43.000136,57403,41,0202aad001afe03b005a5811460e29efbf1ffffffc2246cd1e00000fc0007ebfe9ed0737feebfff600,1,TX 41 seq=21934 rx_latency=1ms tx_dur=1ms,17.357,
2733,10,432,2865758640,2026-07-14T15:36:18.847191+00:00,43.100144,57503,41,0202aad001b0e09f005a5811460e29efbf1ffffffc2246cd1e00000fc0007ebfe9ed0737feebfff600,1,TX 41 seq=21935 rx_latency=1ms tx_dur=1ms,19.079,
2733,10,433,2865758641,2026-07-14T15:36:18.947183+00:00,43.200130,57603,41,0202aad001b1e103005a5811460e29efbf1ffffffc2246cd1e00000fc0007ebfe9ed0737feebfff600,1,TX 41 seq=21936 rx_latency=1ms tx_dur=1ms,20.818,
2733,10,434,2865758642,2026-07-14T15:36:19.047194+00:00,43.300155,57703,41,0202aad001b2e167005a5811460e29efbf1ffffffc2246cd1e00000fc0007ebfe9ed0737feebfff600,1,TX 41 seq=21937 rx_latency=1ms tx_dur=1ms,22.528,
2733,10,435,2865758643,2026-07-14T15:36:19.147143+00:00,43.400093,57803,41,0202aad001b3e1cb005a5811460e29efbf1ffffffc2246cd1e00000fc0007ebfe9ed0737feebfff600,1,TX 41 seq=21938 rx_latency=1ms tx_dur=1ms,15.267,
2733,10,436,2865758644,2026-07-14T15:36:19.247195+00:00,43.500157,57903,41,0202aad001b4e22f005a5811460e29efbf1ffffffc2246cd1e00000fc0007ebfe9ed0737feebfff600,1,TX 41 seq=21939 rx_latency=1ms tx_dur=1ms,16.890,
2733,10,437,2865758645,2026-07-14T15:36:19.347184+00:00,43.600132,58003,41,0202aad001b5e293005a5811460e29efbf1ffffffc2246cd1e00000fc0007ebfe9ed0737feebfff600,1,TX 41 seq=21940 rx_latency=1ms tx_dur=1ms,18.648,
2733,10,438,2865758646,2026-07-14T15:36:19.447189+00:00,43.700142,58103,41,0202aad001b6e2f7005a5811460e29efbf1ffffffc2246cd1e00000fc0007ebfe9ed0737feebfff600,1,TX 41 seq=21941 rx_latency=1ms tx_dur=1ms,21.508,
2733,10,439,2865758647,2026-07-14T15:36:19.547172+00:00,43.800118,58203,41,0202aad001b7e35b005a5811460e29efbf1ffffffc2246cd1e00000fc0007ebfe9ed0737feebfff600,1,TX 41 seq=21942 rx_latency=1ms tx_dur=1ms,23.013,
2733,10,440,2865758648,2026-07-14T15:36:19.647198+00:00,43.900164,58303,41,0202aad001b8e3bf005a5811460e29efbf1ffffffc2246cd1e00000fc0007ebfe9ed0737feebfff600,1,TX 41 seq=21943 rx_latency=1ms tx_dur=1ms,14.806,
2733,10,441,2865758649,2026-07-14T15:36:19.747194+00:00,44.000161,58403,41,0202aad001b9e423005a5811460e29efbf1ffffffc2246cd1e00000fc0007ebfe9ed0737feebfff600,1,TX 41 seq=21944 rx_latency=1ms tx_dur=1ms,16.425,
2733,10,442,2865758650,2026-07-14T15:36:19.847193+00:00,44.100151,58503,41,0202aad001bae487005a5811460e29efbf1ffffffc2246cd1e00000fc0007ebfe9ed0737feebfff600,1,TX 41 seq=21945 rx_latency=1ms tx_dur=1ms,19.316,
2733,10,443,2865758651,2026-07-14T15:36:19.947166+00:00,44.200114,58603,41,0202aad001bbe4eb005a5811460e29efbf1ffffffc2246cd1e00000fc0007ebfe9ed0737feebfff600,1,TX 41 seq=21946 rx_latency=1ms tx_dur=1ms,20.838,
2733,10,444,2865758652,2026-07-14T15:36:20.047190+00:00,44.300141,58703,41,0202aad001bce54f005a5811460e29efbf1ffffffc2246cd1e00000fc0007ebfe9ed0737feebfff600,1,TX 41 seq=21947 rx_latency=1ms tx_dur=1ms,22.588,
2733,10,445,2865758653,2026-07-14T15:36:20.147150+00:00,44.400099,58803,41,0202aad001bde5b3005a5811460e29efbf1ffffffc2246cd1e00000fc0007ebfe9ed0737feebfff600,1,TX 41 seq=21948 rx_latency=1ms tx_dur=1ms,15.487,
2733,10,446,2865758654,2026-07-14T15:36:20.247201+00:00,44.500169,58903,41,0202aad001bee617005a5811460e29efbf1ffffffc2246cd1e00000fc0007ebfe9ed0737feebfff600,1,TX 41 seq=21949 rx_latency=1ms tx_dur=1ms,17.119,
2733,10,447,2865758655,2026-07-14T15:36:20.347169+00:00,44.600117,59003,41,0202aad001bfe67b005a5811460e29efbf1ffffffc2246cd1e00000fc0007ebfe9ed0737feebfff600,1,TX 41 seq=21950 rx_latency=1ms tx_dur=1ms,18.697,
2733,10,448,2865758656,2026-07-14T15:36:20.447193+00:00,44.700146,59103,41,0202aad001c0e6df005a5811460e29efbf1ffffffc2246cd1e00000fc0007ebfe9ed0737feebfff600,1,TX 41 seq=21951 rx_latency=1ms tx_dur=1ms,20.415,
2733,10,449,2865758657,2026-07-14T15:36:20.547190+00:00,44.800138,59203,41,0202aad001c1e743005a5811460e29efbf1ffffffc2246cd1e00000fc0007ebfe9ed0737feebfff600,1,TX 41 seq=21952 rx_latency=1ms tx_dur=1ms,23.252,
2733,10,450,2865758658,2026-07-14T15:36:20.647189+00:00,44.900138,59303,41,0202aad001c2e7a7005a5811460e29efbf1ffffffc2246cd1e00000fc0007ebfe9ed0737feebfff600,1,TX 41 seq=21953 rx_latency=1ms tx_dur=1ms,15.024,
2733,10,451,2865758659,2026-07-14T15:36:20.747161+00:00,45.000114,59403,41,0202aad001c3e80b005a5811460e29efbf1ffffffc2246cd1e00000fc0007ebfe9ed0737feebfff600,1,TX 41 seq=21954 rx_latency=1ms tx_dur=1ms,16.888,
2733,10,452,2865758660,2026-07-14T15:36:20.847183+00:00,45.100133,59503,41,0202aad001c4e86f005a5811460e29efbf1ffffffc2246cd1e00000fc0007ebfe9ed0737feebfff600,1,TX 41 seq=21955 rx_latency=1ms tx_dur=1ms,19.476,
2733,10,453,2865758661,2026-07-14T15:36:20.947189+00:00,45.200142,59603,41,0202aad001c5e8d3005a5811460e29efbf1ffffffc2246cd1e00000fc0007ebfe9ed0737feebfff600,1,TX 41 seq=21956 rx_latency=1ms tx_dur=1ms,21.218,
2733,10,454,2865758662,2026-07-14T15:36:21.047182+00:00,45.300127,59703,41,0202aad001c6e937005a5811460e29efbf1ffffffc2246cd1e00000fc0007ebfe9ed0737feebfff600,1,TX 41 seq=21957 rx_latency=1ms tx_dur=1ms,22.906,
2733,10,455,2865758663,2026-07-14T15:36:21.147131+00:00,45.400080,59803,41,0202aad001c7e99b005a5811460e29efbf1ffffffc2246cd1e00000fc0007ebfe9ed0737feebfff600,1,TX 41 seq=21958 rx_latency=1ms tx_dur=1ms,14.764,
2733,10,456,2865758664,2026-07-14T15:36:21.247190+00:00,45.500141,59903,41,0202aad001c8e9ff005a5811460e29efbf1ffffffc2246cd1e00000fc0007ebfe9ed0737feebfff600,1,TX 41 seq=21959 rx_latency=1ms tx_dur=1ms,17.328,
2733,10,457,2865758665,2026-07-14T15:36:21.347191+00:00,45.600142,60003,41,0202aad001c9ea63005a5811460e29efbf1ffffffc2246cd1e00000fc0007ebfe9ed0737feebfff600,1,TX 41 seq=21960 rx_latency=1ms tx_dur=1ms,19.061,
2733,10,458,2865758666,2026-07-14T15:36:21.447198+00:00,45.700165,60103,41,0202aad001caeac7005a5811460e29efbf1ffffffc2246cd1e00000fc0007ebfe9ed0737feebfff600,1,TX 41 seq=21961 rx_latency=1ms tx_dur=1ms,20.736,
2733,10,459,2865758667,2026-07-14T15:36:21.547184+00:00,45.800132,60203,41,0202aad001cbeb2b005a5811460e29efbf1ffffffc2246cd1e00000fc0007ebfe9ed0737feebfff600,1,TX 41 seq=21962 rx_latency=1ms tx_dur=1ms,23.560,
2733,10,460,2865758668,2026-07-14T15:36:21.647195+00:00,45.900163,60303,41,0202aad001cceb8f005a5811460e29efbf1ffffffc2246cd1e00000fc0007ebfe9ed0737feebfff600,1,TX 41 seq=21963 rx_latency=1ms tx_dur=1ms,15.099,
2733,10,461,2865758669,2026-07-14T15:36:21.747191+00:00,46.000147,60403,41,0202aad001cdebf3005a5811460e29efbf1ffffffc2246cd1e00000fc0007ebfe9ed0737feebfff600,1,TX 41 seq=21964 rx_latency=1ms tx_dur=1ms,16.876,
2733,10,462,2865758670,2026-07-14T15:36:21.847190+00:00,46.100144,60503,41,0202aad001ceec57005a5811460e29efbf1ffffffc2246cd1e00000fc0007ebfe9ed0737feebfff600,1,TX 41 seq=21965 rx_latency=1ms tx_dur=1ms,18.718,
2733,10,463,2865758671,2026-07-14T15:36:21.947190+00:00,46.200147,60603,41,0202aad001cfecbb005a5811460e29efbf1ffffffc2246cd1e00000fc0007ebfe9ed0737feebfff600,1,TX 41 seq=21966 rx_latency=1ms tx_dur=1ms,20.462,
2733,10,464,2865758672,2026-07-14T15:36:22.047190+00:00,46.300142,60703,41,0202aad001d0ed1f005a5811460e29efbf1ffffffc2246cd1e00000fc0007ebfe9ed0737feebfff600,1,TX 41 seq=21967 rx_latency=1ms tx_dur=1ms,23.106,
2733,10,465,2865758673,2026-07-14T15:36:22.147191+00:00,46.400148,60803,41,0202aad001d1ed83005a5811460e29efbf1ffffffc2246cd1e00000fc0007ebfe9ed0737feebfff600,1,TX 41 seq=21968 rx_latency=1ms tx_dur=1ms,14.835,
2733,10,466,2865758674,2026-07-14T15:36:22.247190+00:00,46.500140,60903,41,0202aad001d2ede7005a5811460e29efbf1ffffffc2246cd1e00000fc0007ebfe9ed0737feebfff600,1,TX 41 seq=21969 rx_latency=1ms tx_dur=1ms,16.586,
2733,10,467,2865758675,2026-07-14T15:36:22.347185+00:00,46.600135,61003,41,0202aad001d3ee4b005a5811460e29efbf1ffffffc2246cd1e00000fc0007ebfe9ed0737feebfff600,1,TX 41 seq=21970 rx_latency=1ms tx_dur=1ms,19.423,
2733,10,468,2865758676,2026-07-14T15:36:22.447193+00:00,46.700150,61103,41,0202aad001d4eeaf005a5811460e29efbf1ffffffc2246cd1e00000fc0007ebfe9ed0737feebfff600,1,TX 41 seq=21971 rx_latency=1ms tx_dur=1ms,20.950,
2733,10,469,2865758677,2026-07-14T15:36:22.547197+00:00,46.800161,61203,41,0202aad001d5ef13005a5811460e29efbf1ffffffc2246cd1e00000fc0007ebfe9ed0737feebfff600,1,TX 41 seq=21972 rx_latency=1ms tx_dur=1ms,22.495,
2733,10,470,2865758678,2026-07-14T15:36:22.647186+00:00,46.900134,61303,41,0202aad001d6ef77005a5811460e29efbf1ffffffc2246cd1e00000fc0007ebfe9ed0737feebfff600,1,TX 41 seq=21973 rx_latency=1ms tx_dur=1ms,14.511,
2733,10,471,2865758679,2026-07-14T15:36:22.747190+00:00,47.000141,61403,41,0202aad001d7efdb005a5811460e29efbf1ffffffc2246cd1e00000fc0007ebfe9ed0737feebfff600,1,TX 41 seq=21974 rx_latency=1ms tx_dur=1ms,17.259,
2733,10,472,2865758680,2026-07-14T15:36:22.847212+00:00,47.100161,61503,41,0202aad001d8f03f005a5811460e29efbf1ffffffc2246cd1e00000fc0007ebfe9ed0737feebfff600,1,TX 41 seq=21975 rx_latency=1ms tx_dur=1ms,18.995,
2733,10,473,2865758681,2026-07-14T15:36:22.947189+00:00,47.200139,61603,41,0202aad001d9f0a3005a5811460e29efbf1ffffffc2246cd1e00000fc0007ebfe9ed0737feebfff600,1,TX 41 seq=21976 rx_latency=1ms tx_dur=1ms,21.519,
2733,10,474,2865758682,2026-07-14T15:36:23.047184+00:00,47.300132,61703,41,0202aad001daf107005a5811460e29efbf1ffffffc2246cd1e00000fc0007ebfe9ed0737feebfff600,1,TX 41 seq=21977 rx_latency=1ms tx_dur=1ms,23.409,
2733,10,475,2865758683,2026-07-14T15:36:23.147186+00:00,47.400137,61803,41,0202aad001dbf16b005a5811460e29efbf1ffffffc2246cd1e00000fc0007ebfe9ed0737feebfff600,1,TX 41 seq=21978 rx_latency=1ms tx_dur=1ms,15.104,
2733,10,476,2865758684,2026-07-14T15:36:23.247187+00:00,47.500135,61903,41,0202aad001dcf1cf005a5811460e29efbf1ffffffc2246cd1e00000fc0007ebfe9ed0737feebfff600,1,TX 41 seq=21979 rx_latency=1ms tx_dur=1ms,16.846,
2733,10,477,2865758685,2026-07-14T15:36:23.347188+00:00,47.600138,62003,41,0202aad001ddf233005a5811460e29efbf1ffffffc2246cd1e00000fc0007ebfe9ed0737feebfff600,1,TX 41 seq=21980 rx_latency=1ms tx_dur=1ms,19.455,
2733,10,478,2865758686,2026-07-14T15:36:23.447188+00:00,47.700138,62103,41,0202aad001def297005a5811460e29efbf1ffffffc2246cd1e00000fc0007ebfe9ed0737feebfff600,1,TX 41 seq=21981 rx_latency=1ms tx_dur=1ms,21.204,
2733,10,479,2865758687,2026-07-14T15:36:23.547192+00:00,47.800152,62203,41,0202aad001dff2fb005a5811460e29efbf1ffffffc2246cd1e00000fc0007ebfe9ed0737feebfff600,1,TX 41 seq=21982 rx_latency=1ms tx_dur=1ms,22.769,
2733,10,480,2865758688,2026-07-14T15:36:23.647125+00:00,47.900073,62303,41,0202aad001e0f35f005a5811460e29efbf1ffffffc2246cd1e00000fc0007ebfe9ed0737feebfff600,1,TX 41 seq=21983 rx_latency=1ms tx_dur=1ms,14.804,
2733,10,481,2865758689,2026-07-14T15:36:23.747190+00:00,48.000146,62403,41,0202aad001e1f3c3005a5811460e29efbf1ffffffc2246cd1e00000fc0007ebfe9ed0737feebfff600,1,TX 41 seq=21984 rx_latency=1ms tx_dur=1ms,17.283,
2733,10,482,2865758690,2026-07-14T15:36:23.847187+00:00,48.100139,62503,41,0202aad001e2f427005a5811460e29efbf1ffffffc2246cd1e00000fc0007ebfe9ed0737feebfff600,1,TX 41 seq=21985 rx_latency=1ms tx_dur=1ms,19.025,
2733,10,483,2865758691,2026-07-14T15:36:23.947189+00:00,48.200141,62603,41,0202aad001e3f48b005a5811460e29efbf1ffffffc2246cd1e00000fc0007ebfe9ed0737feebfff600,1,TX 41 seq=21986 rx_latency=1ms tx_dur=1ms,20.700,
2733,10,484,2865758692,2026-07-14T15:36:24.047118+00:00,48.300068,62703,41,0202aad001e4f4ef005a5811460e29efbf1ffffffc2246cd1e00000fc0007ebfe9ed0737feebfff600,1,TX 41 seq=21987 rx_latency=1ms tx_dur=1ms,22.588,
2733,10,485,2865758693,2026-07-14T15:36:24.147208+00:00,48.400187,62803,41,0202aad001e5f553005a5811460e29efbf1ffffffc2246cd1e00000fc0007ebfe9ed0737feebfff600,1,TX 41 seq=21988 rx_latency=1ms tx_dur=1ms,14.991,
2733,10,486,2865758694,2026-07-14T15:36:24.247184+00:00,48.500134,62903,41,0202aad001e6f5b7005a5811460e29efbf1ffffffc2246cd1e00000fc0007ebfe9ed0737feebfff600,1,TX 41 seq=21989 rx_latency=1ms tx_dur=1ms,16.903,
2733,10,487,2865758695,2026-07-14T15:36:24.347189+00:00,48.600141,63003,41,0202aad001e7f61b005a5811460e29efbf1ffffffc2246cd1e00000fc0007ebfe9ed0737feebfff600,1,TX 41 seq=21990 rx_latency=1ms tx_dur=1ms,18.716,
2733,10,488,2865758696,2026-07-14T15:36:24.447184+00:00,48.700132,63103,41,0202aad001e8f67f005a5811460e29efbf1ffffffc2246cd1e00000fc0007ebfe9ed0737feebfff600,1,TX 41 seq=21991 rx_latency=1ms tx_dur=1ms,21.596,
2733,10,489,2865758697,2026-07-14T15:36:24.547196+00:00,48.800162,63203,41,0202aad001e9f6e3005a5811460e29efbf1ffffffc2246cd1e00000fc0007ebfe9ed0737feebfff600,1,TX 41 seq=21992 rx_latency=1ms tx_dur=1ms,22.945,
2733,10,490,2865758698,2026-07-14T15:36:24.647183+00:00,48.900132,63303,41,0202aad001eaf747005a5811460e29efbf1ffffffc2246cd1e00000fc0007ebfe9ed0737feebfff600,1,TX 41 seq=21993 rx_latency=1ms tx_dur=1ms,14.842,
2733,10,491,2865758699,2026-07-14T15:36:24.747196+00:00,49.000158,63403,41,0202aad001ebf7ab005a5811460e29efbf1ffffffc2246cd1e00000fc0007ebfe9ed0737feebfff600,1,TX 41 seq=21994 rx_latency=1ms tx_dur=1ms,16.504,
2733,10,492,2865758700,2026-07-14T15:36:24.847184+00:00,49.100134,63503,41,0202aad001ecf80f005a5811460e29efbf1ffffffc2246cd1e00000fc0007ebfe9ed0737feebfff600,1,TX 41 seq=21995 rx_latency=1ms tx_dur=1ms,19.412,
2733,10,493,2865758701,2026-07-14T15:36:24.947185+00:00,49.200140,63603,41,0202aad001edf873005a5811460e29efbf1ffffffc2246cd1e00000fc0007ebfe9ed0737feebfff600,1,TX 41 seq=21996 rx_latency=1ms tx_dur=1ms,20.867,
2733,10,494,2865758702,2026-07-14T15:36:25.047185+00:00,49.300134,63703,41,0202aad001eef8d7005a5811460e29efbf1ffffffc2246cd1e00000fc0007ebfe9ed0737feebfff600,1,TX 41 seq=21997 rx_latency=1ms tx_dur=1ms,22.650,
2733,10,495,2865758703,2026-07-14T15:36:25.147190+00:00,49.400142,63803,41,0202aad001eff93b005a5811460e29efbf1ffffffc2246cd1e00000fc0007ebfe9ed0737feebfff600,1,TX 41 seq=21998 rx_latency=1ms tx_dur=1ms,15.482,
2733,10,496,2865758704,2026-07-14T15:36:25.247184+00:00,49.500132,63903,41,0202aad001f0f99f005a5811460e29efbf1ffffffc2246cd1e00000fc0007ebfe9ed0737feebfff600,1,TX 41 seq=21999 rx_latency=1ms tx_dur=1ms,17.216,
2733,10,497,2865758705,2026-07-14T15:36:25.347150+00:00,49.600101,64003,41,0202aad001f1fa03005a5811460e29efbf1ffffffc2246cd1e00000fc0007ebfe9ed0737feebfff600,1,TX 41 seq=22000 rx_latency=1ms tx_dur=1ms,18.784,
2733,10,498,2865758706,2026-07-14T15:36:25.447188+00:00,49.700138,64103,41,0202aad001f2fa67005a5811460e29efbf1ffffffc2246cd1e00000fc0007ebfe9ed0737feebfff600,1,TX 41 seq=22001 rx_latency=1ms tx_dur=1ms,20.492,
2733,10,499,2865758707,2026-07-14T15:36:25.547190+00:00,49.800142,64203,41,0202aad001f3facb005a5811460e29efbf1ffffffc2246cd1e00000fc0007ebfe9ed0737feebfff600,1,TX 41 seq=22002 rx_latency=1ms tx_dur=1ms,23.281,
2733,10,500,2865758708,2026-07-14T15:36:25.647184+00:00,49.900131,64303,41,0202aad001f4fb2f005a5811460e29efbf1ffffffc2246cd1e00000fc0007ebfe9ed0737feebfff600,1,TX 41 seq=22003 rx_latency=1ms tx_dur=1ms,15.167,
2733,10,501,2865758709,2026-07-14T15:36:25.747205+00:00,50.000185,64403,41,0202aad001f5fb93005a5811460e29efbf1ffffffc2246cd1e00000fc0007ebfe9ed0737feebfff600,1,TX 41 seq=22004 rx_latency=1ms tx_dur=1ms,16.662,
2733,10,502,2865758710,2026-07-14T15:36:25.847188+00:00,50.100144,64503,41,0202aad001f6fbf7005a5811460e29efbf1ffffffc2246cd1e00000fc0007ebfe9ed0737feebfff600,1,TX 41 seq=22005 rx_latency=1ms tx_dur=1ms,19.360,
2733,10,503,2865758711,2026-07-14T15:36:25.947156+00:00,50.200113,64603,41,0202aad001f7fc5b005a5811460e29efbf1ffffffc2246cd1e00000fc0007ebfe9ed0737feebfff600,1,TX 41 seq=22006 rx_latency=1ms tx_dur=1ms,21.150,
2733,10,504,2865758712,2026-07-14T15:36:26.047184+00:00,50.300133,64703,41,0202aad001f8fcbf005a5811460e29efbf1ffffffc2246cd1e00000fc0007ebfe9ed0737feebfff600,1,TX 41 seq=22007 rx_latency=1ms tx_dur=1ms,22.827,
2733,10,505,2865758713,2026-07-14T15:36:26.147189+00:00,50.400139,64803,41,0202aad001f9fd23005a5811460e29efbf1ffffffc2246cd1e00000fc0007ebfe9ed0737feebfff600,1,TX 41 seq=22008 rx_latency=1ms tx_dur=1ms,14.624,
2733,10,506,2865758714,2026-07-14T15:36:26.247185+00:00,50.500134,64903,41,0202aad001fafd87005a5811460e29efbf1ffffffc2246cd1e00000fc0007ebfe9ed0737feebfff600,1,TX 41 seq=22009 rx_latency=1ms tx_dur=1ms,17.239,
2733,10,507,2865758715,2026-07-14T15:36:26.347191+00:00,50.600143,65003,41,0202aad001fbfdeb005a5811460e29efbf1ffffffc2246cd1e00000fc0007ebfe9ed0737feebfff600,1,TX 41 seq=22010 rx_latency=1ms tx_dur=1ms,18.991,
2733,10,508,2865758716,2026-07-14T15:36:26.447184+00:00,50.700131,65103,41,0202aad001fcfe4f005a5811460e29efbf1ffffffc2246cd1e00000fc0007ebfe9ed0737feebfff600,1,TX 41 seq=22011 rx_latency=1ms tx_dur=1ms,20.666,
2733,10,509,2865758717,2026-07-14T15:36:26.547188+00:00,50.800139,65203,41,0202aad001fdfeb3005a5811460e29efbf1ffffffc2246cd1e00000fc0007ebfe9ed0737feebfff600,1,TX 41 seq=22012 rx_latency=1ms tx_dur=1ms,23.533,
2733,10,510,2865758718,2026-07-14T15:36:26.647183+00:00,50.900128,65303,41,0202aad001feff17005a5811460e29efbf1ffffffc2246cd1e00000fc0007ebfe9ed0737feebfff600,1,TX 41 seq=22013 rx_latency=1ms tx_dur=1ms,15.116,
2733,10,511,2865758719,2026-07-14T15:36:26.747143+00:00,51.000095,65403,41,0202aad001ffff7b005a5811460e29efbf1ffffffc2246cd1e00000fc0007ebfe9ed0737feebfff600,1,TX 41 seq=22014 rx_latency=1ms tx_dur=1ms,16.875,
2733,10,512,2865758720,2026-07-14T15:36:26.847189+00:00,51.100149,65503,41,0202aad00200ffdf005a5811460e29efbf1ffffffc2246cd1e00000fc0007ebfe9ed0737feebfff600,1,TX 41 seq=22015 rx_latency=1ms tx_dur=1ms,18.604,
2733,10,513,2865758721,2026-07-14T15:36:26.947191+00:00,51.200143,67,41,0202aad002010043005a5811460e29efbf1ffffffc2246cd1e00000fc0007ebfe9ed0737feebfff600,1,TX 41 seq=22016 rx_latency=1ms tx_dur=1ms,21.502,
2733,10,514,2865758722,2026-07-14T15:36:27.047184+00:00,51.300131,167,41,0202aad0020200a7005a5811460e29efbf1ffffffc2246cd1e00000fc0007ebfe9ed0737feebfff600,1,TX 41 seq=22017 rx_latency=1ms tx_dur=1ms,22.994,
2733,10,515,2865758723,2026-07-14T15:36:27.147190+00:00,51.400143,267,41,0202aad00203010b005a5811460e29efbf1ffffffc2246cd1e00000fc0007ebfe9ed0737feebfff600,1,TX 41 seq=22018 rx_latency=1ms tx_dur=1ms,14.760,
2733,10,516,2865758724,2026-07-14T15:36:27.247181+00:00,51.500127,367,41,0202aad00204016f005a5811460e29efbf1ffffffc2246cd1e00000fc0007ebfe9ed0737feebfff600,1,TX 41 seq=22019 rx_latency=1ms tx_dur=1ms,17.626,
2733,10,517,2865758725,2026-07-14T15:36:27.347190+00:00,51.600145,467,41,0202aad0020501d3005a5811460e29efbf1ffffffc2246cd1e00000fc0007ebfe9ed0737feebfff600,1,TX 41 seq=22020 rx_latency=1ms tx_dur=1ms,19.329,
2733,10,518,2865758726,2026-07-14T15:36:27.447184+00:00,51.700129,567,41,0202aad002060237005a5811460e29efbf1ffffffc2246cd1e00000fc0007ebfe9ed0737feebfff600,1,TX 41 seq=22021 rx_latency=1ms tx_dur=1ms,20.829,
2733,10,519,2865758727,2026-07-14T15:36:27.547191+00:00,51.800141,667,41,0202aad00207029b005a5811460e29efbf1ffffffc2246cd1e00000fc0007ebfe9ed0737feebfff600,1,TX 41 seq=22022 rx_latency=1ms tx_dur=1ms,22.574,
2733,10,520,2865758728,2026-07-14T15:36:27.647181+00:00,51.900127,767,41,0202aad0020802ff005a5811460e29efbf1ffffffc2246cd1e00000fc0007ebfe9ed0737feebfff600,1,TX 41 seq=22023 rx_latency=1ms tx_dur=1ms,15.482,
2733,10,521,2865758729,2026-07-14T15:36:27.747192+00:00,52.000148,867,41,0202aad002090363005a5811460e29efbf1ffffffc2246cd1e00000fc0007ebfe9ed0737feebfff600,1,TX 41 seq=22024 rx_latency=1ms tx_dur=1ms,17.162,
2733,10,522,2865758730,2026-07-14T15:36:27.847191+00:00,52.100143,967,41,0202aad0020a03c7005a5811460e29efbf1ffffffc2246cd1e00000fc0007ebfe9ed0737feebfff600,1,TX 41 seq=22025 rx_latency=1ms tx_dur=1ms,18.682,
2733,10,523,2865758731,2026-07-14T15:36:27.947189+00:00,52.200140,1067,41,0202aad0020b042b005a5811460e29efbf1ffffffc2246cd1e00000fc0007ebfe9ed0737feebfff600,1,TX 41 seq=22026 rx_latency=1ms tx_dur=1ms,21.533,
2733,10,524,2865758732,2026-07-14T15:36:28.047172+00:00,52.300141,1167,41,0202aad0020c048f005a5811460e29efbf1ffffffc2246cd1e00000fc0007ebfe9ed0737feebfff600,1,TX 41 seq=22027 rx_latency=1ms tx_dur=1ms,23.212,
2733,10,525,2865758733,2026-07-14T15:36:28.147184+00:00,52.400135,1267,41,0202aad0020d04f3005a5811460e29efbf1ffffffc2246cd1e00000fc0007ebfe9ed0737feebfff600,1,TX 41 seq=22028 rx_latency=1ms tx_dur=1ms,15.012,
2733,10,526,2865758734,2026-07-14T15:36:28.247188+00:00,52.500142,1367,41,0202aad0020e0557005a5811460e29efbf1ffffffc2246cd1e00000fc0007ebfe9ed0737feebfff600,1,TX 41 seq=22029 rx_latency=1ms tx_dur=1ms,16.857,
2733,10,527,2865758735,2026-07-14T15:36:28.347181+00:00,52.600128,1467,41,0202aad0020f05bb005a5811460e29efbf1ffffffc2246cd1e00000fc0007ebfe9ed0737feebfff600,1,TX 41 seq=22030 rx_latency=1ms tx_dur=1ms,19.481,
2733,10,528,2865758736,2026-07-14T15:36:28.447190+00:00,52.700141,1567,41,0202aad00210061f005a5811460e29efbf1ffffffc2246cd1e00000fc0007ebfe9ed0737feebfff600,1,TX 41 seq=22031 rx_latency=1ms tx_dur=1ms,21.239,
2733,10,529,2865758737,2026-07-14T15:36:28.547186+00:00,52.800138,1667,41,0202aad002110683005a5811460e29efbf1ffffffc2246cd1e00000fc0007ebfe9ed0737feebfff600,1,TX 41 seq=22032 rx_latency=1ms tx_dur=1ms,23.012,
2733,10,530,2865758738,2026-07-14T15:36:28.647190+00:00,52.900141,1767,41,0202aad0021206e7005a5811460e29efbf1ffffffc2246cd1e00000fc0007ebfe9ed0737feebfff600,1,TX 41 seq=22033 rx_latency=1ms tx_dur=1ms,14.837,
2733,10,531,2865758739,2026-07-14T15:36:28.747182+00:00,53.000127,1867,41,0202aad00213074b005a5811460e29efbf1ffffffc2246cd1e00000fc0007ebfe9ed0737feebfff600,1,TX 41 seq=22034 rx_latency=1ms tx_dur=1ms,17.490,
2733,10,532,2865758740,2026-07-14T15:36:28.847190+00:00,53.100141,1967,41,0202aad0021407af005a5811460e29efbf1ffffffc2246cd1e00000fc0007ebfe9ed0737feebfff600,1,TX 41 seq=22035 rx_latency=1ms tx_dur=1ms,19.171,
2733,10,533,2865758741,2026-07-14T15:36:28.947182+00:00,53.200127,2067,41,0202aad002150813005a5811460e29efbf1ffffffc2246cd1e00000fc0007ebfe9ed0737feebfff600,1,TX 41 seq=22036 rx_latency=1ms tx_dur=1ms,20.886,
2733,10,534,2865758742,2026-07-14T15:36:29.047198+00:00,53.300166,2167,41,0202aad002160877005a5811460e29efbf1ffffffc2246cd1e00000fc0007ebfe9ed0737feebfff600,1,TX 41 seq=22037 rx_latency=1ms tx_dur=1ms,22.568,
2733,10,535,2865758743,2026-07-14T15:36:29.147184+00:00,53.400134,2267,41,0202aad0021708db005a5811460e29efbf1ffffffc2246cd1e00000fc0007ebfe9ed0737feebfff600,1,TX 41 seq=22038 rx_latency=1ms tx_dur=1ms,15.306,
2733,10,536,2865758744,2026-07-14T15:36:29.247189+00:00,53.500141,2367,41,0202aad00218093f005a5811460e29efbf1ffffffc2246cd1e00000fc0007ebfe9ed0737feebfff600,1,TX 41 seq=22039 rx_latency=1ms tx_dur=1ms,17.022,
2733,10,537,2865758745,2026-07-14T15:36:29.347182+00:00,53.600126,2467,41,0202aad0021909a3005a5811460e29efbf1ffffffc2246cd1e00000fc0007ebfe9ed0737feebfff600,1,TX 41 seq=22040 rx_latency=1ms tx_dur=1ms,18.741,
2733,10,538,2865758746,2026-07-14T15:36:29.447189+00:00,53.700139,2567,41,0202aad0021a0a07005a5811460e29efbf1ffffffc2246cd1e00000fc0007ebfe9ed0737feebfff600,1,TX 41 seq=22041 rx_latency=1ms tx_dur=1ms,21.595,
2733,10,539,2865758747,2026-07-14T15:36:29.547184+00:00,53.800134,2667,41,0202aad0021b0a6b005a5811460e29efbf1ffffffc2246cd1e00000fc0007ebfe9ed0737feebfff600,1,TX 41 seq=22042 rx_latency=1ms tx_dur=1ms,23.041,
2733,10,540,2865758748,2026-07-14T15:36:29.647189+00:00,53.900142,2767,41,0202aad0021c0acf005a5811460e29efbf1ffffffc2246cd1e00000fc0007ebfe9ed0737feebfff600,1,TX 41 seq=22043 rx_latency=1ms tx_dur=1ms,14.856,
2733,10,541,2865758749,2026-07-14T15:36:29.747187+00:00,54.000137,2867,41,0202aad0021d0b33005a5811460e29efbf1ffffffc2246cd1e00000fc0007ebfe9ed0737feebfff600,1,TX 41 seq=22044 rx_latency=1ms tx_dur=1ms,16.594,
2733,10,542,2865758750,2026-07-14T15:36:29.847189+00:00,54.100139,2967,41,0202aad0021e0b97005a5811460e29efbf1ffffffc2246cd1e00000fc0007ebfe9ed0737feebfff600,1,TX 41 seq=22045 rx_latency=1ms tx_dur=1ms,19.421,
2733,10,543,2865758751,2026-07-14T15:36:29.947182+00:00,54.200128,3067,41,0202aad0021f0bfb005a5811460e29efbf1ffffffc2246cd1e00000fc0007ebfe9ed0737feebfff600,1,TX 41 seq=22046 rx_latency=1ms tx_dur=1ms,20.917,
2733,10,544,2865758752,2026-07-14T15:36:30.047195+00:00,54.300155,3167,41,0202aad002200c5f005a5811460e29efbf1ffffffc2246cd1e00000fc0007ebfe9ed0737feebfff600,1,TX 41 seq=22047 rx_latency=1ms tx_dur=1ms,22.593,
2733,10,545,2865758753,2026-07-14T15:36:30.147191+00:00,54.400143,3267,41,0202aad002210cc3005a5811460e29efbf1ffffffc2246cd1e00000fc0007ebfe9ed0737feebfff600,1,TX 41 seq=22048 rx_latency=1ms tx_dur=1ms,15.517,
2733,10,546,2865758754,2026-07-14T15:36:30.247194+00:00,54.500159,3367,41,0202aad002220d27005a5811460e29efbf1ffffffc2246cd1e00000fc0007ebfe9ed0737feebfff600,1,TX 41 seq=22049 rx_latency=1ms tx_dur=1ms,17.189,
2733,10,547,2865758755,2026-07-14T15:36:30.347185+00:00,54.600135,3467,41,0202aad002230d8b005a5811460e29efbf1ffffffc2246cd1e00000fc0007ebfe9ed0737feebfff600,1,TX 41 seq=22050 rx_latency=1ms tx_dur=1ms,18.975,
2733,10,548,2865758756,2026-07-14T15:36:30.447188+00:00,54.700141,3567,41,0202aad002240def005a5811460e29efbf1ffffffc2246cd1e00000fc0007ebfe9ed0737feebfff600,1,TX 41 seq=22051 rx_latency=1ms tx_dur=1ms,20.492,
2733,10,549,2865758757,2026-07-14T15:36:30.547110+00:00,54.800058,3667,41,0202aad002250e53005a5811460e29efbf1ffffffc2246cd1e00000fc0007ebfe9ed0737feebfff600,1,TX 41 seq=22052 rx_latency=1ms tx_dur=1ms,23.358,
2733,10,550,2865758758,2026-07-14T15:36:30.647188+00:00,54.900139,3767,41,0202aad002260eb7005a5811460e29efbf1ffffffc2246cd1e00000fc0007ebfe9ed0737feebfff600,1,TX 41 seq=22053 rx_latency=1ms tx_dur=1ms,15.095,
2733,10,551,2865758759,2026-07-14T15:36:30.747192+00:00,55.000145,3867,41,0202aad002270f1b005a5811460e29efbf1ffffffc2246cd1e00000fc0007ebfe9ed0737feebfff600,1,TX 41 seq=22054 rx_latency=1ms tx_dur=1ms,16.816,
2733,10,552,2865758760,2026-07-14T15:36:30.847188+00:00,55.100139,3967,41,0202aad002280f7f005a5811460e29efbf1ffffffc2246cd1e00000fc0007ebfe9ed0737feebfff600,1,TX 41 seq=22055 rx_latency=1ms tx_dur=1ms,19.459,
2733,10,553,2865758761,2026-07-14T15:36:30.947189+00:00,55.200140,4067,41,0202aad002290fe3005a5811460e29efbf1ffffffc2246cd1e00000fc0007ebfe9ed0737feebfff600,1,TX 41 seq=22056 rx_latency=1ms tx_dur=1ms,21.204,
2733,10,554,2865758762,2026-07-14T15:36:31.047189+00:00,55.300140,4167,41,0202aad0022a1047005a5811460e29efbf1ffffffc2246cd1e00000fc0007ebfe9ed0737feebfff600,1,TX 41 seq=22057 rx_latency=1ms tx_dur=1ms,22.909,
2733,10,555,2865758763,2026-07-14T15:36:31.147180+00:00,55.400127,4267,41,0202aad0022b10ab005a5811460e29efbf1ffffffc2246cd1e00000fc0007ebfe9ed0737feebfff600,1,TX 41 seq=22058 rx_latency=1ms tx_dur=1ms,14.678,
2733,10,556,2865758764,2026-07-14T15:36:31.247188+00:00,55.500139,4367,41,0202aad0022c110f005a5811460e29efbf1ffffffc2246cd1e00000fc0007ebfe9ed0737feebfff600,1,TX 41 seq=22059 rx_latency=1ms tx_dur=1ms,17.340,
2733,10,557,2865758765,2026-07-14T15:36:31.347175+00:00,55.600131,4467,41,0202aad0022d1173005a5811460e29efbf1ffffffc2246cd1e00000fc0007ebfe9ed0737feebfff600,1,TX 41 seq=22060 rx_latency=1ms tx_dur=1ms,18.961,
2733,10,558,2865758766,2026-07-14T15:36:31.447190+00:00,55.700143,4567,41,0202aad0022e11d7005a5811460e29efbf1ffffffc2246cd1e00000fc0007ebfe9ed0737feebfff600,1,TX 41 seq=22061 rx_latency=1ms tx_dur=1ms,20.767,
2733,10,559,2865758767,2026-07-14T15:36:31.547182+00:00,55.800129,4667,41,0202aad0022f123b005a5811460e29efbf1ffffffc2246cd1e00000fc0007ebfe9ed0737feebfff600,1,TX 41 seq=22062 rx_latency=1ms tx_dur=1ms,23.506,
2733,10,560,2865758768,2026-07-14T15:36:31.647189+00:00,55.900140,4767,41,0202aad00230129f005a5811460e29efbf1ffffffc2246cd1e00000fc0007ebfe9ed0737feebfff600,1,TX 41 seq=22063 rx_latency=1ms tx_dur=1ms,14.721,
2733,10,561,2865758769,2026-07-14T15:36:31.747194+00:00,56.000160,4867,41,0202aad002311303005a5811460e29efbf1ffffffc2246cd1e00000fc0007ebfe9ed0737feebfff600,1,TX 41 seq=22064 rx_latency=1ms tx_dur=1ms,16.759,
2733,10,562,2865758770,2026-07-14T15:36:31.847191+00:00,56.100150,4967,41,0202aad002321367005a5811460e29efbf1ffffffc2246cd1e00000fc0007ebfe9ed0737feebfff600,1,TX 41 seq=22065 rx_latency=1ms tx_dur=1ms,18.544,
2733,10,563,2865758771,2026-07-14T15:36:31.947183+00:00,56.200132,5067,41,0202aad0023313cb005a5811460e29efbf1ffffffc2246cd1e00000fc0007ebfe9ed0737feebfff600,1,TX 41 seq=22066 rx_latency=1ms tx_dur=1ms,21.360,
2733,10,564,2865758772,2026-07-14T15:36:32.047189+00:00,56.300140,5167,41,0202aad00234142f005a5811460e29efbf1ffffffc2246cd1e00000fc0007ebfe9ed0737feebfff600,1,TX 41 seq=22067 rx_latency=1ms tx_dur=1ms,23.026,
2733,10,565,2865758773,2026-07-14T15:36:32.147186+00:00,56.400139,5267,41,0202aad002351493005a5811460e29efbf1ffffffc2246cd1e00000fc0007ebfe9ed0737feebfff600,1,TX 41 seq=22068 rx_latency=1ms tx_dur=1ms,14.677,
2733,10,566,2865758774,2026-07-14T15:36:32.247192+00:00,56.500146,5367,41,0202aad0023614f7005a5811460e29efbf1ffffffc2246cd1e00000fc0007ebfe9ed0737feebfff600,1,TX 41 seq=22069 rx_latency=1ms tx_dur=1ms,17.532,
2733,10,567,2865758775,2026-07-14T15:36:32.347192+00:00,56.600155,5467,41,0202aad00237155b005a5811460e29efbf1ffffffc2246cd1e00000fc0007ebfe9ed0737feebfff600,1,TX 41 seq=22070 rx_latency=1ms tx_dur=1ms,19.165,
2733,10,568,2865758776,2026-07-14T15:36:32.447192+00:00,56.700147,5567,41,0202aad0023815bf005a5811460e29efbf1ffffffc2246cd1e00000fc0007ebfe9ed0737feebfff600,1,TX 41 seq=22071 rx_latency=1ms tx_dur=1ms,20.759,
2733,10,569,2865758777,2026-07-14T15:36:32.547183+00:00,56.800132,5667,41,0202aad002391623005a5811460e29efbf1ffffffc2246cd1e00000fc0007ebfe9ed0737feebfff600,1,TX 41 seq=22072 rx_latency=1ms tx_dur=1ms,23.556,
2733,10,570,2865758778,2026-07-14T15:36:32.647189+00:00,56.900141,5767,41,0202aad0023a1687005a5811460e29efbf1ffffffc2246cd1e00000fc0007ebfe9ed0737feebfff600,1,TX 41 seq=22073 rx_latency=1ms tx_dur=1ms,15.361,
2733,10,571,2865758779,2026-07-14T15:36:32.747183+00:00,57.000128,5867,41,0202aad0023b16eb005a5811460e29efbf1ffffffc2246cd1e00000fc0007ebfe9ed0737feebfff600,1,TX 41 seq=22074 rx_latency=1ms tx_dur=1ms,17.088,
2733,10,572,2865758780,2026-07-14T15:36:32.847191+00:00,57.100144,5967,41,0202aad0023c174f005a5811460e29efbf1ffffffc2246cd1e00000fc0007ebfe9ed0737feebfff600,1,TX 41 seq=22075 rx_latency=1ms tx_dur=1ms,18.606,
2733,10,573,2865758781,2026-07-14T15:36:32.947184+00:00,57.200130,6067,41,0202aad0023d17b3005a5811460e29efbf1ffffffc2246cd1e00000fc0007ebfe9ed0737feebfff600,1,TX 41 seq=22076 rx_latency=1ms tx_dur=1ms,21.414,
2733,10,574,2865758782,2026-07-14T15:36:33.047188+00:00,57.300139,6167,41,0202aad0023e1817005a5811460e29efbf1ffffffc2246cd1e00000fc0007ebfe9ed0737feebfff600,1,TX 41 seq=22077 rx_latency=1ms tx_dur=1ms,23.170,
2733,10,575,2865758783,2026-07-14T15:36:33.147202+00:00,57.400176,6267,41,0202aad0023f187b005a5811460e29efbf1ffffffc2246cd1e00000fc0007ebfe9ed0737feebfff600,1,TX 41 seq=22078 rx_latency=1ms tx_dur=1ms,14.816,
2733,10,576,2865758784,2026-07-14T15:36:33.247193+00:00,57.500151,6367,41,0202aad0024018df005a5811460e29efbf1ffffffc2246cd1e00000fc0007ebfe9ed0737feebfff600,1,TX 41 seq=22079 rx_latency=1ms tx_dur=1ms,17.528,
2733,10,577,2865758785,2026-07-14T15:36:33.347191+00:00,57.600150,6467,41,0202aad002411943005a5811460e29efbf1ffffffc2246cd1e00000fc0007ebfe9ed0737feebfff600,1,TX 41 seq=22080 rx_latency=1ms tx_dur=1ms,19.217,
2733,10,578,2865758786,2026-07-14T15:36:33.447189+00:00,57.700143,6567,41,0202aad0024219a7005a5811460e29efbf1ffffffc2246cd1e00000fc0007ebfe9ed0737feebfff600,1,TX 41 seq=22081 rx_latency=1ms tx_dur=1ms,21.009,
2733,10,579,2865758787,2026-07-14T15:36:33.547183+00:00,57.800131,6667,41,0202aad002431a0b005a5811460e29efbf1ffffffc2246cd1e00000fc0007ebfe9ed0737feebfff600,1,TX 41 seq=22082 rx_latency=1ms tx_dur=1ms,22.689,
2733,10,580,2865758788,2026-07-14T15:36:33.647189+00:00,57.900142,6767,41,0202aad002441a6f005a5811460e29efbf1ffffffc2246cd1e00000fc0007ebfe9ed0737feebfff600,1,TX 41 seq=22083 rx_latency=1ms tx_dur=1ms,15.383,
2733,10,581,2865758789,2026-07-14T15:36:33.747197+00:00,58.000164,6867,41,0202aad002451ad3005a5811460e29efbf1ffffffc2246cd1e00000fc0007ebfe9ed0737feebfff600,1,TX 41 seq=22084 rx_latency=1ms tx_dur=1ms,17.044,
2733,10,582,2865758790,2026-07-14T15:36:33.847192+00:00,58.100146,6967,41,0202aad002461b37005a5811460e29efbf1ffffffc2246cd1e00000fc0007ebfe9ed0737feebfff600,1,TX 41 seq=22085 rx_latency=1ms tx_dur=1ms,18.821,
2733,10,583,2865758791,2026-07-14T15:36:33.947189+00:00,58.200141,7067,41,0202aad002471b9b005a5811460e29efbf1ffffffc2246cd1e00000fc0007ebfe9ed0737feebfff600,1,TX 41 seq=22086 rx_latency=1ms tx_dur=1ms,20.572,
2733,10,584,2865758792,2026-07-14T15:36:34.047190+00:00,58.300140,7167,41,0202aad002481bff005a5811460e29efbf1ffffffc2246cd1e00000fc0007ebfe9ed0737feebfff600,1,TX 41 seq=22087 rx_latency=1ms tx_dur=1ms,23.414,
2733,10,585,2865758793,2026-07-14T15:36:34.147184+00:00,58.400134,7267,41,0202aad002491c63005a5811460e29efbf1ffffffc2246cd1e00000fc0007ebfe9ed0737feebfff600,1,TX 41 seq=22088 rx_latency=1ms tx_dur=1ms,14.969,
2733,10,586,2865758794,2026-07-14T15:36:34.247191+00:00,58.500147,7367,41,0202aad0024a1cc7005a5811460e29efbf1ffffffc2246cd1e00000fc0007ebfe9ed0737feebfff600,1,TX 41 seq=22089 rx_latency=1ms tx_dur=1ms,16.657,
2733,10,587,2865758795,2026-07-14T15:36:34.347192+00:00,58.600145,7467,41,0202aad0024b1d2b005a5811460e29efbf1ffffffc2246cd1e00000fc0007ebfe9ed0737feebfff600,1,TX 41 seq=22090 rx_latency=1ms tx_dur=1ms,19.497,
2733,10,588,2865758796,2026-07-14T15:36:34.447188+00:00,58.700139,7567,41,0202aad0024c1d8f005a5811460e29efbf1ffffffc2246cd1e00000fc0007ebfe9ed0737feebfff600,1,TX 41 seq=22091 rx_latency=1ms tx_dur=1ms,21.243,
2733,10,589,2865758797,2026-07-14T15:36:34.547193+00:00,58.800156,7667,41,0202aad0024d1df3005a5811460e29efbf1ffffffc2246cd1e00000fc0007ebfe9ed0737feebfff600,1,TX 41 seq=22092 rx_latency=1ms tx_dur=1ms,22.657,
2733,10,590,2865758798,2026-07-14T15:36:34.647122+00:00,58.900081,7767,41,0202aad0024e1e57005a5811460e29efbf1ffffffc2246cd1e00000fc0007ebfe9ed0737feebfff600,1,TX 41 seq=22093 rx_latency=1ms tx_dur=1ms,14.582,
2733,10,591,2865758799,2026-07-14T15:36:34.747189+00:00,59.000139,7867,41,0202aad0024f1ebb005a5811460e29efbf1ffffffc2246cd1e00000fc0007ebfe9ed0737feebfff600,1,TX 41 seq=22094 rx_latency=1ms tx_dur=1ms,17.350,
2733,10,592,2865758800,2026-07-14T15:36:34.847189+00:00,59.100139,7967,41,0202aad002501f1f005a5811460e29efbf1ffffffc2246cd1e00000fc0007ebfe9ed0737feebfff600,1,TX 41 seq=22095 rx_latency=1ms tx_dur=1ms,19.079,
2733,10,593,2865758801,2026-07-14T15:36:34.947187+00:00,59.200136,8067,41,0202aad002511f83005a5811460e29efbf1ffffffc2246cd1e00000fc0007ebfe9ed0737feebfff600,1,TX 41 seq=22096 rx_latency=1ms tx_dur=1ms,20.596,
2733,10,594,2865758802,2026-07-14T15:36:35.047191+00:00,59.300144,8167,41,0202aad002521fe7005a5811460e29efbf1ffffffc2246cd1e00000fc0007ebfe9ed0737feebfff600,1,TX 41 seq=22097 rx_latency=1ms tx_dur=1ms,23.431,
2733,10,595,2865758803,2026-07-14T15:36:35.147179+00:00,59.400125,8267,41,0202aad00253204b005a5811460e29efbf1ffffffc2246cd1e00000fc0007ebfe9ed0737feebfff600,1,TX 41 seq=22098 rx_latency=1ms tx_dur=1ms,15.220,
2733,10,596,2865758804,2026-07-14T15:36:35.247188+00:00,59.500142,8367,41,0202aad0025420af005a5811460e29efbf1ffffffc2246cd1e00000fc0007ebfe9ed0737feebfff600,1,TX 41 seq=22099 rx_latency=1ms tx_dur=1ms,16.906,
2733,10,597,2865758805,2026-07-14T15:36:35.347183+00:00,59.600129,8467,41,0202aad002552113005a5811460e29efbf1ffffffc2246cd1e00000fc0007ebfe9ed0737feebfff600,1,TX 41 seq=22100 rx_latency=1ms tx_dur=1ms,19.529,
2733,10,598,2865758806,2026-07-14T15:36:35.447189+00:00,59.700138,8567,41,0202aad002562177005a5811460e29efbf1ffffffc2246cd1e00000fc0007ebfe9ed0737feebfff600,1,TX 41 seq=22101 rx_latency=1ms tx_dur=1ms,21.267,
2733,10,599,2865758807,2026-07-14T15:36:35.547183+00:00,59.800131,8667,41,0202aad0025721db005a5811460e29efbf1ffffffc2246cd1e00000fc0007ebfe9ed0737feebfff600,1,TX 41 seq=22102 rx_latency=1ms tx_dur=1ms,23.028,
2733,10,600,2865758808,2026-07-14T15:36:35.647200+00:00,59.900167,8767,41,0202aad00258223f005a5811460e29efbf1ffffffc2246cd1e00000fc0007ebfe9ed0737feebfff600,1,TX 41 seq=22103 rx_latency=1ms tx_dur=1ms,14.670,
2733,10,601,2865758809,2026-07-14T15:36:35.747192+00:00,60.000157,8867,41,0202aad0025922a3005a5811460e29efbf1ffffffc2246cd1e00000fc0007ebfe9ed0737feebfff600,1,TX 41 seq=22104 rx_latency=1ms tx_dur=1ms,17.320,
2733,10,602,2865758810,2026-07-14T15:36:35.847191+00:00,60.100149,8967,41,0202aad0025a2307005a5811460e29efbf1ffffffc2246cd1e00000fc0007ebfe9ed0737feebfff600,1,TX 41 seq=22105 rx_latency=1ms tx_dur=1ms,19.078,
2733,10,603,2865758811,2026-07-14T15:36:35.947190+00:00,60.200143,9067,41,0202aad0025b236b005a5811460e29efbf1ffffffc2246cd1e00000fc0007ebfe9ed0737feebfff600,1,TX 41 seq=22106 rx_latency=1ms tx_dur=1ms,20.827,
2733,10,604,2865758812,2026-07-14T15:36:36.047190+00:00,60.300143,9167,41,0202aad0025c23cf005a5811460e29efbf1ffffffc2246cd1e00000fc0007ebfe9ed0737feebfff600,1,TX 41 seq=22107 rx_latency=1ms tx_dur=1ms,22.561,
2733,10,605,2865758813,2026-07-14T15:36:36.147176+00:00,60.400128,9267,41,0202aad0025d2433005a5811460e29efbf1ffffffc2246cd1e00000fc0007ebfe9ed0737feebfff600,1,TX 41 seq=22108 rx_latency=1ms tx_dur=1ms,15.220,
2733,10,606,2865758814,2026-07-14T15:36:36.247209+00:00,60.500190,9367,41,0202aad0025e2497005a5811460e29efbf1ffffffc2246cd1e00000fc0007ebfe9ed0737feebfff600,1,TX 41 seq=22109 rx_latency=1ms tx_dur=1ms,16.815,
2733,10,607,2865758815,2026-07-14T15:36:36.347192+00:00,60.600150,9467,41,0202aad0025f24fb005a5811460e29efbf1ffffffc2246cd1e00000fc0007ebfe9ed0737feebfff600,1,TX 41 seq=22110 rx_latency=1ms tx_dur=1ms,18.643,
2733,10,608,2865758816,2026-07-14T15:36:36.447189+00:00,60.700142,9567,41,0202aad00260255f005a5811460e29efbf1ffffffc2246cd1e00000fc0007ebfe9ed0737feebfff600,1,TX 41 seq=22111 rx_latency=1ms tx_dur=1ms,21.505,
2733,10,609,2865758817,2026-07-14T15:36:36.547212+00:00,60.800200,9667,41,0202aad0026125c3005a5811460e29efbf1ffffffc2246cd1e00000fc0007ebfe9ed0737feebfff600,1,TX 41 seq=22112 rx_latency=1ms tx_dur=1ms,22.863,
2733,10,610,2865758818,2026-07-14T15:36:36.647204+00:00,60.900176,9767,41,0202aad002622627005a5811460e29efbf1ffffffc2246cd1e00000fc0007ebfe9ed0737feebfff600,1,TX 41 seq=22113 rx_latency=1ms tx_dur=1ms,14.684,
2733,10,611,2865758819,2026-07-14T15:36:36.747193+00:00,61.000151,9867,41,0202aad00263268b005a5811460e29efbf1ffffffc2246cd1e00000fc0007ebfe9ed0737feebfff600,1,TX 41 seq=22114 rx_latency=1ms tx_dur=1ms,16.483,
2733,10,612,2865758820,2026-07-14T15:36:36.847200+00:00,61.100172,9967,41,0202aad0026426ef005a5811460e29efbf1ffffffc2246cd1e00000fc0007ebfe9ed0737feebfff600,1,TX 41 seq=22115 rx_latency=1ms tx_dur=1ms,19.276,
2733,10,613,2865758821,2026-07-14T15:36:36.947192+00:00,61.200145,10067,41,0202aad002652753005a5811460e29efbf1ffffffc2246cd1e00000fc0007ebfe9ed0737feebfff600,1,TX 41 seq=22116 rx_latency=1ms tx_dur=1ms,20.857,
2733,10,614,2865758822,2026-07-14T15:36:37.047189+00:00,61.300139,10167,41,0202aad0026627b7005a5811460e29efbf1ffffffc2246cd1e00000fc0007ebfe9ed0737feebfff600,1,TX 41 seq=22117 rx_latency=1ms tx_dur=1ms,22.594,
2733,10,615,2865758823,2026-07-14T15:36:37.147195+00:00,61.400153,10267,41,0202aad00267281b005a5811460e29efbf1ffffffc2246cd1e00000fc0007ebfe9ed0737feebfff600,1,TX 41 seq=22118 rx_latency=1ms tx_dur=1ms,15.434,
2733,10,616,2865758824,2026-07-14T15:36:37.247194+00:00,61.500150,10367,41,0202aad00268287f005a5811460e29efbf1ffffffc2246cd1e00000fc0007ebfe9ed0737feebfff600,1,TX 41 seq=22119 rx_latency=1ms tx_dur=1ms,17.166,
2733,10,617,2865758825,2026-07-14T15:36:37.347192+00:00,61.600146,10467,41,0202aad0026928e3005a5811460e29efbf1ffffffc2246cd1e00000fc0007ebfe9ed0737feebfff600,1,TX 41 seq=22120 rx_latency=1ms tx_dur=1ms,18.684,
2733,10,618,2865758826,2026-07-14T15:36:37.447190+00:00,61.700141,10567,41,0202aad0026a2947005a5811460e29efbf1ffffffc2246cd1e00000fc0007ebfe9ed0737feebfff600,1,TX 41 seq=22121 rx_latency=1ms tx_dur=1ms,21.546,
2733,10,619,2865758827,2026-07-14T15:36:37.547191+00:00,61.800143,10667,41,0202aad0026b29ab005a5811460e29efbf1ffffffc2246cd1e00000fc0007ebfe9ed0737feebfff600,1,TX 41 seq=22122 rx_latency=1ms tx_dur=1ms,23.252,
2733,10,620,2865758828,2026-07-14T15:36:37.647190+00:00,61.900142,10767,41,0202aad0026c2a0f005a5811460e29efbf1ffffffc2246cd1e00000fc0007ebfe9ed0737feebfff600,1,TX 41 seq=22123 rx_latency=1ms tx_dur=1ms,15.133,
2733,10,621,2865758829,2026-07-14T15:36:37.747202+00:00,62.000176,10867,41,0202aad0026d2a73005a5811460e29efbf1ffffffc2246cd1e00000fc0007ebfe9ed0737feebfff600,1,TX 41 seq=22124 rx_latency=1ms tx_dur=1ms,16.656,
2733,10,622,2865758830,2026-07-14T15:36:37.847194+00:00,62.100159,10967,41,0202aad0026e2ad7005a5811460e29efbf1ffffffc2246cd1e00000fc0007ebfe9ed0737feebfff600,1,TX 41 seq=22125 rx_latency=1ms tx_dur=1ms,19.316,
2733,10,623,2865758831,2026-07-14T15:36:37.947190+00:00,62.200145,11067,41,0202aad0026f2b3b005a5811460e29efbf1ffffffc2246cd1e00000fc0007ebfe9ed0737feebfff600,1,TX 41 seq=22126 rx_latency=1ms tx_dur=1ms,21.072,
2733,10,624,2865758832,2026-07-14T15:36:38.047183+00:00,62.300129,11167,41,0202aad002702b9f005a5811460e29efbf1ffffffc2246cd1e00000fc0007ebfe9ed0737feebfff600,1,TX 41 seq=22127 rx_latency=1ms tx_dur=1ms,22.785,
2733,10,625,2865758833,2026-07-14T15:36:38.147188+00:00,62.400139,11267,41,0202aad002712c03005a5811460e29efbf1ffffffc2246cd1e00000fc0007ebfe9ed0737feebfff600,1,TX 41 seq=22128 rx_latency=1ms tx_dur=1ms,14.599,
2733,10,626,2865758834,2026-07-14T15:36:38.247191+00:00,62.500145,11367,41,0202aad002722c67005a5811460e29efbf1ffffffc2246cd1e00000fc0007ebfe9ed0737feebfff600,1,TX 41 seq=22129 rx_latency=1ms tx_dur=1ms,17.207,
2733,10,627,2865758835,2026-07-14T15:36:38.347192+00:00,62.600146,11467,41,0202aad002732ccb005a5811460e29efbf1ffffffc2246cd1e00000fc0007ebfe9ed0737feebfff600,1,TX 41 seq=22130 rx_latency=1ms tx_dur=1ms,18.948,
2733,10,628,2865758836,2026-07-14T15:36:38.447189+00:00,62.700139,11567,41,0202aad002742d2f005a5811460e29efbf1ffffffc2246cd1e00000fc0007ebfe9ed0737feebfff600,1,TX 41 seq=22131 rx_latency=1ms tx_dur=1ms,20.671,
2733,10,629,2865758837,2026-07-14T15:36:38.547189+00:00,62.800139,11667,41,0202aad002752d93005a5811460e29efbf1ffffffc2246cd1e00000fc0007ebfe9ed0737feebfff600,1,TX 41 seq=22132 rx_latency=1ms tx_dur=1ms,23.502,
2733,10,630,2865758838,2026-07-14T15:36:38.647182+00:00,62.900128,11767,41,0202aad002762df7005a5811460e29efbf1ffffffc2246cd1e00000fc0007ebfe9ed0737feebfff600,1,TX 41 seq=22133 rx_latency=1ms tx_dur=1ms,15.070,
2733,10,631,2865758839,2026-07-14T15:36:38.747189+00:00,63.000140,11867,41,0202aad002772e5b005a5811460e29efbf1ffffffc2246cd1e00000fc0007ebfe9ed0737feebfff600,1,TX 41 seq=22134 rx_latency=1ms tx_dur=1ms,16.775,
2733,10,632,2865758840,2026-07-14T15:36:38.847189+00:00,63.100149,11967,41,0202aad002782ebf005a5811460e29efbf1ffffffc2246cd1e00000fc0007ebfe9ed0737feebfff600,1,TX 41 seq=22135 rx_latency=1ms tx_dur=1ms,19.575,
2733,10,633,2865758841,2026-07-14T15:36:38.947184+00:00,63.200134,12067,41,0202aad002792f23005a5811460e29efbf1ffffffc2246cd1e00000fc0007ebfe9ed0737feebfff600,1,TX 41 seq=22136 rx_latency=1ms tx_dur=1ms,21.281,
2733,10,634,2865758842,2026-07-14T15:36:39.047191+00:00,63.300143,12167,41,0202aad0027a2f87005a5811460e29efbf1ffffffc2246cd1e00000fc0007ebfe9ed0737feebfff600,1,TX 41 seq=22137 rx_latency=1ms tx_dur=1ms,22.847,
2733,10,635,2865758843,2026-07-14T15:36:39.147190+00:00,63.400139,12267,41,0202aad0027b2feb005a5811460e29efbf1ffffffc2246cd1e00000fc0007ebfe9ed0737feebfff600,1,TX 41 seq=22138 rx_latency=1ms tx_dur=1ms,14.621,
2733,10,636,2865758844,2026-07-14T15:36:39.247199+00:00,63.500174,12367,41,0202aad0027c304f005a5811460e29efbf1ffffffc2246cd1e00000fc0007ebfe9ed0737feebfff600,1,TX 41 seq=22139 rx_latency=1ms tx_dur=1ms,17.354,
2733,10,637,2865758845,2026-07-14T15:36:39.347196+00:00,63.600158,12467,41,0202aad0027d30b3005a5811460e29efbf1ffffffc2246cd1e00000fc0007ebfe9ed0737feebfff600,1,TX 41 seq=22140 rx_latency=1ms tx_dur=1ms,19.118,
2733,10,638,2865758846,2026-07-14T15:36:39.447116+00:00,63.700069,12567,41,0202aad0027e3117005a5811460e29efbf1ffffffc2246cd1e00000fc0007ebfe9ed0737feebfff600,1,TX 41 seq=22141 rx_latency=1ms tx_dur=1ms,20.663,
2733,10,639,2865758847,2026-07-14T15:36:39.547185+00:00,63.800132,12667,41,0202aad0027f317b005a5811460e29efbf1ffffffc2246cd1e00000fc0007ebfe9ed0737feebfff600,1,TX 41 seq=22142 rx_latency=1ms tx_dur=1ms,23.715,
2733,10,640,2865758848,2026-07-14T15:36:39.647273+00:00,63.900247,12767,41,0202aad0028031df005a5811460e29efbf1ffffffc2246cd1e00000fc0007ebfe9ed0737feebfff600,1,TX 41 seq=22143 rx_latency=1ms tx_dur=1ms,15.046,
2733,10,641,2865758849,2026-07-14T15:36:39.747185+00:00,64.000138,12867,41,0202aad002813243005a5811460e29efbf1ffffffc2246cd1e00000fc0007ebfe9ed0737feebfff600,1,TX 41 seq=22144 rx_latency=1ms tx_dur=1ms,16.987,
2733,10,642,2865758850,2026-07-14T15:36:39.847184+00:00,64.100133,12967,41,0202aad0028232a7005a5811460e29efbf1ffffffc2246cd1e00000fc0007ebfe9ed0737feebfff600,1,TX 41 seq=22145 rx_latency=1ms tx_dur=1ms,18.636,
2733,10,643,2865758851,2026-07-14T15:36:39.947189+00:00,64.200144,13067,41,0202aad00283330b005a5811460e29efbf1ffffffc2246cd1e00000fc0007ebfe9ed0737feebfff600,1,TX 41 seq=22146 rx_latency=1ms tx_dur=1ms,21.352,
2733,10,644,2865758852,2026-07-14T15:36:40.047186+00:00,64.300136,13167,41,0202aad00284336f005a5811460e29efbf1ffffffc2246cd1e00000fc0007ebfe9ed0737feebfff600,1,TX 41 seq=22147 rx_latency=1ms tx_dur=1ms,23.146,
2733,10,645,2865758853,2026-07-14T15:36:40.147196+00:00,64.400159,13267,41,0202aad0028533d3005a5811460e29efbf1ffffffc2246cd1e00000fc0007ebfe9ed0737feebfff600,1,TX 41 seq=22148 rx_latency=1ms tx_dur=1ms,14.734,
2733,10,646,2865758854,2026-07-14T15:36:40.247183+00:00,64.500131,13367,41,0202aad002863437005a5811460e29efbf1ffffffc2246cd1e00000fc0007ebfe9ed0737feebfff600,1,TX 41 seq=22149 rx_latency=1ms tx_dur=1ms,17.554,
2733,10,647,2865758855,2026-07-14T15:36:40.347191+00:00,64.600144,13467,41,0202aad00287349b005a5811460e29efbf1ffffffc2246cd1e00000fc0007ebfe9ed0737feebfff600,1,TX 41 seq=22150 rx_latency=1ms tx_dur=1ms,19.183,
2733,10,648,2865758856,2026-07-14T15:36:40.447187+00:00,64.700138,13567,41,0202aad0028834ff005a5811460e29efbf1ffffffc2246cd1e00000fc0007ebfe9ed0737feebfff600,1,TX 41 seq=22151 rx_latency=1ms tx_dur=1ms,20.943,
2733,10,649,2865758857,2026-07-14T15:36:40.547190+00:00,64.800140,13667,41,0202aad002893563005a5811460e29efbf1ffffffc2246cd1e00000fc0007ebfe9ed0737feebfff600,1,TX 41 seq=22152 rx_latency=1ms tx_dur=1ms,22.785,
2733,10,650,2865758858,2026-07-14T15:36:40.647195+00:00,64.900167,13767,41,0202aad0028a35c7005a5811460e29efbf1ffffffc2246cd1e00000fc0007ebfe9ed0737feebfff600,1,TX 41 seq=22153 rx_latency=1ms tx_dur=1ms,15.239,
2733,10,651,2865758859,2026-07-14T15:36:40.747192+00:00,65.000158,13867,41,0202aad0028b362b005a5811460e29efbf1ffffffc2246cd1e00000fc0007ebfe9ed0737feebfff600,1,TX 41 seq=22154 rx_latency=1ms tx_dur=1ms,17.053,
2733,10,652,2865758860,2026-07-14T15:36:40.847193+00:00,65.100151,13967,41,0202aad0028c368f005a5811460e29efbf1ffffffc2246cd1e00000fc0007ebfe9ed0737feebfff600,1,TX 41 seq=22155 rx_latency=1ms tx_dur=1ms,18.671,
2733,10,653,2865758861,2026-07-14T15:36:40.947186+00:00,65.200134,14067,41,0202aad0028d36f3005a5811460e29efbf1ffffffc2246cd1e00000fc0007ebfe9ed0737feebfff600,1,TX 41 seq=22156 rx_latency=1ms tx_dur=1ms,21.668,
2733,10,654,2865758862,2026-07-14T15:36:41.047194+00:00,65.300155,14167,41,0202aad0028e3757005a5811460e29efbf1ffffffc2246cd1e00000fc0007ebfe9ed0737feebfff600,1,TX 41 seq=22157 rx_latency=1ms tx_dur=1ms,23.014,
2733,10,655,2865758863,2026-07-14T15:36:41.147192+00:00,65.400156,14267,41,0202aad0028f37bb005a5811460e29efbf1ffffffc2246cd1e00000fc0007ebfe9ed0737feebfff600,1,TX 41 seq=22158 rx_latency=1ms tx_dur=1ms,14.885,
2733,10,656,2865758864,2026-07-14T15:36:41.247191+00:00,65.500147,14367,41,0202aad00290381f005a5811460e29efbf1ffffffc2246cd1e00000fc0007ebfe9ed0737feebfff600,1,TX 41 seq=22159 rx_latency=1ms tx_dur=1ms,16.580,
2733,10,657,2865758865,2026-07-14T15:36:41.347185+00:00,65.600135,14467,41,0202aad002913883005a5811460e29efbf1ffffffc2246cd1e00000fc0007ebfe9ed0737feebfff600,1,TX 41 seq=22160 rx_latency=1ms tx_dur=1ms,19.495,
2733,10,658,2865758866,2026-07-14T15:36:41.447190+00:00,65.700143,14567,41,0202aad0029238e7005a5811460e29efbf1ffffffc2246cd1e00000fc0007ebfe9ed0737feebfff600,1,TX 41 seq=22161 rx_latency=1ms tx_dur=1ms,21.141,
2733,10,659,2865758867,2026-07-14T15:36:41.547181+00:00,65.800128,14667,41,0202aad00293394b005a5811460e29efbf1ffffffc2246cd1e00000fc0007ebfe9ed0737feebfff600,1,TX 41 seq=22162 rx_latency=1ms tx_dur=1ms,22.733,
2733,10,660,2865758868,2026-07-14T15:36:41.647190+00:00,65.900144,14767,41,0202aad0029439af005a5811460e29efbf1ffffffc2246cd1e00000fc0007ebfe9ed0737feebfff600,1,TX 41 seq=22163 rx_latency=1ms tx_dur=1ms,15.567,
2733,10,661,2865758869,2026-07-14T15:36:41.747182+00:00,66.000128,14867,41,0202aad002953a13005a5811460e29efbf1ffffffc2246cd1e00000fc0007ebfe9ed0737feebfff600,1,TX 41 seq=22164 rx_latency=1ms tx_dur=1ms,17.331,
2733,10,662,2865758870,2026-07-14T15:36:41.847191+00:00,66.100145,14967,41,0202aad002963a77005a5811460e29efbf1ffffffc2246cd1e00000fc0007ebfe9ed0737feebfff600,1,TX 41 seq=22165 rx_latency=1ms tx_dur=1ms,18.995,
2733,10,663,2865758871,2026-07-14T15:36:41.947181+00:00,66.200128,15067,41,0202aad002973adb005a5811460e29efbf1ffffffc2246cd1e00000fc0007ebfe9ed0737feebfff600,1,TX 41 seq=22166 rx_latency=1ms tx_dur=1ms,21.674,
2733,10,664,2865758872,2026-07-14T15:36:42.047188+00:00,66.300137,15167,41,0202aad002983b3f005a5811460e29efbf1ffffffc2246cd1e00000fc0007ebfe9ed0737feebfff600,1,TX 41 seq=22167 rx_latency=1ms tx_dur=1ms,23.308,
2733,10,665,2865758873,2026-07-14T15:36:42.147202+00:00,66.400178,15267,41,0202aad002993ba3005a5811460e29efbf1ffffffc2246cd1e00000fc0007ebfe9ed0737feebfff600,1,TX 41 seq=22168 rx_latency=1ms tx_dur=1ms,15.002,
2733,10,666,2865758874,2026-07-14T15:36:42.247182+00:00,66.500133,15367,41,0202aad0029a3c07005a5811460e29efbf1ffffffc2246cd1e00000fc0007ebfe9ed0737feebfff600,1,TX 41 seq=22169 rx_latency=1ms tx_dur=1ms,16.830,
2733,10,667,2865758875,2026-07-14T15:36:42.347185+00:00,66.600138,15467,41,0202aad0029b3c6b005a5811460e29efbf1ffffffc2246cd1e00000fc0007ebfe9ed0737feebfff600,1,TX 41 seq=22170 rx_latency=1ms tx_dur=1ms,19.479,
2733,10,668,2865758876,2026-07-14T15:36:42.447189+00:00,66.700144,15567,41,0202aad0029c3ccf005a5811460e29efbf1ffffffc2246cd1e00000fc0007ebfe9ed0737feebfff600,1,TX 41 seq=22171 rx_latency=1ms tx_dur=1ms,21.188,
2733,10,669,2865758877,2026-07-14T15:36:42.547181+00:00,66.800128,15667,41,0202aad0029d3d33005a5811460e29efbf1ffffffc2246cd1e00000fc0007ebfe9ed0737feebfff600,1,TX 41 seq=22172 rx_latency=1ms tx_dur=1ms,22.916,
2733,10,670,2865758878,2026-07-14T15:36:42.647190+00:00,66.900146,15767,41,0202aad0029e3d97005a5811460e29efbf1ffffffc2246cd1e00000fc0007ebfe9ed0737feebfff600,1,TX 41 seq=22173 rx_latency=1ms tx_dur=1ms,14.667,
2733,10,671,2865758879,2026-07-14T15:36:42.747182+00:00,67.000129,15867,41,0202aad0029f3dfb005a5811460e29efbf1ffffffc2246cd1e00000fc0007ebfe9ed0737feebfff600,1,TX 41 seq=22174 rx_latency=1ms tx_dur=1ms,17.309,
2733,10,672,2865758880,2026-07-14T15:36:42.847164+00:00,67.100116,15967,41,0202aad002a03e5f005a5811460e29efbf1ffffffc2246cd1e00000fc0007ebfe9ed0737feebfff600,1,TX 41 seq=22175 rx_latency=1ms tx_dur=1ms,19.059,
2733,10,673,2865758881,2026-07-14T15:36:42.947182+00:00,67.200128,16067,41,0202aad002a13ec3005a5811460e29efbf1ffffffc2246cd1e00000fc0007ebfe9ed0737feebfff600,1,TX 41 seq=22176 rx_latency=1ms tx_dur=1ms,20.737,
2733,10,674,2865758882,2026-07-14T15:36:43.047188+00:00,67.300141,16167,41,0202aad002a23f27005a5811460e29efbf1ffffffc2246cd1e00000fc0007ebfe9ed0737feebfff600,1,TX 41 seq=22177 rx_latency=1ms tx_dur=1ms,23.607,
2733,10,675,2865758883,2026-07-14T15:36:43.147122+00:00,67.400072,16267,41,0202aad002a33f8b005a5811460e29efbf1ffffffc2246cd1e00000fc0007ebfe9ed0737feebfff600,1,TX 41 seq=22178 rx_latency=1ms tx_dur=1ms,15.219,
2733,10,676,2865758884,2026-07-14T15:36:43.247182+00:00,67.500127,16367,41,0202aad002a43fef005a5811460e29efbf1ffffffc2246cd1e00000fc0007ebfe9ed0737feebfff600,1,TX 41 seq=22179 rx_latency=1ms tx_dur=1ms,16.882,
2733,10,677,2865758885,2026-07-14T15:36:43.347201+00:00,67.600169,16467,41,0202aad002a54053005a5811460e29efbf1ffffffc2246cd1e00000fc0007ebfe9ed0737feebfff600,1,TX 41 seq=22180 rx_latency=1ms tx_dur=1ms,18.533,
2733,10,678,2865758886,2026-07-14T15:36:43.447188+00:00,67.700143,16567,41,0202aad002a640b7005a5811460e29efbf1ffffffc2246cd1e00000fc0007ebfe9ed0737feebfff600,1,TX 41 seq=22181 rx_latency=1ms tx_dur=1ms,21.363,
2733,10,679,2865758887,2026-07-14T15:36:43.547190+00:00,67.800143,16667,41,0202aad002a7411b005a5811460e29efbf1ffffffc2246cd1e00000fc0007ebfe9ed0737feebfff600,1,TX 41 seq=22182 rx_latency=1ms tx_dur=1ms,22.966,
2733,10,680,2865758888,2026-07-14T15:36:43.647183+00:00,67.900131,16767,41,0202aad002a8417f005a5811460e29efbf1ffffffc2246cd1e00000fc0007ebfe9ed0737feebfff600,1,TX 41 seq=22183 rx_latency=1ms tx_dur=1ms,14.820,
2733,10,681,2865758889,2026-07-14T15:36:43.747203+00:00,68.000173,16867,41,0202aad002a941e3005a5811460e29efbf1ffffffc2246cd1e00000fc0007ebfe9ed0737feebfff600,1,TX 41 seq=22184 rx_latency=1ms tx_dur=1ms,17.438,
2733,10,682,2865758890,2026-07-14T15:36:43.847187+00:00,68.100141,16967,41,0202aad002aa4247005a5811460e29efbf1ffffffc2246cd1e00000fc0007ebfe9ed0737feebfff600,1,TX 41 seq=22185 rx_latency=1ms tx_dur=1ms,19.228,
2733,10,683,2865758891,2026-07-14T15:36:43.947191+00:00,68.200147,17067,41,0202aad002ab42ab005a5811460e29efbf1ffffffc2246cd1e00000fc0007ebfe9ed0737feebfff600,1,TX 41 seq=22186 rx_latency=1ms tx_dur=1ms,20.764,
2733,10,684,2865758892,2026-07-14T15:36:44.047183+00:00,68.300130,17167,41,0202aad002ac430f005a5811460e29efbf1ffffffc2246cd1e00000fc0007ebfe9ed0737feebfff600,1,TX 41 seq=22187 rx_latency=1ms tx_dur=1ms,23.580,
2733,10,685,2865758893,2026-07-14T15:36:44.147189+00:00,68.400140,17267,41,0202aad002ad4373005a5811460e29efbf1ffffffc2246cd1e00000fc0007ebfe9ed0737feebfff600,1,TX 41 seq=22188 rx_latency=1ms tx_dur=1ms,15.392,
2733,10,686,2865758894,2026-07-14T15:36:44.247182+00:00,68.500129,17367,41,0202aad002ae43d7005a5811460e29efbf1ffffffc2246cd1e00000fc0007ebfe9ed0737feebfff600,1,TX 41 seq=22189 rx_latency=1ms tx_dur=1ms,17.116,
2733,10,687,2865758895,2026-07-14T15:36:44.347191+00:00,68.600144,17467,41,0202aad002af443b005a5811460e29efbf1ffffffc2246cd1e00000fc0007ebfe9ed0737feebfff600,1,TX 41 seq=22190 rx_latency=1ms tx_dur=1ms,18.642,
2733,10,688,2865758896,2026-07-14T15:36:44.447188+00:00,68.700144,17567,41,0202aad002b0449f005a5811460e29efbf1ffffffc2246cd1e00000fc0007ebfe9ed0737feebfff600,1,TX 41 seq=22191 rx_latency=1ms tx_dur=1ms,21.386,
2733,10,689,2865758897,2026-07-14T15:36:44.547191+00:00,68.800148,17667,41,0202aad002b14503005a5811460e29efbf1ffffffc2246cd1e00000fc0007ebfe9ed0737feebfff600,1,TX 41 seq=22192 rx_latency=1ms tx_dur=1ms,23.269,
2733,10,690,2865758898,2026-07-14T15:36:44.647194+00:00,68.900163,17767,41,0202aad002b24567005a5811460e29efbf1ffffffc2246cd1e00000fc0007ebfe9ed0737feebfff600,1,TX 41 seq=22193 rx_latency=1ms tx_dur=1ms,14.861,
2733,10,691,2865758899,2026-07-14T15:36:44.747190+00:00,69.000145,17867,41,0202aad002b345cb005a5811460e29efbf1ffffffc2246cd1e00000fc0007ebfe9ed0737feebfff600,1,TX 41 seq=22194 rx_latency=1ms tx_dur=1ms,17.559,
2733,10,692,2865758900,2026-07-14T15:36:44.847183+00:00,69.100130,17967,41,0202aad002b4462f005a5811460e29efbf1ffffffc2246cd1e00000fc0007ebfe9ed0737feebfff600,1,TX 41 seq=22195 rx_latency=1ms tx_dur=1ms,19.289,
2733,10,693,2865758901,2026-07-14T15:36:44.947193+00:00,69.200148,18067,41,0202aad002b54693005a5811460e29efbf1ffffffc2246cd1e00000fc0007ebfe9ed0737feebfff600,1,TX 41 seq=22196 rx_latency=1ms tx_dur=1ms,21.003,
2733,10,694,2865758902,2026-07-14T15:36:45.047183+00:00,69.300129,18167,41,0202aad002b646f7005a5811460e29efbf1ffffffc2246cd1e00000fc0007ebfe9ed0737feebfff600,1,TX 41 seq=22197 rx_latency=1ms tx_dur=1ms,22.714,
2733,10,695,2865758903,2026-07-14T15:36:45.147189+00:00,69.400140,18267,41,0202aad002b7475b005a5811460e29efbf1ffffffc2246cd1e00000fc0007ebfe9ed0737feebfff600,1,TX 41 seq=22198 rx_latency=1ms tx_dur=1ms,15.410,
2733,10,696,2865758904,2026-07-14T15:36:45.247188+00:00,69.500138,18367,41,0202aad002b847bf005a5811460e29efbf1ffffffc2246cd1e00000fc0007ebfe9ed0737feebfff600,1,TX 41 seq=22199 rx_latency=1ms tx_dur=1ms,17.150,
2733,10,697,2865758905,2026-07-14T15:36:45.347152+00:00,69.600101,18467,41,0202aad002b94823005a5811460e29efbf1ffffffc2246cd1e00000fc0007ebfe9ed0737feebfff600,1,TX 41 seq=22200 rx_latency=1ms tx_dur=1ms,18.910,
2733,10,698,2865758906,2026-07-14T15:36:45.447188+00:00,69.700139,18567,41,0202aad002ba4887005a5811460e29efbf1ffffffc2246cd1e00000fc0007ebfe9ed0737feebfff600,1,TX 41 seq=22201 rx_latency=1ms tx_dur=1ms,20.600,
2733,10,699,2865758907,2026-07-14T15:36:45.547183+00:00,69.800130,18667,41,0202aad002bb48eb005a5811460e29efbf1ffffffc2246cd1e00000fc0007ebfe9ed0737feebfff600,1,TX 41 seq=22202 rx_latency=1ms tx_dur=1ms,23.393,
2733,10,700,2865758908,2026-07-14T15:36:45.647198+00:00,69.900166,18767,41,0202aad002bc494f005a5811460e29efbf1ffffffc2246cd1e00000fc0007ebfe9ed0737feebfff600,1,TX 41 seq=22203 rx_latency=1ms tx_dur=1ms,14.914,
2733,10,701,2865758909,2026-07-14T15:36:45.747190+00:00,70.000150,18867,41,0202aad002bd49b3005a5811460e29efbf1ffffffc2246cd1e00000fc0007ebfe9ed0737feebfff600,1,TX 41 seq=22204 rx_latency=1ms tx_dur=1ms,16.655,
2733,10,702,2865758910,2026-07-14T15:36:45.847192+00:00,70.100146,18967,41,0202aad002be4a17005a5811460e29efbf1ffffffc2246cd1e00000fc0007ebfe9ed0737feebfff600,1,TX 41 seq=22205 rx_latency=1ms tx_dur=1ms,19.529,
2733,10,703,2865758911,2026-07-14T15:36:45.947127+00:00,70.200076,19067,41,0202aad002bf4a7b005a5811460e29efbf1ffffffc2246cd1e00000fc0007ebfe9ed0737feebfff600,1,TX 41 seq=22206 rx_latency=1ms tx_dur=1ms,21.275,
2733,10,704,2865758912,2026-07-14T15:36:46.047190+00:00,70.300141,19167,41,0202aad002c04adf005a5811460e29efbf1ffffffc2246cd1e00000fc0007ebfe9ed0737feebfff600,1,TX 41 seq=22207 rx_latency=1ms tx_dur=1ms,22.785,
2733,10,705,2865758913,2026-07-14T15:36:46.147150+00:00,70.400104,19267,41,0202aad002c14b43005a5811460e29efbf1ffffffc2246cd1e00000fc0007ebfe9ed0737feebfff600,1,TX 41 seq=22208 rx_latency=1ms tx_dur=1ms,15.700,
2733,10,706,2865758914,2026-07-14T15:36:46.247189+00:00,70.500141,19367,41,0202aad002c24ba7005a5811460e29efbf1ffffffc2246cd1e00000fc0007ebfe9ed0737feebfff600,1,TX 41 seq=22209 rx_latency=1ms tx_dur=1ms,17.375,
2733,10,707,2865758915,2026-07-14T15:36:46.347155+00:00,70.600102,19467,41,0202aad002c34c0b005a5811460e29efbf1ffffffc2246cd1e00000fc0007ebfe9ed0737feebfff600,1,TX 41 seq=22210 rx_latency=1ms tx_dur=1ms,19.117,
2733,10,708,2865758916,2026-07-14T15:36:46.447189+00:00,70.700149,19567,41,0202aad002c44c6f005a5811460e29efbf1ffffffc2246cd1e00000fc0007ebfe9ed0737feebfff600,1,TX 41 seq=22211 rx_latency=1ms tx_dur=1ms,20.562,
2733,10,709,2865758917,2026-07-14T15:36:46.547176+00:00,70.800125,19667,41,0202aad002c54cd3005a5811460e29efbf1ffffffc2246cd1e00000fc0007ebfe9ed0737feebfff600,1,TX 41 seq=22212 rx_latency=1ms tx_dur=1ms,23.402,
2733,10,710,2865758918,2026-07-14T15:36:46.647198+00:00,70.900164,19767,41,0202aad002c64d37005a5811460e29efbf1ffffffc2246cd1e00000fc0007ebfe9ed0737feebfff600,1,TX 41 seq=22213 rx_latency=1ms tx_dur=1ms,15.170,
2733,10,711,2865758919,2026-07-14T15:36:46.747184+00:00,71.000133,19867,41,0202aad002c74d9b005a5811460e29efbf1ffffffc2246cd1e00000fc0007ebfe9ed0737feebfff600,1,TX 41 seq=22214 rx_latency=1ms tx_dur=1ms,16.935,
2733,10,712,2865758920,2026-07-14T15:36:46.847188+00:00,71.100141,19967,41,0202aad002c84dff005a5811460e29efbf1ffffffc2246cd1e00000fc0007ebfe9ed0737feebfff600,1,TX 41 seq=22215 rx_latency=1ms tx_dur=1ms,19.568,
2733,10,713,2865758921,2026-07-14T15:36:46.947184+00:00,71.200136,20067,41,0202aad002c94e63005a5811460e29efbf1ffffffc2246cd1e00000fc0007ebfe9ed0737feebfff600,1,TX 41 seq=22216 rx_latency=1ms tx_dur=1ms,21.248,
2733,10,714,2865758922,2026-07-14T15:36:47.047188+00:00,71.300140,20167,41,0202aad002ca4ec7005a5811460e29efbf1ffffffc2246cd1e00000fc0007ebfe9ed0737feebfff600,1,TX 41 seq=22217 rx_latency=1ms tx_dur=1ms,23.023,
2733,10,715,2865758923,2026-07-14T15:36:47.147184+00:00,71.400135,20267,41,0202aad002cb4f2b005a5811460e29efbf1ffffffc2246cd1e00000fc0007ebfe9ed0737feebfff600,1,TX 41 seq=22218 rx_latency=1ms tx_dur=1ms,14.790,
2733,10,716,2865758924,2026-07-14T15:36:47.247207+00:00,71.500184,20367,41,0202aad002cc4f8f005a5811460e29efbf1ffffffc2246cd1e00000fc0007ebfe9ed0737feebfff600,1,TX 41 seq=22219 rx_latency=1ms tx_dur=1ms,17.314,
2733,10,717,2865758925,2026-07-14T15:36:47.347185+00:00,71.600137,20467,41,0202aad002cd4ff3005a5811460e29efbf1ffffffc2246cd1e00000fc0007ebfe9ed0737feebfff600,1,TX 41 seq=22220 rx_latency=1ms tx_dur=1ms,19.103,
2733,10,718,2865758926,2026-07-14T15:36:47.447191+00:00,71.700147,20567,41,0202aad002ce5057005a5811460e29efbf1ffffffc2246cd1e00000fc0007ebfe9ed0737feebfff600,1,TX 41 seq=22221 rx_latency=1ms tx_dur=1ms,20.838,
2733,10,719,2865758927,2026-07-14T15:36:47.547184+00:00,71.800135,20667,41,0202aad002cf50bb005a5811460e29efbf1ffffffc2246cd1e00000fc0007ebfe9ed0737feebfff600,1,TX 41 seq=22222 rx_latency=1ms tx_dur=1ms,23.618,
2733,10,720,2865758928,2026-07-14T15:36:47.647193+00:00,71.900149,20767,41,0202aad002d0511f005a5811460e29efbf1ffffffc2246cd1e00000fc0007ebfe9ed0737feebfff600,1,TX 41 seq=22223 rx_latency=1ms tx_dur=1ms,15.237,
2733,10,721,2865758929,2026-07-14T15:36:47.747193+00:00,72.000156,20867,41,0202aad002d15183005a5811460e29efbf1ffffffc2246cd1e00000fc0007ebfe9ed0737feebfff600,1,TX 41 seq=22224 rx_latency=1ms tx_dur=1ms,16.914,
2733,10,722,2865758930,2026-07-14T15:36:47.847191+00:00,72.100146,20967,41,0202aad002d251e7005a5811460e29efbf1ffffffc2246cd1e00000fc0007ebfe9ed0737feebfff600,1,TX 41 seq=22225 rx_latency=1ms tx_dur=1ms,18.696,
2733,10,723,2865758931,2026-07-14T15:36:47.947178+00:00,72.200126,21067,41,0202aad002d3524b005a5811460e29efbf1ffffffc2246cd1e00000fc0007ebfe9ed0737feebfff600,1,TX 41 seq=22226 rx_latency=1ms tx_dur=1ms,21.510,
2733,10,724,2865758932,2026-07-14T15:36:48.047191+00:00,72.300144,21167,41,0202aad002d452af005a5811460e29efbf1ffffffc2246cd1e00000fc0007ebfe9ed0737feebfff600,1,TX 41 seq=22227 rx_latency=1ms tx_dur=1ms,23.034,
2733,10,725,2865758933,2026-07-14T15:36:48.147183+00:00,72.400129,21267,41,0202aad002d55313005a5811460e29efbf1ffffffc2246cd1e00000fc0007ebfe9ed0737feebfff600,1,TX 41 seq=22228 rx_latency=1ms tx_dur=1ms,14.832,
2733,10,726,2865758934,2026-07-14T15:36:48.247189+00:00,72.500145,21367,41,0202aad002d65377005a5811460e29efbf1ffffffc2246cd1e00000fc0007ebfe9ed0737feebfff600,1,TX 41 seq=22229 rx_latency=1ms tx_dur=1ms,17.641,
2733,10,727,2865758935,2026-07-14T15:36:48.347183+00:00,72.600129,21467,41,0202aad002d753db005a5811460e29efbf1ffffffc2246cd1e00000fc0007ebfe9ed0737feebfff600,1,TX 41 seq=22230 rx_latency=1ms tx_dur=1ms,19.360,
2733,10,728,2865758936,2026-07-14T15:36:48.447189+00:00,72.700141,21567,41,0202aad002d8543f005a5811460e29efbf1ffffffc2246cd1e00000fc0007ebfe9ed0737feebfff600,1,TX 41 seq=22231 rx_latency=1ms tx_dur=1ms,20.905,
2733,10,729,2865758937,2026-07-14T15:36:48.547185+00:00,72.800134,21667,41,0202aad002d954a3005a5811460e29efbf1ffffffc2246cd1e00000fc0007ebfe9ed0737feebfff600,1,TX 41 seq=22232 rx_latency=1ms tx_dur=1ms,23.691,
2733,10,730,2865758938,2026-07-14T15:36:48.647196+00:00,72.900158,21767,41,0202aad002da5507005a5811460e29efbf1ffffffc2246cd1e00000fc0007ebfe9ed0737feebfff600,1,TX 41 seq=22233 rx_latency=1ms tx_dur=1ms,15.441,
2733,10,731,2865758939,2026-07-14T15:36:48.747192+00:00,73.000153,21867,41,0202aad002db556b005a5811460e29efbf1ffffffc2246cd1e00000fc0007ebfe9ed0737feebfff600,1,TX 41 seq=22234 rx_latency=1ms tx_dur=1ms,17.130,
2733,10,732,2865758940,2026-07-14T15:36:48.847192+00:00,73.100147,21967,41,0202aad002dc55cf005a5811460e29efbf1ffffffc2246cd1e00000fc0007ebfe9ed0737feebfff600,1,TX 41 seq=22235 rx_latency=1ms tx_dur=1ms,18.722,
2733,10,733,2865758941,2026-07-14T15:36:48.947190+00:00,73.200149,22067,41,0202aad002dd5633005a5811460e29efbf1ffffffc2246cd1e00000fc0007ebfe9ed0737feebfff600,1,TX 41 seq=22236 rx_latency=1ms tx_dur=1ms,21.488,
2733,10,734,2865758942,2026-07-14T15:36:49.047191+00:00,73.300148,22167,41,0202aad002de5697005a5811460e29efbf1ffffffc2246cd1e00000fc0007ebfe9ed0737feebfff600,1,TX 41 seq=22237 rx_latency=1ms tx_dur=1ms,23.276,
2733,10,735,2865758943,2026-07-14T15:36:49.147183+00:00,73.400130,22267,41,0202aad002df56fb005a5811460e29efbf1ffffffc2246cd1e00000fc0007ebfe9ed0737feebfff600,1,TX 41 seq=22238 rx_latency=1ms tx_dur=1ms,15.061,
2733,10,736,2865758944,2026-07-14T15:36:49.247191+00:00,73.500147,22367,41,0202aad002e0575f005a5811460e29efbf1ffffffc2246cd1e00000fc0007ebfe9ed0737feebfff600,1,TX 41 seq=22239 rx_latency=1ms tx_dur=1ms,16.754,
2733,10,737,2865758945,2026-07-14T15:36:49.347184+00:00,73.600131,22467,41,0202aad002e157c3005a5811460e29efbf1ffffffc2246cd1e00000fc0007ebfe9ed0737feebfff600,1,TX 41 seq=22240 rx_latency=1ms tx_dur=1ms,19.386,
2733,10,738,2865758946,2026-07-14T15:36:49.447192+00:00,73.700146,22567,41,0202aad002e25827005a5811460e29efbf1ffffffc2246cd1e00000fc0007ebfe9ed0737feebfff600,1,TX 41 seq=22241 rx_latency=1ms tx_dur=1ms,21.117,
2733,10,739,2865758947,2026-07-14T15:36:49.547184+00:00,73.800135,22667,41,0202aad002e3588b005a5811460e29efbf1ffffffc2246cd1e00000fc0007ebfe9ed0737feebfff600,1,TX 41 seq=22242 rx_latency=1ms tx_dur=1ms,22.799,
2733,10,740,2865758948,2026-07-14T15:36:49.647193+00:00,73.900148,22767,41,0202aad002e458ef005a5811460e29efbf1ffffffc2246cd1e00000fc0007ebfe9ed0737feebfff600,1,TX 41 seq=22243 rx_latency=1ms tx_dur=1ms,14.702,
2733,10,741,2865758949,2026-07-14T15:36:49.747196+00:00,74.000166,22867,41,0202aad002e55953005a5811460e29efbf1ffffffc2246cd1e00000fc0007ebfe9ed0737feebfff600,1,TX 41 seq=22244 rx_latency=1ms tx_dur=1ms,17.132,
2733,10,742,2865758950,2026-07-14T15:36:49.847193+00:00,74.100149,22967,41,0202aad002e659b7005a5811460e29efbf1ffffffc2246cd1e00000fc0007ebfe9ed0737feebfff600,1,TX 41 seq=22245 rx_latency=1ms tx_dur=1ms,18.957,
2733,10,743,2865758951,2026-07-14T15:36:49.947190+00:00,74.200148,23067,41,0202aad002e75a1b005a5811460e29efbf1ffffffc2246cd1e00000fc0007ebfe9ed0737feebfff600,1,TX 41 seq=22246 rx_latency=1ms tx_dur=1ms,20.615,
2733,10,744,2865758952,2026-07-14T15:36:50.047194+00:00,74.300151,23167,41,0202aad002e85a7f005a5811460e29efbf1ffffffc2246cd1e00000fc0007ebfe9ed0737feebfff600,1,TX 41 seq=22247 rx_latency=1ms tx_dur=1ms,23.503,
2733,10,745,2865758953,2026-07-14T15:36:50.147183+00:00,74.400131,23267,41,0202aad002e95ae3005a5811460e29efbf1ffffffc2246cd1e00000fc0007ebfe9ed0737feebfff600,1,TX 41 seq=22248 rx_latency=1ms tx_dur=1ms,15.097,
2733,10,746,2865758954,2026-07-14T15:36:50.247193+00:00,74.500146,23367,41,0202aad002ea5b47005a5811460e29efbf1ffffffc2246cd1e00000fc0007ebfe9ed0737feebfff600,1,TX 41 seq=22249 rx_latency=1ms tx_dur=1ms,16.790,
2733,10,747,2865758955,2026-07-14T15:36:50.347182+00:00,74.600129,23467,41,0202aad002eb5bab005a5811460e29efbf1ffffffc2246cd1e00000fc0007ebfe9ed0737feebfff600,1,TX 41 seq=22250 rx_latency=1ms tx_dur=1ms,19.620,
2733,10,748,2865758956,2026-07-14T15:36:50.447190+00:00,74.700143,23567,41,0202aad002ec5c0f005a5811460e29efbf1ffffffc2246cd1e00000fc0007ebfe9ed0737feebfff600,1,TX 41 seq=22251 rx_latency=1ms tx_dur=1ms,21.358,
2733,10,749,2865758957,2026-07-14T15:36:50.547183+00:00,74.800133,23667,41,0202aad002ed5c73005a5811460e29efbf1ffffffc2246cd1e00000fc0007ebfe9ed0737feebfff600,1,TX 41 seq=22252 rx_latency=1ms tx_dur=1ms,22.839,
2733,10,750,2865758958,2026-07-14T15:36:50.647181+00:00,74.900134,23767,41,0202aad002ee5cd7005a5811460e29efbf1ffffffc2246cd1e00000fc0007ebfe9ed0737feebfff600,1,TX 41 seq=22253 rx_latency=1ms tx_dur=1ms,14.648,
2733,10,751,2865758959,2026-07-14T15:36:50.747190+00:00,75.000139,23867,41,0202aad002ef5d3b005a5811460e29efbf1ffffffc2246cd1e00000fc0007ebfe9ed0737feebfff600,1,TX 41 seq=22254 rx_latency=1ms tx_dur=1ms,17.480,
2733,10,752,2865758960,2026-07-14T15:36:50.847189+00:00,75.100138,23967,41,0202aad002f05d9f005a5811460e29efbf1ffffffc2246cd1e00000fc0007ebfe9ed0737feebfff600,1,TX 41 seq=22255 rx_latency=1ms tx_dur=1ms,19.213,
2733,10,753,2865758961,2026-07-14T15:36:50.947189+00:00,75.200149,24067,41,0202aad002f15e03005a5811460e29efbf1ffffffc2246cd1e00000fc0007ebfe9ed0737feebfff600,1,TX 41 seq=22256 rx_latency=1ms tx_dur=1ms,20.714,
2733,10,754,2865758962,2026-07-14T15:36:51.047185+00:00,75.300136,24167,41,0202aad002f25e67005a5811460e29efbf1ffffffc2246cd1e00000fc0007ebfe9ed0737feebfff600,1,TX 41 seq=22257 rx_latency=1ms tx_dur=1ms,23.492,
2733,10,755,2865758963,2026-07-14T15:36:51.147188+00:00,75.400139,24267,41,0202aad002f35ecb005a5811460e29efbf1ffffffc2246cd1e00000fc0007ebfe9ed0737feebfff600,1,TX 41 seq=22258 rx_latency=1ms tx_dur=1ms,15.312,
2733,10,756,2865758964,2026-07-14T15:36:51.247189+00:00,75.500137,24367,41,0202aad002f45f2f005a5811460e29efbf1ffffffc2246cd1e00000fc0007ebfe9ed0737feebfff600,1,TX 41 seq=22259 rx_latency=1ms tx_dur=1ms,17.050,
2733,10,757,2865758965,2026-07-14T15:36:51.347189+00:00,75.600136,24467,41,0202aad002f55f93005a5811460e29efbf1ffffffc2246cd1e00000fc0007ebfe9ed0737feebfff600,1,TX 41 seq=22260 rx_latency=1ms tx_dur=1ms,19.671,
2733,10,758,2865758966,2026-07-14T15:36:51.447190+00:00,75.700140,24567,41,0202aad002f65ff7005a5811460e29efbf1ffffffc2246cd1e00000fc0007ebfe9ed0737feebfff600,1,TX 41 seq=22261 rx_latency=1ms tx_dur=1ms,21.400,
2733,10,759,2865758967,2026-07-14T15:36:51.547185+00:00,75.800135,24667,41,0202aad002f7605b005a5811460e29efbf1ffffffc2246cd1e00000fc0007ebfe9ed0737feebfff600,1,TX 41 seq=22262 rx_latency=1ms tx_dur=1ms,23.056,
2733,10,760,2865758968,2026-07-14T15:36:51.647191+00:00,75.900145,24767,41,0202aad002f860bf005a5811460e29efbf1ffffffc2246cd1e00000fc0007ebfe9ed0737feebfff600,1,TX 41 seq=22263 rx_latency=1ms tx_dur=1ms,14.869,
2733,10,761,2865758969,2026-07-14T15:36:51.747200+00:00,76.000169,24867,41,0202aad002f96123005a5811460e29efbf1ffffffc2246cd1e00000fc0007ebfe9ed0737feebfff600,1,TX 41 seq=22264 rx_latency=1ms tx_dur=1ms,17.432,
2733,10,762,2865758970,2026-07-14T15:36:51.847194+00:00,76.100147,24967,41,0202aad002fa6187005a5811460e29efbf1ffffffc2246cd1e00000fc0007ebfe9ed0737feebfff600,1,TX 41 seq=22265 rx_latency=1ms tx_dur=1ms,19.207,
2733,10,763,2865758971,2026-07-14T15:36:51.947189+00:00,76.200143,25067,41,0202aad002fb61eb005a5811460e29efbf1ffffffc2246cd1e00000fc0007ebfe9ed0737feebfff600,1,TX 41 seq=22266 rx_latency=1ms tx_dur=1ms,20.955,
2733,10,764,2865758972,2026-07-14T15:36:52.047189+00:00,76.300142,25167,41,0202aad002fc624f005a5811460e29efbf1ffffffc2246cd1e00000fc0007ebfe9ed0737feebfff600,1,TX 41 seq=22267 rx_latency=1ms tx_dur=1ms,22.678,
2733,10,765,2865758973,2026-07-14T15:36:52.147210+00:00,76.400186,25267,41,0202aad002fd62b3005a5811460e29efbf1ffffffc2246cd1e00000fc0007ebfe9ed0737feebfff600,1,TX 41 seq=22268 rx_latency=1ms tx_dur=1ms,15.246,
2733,10,766,2865758974,2026-07-14T15:36:52.247197+00:00,76.500164,25367,41,0202aad002fe6317005a5811460e29efbf1ffffffc2246cd1e00000fc0007ebfe9ed0737feebfff600,1,TX 41 seq=22269 rx_latency=1ms tx_dur=1ms,17.000,
2733,10,767,2865758975,2026-07-14T15:36:52.347137+00:00,76.600090,25467,41,0202aad002ff637b005a5811460e29efbf1ffffffc2246cd1e00000fc0007ebfe9ed0737feebfff600,1,TX 41 seq=22270 rx_latency=1ms tx_dur=1ms,18.839,
2733,10,768,2865758976,2026-07-14T15:36:52.447191+00:00,76.700142,25567,41,0202aad0030063df005a5811460e29efbf1ffffffc2246cd1e00000fc0007ebfe9ed0737feebfff600,1,TX 41 seq=22271 rx_latency=1ms tx_dur=1ms,21.631,
2733,10,769,2865758977,2026-07-14T15:36:52.547183+00:00,76.800134,25667,41,0202aad003016443005a5811460e29efbf1ffffffc2246cd1e00000fc0007ebfe9ed0737feebfff600,1,TX 41 seq=22272 rx_latency=1ms tx_dur=1ms,23.154,
2733,10,770,2865758978,2026-07-14T15:36:52.647194+00:00,76.900155,25767,41,0202aad0030264a7005a5811460e29efbf1ffffffc2246cd1e00000fc0007ebfe9ed0737feebfff600,1,TX 41 seq=22273 rx_latency=1ms tx_dur=1ms,14.866,
2733,10,771,2865758979,2026-07-14T15:36:52.747131+00:00,77.000087,25867,41,0202aad00303650b005a5811460e29efbf1ffffffc2246cd1e00000fc0007ebfe9ed0737feebfff600,1,TX 41 seq=22274 rx_latency=1ms tx_dur=1ms,16.671,
2733,10,772,2865758980,2026-07-14T15:36:52.847188+00:00,77.100137,25967,41,0202aad00304656f005a5811460e29efbf1ffffffc2246cd1e00000fc0007ebfe9ed0737feebfff600,1,TX 41 seq=22275 rx_latency=1ms tx_dur=1ms,19.467,
2733,10,773,2865758981,2026-07-14T15:36:52.947188+00:00,77.200140,26067,41,0202aad0030565d3005a5811460e29efbf1ffffffc2246cd1e00000fc0007ebfe9ed0737feebfff600,1,TX 41 seq=22276 rx_latency=1ms tx_dur=1ms,21.195,
2733,10,774,2865758982,2026-07-14T15:36:53.047188+00:00,77.300140,26167,41,0202aad003066637005a5811460e29efbf1ffffffc2246cd1e00000fc0007ebfe9ed0737feebfff600,1,TX 41 seq=22277 rx_latency=1ms tx_dur=1ms,22.706,
2733,10,775,2865758983,2026-07-14T15:36:53.147189+00:00,77.400139,26267,41,0202aad00307669b005a5811460e29efbf1ffffffc2246cd1e00000fc0007ebfe9ed0737feebfff600,1,TX 41 seq=22278 rx_latency=1ms tx_dur=1ms,15.585,
2733,10,776,2865758984,2026-07-14T15:36:53.247196+00:00,77.500160,26367,41,0202aad0030866ff005a5811460e29efbf1ffffffc2246cd1e00000fc0007ebfe9ed0737feebfff600,1,TX 41 seq=22279 rx_latency=1ms tx_dur=1ms,17.256,
2733,10,777,2865758985,2026-07-14T15:36:53.347189+00:00,77.600141,26467,41,0202aad003096763005a5811460e29efbf1ffffffc2246cd1e00000fc0007ebfe9ed0737feebfff600,1,TX 41 seq=22280 rx_latency=1ms tx_dur=1ms,19.039,
2733,10,778,2865758986,2026-07-14T15:36:53.447187+00:00,77.700138,26567,41,0202aad0030a67c7005a5811460e29efbf1ffffffc2246cd1e00000fc0007ebfe9ed0737feebfff600,1,TX 41 seq=22281 rx_latency=1ms tx_dur=1ms,21.658,
2733,10,779,2865758987,2026-07-14T15:36:53.547190+00:00,77.800141,26667,41,0202aad0030b682b005a5811460e29efbf1ffffffc2246cd1e00000fc0007ebfe9ed0737feebfff600,1,TX 41 seq=22282 rx_latency=1ms tx_dur=1ms,23.404,
2733,10,780,2865758988,2026-07-14T15:36:53.647184+00:00,77.900133,26767,41,0202aad0030c688f005a5811460e29efbf1ffffffc2246cd1e00000fc0007ebfe9ed0737feebfff600,1,TX 41 seq=22283 rx_latency=1ms tx_dur=1ms,15.155,
2733,10,781,2865758989,2026-07-14T15:36:53.747192+00:00,78.000147,26867,41,0202aad0030d68f3005a5811460e29efbf1ffffffc2246cd1e00000fc0007ebfe9ed0737feebfff600,1,TX 41 seq=22284 rx_latency=1ms tx_dur=1ms,16.853,
2733,10,782,2865758990,2026-07-14T15:36:53.847188+00:00,78.100139,26967,41,0202aad0030e6957005a5811460e29efbf1ffffffc2246cd1e00000fc0007ebfe9ed0737feebfff600,1,TX 41 seq=22285 rx_latency=1ms tx_dur=1ms,19.504,
2733,10,783,2865758991,2026-07-14T15:36:53.947188+00:00,78.200138,27067,41,0202aad0030f69bb005a5811460e29efbf1ffffffc2246cd1e00000fc0007ebfe9ed0737feebfff600,1,TX 41 seq=22286 rx_latency=1ms tx_dur=1ms,21.232,
2733,10,784,2865758992,2026-07-14T15:36:54.047188+00:00,78.300139,27167,41,0202aad003106a1f005a5811460e29efbf1ffffffc2246cd1e00000fc0007ebfe9ed0737feebfff600,1,TX 41 seq=22287 rx_latency=1ms tx_dur=1ms,22.976,
2733,10,785,2865758993,2026-07-14T15:36:54.147189+00:00,78.400138,27267,41,0202aad003116a83005a5811460e29efbf1ffffffc2246cd1e00000fc0007ebfe9ed0737feebfff600,1,TX 41 seq=22288 rx_latency=1ms tx_dur=1ms,14.716,
2733,10,786,2865758994,2026-07-14T15:36:54.247193+00:00,78.500152,27367,41,0202aad003126ae7005a5811460e29efbf1ffffffc2246cd1e00000fc0007ebfe9ed0737feebfff600,1,TX 41 seq=22289 rx_latency=1ms tx_dur=1ms,17.294,
2733,10,787,2865758995,2026-07-14T15:36:54.347189+00:00,78.600140,27467,41,0202aad003136b4b005a5811460e29efbf1ffffffc2246cd1e00000fc0007ebfe9ed0737feebfff600,1,TX 41 seq=22290 rx_latency=1ms tx_dur=1ms,19.059,
2733,10,788,2865758996,2026-07-14T15:36:54.447195+00:00,78.700156,27567,41,0202aad003146baf005a5811460e29efbf1ffffffc2246cd1e00000fc0007ebfe9ed0737feebfff600,1,TX 41 seq=22291 rx_latency=1ms tx_dur=1ms,20.753,
2733,10,789,2865758997,2026-07-14T15:36:54.547192+00:00,78.800149,27667,41,0202aad003156c13005a5811460e29efbf1ffffffc2246cd1e00000fc0007ebfe9ed0737feebfff600,1,TX 41 seq=22292 rx_latency=1ms tx_dur=1ms,23.621,
2733,10,790,2865758998,2026-07-14T15:36:54.647185+00:00,78.900136,27767,41,0202aad003166c77005a5811460e29efbf1ffffffc2246cd1e00000fc0007ebfe9ed0737feebfff600,1,TX 41 seq=22293 rx_latency=1ms tx_dur=1ms,15.181,
2733,10,791,2865758999,2026-07-14T15:36:54.747190+00:00,79.000146,27867,41,0202aad003176cdb005a5811460e29efbf1ffffffc2246cd1e00000fc0007ebfe9ed0737feebfff600,1,TX 41 seq=22294 rx_latency=1ms tx_dur=1ms,16.884,
2733,10,792,2865759000,2026-07-14T15:36:54.847189+00:00,79.100139,27967,41,0202aad003186d3f005a5811460e29efbf1ffffffc2246cd1e00000fc0007ebfe9ed0737feebfff600,1,TX 41 seq=22295 rx_latency=1ms tx_dur=1ms,18.641,
2733,10,793,2865759001,2026-07-14T15:36:54.947189+00:00,79.200141,28067,41,0202aad003196da3005a5811460e29efbf1ffffffc2246cd1e00000fc0007ebfe9ed0737feebfff600,1,TX 41 seq=22296 rx_latency=1ms tx_dur=1ms,21.472,
2733,10,794,2865759002,2026-07-14T15:36:55.047149+00:00,79.300101,28167,41,0202aad0031a6e07005a5811460e29efbf1ffffffc2246cd1e00000fc0007ebfe9ed0737feebfff600,1,TX 41 seq=22297 rx_latency=1ms tx_dur=1ms,23.050,
2733,10,795,2865759003,2026-07-14T15:36:55.147190+00:00,79.400140,28267,41,0202aad0031b6e6b005a5811460e29efbf1ffffffc2246cd1e00000fc0007ebfe9ed0737feebfff600,1,TX 41 seq=22298 rx_latency=1ms tx_dur=1ms,14.744,
2733,10,796,2865759004,2026-07-14T15:36:55.247189+00:00,79.500138,28367,41,0202aad0031c6ecf005a5811460e29efbf1ffffffc2246cd1e00000fc0007ebfe9ed0737feebfff600,1,TX 41 seq=22299 rx_latency=1ms tx_dur=1ms,17.581,
2733,10,797,2865759005,2026-07-14T15:36:55.347188+00:00,79.600137,28467,41,0202aad0031d6f33005a5811460e29efbf1ffffffc2246cd1e00000fc0007ebfe9ed0737feebfff600,1,TX 41 seq=22300 rx_latency=1ms tx_dur=1ms,19.302,
2733,10,798,2865759006,2026-07-14T15:36:55.447186+00:00,79.700146,28567,41,0202aad0031e6f97005a5811460e29efbf1ffffffc2246cd1e00000fc0007ebfe9ed0737feebfff600,1,TX 41 seq=22301 rx_latency=1ms tx_dur=1ms,20.757,
2733,10,799,2865759007,2026-07-14T15:36:55.547193+00:00,79.800149,28667,41,0202aad0031f6ffb005a5811460e29efbf1ffffffc2246cd1e00000fc0007ebfe9ed0737feebfff600,1,TX 41 seq=22302 rx_latency=1ms tx_dur=1ms,23.644,
2733,10,800,2865759008,2026-07-14T15:36:55.647174+00:00,79.900137,28767,41,0202aad00320705f005a5811460e29efbf1ffffffc2246cd1e00000fc0007ebfe9ed0737feebfff600,1,TX 41 seq=22303 rx_latency=1ms tx_dur=1ms,15.455,
2733,10,801,2865759009,2026-07-14T15:36:55.747204+00:00,80.000178,28867,41,0202aad0032170c3005a5811460e29efbf1ffffffc2246cd1e00000fc0007ebfe9ed0737feebfff600,1,TX 41 seq=22304 rx_latency=1ms tx_dur=1ms,17.015,
2733,10,802,2865759010,2026-07-14T15:36:55.847184+00:00,80.100138,28967,41,0202aad003227127005a5811460e29efbf1ffffffc2246cd1e00000fc0007ebfe9ed0737feebfff600,1,TX 41 seq=22305 rx_latency=1ms tx_dur=1ms,19.689,
2733,10,803,2865759011,2026-07-14T15:36:55.947158+00:00,80.200115,29067,41,0202aad00323718b005a5811460e29efbf1ffffffc2246cd1e00000fc0007ebfe9ed0737feebfff600,1,TX 41 seq=22306 rx_latency=1ms tx_dur=1ms,21.493,
2733,10,804,2865759012,2026-07-14T15:36:56.047186+00:00,80.300137,29167,41,0202aad0032471ef005a5811460e29efbf1ffffffc2246cd1e00000fc0007ebfe9ed0737feebfff600,1,TX 41 seq=22307 rx_latency=1ms tx_dur=1ms,23.162,
2733,10,805,2865759013,2026-07-14T15:36:56.147194+00:00,80.400150,29267,41,0202aad003257253005a5811460e29efbf1ffffffc2246cd1e00000fc0007ebfe9ed0737feebfff600,1,TX 41 seq=22308 rx_latency=1ms tx_dur=1ms,14.959,
2733,10,806,2865759014,2026-07-14T15:36:56.247193+00:00,80.500172,29367,41,0202aad0032672b7005a5811460e29efbf1ffffffc2246cd1e00000fc0007ebfe9ed0737feebfff600,1,TX 41 seq=22309 rx_latency=1ms tx_dur=1ms,17.490,
2733,10,807,2865759015,2026-07-14T15:36:56.347194+00:00,80.600151,29467,41,0202aad00327731b005a5811460e29efbf1ffffffc2246cd1e00000fc0007ebfe9ed0737feebfff600,1,TX 41 seq=22310 rx_latency=1ms tx_dur=1ms,19.272,
2733,10,808,2865759016,2026-07-14T15:36:56.447204+00:00,80.700171,29567,41,0202aad00328737f005a5811460e29efbf1ffffffc2246cd1e00000fc0007ebfe9ed0737feebfff600,1,TX 41 seq=22311 rx_latency=1ms tx_dur=1ms,20.858,
2733,10,809,2865759017,2026-07-14T15:36:56.547193+00:00,80.800158,29667,41,0202aad0032973e3005a5811460e29efbf1ffffffc2246cd1e00000fc0007ebfe9ed0737feebfff600,1,TX 41 seq=22312 rx_latency=1ms tx_dur=1ms,22.667,
2733,10,810,2865759018,2026-07-14T15:36:56.647185+00:00,80.900134,29767,41,0202aad0032a7447005a5811460e29efbf1ffffffc2246cd1e00000fc0007ebfe9ed0737feebfff600,1,TX 41 seq=22313 rx_latency=1ms tx_dur=1ms,15.729,
2733,10,811,2865759019,2026-07-14T15:36:56.747193+00:00,81.000146,29867,41,0202aad0032b74ab005a5811460e29efbf1ffffffc2246cd1e00000fc0007ebfe9ed0737feebfff600,1,TX 41 seq=22314 rx_latency=1ms tx_dur=1ms,17.083,
2733,10,812,2865759020,2026-07-14T15:36:56.847181+00:00,81.100129,29967,41,0202aad0032c750f005a5811460e29efbf1ffffffc2246cd1e00000fc0007ebfe9ed0737feebfff600,1,TX 41 seq=22315 rx_latency=1ms tx_dur=1ms,18.975,
2733,10,813,2865759021,2026-07-14T15:36:56.947194+00:00,81.200143,30067,41,0202aad0032d7573005a5811460e29efbf1ffffffc2246cd1e00000fc0007ebfe9ed0737feebfff600,1,TX 41 seq=22316 rx_latency=1ms tx_dur=1ms,20.666,
2733,10,814,2865759022,2026-07-14T15:36:57.047190+00:00,81.300148,30167,41,0202aad0032e75d7005a5811460e29efbf1ffffffc2246cd1e00000fc0007ebfe9ed0737feebfff600,1,TX 41 seq=22317 rx_latency=1ms tx_dur=1ms,23.279,
2733,10,815,2865759023,2026-07-14T15:36:57.147184+00:00,81.400132,30267,41,0202aad0032f763b005a5811460e29efbf1ffffffc2246cd1e00000fc0007ebfe9ed0737feebfff600,1,TX 41 seq=22318 rx_latency=1ms tx_dur=1ms,15.066,
2733,10,816,2865759024,2026-07-14T15:36:57.247119+00:00,81.500071,30367,41,0202aad00330769f005a5811460e29efbf1ffffffc2246cd1e00000fc0007ebfe9ed0737feebfff600,1,TX 41 seq=22319 rx_latency=1ms tx_dur=1ms,16.828,
2733,10,817,2865759025,2026-07-14T15:36:57.347189+00:00,81.600139,30467,41,0202aad003317703005a5811460e29efbf1ffffffc2246cd1e00000fc0007ebfe9ed0737feebfff600,1,TX 41 seq=22320 rx_latency=1ms tx_dur=1ms,19.570,
2733,10,818,2865759026,2026-07-14T15:36:57.447188+00:00,81.700139,30567,41,0202aad003327767005a5811460e29efbf1ffffffc2246cd1e00000fc0007ebfe9ed0737feebfff600,1,TX 41 seq=22321 rx_latency=1ms tx_dur=1ms,21.220,
2733,10,819,2865759027,2026-07-14T15:36:57.547188+00:00,81.800147,30667,41,0202aad0033377cb005a5811460e29efbf1ffffffc2246cd1e00000fc0007ebfe9ed0737feebfff600,1,TX 41 seq=22322 rx_latency=1ms tx_dur=1ms,22.843,
2733,10,820,2865759028,2026-07-14T15:36:57.647190+00:00,81.900144,30767,41,0202aad00334782f005a5811460e29efbf1ffffffc2246cd1e00000fc0007ebfe9ed0737feebfff600,1,TX 41 seq=22323 rx_latency=1ms tx_dur=1ms,15.615,
2733,10,821,2865759029,2026-07-14T15:36:57.747190+00:00,82.000151,30867,41,0202aad003357893005a5811460e29efbf1ffffffc2246cd1e00000fc0007ebfe9ed0737feebfff600,1,TX 41 seq=22324 rx_latency=1ms tx_dur=1ms,17.468,
2733,10,822,2865759030,2026-07-14T15:36:57.847191+00:00,82.100145,30967,41,0202aad0033678f7005a5811460e29efbf1ffffffc2246cd1e00000fc0007ebfe9ed0737feebfff600,1,TX 41 seq=22325 rx_latency=1ms tx_dur=1ms,19.053,
2733,10,823,2865759031,2026-07-14T15:36:57.947183+00:00,82.200129,31067,41,0202aad00337795b005a5811460e29efbf1ffffffc2246cd1e00000fc0007ebfe9ed0737feebfff600,1,TX 41 seq=22326 rx_latency=1ms tx_dur=1ms,20.733,
2733,10,824,2865759032,2026-07-14T15:36:58.047191+00:00,82.300145,31167,41,0202aad0033879bf005a5811460e29efbf1ffffffc2246cd1e00000fc0007ebfe9ed0737feebfff600,1,TX 41 seq=22327 rx_latency=1ms tx_dur=1ms,23.479,
2733,10,825,2865759033,2026-07-14T15:36:58.147189+00:00,82.400138,31267,41,0202aad003397a23005a5811460e29efbf1ffffffc2246cd1e00000fc0007ebfe9ed0737feebfff600,1,TX 41 seq=22328 rx_latency=1ms tx_dur=1ms,15.212,
2733,10,826,2865759034,2026-07-14T15:36:58.247183+00:00,82.500131,31367,41,0202aad0033a7a87005a5811460e29efbf1ffffffc2246cd1e00000fc0007ebfe9ed0737feebfff600,1,TX 41 seq=22329 rx_latency=1ms tx_dur=1ms,17.029,
2733,10,827,2865759035,2026-07-14T15:36:58.347188+00:00,82.600138,31467,41,0202aad0033b7aeb005a5811460e29efbf1ffffffc2246cd1e00000fc0007ebfe9ed0737feebfff600,1,TX 41 seq=22330 rx_latency=1ms tx_dur=1ms,19.596,
2733,10,828,2865759036,2026-07-14T15:36:58.447187+00:00,82.700137,31567,41,0202aad0033c7b4f005a5811460e29efbf1ffffffc2246cd1e00000fc0007ebfe9ed0737feebfff600,1,TX 41 seq=22331 rx_latency=1ms tx_dur=1ms,21.335,
2733,10,829,2865759037,2026-07-14T15:36:58.547188+00:00,82.800140,31667,41,0202aad0033d7bb3005a5811460e29efbf1ffffffc2246cd1e00000fc0007ebfe9ed0737feebfff600,1,TX 41 seq=22332 rx_latency=1ms tx_dur=1ms,23.056,
2733,10,830,2865759038,2026-07-14T15:36:58.647187+00:00,82.900136,31767,41,0202aad0033e7c17005a5811460e29efbf1ffffffc2246cd1e00000fc0007ebfe9ed0737feebfff600,1,TX 41 seq=22333 rx_latency=1ms tx_dur=1ms,14.860,
2733,10,831,2865759039,2026-07-14T15:36:58.747206+00:00,83.000185,31867,41,0202aad0033f7c7b005a5811460e29efbf1ffffffc2246cd1e00000fc0007ebfe9ed0737feebfff600,1,TX 41 seq=22334 rx_latency=1ms tx_dur=1ms,17.327,
2733,10,832,2865759040,2026-07-14T15:36:58.847183+00:00,83.100135,31967,41,0202aad003407cdf005a5811460e29efbf1ffffffc2246cd1e00000fc0007ebfe9ed0737feebfff600,1,TX 41 seq=22335 rx_latency=1ms tx_dur=1ms,19.267,
2733,10,833,2865759041,2026-07-14T15:36:58.947189+00:00,83.200142,32067,41,0202aad003417d43005a5811460e29efbf1ffffffc2246cd1e00000fc0007ebfe9ed0737feebfff600,1,TX 41 seq=22336 rx_latency=1ms tx_dur=1ms,20.845,
2733,10,834,2865759042,2026-07-14T15:36:59.047185+00:00,83.300135,32167,41,0202aad003427da7005a5811460e29efbf1ffffffc2246cd1e00000fc0007ebfe9ed0737feebfff600,1,TX 41 seq=22337 rx_latency=1ms tx_dur=1ms,23.768,
2733,10,835,2865759043,2026-07-14T15:36:59.147190+00:00,83.400140,32267,41,0202aad003437e0b005a5811460e29efbf1ffffffc2246cd1e00000fc0007ebfe9ed0737feebfff600,1,TX 41 seq=22338 rx_latency=1ms tx_dur=1ms,15.314,
2733,10,836,2865759044,2026-07-14T15:36:59.247141+00:00,83.500094,32367,41,0202aad003447e6f005a5811460e29efbf1ffffffc2246cd1e00000fc0007ebfe9ed0737feebfff600,1,TX 41 seq=22339 rx_latency=1ms tx_dur=1ms,17.114,
2733,10,837,2865759045,2026-07-14T15:36:59.347191+00:00,83.600143,32467,41,0202aad003457ed3005a5811460e29efbf1ffffffc2246cd1e00000fc0007ebfe9ed0737feebfff600,1,TX 41 seq=22340 rx_latency=1ms tx_dur=1ms,18.710,
2733,10,838,2865759046,2026-07-14T15:36:59.447184+00:00,83.700134,32567,41,0202aad003467f37005a5811460e29efbf1ffffffc2246cd1e00000fc0007ebfe9ed0737feebfff600,1,TX 41 seq=22341 rx_latency=1ms tx_dur=1ms,21.575,
2733,10,839,2865759047,2026-07-14T15:36:59.547159+00:00,83.800110,32667,41,0202aad003477f9b005a5811460e29efbf1ffffffc2246cd1e00000fc0007ebfe9ed0737feebfff600,1,TX 41 seq=22342 rx_latency=1ms tx_dur=1ms,23.114,
2733,10,840,2865759048,2026-07-14T15:36:59.647193+00:00,83.900148,32767,41,0202aad003487fff005a5811460e29efbf1ffffffc2246cd1e00000fc0007ebfe9ed0737feebfff600,1,TX 41 seq=22343 rx_latency=1ms tx_dur=1ms,14.832,
2733,10,841,2865759049,2026-07-14T15:36:59.747187+00:00,84.000143,32867,41,0202aad003498063005a5811460e29efbf1ffffffc2246cd1e00000fc0007ebfe9ed0737feebfff600,1,TX 41 seq=22344 rx_latency=1ms tx_dur=1ms,17.648,
2733,10,842,2865759050,2026-07-14T15:36:59.847196+00:00,84.100162,32967,41,0202aad0034a80c7005a5811460e29efbf1ffffffc2246cd1e00000fc0007ebfe9ed0737feebfff600,1,TX 41 seq=22345 rx_latency=1ms tx_dur=1ms,19.366,
2733,10,843,2865759051,2026-07-14T15:36:59.947183+00:00,84.200133,33067,41,0202aad0034b812b005a5811460e29efbf1ffffffc2246cd1e00000fc0007ebfe9ed0737feebfff600,1,TX 41 seq=22346 rx_latency=1ms tx_dur=1ms,20.967,
2733,10,844,2865759052,2026-07-14T15:37:00.047192+00:00,84.300149,33167,41,0202aad0034c818f005a5811460e29efbf1ffffffc2246cd1e00000fc0007ebfe9ed0737feebfff600,1,TX 41 seq=22347 rx_latency=1ms tx_dur=1ms,22.600,
2733,10,845,2865759053,2026-07-14T15:37:00.147180+00:00,84.400128,33267,41,0202aad0034d81f3005a5811460e29efbf1ffffffc2246cd1e00000fc0007ebfe9ed0737feebfff600,1,TX 41 seq=22348 rx_latency=1ms tx_dur=1ms,15.517,
2733,10,846,2865759054,2026-07-14T15:37:00.247187+00:00,84.500140,33367,41,0202aad0034e8257005a5811460e29efbf1ffffffc2246cd1e00000fc0007ebfe9ed0737feebfff600,1,TX 41 seq=22349 rx_latency=1ms tx_dur=1ms,17.233,
2733,10,847,2865759055,2026-07-14T15:37:00.347183+00:00,84.600134,33467,41,0202aad0034f82bb005a5811460e29efbf1ffffffc2246cd1e00000fc0007ebfe9ed0737feebfff600,1,TX 41 seq=22350 rx_latency=1ms tx_dur=1ms,18.936,
2733,10,848,2865759056,2026-07-14T15:37:00.447187+00:00,84.700139,33567,41,0202aad00350831f005a5811460e29efbf1ffffffc2246cd1e00000fc0007ebfe9ed0737feebfff600,1,TX 41 seq=22351 rx_latency=1ms tx_dur=1ms,21.595,
2733,10,849,2865759057,2026-07-14T15:37:00.547189+00:00,84.800139,33667,41,0202aad003518383005a5811460e29efbf1ffffffc2246cd1e00000fc0007ebfe9ed0737feebfff600,1,TX 41 seq=22352 rx_latency=1ms tx_dur=1ms,23.353,
2733,10,850,2865759058,2026-07-14T15:37:00.647185+00:00,84.900134,33767,41,0202aad0035283e7005a5811460e29efbf1ffffffc2246cd1e00000fc0007ebfe9ed0737feebfff600,1,TX 41 seq=22353 rx_latency=1ms tx_dur=1ms,15.081,
2733,10,851,2865759059,2026-07-14T15:37:00.747117+00:00,85.000070,33867,41,0202aad00353844b005a5811460e29efbf1ffffffc2246cd1e00000fc0007ebfe9ed0737feebfff600,1,TX 41 seq=22354 rx_latency=1ms tx_dur=1ms,16.859,
2733,10,852,2865759060,2026-07-14T15:37:00.847183+00:00,85.100131,33967,41,0202aad0035484af005a5811460e29efbf1ffffffc2246cd1e00000fc0007ebfe9ed0737feebfff600,1,TX 41 seq=22355 rx_latency=1ms tx_dur=1ms,19.405,
2733,10,853,2865759061,2026-07-14T15:37:00.947150+00:00,85.200101,34067,41,0202aad003558513005a5811460e29efbf1ffffffc2246cd1e00000fc0007ebfe9ed0737feebfff600,1,TX 41 seq=22356 rx_latency=1ms tx_dur=1ms,21.242,
2733,10,854,2865759062,2026-07-14T15:37:01.047190+00:00,85.300153,34167,41,0202aad003568577005a5811460e29efbf1ffffffc2246cd1e00000fc0007ebfe9ed0737feebfff600,1,TX 41 seq=22357 rx_latency=1ms tx_dur=1ms,22.777,
2733,10,855,2865759063,2026-07-14T15:37:01.147191+00:00,85.400146,34267,41,0202aad0035785db005a5811460e29efbf1ffffffc2246cd1e00000fc0007ebfe9ed0737feebfff600,1,TX 41 seq=22358 rx_latency=1ms tx_dur=1ms,14.650,
2733,10,856,2865759064,2026-07-14T15:37:01.247183+00:00,85.500133,34367,41,0202aad00358863f005a5811460e29efbf1ffffffc2246cd1e00000fc0007ebfe9ed0737feebfff600,1,TX 41 seq=22359 rx_latency=1ms tx_dur=1ms,17.237,
2733,10,857,2865759065,2026-07-14T15:37:01.347150+00:00,85.600102,34467,41,0202aad0035986a3005a5811460e29efbf1ffffffc2246cd1e00000fc0007ebfe9ed0737feebfff600,1,TX 41 seq=22360 rx_latency=1ms tx_dur=1ms,19.011,
2733,10,858,2865759066,2026-07-14T15:37:01.447182+00:00,85.700127,34567,41,0202aad0035a8707005a5811460e29efbf1ffffffc2246cd1e00000fc0007ebfe9ed0737feebfff600,1,TX 41 seq=22361 rx_latency=1ms tx_dur=1ms,21.808,
2733,10,859,2865759067,2026-07-14T15:37:01.547193+00:00,85.800153,34667,41,0202aad0035b876b005a5811460e29efbf1ffffffc2246cd1e00000fc0007ebfe9ed0737feebfff600,1,TX 41 seq=22362 rx_latency=1ms tx_dur=1ms,23.509,
2733,10,860,2865759068,2026-07-14T15:37:01.647184+00:00,85.900133,34767,41,0202aad0035c87cf005a5811460e29efbf1ffffffc2246cd1e00000fc0007ebfe9ed0737feebfff600,1,TX 41 seq=22363 rx_latency=1ms tx_dur=1ms,15.144,
2733,10,861,2865759069,2026-07-14T15:37:01.747135+00:00,86.000097,34867,41,0202aad0035d8833005a5811460e29efbf1ffffffc2246cd1e00000fc0007ebfe9ed0737feebfff600,1,TX 41 seq=22364 rx_latency=1ms tx_dur=1ms,16.843,
2733,10,862,2865759070,2026-07-14T15:37:01.847185+00:00,86.100136,34967,41,0202aad0035e8897005a5811460e29efbf1ffffffc2246cd1e00000fc0007ebfe9ed0737feebfff600,1,TX 41 seq=22365 rx_latency=1ms tx_dur=1ms,19.612,
2733,10,863,2865759071,2026-07-14T15:37:01.947190+00:00,86.200145,35067,41,0202aad0035f88fb005a5811460e29efbf1ffffffc2246cd1e00000fc0007ebfe9ed0737feebfff600,1,TX 41 seq=22366 rx_latency=1ms tx_dur=1ms,21.378,
2733,10,864,2865759072,2026-07-14T15:37:02.047188+00:00,86.300148,35167,41,0202aad00360895f005a5811460e29efbf1ffffffc2246cd1e00000fc0007ebfe9ed0737feebfff600,1,TX 41 seq=22367 rx_latency=1ms tx_dur=1ms,22.832,
2733,10,865,2865759073,2026-07-14T15:37:02.147206+00:00,86.400192,35267,41,0202aad0036189c3005a5811460e29efbf1ffffffc2246cd1e00000fc0007ebfe9ed0737feebfff600,1,TX 41 seq=22368 rx_latency=1ms tx_dur=1ms,14.517,
2733,10,866,2865759074,2026-07-14T15:37:02.247188+00:00,86.500147,35367,41,0202aad003628a27005a5811460e29efbf1ffffffc2246cd1e00000fc0007ebfe9ed0737feebfff600,1,TX 41 seq=22369 rx_latency=1ms tx_dur=1ms,17.464,
2733,10,867,2865759075,2026-07-14T15:37:02.347198+00:00,86.600163,35467,41,0202aad003638a8b005a5811460e29efbf1ffffffc2246cd1e00000fc0007ebfe9ed0737feebfff600,1,TX 41 seq=22370 rx_latency=1ms tx_dur=1ms,19.163,
2733,10,868,2865759076,2026-07-14T15:37:02.447184+00:00,86.700134,35567,41,0202aad003648aef005a5811460e29efbf1ffffffc2246cd1e00000fc0007ebfe9ed0737feebfff600,1,TX 41 seq=22371 rx_latency=1ms tx_dur=1ms,20.721,
2733,10,869,2865759077,2026-07-14T15:37:02.547192+00:00,86.800148,35667,41,0202aad003658b53005a5811460e29efbf1ffffffc2246cd1e00000fc0007ebfe9ed0737feebfff600,1,TX 41 seq=22372 rx_latency=1ms tx_dur=1ms,23.555,
2733,10,870,2865759078,2026-07-14T15:37:02.647188+00:00,86.900146,35767,41,0202aad003668bb7005a5811460e29efbf1ffffffc2246cd1e00000fc0007ebfe9ed0737feebfff600,1,TX 41 seq=22373 rx_latency=1ms tx_dur=1ms,15.310,
2733,10,871,2865759079,2026-07-14T15:37:02.747191+00:00,87.000148,35867,41,0202aad003678c1b005a5811460e29efbf1ffffffc2246cd1e00000fc0007ebfe9ed0737feebfff600,1,TX 41 seq=22374 rx_latency=1ms tx_dur=1ms,17.044,
2733,10,872,2865759080,2026-07-14T15:37:02.847183+00:00,87.100134,35967,41,0202aad003688c7f005a5811460e29efbf1ffffffc2246cd1e00000fc0007ebfe9ed0737feebfff600,1,TX 41 seq=22375 rx_latency=1ms tx_dur=1ms,19.690,
2733,10,873,2865759081,2026-07-14T15:37:02.947190+00:00,87.200144,36067,41,0202aad003698ce3005a5811460e29efbf1ffffffc2246cd1e00000fc0007ebfe9ed0737feebfff600,1,TX 41 seq=22376 rx_latency=1ms tx_dur=1ms,21.433,
2733,10,874,2865759082,2026-07-14T15:37:03.047192+00:00,87.300152,36167,41,0202aad0036a8d47005a5811460e29efbf1ffffffc2246cd1e00000fc0007ebfe9ed0737feebfff600,1,TX 41 seq=22377 rx_latency=1ms tx_dur=1ms,23.038,
2733,10,875,2865759083,2026-07-14T15:37:03.147193+00:00,87.400149,36267,41,0202aad0036b8dab005a5811460e29efbf1ffffffc2246cd1e00000fc0007ebfe9ed0737feebfff600,1,TX 41 seq=22378 rx_latency=1ms tx_dur=1ms,14.879,
2733,10,876,2865759084,2026-07-14T15:37:03.247188+00:00,87.500146,36367,41,0202aad0036c8e0f005a5811460e29efbf1ffffffc2246cd1e00000fc0007ebfe9ed0737feebfff600,1,TX 41 seq=22379 rx_latency=1ms tx_dur=1ms,17.492,
2733,10,877,2865759085,2026-07-14T15:37:03.347193+00:00,87.600150,36467,41,0202aad0036d8e73005a5811460e29efbf1ffffffc2246cd1e00000fc0007ebfe9ed0737feebfff600,1,TX 41 seq=22380 rx_latency=1ms tx_dur=1ms,19.241,
2733,10,878,2865759086,2026-07-14T15:37:03.447183+00:00,87.700131,36567,41,0202aad0036e8ed7005a5811460e29efbf1ffffffc2246cd1e00000fc0007ebfe9ed0737feebfff600,1,TX 41 seq=22381 rx_latency=1ms tx_dur=1ms,20.962,
2733,10,879,2865759087,2026-07-14T15:37:03.547191+00:00,87.800147,36667,41,0202aad0036f8f3b005a5811460e29efbf1ffffffc2246cd1e00000fc0007ebfe9ed0737feebfff600,1,TX 41 seq=22382 rx_latency=1ms tx_dur=1ms,22.690,
2733,10,880,2865759088,2026-07-14T15:37:03.647190+00:00,87.900152,36767,41,0202aad003708f9f005a5811460e29efbf1ffffffc2246cd1e00000fc0007ebfe9ed0737feebfff600,1,TX 41 seq=22383 rx_latency=1ms tx_dur=1ms,15.338,
2733,10,881,2865759089,2026-07-14T15:37:03.747197+00:00,88.000157,36867,41,0202aad003719003005a5811460e29efbf1ffffffc2246cd1e00000fc0007ebfe9ed0737feebfff600,1,TX 41 seq=22384 rx_latency=1ms tx_dur=1ms,17.052,
2733,10,882,2865759090,2026-07-14T15:37:03.847186+00:00,88.100137,36967,41,0202aad003729067005a5811460e29efbf1ffffffc2246cd1e00000fc0007ebfe9ed0737feebfff600,1,TX 41 seq=22385 rx_latency=1ms tx_dur=1ms,18.797,
2733,10,883,2865759091,2026-07-14T15:37:03.947192+00:00,88.200145,37067,41,0202aad0037390cb005a5811460e29efbf1ffffffc2246cd1e00000fc0007ebfe9ed0737feebfff600,1,TX 41 seq=22386 rx_latency=1ms tx_dur=1ms,21.648,
2733,10,884,2865759092,2026-07-14T15:37:04.047141+00:00,88.300091,37167,41,0202aad00374912f005a5811460e29efbf1ffffffc2246cd1e00000fc0007ebfe9ed0737feebfff600,1,TX 41 seq=22387 rx_latency=1ms tx_dur=1ms,23.366,
2733,10,885,2865759093,2026-07-14T15:37:04.147191+00:00,88.400145,37267,41,0202aad003759193005a5811460e29efbf1ffffffc2246cd1e00000fc0007ebfe9ed0737feebfff600,1,TX 41 seq=22388 rx_latency=1ms tx_dur=1ms,14.916,
2733,10,886,2865759094,2026-07-14T15:37:04.247213+00:00,88.500197,37367,41,0202aad0037691f7005a5811460e29efbf1ffffffc2246cd1e00000fc0007ebfe9ed0737feebfff600,1,TX 41 seq=22389 rx_latency=1ms tx_dur=1ms,16.504,
2733,10,887,2865759095,2026-07-14T15:37:04.347188+00:00,88.600145,37467,41,0202aad00377925b005a5811460e29efbf1ffffffc2246cd1e00000fc0007ebfe9ed0737feebfff600,1,TX 41 seq=22390 rx_latency=1ms tx_dur=1ms,19.439,
2733,10,888,2865759096,2026-07-14T15:37:04.447155+00:00,88.700108,37567,41,0202aad0037892bf005a5811460e29efbf1ffffffc2246cd1e00000fc0007ebfe9ed0737feebfff600,1,TX 41 seq=22391 rx_latency=1ms tx_dur=1ms,21.252,
2733,10,889,2865759097,2026-07-14T15:37:04.547181+00:00,88.800129,37667,41,0202aad003799323005a5811460e29efbf1ffffffc2246cd1e00000fc0007ebfe9ed0737feebfff600,1,TX 41 seq=22392 rx_latency=1ms tx_dur=1ms,23.816,
2733,10,890,2865759098,2026-07-14T15:37:04.647178+00:00,88.900148,37767,41,0202aad0037a9387005a5811460e29efbf1ffffffc2246cd1e00000fc0007ebfe9ed0737feebfff600,1,TX 41 seq=22393 rx_latency=1ms tx_dur=1ms,15.599,
2733,10,891,2865759099,2026-07-14T15:37:04.747182+00:00,89.000136,37867,41,0202aad0037b93eb005a5811460e29efbf1ffffffc2246cd1e00000fc0007ebfe9ed0737feebfff600,1,TX 41 seq=22394 rx_latency=1ms tx_dur=1ms,17.309,
2733,10,892,2865759100,2026-07-14T15:37:04.847137+00:00,89.100093,37967,41,0202aad0037c944f005a5811460e29efbf1ffffffc2246cd1e00000fc0007ebfe9ed0737feebfff600,1,TX 41 seq=22395 rx_latency=1ms tx_dur=1ms,19.091,
2733,10,893,2865759101,2026-07-14T15:37:04.947183+00:00,89.200133,38067,41,0202aad0037d94b3005a5811460e29efbf1ffffffc2246cd1e00000fc0007ebfe9ed0737feebfff600,1,TX 41 seq=22396 rx_latency=1ms tx_dur=1ms,21.654,
2733,10,894,2865759102,2026-07-14T15:37:05.047158+00:00,89.300111,38167,41,0202aad0037e9517005a5811460e29efbf1ffffffc2246cd1e00000fc0007ebfe9ed0737feebfff600,1,TX 41 seq=22397 rx_latency=1ms tx_dur=1ms,23.458,
2733,10,895,2865759103,2026-07-14T15:37:05.147185+00:00,89.400136,38267,41,0202aad0037f957b005a5811460e29efbf1ffffffc2246cd1e00000fc0007ebfe9ed0737feebfff600,1,TX 41 seq=22398 rx_latency=1ms tx_dur=1ms,15.165,
2733,10,896,2865759104,2026-07-14T15:37:05.247128+00:00,89.500078,38367,41,0202aad0038095df005a5811460e29efbf1ffffffc2246cd1e00000fc0007ebfe9ed0737feebfff600,1,TX 41 seq=22399 rx_latency=1ms tx_dur=1ms,17.001,
2733,10,897,2865759105,2026-07-14T15:37:05.347193+00:00,89.600152,38467,41,0202aad003819643005a5811460e29efbf1ffffffc2246cd1e00000fc0007ebfe9ed0737feebfff600,1,TX 41 seq=22400 rx_latency=1ms tx_dur=1ms,19.485,
2733,10,898,2865759106,2026-07-14T15:37:05.447190+00:00,89.700141,38567,41,0202aad0038296a7005a5811460e29efbf1ffffffc2246cd1e00000fc0007ebfe9ed0737feebfff600,1,TX 41 seq=22401 rx_latency=1ms tx_dur=1ms,21.252,
2733,10,899,2865759107,2026-07-14T15:37:05.547188+00:00,89.800139,38667,41,0202aad00383970b005a5811460e29efbf1ffffffc2246cd1e00000fc0007ebfe9ed0737feebfff600,1,TX 41 seq=22402 rx_latency=1ms tx_dur=1ms,23.001,
2733,10,900,2865759108,2026-07-14T15:37:05.647184+00:00,89.900135,38767,41,0202aad00384976f005a5811460e29efbf1ffffffc2246cd1e00000fc0007ebfe9ed0737feebfff600,1,TX 41 seq=22403 rx_latency=1ms tx_dur=1ms,14.741,
2733,10,901,2865759109,2026-07-14T15:37:05.747196+00:00,90.000160,38867,41,0202aad0038597d3005a5811460e29efbf1ffffffc2246cd1e00000fc0007ebfe9ed0737feebfff600,1,TX 41 seq=22404 rx_latency=1ms tx_dur=1ms,17.325,
2733,10,902,2865759110,2026-07-14T15:37:05.847187+00:00,90.100143,38967,41,0202aad003869837005a5811460e29efbf1ffffffc2246cd1e00000fc0007ebfe9ed0737feebfff600,1,TX 41 seq=22405 rx_latency=1ms tx_dur=1ms,19.042,
2733,10,903,2865759111,2026-07-14T15:37:05.947191+00:00,90.200146,39067,41,0202aad00387989b005a5811460e29efbf1ffffffc2246cd1e00000fc0007ebfe9ed0737feebfff600,1,TX 41 seq=22406 rx_latency=1ms tx_dur=1ms,20.787,
2733,10,904,2865759112,2026-07-14T15:37:06.047184+00:00,90.300132,39167,41,0202aad0038898ff005a5811460e29efbf1ffffffc2246cd1e00000fc0007ebfe9ed0737feebfff600,1,TX 41 seq=22407 rx_latency=1ms tx_dur=1ms,23.588,
2733,10,905,2865759113,2026-07-14T15:37:06.147188+00:00,90.400139,39267,41,0202aad003899963005a5811460e29efbf1ffffffc2246cd1e00000fc0007ebfe9ed0737feebfff600,1,TX 41 seq=22408 rx_latency=1ms tx_dur=1ms,15.199,
2733,10,906,2865759114,2026-07-14T15:37:06.247188+00:00,90.500138,39367,41,0202aad0038a99c7005a5811460e29efbf1ffffffc2246cd1e00000fc0007ebfe9ed0737feebfff600,1,TX 41 seq=22409 rx_latency=1ms tx_dur=1ms,16.947,
2733,10,907,2865759115,2026-07-14T15:37:06.347189+00:00,90.600141,39467,41,0202aad0038b9a2b005a5811460e29efbf1ffffffc2246cd1e00000fc0007ebfe9ed0737feebfff600,1,TX 41 seq=22410 rx_latency=1ms tx_dur=1ms,19.761,
2733,10,908,2865759116,2026-07-14T15:37:06.447191+00:00,90.700148,39567,41,0202aad0038c9a8f005a5811460e29efbf1ffffffc2246cd1e00000fc0007ebfe9ed0737feebfff600,1,TX 41 seq=22411 rx_latency=1ms tx_dur=1ms,21.468,
2733,10,909,2865759117,2026-07-14T15:37:06.547195+00:00,90.800159,39667,41,0202aad0038d9af3005a5811460e29efbf1ffffffc2246cd1e00000fc0007ebfe9ed0737feebfff600,1,TX 41 seq=22412 rx_latency=1ms tx_dur=1ms,22.924,
2733,10,910,2865759118,2026-07-14T15:37:06.647197+00:00,90.900162,39767,41,0202aad0038e9b57005a5811460e29efbf1ffffffc2246cd1e00000fc0007ebfe9ed0737feebfff600,1,TX 41 seq=22413 rx_latency=1ms tx_dur=1ms,14.708,
2733,10,911,2865759119,2026-07-14T15:37:06.747189+00:00,91.000141,39867,41,0202aad0038f9bbb005a5811460e29efbf1ffffffc2246cd1e00000fc0007ebfe9ed0737feebfff600,1,TX 41 seq=22414 rx_latency=1ms tx_dur=1ms,17.588,
2733,10,912,2865759120,2026-07-14T15:37:06.847189+00:00,91.100142,39967,41,0202aad003909c1f005a5811460e29efbf1ffffffc2246cd1e00000fc0007ebfe9ed0737feebfff600,1,TX 41 seq=22415 rx_latency=1ms tx_dur=1ms,19.327,
2733,10,913,2865759121,2026-07-14T15:37:06.947182+00:00,91.200131,40067,41,0202aad003919c83005a5811460e29efbf1ffffffc2246cd1e00000fc0007ebfe9ed0737feebfff600,1,TX 41 seq=22416 rx_latency=1ms tx_dur=1ms,20.824,
2733,10,914,2865759122,2026-07-14T15:37:07.047193+00:00,91.300149,40167,41,0202aad003929ce7005a5811460e29efbf1ffffffc2246cd1e00000fc0007ebfe9ed0737feebfff600,1,TX 41 seq=22417 rx_latency=1ms tx_dur=1ms,23.669,
2733,10,915,2865759123,2026-07-14T15:37:07.147129+00:00,91.400079,40267,41,0202aad003939d4b005a5811460e29efbf1ffffffc2246cd1e00000fc0007ebfe9ed0737feebfff600,1,TX 41 seq=22418 rx_latency=1ms tx_dur=1ms,15.496,
2733,10,916,2865759124,2026-07-14T15:37:07.247189+00:00,91.500141,40367,41,0202aad003949daf005a5811460e29efbf1ffffffc2246cd1e00000fc0007ebfe9ed0737feebfff600,1,TX 41 seq=22419 rx_latency=1ms tx_dur=1ms,17.164,
2733,10,917,2865759125,2026-07-14T15:37:07.347144+00:00,91.600096,40467,41,0202aad003959e13005a5811460e29efbf1ffffffc2246cd1e00000fc0007ebfe9ed0737feebfff600,1,TX 41 seq=22420 rx_latency=1ms tx_dur=1ms,19.830,
2733,10,918,2865759126,2026-07-14T15:37:07.447191+00:00,91.700144,40567,41,0202aad003969e77005a5811460e29efbf1ffffffc2246cd1e00000fc0007ebfe9ed0737feebfff600,1,TX 41 seq=22421 rx_latency=1ms tx_dur=1ms,21.510,
2733,10,919,2865759127,2026-07-14T15:37:07.547198+00:00,91.800169,40667,41,0202aad003979edb005a5811460e29efbf1ffffffc2246cd1e00000fc0007ebfe9ed0737feebfff600,1,TX 41 seq=22422 rx_latency=1ms tx_dur=1ms,23.167,
2733,10,920,2865759128,2026-07-14T15:37:07.647183+00:00,91.900135,40767,41,0202aad003989f3f005a5811460e29efbf1ffffffc2246cd1e00000fc0007ebfe9ed0737feebfff600,1,TX 41 seq=22423 rx_latency=1ms tx_dur=1ms,15.126,
2733,10,921,2865759129,2026-07-14T15:37:07.747202+00:00,92.000176,40867,41,0202aad003999fa3005a5811460e29efbf1ffffffc2246cd1e00000fc0007ebfe9ed0737feebfff600,1,TX 41 seq=22424 rx_latency=1ms tx_dur=1ms,17.519,
2733,10,922,2865759130,2026-07-14T15:37:07.847185+00:00,92.100134,40967,41,0202aad0039aa007005a5811460e29efbf1ffffffc2246cd1e00000fc0007ebfe9ed0737feebfff600,1,TX 41 seq=22425 rx_latency=1ms tx_dur=1ms,19.324,
2733,10,923,2865759131,2026-07-14T15:37:07.947186+00:00,92.200140,41067,41,0202aad0039ba06b005a5811460e29efbf1ffffffc2246cd1e00000fc0007ebfe9ed0737feebfff600,1,TX 41 seq=22426 rx_latency=1ms tx_dur=1ms,21.067,
2733,10,924,2865759132,2026-07-14T15:37:08.047186+00:00,92.300138,41167,41,0202aad0039ca0cf005a5811460e29efbf1ffffffc2246cd1e00000fc0007ebfe9ed0737feebfff600,1,TX 41 seq=22427 rx_latency=1ms tx_dur=1ms,22.747,
2733,10,925,2865759133,2026-07-14T15:37:08.147161+00:00,92.400141,41267,41,0202aad0039da133005a5811460e29efbf1ffffffc2246cd1e00000fc0007ebfe9ed0737feebfff600,1,TX 41 seq=22428 rx_latency=1ms tx_dur=1ms,15.598,
2733,10,926,2865759134,2026-07-14T15:37:08.247186+00:00,92.500139,41367,41,0202aad0039ea197005a5811460e29efbf1ffffffc2246cd1e00000fc0007ebfe9ed0737feebfff600,1,TX 41 seq=22429 rx_latency=1ms tx_dur=1ms,17.175,
2733,10,927,2865759135,2026-07-14T15:37:08.347188+00:00,92.600140,41467,41,0202aad0039fa1fb005a5811460e29efbf1ffffffc2246cd1e00000fc0007ebfe9ed0737feebfff600,1,TX 41 seq=22430 rx_latency=1ms tx_dur=1ms,18.917,
2733,10,928,2865759136,2026-07-14T15:37:08.447190+00:00,92.700143,41567,41,0202aad003a0a25f005a5811460e29efbf1ffffffc2246cd1e00000fc0007ebfe9ed0737feebfff600,1,TX 41 seq=22431 rx_latency=1ms tx_dur=1ms,21.735,
2733,10,929,2865759137,2026-07-14T15:37:08.547192+00:00,92.800153,41667,41,0202aad003a1a2c3005a5811460e29efbf1ffffffc2246cd1e00000fc0007ebfe9ed0737feebfff600,1,TX 41 seq=22432 rx_latency=1ms tx_dur=1ms,23.333,
2733,10,930,2865759138,2026-07-14T15:37:08.647182+00:00,92.900131,41767,41,0202aad003a2a327005a5811460e29efbf1ffffffc2246cd1e00000fc0007ebfe9ed0737feebfff600,1,TX 41 seq=22433 rx_latency=1ms tx_dur=1ms,15.039,
2733,10,931,2865759139,2026-07-14T15:37:08.747193+00:00,93.000156,41867,41,0202aad003a3a38b005a5811460e29efbf1ffffffc2246cd1e00000fc0007ebfe9ed0737feebfff600,1,TX 41 seq=22434 rx_latency=1ms tx_dur=1ms,16.714,
2733,10,932,2865759140,2026-07-14T15:37:08.847183+00:00,93.100134,41967,41,0202aad003a4a3ef005a5811460e29efbf1ffffffc2246cd1e00000fc0007ebfe9ed0737feebfff600,1,TX 41 seq=22435 rx_latency=1ms tx_dur=1ms,19.551,
2733,10,933,2865759141,2026-07-14T15:37:08.947190+00:00,93.200144,42067,41,0202aad003a5a453005a5811460e29efbf1ffffffc2246cd1e00000fc0007ebfe9ed0737feebfff600,1,TX 41 seq=22436 rx_latency=1ms tx_dur=1ms,21.310,
2733,10,934,2865759142,2026-07-14T15:37:09.047186+00:00,93.300140,42167,41,0202aad003a6a4b7005a5811460e29efbf1ffffffc2246cd1e00000fc0007ebfe9ed0737feebfff600,1,TX 41 seq=22437 rx_latency=1ms tx_dur=1ms,22.769,
2733,10,935,2865759143,2026-07-14T15:37:09.147134+00:00,93.400088,42267,41,0202aad003a7a51b005a5811460e29efbf1ffffffc2246cd1e00000fc0007ebfe9ed0737feebfff600,1,TX 41 seq=22438 rx_latency=1ms tx_dur=1ms,15.743,
2733,10,936,2865759144,2026-07-14T15:37:09.247188+00:00,93.500139,42367,41,0202aad003a8a57f005a5811460e29efbf1ffffffc2246cd1e00000fc0007ebfe9ed0737feebfff600,1,TX 41 seq=22439 rx_latency=1ms tx_dur=1ms,17.554,
2733,10,937,2865759145,2026-07-14T15:37:09.347189+00:00,93.600140,42467,41,0202aad003a9a5e3005a5811460e29efbf1ffffffc2246cd1e00000fc0007ebfe9ed0737feebfff600,1,TX 41 seq=22440 rx_latency=1ms tx_dur=1ms,19.281,
2733,10,938,2865759146,2026-07-14T15:37:09.447110+00:00,93.700060,42567,41,0202aad003aaa647005a5811460e29efbf1ffffffc2246cd1e00000fc0007ebfe9ed0737feebfff600,1,TX 41 seq=22441 rx_latency=1ms tx_dur=1ms,20.896,
2733,10,939,2865759147,2026-07-14T15:37:09.547191+00:00,93.800146,42667,41,0202aad003aba6ab005a5811460e29efbf1ffffffc2246cd1e00000fc0007ebfe9ed0737feebfff600,1,TX 41 seq=22442 rx_latency=1ms tx_dur=1ms,23.641,
2733,10,940,2865759148,2026-07-14T15:37:09.647143+00:00,93.900090,42767,41,0202aad003aca70f005a5811460e29efbf1ffffffc2246cd1e00000fc0007ebfe9ed0737feebfff600,1,TX 41 seq=22443 rx_latency=1ms tx_dur=1ms,15.434,
2733,10,941,2865759149,2026-07-14T15:37:09.747189+00:00,94.000141,42867,41,0202aad003ada773005a5811460e29efbf1ffffffc2246cd1e00000fc0007ebfe9ed0737feebfff600,1,TX 41 seq=22444 rx_latency=1ms tx_dur=1ms,17.006,
2733,10,942,2865759150,2026-07-14T15:37:09.847188+00:00,94.100147,42967,41,0202aad003aea7d7005a5811460e29efbf1ffffffc2246cd1e00000fc0007ebfe9ed0737feebfff600,1,TX 41 seq=22445 rx_latency=1ms tx_dur=1ms,19.670,
2733,10,943,2865759151,2026-07-14T15:37:09.947190+00:00,94.200144,43067,41,0202aad003afa83b005a5811460e29efbf1ffffffc2246cd1e00000fc0007ebfe9ed0737feebfff600,1,TX 41 seq=22446 rx_latency=1ms tx_dur=1ms,21.454,
2733,10,944,2865759152,2026-07-14T15:37:10.047183+00:00,94.300132,43167,41,0202aad003b0a89f005a5811460e29efbf1ffffffc2246cd1e00000fc0007ebfe9ed0737feebfff600,1,TX 41 seq=22447 rx_latency=1ms tx_dur=1ms,23.139,
2733,10,945,2865759153,2026-07-14T15:37:10.147190+00:00,94.400144,43267,41,0202aad003b1a903005a5811460e29efbf1ffffffc2246cd1e00000fc0007ebfe9ed0737feebfff600,1,TX 41 seq=22448 rx_latency=1ms tx_dur=1ms,14.947,
2733,10,946,2865759154,2026-07-14T15:37:10.247127+00:00,94.500078,43367,41,0202aad003b2a967005a5811460e29efbf1ffffffc2246cd1e00000fc0007ebfe9ed0737feebfff600,1,TX 41 seq=22449 rx_latency=1ms tx_dur=1ms,17.654,
2733,10,947,2865759155,2026-07-14T15:37:10.347190+00:00,94.600143,43467,41,0202aad003b3a9cb005a5811460e29efbf1ffffffc2246cd1e00000fc0007ebfe9ed0737feebfff600,1,TX 41 seq=22450 rx_latency=1ms tx_dur=1ms,19.306,
2733,10,948,2865759156,2026-07-14T15:37:10.447162+00:00,94.700113,43567,41,0202aad003b4aa2f005a5811460e29efbf1ffffffc2246cd1e00000fc0007ebfe9ed0737feebfff600,1,TX 41 seq=22451 rx_latency=1ms tx_dur=1ms,21.077,
2733,10,949,2865759157,2026-07-14T15:37:10.547190+00:00,94.800145,43667,41,0202aad003b5aa93005a5811460e29efbf1ffffffc2246cd1e00000fc0007ebfe9ed0737feebfff600,1,TX 41 seq=22452 rx_latency=1ms tx_dur=1ms,22.752,
2733,10,950,2865759158,2026-07-14T15:37:10.647192+00:00,94.900155,43767,41,0202aad003b6aaf7005a5811460e29efbf1ffffffc2246cd1e00000fc0007ebfe9ed0737feebfff600,1,TX 41 seq=22453 rx_latency=1ms tx_dur=1ms,15.573,
2733,10,951,2865759159,2026-07-14T15:37:10.747191+00:00,95.000148,43867,41,0202aad003b7ab5b005a5811460e29efbf1ffffffc2246cd1e00000fc0007ebfe9ed0737feebfff600,1,TX 41 seq=22454 rx_latency=1ms tx_dur=1ms,17.124,
2733,10,952,2865759160,2026-07-14T15:37:10.847138+00:00,95.100099,43967,41,0202aad003b8abbf005a5811460e29efbf1ffffffc2246cd1e00000fc0007ebfe9ed0737feebfff600,1,TX 41 seq=22455 rx_latency=1ms tx_dur=1ms,18.885,
2733,10,953,2865759161,2026-07-14T15:37:10.947188+00:00,95.200142,44067,41,0202aad003b9ac23005a5811460e29efbf1ffffffc2246cd1e00000fc0007ebfe9ed0737feebfff600,1,TX 41 seq=22456 rx_latency=1ms tx_dur=1ms,21.706,
2733,10,954,2865759162,2026-07-14T15:37:11.047185+00:00,95.300136,44167,41,0202aad003baac87005a5811460e29efbf1ffffffc2246cd1e00000fc0007ebfe9ed0737feebfff600,1,TX 41 seq=22457 rx_latency=1ms tx_dur=1ms,23.383,
2733,10,955,2865759163,2026-07-14T15:37:11.147192+00:00,95.400150,44267,41,0202aad003bbaceb005a5811460e29efbf1ffffffc2246cd1e00000fc0007ebfe9ed0737feebfff600,1,TX 41 seq=22458 rx_latency=1ms tx_dur=1ms,14.956,
2733,10,956,2865759164,2026-07-14T15:37:11.247146+00:00,95.500097,44367,41,0202aad003bcad4f005a5811460e29efbf1ffffffc2246cd1e00000fc0007ebfe9ed0737feebfff600,1,TX 41 seq=22459 rx_latency=1ms tx_dur=1ms,16.754,
2733,10,957,2865759165,2026-07-14T15:37:11.347188+00:00,95.600139,44467,41,0202aad003bdadb3005a5811460e29efbf1ffffffc2246cd1e00000fc0007ebfe9ed0737feebfff600,1,TX 41 seq=22460 rx_latency=1ms tx_dur=1ms,19.542,
2733,10,958,2865759166,2026-07-14T15:37:11.447189+00:00,95.700139,44567,41,0202aad003beae17005a5811460e29efbf1ffffffc2246cd1e00000fc0007ebfe9ed0737feebfff600,1,TX 41 seq=22461 rx_latency=1ms tx_dur=1ms,21.280,
2733,10,959,2865759167,2026-07-14T15:37:11.547189+00:00,95.800139,44667,41,0202aad003bfae7b005a5811460e29efbf1ffffffc2246cd1e00000fc0007ebfe9ed0737feebfff600,1,TX 41 seq=22462 rx_latency=1ms tx_dur=1ms,22.780,
2733,10,960,2865759168,2026-07-14T15:37:11.647188+00:00,95.900138,44767,41,0202aad003c0aedf005a5811460e29efbf1ffffffc2246cd1e00000fc0007ebfe9ed0737feebfff600,1,TX 41 seq=22463 rx_latency=1ms tx_dur=1ms,15.695,
2733,10,961,2865759169,2026-07-14T15:37:11.747191+00:00,96.000146,44867,41,0202aad003c1af43005a5811460e29efbf1ffffffc2246cd1e00000fc0007ebfe9ed0737feebfff600,1,TX 41 seq=22464 rx_latency=1ms tx_dur=1ms,17.361,
2733,10,962,2865759170,2026-07-14T15:37:11.847196+00:00,96.100158,44967,41,0202aad003c2afa7005a5811460e29efbf1ffffffc2246cd1e00000fc0007ebfe9ed0737feebfff600,1,TX 41 seq=22465 rx_latency=1ms tx_dur=1ms,19.073,
2733,10,963,2865759171,2026-07-14T15:37:11.947183+00:00,96.200132,45067,41,0202aad003c3b00b005a5811460e29efbf1ffffffc2246cd1e00000fc0007ebfe9ed0737feebfff600,1,TX 41 seq=22466 rx_latency=1ms tx_dur=1ms,21.704,
2733,10,964,2865759172,2026-07-14T15:37:12.047191+00:00,96.300146,45167,41,0202aad003c4b06f005a5811460e29efbf1ffffffc2246cd1e00000fc0007ebfe9ed0737feebfff600,1,TX 41 seq=22467 rx_latency=1ms tx_dur=1ms,23.448,
2733,10,965,2865759173,2026-07-14T15:37:12.147185+00:00,96.400138,45267,41,0202aad003c5b0d3005a5811460e29efbf1ffffffc2246cd1e00000fc0007ebfe9ed0737feebfff600,1,TX 41 seq=22468 rx_latency=1ms tx_dur=1ms,15.215,
2733,10,966,2865759174,2026-07-14T15:37:12.247207+00:00,96.500185,45367,41,0202aad003c6b137005a5811460e29efbf1ffffffc2246cd1e00000fc0007ebfe9ed0737feebfff600,1,TX 41 seq=22469 rx_latency=1ms tx_dur=1ms,16.818,
2733,10,967,2865759175,2026-07-14T15:37:12.347186+00:00,96.600140,45467,41,0202aad003c7b19b005a5811460e29efbf1ffffffc2246cd1e00000fc0007ebfe9ed0737feebfff600,1,TX 41 seq=22470 rx_latency=1ms tx_dur=1ms,19.527,
2733,10,968,2865759176,2026-07-14T15:37:12.447190+00:00,96.700148,45567,41,0202aad003c8b1ff005a5811460e29efbf1ffffffc2246cd1e00000fc0007ebfe9ed0737feebfff600,1,TX 41 seq=22471 rx_latency=1ms tx_dur=1ms,21.272,
2733,10,969,2865759177,2026-07-14T15:37:12.547183+00:00,96.800133,45667,41,0202aad003c9b263005a5811460e29efbf1ffffffc2246cd1e00000fc0007ebfe9ed0737feebfff600,1,TX 41 seq=22472 rx_latency=1ms tx_dur=1ms,23.000,
2733,10,970,2865759178,2026-07-14T15:37:12.647189+00:00,96.900141,45767,41,0202aad003cab2c7005a5811460e29efbf1ffffffc2246cd1e00000fc0007ebfe9ed0737feebfff600,1,TX 41 seq=22473 rx_latency=1ms tx_dur=1ms,14.786,
2733,10,971,2865759179,2026-07-14T15:37:12.747189+00:00,97.000140,45867,41,0202aad003cbb32b005a5811460e29efbf1ffffffc2246cd1e00000fc0007ebfe9ed0737feebfff600,1,TX 41 seq=22474 rx_latency=1ms tx_dur=1ms,17.442,
2733,10,972,2865759180,2026-07-14T15:37:12.847188+00:00,97.100138,45967,41,0202aad003ccb38f005a5811460e29efbf1ffffffc2246cd1e00000fc0007ebfe9ed0737feebfff600,1,TX 41 seq=22475 rx_latency=1ms tx_dur=1ms,19.145,
2733,10,973,2865759181,2026-07-14T15:37:12.947187+00:00,97.200138,46067,41,0202aad003cdb3f3005a5811460e29efbf1ffffffc2246cd1e00000fc0007ebfe9ed0737feebfff600,1,TX 41 seq=22476 rx_latency=1ms tx_dur=1ms,20.864,
2733,10,974,2865759182,2026-07-14T15:37:13.047194+00:00,97.300161,46167,41,0202aad003ceb457005a5811460e29efbf1ffffffc2246cd1e00000fc0007ebfe9ed0737feebfff600,1,TX 41 seq=22477 rx_latency=1ms tx_dur=1ms,23.573,
2733,10,975,2865759183,2026-07-14T15:37:13.147184+00:00,97.400137,46267,41,0202aad003cfb4bb005a5811460e29efbf1ffffffc2246cd1e00000fc0007ebfe9ed0737feebfff600,1,TX 41 seq=22478 rx_latency=1ms tx_dur=1ms,15.249,
2733,10,976,2865759184,2026-07-14T15:37:13.247188+00:00,97.500142,46367,41,0202aad003d0b51f005a5811460e29efbf1ffffffc2246cd1e00000fc0007ebfe9ed0737feebfff600,1,TX 41 seq=22479 rx_latency=1ms tx_dur=1ms,16.957,
2733,10,977,2865759185,2026-07-14T15:37:13.347188+00:00,97.600138,46467,41,0202aad003d1b583005a5811460e29efbf1ffffffc2246cd1e00000fc0007ebfe9ed0737feebfff600,1,TX 41 seq=22480 rx_latency=1ms tx_dur=1ms,18.701,
2733,10,978,2865759186,2026-07-14T15:37:13.447186+00:00,97.700137,46567,41,0202aad003d2b5e7005a5811460e29efbf1ffffffc2246cd1e00000fc0007ebfe9ed0737feebfff600,1,TX 41 seq=22481 rx_latency=1ms tx_dur=1ms,21.544,
2733,10,979,2865759187,2026-07-14T15:37:13.547182+00:00,97.800132,46667,41,0202aad003d3b64b005a5811460e29efbf1ffffffc2246cd1e00000fc0007ebfe9ed0737feebfff600,1,TX 41 seq=22482 rx_latency=1ms tx_dur=1ms,23.009,
2733,10,980,2865759188,2026-07-14T15:37:13.647191+00:00,97.900146,46767,41,0202aad003d4b6af005a5811460e29efbf1ffffffc2246cd1e00000fc0007ebfe9ed0737feebfff600,1,TX 41 seq=22483 rx_latency=1ms tx_dur=1ms,14.935,
2733,10,981,2865759189,2026-07-14T15:37:13.747123+00:00,98.000088,46867,41,0202aad003d5b713005a5811460e29efbf1ffffffc2246cd1e00000fc0007ebfe9ed0737feebfff600,1,TX 41 seq=22484 rx_latency=1ms tx_dur=1ms,17.620,
2733,10,982,2865759190,2026-07-14T15:37:13.847191+00:00,98.100145,46967,41,0202aad003d6b777005a5811460e29efbf1ffffffc2246cd1e00000fc0007ebfe9ed0737feebfff600,1,TX 41 seq=22485 rx_latency=1ms tx_dur=1ms,19.362,
2733,10,983,2865759191,2026-07-14T15:37:13.947174+00:00,98.200124,47067,41,0202aad003d7b7db005a5811460e29efbf1ffffffc2246cd1e00000fc0007ebfe9ed0737feebfff600,1,TX 41 seq=22486 rx_latency=1ms tx_dur=1ms,20.898,
2733,10,984,2865759192,2026-07-14T15:37:14.047188+00:00,98.300140,47167,41,0202aad003d8b83f005a5811460e29efbf1ffffffc2246cd1e00000fc0007ebfe9ed0737feebfff600,1,TX 41 seq=22487 rx_latency=1ms tx_dur=1ms,23.666,
2733,10,985,2865759193,2026-07-14T15:37:14.147197+00:00,98.400161,47267,41,0202aad003d9b8a3005a5811460e29efbf1ffffffc2246cd1e00000fc0007ebfe9ed0737feebfff600,1,TX 41 seq=22488 rx_latency=1ms tx_dur=1ms,15.438,
2733,10,986,2865759194,2026-07-14T15:37:14.247185+00:00,98.500134,47367,41,0202aad003dab907005a5811460e29efbf1ffffffc2246cd1e00000fc0007ebfe9ed0737feebfff600,1,TX 41 seq=22489 rx_latency=1ms tx_dur=1ms,17.209,
2733,10,987,2865759195,2026-07-14T15:37:14.347192+00:00,98.600144,47467,41,0202aad003dbb96b005a5811460e29efbf1ffffffc2246cd1e00000fc0007ebfe9ed0737feebfff600,1,TX 41 seq=22490 rx_latency=1ms tx_dur=1ms,18.732,
2733,10,988,2865759196,2026-07-14T15:37:14.447190+00:00,98.700141,47567,41,0202aad003dcb9cf005a5811460e29efbf1ffffffc2246cd1e00000fc0007ebfe9ed0737feebfff600,1,TX 41 seq=22491 rx_latency=1ms tx_dur=1ms,21.566,
2733,10,989,2865759197,2026-07-14T15:37:14.547192+00:00,98.800142,47667,41,0202aad003ddba33005a5811460e29efbf1ffffffc2246cd1e00000fc0007ebfe9ed0737feebfff600,1,TX 41 seq=22492 rx_latency=1ms tx_dur=1ms,23.290,
2733,10,990,2865759198,2026-07-14T15:37:14.647194+00:00,98.900147,47767,41,0202aad003deba97005a5811460e29efbf1ffffffc2246cd1e00000fc0007ebfe9ed0737feebfff600,1,TX 41 seq=22493 rx_latency=1ms tx_dur=1ms,15.044,
2733,10,991,2865759199,2026-07-14T15:37:14.747198+00:00,99.000148,47867,41,0202aad003dfbafb005a5811460e29efbf1ffffffc2246cd1e00000fc0007ebfe9ed0737feebfff600,1,TX 41 seq=22494 rx_latency=1ms tx_dur=1ms,16.831,
2733,10,992,2865759200,2026-07-14T15:37:14.847182+00:00,99.100129,47967,41,0202aad003e0bb5f005a5811460e29efbf1ffffffc2246cd1e00000fc0007ebfe9ed0737feebfff600,1,TX 41 seq=22495 rx_latency=1ms tx_dur=1ms,19.605,
2733,10,993,2865759201,2026-07-14T15:37:14.947189+00:00,99.200140,48067,41,0202aad003e1bbc3005a5811460e29efbf1ffffffc2246cd1e00000fc0007ebfe9ed0737feebfff600,1,TX 41 seq=22496 rx_latency=1ms tx_dur=1ms,21.259,
2733,10,994,2865759202,2026-07-14T15:37:15.047187+00:00,99.300136,48167,41,0202aad003e2bc27005a5811460e29efbf1ffffffc2246cd1e00000fc0007ebfe9ed0737feebfff600,1,TX 41 seq=22497 rx_latency=1ms tx_dur=1ms,22.986,
2733,10,995,2865759203,2026-07-14T15:37:15.147190+00:00,99.400141,48267,41,0202aad003e3bc8b005a5811460e29efbf1ffffffc2246cd1e00000fc0007ebfe9ed0737feebfff600,1,TX 41 seq=22498 rx_latency=1ms tx_dur=1ms,15.775,
2733,10,996,2865759204,2026-07-14T15:37:15.247184+00:00,99.500132,48367,41,0202aad003e4bcef005a5811460e29efbf1ffffffc2246cd1e00000fc0007ebfe9ed0737feebfff600,1,TX 41 seq=22499 rx_latency=1ms tx_dur=1ms,17.447,
2733,10,997,2865759205,2026-07-14T15:37:15.347200+00:00,99.600167,48467,41,0202aad003e5bd53005a5811460e29efbf1ffffffc2246cd1e00000fc0007ebfe9ed0737feebfff600,1,TX 41 seq=22500 rx_latency=1ms tx_dur=1ms,19.039,
2733,10,998,2865759206,2026-07-14T15:37:15.447191+00:00,99.700143,48567,41,0202aad003e6bdb7005a5811460e29efbf1ffffffc2246cd1e00000fc0007ebfe9ed0737feebfff600,1,TX 41 seq=22501 rx_latency=1ms tx_dur=1ms,20.827,
2733,10,999,2865759207,2026-07-14T15:37:15.547189+00:00,99.800139,48667,41,0202aad003e7be1b005a5811460e29efbf1ffffffc2246cd1e00000fc0007ebfe9ed0737feebfff600,1,TX 41 seq=22502 rx_latency=1ms tx_dur=1ms,23.665,
2733,10,1000,2865759208,2026-07-14T15:37:15.647138+00:00,99.900089,48767,41,0202aad003e8be7f005a5811460e29efbf1ffffffc2246cd1e00000fc0007ebfe9ed0737feebfff600,1,TX 41 seq=22503 rx_latency=1ms tx_dur=1ms,15.218,
