received_at,elapsed_s,event,test_id,seq,station_id,generation_delta_time,payload_bytes,payload_encoding,asn_type,raw_hex,line,error
2026-07-14T15:38:04.726583+00:00,12.486991,valid,2734,1,2866806785,26801,41,hex,CAM,0202aae0000168b1005a5811460e29efbf1ffffffc2246cd1e00000fc0007ebfe9ed0737feebfff600,0202AAE0000168B1005A5811460E29EFBF1FFFFFFC2246CD1E00000FC0007EBFE9ED0737FEEBFFF600,
2026-07-14T15:38:04.748322+00:00,12.508724,valid,2734,2,2866806786,32309,41,hex,CAM,0202aae000027e35005a5811460e29efbf1ffffffc2246cd1e00000fc0007ebfe9ed0737feebfff600,0202AAE000027E35005A5811460E29EFBF1FFFFFFC2246CD1E00000FC0007EBFE9ED0737FEEBFFF600,
2026-07-14T15:38:04.770232+00:00,12.530633,valid,2734,3,2866806787,32331,41,hex,CAM,0202aae000037e4b005a5811460e29efbf1ffffffc2246cd1e00000fc0007ebfe9ed0737feebfff600,0202AAE000037E4B005A5811460E29EFBF1FFFFFFC2246CD1E00000FC0007EBFE9ED0737FEEBFFF600,
2026-07-14T15:38:04.792191+00:00,12.552591,valid,2734,4,2866806788,32353,41,hex,CAM,0202aae000047e61005a5811460e29efbf1ffffffc2246cd1e00000fc0007ebfe9ed0737feebfff600,0202AAE000047E61005A5811460E29EFBF1FFFFFFC2246CD1E00000FC0007EBFE9ED0737FEEBFFF600,
2026-07-14T15:38:04.814213+00:00,12.574613,valid,2734,5,2866806789,32375,41,hex,CAM,0202aae000057e77005a5811460e29efbf1ffffffc2246cd1e00000fc0007ebfe9ed0737feebfff600,0202AAE000057E77005A5811460E29EFBF1FFFFFFC2246CD1E00000FC0007EBFE9ED0737FEEBFFF600,
2026-07-14T15:38:04.836086+00:00,12.596484,valid,2734,6,2866806790,32397,41,hex,CAM,0202aae000067e8d005a5811460e29efbf1ffffffc2246cd1e00000fc0007ebfe9ed0737feebfff600,0202AAE000067E8D005A5811460E29EFBF1FFFFFFC2246CD1E00000FC0007EBFE9ED0737FEEBFFF600,
2026-07-14T15:38:04.858094+00:00,12.618494,valid,2734,7,2866806791,32419,41,hex,CAM,0202aae000077ea3005a5811460e29efbf1ffffffc2246cd1e00000fc0007ebfe9ed0737feebfff600,0202AAE000077EA3005A5811460E29EFBF1FFFFFFC2246CD1E00000FC0007EBFE9ED0737FEEBFFF600,
2026-07-14T15:38:04.880127+00:00,12.640531,valid,2734,8,2866806792,32441,41,hex,CAM,0202aae000087eb9005a5811460e29efbf1ffffffc2246cd1e00000fc0007ebfe9ed0737feebfff600,0202AAE000087EB9005A5811460E29EFBF1FFFFFFC2246CD1E00000FC0007EBFE9ED0737FEEBFFF600,
2026-07-14T15:38:04.902124+00:00,12.662526,valid,2734,9,2866806793,32463,41,hex,CAM,0202aae000097ecf005a5811460e29efbf1ffffffc2246cd1e00000fc0007ebfe9ed0737feebfff600,0202AAE000097ECF005A5811460E29EFBF1FFFFFFC2246CD1E00000FC0007EBFE9ED0737FEEBFFF600,
2026-07-14T15:38:04.924074+00:00,12.684474,valid,2734,10,2866806794,32485,41,hex,CAM,0202aae0000a7ee5005a5811460e29efbf1ffffffc2246cd1e00000fc0007ebfe9ed0737feebfff600,0202AAE0000A7EE5005A5811460E29EFBF1FFFFFFC2246CD1E00000FC0007EBFE9ED0737FEEBFFF600,
2026-07-14T15:38:04.946113+00:00,12.706514,valid,2734,11,2866806795,32507,41,hex,CAM,0202aae0000b7efb005a5811460e29efbf1ffffffc2246cd1e00000fc0007ebfe9ed0737feebfff600,0202AAE0000B7EFB005A5811460E29EFBF1FFFFFFC2246CD1E00000FC0007EBFE9ED0737FEEBFFF600,
2026-07-14T15:38:04.968192+00:00,12.728596,valid,2734,12,2866806796,32529,41,hex,CAM,0202aae0000c7f11005a5811460e29efbf1ffffffc2246cd1e00000fc0007ebfe9ed0737feebfff600,0202AAE0000C7F11005A5811460E29EFBF1FFFFFFC2246CD1E00000FC0007EBFE9ED0737FEEBFFF600,
2026-07-14T15:38:04.990146+00:00,12.750546,valid,2734,13,2866806797,32550,41,hex,CAM,0202aae0000d7f26005a5811460e29efbf1ffffffc2246cd1e00000fc0007ebfe9ed0737feebfff600,0202AAE0000D7F26005A5811460E29EFBF1FFFFFFC2246CD1E00000FC0007EBFE9ED0737FEEBFFF600,
2026-07-14T15:38:05.012162+00:00,12.772562,valid,2734,14,2866806798,32573,41,hex,CAM,0202aae0000e7f3d005a5811460e29efbf1ffffffc2246cd1e00000fc0007ebfe9ed0737feebfff600,0202AAE0000E7F3D005A5811460E29EFBF1FFFFFFC2246CD1E00000FC0007EBFE9ED0737FEEBFFF600,
2026-07-14T15:38:05.034084+00:00,12.794484,valid,2734,15,2866806799,32595,41,hex,CAM,0202aae0000f7f53005a5811460e29efbf1ffffffc2246cd1e00000fc0007ebfe9ed0737feebfff600,0202AAE0000F7F53005A5811460E29EFBF1FFFFFFC2246CD1E00000FC0007EBFE9ED0737FEEBFFF600,
2026-07-14T15:38:05.056145+00:00,12.816547,valid,2734,16,2866806800,32617,41,hex,CAM,0202aae000107f69005a5811460e29efbf1ffffffc2246cd1e00000fc0007ebfe9ed0737feebfff600,0202AAE000107F69005A5811460E29EFBF1FFFFFFC2246CD1E00000FC0007EBFE9ED0737FEEBFFF600,
2026-07-14T15:38:05.078136+00:00,12.838537,valid,2734,17,2866806801,32639,41,hex,CAM,0202aae000117f7f005a5811460e29efbf1ffffffc2246cd1e00000fc0007ebfe9ed0737feebfff600,0202AAE000117F7F005A5811460E29EFBF1FFFFFFC2246CD1E00000FC0007EBFE9ED0737FEEBFFF600,
2026-07-14T15:38:05.100063+00:00,12.860457,valid,2734,18,2866806802,32661,41,hex,CAM,0202aae000127f95005a5811460e29efbf1ffffffc2246cd1e00000fc0007ebfe9ed0737feebfff600,0202AAE000127F95005A5811460E29EFBF1FFFFFFC2246CD1E00000FC0007EBFE9ED0737FEEBFFF600,
2026-07-14T15:38:05.122020+00:00,12.882411,valid,2734,19,2866806803,32683,41,hex,CAM,0202aae000137fab005a5811460e29efbf1ffffffc2246cd1e00000fc0007ebfe9ed0737feebfff600,0202AAE000137FAB005A5811460E29EFBF1FFFFFFC2246CD1E00000FC0007EBFE9ED0737FEEBFFF600,
2026-07-14T15:38:05.144170+00:00,12.904570,valid,2734,20,2866806804,32705,41,hex,CAM,0202aae000147fc1005a5811460e29efbf1ffffffc2246cd1e00000fc0007ebfe9ed0737feebfff600,0202AAE000147FC1005A5811460E29EFBF1FFFFFFC2246CD1E00000FC0007EBFE9ED0737FEEBFFF600,
2026-07-14T15:38:05.166043+00:00,12.926437,valid,2734,21,2866806805,32727,41,hex,CAM,0202aae000157fd7005a5811460e29efbf1ffffffc2246cd1e00000fc0007ebfe9ed0737feebfff600,0202AAE000157FD7005A5811460E29EFBF1FFFFFFC2246CD1E00000FC0007EBFE9ED0737FEEBFFF600,
2026-07-14T15:38:05.188023+00:00,12.948414,valid,2734,22,2866806806,32749,41,hex,CAM,0202aae000167fed005a5811460e29efbf1ffffffc2246cd1e00000fc0007ebfe9ed0737feebfff600,0202AAE000167FED005A5811460E29EFBF1FFFFFFC2246CD1E00000FC0007EBFE9ED0737FEEBFFF600,
2026-07-14T15:38:05.210050+00:00,12.970445,valid,2734,23,2866806807,32771,41,hex,CAM,0202aae000178003005a5811460e29efbf1ffffffc2246cd1e00000fc0007ebfe9ed0737feebfff600,0202AAE000178003005A5811460E29EFBF1FFFFFFC2246CD1E00000FC0007EBFE9ED0737FEEBFFF600,
2026-07-14T15:38:05.232187+00:00,12.992588,valid,2734,24,2866806808,32793,41,hex,CAM,0202aae000188019005a5811460e29efbf1ffffffc2246cd1e00000fc0007ebfe9ed0737feebfff600,0202AAE000188019005A5811460E29EFBF1FFFFFFC2246CD1E00000FC0007EBFE9ED0737FEEBFFF600,
2026-07-14T15:38:05.254235+00:00,13.014636,valid,2734,25,2866806809,32815,41,hex,CAM,0202aae00019802f005a5811460e29efbf1ffffffc2246cd1e00000fc0007ebfe9ed0737feebfff600,0202AAE00019802F005A5811460E29EFBF1FFFFFFC2246CD1E00000FC0007EBFE9ED0737FEEBFFF600,
2026-07-14T15:38:05.276361+00:00,13.036763,valid,2734,26,2866806810,32836,41,hex,CAM,0202aae0001a8044005a5811460e29efbf1ffffffc2246cd1e00000fc0007ebfe9ed0737feebfff600,0202AAE0001A8044005A5811460E29EFBF1FFFFFFC2246CD1E00000FC0007EBFE9ED0737FEEBFFF600,
2026-07-14T15:38:05.298296+00:00,13.058696,valid,2734,27,2866806811,32859,41,hex,CAM,0202aae0001b805b005a5811460e29efbf1ffffffc2246cd1e00000fc0007ebfe9ed0737feebfff600,0202AAE0001B805B005A5811460E29EFBF1FFFFFFC2246CD1E00000FC0007EBFE9ED0737FEEBFFF600,
2026-07-14T15:38:05.320271+00:00,13.080671,valid,2734,28,2866806812,32881,41,hex,CAM,0202aae0001c8071005a5811460e29efbf1ffffffc2246cd1e00000fc0007ebfe9ed0737feebfff600,0202AAE0001C8071005A5811460E29EFBF1FFFFFFC2246CD1E00000FC0007EBFE9ED0737FEEBFFF600,
2026-07-14T15:38:05.342283+00:00,13.102682,valid,2734,29,2866806813,32903,41,hex,CAM,0202aae0001d8087005a5811460e29efbf1ffffffc2246cd1e00000fc0007ebfe9ed0737feebfff600,0202AAE0001D8087005A5811460E29EFBF1FFFFFFC2246CD1E00000FC0007EBFE9ED0737FEEBFFF600,
2026-07-14T15:38:05.364269+00:00,13.124669,valid,2734,30,2866806814,32925,41,hex,CAM,0202aae0001e809d005a5811460e29efbf1ffffffc2246cd1e00000fc0007ebfe9ed0737feebfff600,0202AAE0001E809D005A5811460E29EFBF1FFFFFFC2246CD1E00000FC0007EBFE9ED0737FEEBFFF600,
2026-07-14T15:38:05.386316+00:00,13.146716,valid,2734,31,2866806815,32947,41,hex,CAM,0202aae0001f80b3005a5811460e29efbf1ffffffc2246cd1e00000fc0007ebfe9ed0737feebfff600,0202AAE0001F80B3005A5811460E29EFBF1FFFFFFC2246CD1E00000FC0007EBFE9ED0737FEEBFFF600,
2026-07-14T15:38:05.408278+00:00,13.168678,valid,2734,32,2866806816,32969,41,hex,CAM,0202aae0002080c9005a5811460e29efbf1ffffffc2246cd1e00000fc0007ebfe9ed0737feebfff600,0202AAE0002080C9005A5811460E29EFBF1FFFFFFC2246CD1E00000FC0007EBFE9ED0737FEEBFFF600,
2026-07-14T15:38:05.430278+00:00,13.190678,valid,2734,33,2866806817,32991,41,hex,CAM,0202aae0002180df005a5811460e29efbf1ffffffc2246cd1e00000fc0007ebfe9ed0737feebfff600,0202AAE0002180DF005A5811460E29EFBF1FFFFFFC2246CD1E00000FC0007EBFE9ED0737FEEBFFF600,
2026-07-14T15:38:05.452260+00:00,13.212660,valid,2734,34,2866806818,33013,41,hex,CAM,0202aae0002280f5005a5811460e29efbf1ffffffc2246cd1e00000fc0007ebfe9ed0737feebfff600,0202AAE0002280F5005A5811460E29EFBF1FFFFFFC2246CD1E00000FC0007EBFE9ED0737FEEBFFF600,
2026-07-14T15:38:05.474304+00:00,13.234704,valid,2734,35,2866806819,33035,41,hex,CAM,0202aae00023810b005a5811460e29efbf1ffffffc2246cd1e00000fc0007ebfe9ed0737feebfff600,0202AAE00023810B005A5811460E29EFBF1FFFFFFC2246CD1E00000FC0007EBFE9ED0737FEEBFFF600,
2026-07-14T15:38:05.496273+00:00,13.256674,valid,2734,36,2866806820,33056,41,hex,CAM,0202aae000248120005a5811460e29efbf1ffffffc2246cd1e00000fc0007ebfe9ed0737feebfff600,0202AAE000248120005A5811460E29EFBF1FFFFFFC2246CD1E00000FC0007EBFE9ED0737FEEBFFF600,
2026-07-14T15:38:05.518266+00:00,13.278667,valid,2734,37,2866806821,33079,41,hex,CAM,0202aae000258137005a5811460e29efbf1ffffffc2246cd1e00000fc0007ebfe9ed0737feebfff600,0202AAE000258137005A5811460E29EFBF1FFFFFFC2246CD1E00000FC0007EBFE9ED0737FEEBFFF600,
2026-07-14T15:38:05.540277+00:00,13.300678,valid,2734,38,2866806822,33101,41,hex,CAM,0202aae00026814d005a5811460e29efbf1ffffffc2246cd1e00000fc0007ebfe9ed0737feebfff600,0202AAE00026814D005A5811460E29EFBF1FFFFFFC2246CD1E00000FC0007EBFE9ED0737FEEBFFF600,
2026-07-14T15:38:05.562291+00:00,13.322692,valid,2734,39,2866806823,33123,41,hex,CAM,0202aae000278163005a5811460e29efbf1ffffffc2246cd1e00000fc0007ebfe9ed0737feebfff600,0202AAE000278163005A5811460E29EFBF1FFFFFFC2246CD1E00000FC0007EBFE9ED0737FEEBFFF600,
2026-07-14T15:38:05.584265+00:00,13.344672,valid,2734,40,2866806824,33145,41,hex,CAM,0202aae000288179005a5811460e29efbf1ffffffc2246cd1e00000fc0007ebfe9ed0737feebfff600,0202AAE000288179005A5811460E29EFBF1FFFFFFC2246CD1E00000FC0007EBFE9ED0737FEEBFFF600,
2026-07-14T15:38:05.606276+00:00,13.366677,valid,2734,41,2866806825,33167,41,hex,CAM,0202aae00029818f005a5811460e29efbf1ffffffc2246cd1e00000fc0007ebfe9ed0737feebfff600,0202AAE00029818F005A5811460E29EFBF1FFFFFFC2246CD1E00000FC0007EBFE9ED0737FEEBFFF600,
2026-07-14T15:38:05.628245+00:00,13.388646,valid,2734,42,2866806826,33189,41,hex,CAM,0202aae0002a81a5005a5811460e29efbf1ffffffc2246cd1e00000fc0007ebfe9ed0737feebfff600,0202AAE0002A81A5005A5811460E29EFBF1FFFFFFC2246CD1E00000FC0007EBFE9ED0737FEEBFFF600,
2026-07-14T15:38:05.650302+00:00,13.410703,valid,2734,43,2866806827,33211,41,hex,CAM,0202aae0002b81bb005a5811460e29efbf1ffffffc2246cd1e00000fc0007ebfe9ed0737feebfff600,0202AAE0002B81BB005A5811460E29EFBF1FFFFFFC2246CD1E00000FC0007EBFE9ED0737FEEBFFF600,
2026-07-14T15:38:05.672293+00:00,13.432693,valid,2734,44,2866806828,33233,41,hex,CAM,0202aae0002c81d1005a5811460e29efbf1ffffffc2246cd1e00000fc0007ebfe9ed0737feebfff600,0202AAE0002C81D1005A5811460E29EFBF1FFFFFFC2246CD1E00000FC0007EBFE9ED0737FEEBFFF600,
2026-07-14T15:38:05.694202+00:00,13.454603,valid,2734,45,2866806829,33255,41,hex,CAM,0202aae0002d81e7005a5811460e29efbf1ffffffc2246cd1e00000fc0007ebfe9ed0737feebfff600,0202AAE0002D81E7005A5811460E29EFBF1FFFFFFC2246CD1E00000FC0007EBFE9ED0737FEEBFFF600,
2026-07-14T15:38:05.716277+00:00,13.476677,valid,2734,46,2866806830,33276,41,hex,CAM,0202aae0002e81fc005a5811460e29efbf1ffffffc2246cd1e00000fc0007ebfe9ed0737feebfff600,0202AAE0002E81FC005A5811460E29EFBF1FFFFFFC2246CD1E00000FC0007EBFE9ED0737FEEBFFF600,
2026-07-14T15:38:05.738289+00:00,13.498689,valid,2734,47,2866806831,33299,41,hex,CAM,0202aae0002f8213005a5811460e29efbf1ffffffc2246cd1e00000fc0007ebfe9ed0737feebfff600,0202AAE0002F8213005A5811460E29EFBF1FFFFFFC2246CD1E00000FC0007EBFE9ED0737FEEBFFF600,
2026-07-14T15:38:05.760279+00:00,13.520679,valid,2734,48,2866806832,33321,41,hex,CAM,0202aae000308229005a5811460e29efbf1ffffffc2246cd1e00000fc0007ebfe9ed0737feebfff600,0202AAE000308229005A5811460E29EFBF1FFFFFFC2246CD1E00000FC0007EBFE9ED0737FEEBFFF600,
2026-07-14T15:38:05.781967+00:00,13.542362,valid,2734,49,2866806833,33343,41,hex,CAM,0202aae00031823f005a5811460e29efbf1ffffffc2246cd1e00000fc0007ebfe9ed0737feebfff600,0202AAE00031823F005A5811460E29EFBF1FFFFFFC2246CD1E00000FC0007EBFE9ED0737FEEBFFF600,
2026-07-14T15:38:05.804245+00:00,13.564645,valid,2734,50,2866806834,33365,41,hex,CAM,0202aae000328255005a5811460e29efbf1ffffffc2246cd1e00000fc0007ebfe9ed0737feebfff600,0202AAE000328255005A5811460E29EFBF1FFFFFFC2246CD1E00000FC0007EBFE9ED0737FEEBFFF600,
2026-07-14T15:38:05.826252+00:00,13.586652,valid,2734,51,2866806835,33387,41,hex,CAM,0202aae00033826b005a5811460e29efbf1ffffffc2246cd1e00000fc0007ebfe9ed0737feebfff600,0202AAE00033826B005A5811460E29EFBF1FFFFFFC2246CD1E00000FC0007EBFE9ED0737FEEBFFF600,
2026-07-14T15:38:05.848125+00:00,13.608527,valid,2734,52,2866806836,33409,41,hex,CAM,0202aae000348281005a5811460e29efbf1ffffffc2246cd1e00000fc0007ebfe9ed0737feebfff600,0202AAE000348281005A5811460E29EFBF1FFFFFFC2246CD1E00000FC0007EBFE9ED0737FEEBFFF600,
2026-07-14T15:38:05.869285+00:00,13.629670,valid,2734,53,2866806837,33431,41,hex,CAM,0202aae000358297005a5811460e29efbf1ffffffc2246cd1e00000fc0007ebfe9ed0737feebfff600,0202AAE000358297005A5811460E29EFBF1FFFFFFC2246CD1E00000FC0007EBFE9ED0737FEEBFFF600,
2026-07-14T15:38:05.892126+00:00,13.652526,valid,2734,54,2866806838,33453,41,hex,CAM,0202aae0003682ad005a5811460e29efbf1ffffffc2246cd1e00000fc0007ebfe9ed0737feebfff600,0202AAE0003682AD005A5811460E29EFBF1FFFFFFC2246CD1E00000FC0007EBFE9ED0737FEEBFFF600,
2026-07-14T15:38:05.914197+00:00,13.674597,valid,2734,55,2866806839,33476,41,hex,CAM,0202aae0003782c4005a5811460e29efbf1ffffffc2246cd1e00000fc0007ebfe9ed0737feebfff600,0202AAE0003782C4005A5811460E29EFBF1FFFFFFC2246CD1E00000FC0007EBFE9ED0737FEEBFFF600,
2026-07-14T15:38:05.936233+00:00,13.696633,valid,2734,56,2866806840,33497,41,hex,CAM,0202aae0003882d9005a5811460e29efbf1ffffffc2246cd1e00000fc0007ebfe9ed0737feebfff600,0202AAE0003882D9005A5811460E29EFBF1FFFFFFC2246CD1E00000FC0007EBFE9ED0737FEEBFFF600,
2026-07-14T15:38:05.958236+00:00,13.718637,valid,2734,57,2866806841,33519,41,hex,CAM,0202aae0003982ef005a5811460e29efbf1ffffffc2246cd1e00000fc0007ebfe9ed0737feebfff600,0202AAE0003982EF005A5811460E29EFBF1FFFFFFC2246CD1E00000FC0007EBFE9ED0737FEEBFFF600,
2026-07-14T15:38:05.980266+00:00,13.740666,valid,2734,58,2866806842,33540,41,hex,CAM,0202aae0003a8304005a5811460e29efbf1ffffffc2246cd1e00000fc0007ebfe9ed0737feebfff600,0202AAE0003A8304005A5811460E29EFBF1FFFFFFC2246CD1E00000FC0007EBFE9ED0737FEEBFFF600,
2026-07-14T15:38:06.002193+00:00,13.762594,valid,2734,59,2866806843,33563,41,hex,CAM,0202aae0003b831b005a5811460e29efbf1ffffffc2246cd1e00000fc0007ebfe9ed0737feebfff600,0202AAE0003B831B005A5811460E29EFBF1FFFFFFC2246CD1E00000FC0007EBFE9ED0737FEEBFFF600,
2026-07-14T15:38:06.024216+00:00,13.784616,valid,2734,60,2866806844,33585,41,hex,CAM,0202aae0003c8331005a5811460e29efbf1ffffffc2246cd1e00000fc0007ebfe9ed0737feebfff600,0202AAE0003C8331005A5811460E29EFBF1FFFFFFC2246CD1E00000FC0007EBFE9ED0737FEEBFFF600,
2026-07-14T15:38:06.046298+00:00,13.806700,valid,2734,61,2866806845,33607,41,hex,CAM,0202aae0003d8347005a5811460e29efbf1ffffffc2246cd1e00000fc0007ebfe9ed0737feebfff600,0202AAE0003D8347005A5811460E29EFBF1FFFFFFC2246CD1E00000FC0007EBFE9ED0737FEEBFFF600,
2026-07-14T15:38:06.068227+00:00,13.828628,valid,2734,62,2866806846,33629,41,hex,CAM,0202aae0003e835d005a5811460e29efbf1ffffffc2246cd1e00000fc0007ebfe9ed0737feebfff600,0202AAE0003E835D005A5811460E29EFBF1FFFFFFC2246CD1E00000FC0007EBFE9ED0737FEEBFFF600,
2026-07-14T15:38:06.090235+00:00,13.850636,valid,2734,63,2866806847,33651,41,hex,CAM,0202aae0003f8373005a5811460e29efbf1ffffffc2246cd1e00000fc0007ebfe9ed0737feebfff600,0202AAE0003F8373005A5811460E29EFBF1FFFFFFC2246CD1E00000FC0007EBFE9ED0737FEEBFFF600,
2026-07-14T15:38:06.112244+00:00,13.872645,valid,2734,64,2866806848,33673,41,hex,CAM,0202aae000408389005a5811460e29efbf1ffffffc2246cd1e00000fc0007ebfe9ed0737feebfff600,0202AAE000408389005A5811460E29EFBF1FFFFFFC2246CD1E00000FC0007EBFE9ED0737FEEBFFF600,
2026-07-14T15:38:06.134196+00:00,13.894596,valid,2734,65,2866806849,33695,41,hex,CAM,0202aae00041839f005a5811460e29efbf1ffffffc2246cd1e00000fc0007ebfe9ed0737feebfff600,0202AAE00041839F005A5811460E29EFBF1FFFFFFC2246CD1E00000FC0007EBFE9ED0737FEEBFFF600,
2026-07-14T15:38:06.156219+00:00,13.916619,valid,2734,66,2866806850,33717,41,hex,CAM,0202aae0004283b5005a5811460e29efbf1ffffffc2246cd1e00000fc0007ebfe9ed0737feebfff600,0202AAE0004283B5005A5811460E29EFBF1FFFFFFC2246CD1E00000FC0007EBFE9ED0737FEEBFFF600,
2026-07-14T15:38:06.178265+00:00,13.938665,valid,2734,67,2866806851,33739,41,hex,CAM,0202aae0004383cb005a5811460e29efbf1ffffffc2246cd1e00000fc0007ebfe9ed0737feebfff600,0202AAE0004383CB005A5811460E29EFBF1FFFFFFC2246CD1E00000FC0007EBFE9ED0737FEEBFFF600,
2026-07-14T15:38:06.200195+00:00,13.960595,valid,2734,68,2866806852,33760,41,hex,CAM,0202aae0004483e0005a5811460e29efbf1ffffffc2246cd1e00000fc0007ebfe9ed0737feebfff600,0202AAE0004483E0005A5811460E29EFBF1FFFFFFC2246CD1E00000FC0007EBFE9ED0737FEEBFFF600,
2026-07-14T15:38:06.222232+00:00,13.982632,valid,2734,69,2866806853,33783,41,hex,CAM,0202aae0004583f7005a5811460e29efbf1ffffffc2246cd1e00000fc0007ebfe9ed0737feebfff600,0202AAE0004583F7005A5811460E29EFBF1FFFFFFC2246CD1E00000FC0007EBFE9ED0737FEEBFFF600,
2026-07-14T15:38:06.244290+00:00,14.004691,valid,2734,70,2866806854,33805,41,hex,CAM,0202aae00046840d005a5811460e29efbf1ffffffc2246cd1e00000fc0007ebfe9ed0737feebfff600,0202AAE00046840D005A5811460E29EFBF1FFFFFFC2246CD1E00000FC0007EBFE9ED0737FEEBFFF600,
2026-07-14T15:38:06.266250+00:00,14.026650,valid,2734,71,2866806855,33827,41,hex,CAM,0202aae000478423005a5811460e29efbf1ffffffc2246cd1e00000fc0007ebfe9ed0737feebfff600,0202AAE000478423005A5811460E29EFBF1FFFFFFC2246CD1E00000FC0007EBFE9ED0737FEEBFFF600,
2026-07-14T15:38:06.338295+00:00,14.098695,valid,2734,72,2866806856,33901,41,hex,CAM,0202aae00048846d005a5811460e29efbf1ffffffc2246cd1e00000fc0007ebfe9ed0737feebfff600,0202AAE00048846D005A5811460E29EFBF1FFFFFFC2246CD1E00000FC0007EBFE9ED0737FEEBFFF600,
2026-07-14T15:38:06.440294+00:00,14.200695,valid,2734,73,2866806857,34001,41,hex,CAM,0202aae0004984d1005a5811460e29efbf1ffffffc2246cd1e00000fc0007ebfe9ed0737feebfff600,0202AAE0004984D1005A5811460E29EFBF1FFFFFFC2246CD1E00000FC0007EBFE9ED0737FEEBFFF600,
2026-07-14T15:38:06.542314+00:00,14.302718,valid,2734,74,2866806858,34101,41,hex,CAM,0202aae0004a8535005a5811460e29efbf1ffffffc2246cd1e00000fc0007ebfe9ed0737feebfff600,0202AAE0004A8535005A5811460E29EFBF1FFFFFFC2246CD1E00000FC0007EBFE9ED0737FEEBFFF600,
2026-07-14T15:38:06.634328+00:00,14.394729,valid,2734,75,2866806859,34201,41,hex,CAM,0202aae0004b8599005a5811460e29efbf1ffffffc2246cd1e00000fc0007ebfe9ed0737feebfff600,0202AAE0004B8599005A5811460E29EFBF1FFFFFFC2246CD1E00000FC0007EBFE9ED0737FEEBFFF600,
2026-07-14T15:38:06.736272+00:00,14.496675,valid,2734,76,2866806860,34301,41,hex,CAM,0202aae0004c85fd005a5811460e29efbf1ffffffc2246cd1e00000fc0007ebfe9ed0737feebfff600,0202AAE0004C85FD005A5811460E29EFBF1FFFFFFC2246CD1E00000FC0007EBFE9ED0737FEEBFFF600,
2026-07-14T15:38:06.838314+00:00,14.598715,valid,2734,77,2866806861,34401,41,hex,CAM,0202aae0004d8661005a5811460e29efbf1ffffffc2246cd1e00000fc0007ebfe9ed0737feebfff600,0202AAE0004D8661005A5811460E29EFBF1FFFFFFC2246CD1E00000FC0007EBFE9ED0737FEEBFFF600,
2026-07-14T15:38:06.940211+00:00,14.700617,valid,2734,78,2866806862,34501,41,hex,CAM,0202aae0004e86c5005a5811460e29efbf1ffffffc2246cd1e00000fc0007ebfe9ed0737feebfff600,0202AAE0004E86C5005A5811460E29EFBF1FFFFFFC2246CD1E00000FC0007EBFE9ED0737FEEBFFF600,
2026-07-14T15:38:07.042156+00:00,14.802560,valid,2734,79,2866806863,34601,41,hex,CAM,0202aae0004f8729005a5811460e29efbf1ffffffc2246cd1e00000fc0007ebfe9ed0737feebfff600,0202AAE0004F8729005A5811460E29EFBF1FFFFFFC2246CD1E00000FC0007EBFE9ED0737FEEBFFF600,
2026-07-14T15:38:07.134300+00:00,14.894706,valid,2734,80,2866806864,34701,41,hex,CAM,0202aae00050878d005a5811460e29efbf1ffffffc2246cd1e00000fc0007ebfe9ed0737feebfff600,0202AAE00050878D005A5811460E29EFBF1FFFFFFC2246CD1E00000FC0007EBFE9ED0737FEEBFFF600,
2026-07-14T15:38:07.236208+00:00,14.996611,valid,2734,81,2866806865,34801,41,hex,CAM,0202aae0005187f1005a5811460e29efbf1ffffffc2246cd1e00000fc0007ebfe9ed0737feebfff600,0202AAE0005187F1005A5811460E29EFBF1FFFFFFC2246CD1E00000FC0007EBFE9ED0737FEEBFFF600,
2026-07-14T15:38:07.338204+00:00,15.098605,valid,2734,82,2866806866,34901,41,hex,CAM,0202aae000528855005a5811460e29efbf1ffffffc2246cd1e00000fc0007ebfe9ed0737feebfff600,0202AAE000528855005A5811460E29EFBF1FFFFFFC2246CD1E00000FC0007EBFE9ED0737FEEBFFF600,
2026-07-14T15:38:07.440353+00:00,15.200754,valid,2734,83,2866806867,35001,41,hex,CAM,0202aae0005388b9005a5811460e29efbf1ffffffc2246cd1e00000fc0007ebfe9ed0737feebfff600,0202AAE0005388B9005A5811460E29EFBF1FFFFFFC2246CD1E00000FC0007EBFE9ED0737FEEBFFF600,
2026-07-14T15:38:07.542328+00:00,15.302729,valid,2734,84,2866806868,35101,41,hex,CAM,0202aae00054891d005a5811460e29efbf1ffffffc2246cd1e00000fc0007ebfe9ed0737feebfff600,0202AAE00054891D005A5811460E29EFBF1FFFFFFC2246CD1E00000FC0007EBFE9ED0737FEEBFFF600,
2026-07-14T15:38:07.634290+00:00,15.394691,valid,2734,85,2866806869,35201,41,hex,CAM,0202aae000558981005a5811460e29efbf1ffffffc2246cd1e00000fc0007ebfe9ed0737feebfff600,0202AAE000558981005A5811460E29EFBF1FFFFFFC2246CD1E00000FC0007EBFE9ED0737FEEBFFF600,
2026-07-14T15:38:07.736256+00:00,15.496658,valid,2734,86,2866806870,35301,41,hex,CAM,0202aae0005689e5005a5811460e29efbf1ffffffc2246cd1e00000fc0007ebfe9ed0737feebfff600,0202AAE0005689E5005A5811460E29EFBF1FFFFFFC2246CD1E00000FC0007EBFE9ED0737FEEBFFF600,
2026-07-14T15:38:07.838228+00:00,15.598629,valid,2734,87,2866806871,35401,41,hex,CAM,0202aae000578a49005a5811460e29efbf1ffffffc2246cd1e00000fc0007ebfe9ed0737feebfff600,0202AAE000578A49005A5811460E29EFBF1FFFFFFC2246CD1E00000FC0007EBFE9ED0737FEEBFFF600,
2026-07-14T15:38:07.940213+00:00,15.700618,valid,2734,88,2866806872,35501,41,hex,CAM,0202aae000588aad005a5811460e29efbf1ffffffc2246cd1e00000fc0007ebfe9ed0737feebfff600,0202AAE000588AAD005A5811460E29EFBF1FFFFFFC2246CD1E00000FC0007EBFE9ED0737FEEBFFF600,
2026-07-14T15:38:08.042208+00:00,15.802612,valid,2734,89,2866806873,35601,41,hex,CAM,0202aae000598b11005a5811460e29efbf1ffffffc2246cd1e00000fc0007ebfe9ed0737feebfff600,0202AAE000598B11005A5811460E29EFBF1FFFFFFC2246CD1E00000FC0007EBFE9ED0737FEEBFFF600,
2026-07-14T15:38:08.134187+00:00,15.894589,valid,2734,90,2866806874,35701,41,hex,CAM,0202aae0005a8b75005a5811460e29efbf1ffffffc2246cd1e00000fc0007ebfe9ed0737feebfff600,0202AAE0005A8B75005A5811460E29EFBF1FFFFFFC2246CD1E00000FC0007EBFE9ED0737FEEBFFF600,
2026-07-14T15:38:08.236217+00:00,15.996623,valid,2734,91,2866806875,35801,41,hex,CAM,0202aae0005b8bd9005a5811460e29efbf1ffffffc2246cd1e00000fc0007ebfe9ed0737feebfff600,0202AAE0005B8BD9005A5811460E29EFBF1FFFFFFC2246CD1E00000FC0007EBFE9ED0737FEEBFFF600,
2026-07-14T15:38:08.338116+00:00,16.098516,valid,2734,92,2866806876,35901,41,hex,CAM,0202aae0005c8c3d005a5811460e29efbf1ffffffc2246cd1e00000fc0007ebfe9ed0737feebfff600,0202AAE0005C8C3D005A5811460E29EFBF1FFFFFFC2246CD1E00000FC0007EBFE9ED0737FEEBFFF600,
2026-07-14T15:38:08.440147+00:00,16.200551,valid,2734,93,2866806877,36001,41,hex,CAM,0202aae0005d8ca1005a5811460e29efbf1ffffffc2246cd1e00000fc0007ebfe9ed0737feebfff600,0202AAE0005D8CA1005A5811460E29EFBF1FFFFFFC2246CD1E00000FC0007EBFE9ED0737FEEBFFF600,
2026-07-14T15:38:08.542222+00:00,16.302625,valid,2734,94,2866806878,36101,41,hex,CAM,0202aae0005e8d05005a5811460e29efbf1ffffffc2246cd1e00000fc0007ebfe9ed0737feebfff600,0202AAE0005E8D05005A5811460E29EFBF1FFFFFFC2246CD1E00000FC0007EBFE9ED0737FEEBFFF600,
2026-07-14T15:38:08.634312+00:00,16.394714,valid,2734,95,2866806879,36201,41,hex,CAM,0202aae0005f8d69005a5811460e29efbf1ffffffc2246cd1e00000fc0007ebfe9ed0737feebfff600,0202AAE0005F8D69005A5811460E29EFBF1FFFFFFC2246CD1E00000FC0007EBFE9ED0737FEEBFFF600,
2026-07-14T15:38:08.736339+00:00,16.496742,valid,2734,96,2866806880,36301,41,hex,CAM,0202aae000608dcd005a5811460e29efbf1ffffffc2246cd1e00000fc0007ebfe9ed0737feebfff600,0202AAE000608DCD005A5811460E29EFBF1FFFFFFC2246CD1E00000FC0007EBFE9ED0737FEEBFFF600,
2026-07-14T15:38:08.838250+00:00,16.598652,valid,2734,97,2866806881,36401,41,hex,CAM,0202aae000618e31005a5811460e29efbf1ffffffc2246cd1e00000fc0007ebfe9ed0737feebfff600,0202AAE000618E31005A5811460E29EFBF1FFFFFFC2246CD1E00000FC0007EBFE9ED0737FEEBFFF600,
2026-07-14T15:38:08.940329+00:00,16.700733,valid,2734,98,2866806882,36501,41,hex,CAM,0202aae000628e95005a5811460e29efbf1ffffffc2246cd1e00000fc0007ebfe9ed0737feebfff600,0202AAE000628E95005A5811460E29EFBF1FFFFFFC2246CD1E00000FC0007EBFE9ED0737FEEBFFF600,
2026-07-14T15:38:09.042201+00:00,16.802605,valid,2734,99,2866806883,36601,41,hex,CAM,0202aae000638ef9005a5811460e29efbf1ffffffc2246cd1e00000fc0007ebfe9ed0737feebfff600,0202AAE000638EF9005A5811460E29EFBF1FFFFFFC2246CD1E00000FC0007EBFE9ED0737FEEBFFF600,
2026-07-14T15:38:09.134230+00:00,16.894631,valid,2734,100,2866806884,36701,41,hex,CAM,0202aae000648f5d005a5811460e29efbf1ffffffc2246cd1e00000fc0007ebfe9ed0737feebfff600,0202AAE000648F5D005A5811460E29EFBF1FFFFFFC2246CD1E00000FC0007EBFE9ED0737FEEBFFF600,
2026-07-14T15:38:09.235873+00:00,16.996272,valid,2734,101,2866806885,36801,41,hex,CAM,0202aae000658fc1005a5811460e29efbf1ffffffc2246cd1e00000fc0007ebfe9ed0737feebfff600,0202AAE000658FC1005A5811460E29EFBF1FFFFFFC2246CD1E00000FC0007EBFE9ED0737FEEBFFF600,
2026-07-14T15:38:09.338290+00:00,17.098691,valid,2734,102,2866806886,36901,41,hex,CAM,0202aae000669025005a5811460e29efbf1ffffffc2246cd1e00000fc0007ebfe9ed0737feebfff600,0202AAE000669025005A5811460E29EFBF1FFFFFFC2246CD1E00000FC0007EBFE9ED0737FEEBFFF600,
2026-07-14T15:38:09.440325+00:00,17.200725,valid,2734,103,2866806887,37001,41,hex,CAM,0202aae000679089005a5811460e29efbf1ffffffc2246cd1e00000fc0007ebfe9ed0737feebfff600,0202AAE000679089005A5811460E29EFBF1FFFFFFC2246CD1E00000FC0007EBFE9ED0737FEEBFFF600,
2026-07-14T15:38:09.542305+00:00,17.302705,valid,2734,104,2866806888,37101,41,hex,CAM,0202aae0006890ed005a5811460e29efbf1ffffffc2246cd1e00000fc0007ebfe9ed0737feebfff600,0202AAE0006890ED005A5811460E29EFBF1FFFFFFC2246CD1E00000FC0007EBFE9ED0737FEEBFFF600,
2026-07-14T15:38:09.634371+00:00,17.394775,valid,2734,105,2866806889,37201,41,hex,CAM,0202aae000699151005a5811460e29efbf1ffffffc2246cd1e00000fc0007ebfe9ed0737feebfff600,0202AAE000699151005A5811460E29EFBF1FFFFFFC2246CD1E00000FC0007EBFE9ED0737FEEBFFF600,
2026-07-14T15:38:09.736272+00:00,17.496673,valid,2734,106,2866806890,37301,41,hex,CAM,0202aae0006a91b5005a5811460e29efbf1ffffffc2246cd1e00000fc0007ebfe9ed0737feebfff600,0202AAE0006A91B5005A5811460E29EFBF1FFFFFFC2246CD1E00000FC0007EBFE9ED0737FEEBFFF600,
2026-07-14T15:38:09.838158+00:00,17.598557,valid,2734,107,2866806891,37401,41,hex,CAM,0202aae0006b9219005a5811460e29efbf1ffffffc2246cd1e00000fc0007ebfe9ed0737feebfff600,0202AAE0006B9219005A5811460E29EFBF1FFFFFFC2246CD1E00000FC0007EBFE9ED0737FEEBFFF600,
2026-07-14T15:38:09.940327+00:00,17.700734,valid,2734,108,2866806892,37501,41,hex,CAM,0202aae0006c927d005a5811460e29efbf1ffffffc2246cd1e00000fc0007ebfe9ed0737feebfff600,0202AAE0006C927D005A5811460E29EFBF1FFFFFFC2246CD1E00000FC0007EBFE9ED0737FEEBFFF600,
2026-07-14T15:38:10.042294+00:00,17.802698,valid,2734,109,2866806893,37601,41,hex,CAM,0202aae0006d92e1005a5811460e29efbf1ffffffc2246cd1e00000fc0007ebfe9ed0737feebfff600,0202AAE0006D92E1005A5811460E29EFBF1FFFFFFC2246CD1E00000FC0007EBFE9ED0737FEEBFFF600,
2026-07-14T15:38:10.134257+00:00,17.894660,valid,2734,110,2866806894,37701,41,hex,CAM,0202aae0006e9345005a5811460e29efbf1ffffffc2246cd1e00000fc0007ebfe9ed0737feebfff600,0202AAE0006E9345005A5811460E29EFBF1FFFFFFC2246CD1E00000FC0007EBFE9ED0737FEEBFFF600,
2026-07-14T15:38:10.236156+00:00,17.996556,valid,2734,111,2866806895,37801,41,hex,CAM,0202aae0006f93a9005a5811460e29efbf1ffffffc2246cd1e00000fc0007ebfe9ed0737feebfff600,0202AAE0006F93A9005A5811460E29EFBF1FFFFFFC2246CD1E00000FC0007EBFE9ED0737FEEBFFF600,
2026-07-14T15:38:10.338220+00:00,18.098621,valid,2734,112,2866806896,37901,41,hex,CAM,0202aae00070940d005a5811460e29efbf1ffffffc2246cd1e00000fc0007ebfe9ed0737feebfff600,0202AAE00070940D005A5811460E29EFBF1FFFFFFC2246CD1E00000FC0007EBFE9ED0737FEEBFFF600,
2026-07-14T15:38:10.440243+00:00,18.200644,valid,2734,113,2866806897,38001,41,hex,CAM,0202aae000719471005a5811460e29efbf1ffffffc2246cd1e00000fc0007ebfe9ed0737feebfff600,0202AAE000719471005A5811460E29EFBF1FFFFFFC2246CD1E00000FC0007EBFE9ED0737FEEBFFF600,
2026-07-14T15:38:10.542219+00:00,18.302620,valid,2734,114,2866806898,38101,41,hex,CAM,0202aae0007294d5005a5811460e29efbf1ffffffc2246cd1e00000fc0007ebfe9ed0737feebfff600,0202AAE0007294D5005A5811460E29EFBF1FFFFFFC2246CD1E00000FC0007EBFE9ED0737FEEBFFF600,
2026-07-14T15:38:10.634257+00:00,18.394659,valid,2734,115,2866806899,38201,41,hex,CAM,0202aae000739539005a5811460e29efbf1ffffffc2246cd1e00000fc0007ebfe9ed0737feebfff600,0202AAE000739539005A5811460E29EFBF1FFFFFFC2246CD1E00000FC0007EBFE9ED0737FEEBFFF600,
2026-07-14T15:38:10.736273+00:00,18.496674,valid,2734,116,2866806900,38301,41,hex,CAM,0202aae00074959d005a5811460e29efbf1ffffffc2246cd1e00000fc0007ebfe9ed0737feebfff600,0202AAE00074959D005A5811460E29EFBF1FFFFFFC2246CD1E00000FC0007EBFE9ED0737FEEBFFF600,
2026-07-14T15:38:10.838229+00:00,18.598630,valid,2734,117,2866806901,38401,41,hex,CAM,0202aae000759601005a5811460e29efbf1ffffffc2246cd1e00000fc0007ebfe9ed0737feebfff600,0202AAE000759601005A5811460E29EFBF1FFFFFFC2246CD1E00000FC0007EBFE9ED0737FEEBFFF600,
2026-07-14T15:38:10.940263+00:00,18.700666,valid,2734,118,2866806902,38501,41,hex,CAM,0202aae000769665005a5811460e29efbf1ffffffc2246cd1e00000fc0007ebfe9ed0737feebfff600,0202AAE000769665005A5811460E29EFBF1FFFFFFC2246CD1E00000FC0007EBFE9ED0737FEEBFFF600,
2026-07-14T15:38:11.042351+00:00,18.802754,valid,2734,119,2866806903,38601,41,hex,CAM,0202aae0007796c9005a5811460e29efbf1ffffffc2246cd1e00000fc0007ebfe9ed0737feebfff600,0202AAE0007796C9005A5811460E29EFBF1FFFFFFC2246CD1E00000FC0007EBFE9ED0737FEEBFFF600,
2026-07-14T15:38:11.134317+00:00,18.894720,valid,2734,120,2866806904,38701,41,hex,CAM,0202aae00078972d005a5811460e29efbf1ffffffc2246cd1e00000fc0007ebfe9ed0737feebfff600,0202AAE00078972D005A5811460E29EFBF1FFFFFFC2246CD1E00000FC0007EBFE9ED0737FEEBFFF600,
2026-07-14T15:38:11.236314+00:00,18.996716,valid,2734,121,2866806905,38801,41,hex,CAM,0202aae000799791005a5811460e29efbf1ffffffc2246cd1e00000fc0007ebfe9ed0737feebfff600,0202AAE000799791005A5811460E29EFBF1FFFFFFC2246CD1E00000FC0007EBFE9ED0737FEEBFFF600,
2026-07-14T15:38:11.338363+00:00,19.098764,valid,2734,122,2866806906,38901,41,hex,CAM,0202aae0007a97f5005a5811460e29efbf1ffffffc2246cd1e00000fc0007ebfe9ed0737feebfff600,0202AAE0007A97F5005A5811460E29EFBF1FFFFFFC2246CD1E00000FC0007EBFE9ED0737FEEBFFF600,
2026-07-14T15:38:11.440331+00:00,19.200731,valid,2734,123,2866806907,39001,41,hex,CAM,0202aae0007b9859005a5811460e29efbf1ffffffc2246cd1e00000fc0007ebfe9ed0737feebfff600,0202AAE0007B9859005A5811460E29EFBF1FFFFFFC2246CD1E00000FC0007EBFE9ED0737FEEBFFF600,
2026-07-14T15:38:11.542359+00:00,19.302761,valid,2734,124,2866806908,39101,41,hex,CAM,0202aae0007c98bd005a5811460e29efbf1ffffffc2246cd1e00000fc0007ebfe9ed0737feebfff600,0202AAE0007C98BD005A5811460E29EFBF1FFFFFFC2246CD1E00000FC0007EBFE9ED0737FEEBFFF600,
2026-07-14T15:38:11.634312+00:00,19.394712,valid,2734,125,2866806909,39201,41,hex,CAM,0202aae0007d9921005a5811460e29efbf1ffffffc2246cd1e00000fc0007ebfe9ed0737feebfff600,0202AAE0007D9921005A5811460E29EFBF1FFFFFFC2246CD1E00000FC0007EBFE9ED0737FEEBFFF600,
2026-07-14T15:38:11.736255+00:00,19.496655,valid,2734,126,2866806910,39301,41,hex,CAM,0202aae0007e9985005a5811460e29efbf1ffffffc2246cd1e00000fc0007ebfe9ed0737feebfff600,0202AAE0007E9985005A5811460E29EFBF1FFFFFFC2246CD1E00000FC0007EBFE9ED0737FEEBFFF600,
2026-07-14T15:38:11.838300+00:00,19.598701,valid,2734,127,2866806911,39401,41,hex,CAM,0202aae0007f99e9005a5811460e29efbf1ffffffc2246cd1e00000fc0007ebfe9ed0737feebfff600,0202AAE0007F99E9005A5811460E29EFBF1FFFFFFC2246CD1E00000FC0007EBFE9ED0737FEEBFFF600,
2026-07-14T15:38:11.940301+00:00,19.700703,valid,2734,128,2866806912,39501,41,hex,CAM,0202aae000809a4d005a5811460e29efbf1ffffffc2246cd1e00000fc0007ebfe9ed0737feebfff600,0202AAE000809A4D005A5811460E29EFBF1FFFFFFC2246CD1E00000FC0007EBFE9ED0737FEEBFFF600,
2026-07-14T15:38:12.042260+00:00,19.802662,valid,2734,129,2866806913,39601,41,hex,CAM,0202aae000819ab1005a5811460e29efbf1ffffffc2246cd1e00000fc0007ebfe9ed0737feebfff600,0202AAE000819AB1005A5811460E29EFBF1FFFFFFC2246CD1E00000FC0007EBFE9ED0737FEEBFFF600,
2026-07-14T15:38:12.134348+00:00,19.894754,valid,2734,130,2866806914,39701,41,hex,CAM,0202aae000829b15005a5811460e29efbf1ffffffc2246cd1e00000fc0007ebfe9ed0737feebfff600,0202AAE000829B15005A5811460E29EFBF1FFFFFFC2246CD1E00000FC0007EBFE9ED0737FEEBFFF600,
2026-07-14T15:38:12.236313+00:00,19.996714,valid,2734,131,2866806915,39801,41,hex,CAM,0202aae000839b79005a5811460e29efbf1ffffffc2246cd1e00000fc0007ebfe9ed0737feebfff600,0202AAE000839B79005A5811460E29EFBF1FFFFFFC2246CD1E00000FC0007EBFE9ED0737FEEBFFF600,
2026-07-14T15:38:12.338384+00:00,20.098784,valid,2734,132,2866806916,39901,41,hex,CAM,0202aae000849bdd005a5811460e29efbf1ffffffc2246cd1e00000fc0007ebfe9ed0737feebfff600,0202AAE000849BDD005A5811460E29EFBF1FFFFFFC2246CD1E00000FC0007EBFE9ED0737FEEBFFF600,
2026-07-14T15:38:12.440398+00:00,20.200804,valid,2734,133,2866806917,40001,41,hex,CAM,0202aae000859c41005a5811460e29efbf1ffffffc2246cd1e00000fc0007ebfe9ed0737feebfff600,0202AAE000859C41005A5811460E29EFBF1FFFFFFC2246CD1E00000FC0007EBFE9ED0737FEEBFFF600,
2026-07-14T15:38:12.542375+00:00,20.302782,valid,2734,134,2866806918,40101,41,hex,CAM,0202aae000869ca5005a5811460e29efbf1ffffffc2246cd1e00000fc0007ebfe9ed0737feebfff600,0202AAE000869CA5005A5811460E29EFBF1FFFFFFC2246CD1E00000FC0007EBFE9ED0737FEEBFFF600,
2026-07-14T15:38:12.634310+00:00,20.394711,valid,2734,135,2866806919,40201,41,hex,CAM,0202aae000879d09005a5811460e29efbf1ffffffc2246cd1e00000fc0007ebfe9ed0737feebfff600,0202AAE000879D09005A5811460E29EFBF1FFFFFFC2246CD1E00000FC0007EBFE9ED0737FEEBFFF600,
2026-07-14T15:38:12.736304+00:00,20.496705,valid,2734,136,2866806920,40301,41,hex,CAM,0202aae000889d6d005a5811460e29efbf1ffffffc2246cd1e00000fc0007ebfe9ed0737feebfff600,0202AAE000889D6D005A5811460E29EFBF1FFFFFFC2246CD1E00000FC0007EBFE9ED0737FEEBFFF600,
2026-07-14T15:38:12.838394+00:00,20.598796,valid,2734,137,2866806921,40401,41,hex,CAM,0202aae000899dd1005a5811460e29efbf1ffffffc2246cd1e00000fc0007ebfe9ed0737feebfff600,0202AAE000899DD1005A5811460E29EFBF1FFFFFFC2246CD1E00000FC0007EBFE9ED0737FEEBFFF600,
2026-07-14T15:38:12.940378+00:00,20.700780,valid,2734,138,2866806922,40501,41,hex,CAM,0202aae0008a9e35005a5811460e29efbf1ffffffc2246cd1e00000fc0007ebfe9ed0737feebfff600,0202AAE0008A9E35005A5811460E29EFBF1FFFFFFC2246CD1E00000FC0007EBFE9ED0737FEEBFFF600,
2026-07-14T15:38:13.042300+00:00,20.802702,valid,2734,139,2866806923,40601,41,hex,CAM,0202aae0008b9e99005a5811460e29efbf1ffffffc2246cd1e00000fc0007ebfe9ed0737feebfff600,0202AAE0008B9E99005A5811460E29EFBF1FFFFFFC2246CD1E00000FC0007EBFE9ED0737FEEBFFF600,
2026-07-14T15:38:13.134301+00:00,20.894704,valid,2734,140,2866806924,40701,41,hex,CAM,0202aae0008c9efd005a5811460e29efbf1ffffffc2246cd1e00000fc0007ebfe9ed0737feebfff600,0202AAE0008C9EFD005A5811460E29EFBF1FFFFFFC2246CD1E00000FC0007EBFE9ED0737FEEBFFF600,
2026-07-14T15:38:13.236250+00:00,20.996652,valid,2734,141,2866806925,40801,41,hex,CAM,0202aae0008d9f61005a5811460e29efbf1ffffffc2246cd1e00000fc0007ebfe9ed0737feebfff600,0202AAE0008D9F61005A5811460E29EFBF1FFFFFFC2246CD1E00000FC0007EBFE9ED0737FEEBFFF600,
2026-07-14T15:38:13.338223+00:00,21.098629,valid,2734,142,2866806926,40901,41,hex,CAM,0202aae0008e9fc5005a5811460e29efbf1ffffffc2246cd1e00000fc0007ebfe9ed0737feebfff600,0202AAE0008E9FC5005A5811460E29EFBF1FFFFFFC2246CD1E00000FC0007EBFE9ED0737FEEBFFF600,
2026-07-14T15:38:13.440271+00:00,21.200672,valid,2734,143,2866806927,41001,41,hex,CAM,0202aae0008fa029005a5811460e29efbf1ffffffc2246cd1e00000fc0007ebfe9ed0737feebfff600,0202AAE0008FA029005A5811460E29EFBF1FFFFFFC2246CD1E00000FC0007EBFE9ED0737FEEBFFF600,
2026-07-14T15:38:13.542288+00:00,21.302690,valid,2734,144,2866806928,41101,41,hex,CAM,0202aae00090a08d005a5811460e29efbf1ffffffc2246cd1e00000fc0007ebfe9ed0737feebfff600,0202AAE00090A08D005A5811460E29EFBF1FFFFFFC2246CD1E00000FC0007EBFE9ED0737FEEBFFF600,
2026-07-14T15:38:13.634214+00:00,21.394615,valid,2734,145,2866806929,41201,41,hex,CAM,0202aae00091a0f1005a5811460e29efbf1ffffffc2246cd1e00000fc0007ebfe9ed0737feebfff600,0202AAE00091A0F1005A5811460E29EFBF1FFFFFFC2246CD1E00000FC0007EBFE9ED0737FEEBFFF600,
2026-07-14T15:38:13.736285+00:00,21.496686,valid,2734,146,2866806930,41301,41,hex,CAM,0202aae00092a155005a5811460e29efbf1ffffffc2246cd1e00000fc0007ebfe9ed0737feebfff600,0202AAE00092A155005A5811460E29EFBF1FFFFFFC2246CD1E00000FC0007EBFE9ED0737FEEBFFF600,
2026-07-14T15:38:13.838292+00:00,21.598690,valid,2734,147,2866806931,41401,41,hex,CAM,0202aae00093a1b9005a5811460e29efbf1ffffffc2246cd1e00000fc0007ebfe9ed0737feebfff600,0202AAE00093A1B9005A5811460E29EFBF1FFFFFFC2246CD1E00000FC0007EBFE9ED0737FEEBFFF600,
2026-07-14T15:38:13.940363+00:00,21.700766,valid,2734,148,2866806932,41501,41,hex,CAM,0202aae00094a21d005a5811460e29efbf1ffffffc2246cd1e00000fc0007ebfe9ed0737feebfff600,0202AAE00094A21D005A5811460E29EFBF1FFFFFFC2246CD1E00000FC0007EBFE9ED0737FEEBFFF600,
2026-07-14T15:38:14.042355+00:00,21.802758,valid,2734,149,2866806933,41601,41,hex,CAM,0202aae00095a281005a5811460e29efbf1ffffffc2246cd1e00000fc0007ebfe9ed0737feebfff600,0202AAE00095A281005A5811460E29EFBF1FFFFFFC2246CD1E00000FC0007EBFE9ED0737FEEBFFF600,
2026-07-14T15:38:14.134360+00:00,21.894760,valid,2734,150,2866806934,41701,41,hex,CAM,0202aae00096a2e5005a5811460e29efbf1ffffffc2246cd1e00000fc0007ebfe9ed0737feebfff600,0202AAE00096A2E5005A5811460E29EFBF1FFFFFFC2246CD1E00000FC0007EBFE9ED0737FEEBFFF600,
2026-07-14T15:38:14.236410+00:00,21.996814,valid,2734,151,2866806935,41801,41,hex,CAM,0202aae00097a349005a5811460e29efbf1ffffffc2246cd1e00000fc0007ebfe9ed0737feebfff600,0202AAE00097A349005A5811460E29EFBF1FFFFFFC2246CD1E00000FC0007EBFE9ED0737FEEBFFF600,
2026-07-14T15:38:14.338314+00:00,22.098715,valid,2734,152,2866806936,41901,41,hex,CAM,0202aae00098a3ad005a5811460e29efbf1ffffffc2246cd1e00000fc0007ebfe9ed0737feebfff600,0202AAE00098A3AD005A5811460E29EFBF1FFFFFFC2246CD1E00000FC0007EBFE9ED0737FEEBFFF600,
2026-07-14T15:38:14.440439+00:00,22.200847,valid,2734,153,2866806937,42001,41,hex,CAM,0202aae00099a411005a5811460e29efbf1ffffffc2246cd1e00000fc0007ebfe9ed0737feebfff600,0202AAE00099A411005A5811460E29EFBF1FFFFFFC2246CD1E00000FC0007EBFE9ED0737FEEBFFF600,
2026-07-14T15:38:14.542390+00:00,22.302798,valid,2734,154,2866806938,42101,41,hex,CAM,0202aae0009aa475005a5811460e29efbf1ffffffc2246cd1e00000fc0007ebfe9ed0737feebfff600,0202AAE0009AA475005A5811460E29EFBF1FFFFFFC2246CD1E00000FC0007EBFE9ED0737FEEBFFF600,
2026-07-14T15:38:14.634296+00:00,22.394698,valid,2734,155,2866806939,42201,41,hex,CAM,0202aae0009ba4d9005a5811460e29efbf1ffffffc2246cd1e00000fc0007ebfe9ed0737feebfff600,0202AAE0009BA4D9005A5811460E29EFBF1FFFFFFC2246CD1E00000FC0007EBFE9ED0737FEEBFFF600,
2026-07-14T15:38:14.736331+00:00,22.496732,valid,2734,156,2866806940,42301,41,hex,CAM,0202aae0009ca53d005a5811460e29efbf1ffffffc2246cd1e00000fc0007ebfe9ed0737feebfff600,0202AAE0009CA53D005A5811460E29EFBF1FFFFFFC2246CD1E00000FC0007EBFE9ED0737FEEBFFF600,
2026-07-14T15:38:14.838466+00:00,22.598868,valid,2734,157,2866806941,42401,41,hex,CAM,0202aae0009da5a1005a5811460e29efbf1ffffffc2246cd1e00000fc0007ebfe9ed0737feebfff600,0202AAE0009DA5A1005A5811460E29EFBF1FFFFFFC2246CD1E00000FC0007EBFE9ED0737FEEBFFF600,
2026-07-14T15:38:14.940409+00:00,22.700811,valid,2734,158,2866806942,42501,41,hex,CAM,0202aae0009ea605005a5811460e29efbf1ffffffc2246cd1e00000fc0007ebfe9ed0737feebfff600,0202AAE0009EA605005A5811460E29EFBF1FFFFFFC2246CD1E00000FC0007EBFE9ED0737FEEBFFF600,
2026-07-14T15:38:15.042355+00:00,22.802757,valid,2734,159,2866806943,42601,41,hex,CAM,0202aae0009fa669005a5811460e29efbf1ffffffc2246cd1e00000fc0007ebfe9ed0737feebfff600,0202AAE0009FA669005A5811460E29EFBF1FFFFFFC2246CD1E00000FC0007EBFE9ED0737FEEBFFF600,
2026-07-14T15:38:15.134222+00:00,22.894624,valid,2734,160,2866806944,42701,41,hex,CAM,0202aae000a0a6cd005a5811460e29efbf1ffffffc2246cd1e00000fc0007ebfe9ed0737feebfff600,0202AAE000A0A6CD005A5811460E29EFBF1FFFFFFC2246CD1E00000FC0007EBFE9ED0737FEEBFFF600,
2026-07-14T15:38:15.236194+00:00,22.996597,valid,2734,161,2866806945,42801,41,hex,CAM,0202aae000a1a731005a5811460e29efbf1ffffffc2246cd1e00000fc0007ebfe9ed0737feebfff600,0202AAE000A1A731005A5811460E29EFBF1FFFFFFC2246CD1E00000FC0007EBFE9ED0737FEEBFFF600,
2026-07-14T15:38:15.338353+00:00,23.098754,valid,2734,162,2866806946,42901,41,hex,CAM,0202aae000a2a795005a5811460e29efbf1ffffffc2246cd1e00000fc0007ebfe9ed0737feebfff600,0202AAE000A2A795005A5811460E29EFBF1FFFFFFC2246CD1E00000FC0007EBFE9ED0737FEEBFFF600,
2026-07-14T15:38:15.440400+00:00,23.200801,valid,2734,163,2866806947,43001,41,hex,CAM,0202aae000a3a7f9005a5811460e29efbf1ffffffc2246cd1e00000fc0007ebfe9ed0737feebfff600,0202AAE000A3A7F9005A5811460E29EFBF1FFFFFFC2246CD1E00000FC0007EBFE9ED0737FEEBFFF600,
2026-07-14T15:38:15.542349+00:00,23.302749,valid,2734,164,2866806948,43101,41,hex,CAM,0202aae000a4a85d005a5811460e29efbf1ffffffc2246cd1e00000fc0007ebfe9ed0737feebfff600,0202AAE000A4A85D005A5811460E29EFBF1FFFFFFC2246CD1E00000FC0007EBFE9ED0737FEEBFFF600,
2026-07-14T15:38:15.634225+00:00,23.394626,valid,2734,165,2866806949,43201,41,hex,CAM,0202aae000a5a8c1005a5811460e29efbf1ffffffc2246cd1e00000fc0007ebfe9ed0737feebfff600,0202AAE000A5A8C1005A5811460E29EFBF1FFFFFFC2246CD1E00000FC0007EBFE9ED0737FEEBFFF600,
2026-07-14T15:38:15.736218+00:00,23.496620,valid,2734,166,2866806950,43301,41,hex,CAM,0202aae000a6a925005a5811460e29efbf1ffffffc2246cd1e00000fc0007ebfe9ed0737feebfff600,0202AAE000A6A925005A5811460E29EFBF1FFFFFFC2246CD1E00000FC0007EBFE9ED0737FEEBFFF600,
2026-07-14T15:38:15.838217+00:00,23.598617,valid,2734,167,2866806951,43401,41,hex,CAM,0202aae000a7a989005a5811460e29efbf1ffffffc2246cd1e00000fc0007ebfe9ed0737feebfff600,0202AAE000A7A989005A5811460E29EFBF1FFFFFFC2246CD1E00000FC0007EBFE9ED0737FEEBFFF600,
2026-07-14T15:38:15.940481+00:00,23.700887,valid,2734,168,2866806952,43501,41,hex,CAM,0202aae000a8a9ed005a5811460e29efbf1ffffffc2246cd1e00000fc0007ebfe9ed0737feebfff600,0202AAE000A8A9ED005A5811460E29EFBF1FFFFFFC2246CD1E00000FC0007EBFE9ED0737FEEBFFF600,
2026-07-14T15:38:16.042377+00:00,23.802778,valid,2734,169,2866806953,43601,41,hex,CAM,0202aae000a9aa51005a5811460e29efbf1ffffffc2246cd1e00000fc0007ebfe9ed0737feebfff600,0202AAE000A9AA51005A5811460E29EFBF1FFFFFFC2246CD1E00000FC0007EBFE9ED0737FEEBFFF600,
2026-07-14T15:38:16.134284+00:00,23.894686,valid,2734,170,2866806954,43701,41,hex,CAM,0202aae000aaaab5005a5811460e29efbf1ffffffc2246cd1e00000fc0007ebfe9ed0737feebfff600,0202AAE000AAAAB5005A5811460E29EFBF1FFFFFFC2246CD1E00000FC0007EBFE9ED0737FEEBFFF600,
2026-07-14T15:38:16.236015+00:00,23.996414,valid,2734,171,2866806955,43801,41,hex,CAM,0202aae000abab19005a5811460e29efbf1ffffffc2246cd1e00000fc0007ebfe9ed0737feebfff600,0202AAE000ABAB19005A5811460E29EFBF1FFFFFFC2246CD1E00000FC0007EBFE9ED0737FEEBFFF600,
2026-07-14T15:38:16.338285+00:00,24.098688,valid,2734,172,2866806956,43901,41,hex,CAM,0202aae000acab7d005a5811460e29efbf1ffffffc2246cd1e00000fc0007ebfe9ed0737feebfff600,0202AAE000ACAB7D005A5811460E29EFBF1FFFFFFC2246CD1E00000FC0007EBFE9ED0737FEEBFFF600,
2026-07-14T15:38:16.440258+00:00,24.200660,valid,2734,173,2866806957,44001,41,hex,CAM,0202aae000adabe1005a5811460e29efbf1ffffffc2246cd1e00000fc0007ebfe9ed0737feebfff600,0202AAE000ADABE1005A5811460E29EFBF1FFFFFFC2246CD1E00000FC0007EBFE9ED0737FEEBFFF600,
2026-07-14T15:38:16.542204+00:00,24.302605,valid,2734,174,2866806958,44101,41,hex,CAM,0202aae000aeac45005a5811460e29efbf1ffffffc2246cd1e00000fc0007ebfe9ed0737feebfff600,0202AAE000AEAC45005A5811460E29EFBF1FFFFFFC2246CD1E00000FC0007EBFE9ED0737FEEBFFF600,
2026-07-14T15:38:16.634259+00:00,24.394660,valid,2734,175,2866806959,44201,41,hex,CAM,0202aae000afaca9005a5811460e29efbf1ffffffc2246cd1e00000fc0007ebfe9ed0737feebfff600,0202AAE000AFACA9005A5811460E29EFBF1FFFFFFC2246CD1E00000FC0007EBFE9ED0737FEEBFFF600,
2026-07-14T15:38:16.736231+00:00,24.496633,valid,2734,176,2866806960,44301,41,hex,CAM,0202aae000b0ad0d005a5811460e29efbf1ffffffc2246cd1e00000fc0007ebfe9ed0737feebfff600,0202AAE000B0AD0D005A5811460E29EFBF1FFFFFFC2246CD1E00000FC0007EBFE9ED0737FEEBFFF600,
2026-07-14T15:38:16.838246+00:00,24.598648,valid,2734,177,2866806961,44401,41,hex,CAM,0202aae000b1ad71005a5811460e29efbf1ffffffc2246cd1e00000fc0007ebfe9ed0737feebfff600,0202AAE000B1AD71005A5811460E29EFBF1FFFFFFC2246CD1E00000FC0007EBFE9ED0737FEEBFFF600,
2026-07-14T15:38:16.940212+00:00,24.700615,valid,2734,178,2866806962,44501,41,hex,CAM,0202aae000b2add5005a5811460e29efbf1ffffffc2246cd1e00000fc0007ebfe9ed0737feebfff600,0202AAE000B2ADD5005A5811460E29EFBF1FFFFFFC2246CD1E00000FC0007EBFE9ED0737FEEBFFF600,
2026-07-14T15:38:17.042280+00:00,24.802681,valid,2734,179,2866806963,44601,41,hex,CAM,0202aae000b3ae39005a5811460e29efbf1ffffffc2246cd1e00000fc0007ebfe9ed0737feebfff600,0202AAE000B3AE39005A5811460E29EFBF1FFFFFFC2246CD1E00000FC0007EBFE9ED0737FEEBFFF600,
2026-07-14T15:38:17.134161+00:00,24.894560,valid,2734,180,2866806964,44701,41,hex,CAM,0202aae000b4ae9d005a5811460e29efbf1ffffffc2246cd1e00000fc0007ebfe9ed0737feebfff600,0202AAE000B4AE9D005A5811460E29EFBF1FFFFFFC2246CD1E00000FC0007EBFE9ED0737FEEBFFF600,
2026-07-14T15:38:17.236133+00:00,24.996531,valid,2734,181,2866806965,44801,41,hex,CAM,0202aae000b5af01005a5811460e29efbf1ffffffc2246cd1e00000fc0007ebfe9ed0737feebfff600,0202AAE000B5AF01005A5811460E29EFBF1FFFFFFC2246CD1E00000FC0007EBFE9ED0737FEEBFFF600,
2026-07-14T15:38:17.338200+00:00,25.098604,valid,2734,182,2866806966,44901,41,hex,CAM,0202aae000b6af65005a5811460e29efbf1ffffffc2246cd1e00000fc0007ebfe9ed0737feebfff600,0202AAE000B6AF65005A5811460E29EFBF1FFFFFFC2246CD1E00000FC0007EBFE9ED0737FEEBFFF600,
2026-07-14T15:38:17.440227+00:00,25.200631,valid,2734,183,2866806967,45001,41,hex,CAM,0202aae000b7afc9005a5811460e29efbf1ffffffc2246cd1e00000fc0007ebfe9ed0737feebfff600,0202AAE000B7AFC9005A5811460E29EFBF1FFFFFFC2246CD1E00000FC0007EBFE9ED0737FEEBFFF600,
2026-07-14T15:38:17.542388+00:00,25.302790,valid,2734,184,2866806968,45101,41,hex,CAM,0202aae000b8b02d005a5811460e29efbf1ffffffc2246cd1e00000fc0007ebfe9ed0737feebfff600,0202AAE000B8B02D005A5811460E29EFBF1FFFFFFC2246CD1E00000FC0007EBFE9ED0737FEEBFFF600,
2026-07-14T15:38:17.634307+00:00,25.394708,valid,2734,185,2866806969,45201,41,hex,CAM,0202aae000b9b091005a5811460e29efbf1ffffffc2246cd1e00000fc0007ebfe9ed0737feebfff600,0202AAE000B9B091005A5811460E29EFBF1FFFFFFC2246CD1E00000FC0007EBFE9ED0737FEEBFFF600,
2026-07-14T15:38:17.736293+00:00,25.496696,valid,2734,186,2866806970,45301,41,hex,CAM,0202aae000bab0f5005a5811460e29efbf1ffffffc2246cd1e00000fc0007ebfe9ed0737feebfff600,0202AAE000BAB0F5005A5811460E29EFBF1FFFFFFC2246CD1E00000FC0007EBFE9ED0737FEEBFFF600,
2026-07-14T15:38:17.838037+00:00,25.598434,valid,2734,187,2866806971,45401,41,hex,CAM,0202aae000bbb159005a5811460e29efbf1ffffffc2246cd1e00000fc0007ebfe9ed0737feebfff600,0202AAE000BBB159005A5811460E29EFBF1FFFFFFC2246CD1E00000FC0007EBFE9ED0737FEEBFFF600,
2026-07-14T15:38:17.940324+00:00,25.700730,valid,2734,188,2866806972,45501,41,hex,CAM,0202aae000bcb1bd005a5811460e29efbf1ffffffc2246cd1e00000fc0007ebfe9ed0737feebfff600,0202AAE000BCB1BD005A5811460E29EFBF1FFFFFFC2246CD1E00000FC0007EBFE9ED0737FEEBFFF600,
2026-07-14T15:38:18.042294+00:00,25.802696,valid,2734,189,2866806973,45601,41,hex,CAM,0202aae000bdb221005a5811460e29efbf1ffffffc2246cd1e00000fc0007ebfe9ed0737feebfff600,0202AAE000BDB221005A5811460E29EFBF1FFFFFFC2246CD1E00000FC0007EBFE9ED0737FEEBFFF600,
2026-07-14T15:38:18.134304+00:00,25.894706,valid,2734,190,2866806974,45701,41,hex,CAM,0202aae000beb285005a5811460e29efbf1ffffffc2246cd1e00000fc0007ebfe9ed0737feebfff600,0202AAE000BEB285005A5811460E29EFBF1FFFFFFC2246CD1E00000FC0007EBFE9ED0737FEEBFFF600,
2026-07-14T15:38:18.236330+00:00,25.996731,valid,2734,191,2866806975,45801,41,hex,CAM,0202aae000bfb2e9005a5811460e29efbf1ffffffc2246cd1e00000fc0007ebfe9ed0737feebfff600,0202AAE000BFB2E9005A5811460E29EFBF1FFFFFFC2246CD1E00000FC0007EBFE9ED0737FEEBFFF600,
2026-07-14T15:38:18.338394+00:00,26.098796,valid,2734,192,2866806976,45901,41,hex,CAM,0202aae000c0b34d005a5811460e29efbf1ffffffc2246cd1e00000fc0007ebfe9ed0737feebfff600,0202AAE000C0B34D005A5811460E29EFBF1FFFFFFC2246CD1E00000FC0007EBFE9ED0737FEEBFFF600,
2026-07-14T15:38:18.440365+00:00,26.200766,valid,2734,193,2866806977,46001,41,hex,CAM,0202aae000c1b3b1005a5811460e29efbf1ffffffc2246cd1e00000fc0007ebfe9ed0737feebfff600,0202AAE000C1B3B1005A5811460E29EFBF1FFFFFFC2246CD1E00000FC0007EBFE9ED0737FEEBFFF600,
2026-07-14T15:38:18.542340+00:00,26.302741,valid,2734,194,2866806978,46101,41,hex,CAM,0202aae000c2b415005a5811460e29efbf1ffffffc2246cd1e00000fc0007ebfe9ed0737feebfff600,0202AAE000C2B415005A5811460E29EFBF1FFFFFFC2246CD1E00000FC0007EBFE9ED0737FEEBFFF600,
2026-07-14T15:38:18.634332+00:00,26.394732,valid,2734,195,2866806979,46201,41,hex,CAM,0202aae000c3b479005a5811460e29efbf1ffffffc2246cd1e00000fc0007ebfe9ed0737feebfff600,0202AAE000C3B479005A5811460E29EFBF1FFFFFFC2246CD1E00000FC0007EBFE9ED0737FEEBFFF600,
2026-07-14T15:38:18.736278+00:00,26.496678,valid,2734,196,2866806980,46301,41,hex,CAM,0202aae000c4b4dd005a5811460e29efbf1ffffffc2246cd1e00000fc0007ebfe9ed0737feebfff600,0202AAE000C4B4DD005A5811460E29EFBF1FFFFFFC2246CD1E00000FC0007EBFE9ED0737FEEBFFF600,
2026-07-14T15:38:18.838342+00:00,26.598743,valid,2734,197,2866806981,46401,41,hex,CAM,0202aae000c5b541005a5811460e29efbf1ffffffc2246cd1e00000fc0007ebfe9ed0737feebfff600,0202AAE000C5B541005A5811460E29EFBF1FFFFFFC2246CD1E00000FC0007EBFE9ED0737FEEBFFF600,
2026-07-14T15:38:18.940408+00:00,26.700810,valid,2734,198,2866806982,46501,41,hex,CAM,0202aae000c6b5a5005a5811460e29efbf1ffffffc2246cd1e00000fc0007ebfe9ed0737feebfff600,0202AAE000C6B5A5005A5811460E29EFBF1FFFFFFC2246CD1E00000FC0007EBFE9ED0737FEEBFFF600,
2026-07-14T15:38:19.042340+00:00,26.802742,valid,2734,199,2866806983,46601,41,hex,CAM,0202aae000c7b609005a5811460e29efbf1ffffffc2246cd1e00000fc0007ebfe9ed0737feebfff600,0202AAE000C7B609005A5811460E29EFBF1FFFFFFC2246CD1E00000FC0007EBFE9ED0737FEEBFFF600,
2026-07-14T15:38:19.134326+00:00,26.894727,valid,2734,200,2866806984,46701,41,hex,CAM,0202aae000c8b66d005a5811460e29efbf1ffffffc2246cd1e00000fc0007ebfe9ed0737feebfff600,0202AAE000C8B66D005A5811460E29EFBF1FFFFFFC2246CD1E00000FC0007EBFE9ED0737FEEBFFF600,
2026-07-14T15:38:19.236331+00:00,26.996732,valid,2734,201,2866806985,46801,41,hex,CAM,0202aae000c9b6d1005a5811460e29efbf1ffffffc2246cd1e00000fc0007ebfe9ed0737feebfff600,0202AAE000C9B6D1005A5811460E29EFBF1FFFFFFC2246CD1E00000FC0007EBFE9ED0737FEEBFFF600,
2026-07-14T15:38:19.338270+00:00,27.098674,valid,2734,202,2866806986,46901,41,hex,CAM,0202aae000cab735005a5811460e29efbf1ffffffc2246cd1e00000fc0007ebfe9ed0737feebfff600,0202AAE000CAB735005A5811460E29EFBF1FFFFFFC2246CD1E00000FC0007EBFE9ED0737FEEBFFF600,
2026-07-14T15:38:19.440381+00:00,27.200784,valid,2734,203,2866806987,47001,41,hex,CAM,0202aae000cbb799005a5811460e29efbf1ffffffc2246cd1e00000fc0007ebfe9ed0737feebfff600,0202AAE000CBB799005A5811460E29EFBF1FFFFFFC2246CD1E00000FC0007EBFE9ED0737FEEBFFF600,
2026-07-14T15:38:19.542291+00:00,27.302693,valid,2734,204,2866806988,47101,41,hex,CAM,0202aae000ccb7fd005a5811460e29efbf1ffffffc2246cd1e00000fc0007ebfe9ed0737feebfff600,0202AAE000CCB7FD005A5811460E29EFBF1FFFFFFC2246CD1E00000FC0007EBFE9ED0737FEEBFFF600,
2026-07-14T15:38:19.634401+00:00,27.394801,valid,2734,205,2866806989,47201,41,hex,CAM,0202aae000cdb861005a5811460e29efbf1ffffffc2246cd1e00000fc0007ebfe9ed0737feebfff600,0202AAE000CDB861005A5811460E29EFBF1FFFFFFC2246CD1E00000FC0007EBFE9ED0737FEEBFFF600,
2026-07-14T15:38:19.736453+00:00,27.496863,valid,2734,206,2866806990,47301,41,hex,CAM,0202aae000ceb8c5005a5811460e29efbf1ffffffc2246cd1e00000fc0007ebfe9ed0737feebfff600,0202AAE000CEB8C5005A5811460E29EFBF1FFFFFFC2246CD1E00000FC0007EBFE9ED0737FEEBFFF600,
2026-07-14T15:38:19.838349+00:00,27.598754,valid,2734,207,2866806991,47401,41,hex,CAM,0202aae000cfb929005a5811460e29efbf1ffffffc2246cd1e00000fc0007ebfe9ed0737feebfff600,0202AAE000CFB929005A5811460E29EFBF1FFFFFFC2246CD1E00000FC0007EBFE9ED0737FEEBFFF600,
2026-07-14T15:38:19.940226+00:00,27.700628,valid,2734,208,2866806992,47501,41,hex,CAM,0202aae000d0b98d005a5811460e29efbf1ffffffc2246cd1e00000fc0007ebfe9ed0737feebfff600,0202AAE000D0B98D005A5811460E29EFBF1FFFFFFC2246CD1E00000FC0007EBFE9ED0737FEEBFFF600,
2026-07-14T15:38:20.042191+00:00,27.802593,valid,2734,209,2866806993,47601,41,hex,CAM,0202aae000d1b9f1005a5811460e29efbf1ffffffc2246cd1e00000fc0007ebfe9ed0737feebfff600,0202AAE000D1B9F1005A5811460E29EFBF1FFFFFFC2246CD1E00000FC0007EBFE9ED0737FEEBFFF600,
2026-07-14T15:38:20.134277+00:00,27.894679,valid,2734,210,2866806994,47701,41,hex,CAM,0202aae000d2ba55005a5811460e29efbf1ffffffc2246cd1e00000fc0007ebfe9ed0737feebfff600,0202AAE000D2BA55005A5811460E29EFBF1FFFFFFC2246CD1E00000FC0007EBFE9ED0737FEEBFFF600,
2026-07-14T15:38:20.236258+00:00,27.996659,valid,2734,211,2866806995,47801,41,hex,CAM,0202aae000d3bab9005a5811460e29efbf1ffffffc2246cd1e00000fc0007ebfe9ed0737feebfff600,0202AAE000D3BAB9005A5811460E29EFBF1FFFFFFC2246CD1E00000FC0007EBFE9ED0737FEEBFFF600,
2026-07-14T15:38:20.338209+00:00,28.098609,valid,2734,212,2866806996,47901,41,hex,CAM,0202aae000d4bb1d005a5811460e29efbf1ffffffc2246cd1e00000fc0007ebfe9ed0737feebfff600,0202AAE000D4BB1D005A5811460E29EFBF1FFFFFFC2246CD1E00000FC0007EBFE9ED0737FEEBFFF600,
2026-07-14T15:38:20.440241+00:00,28.200645,valid,2734,213,2866806997,48001,41,hex,CAM,0202aae000d5bb81005a5811460e29efbf1ffffffc2246cd1e00000fc0007ebfe9ed0737feebfff600,0202AAE000D5BB81005A5811460E29EFBF1FFFFFFC2246CD1E00000FC0007EBFE9ED0737FEEBFFF600,
2026-07-14T15:38:20.542395+00:00,28.302797,valid,2734,214,2866806998,48101,41,hex,CAM,0202aae000d6bbe5005a5811460e29efbf1ffffffc2246cd1e00000fc0007ebfe9ed0737feebfff600,0202AAE000D6BBE5005A5811460E29EFBF1FFFFFFC2246CD1E00000FC0007EBFE9ED0737FEEBFFF600,
2026-07-14T15:38:20.634342+00:00,28.394748,valid,2734,215,2866806999,48201,41,hex,CAM,0202aae000d7bc49005a5811460e29efbf1ffffffc2246cd1e00000fc0007ebfe9ed0737feebfff600,0202AAE000D7BC49005A5811460E29EFBF1FFFFFFC2246CD1E00000FC0007EBFE9ED0737FEEBFFF600,
2026-07-14T15:38:20.736367+00:00,28.496778,valid,2734,216,2866807000,48301,41,hex,CAM,0202aae000d8bcad005a5811460e29efbf1ffffffc2246cd1e00000fc0007ebfe9ed0737feebfff600,0202AAE000D8BCAD005A5811460E29EFBF1FFFFFFC2246CD1E00000FC0007EBFE9ED0737FEEBFFF600,
2026-07-14T15:38:20.838502+00:00,28.598909,valid,2734,217,2866807001,48401,41,hex,CAM,0202aae000d9bd11005a5811460e29efbf1ffffffc2246cd1e00000fc0007ebfe9ed0737feebfff600,0202AAE000D9BD11005A5811460E29EFBF1FFFFFFC2246CD1E00000FC0007EBFE9ED0737FEEBFFF600,
2026-07-14T15:38:20.940443+00:00,28.700846,valid,2734,218,2866807002,48501,41,hex,CAM,0202aae000dabd75005a5811460e29efbf1ffffffc2246cd1e00000fc0007ebfe9ed0737feebfff600,0202AAE000DABD75005A5811460E29EFBF1FFFFFFC2246CD1E00000FC0007EBFE9ED0737FEEBFFF600,
2026-07-14T15:38:21.042316+00:00,28.802724,valid,2734,219,2866807003,48601,41,hex,CAM,0202aae000dbbdd9005a5811460e29efbf1ffffffc2246cd1e00000fc0007ebfe9ed0737feebfff600,0202AAE000DBBDD9005A5811460E29EFBF1FFFFFFC2246CD1E00000FC0007EBFE9ED0737FEEBFFF600,
2026-07-14T15:38:21.134231+00:00,28.894633,valid,2734,220,2866807004,48701,41,hex,CAM,0202aae000dcbe3d005a5811460e29efbf1ffffffc2246cd1e00000fc0007ebfe9ed0737feebfff600,0202AAE000DCBE3D005A5811460E29EFBF1FFFFFFC2246CD1E00000FC0007EBFE9ED0737FEEBFFF600,
2026-07-14T15:38:21.236236+00:00,28.996637,valid,2734,221,2866807005,48801,41,hex,CAM,0202aae000ddbea1005a5811460e29efbf1ffffffc2246cd1e00000fc0007ebfe9ed0737feebfff600,0202AAE000DDBEA1005A5811460E29EFBF1FFFFFFC2246CD1E00000FC0007EBFE9ED0737FEEBFFF600,
2026-07-14T15:38:21.338276+00:00,29.098677,valid,2734,222,2866807006,48901,41,hex,CAM,0202aae000debf05005a5811460e29efbf1ffffffc2246cd1e00000fc0007ebfe9ed0737feebfff600,0202AAE000DEBF05005A5811460E29EFBF1FFFFFFC2246CD1E00000FC0007EBFE9ED0737FEEBFFF600,
2026-07-14T15:38:21.440216+00:00,29.200618,valid,2734,223,2866807007,49001,41,hex,CAM,0202aae000dfbf69005a5811460e29efbf1ffffffc2246cd1e00000fc0007ebfe9ed0737feebfff600,0202AAE000DFBF69005A5811460E29EFBF1FFFFFFC2246CD1E00000FC0007EBFE9ED0737FEEBFFF600,
2026-07-14T15:38:21.542264+00:00,29.302665,valid,2734,224,2866807008,49101,41,hex,CAM,0202aae000e0bfcd005a5811460e29efbf1ffffffc2246cd1e00000fc0007ebfe9ed0737feebfff600,0202AAE000E0BFCD005A5811460E29EFBF1FFFFFFC2246CD1E00000FC0007EBFE9ED0737FEEBFFF600,
2026-07-14T15:38:21.634289+00:00,29.394691,valid,2734,225,2866807009,49201,41,hex,CAM,0202aae000e1c031005a5811460e29efbf1ffffffc2246cd1e00000fc0007ebfe9ed0737feebfff600,0202AAE000E1C031005A5811460E29EFBF1FFFFFFC2246CD1E00000FC0007EBFE9ED0737FEEBFFF600,
2026-07-14T15:38:21.736296+00:00,29.496702,valid,2734,226,2866807010,49301,41,hex,CAM,0202aae000e2c095005a5811460e29efbf1ffffffc2246cd1e00000fc0007ebfe9ed0737feebfff600,0202AAE000E2C095005A5811460E29EFBF1FFFFFFC2246CD1E00000FC0007EBFE9ED0737FEEBFFF600,
2026-07-14T15:38:21.838322+00:00,29.598725,valid,2734,227,2866807011,49401,41,hex,CAM,0202aae000e3c0f9005a5811460e29efbf1ffffffc2246cd1e00000fc0007ebfe9ed0737feebfff600,0202AAE000E3C0F9005A5811460E29EFBF1FFFFFFC2246CD1E00000FC0007EBFE9ED0737FEEBFFF600,
2026-07-14T15:38:21.940444+00:00,29.700849,valid,2734,228,2866807012,49501,41,hex,CAM,0202aae000e4c15d005a5811460e29efbf1ffffffc2246cd1e00000fc0007ebfe9ed0737feebfff600,0202AAE000E4C15D005A5811460E29EFBF1FFFFFFC2246CD1E00000FC0007EBFE9ED0737FEEBFFF600,
2026-07-14T15:38:22.042379+00:00,29.802780,valid,2734,229,2866807013,49601,41,hex,CAM,0202aae000e5c1c1005a5811460e29efbf1ffffffc2246cd1e00000fc0007ebfe9ed0737feebfff600,0202AAE000E5C1C1005A5811460E29EFBF1FFFFFFC2246CD1E00000FC0007EBFE9ED0737FEEBFFF600,
2026-07-14T15:38:22.134276+00:00,29.894678,valid,2734,230,2866807014,49701,41,hex,CAM,0202aae000e6c225005a5811460e29efbf1ffffffc2246cd1e00000fc0007ebfe9ed0737feebfff600,0202AAE000E6C225005A5811460E29EFBF1FFFFFFC2246CD1E00000FC0007EBFE9ED0737FEEBFFF600,
2026-07-14T15:38:22.236286+00:00,29.996687,valid,2734,231,2866807015,49801,41,hex,CAM,0202aae000e7c289005a5811460e29efbf1ffffffc2246cd1e00000fc0007ebfe9ed0737feebfff600,0202AAE000E7C289005A5811460E29EFBF1FFFFFFC2246CD1E00000FC0007EBFE9ED0737FEEBFFF600,
2026-07-14T15:38:22.338273+00:00,30.098674,valid,2734,232,2866807016,49901,41,hex,CAM,0202aae000e8c2ed005a5811460e29efbf1ffffffc2246cd1e00000fc0007ebfe9ed0737feebfff600,0202AAE000E8C2ED005A5811460E29EFBF1FFFFFFC2246CD1E00000FC0007EBFE9ED0737FEEBFFF600,
2026-07-14T15:38:22.440359+00:00,30.200759,valid,2734,233,2866807017,50001,41,hex,CAM,0202aae000e9c351005a5811460e29efbf1ffffffc2246cd1e00000fc0007ebfe9ed0737feebfff600,0202AAE000E9C351005A5811460E29EFBF1FFFFFFC2246CD1E00000FC0007EBFE9ED0737FEEBFFF600,
2026-07-14T15:38:22.542483+00:00,30.302888,valid,2734,234,2866807018,50101,41,hex,CAM,0202aae000eac3b5005a5811460e29efbf1ffffffc2246cd1e00000fc0007ebfe9ed0737feebfff600,0202AAE000EAC3B5005A5811460E29EFBF1FFFFFFC2246CD1E00000FC0007EBFE9ED0737FEEBFFF600,
2026-07-14T15:38:22.634411+00:00,30.394812,valid,2734,235,2866807019,50201,41,hex,CAM,0202aae000ebc419005a5811460e29efbf1ffffffc2246cd1e00000fc0007ebfe9ed0737feebfff600,0202AAE000EBC419005A5811460E29EFBF1FFFFFFC2246CD1E00000FC0007EBFE9ED0737FEEBFFF600,
2026-07-14T15:38:22.736303+00:00,30.496705,valid,2734,236,2866807020,50301,41,hex,CAM,0202aae000ecc47d005a5811460e29efbf1ffffffc2246cd1e00000fc0007ebfe9ed0737feebfff600,0202AAE000ECC47D005A5811460E29EFBF1FFFFFFC2246CD1E00000FC0007EBFE9ED0737FEEBFFF600,
2026-07-14T15:38:22.838271+00:00,30.598671,valid,2734,237,2866807021,50401,41,hex,CAM,0202aae000edc4e1005a5811460e29efbf1ffffffc2246cd1e00000fc0007ebfe9ed0737feebfff600,0202AAE000EDC4E1005A5811460E29EFBF1FFFFFFC2246CD1E00000FC0007EBFE9ED0737FEEBFFF600,
2026-07-14T15:38:22.940401+00:00,30.700806,valid,2734,238,2866807022,50501,41,hex,CAM,0202aae000eec545005a5811460e29efbf1ffffffc2246cd1e00000fc0007ebfe9ed0737feebfff600,0202AAE000EEC545005A5811460E29EFBF1FFFFFFC2246CD1E00000FC0007EBFE9ED0737FEEBFFF600,
2026-07-14T15:38:23.042377+00:00,30.802778,valid,2734,239,2866807023,50601,41,hex,CAM,0202aae000efc5a9005a5811460e29efbf1ffffffc2246cd1e00000fc0007ebfe9ed0737feebfff600,0202AAE000EFC5A9005A5811460E29EFBF1FFFFFFC2246CD1E00000FC0007EBFE9ED0737FEEBFFF600,
2026-07-14T15:38:23.134379+00:00,30.894781,valid,2734,240,2866807024,50701,41,hex,CAM,0202aae000f0c60d005a5811460e29efbf1ffffffc2246cd1e00000fc0007ebfe9ed0737feebfff600,0202AAE000F0C60D005A5811460E29EFBF1FFFFFFC2246CD1E00000FC0007EBFE9ED0737FEEBFFF600,
2026-07-14T15:38:23.236404+00:00,30.996805,valid,2734,241,2866807025,50801,41,hex,CAM,0202aae000f1c671005a5811460e29efbf1ffffffc2246cd1e00000fc0007ebfe9ed0737feebfff600,0202AAE000F1C671005A5811460E29EFBF1FFFFFFC2246CD1E00000FC0007EBFE9ED0737FEEBFFF600,
2026-07-14T15:38:23.338397+00:00,31.098798,valid,2734,242,2866807026,50901,41,hex,CAM,0202aae000f2c6d5005a5811460e29efbf1ffffffc2246cd1e00000fc0007ebfe9ed0737feebfff600,0202AAE000F2C6D5005A5811460E29EFBF1FFFFFFC2246CD1E00000FC0007EBFE9ED0737FEEBFFF600,
2026-07-14T15:38:23.440404+00:00,31.200804,valid,2734,243,2866807027,51001,41,hex,CAM,0202aae000f3c739005a5811460e29efbf1ffffffc2246cd1e00000fc0007ebfe9ed0737feebfff600,0202AAE000F3C739005A5811460E29EFBF1FFFFFFC2246CD1E00000FC0007EBFE9ED0737FEEBFFF600,
2026-07-14T15:38:23.542462+00:00,31.302866,valid,2734,244,2866807028,51101,41,hex,CAM,0202aae000f4c79d005a5811460e29efbf1ffffffc2246cd1e00000fc0007ebfe9ed0737feebfff600,0202AAE000F4C79D005A5811460E29EFBF1FFFFFFC2246CD1E00000FC0007EBFE9ED0737FEEBFFF600,
2026-07-14T15:38:23.634300+00:00,31.394700,valid,2734,245,2866807029,51201,41,hex,CAM,0202aae000f5c801005a5811460e29efbf1ffffffc2246cd1e00000fc0007ebfe9ed0737feebfff600,0202AAE000F5C801005A5811460E29EFBF1FFFFFFC2246CD1E00000FC0007EBFE9ED0737FEEBFFF600,
2026-07-14T15:38:23.736307+00:00,31.496708,valid,2734,246,2866807030,51301,41,hex,CAM,0202aae000f6c865005a5811460e29efbf1ffffffc2246cd1e00000fc0007ebfe9ed0737feebfff600,0202AAE000F6C865005A5811460E29EFBF1FFFFFFC2246CD1E00000FC0007EBFE9ED0737FEEBFFF600,
2026-07-14T15:38:23.838264+00:00,31.598671,valid,2734,247,2866807031,51401,41,hex,CAM,0202aae000f7c8c9005a5811460e29efbf1ffffffc2246cd1e00000fc0007ebfe9ed0737feebfff600,0202AAE000F7C8C9005A5811460E29EFBF1FFFFFFC2246CD1E00000FC0007EBFE9ED0737FEEBFFF600,
2026-07-14T15:38:23.940351+00:00,31.700754,valid,2734,248,2866807032,51501,41,hex,CAM,0202aae000f8c92d005a5811460e29efbf1ffffffc2246cd1e00000fc0007ebfe9ed0737feebfff600,0202AAE000F8C92D005A5811460E29EFBF1FFFFFFC2246CD1E00000FC0007EBFE9ED0737FEEBFFF600,
2026-07-14T15:38:24.042338+00:00,31.802739,valid,2734,249,2866807033,51601,41,hex,CAM,0202aae000f9c991005a5811460e29efbf1ffffffc2246cd1e00000fc0007ebfe9ed0737feebfff600,0202AAE000F9C991005A5811460E29EFBF1FFFFFFC2246CD1E00000FC0007EBFE9ED0737FEEBFFF600,
2026-07-14T15:38:24.134355+00:00,31.894756,valid,2734,250,2866807034,51701,41,hex,CAM,0202aae000fac9f5005a5811460e29efbf1ffffffc2246cd1e00000fc0007ebfe9ed0737feebfff600,0202AAE000FAC9F5005A5811460E29EFBF1FFFFFFC2246CD1E00000FC0007EBFE9ED0737FEEBFFF600,
2026-07-14T15:38:24.236322+00:00,31.996725,valid,2734,251,2866807035,51801,41,hex,CAM,0202aae000fbca59005a5811460e29efbf1ffffffc2246cd1e00000fc0007ebfe9ed0737feebfff600,0202AAE000FBCA59005A5811460E29EFBF1FFFFFFC2246CD1E00000FC0007EBFE9ED0737FEEBFFF600,
2026-07-14T15:38:24.338292+00:00,32.098693,valid,2734,252,2866807036,51901,41,hex,CAM,0202aae000fccabd005a5811460e29efbf1ffffffc2246cd1e00000fc0007ebfe9ed0737feebfff600,0202AAE000FCCABD005A5811460E29EFBF1FFFFFFC2246CD1E00000FC0007EBFE9ED0737FEEBFFF600,
2026-07-14T15:38:24.440287+00:00,32.200688,valid,2734,253,2866807037,52001,41,hex,CAM,0202aae000fdcb21005a5811460e29efbf1ffffffc2246cd1e00000fc0007ebfe9ed0737feebfff600,0202AAE000FDCB21005A5811460E29EFBF1FFFFFFC2246CD1E00000FC0007EBFE9ED0737FEEBFFF600,
2026-07-14T15:38:24.542169+00:00,32.302570,valid,2734,254,2866807038,52101,41,hex,CAM,0202aae000fecb85005a5811460e29efbf1ffffffc2246cd1e00000fc0007ebfe9ed0737feebfff600,0202AAE000FECB85005A5811460E29EFBF1FFFFFFC2246CD1E00000FC0007EBFE9ED0737FEEBFFF600,
2026-07-14T15:38:24.634372+00:00,32.394775,valid,2734,255,2866807039,52201,41,hex,CAM,0202aae000ffcbe9005a5811460e29efbf1ffffffc2246cd1e00000fc0007ebfe9ed0737feebfff600,0202AAE000FFCBE9005A5811460E29EFBF1FFFFFFC2246CD1E00000FC0007EBFE9ED0737FEEBFFF600,
2026-07-14T15:38:24.736390+00:00,32.496792,valid,2734,256,2866807040,52301,41,hex,CAM,0202aae00100cc4d005a5811460e29efbf1ffffffc2246cd1e00000fc0007ebfe9ed0737feebfff600,0202AAE00100CC4D005A5811460E29EFBF1FFFFFFC2246CD1E00000FC0007EBFE9ED0737FEEBFFF600,
2026-07-14T15:38:24.838168+00:00,32.598570,valid,2734,257,2866807041,52401,41,hex,CAM,0202aae00101ccb1005a5811460e29efbf1ffffffc2246cd1e00000fc0007ebfe9ed0737feebfff600,0202AAE00101CCB1005A5811460E29EFBF1FFFFFFC2246CD1E00000FC0007EBFE9ED0737FEEBFFF600,
2026-07-14T15:38:24.940200+00:00,32.700602,valid,2734,258,2866807042,52501,41,hex,CAM,0202aae00102cd15005a5811460e29efbf1ffffffc2246cd1e00000fc0007ebfe9ed0737feebfff600,0202AAE00102CD15005A5811460E29EFBF1FFFFFFC2246CD1E00000FC0007EBFE9ED0737FEEBFFF600,
2026-07-14T15:38:25.042237+00:00,32.802639,valid,2734,259,2866807043,52601,41,hex,CAM,0202aae00103cd79005a5811460e29efbf1ffffffc2246cd1e00000fc0007ebfe9ed0737feebfff600,0202AAE00103CD79005A5811460E29EFBF1FFFFFFC2246CD1E00000FC0007EBFE9ED0737FEEBFFF600,
2026-07-14T15:38:25.134333+00:00,32.894735,valid,2734,260,2866807044,52701,41,hex,CAM,0202aae00104cddd005a5811460e29efbf1ffffffc2246cd1e00000fc0007ebfe9ed0737feebfff600,0202AAE00104CDDD005A5811460E29EFBF1FFFFFFC2246CD1E00000FC0007EBFE9ED0737FEEBFFF600,
2026-07-14T15:38:25.236280+00:00,32.996682,valid,2734,261,2866807045,52801,41,hex,CAM,0202aae00105ce41005a5811460e29efbf1ffffffc2246cd1e00000fc0007ebfe9ed0737feebfff600,0202AAE00105CE41005A5811460E29EFBF1FFFFFFC2246CD1E00000FC0007EBFE9ED0737FEEBFFF600,
2026-07-14T15:38:25.338276+00:00,33.098678,valid,2734,262,2866807046,52901,41,hex,CAM,0202aae00106cea5005a5811460e29efbf1ffffffc2246cd1e00000fc0007ebfe9ed0737feebfff600,0202AAE00106CEA5005A5811460E29EFBF1FFFFFFC2246CD1E00000FC0007EBFE9ED0737FEEBFFF600,
2026-07-14T15:38:25.440380+00:00,33.200781,valid,2734,263,2866807047,53001,41,hex,CAM,0202aae00107cf09005a5811460e29efbf1ffffffc2246cd1e00000fc0007ebfe9ed0737feebfff600,0202AAE00107CF09005A5811460E29EFBF1FFFFFFC2246CD1E00000FC0007EBFE9ED0737FEEBFFF600,
2026-07-14T15:38:25.542285+00:00,33.302686,valid,2734,264,2866807048,53101,41,hex,CAM,0202aae00108cf6d005a5811460e29efbf1ffffffc2246cd1e00000fc0007ebfe9ed0737feebfff600,0202AAE00108CF6D005A5811460E29EFBF1FFFFFFC2246CD1E00000FC0007EBFE9ED0737FEEBFFF600,
2026-07-14T15:38:25.634240+00:00,33.394644,valid,2734,265,2866807049,53201,41,hex,CAM,0202aae00109cfd1005a5811460e29efbf1ffffffc2246cd1e00000fc0007ebfe9ed0737feebfff600,0202AAE00109CFD1005A5811460E29EFBF1FFFFFFC2246CD1E00000FC0007EBFE9ED0737FEEBFFF600,
2026-07-14T15:38:25.736248+00:00,33.496651,valid,2734,266,2866807050,53301,41,hex,CAM,0202aae0010ad035005a5811460e29efbf1ffffffc2246cd1e00000fc0007ebfe9ed0737feebfff600,0202AAE0010AD035005A5811460E29EFBF1FFFFFFC2246CD1E00000FC0007EBFE9ED0737FEEBFFF600,
2026-07-14T15:38:25.838247+00:00,33.598645,valid,2734,267,2866807051,53401,41,hex,CAM,0202aae0010bd099005a5811460e29efbf1ffffffc2246cd1e00000fc0007ebfe9ed0737feebfff600,0202AAE0010BD099005A5811460E29EFBF1FFFFFFC2246CD1E00000FC0007EBFE9ED0737FEEBFFF600,
2026-07-14T15:38:25.940379+00:00,33.700783,valid,2734,268,2866807052,53501,41,hex,CAM,0202aae0010cd0fd005a5811460e29efbf1ffffffc2246cd1e00000fc0007ebfe9ed0737feebfff600,0202AAE0010CD0FD005A5811460E29EFBF1FFFFFFC2246CD1E00000FC0007EBFE9ED0737FEEBFFF600,
2026-07-14T15:38:26.042374+00:00,33.802775,valid,2734,269,2866807053,53601,41,hex,CAM,0202aae0010dd161005a5811460e29efbf1ffffffc2246cd1e00000fc0007ebfe9ed0737feebfff600,0202AAE0010DD161005A5811460E29EFBF1FFFFFFC2246CD1E00000FC0007EBFE9ED0737FEEBFFF600,
2026-07-14T15:38:26.134331+00:00,33.894732,valid,2734,270,2866807054,53701,41,hex,CAM,0202aae0010ed1c5005a5811460e29efbf1ffffffc2246cd1e00000fc0007ebfe9ed0737feebfff600,0202AAE0010ED1C5005A5811460E29EFBF1FFFFFFC2246CD1E00000FC0007EBFE9ED0737FEEBFFF600,
2026-07-14T15:38:26.236221+00:00,33.996623,valid,2734,271,2866807055,53801,41,hex,CAM,0202aae0010fd229005a5811460e29efbf1ffffffc2246cd1e00000fc0007ebfe9ed0737feebfff600,0202AAE0010FD229005A5811460E29EFBF1FFFFFFC2246CD1E00000FC0007EBFE9ED0737FEEBFFF600,
2026-07-14T15:38:26.338359+00:00,34.098759,valid,2734,272,2866807056,53901,41,hex,CAM,0202aae00110d28d005a5811460e29efbf1ffffffc2246cd1e00000fc0007ebfe9ed0737feebfff600,0202AAE00110D28D005A5811460E29EFBF1FFFFFFC2246CD1E00000FC0007EBFE9ED0737FEEBFFF600,
2026-07-14T15:38:26.440305+00:00,34.200706,valid,2734,273,2866807057,54001,41,hex,CAM,0202aae00111d2f1005a5811460e29efbf1ffffffc2246cd1e00000fc0007ebfe9ed0737feebfff600,0202AAE00111D2F1005A5811460E29EFBF1FFFFFFC2246CD1E00000FC0007EBFE9ED0737FEEBFFF600,
2026-07-14T15:38:26.542332+00:00,34.302734,valid,2734,274,2866807058,54101,41,hex,CAM,0202aae00112d355005a5811460e29efbf1ffffffc2246cd1e00000fc0007ebfe9ed0737feebfff600,0202AAE00112D355005A5811460E29EFBF1FFFFFFC2246CD1E00000FC0007EBFE9ED0737FEEBFFF600,
2026-07-14T15:38:26.634162+00:00,34.394565,valid,2734,275,2866807059,54201,41,hex,CAM,0202aae00113d3b9005a5811460e29efbf1ffffffc2246cd1e00000fc0007ebfe9ed0737feebfff600,0202AAE00113D3B9005A5811460E29EFBF1FFFFFFC2246CD1E00000FC0007EBFE9ED0737FEEBFFF600,
2026-07-14T15:38:26.736422+00:00,34.496825,valid,2734,276,2866807060,54301,41,hex,CAM,0202aae00114d41d005a5811460e29efbf1ffffffc2246cd1e00000fc0007ebfe9ed0737feebfff600,0202AAE00114D41D005A5811460E29EFBF1FFFFFFC2246CD1E00000FC0007EBFE9ED0737FEEBFFF600,
2026-07-14T15:38:26.838305+00:00,34.598705,valid,2734,277,2866807061,54401,41,hex,CAM,0202aae00115d481005a5811460e29efbf1ffffffc2246cd1e00000fc0007ebfe9ed0737feebfff600,0202AAE00115D481005A5811460E29EFBF1FFFFFFC2246CD1E00000FC0007EBFE9ED0737FEEBFFF600,
2026-07-14T15:38:26.940199+00:00,34.700604,valid,2734,278,2866807062,54501,41,hex,CAM,0202aae00116d4e5005a5811460e29efbf1ffffffc2246cd1e00000fc0007ebfe9ed0737feebfff600,0202AAE00116D4E5005A5811460E29EFBF1FFFFFFC2246CD1E00000FC0007EBFE9ED0737FEEBFFF600,
2026-07-14T15:38:27.042298+00:00,34.802700,valid,2734,279,2866807063,54601,41,hex,CAM,0202aae00117d549005a5811460e29efbf1ffffffc2246cd1e00000fc0007ebfe9ed0737feebfff600,0202AAE00117D549005A5811460E29EFBF1FFFFFFC2246CD1E00000FC0007EBFE9ED0737FEEBFFF600,
2026-07-14T15:38:27.134304+00:00,34.894708,valid,2734,280,2866807064,54701,41,hex,CAM,0202aae00118d5ad005a5811460e29efbf1ffffffc2246cd1e00000fc0007ebfe9ed0737feebfff600,0202AAE00118D5AD005A5811460E29EFBF1FFFFFFC2246CD1E00000FC0007EBFE9ED0737FEEBFFF600,
2026-07-14T15:38:27.236246+00:00,34.996648,valid,2734,281,2866807065,54801,41,hex,CAM,0202aae00119d611005a5811460e29efbf1ffffffc2246cd1e00000fc0007ebfe9ed0737feebfff600,0202AAE00119D611005A5811460E29EFBF1FFFFFFC2246CD1E00000FC0007EBFE9ED0737FEEBFFF600,
2026-07-14T15:38:27.338326+00:00,35.098728,valid,2734,282,2866807066,54901,41,hex,CAM,0202aae0011ad675005a5811460e29efbf1ffffffc2246cd1e00000fc0007ebfe9ed0737feebfff600,0202AAE0011AD675005A5811460E29EFBF1FFFFFFC2246CD1E00000FC0007EBFE9ED0737FEEBFFF600,
2026-07-14T15:38:27.440349+00:00,35.200750,valid,2734,283,2866807067,55001,41,hex,CAM,0202aae0011bd6d9005a5811460e29efbf1ffffffc2246cd1e00000fc0007ebfe9ed0737feebfff600,0202AAE0011BD6D9005A5811460E29EFBF1FFFFFFC2246CD1E00000FC0007EBFE9ED0737FEEBFFF600,
2026-07-14T15:38:27.542264+00:00,35.302665,valid,2734,284,2866807068,55101,41,hex,CAM,0202aae0011cd73d005a5811460e29efbf1ffffffc2246cd1e00000fc0007ebfe9ed0737feebfff600,0202AAE0011CD73D005A5811460E29EFBF1FFFFFFC2246CD1E00000FC0007EBFE9ED0737FEEBFFF600,
2026-07-14T15:38:27.634316+00:00,35.394716,valid,2734,285,2866807069,55201,41,hex,CAM,0202aae0011dd7a1005a5811460e29efbf1ffffffc2246cd1e00000fc0007ebfe9ed0737feebfff600,0202AAE0011DD7A1005A5811460E29EFBF1FFFFFFC2246CD1E00000FC0007EBFE9ED0737FEEBFFF600,
2026-07-14T15:38:27.736390+00:00,35.496794,valid,2734,286,2866807070,55301,41,hex,CAM,0202aae0011ed805005a5811460e29efbf1ffffffc2246cd1e00000fc0007ebfe9ed0737feebfff600,0202AAE0011ED805005A5811460E29EFBF1FFFFFFC2246CD1E00000FC0007EBFE9ED0737FEEBFFF600,
2026-07-14T15:38:27.838364+00:00,35.598765,valid,2734,287,2866807071,55401,41,hex,CAM,0202aae0011fd869005a5811460e29efbf1ffffffc2246cd1e00000fc0007ebfe9ed0737feebfff600,0202AAE0011FD869005A5811460E29EFBF1FFFFFFC2246CD1E00000FC0007EBFE9ED0737FEEBFFF600,
2026-07-14T15:38:27.940464+00:00,35.700870,valid,2734,288,2866807072,55501,41,hex,CAM,0202aae00120d8cd005a5811460e29efbf1ffffffc2246cd1e00000fc0007ebfe9ed0737feebfff600,0202AAE00120D8CD005A5811460E29EFBF1FFFFFFC2246CD1E00000FC0007EBFE9ED0737FEEBFFF600,
2026-07-14T15:38:28.042349+00:00,35.802751,valid,2734,289,2866807073,55601,41,hex,CAM,0202aae00121d931005a5811460e29efbf1ffffffc2246cd1e00000fc0007ebfe9ed0737feebfff600,0202AAE00121D931005A5811460E29EFBF1FFFFFFC2246CD1E00000FC0007EBFE9ED0737FEEBFFF600,
2026-07-14T15:38:28.134403+00:00,35.894804,valid,2734,290,2866807074,55701,41,hex,CAM,0202aae00122d995005a5811460e29efbf1ffffffc2246cd1e00000fc0007ebfe9ed0737feebfff600,0202AAE00122D995005A5811460E29EFBF1FFFFFFC2246CD1E00000FC0007EBFE9ED0737FEEBFFF600,
2026-07-14T15:38:28.236307+00:00,35.996709,valid,2734,291,2866807075,55801,41,hex,CAM,0202aae00123d9f9005a5811460e29efbf1ffffffc2246cd1e00000fc0007ebfe9ed0737feebfff600,0202AAE00123D9F9005A5811460E29EFBF1FFFFFFC2246CD1E00000FC0007EBFE9ED0737FEEBFFF600,
2026-07-14T15:38:28.338280+00:00,36.098679,valid,2734,292,2866807076,55901,41,hex,CAM,0202aae00124da5d005a5811460e29efbf1ffffffc2246cd1e00000fc0007ebfe9ed0737feebfff600,0202AAE00124DA5D005A5811460E29EFBF1FFFFFFC2246CD1E00000FC0007EBFE9ED0737FEEBFFF600,
2026-07-14T15:38:28.440266+00:00,36.200667,valid,2734,293,2866807077,56001,41,hex,CAM,0202aae00125dac1005a5811460e29efbf1ffffffc2246cd1e00000fc0007ebfe9ed0737feebfff600,0202AAE00125DAC1005A5811460E29EFBF1FFFFFFC2246CD1E00000FC0007EBFE9ED0737FEEBFFF600,
2026-07-14T15:38:28.542274+00:00,36.302674,valid,2734,294,2866807078,56101,41,hex,CAM,0202aae00126db25005a5811460e29efbf1ffffffc2246cd1e00000fc0007ebfe9ed0737feebfff600,0202AAE00126DB25005A5811460E29EFBF1FFFFFFC2246CD1E00000FC0007EBFE9ED0737FEEBFFF600,
2026-07-14T15:38:28.634267+00:00,36.394668,valid,2734,295,2866807079,56201,41,hex,CAM,0202aae00127db89005a5811460e29efbf1ffffffc2246cd1e00000fc0007ebfe9ed0737feebfff600,0202AAE00127DB89005A5811460E29EFBF1FFFFFFC2246CD1E00000FC0007EBFE9ED0737FEEBFFF600,
2026-07-14T15:38:28.735373+00:00,36.495760,valid,2734,296,2866807080,56301,41,hex,CAM,0202aae00128dbed005a5811460e29efbf1ffffffc2246cd1e00000fc0007ebfe9ed0737feebfff600,0202AAE00128DBED005A5811460E29EFBF1FFFFFFC2246CD1E00000FC0007EBFE9ED0737FEEBFFF600,
2026-07-14T15:38:28.838317+00:00,36.598720,valid,2734,297,2866807081,56401,41,hex,CAM,0202aae00129dc51005a5811460e29efbf1ffffffc2246cd1e00000fc0007ebfe9ed0737feebfff600,0202AAE00129DC51005A5811460E29EFBF1FFFFFFC2246CD1E00000FC0007EBFE9ED0737FEEBFFF600,
2026-07-14T15:38:28.940486+00:00,36.700890,valid,2734,298,2866807082,56501,41,hex,CAM,0202aae0012adcb5005a5811460e29efbf1ffffffc2246cd1e00000fc0007ebfe9ed0737feebfff600,0202AAE0012ADCB5005A5811460E29EFBF1FFFFFFC2246CD1E00000FC0007EBFE9ED0737FEEBFFF600,
2026-07-14T15:38:29.042368+00:00,36.802770,valid,2734,299,2866807083,56601,41,hex,CAM,0202aae0012bdd19005a5811460e29efbf1ffffffc2246cd1e00000fc0007ebfe9ed0737feebfff600,0202AAE0012BDD19005A5811460E29EFBF1FFFFFFC2246CD1E00000FC0007EBFE9ED0737FEEBFFF600,
2026-07-14T15:38:29.134318+00:00,36.894718,valid,2734,300,2866807084,56701,41,hex,CAM,0202aae0012cdd7d005a5811460e29efbf1ffffffc2246cd1e00000fc0007ebfe9ed0737feebfff600,0202AAE0012CDD7D005A5811460E29EFBF1FFFFFFC2246CD1E00000FC0007EBFE9ED0737FEEBFFF600,
2026-07-14T15:38:29.236260+00:00,36.996662,valid,2734,301,2866807085,56801,41,hex,CAM,0202aae0012ddde1005a5811460e29efbf1ffffffc2246cd1e00000fc0007ebfe9ed0737feebfff600,0202AAE0012DDDE1005A5811460E29EFBF1FFFFFFC2246CD1E00000FC0007EBFE9ED0737FEEBFFF600,
2026-07-14T15:38:29.338392+00:00,37.098796,valid,2734,302,2866807086,56901,41,hex,CAM,0202aae0012ede45005a5811460e29efbf1ffffffc2246cd1e00000fc0007ebfe9ed0737feebfff600,0202AAE0012EDE45005A5811460E29EFBF1FFFFFFC2246CD1E00000FC0007EBFE9ED0737FEEBFFF600,
2026-07-14T15:38:29.439375+00:00,37.199764,valid,2734,303,2866807087,57001,41,hex,CAM,0202aae0012fdea9005a5811460e29efbf1ffffffc2246cd1e00000fc0007ebfe9ed0737feebfff600,0202AAE0012FDEA9005A5811460E29EFBF1FFFFFFC2246CD1E00000FC0007EBFE9ED0737FEEBFFF600,
2026-07-14T15:38:29.541534+00:00,37.301922,valid,2734,304,2866807088,57101,41,hex,CAM,0202aae00130df0d005a5811460e29efbf1ffffffc2246cd1e00000fc0007ebfe9ed0737feebfff600,0202AAE00130DF0D005A5811460E29EFBF1FFFFFFC2246CD1E00000FC0007EBFE9ED0737FEEBFFF600,
2026-07-14T15:38:29.634456+00:00,37.394860,valid,2734,305,2866807089,57201,41,hex,CAM,0202aae00131df71005a5811460e29efbf1ffffffc2246cd1e00000fc0007ebfe9ed0737feebfff600,0202AAE00131DF71005A5811460E29EFBF1FFFFFFC2246CD1E00000FC0007EBFE9ED0737FEEBFFF600,
2026-07-14T15:38:29.736393+00:00,37.496795,valid,2734,306,2866807090,57301,41,hex,CAM,0202aae00132dfd5005a5811460e29efbf1ffffffc2246cd1e00000fc0007ebfe9ed0737feebfff600,0202AAE00132DFD5005A5811460E29EFBF1FFFFFFC2246CD1E00000FC0007EBFE9ED0737FEEBFFF600,
2026-07-14T15:38:29.838449+00:00,37.598853,valid,2734,307,2866807091,57401,41,hex,CAM,0202aae00133e039005a5811460e29efbf1ffffffc2246cd1e00000fc0007ebfe9ed0737feebfff600,0202AAE00133E039005A5811460E29EFBF1FFFFFFC2246CD1E00000FC0007EBFE9ED0737FEEBFFF600,
2026-07-14T15:38:29.940429+00:00,37.700832,valid,2734,308,2866807092,57501,41,hex,CAM,0202aae00134e09d005a5811460e29efbf1ffffffc2246cd1e00000fc0007ebfe9ed0737feebfff600,0202AAE00134E09D005A5811460E29EFBF1FFFFFFC2246CD1E00000FC0007EBFE9ED0737FEEBFFF600,
2026-07-14T15:38:30.042362+00:00,37.802764,valid,2734,309,2866807093,57601,41,hex,CAM,0202aae00135e101005a5811460e29efbf1ffffffc2246cd1e00000fc0007ebfe9ed0737feebfff600,0202AAE00135E101005A5811460E29EFBF1FFFFFFC2246CD1E00000FC0007EBFE9ED0737FEEBFFF600,
2026-07-14T15:38:30.134314+00:00,37.894716,valid,2734,310,2866807094,57701,41,hex,CAM,0202aae00136e165005a5811460e29efbf1ffffffc2246cd1e00000fc0007ebfe9ed0737feebfff600,0202AAE00136E165005A5811460E29EFBF1FFFFFFC2246CD1E00000FC0007EBFE9ED0737FEEBFFF600,
2026-07-14T15:38:30.236357+00:00,37.996758,valid,2734,311,2866807095,57801,41,hex,CAM,0202aae00137e1c9005a5811460e29efbf1ffffffc2246cd1e00000fc0007ebfe9ed0737feebfff600,0202AAE00137E1C9005A5811460E29EFBF1FFFFFFC2246CD1E00000FC0007EBFE9ED0737FEEBFFF600,
2026-07-14T15:38:30.338334+00:00,38.098735,valid,2734,312,2866807096,57901,41,hex,CAM,0202aae00138e22d005a5811460e29efbf1ffffffc2246cd1e00000fc0007ebfe9ed0737feebfff600,0202AAE00138E22D005A5811460E29EFBF1FFFFFFC2246CD1E00000FC0007EBFE9ED0737FEEBFFF600,
2026-07-14T15:38:30.440306+00:00,38.200706,valid,2734,313,2866807097,58001,41,hex,CAM,0202aae00139e291005a5811460e29efbf1ffffffc2246cd1e00000fc0007ebfe9ed0737feebfff600,0202AAE00139E291005A5811460E29EFBF1FFFFFFC2246CD1E00000FC0007EBFE9ED0737FEEBFFF600,
2026-07-14T15:38:30.542289+00:00,38.302689,valid,2734,314,2866807098,58101,41,hex,CAM,0202aae0013ae2f5005a5811460e29efbf1ffffffc2246cd1e00000fc0007ebfe9ed0737feebfff600,0202AAE0013AE2F5005A5811460E29EFBF1FFFFFFC2246CD1E00000FC0007EBFE9ED0737FEEBFFF600,
2026-07-14T15:38:30.634237+00:00,38.394638,valid,2734,315,2866807099,58201,41,hex,CAM,0202aae0013be359005a5811460e29efbf1ffffffc2246cd1e00000fc0007ebfe9ed0737feebfff600,0202AAE0013BE359005A5811460E29EFBF1FFFFFFC2246CD1E00000FC0007EBFE9ED0737FEEBFFF600,
2026-07-14T15:38:30.736280+00:00,38.496681,valid,2734,316,2866807100,58301,41,hex,CAM,0202aae0013ce3bd005a5811460e29efbf1ffffffc2246cd1e00000fc0007ebfe9ed0737feebfff600,0202AAE0013CE3BD005A5811460E29EFBF1FFFFFFC2246CD1E00000FC0007EBFE9ED0737FEEBFFF600,
2026-07-14T15:38:30.838352+00:00,38.598756,valid,2734,317,2866807101,58401,41,hex,CAM,0202aae0013de421005a5811460e29efbf1ffffffc2246cd1e00000fc0007ebfe9ed0737feebfff600,0202AAE0013DE421005A5811460E29EFBF1FFFFFFC2246CD1E00000FC0007EBFE9ED0737FEEBFFF600,
2026-07-14T15:38:30.940382+00:00,38.700784,valid,2734,318,2866807102,58501,41,hex,CAM,0202aae0013ee485005a5811460e29efbf1ffffffc2246cd1e00000fc0007ebfe9ed0737feebfff600,0202AAE0013EE485005A5811460E29EFBF1FFFFFFC2246CD1E00000FC0007EBFE9ED0737FEEBFFF600,
2026-07-14T15:38:31.042323+00:00,38.802724,valid,2734,319,2866807103,58601,41,hex,CAM,0202aae0013fe4e9005a5811460e29efbf1ffffffc2246cd1e00000fc0007ebfe9ed0737feebfff600,0202AAE0013FE4E9005A5811460E29EFBF1FFFFFFC2246CD1E00000FC0007EBFE9ED0737FEEBFFF600,
2026-07-14T15:38:31.134296+00:00,38.894697,valid,2734,320,2866807104,58701,41,hex,CAM,0202aae00140e54d005a5811460e29efbf1ffffffc2246cd1e00000fc0007ebfe9ed0737feebfff600,0202AAE00140E54D005A5811460E29EFBF1FFFFFFC2246CD1E00000FC0007EBFE9ED0737FEEBFFF600,
2026-07-14T15:38:31.236351+00:00,38.996752,valid,2734,321,2866807105,58801,41,hex,CAM,0202aae00141e5b1005a5811460e29efbf1ffffffc2246cd1e00000fc0007ebfe9ed0737feebfff600,0202AAE00141E5B1005A5811460E29EFBF1FFFFFFC2246CD1E00000FC0007EBFE9ED0737FEEBFFF600,
2026-07-14T15:38:31.338360+00:00,39.098762,valid,2734,322,2866807106,58901,41,hex,CAM,0202aae00142e615005a5811460e29efbf1ffffffc2246cd1e00000fc0007ebfe9ed0737feebfff600,0202AAE00142E615005A5811460E29EFBF1FFFFFFC2246CD1E00000FC0007EBFE9ED0737FEEBFFF600,
2026-07-14T15:38:31.440410+00:00,39.200811,valid,2734,323,2866807107,59001,41,hex,CAM,0202aae00143e679005a5811460e29efbf1ffffffc2246cd1e00000fc0007ebfe9ed0737feebfff600,0202AAE00143E679005A5811460E29EFBF1FFFFFFC2246CD1E00000FC0007EBFE9ED0737FEEBFFF600,
2026-07-14T15:38:31.542294+00:00,39.302694,valid,2734,324,2866807108,59101,41,hex,CAM,0202aae00144e6dd005a5811460e29efbf1ffffffc2246cd1e00000fc0007ebfe9ed0737feebfff600,0202AAE00144E6DD005A5811460E29EFBF1FFFFFFC2246CD1E00000FC0007EBFE9ED0737FEEBFFF600,
2026-07-14T15:38:31.634380+00:00,39.394782,valid,2734,325,2866807109,59201,41,hex,CAM,0202aae00145e741005a5811460e29efbf1ffffffc2246cd1e00000fc0007ebfe9ed0737feebfff600,0202AAE00145E741005A5811460E29EFBF1FFFFFFC2246CD1E00000FC0007EBFE9ED0737FEEBFFF600,
2026-07-14T15:38:31.736335+00:00,39.496735,valid,2734,326,2866807110,59301,41,hex,CAM,0202aae00146e7a5005a5811460e29efbf1ffffffc2246cd1e00000fc0007ebfe9ed0737feebfff600,0202AAE00146E7A5005A5811460E29EFBF1FFFFFFC2246CD1E00000FC0007EBFE9ED0737FEEBFFF600,
2026-07-14T15:38:31.837705+00:00,39.598101,valid,2734,327,2866807111,59401,41,hex,CAM,0202aae00147e809005a5811460e29efbf1ffffffc2246cd1e00000fc0007ebfe9ed0737feebfff600,0202AAE00147E809005A5811460E29EFBF1FFFFFFC2246CD1E00000FC0007EBFE9ED0737FEEBFFF600,
2026-07-14T15:38:31.940482+00:00,39.700887,valid,2734,328,2866807112,59501,41,hex,CAM,0202aae00148e86d005a5811460e29efbf1ffffffc2246cd1e00000fc0007ebfe9ed0737feebfff600,0202AAE00148E86D005A5811460E29EFBF1FFFFFFC2246CD1E00000FC0007EBFE9ED0737FEEBFFF600,
2026-07-14T15:38:32.042314+00:00,39.802718,valid,2734,329,2866807113,59601,41,hex,CAM,0202aae00149e8d1005a5811460e29efbf1ffffffc2246cd1e00000fc0007ebfe9ed0737feebfff600,0202AAE00149E8D1005A5811460E29EFBF1FFFFFFC2246CD1E00000FC0007EBFE9ED0737FEEBFFF600,
2026-07-14T15:38:32.134355+00:00,39.894761,valid,2734,330,2866807114,59701,41,hex,CAM,0202aae0014ae935005a5811460e29efbf1ffffffc2246cd1e00000fc0007ebfe9ed0737feebfff600,0202AAE0014AE935005A5811460E29EFBF1FFFFFFC2246CD1E00000FC0007EBFE9ED0737FEEBFFF600,
2026-07-14T15:38:32.236374+00:00,39.996775,valid,2734,331,2866807115,59801,41,hex,CAM,0202aae0014be999005a5811460e29efbf1ffffffc2246cd1e00000fc0007ebfe9ed0737feebfff600,0202AAE0014BE999005A5811460E29EFBF1FFFFFFC2246CD1E00000FC0007EBFE9ED0737FEEBFFF600,
2026-07-14T15:38:32.338310+00:00,40.098711,valid,2734,332,2866807116,59901,41,hex,CAM,0202aae0014ce9fd005a5811460e29efbf1ffffffc2246cd1e00000fc0007ebfe9ed0737feebfff600,0202AAE0014CE9FD005A5811460E29EFBF1FFFFFFC2246CD1E00000FC0007EBFE9ED0737FEEBFFF600,
2026-07-14T15:38:32.440250+00:00,40.200652,valid,2734,333,2866807117,60001,41,hex,CAM,0202aae0014dea61005a5811460e29efbf1ffffffc2246cd1e00000fc0007ebfe9ed0737feebfff600,0202AAE0014DEA61005A5811460E29EFBF1FFFFFFC2246CD1E00000FC0007EBFE9ED0737FEEBFFF600,
2026-07-14T15:38:32.542442+00:00,40.302845,valid,2734,334,2866807118,60101,41,hex,CAM,0202aae0014eeac5005a5811460e29efbf1ffffffc2246cd1e00000fc0007ebfe9ed0737feebfff600,0202AAE0014EEAC5005A5811460E29EFBF1FFFFFFC2246CD1E00000FC0007EBFE9ED0737FEEBFFF600,
2026-07-14T15:38:32.634380+00:00,40.394786,valid,2734,335,2866807119,60201,41,hex,CAM,0202aae0014feb29005a5811460e29efbf1ffffffc2246cd1e00000fc0007ebfe9ed0737feebfff600,0202AAE0014FEB29005A5811460E29EFBF1FFFFFFC2246CD1E00000FC0007EBFE9ED0737FEEBFFF600,
2026-07-14T15:38:32.736378+00:00,40.496781,valid,2734,336,2866807120,60301,41,hex,CAM,0202aae00150eb8d005a5811460e29efbf1ffffffc2246cd1e00000fc0007ebfe9ed0737feebfff600,0202AAE00150EB8D005A5811460E29EFBF1FFFFFFC2246CD1E00000FC0007EBFE9ED0737FEEBFFF600,
2026-07-14T15:38:32.838126+00:00,40.598528,valid,2734,337,2866807121,60401,41,hex,CAM,0202aae00151ebf1005a5811460e29efbf1ffffffc2246cd1e00000fc0007ebfe9ed0737feebfff600,0202AAE00151EBF1005A5811460E29EFBF1FFFFFFC2246CD1E00000FC0007EBFE9ED0737FEEBFFF600,
2026-07-14T15:38:32.940586+00:00,40.700994,valid,2734,338,2866807122,60501,41,hex,CAM,0202aae00152ec55005a5811460e29efbf1ffffffc2246cd1e00000fc0007ebfe9ed0737feebfff600,0202AAE00152EC55005A5811460E29EFBF1FFFFFFC2246CD1E00000FC0007EBFE9ED0737FEEBFFF600,
2026-07-14T15:38:33.042341+00:00,40.802745,valid,2734,339,2866807123,60601,41,hex,CAM,0202aae00153ecb9005a5811460e29efbf1ffffffc2246cd1e00000fc0007ebfe9ed0737feebfff600,0202AAE00153ECB9005A5811460E29EFBF1FFFFFFC2246CD1E00000FC0007EBFE9ED0737FEEBFFF600,
2026-07-14T15:38:33.134329+00:00,40.894731,valid,2734,340,2866807124,60701,41,hex,CAM,0202aae00154ed1d005a5811460e29efbf1ffffffc2246cd1e00000fc0007ebfe9ed0737feebfff600,0202AAE00154ED1D005A5811460E29EFBF1FFFFFFC2246CD1E00000FC0007EBFE9ED0737FEEBFFF600,
2026-07-14T15:38:33.236411+00:00,40.996813,valid,2734,341,2866807125,60801,41,hex,CAM,0202aae00155ed81005a5811460e29efbf1ffffffc2246cd1e00000fc0007ebfe9ed0737feebfff600,0202AAE00155ED81005A5811460E29EFBF1FFFFFFC2246CD1E00000FC0007EBFE9ED0737FEEBFFF600,
2026-07-14T15:38:33.338297+00:00,41.098698,valid,2734,342,2866807126,60901,41,hex,CAM,0202aae00156ede5005a5811460e29efbf1ffffffc2246cd1e00000fc0007ebfe9ed0737feebfff600,0202AAE00156EDE5005A5811460E29EFBF1FFFFFFC2246CD1E00000FC0007EBFE9ED0737FEEBFFF600,
2026-07-14T15:38:33.440394+00:00,41.200794,valid,2734,343,2866807127,61001,41,hex,CAM,0202aae00157ee49005a5811460e29efbf1ffffffc2246cd1e00000fc0007ebfe9ed0737feebfff600,0202AAE00157EE49005A5811460E29EFBF1FFFFFFC2246CD1E00000FC0007EBFE9ED0737FEEBFFF600,
2026-07-14T15:38:33.542305+00:00,41.302706,valid,2734,344,2866807128,61101,41,hex,CAM,0202aae00158eead005a5811460e29efbf1ffffffc2246cd1e00000fc0007ebfe9ed0737feebfff600,0202AAE00158EEAD005A5811460E29EFBF1FFFFFFC2246CD1E00000FC0007EBFE9ED0737FEEBFFF600,
2026-07-14T15:38:33.634272+00:00,41.394673,valid,2734,345,2866807129,61201,41,hex,CAM,0202aae00159ef11005a5811460e29efbf1ffffffc2246cd1e00000fc0007ebfe9ed0737feebfff600,0202AAE00159EF11005A5811460E29EFBF1FFFFFFC2246CD1E00000FC0007EBFE9ED0737FEEBFFF600,
2026-07-14T15:38:33.736271+00:00,41.496672,valid,2734,346,2866807130,61301,41,hex,CAM,0202aae0015aef75005a5811460e29efbf1ffffffc2246cd1e00000fc0007ebfe9ed0737feebfff600,0202AAE0015AEF75005A5811460E29EFBF1FFFFFFC2246CD1E00000FC0007EBFE9ED0737FEEBFFF600,
2026-07-14T15:38:33.838453+00:00,41.598856,valid,2734,347,2866807131,61401,41,hex,CAM,0202aae0015befd9005a5811460e29efbf1ffffffc2246cd1e00000fc0007ebfe9ed0737feebfff600,0202AAE0015BEFD9005A5811460E29EFBF1FFFFFFC2246CD1E00000FC0007EBFE9ED0737FEEBFFF600,
2026-07-14T15:38:33.939909+00:00,41.700308,valid,2734,348,2866807132,61501,41,hex,CAM,0202aae0015cf03d005a5811460e29efbf1ffffffc2246cd1e00000fc0007ebfe9ed0737feebfff600,0202AAE0015CF03D005A5811460E29EFBF1FFFFFFC2246CD1E00000FC0007EBFE9ED0737FEEBFFF600,
2026-07-14T15:38:34.042309+00:00,41.802714,valid,2734,349,2866807133,61601,41,hex,CAM,0202aae0015df0a1005a5811460e29efbf1ffffffc2246cd1e00000fc0007ebfe9ed0737feebfff600,0202AAE0015DF0A1005A5811460E29EFBF1FFFFFFC2246CD1E00000FC0007EBFE9ED0737FEEBFFF600,
2026-07-14T15:38:34.134455+00:00,41.894857,valid,2734,350,2866807134,61701,41,hex,CAM,0202aae0015ef105005a5811460e29efbf1ffffffc2246cd1e00000fc0007ebfe9ed0737feebfff600,0202AAE0015EF105005A5811460E29EFBF1FFFFFFC2246CD1E00000FC0007EBFE9ED0737FEEBFFF600,
2026-07-14T15:38:34.236276+00:00,41.996682,valid,2734,351,2866807135,61801,41,hex,CAM,0202aae0015ff169005a5811460e29efbf1ffffffc2246cd1e00000fc0007ebfe9ed0737feebfff600,0202AAE0015FF169005A5811460E29EFBF1FFFFFFC2246CD1E00000FC0007EBFE9ED0737FEEBFFF600,
2026-07-14T15:38:34.338344+00:00,42.098746,valid,2734,352,2866807136,61901,41,hex,CAM,0202aae00160f1cd005a5811460e29efbf1ffffffc2246cd1e00000fc0007ebfe9ed0737feebfff600,0202AAE00160F1CD005A5811460E29EFBF1FFFFFFC2246CD1E00000FC0007EBFE9ED0737FEEBFFF600,
2026-07-14T15:38:34.440315+00:00,42.200716,valid,2734,353,2866807137,62001,41,hex,CAM,0202aae00161f231005a5811460e29efbf1ffffffc2246cd1e00000fc0007ebfe9ed0737feebfff600,0202AAE00161F231005A5811460E29EFBF1FFFFFFC2246CD1E00000FC0007EBFE9ED0737FEEBFFF600,
2026-07-14T15:38:34.542398+00:00,42.302798,valid,2734,354,2866807138,62101,41,hex,CAM,0202aae00162f295005a5811460e29efbf1ffffffc2246cd1e00000fc0007ebfe9ed0737feebfff600,0202AAE00162F295005A5811460E29EFBF1FFFFFFC2246CD1E00000FC0007EBFE9ED0737FEEBFFF600,
2026-07-14T15:38:34.634381+00:00,42.394786,valid,2734,355,2866807139,62201,41,hex,CAM,0202aae00163f2f9005a5811460e29efbf1ffffffc2246cd1e00000fc0007ebfe9ed0737feebfff600,0202AAE00163F2F9005A5811460E29EFBF1FFFFFFC2246CD1E00000FC0007EBFE9ED0737FEEBFFF600,
2026-07-14T15:38:34.736370+00:00,42.496770,valid,2734,356,2866807140,62301,41,hex,CAM,0202aae00164f35d005a5811460e29efbf1ffffffc2246cd1e00000fc0007ebfe9ed0737feebfff600,0202AAE00164F35D005A5811460E29EFBF1FFFFFFC2246CD1E00000FC0007EBFE9ED0737FEEBFFF600,
2026-07-14T15:38:34.838439+00:00,42.598840,valid,2734,357,2866807141,62401,41,hex,CAM,0202aae00165f3c1005a5811460e29efbf1ffffffc2246cd1e00000fc0007ebfe9ed0737feebfff600,0202AAE00165F3C1005A5811460E29EFBF1FFFFFFC2246CD1E00000FC0007EBFE9ED0737FEEBFFF600,
2026-07-14T15:38:34.940282+00:00,42.700685,valid,2734,358,2866807142,62501,41,hex,CAM,0202aae00166f425005a5811460e29efbf1ffffffc2246cd1e00000fc0007ebfe9ed0737feebfff600,0202AAE00166F425005A5811460E29EFBF1FFFFFFC2246CD1E00000FC0007EBFE9ED0737FEEBFFF600,
2026-07-14T15:38:35.042425+00:00,42.802829,valid,2734,359,2866807143,62601,41,hex,CAM,0202aae00167f489005a5811460e29efbf1ffffffc2246cd1e00000fc0007ebfe9ed0737feebfff600,0202AAE00167F489005A5811460E29EFBF1FFFFFFC2246CD1E00000FC0007EBFE9ED0737FEEBFFF600,
2026-07-14T15:38:35.134366+00:00,42.894768,valid,2734,360,2866807144,62701,41,hex,CAM,0202aae00168f4ed005a5811460e29efbf1ffffffc2246cd1e00000fc0007ebfe9ed0737feebfff600,0202AAE00168F4ED005A5811460E29EFBF1FFFFFFC2246CD1E00000FC0007EBFE9ED0737FEEBFFF600,
2026-07-14T15:38:35.236315+00:00,42.996715,valid,2734,361,2866807145,62801,41,hex,CAM,0202aae00169f551005a5811460e29efbf1ffffffc2246cd1e00000fc0007ebfe9ed0737feebfff600,0202AAE00169F551005A5811460E29EFBF1FFFFFFC2246CD1E00000FC0007EBFE9ED0737FEEBFFF600,
2026-07-14T15:38:35.338339+00:00,43.098746,valid,2734,362,2866807146,62901,41,hex,CAM,0202aae0016af5b5005a5811460e29efbf1ffffffc2246cd1e00000fc0007ebfe9ed0737feebfff600,0202AAE0016AF5B5005A5811460E29EFBF1FFFFFFC2246CD1E00000FC0007EBFE9ED0737FEEBFFF600,
2026-07-14T15:38:35.440337+00:00,43.200738,valid,2734,363,2866807147,63001,41,hex,CAM,0202aae0016bf619005a5811460e29efbf1ffffffc2246cd1e00000fc0007ebfe9ed0737feebfff600,0202AAE0016BF619005A5811460E29EFBF1FFFFFFC2246CD1E00000FC0007EBFE9ED0737FEEBFFF600,
2026-07-14T15:38:35.542374+00:00,43.302775,valid,2734,364,2866807148,63101,41,hex,CAM,0202aae0016cf67d005a5811460e29efbf1ffffffc2246cd1e00000fc0007ebfe9ed0737feebfff600,0202AAE0016CF67D005A5811460E29EFBF1FFFFFFC2246CD1E00000FC0007EBFE9ED0737FEEBFFF600,
2026-07-14T15:38:35.634364+00:00,43.394765,valid,2734,365,2866807149,63201,41,hex,CAM,0202aae0016df6e1005a5811460e29efbf1ffffffc2246cd1e00000fc0007ebfe9ed0737feebfff600,0202AAE0016DF6E1005A5811460E29EFBF1FFFFFFC2246CD1E00000FC0007EBFE9ED0737FEEBFFF600,
2026-07-14T15:38:35.736288+00:00,43.496689,valid,2734,366,2866807150,63301,41,hex,CAM,0202aae0016ef745005a5811460e29efbf1ffffffc2246cd1e00000fc0007ebfe9ed0737feebfff600,0202AAE0016EF745005A5811460E29EFBF1FFFFFFC2246CD1E00000FC0007EBFE9ED0737FEEBFFF600,
2026-07-14T15:38:35.838364+00:00,43.598772,valid,2734,367,2866807151,63401,41,hex,CAM,0202aae0016ff7a9005a5811460e29efbf1ffffffc2246cd1e00000fc0007ebfe9ed0737feebfff600,0202AAE0016FF7A9005A5811460E29EFBF1FFFFFFC2246CD1E00000FC0007EBFE9ED0737FEEBFFF600,
2026-07-14T15:38:35.940272+00:00,43.700674,valid,2734,368,2866807152,63501,41,hex,CAM,0202aae00170f80d005a5811460e29efbf1ffffffc2246cd1e00000fc0007ebfe9ed0737feebfff600,0202AAE00170F80D005A5811460E29EFBF1FFFFFFC2246CD1E00000FC0007EBFE9ED0737FEEBFFF600,
2026-07-14T15:38:36.042382+00:00,43.802785,valid,2734,369,2866807153,63601,41,hex,CAM,0202aae00171f871005a5811460e29efbf1ffffffc2246cd1e00000fc0007ebfe9ed0737feebfff600,0202AAE00171F871005A5811460E29EFBF1FFFFFFC2246CD1E00000FC0007EBFE9ED0737FEEBFFF600,
2026-07-14T15:38:36.134286+00:00,43.894691,valid,2734,370,2866807154,63701,41,hex,CAM,0202aae00172f8d5005a5811460e29efbf1ffffffc2246cd1e00000fc0007ebfe9ed0737feebfff600,0202AAE00172F8D5005A5811460E29EFBF1FFFFFFC2246CD1E00000FC0007EBFE9ED0737FEEBFFF600,
2026-07-14T15:38:36.235616+00:00,43.996017,valid,2734,371,2866807155,63801,41,hex,CAM,0202aae00173f939005a5811460e29efbf1ffffffc2246cd1e00000fc0007ebfe9ed0737feebfff600,0202AAE00173F939005A5811460E29EFBF1FFFFFFC2246CD1E00000FC0007EBFE9ED0737FEEBFFF600,
2026-07-14T15:38:36.338334+00:00,44.098735,valid,2734,372,2866807156,63901,41,hex,CAM,0202aae00174f99d005a5811460e29efbf1ffffffc2246cd1e00000fc0007ebfe9ed0737feebfff600,0202AAE00174F99D005A5811460E29EFBF1FFFFFFC2246CD1E00000FC0007EBFE9ED0737FEEBFFF600,
2026-07-14T15:38:36.440252+00:00,44.200654,valid,2734,373,2866807157,64001,41,hex,CAM,0202aae00175fa01005a5811460e29efbf1ffffffc2246cd1e00000fc0007ebfe9ed0737feebfff600,0202AAE00175FA01005A5811460E29EFBF1FFFFFFC2246CD1E00000FC0007EBFE9ED0737FEEBFFF600,
2026-07-14T15:38:36.542265+00:00,44.302665,valid,2734,374,2866807158,64101,41,hex,CAM,0202aae00176fa65005a5811460e29efbf1ffffffc2246cd1e00000fc0007ebfe9ed0737feebfff600,0202AAE00176FA65005A5811460E29EFBF1FFFFFFC2246CD1E00000FC0007EBFE9ED0737FEEBFFF600,
2026-07-14T15:38:36.634422+00:00,44.394822,valid,2734,375,2866807159,64201,41,hex,CAM,0202aae00177fac9005a5811460e29efbf1ffffffc2246cd1e00000fc0007ebfe9ed0737feebfff600,0202AAE00177FAC9005A5811460E29EFBF1FFFFFFC2246CD1E00000FC0007EBFE9ED0737FEEBFFF600,
2026-07-14T15:38:36.736422+00:00,44.496824,valid,2734,376,2866807160,64301,41,hex,CAM,0202aae00178fb2d005a5811460e29efbf1ffffffc2246cd1e00000fc0007ebfe9ed0737feebfff600,0202AAE00178FB2D005A5811460E29EFBF1FFFFFFC2246CD1E00000FC0007EBFE9ED0737FEEBFFF600,
2026-07-14T15:38:36.838551+00:00,44.598953,valid,2734,377,2866807161,64401,41,hex,CAM,0202aae00179fb91005a5811460e29efbf1ffffffc2246cd1e00000fc0007ebfe9ed0737feebfff600,0202AAE00179FB91005A5811460E29EFBF1FFFFFFC2246CD1E00000FC0007EBFE9ED0737FEEBFFF600,
2026-07-14T15:38:36.940307+00:00,44.700710,valid,2734,378,2866807162,64501,41,hex,CAM,0202aae0017afbf5005a5811460e29efbf1ffffffc2246cd1e00000fc0007ebfe9ed0737feebfff600,0202AAE0017AFBF5005A5811460E29EFBF1FFFFFFC2246CD1E00000FC0007EBFE9ED0737FEEBFFF600,
2026-07-14T15:38:37.042266+00:00,44.802668,valid,2734,379,2866807163,64601,41,hex,CAM,0202aae0017bfc59005a5811460e29efbf1ffffffc2246cd1e00000fc0007ebfe9ed0737feebfff600,0202AAE0017BFC59005A5811460E29EFBF1FFFFFFC2246CD1E00000FC0007EBFE9ED0737FEEBFFF600,
2026-07-14T15:38:37.134338+00:00,44.894742,valid,2734,380,2866807164,64701,41,hex,CAM,0202aae0017cfcbd005a5811460e29efbf1ffffffc2246cd1e00000fc0007ebfe9ed0737feebfff600,0202AAE0017CFCBD005A5811460E29EFBF1FFFFFFC2246CD1E00000FC0007EBFE9ED0737FEEBFFF600,
2026-07-14T15:38:37.236337+00:00,44.996739,valid,2734,381,2866807165,64801,41,hex,CAM,0202aae0017dfd21005a5811460e29efbf1ffffffc2246cd1e00000fc0007ebfe9ed0737feebfff600,0202AAE0017DFD21005A5811460E29EFBF1FFFFFFC2246CD1E00000FC0007EBFE9ED0737FEEBFFF600,
2026-07-14T15:38:37.338461+00:00,45.098863,valid,2734,382,2866807166,64901,41,hex,CAM,0202aae0017efd85005a5811460e29efbf1ffffffc2246cd1e00000fc0007ebfe9ed0737feebfff600,0202AAE0017EFD85005A5811460E29EFBF1FFFFFFC2246CD1E00000FC0007EBFE9ED0737FEEBFFF600,
2026-07-14T15:38:37.440469+00:00,45.200870,valid,2734,383,2866807167,65001,41,hex,CAM,0202aae0017ffde9005a5811460e29efbf1ffffffc2246cd1e00000fc0007ebfe9ed0737feebfff600,0202AAE0017FFDE9005A5811460E29EFBF1FFFFFFC2246CD1E00000FC0007EBFE9ED0737FEEBFFF600,
2026-07-14T15:38:37.542395+00:00,45.302796,valid,2734,384,2866807168,65101,41,hex,CAM,0202aae00180fe4d005a5811460e29efbf1ffffffc2246cd1e00000fc0007ebfe9ed0737feebfff600,0202AAE00180FE4D005A5811460E29EFBF1FFFFFFC2246CD1E00000FC0007EBFE9ED0737FEEBFFF600,
2026-07-14T15:38:37.634305+00:00,45.394707,valid,2734,385,2866807169,65201,41,hex,CAM,0202aae00181feb1005a5811460e29efbf1ffffffc2246cd1e00000fc0007ebfe9ed0737feebfff600,0202AAE00181FEB1005A5811460E29EFBF1FFFFFFC2246CD1E00000FC0007EBFE9ED0737FEEBFFF600,
2026-07-14T15:38:37.736272+00:00,45.496674,valid,2734,386,2866807170,65301,41,hex,CAM,0202aae00182ff15005a5811460e29efbf1ffffffc2246cd1e00000fc0007ebfe9ed0737feebfff600,0202AAE00182FF15005A5811460E29EFBF1FFFFFFC2246CD1E00000FC0007EBFE9ED0737FEEBFFF600,
2026-07-14T15:38:37.838229+00:00,45.598631,valid,2734,387,2866807171,65401,41,hex,CAM,0202aae00183ff79005a5811460e29efbf1ffffffc2246cd1e00000fc0007ebfe9ed0737feebfff600,0202AAE00183FF79005A5811460E29EFBF1FFFFFFC2246CD1E00000FC0007EBFE9ED0737FEEBFFF600,
2026-07-14T15:38:37.940507+00:00,45.700910,valid,2734,388,2866807172,65501,41,hex,CAM,0202aae00184ffdd005a5811460e29efbf1ffffffc2246cd1e00000fc0007ebfe9ed0737feebfff600,0202AAE00184FFDD005A5811460E29EFBF1FFFFFFC2246CD1E00000FC0007EBFE9ED0737FEEBFFF600,
2026-07-14T15:38:38.042407+00:00,45.802808,valid,2734,389,2866807173,65,41,hex,CAM,0202aae001850041005a5811460e29efbf1ffffffc2246cd1e00000fc0007ebfe9ed0737feebfff600,0202AAE001850041005A5811460E29EFBF1FFFFFFC2246CD1E00000FC0007EBFE9ED0737FEEBFFF600,
2026-07-14T15:38:38.134532+00:00,45.894936,valid,2734,390,2866807174,165,41,hex,CAM,0202aae0018600a5005a5811460e29efbf1ffffffc2246cd1e00000fc0007ebfe9ed0737feebfff600,0202AAE0018600A5005A5811460E29EFBF1FFFFFFC2246CD1E00000FC0007EBFE9ED0737FEEBFFF600,
2026-07-14T15:38:38.236408+00:00,45.996812,valid,2734,391,2866807175,265,41,hex,CAM,0202aae001870109005a5811460e29efbf1ffffffc2246cd1e00000fc0007ebfe9ed0737feebfff600,0202AAE001870109005A5811460E29EFBF1FFFFFFC2246CD1E00000FC0007EBFE9ED0737FEEBFFF600,
2026-07-14T15:38:38.338414+00:00,46.098814,valid,2734,392,2866807176,365,41,hex,CAM,0202aae00188016d005a5811460e29efbf1ffffffc2246cd1e00000fc0007ebfe9ed0737feebfff600,0202AAE00188016D005A5811460E29EFBF1FFFFFFC2246CD1E00000FC0007EBFE9ED0737FEEBFFF600,
2026-07-14T15:38:38.440377+00:00,46.200779,valid,2734,393,2866807177,465,41,hex,CAM,0202aae0018901d1005a5811460e29efbf1ffffffc2246cd1e00000fc0007ebfe9ed0737feebfff600,0202AAE0018901D1005A5811460E29EFBF1FFFFFFC2246CD1E00000FC0007EBFE9ED0737FEEBFFF600,
2026-07-14T15:38:38.542401+00:00,46.302803,valid,2734,394,2866807178,565,41,hex,CAM,0202aae0018a0235005a5811460e29efbf1ffffffc2246cd1e00000fc0007ebfe9ed0737feebfff600,0202AAE0018A0235005A5811460E29EFBF1FFFFFFC2246CD1E00000FC0007EBFE9ED0737FEEBFFF600,
2026-07-14T15:38:38.634368+00:00,46.394769,valid,2734,395,2866807179,665,41,hex,CAM,0202aae0018b0299005a5811460e29efbf1ffffffc2246cd1e00000fc0007ebfe9ed0737feebfff600,0202AAE0018B0299005A5811460E29EFBF1FFFFFFC2246CD1E00000FC0007EBFE9ED0737FEEBFFF600,
2026-07-14T15:38:38.736295+00:00,46.496695,valid,2734,396,2866807180,765,41,hex,CAM,0202aae0018c02fd005a5811460e29efbf1ffffffc2246cd1e00000fc0007ebfe9ed0737feebfff600,0202AAE0018C02FD005A5811460E29EFBF1FFFFFFC2246CD1E00000FC0007EBFE9ED0737FEEBFFF600,
2026-07-14T15:38:38.838214+00:00,46.598612,valid,2734,397,2866807181,865,41,hex,CAM,0202aae0018d0361005a5811460e29efbf1ffffffc2246cd1e00000fc0007ebfe9ed0737feebfff600,0202AAE0018D0361005A5811460E29EFBF1FFFFFFC2246CD1E00000FC0007EBFE9ED0737FEEBFFF600,
2026-07-14T15:38:38.940313+00:00,46.700715,valid,2734,398,2866807182,965,41,hex,CAM,0202aae0018e03c5005a5811460e29efbf1ffffffc2246cd1e00000fc0007ebfe9ed0737feebfff600,0202AAE0018E03C5005A5811460E29EFBF1FFFFFFC2246CD1E00000FC0007EBFE9ED0737FEEBFFF600,
2026-07-14T15:38:39.042274+00:00,46.802675,valid,2734,399,2866807183,1065,41,hex,CAM,0202aae0018f0429005a5811460e29efbf1ffffffc2246cd1e00000fc0007ebfe9ed0737feebfff600,0202AAE0018F0429005A5811460E29EFBF1FFFFFFC2246CD1E00000FC0007EBFE9ED0737FEEBFFF600,
2026-07-14T15:38:39.134334+00:00,46.894737,valid,2734,400,2866807184,1165,41,hex,CAM,0202aae00190048d005a5811460e29efbf1ffffffc2246cd1e00000fc0007ebfe9ed0737feebfff600,0202AAE00190048D005A5811460E29EFBF1FFFFFFC2246CD1E00000FC0007EBFE9ED0737FEEBFFF600,
2026-07-14T15:38:39.236401+00:00,46.996813,valid,2734,401,2866807185,1265,41,hex,CAM,0202aae0019104f1005a5811460e29efbf1ffffffc2246cd1e00000fc0007ebfe9ed0737feebfff600,0202AAE0019104F1005A5811460E29EFBF1FFFFFFC2246CD1E00000FC0007EBFE9ED0737FEEBFFF600,
2026-07-14T15:38:39.338329+00:00,47.098733,valid,2734,402,2866807186,1365,41,hex,CAM,0202aae001920555005a5811460e29efbf1ffffffc2246cd1e00000fc0007ebfe9ed0737feebfff600,0202AAE001920555005A5811460E29EFBF1FFFFFFC2246CD1E00000FC0007EBFE9ED0737FEEBFFF600,
2026-07-14T15:38:39.440329+00:00,47.200730,valid,2734,403,2866807187,1465,41,hex,CAM,0202aae0019305b9005a5811460e29efbf1ffffffc2246cd1e00000fc0007ebfe9ed0737feebfff600,0202AAE0019305B9005A5811460E29EFBF1FFFFFFC2246CD1E00000FC0007EBFE9ED0737FEEBFFF600,
2026-07-14T15:38:39.542276+00:00,47.302677,valid,2734,404,2866807188,1565,41,hex,CAM,0202aae00194061d005a5811460e29efbf1ffffffc2246cd1e00000fc0007ebfe9ed0737feebfff600,0202AAE00194061D005A5811460E29EFBF1FFFFFFC2246CD1E00000FC0007EBFE9ED0737FEEBFFF600,
2026-07-14T15:38:39.634432+00:00,47.394837,valid,2734,405,2866807189,1665,41,hex,CAM,0202aae001950681005a5811460e29efbf1ffffffc2246cd1e00000fc0007ebfe9ed0737feebfff600,0202AAE001950681005A5811460E29EFBF1FFFFFFC2246CD1E00000FC0007EBFE9ED0737FEEBFFF600,
2026-07-14T15:38:39.736430+00:00,47.496832,valid,2734,406,2866807190,1765,41,hex,CAM,0202aae0019606e5005a5811460e29efbf1ffffffc2246cd1e00000fc0007ebfe9ed0737feebfff600,0202AAE0019606E5005A5811460E29EFBF1FFFFFFC2246CD1E00000FC0007EBFE9ED0737FEEBFFF600,
2026-07-14T15:38:39.838453+00:00,47.598854,valid,2734,407,2866807191,1865,41,hex,CAM,0202aae001970749005a5811460e29efbf1ffffffc2246cd1e00000fc0007ebfe9ed0737feebfff600,0202AAE001970749005A5811460E29EFBF1FFFFFFC2246CD1E00000FC0007EBFE9ED0737FEEBFFF600,
2026-07-14T15:38:39.940381+00:00,47.700783,valid,2734,408,2866807192,1965,41,hex,CAM,0202aae0019807ad005a5811460e29efbf1ffffffc2246cd1e00000fc0007ebfe9ed0737feebfff600,0202AAE0019807AD005A5811460E29EFBF1FFFFFFC2246CD1E00000FC0007EBFE9ED0737FEEBFFF600,
2026-07-14T15:38:40.042420+00:00,47.802822,valid,2734,409,2866807193,2065,41,hex,CAM,0202aae001990811005a5811460e29efbf1ffffffc2246cd1e00000fc0007ebfe9ed0737feebfff600,0202AAE001990811005A5811460E29EFBF1FFFFFFC2246CD1E00000FC0007EBFE9ED0737FEEBFFF600,
2026-07-14T15:38:40.134413+00:00,47.894818,valid,2734,410,2866807194,2165,41,hex,CAM,0202aae0019a0875005a5811460e29efbf1ffffffc2246cd1e00000fc0007ebfe9ed0737feebfff600,0202AAE0019A0875005A5811460E29EFBF1FFFFFFC2246CD1E00000FC0007EBFE9ED0737FEEBFFF600,
2026-07-14T15:38:40.236297+00:00,47.996701,valid,2734,411,2866807195,2265,41,hex,CAM,0202aae0019b08d9005a5811460e29efbf1ffffffc2246cd1e00000fc0007ebfe9ed0737feebfff600,0202AAE0019B08D9005A5811460E29EFBF1FFFFFFC2246CD1E00000FC0007EBFE9ED0737FEEBFFF600,
2026-07-14T15:38:40.337466+00:00,48.097855,valid,2734,412,2866807196,2365,41,hex,CAM,0202aae0019c093d005a5811460e29efbf1ffffffc2246cd1e00000fc0007ebfe9ed0737feebfff600,0202AAE0019C093D005A5811460E29EFBF1FFFFFFC2246CD1E00000FC0007EBFE9ED0737FEEBFFF600,
2026-07-14T15:38:40.440407+00:00,48.200814,valid,2734,413,2866807197,2465,41,hex,CAM,0202aae0019d09a1005a5811460e29efbf1ffffffc2246cd1e00000fc0007ebfe9ed0737feebfff600,0202AAE0019D09A1005A5811460E29EFBF1FFFFFFC2246CD1E00000FC0007EBFE9ED0737FEEBFFF600,
2026-07-14T15:38:40.542419+00:00,48.302820,valid,2734,414,2866807198,2565,41,hex,CAM,0202aae0019e0a05005a5811460e29efbf1ffffffc2246cd1e00000fc0007ebfe9ed0737feebfff600,0202AAE0019E0A05005A5811460E29EFBF1FFFFFFC2246CD1E00000FC0007EBFE9ED0737FEEBFFF600,
2026-07-14T15:38:40.634426+00:00,48.394827,valid,2734,415,2866807199,2665,41,hex,CAM,0202aae0019f0a69005a5811460e29efbf1ffffffc2246cd1e00000fc0007ebfe9ed0737feebfff600,0202AAE0019F0A69005A5811460E29EFBF1FFFFFFC2246CD1E00000FC0007EBFE9ED0737FEEBFFF600,
2026-07-14T15:38:40.736419+00:00,48.496822,valid,2734,416,2866807200,2765,41,hex,CAM,0202aae001a00acd005a5811460e29efbf1ffffffc2246cd1e00000fc0007ebfe9ed0737feebfff600,0202AAE001A00ACD005A5811460E29EFBF1FFFFFFC2246CD1E00000FC0007EBFE9ED0737FEEBFFF600,
2026-07-14T15:38:40.838497+00:00,48.598905,valid,2734,417,2866807201,2865,41,hex,CAM,0202aae001a10b31005a5811460e29efbf1ffffffc2246cd1e00000fc0007ebfe9ed0737feebfff600,0202AAE001A10B31005A5811460E29EFBF1FFFFFFC2246CD1E00000FC0007EBFE9ED0737FEEBFFF600,
2026-07-14T15:38:40.940487+00:00,48.700892,valid,2734,418,2866807202,2965,41,hex,CAM,0202aae001a20b95005a5811460e29efbf1ffffffc2246cd1e00000fc0007ebfe9ed0737feebfff600,0202AAE001A20B95005A5811460E29EFBF1FFFFFFC2246CD1E00000FC0007EBFE9ED0737FEEBFFF600,
2026-07-14T15:38:41.042423+00:00,48.802826,valid,2734,419,2866807203,3065,41,hex,CAM,0202aae001a30bf9005a5811460e29efbf1ffffffc2246cd1e00000fc0007ebfe9ed0737feebfff600,0202AAE001A30BF9005A5811460E29EFBF1FFFFFFC2246CD1E00000FC0007EBFE9ED0737FEEBFFF600,
2026-07-14T15:38:41.134380+00:00,48.894781,valid,2734,420,2866807204,3165,41,hex,CAM,0202aae001a40c5d005a5811460e29efbf1ffffffc2246cd1e00000fc0007ebfe9ed0737feebfff600,0202AAE001A40C5D005A5811460E29EFBF1FFFFFFC2246CD1E00000FC0007EBFE9ED0737FEEBFFF600,
2026-07-14T15:38:41.236647+00:00,48.997050,valid,2734,421,2866807205,3265,41,hex,CAM,0202aae001a50cc1005a5811460e29efbf1ffffffc2246cd1e00000fc0007ebfe9ed0737feebfff600,0202AAE001A50CC1005A5811460E29EFBF1FFFFFFC2246CD1E00000FC0007EBFE9ED0737FEEBFFF600,
2026-07-14T15:38:41.338493+00:00,49.098896,valid,2734,422,2866807206,3365,41,hex,CAM,0202aae001a60d25005a5811460e29efbf1ffffffc2246cd1e00000fc0007ebfe9ed0737feebfff600,0202AAE001A60D25005A5811460E29EFBF1FFFFFFC2246CD1E00000FC0007EBFE9ED0737FEEBFFF600,
2026-07-14T15:38:41.440430+00:00,49.200830,valid,2734,423,2866807207,3465,41,hex,CAM,0202aae001a70d89005a5811460e29efbf1ffffffc2246cd1e00000fc0007ebfe9ed0737feebfff600,0202AAE001A70D89005A5811460E29EFBF1FFFFFFC2246CD1E00000FC0007EBFE9ED0737FEEBFFF600,
2026-07-14T15:38:41.542331+00:00,49.302733,valid,2734,424,2866807208,3565,41,hex,CAM,0202aae001a80ded005a5811460e29efbf1ffffffc2246cd1e00000fc0007ebfe9ed0737feebfff600,0202AAE001A80DED005A5811460E29EFBF1FFFFFFC2246CD1E00000FC0007EBFE9ED0737FEEBFFF600,
2026-07-14T15:38:41.634355+00:00,49.394758,valid,2734,425,2866807209,3665,41,hex,CAM,0202aae001a90e51005a5811460e29efbf1ffffffc2246cd1e00000fc0007ebfe9ed0737feebfff600,0202AAE001A90E51005A5811460E29EFBF1FFFFFFC2246CD1E00000FC0007EBFE9ED0737FEEBFFF600,
2026-07-14T15:38:41.736341+00:00,49.496742,valid,2734,426,2866807210,3765,41,hex,CAM,0202aae001aa0eb5005a5811460e29efbf1ffffffc2246cd1e00000fc0007ebfe9ed0737feebfff600,0202AAE001AA0EB5005A5811460E29EFBF1FFFFFFC2246CD1E00000FC0007EBFE9ED0737FEEBFFF600,
2026-07-14T15:38:41.838338+00:00,49.598743,valid,2734,427,2866807211,3865,41,hex,CAM,0202aae001ab0f19005a5811460e29efbf1ffffffc2246cd1e00000fc0007ebfe9ed0737feebfff600,0202AAE001AB0F19005A5811460E29EFBF1FFFFFFC2246CD1E00000FC0007EBFE9ED0737FEEBFFF600,
2026-07-14T15:38:41.940438+00:00,49.700839,valid,2734,428,2866807212,3965,41,hex,CAM,0202aae001ac0f7d005a5811460e29efbf1ffffffc2246cd1e00000fc0007ebfe9ed0737feebfff600,0202AAE001AC0F7D005A5811460E29EFBF1FFFFFFC2246CD1E00000FC0007EBFE9ED0737FEEBFFF600,
2026-07-14T15:38:42.042428+00:00,49.802828,valid,2734,429,2866807213,4065,41,hex,CAM,0202aae001ad0fe1005a5811460e29efbf1ffffffc2246cd1e00000fc0007ebfe9ed0737feebfff600,0202AAE001AD0FE1005A5811460E29EFBF1FFFFFFC2246CD1E00000FC0007EBFE9ED0737FEEBFFF600,
2026-07-14T15:38:42.134373+00:00,49.894774,valid,2734,430,2866807214,4165,41,hex,CAM,0202aae001ae1045005a5811460e29efbf1ffffffc2246cd1e00000fc0007ebfe9ed0737feebfff600,0202AAE001AE1045005A5811460E29EFBF1FFFFFFC2246CD1E00000FC0007EBFE9ED0737FEEBFFF600,
2026-07-14T15:38:42.236355+00:00,49.996755,valid,2734,431,2866807215,4265,41,hex,CAM,0202aae001af10a9005a5811460e29efbf1ffffffc2246cd1e00000fc0007ebfe9ed0737feebfff600,0202AAE001AF10A9005A5811460E29EFBF1FFFFFFC2246CD1E00000FC0007EBFE9ED0737FEEBFFF600,
2026-07-14T15:38:42.338458+00:00,50.098862,valid,2734,432,2866807216,4365,41,hex,CAM,0202aae001b0110d005a5811460e29efbf1ffffffc2246cd1e00000fc0007ebfe9ed0737feebfff600,0202AAE001B0110D005A5811460E29EFBF1FFFFFFC2246CD1E00000FC0007EBFE9ED0737FEEBFFF600,
2026-07-14T15:38:42.440474+00:00,50.200875,valid,2734,433,2866807217,4465,41,hex,CAM,0202aae001b11171005a5811460e29efbf1ffffffc2246cd1e00000fc0007ebfe9ed0737feebfff600,0202AAE001B11171005A5811460E29EFBF1FFFFFFC2246CD1E00000FC0007EBFE9ED0737FEEBFFF600,
2026-07-14T15:38:42.542516+00:00,50.302916,valid,2734,434,2866807218,4565,41,hex,CAM,0202aae001b211d5005a5811460e29efbf1ffffffc2246cd1e00000fc0007ebfe9ed0737feebfff600,0202AAE001B211D5005A5811460E29EFBF1FFFFFFC2246CD1E00000FC0007EBFE9ED0737FEEBFFF600,
2026-07-14T15:38:42.633716+00:00,50.394107,valid,2734,435,2866807219,4665,41,hex,CAM,0202aae001b31239005a5811460e29efbf1ffffffc2246cd1e00000fc0007ebfe9ed0737feebfff600,0202AAE001B31239005A5811460E29EFBF1FFFFFFC2246CD1E00000FC0007EBFE9ED0737FEEBFFF600,
2026-07-14T15:38:42.738084+00:00,50.498500,valid,2734,436,2866807220,4765,41,hex,CAM,0202aae001b4129d005a5811460e29efbf1ffffffc2246cd1e00000fc0007ebfe9ed0737feebfff600,0202AAE001B4129D005A5811460E29EFBF1FFFFFFC2246CD1E00000FC0007EBFE9ED0737FEEBFFF600,
2026-07-14T15:38:42.840107+00:00,50.600533,valid,2734,437,2866807221,4865,41,hex,CAM,0202aae001b51301005a5811460e29efbf1ffffffc2246cd1e00000fc0007ebfe9ed0737feebfff600,0202AAE001B51301005A5811460E29EFBF1FFFFFFC2246CD1E00000FC0007EBFE9ED0737FEEBFFF600,
2026-07-14T15:38:42.940470+00:00,50.700872,valid,2734,438,2866807222,4965,41,hex,CAM,0202aae001b61365005a5811460e29efbf1ffffffc2246cd1e00000fc0007ebfe9ed0737feebfff600,0202AAE001B61365005A5811460E29EFBF1FFFFFFC2246CD1E00000FC0007EBFE9ED0737FEEBFFF600,
2026-07-14T15:38:43.042513+00:00,50.802915,valid,2734,439,2866807223,5065,41,hex,CAM,0202aae001b713c9005a5811460e29efbf1ffffffc2246cd1e00000fc0007ebfe9ed0737feebfff600,0202AAE001B713C9005A5811460E29EFBF1FFFFFFC2246CD1E00000FC0007EBFE9ED0737FEEBFFF600,
2026-07-14T15:38:43.134359+00:00,50.894761,valid,2734,440,2866807224,5165,41,hex,CAM,0202aae001b8142d005a5811460e29efbf1ffffffc2246cd1e00000fc0007ebfe9ed0737feebfff600,0202AAE001B8142D005A5811460E29EFBF1FFFFFFC2246CD1E00000FC0007EBFE9ED0737FEEBFFF600,
2026-07-14T15:38:43.236317+00:00,50.996718,valid,2734,441,2866807225,5265,41,hex,CAM,0202aae001b91491005a5811460e29efbf1ffffffc2246cd1e00000fc0007ebfe9ed0737feebfff600,0202AAE001B91491005A5811460E29EFBF1FFFFFFC2246CD1E00000FC0007EBFE9ED0737FEEBFFF600,
2026-07-14T15:38:43.338342+00:00,51.098753,valid,2734,442,2866807226,5365,41,hex,CAM,0202aae001ba14f5005a5811460e29efbf1ffffffc2246cd1e00000fc0007ebfe9ed0737feebfff600,0202AAE001BA14F5005A5811460E29EFBF1FFFFFFC2246CD1E00000FC0007EBFE9ED0737FEEBFFF600,
2026-07-14T15:38:43.440646+00:00,51.201051,valid,2734,443,2866807227,5465,41,hex,CAM,0202aae001bb1559005a5811460e29efbf1ffffffc2246cd1e00000fc0007ebfe9ed0737feebfff600,0202AAE001BB1559005A5811460E29EFBF1FFFFFFC2246CD1E00000FC0007EBFE9ED0737FEEBFFF600,
2026-07-14T15:38:43.542460+00:00,51.302862,valid,2734,444,2866807228,5565,41,hex,CAM,0202aae001bc15bd005a5811460e29efbf1ffffffc2246cd1e00000fc0007ebfe9ed0737feebfff600,0202AAE001BC15BD005A5811460E29EFBF1FFFFFFC2246CD1E00000FC0007EBFE9ED0737FEEBFFF600,
2026-07-14T15:38:43.634485+00:00,51.394888,valid,2734,445,2866807229,5665,41,hex,CAM,0202aae001bd1621005a5811460e29efbf1ffffffc2246cd1e00000fc0007ebfe9ed0737feebfff600,0202AAE001BD1621005A5811460E29EFBF1FFFFFFC2246CD1E00000FC0007EBFE9ED0737FEEBFFF600,
2026-07-14T15:38:43.736433+00:00,51.496834,valid,2734,446,2866807230,5765,41,hex,CAM,0202aae001be1685005a5811460e29efbf1ffffffc2246cd1e00000fc0007ebfe9ed0737feebfff600,0202AAE001BE1685005A5811460E29EFBF1FFFFFFC2246CD1E00000FC0007EBFE9ED0737FEEBFFF600,
2026-07-14T15:38:43.838563+00:00,51.598966,valid,2734,447,2866807231,5865,41,hex,CAM,0202aae001bf16e9005a5811460e29efbf1ffffffc2246cd1e00000fc0007ebfe9ed0737feebfff600,0202AAE001BF16E9005A5811460E29EFBF1FFFFFFC2246CD1E00000FC0007EBFE9ED0737FEEBFFF600,
2026-07-14T15:38:43.940342+00:00,51.700747,valid,2734,448,2866807232,5965,41,hex,CAM,0202aae001c0174d005a5811460e29efbf1ffffffc2246cd1e00000fc0007ebfe9ed0737feebfff600,0202AAE001C0174D005A5811460E29EFBF1FFFFFFC2246CD1E00000FC0007EBFE9ED0737FEEBFFF600,
2026-07-14T15:38:44.042422+00:00,51.802825,valid,2734,449,2866807233,6065,41,hex,CAM,0202aae001c117b1005a5811460e29efbf1ffffffc2246cd1e00000fc0007ebfe9ed0737feebfff600,0202AAE001C117B1005A5811460E29EFBF1FFFFFFC2246CD1E00000FC0007EBFE9ED0737FEEBFFF600,
2026-07-14T15:38:44.134330+00:00,51.894731,valid,2734,450,2866807234,6165,41,hex,CAM,0202aae001c21815005a5811460e29efbf1ffffffc2246cd1e00000fc0007ebfe9ed0737feebfff600,0202AAE001C21815005A5811460E29EFBF1FFFFFFC2246CD1E00000FC0007EBFE9ED0737FEEBFFF600,
2026-07-14T15:38:44.236279+00:00,51.996679,valid,2734,451,2866807235,6265,41,hex,CAM,0202aae001c31879005a5811460e29efbf1ffffffc2246cd1e00000fc0007ebfe9ed0737feebfff600,0202AAE001C31879005A5811460E29EFBF1FFFFFFC2246CD1E00000FC0007EBFE9ED0737FEEBFFF600,
2026-07-14T15:38:44.338381+00:00,52.098782,valid,2734,452,2866807236,6365,41,hex,CAM,0202aae001c418dd005a5811460e29efbf1ffffffc2246cd1e00000fc0007ebfe9ed0737feebfff600,0202AAE001C418DD005A5811460E29EFBF1FFFFFFC2246CD1E00000FC0007EBFE9ED0737FEEBFFF600,
2026-07-14T15:38:44.440336+00:00,52.200739,valid,2734,453,2866807237,6465,41,hex,CAM,0202aae001c51941005a5811460e29efbf1ffffffc2246cd1e00000fc0007ebfe9ed0737feebfff600,0202AAE001C51941005A5811460E29EFBF1FFFFFFC2246CD1E00000FC0007EBFE9ED0737FEEBFFF600,
2026-07-14T15:38:44.542368+00:00,52.302771,valid,2734,454,2866807238,6565,41,hex,CAM,0202aae001c619a5005a5811460e29efbf1ffffffc2246cd1e00000fc0007ebfe9ed0737feebfff600,0202AAE001C619A5005A5811460E29EFBF1FFFFFFC2246CD1E00000FC0007EBFE9ED0737FEEBFFF600,
2026-07-14T15:38:44.633433+00:00,52.393823,valid,2734,455,2866807239,6665,41,hex,CAM,0202aae001c71a09005a5811460e29efbf1ffffffc2246cd1e00000fc0007ebfe9ed0737feebfff600,0202AAE001C71A09005A5811460E29EFBF1FFFFFFC2246CD1E00000FC0007EBFE9ED0737FEEBFFF600,
2026-07-14T15:38:44.736435+00:00,52.496838,valid,2734,456,2866807240,6765,41,hex,CAM,0202aae001c81a6d005a5811460e29efbf1ffffffc2246cd1e00000fc0007ebfe9ed0737feebfff600,0202AAE001C81A6D005A5811460E29EFBF1FFFFFFC2246CD1E00000FC0007EBFE9ED0737FEEBFFF600,
2026-07-14T15:38:44.838464+00:00,52.598866,valid,2734,457,2866807241,6865,41,hex,CAM,0202aae001c91ad1005a5811460e29efbf1ffffffc2246cd1e00000fc0007ebfe9ed0737feebfff600,0202AAE001C91AD1005A5811460E29EFBF1FFFFFFC2246CD1E00000FC0007EBFE9ED0737FEEBFFF600,
2026-07-14T15:38:44.940430+00:00,52.700833,valid,2734,458,2866807242,6965,41,hex,CAM,0202aae001ca1b35005a5811460e29efbf1ffffffc2246cd1e00000fc0007ebfe9ed0737feebfff600,0202AAE001CA1B35005A5811460E29EFBF1FFFFFFC2246CD1E00000FC0007EBFE9ED0737FEEBFFF600,
2026-07-14T15:38:45.042402+00:00,52.802805,valid,2734,459,2866807243,7065,41,hex,CAM,0202aae001cb1b99005a5811460e29efbf1ffffffc2246cd1e00000fc0007ebfe9ed0737feebfff600,0202AAE001CB1B99005A5811460E29EFBF1FFFFFFC2246CD1E00000FC0007EBFE9ED0737FEEBFFF600,
2026-07-14T15:38:45.134341+00:00,52.894743,valid,2734,460,2866807244,7165,41,hex,CAM,0202aae001cc1bfd005a5811460e29efbf1ffffffc2246cd1e00000fc0007ebfe9ed0737feebfff600,0202AAE001CC1BFD005A5811460E29EFBF1FFFFFFC2246CD1E00000FC0007EBFE9ED0737FEEBFFF600,
2026-07-14T15:38:45.236338+00:00,52.996739,valid,2734,461,2866807245,7265,41,hex,CAM,0202aae001cd1c61005a5811460e29efbf1ffffffc2246cd1e00000fc0007ebfe9ed0737feebfff600,0202AAE001CD1C61005A5811460E29EFBF1FFFFFFC2246CD1E00000FC0007EBFE9ED0737FEEBFFF600,
2026-07-14T15:38:45.338338+00:00,53.098741,valid,2734,462,2866807246,7365,41,hex,CAM,0202aae001ce1cc5005a5811460e29efbf1ffffffc2246cd1e00000fc0007ebfe9ed0737feebfff600,0202AAE001CE1CC5005A5811460E29EFBF1FFFFFFC2246CD1E00000FC0007EBFE9ED0737FEEBFFF600,
2026-07-14T15:38:45.439401+00:00,53.199789,valid,2734,463,2866807247,7465,41,hex,CAM,0202aae001cf1d29005a5811460e29efbf1ffffffc2246cd1e00000fc0007ebfe9ed0737feebfff600,0202AAE001CF1D29005A5811460E29EFBF1FFFFFFC2246CD1E00000FC0007EBFE9ED0737FEEBFFF600,
2026-07-14T15:38:45.542479+00:00,53.302882,valid,2734,464,2866807248,7565,41,hex,CAM,0202aae001d01d8d005a5811460e29efbf1ffffffc2246cd1e00000fc0007ebfe9ed0737feebfff600,0202AAE001D01D8D005A5811460E29EFBF1FFFFFFC2246CD1E00000FC0007EBFE9ED0737FEEBFFF600,
2026-07-14T15:38:45.634466+00:00,53.394867,valid,2734,465,2866807249,7665,41,hex,CAM,0202aae001d11df1005a5811460e29efbf1ffffffc2246cd1e00000fc0007ebfe9ed0737feebfff600,0202AAE001D11DF1005A5811460E29EFBF1FFFFFFC2246CD1E00000FC0007EBFE9ED0737FEEBFFF600,
2026-07-14T15:38:45.736473+00:00,53.496874,valid,2734,466,2866807250,7765,41,hex,CAM,0202aae001d21e55005a5811460e29efbf1ffffffc2246cd1e00000fc0007ebfe9ed0737feebfff600,0202AAE001D21E55005A5811460E29EFBF1FFFFFFC2246CD1E00000FC0007EBFE9ED0737FEEBFFF600,
2026-07-14T15:38:45.838434+00:00,53.598836,valid,2734,467,2866807251,7865,41,hex,CAM,0202aae001d31eb9005a5811460e29efbf1ffffffc2246cd1e00000fc0007ebfe9ed0737feebfff600,0202AAE001D31EB9005A5811460E29EFBF1FFFFFFC2246CD1E00000FC0007EBFE9ED0737FEEBFFF600,
2026-07-14T15:38:45.940408+00:00,53.700811,valid,2734,468,2866807252,7965,41,hex,CAM,0202aae001d41f1d005a5811460e29efbf1ffffffc2246cd1e00000fc0007ebfe9ed0737feebfff600,0202AAE001D41F1D005A5811460E29EFBF1FFFFFFC2246CD1E00000FC0007EBFE9ED0737FEEBFFF600,
2026-07-14T15:38:46.042346+00:00,53.802748,valid,2734,469,2866807253,8065,41,hex,CAM,0202aae001d51f81005a5811460e29efbf1ffffffc2246cd1e00000fc0007ebfe9ed0737feebfff600,0202AAE001D51F81005A5811460E29EFBF1FFFFFFC2246CD1E00000FC0007EBFE9ED0737FEEBFFF600,
2026-07-14T15:38:46.134405+00:00,53.894806,valid,2734,470,2866807254,8165,41,hex,CAM,0202aae001d61fe5005a5811460e29efbf1ffffffc2246cd1e00000fc0007ebfe9ed0737feebfff600,0202AAE001D61FE5005A5811460E29EFBF1FFFFFFC2246CD1E00000FC0007EBFE9ED0737FEEBFFF600,
2026-07-14T15:38:46.236379+00:00,53.996780,valid,2734,471,2866807255,8265,41,hex,CAM,0202aae001d72049005a5811460e29efbf1ffffffc2246cd1e00000fc0007ebfe9ed0737feebfff600,0202AAE001D72049005A5811460E29EFBF1FFFFFFC2246CD1E00000FC0007EBFE9ED0737FEEBFFF600,
2026-07-14T15:38:46.338397+00:00,54.098799,valid,2734,472,2866807256,8365,41,hex,CAM,0202aae001d820ad005a5811460e29efbf1ffffffc2246cd1e00000fc0007ebfe9ed0737feebfff600,0202AAE001D820AD005A5811460E29EFBF1FFFFFFC2246CD1E00000FC0007EBFE9ED0737FEEBFFF600,
2026-07-14T15:38:46.440440+00:00,54.200841,valid,2734,473,2866807257,8465,41,hex,CAM,0202aae001d92111005a5811460e29efbf1ffffffc2246cd1e00000fc0007ebfe9ed0737feebfff600,0202AAE001D92111005A5811460E29EFBF1FFFFFFC2246CD1E00000FC0007EBFE9ED0737FEEBFFF600,
2026-07-14T15:38:46.542509+00:00,54.302913,valid,2734,474,2866807258,8565,41,hex,CAM,0202aae001da2175005a5811460e29efbf1ffffffc2246cd1e00000fc0007ebfe9ed0737feebfff600,0202AAE001DA2175005A5811460E29EFBF1FFFFFFC2246CD1E00000FC0007EBFE9ED0737FEEBFFF600,
2026-07-14T15:38:46.634439+00:00,54.394841,valid,2734,475,2866807259,8665,41,hex,CAM,0202aae001db21d9005a5811460e29efbf1ffffffc2246cd1e00000fc0007ebfe9ed0737feebfff600,0202AAE001DB21D9005A5811460E29EFBF1FFFFFFC2246CD1E00000FC0007EBFE9ED0737FEEBFFF600,
2026-07-14T15:38:46.736457+00:00,54.496859,valid,2734,476,2866807260,8765,41,hex,CAM,0202aae001dc223d005a5811460e29efbf1ffffffc2246cd1e00000fc0007ebfe9ed0737feebfff600,0202AAE001DC223D005A5811460E29EFBF1FFFFFFC2246CD1E00000FC0007EBFE9ED0737FEEBFFF600,
2026-07-14T15:38:46.838456+00:00,54.598857,valid,2734,477,2866807261,8865,41,hex,CAM,0202aae001dd22a1005a5811460e29efbf1ffffffc2246cd1e00000fc0007ebfe9ed0737feebfff600,0202AAE001DD22A1005A5811460E29EFBF1FFFFFFC2246CD1E00000FC0007EBFE9ED0737FEEBFFF600,
2026-07-14T15:38:46.940485+00:00,54.700888,valid,2734,478,2866807262,8965,41,hex,CAM,0202aae001de2305005a5811460e29efbf1ffffffc2246cd1e00000fc0007ebfe9ed0737feebfff600,0202AAE001DE2305005A5811460E29EFBF1FFFFFFC2246CD1E00000FC0007EBFE9ED0737FEEBFFF600,
2026-07-14T15:38:47.042401+00:00,54.802803,valid,2734,479,2866807263,9065,41,hex,CAM,0202aae001df2369005a5811460e29efbf1ffffffc2246cd1e00000fc0007ebfe9ed0737feebfff600,0202AAE001DF2369005A5811460E29EFBF1FFFFFFC2246CD1E00000FC0007EBFE9ED0737FEEBFFF600,
2026-07-14T15:38:47.134411+00:00,54.894812,valid,2734,480,2866807264,9165,41,hex,CAM,0202aae001e023cd005a5811460e29efbf1ffffffc2246cd1e00000fc0007ebfe9ed0737feebfff600,0202AAE001E023CD005A5811460E29EFBF1FFFFFFC2246CD1E00000FC0007EBFE9ED0737FEEBFFF600,
2026-07-14T15:38:47.236525+00:00,54.996927,valid,2734,481,2866807265,9265,41,hex,CAM,0202aae001e12431005a5811460e29efbf1ffffffc2246cd1e00000fc0007ebfe9ed0737feebfff600,0202AAE001E12431005A5811460E29EFBF1FFFFFFC2246CD1E00000FC0007EBFE9ED0737FEEBFFF600,
2026-07-14T15:38:47.338365+00:00,55.098766,valid,2734,482,2866807266,9365,41,hex,CAM,0202aae001e22495005a5811460e29efbf1ffffffc2246cd1e00000fc0007ebfe9ed0737feebfff600,0202AAE001E22495005A5811460E29EFBF1FFFFFFC2246CD1E00000FC0007EBFE9ED0737FEEBFFF600,
2026-07-14T15:38:47.440378+00:00,55.200779,valid,2734,483,2866807267,9465,41,hex,CAM,0202aae001e324f9005a5811460e29efbf1ffffffc2246cd1e00000fc0007ebfe9ed0737feebfff600,0202AAE001E324F9005A5811460E29EFBF1FFFFFFC2246CD1E00000FC0007EBFE9ED0737FEEBFFF600,
2026-07-14T15:38:47.542449+00:00,55.302854,valid,2734,484,2866807268,9565,41,hex,CAM,0202aae001e4255d005a5811460e29efbf1ffffffc2246cd1e00000fc0007ebfe9ed0737feebfff600,0202AAE001E4255D005A5811460E29EFBF1FFFFFFC2246CD1E00000FC0007EBFE9ED0737FEEBFFF600,
2026-07-14T15:38:47.634398+00:00,55.394806,valid,2734,485,2866807269,9665,41,hex,CAM,0202aae001e525c1005a5811460e29efbf1ffffffc2246cd1e00000fc0007ebfe9ed0737feebfff600,0202AAE001E525C1005A5811460E29EFBF1FFFFFFC2246CD1E00000FC0007EBFE9ED0737FEEBFFF600,
2026-07-14T15:38:47.736440+00:00,55.496841,valid,2734,486,2866807270,9765,41,hex,CAM,0202aae001e62625005a5811460e29efbf1ffffffc2246cd1e00000fc0007ebfe9ed0737feebfff600,0202AAE001E62625005A5811460E29EFBF1FFFFFFC2246CD1E00000FC0007EBFE9ED0737FEEBFFF600,
2026-07-14T15:38:47.838386+00:00,55.598787,valid,2734,487,2866807271,9865,41,hex,CAM,0202aae001e72689005a5811460e29efbf1ffffffc2246cd1e00000fc0007ebfe9ed0737feebfff600,0202AAE001E72689005A5811460E29EFBF1FFFFFFC2246CD1E00000FC0007EBFE9ED0737FEEBFFF600,
2026-07-14T15:38:47.940284+00:00,55.700688,valid,2734,488,2866807272,9965,41,hex,CAM,0202aae001e826ed005a5811460e29efbf1ffffffc2246cd1e00000fc0007ebfe9ed0737feebfff600,0202AAE001E826ED005A5811460E29EFBF1FFFFFFC2246CD1E00000FC0007EBFE9ED0737FEEBFFF600,
2026-07-14T15:38:48.042294+00:00,55.802696,valid,2734,489,2866807273,10065,41,hex,CAM,0202aae001e92751005a5811460e29efbf1ffffffc2246cd1e00000fc0007ebfe9ed0737feebfff600,0202AAE001E92751005A5811460E29EFBF1FFFFFFC2246CD1E00000FC0007EBFE9ED0737FEEBFFF600,
2026-07-14T15:38:48.134378+00:00,55.894780,valid,2734,490,2866807274,10165,41,hex,CAM,0202aae001ea27b5005a5811460e29efbf1ffffffc2246cd1e00000fc0007ebfe9ed0737feebfff600,0202AAE001EA27B5005A5811460E29EFBF1FFFFFFC2246CD1E00000FC0007EBFE9ED0737FEEBFFF600,
2026-07-14T15:38:48.236339+00:00,55.996740,valid,2734,491,2866807275,10265,41,hex,CAM,0202aae001eb2819005a5811460e29efbf1ffffffc2246cd1e00000fc0007ebfe9ed0737feebfff600,0202AAE001EB2819005A5811460E29EFBF1FFFFFFC2246CD1E00000FC0007EBFE9ED0737FEEBFFF600,
2026-07-14T15:38:48.338391+00:00,56.098792,valid,2734,492,2866807276,10365,41,hex,CAM,0202aae001ec287d005a5811460e29efbf1ffffffc2246cd1e00000fc0007ebfe9ed0737feebfff600,0202AAE001EC287D005A5811460E29EFBF1FFFFFFC2246CD1E00000FC0007EBFE9ED0737FEEBFFF600,
2026-07-14T15:38:48.440396+00:00,56.200797,valid,2734,493,2866807277,10465,41,hex,CAM,0202aae001ed28e1005a5811460e29efbf1ffffffc2246cd1e00000fc0007ebfe9ed0737feebfff600,0202AAE001ED28E1005A5811460E29EFBF1FFFFFFC2246CD1E00000FC0007EBFE9ED0737FEEBFFF600,
2026-07-14T15:38:48.541873+00:00,56.302268,valid,2734,494,2866807278,10565,41,hex,CAM,0202aae001ee2945005a5811460e29efbf1ffffffc2246cd1e00000fc0007ebfe9ed0737feebfff600,0202AAE001EE2945005A5811460E29EFBF1FFFFFFC2246CD1E00000FC0007EBFE9ED0737FEEBFFF600,
2026-07-14T15:38:48.634352+00:00,56.394756,valid,2734,495,2866807279,10665,41,hex,CAM,0202aae001ef29a9005a5811460e29efbf1ffffffc2246cd1e00000fc0007ebfe9ed0737feebfff600,0202AAE001EF29A9005A5811460E29EFBF1FFFFFFC2246CD1E00000FC0007EBFE9ED0737FEEBFFF600,
2026-07-14T15:38:48.736427+00:00,56.496829,valid,2734,496,2866807280,10765,41,hex,CAM,0202aae001f02a0d005a5811460e29efbf1ffffffc2246cd1e00000fc0007ebfe9ed0737feebfff600,0202AAE001F02A0D005A5811460E29EFBF1FFFFFFC2246CD1E00000FC0007EBFE9ED0737FEEBFFF600,
2026-07-14T15:38:48.838312+00:00,56.598713,valid,2734,497,2866807281,10865,41,hex,CAM,0202aae001f12a71005a5811460e29efbf1ffffffc2246cd1e00000fc0007ebfe9ed0737feebfff600,0202AAE001F12A71005A5811460E29EFBF1FFFFFFC2246CD1E00000FC0007EBFE9ED0737FEEBFFF600,
2026-07-14T15:38:48.940328+00:00,56.700729,valid,2734,498,2866807282,10965,41,hex,CAM,0202aae001f22ad5005a5811460e29efbf1ffffffc2246cd1e00000fc0007ebfe9ed0737feebfff600,0202AAE001F22AD5005A5811460E29EFBF1FFFFFFC2246CD1E00000FC0007EBFE9ED0737FEEBFFF600,
2026-07-14T15:38:49.042250+00:00,56.802651,valid,2734,499,2866807283,11065,41,hex,CAM,0202aae001f32b39005a5811460e29efbf1ffffffc2246cd1e00000fc0007ebfe9ed0737feebfff600,0202AAE001F32B39005A5811460E29EFBF1FFFFFFC2246CD1E00000FC0007EBFE9ED0737FEEBFFF600,
2026-07-14T15:38:49.134234+00:00,56.894633,valid,2734,500,2866807284,11165,41,hex,CAM,0202aae001f42b9d005a5811460e29efbf1ffffffc2246cd1e00000fc0007ebfe9ed0737feebfff600,0202AAE001F42B9D005A5811460E29EFBF1FFFFFFC2246CD1E00000FC0007EBFE9ED0737FEEBFFF600,
2026-07-14T15:38:49.236366+00:00,56.996767,valid,2734,501,2866807285,11265,41,hex,CAM,0202aae001f52c01005a5811460e29efbf1ffffffc2246cd1e00000fc0007ebfe9ed0737feebfff600,0202AAE001F52C01005A5811460E29EFBF1FFFFFFC2246CD1E00000FC0007EBFE9ED0737FEEBFFF600,
2026-07-14T15:38:49.338338+00:00,57.098741,valid,2734,502,2866807286,11365,41,hex,CAM,0202aae001f62c65005a5811460e29efbf1ffffffc2246cd1e00000fc0007ebfe9ed0737feebfff600,0202AAE001F62C65005A5811460E29EFBF1FFFFFFC2246CD1E00000FC0007EBFE9ED0737FEEBFFF600,
2026-07-14T15:38:49.440475+00:00,57.200879,valid,2734,503,2866807287,11465,41,hex,CAM,0202aae001f72cc9005a5811460e29efbf1ffffffc2246cd1e00000fc0007ebfe9ed0737feebfff600,0202AAE001F72CC9005A5811460E29EFBF1FFFFFFC2246CD1E00000FC0007EBFE9ED0737FEEBFFF600,
2026-07-14T15:38:49.542353+00:00,57.302754,valid,2734,504,2866807288,11565,41,hex,CAM,0202aae001f82d2d005a5811460e29efbf1ffffffc2246cd1e00000fc0007ebfe9ed0737feebfff600,0202AAE001F82D2D005A5811460E29EFBF1FFFFFFC2246CD1E00000FC0007EBFE9ED0737FEEBFFF600,
2026-07-14T15:38:49.634365+00:00,57.394770,valid,2734,505,2866807289,11665,41,hex,CAM,0202aae001f92d91005a5811460e29efbf1ffffffc2246cd1e00000fc0007ebfe9ed0737feebfff600,0202AAE001F92D91005A5811460E29EFBF1FFFFFFC2246CD1E00000FC0007EBFE9ED0737FEEBFFF600,
2026-07-14T15:38:49.736391+00:00,57.496794,valid,2734,506,2866807290,11765,41,hex,CAM,0202aae001fa2df5005a5811460e29efbf1ffffffc2246cd1e00000fc0007ebfe9ed0737feebfff600,0202AAE001FA2DF5005A5811460E29EFBF1FFFFFFC2246CD1E00000FC0007EBFE9ED0737FEEBFFF600,
2026-07-14T15:38:49.838364+00:00,57.598765,valid,2734,507,2866807291,11865,41,hex,CAM,0202aae001fb2e59005a5811460e29efbf1ffffffc2246cd1e00000fc0007ebfe9ed0737feebfff600,0202AAE001FB2E59005A5811460E29EFBF1FFFFFFC2246CD1E00000FC0007EBFE9ED0737FEEBFFF600,
2026-07-14T15:38:49.940426+00:00,57.700829,valid,2734,508,2866807292,11965,41,hex,CAM,0202aae001fc2ebd005a5811460e29efbf1ffffffc2246cd1e00000fc0007ebfe9ed0737feebfff600,0202AAE001FC2EBD005A5811460E29EFBF1FFFFFFC2246CD1E00000FC0007EBFE9ED0737FEEBFFF600,
2026-07-14T15:38:50.042406+00:00,57.802807,valid,2734,509,2866807293,12065,41,hex,CAM,0202aae001fd2f21005a5811460e29efbf1ffffffc2246cd1e00000fc0007ebfe9ed0737feebfff600,0202AAE001FD2F21005A5811460E29EFBF1FFFFFFC2246CD1E00000FC0007EBFE9ED0737FEEBFFF600,
2026-07-14T15:38:50.134410+00:00,57.894810,valid,2734,510,2866807294,12165,41,hex,CAM,0202aae001fe2f85005a5811460e29efbf1ffffffc2246cd1e00000fc0007ebfe9ed0737feebfff600,0202AAE001FE2F85005A5811460E29EFBF1FFFFFFC2246CD1E00000FC0007EBFE9ED0737FEEBFFF600,
2026-07-14T15:38:50.236382+00:00,57.996783,valid,2734,511,2866807295,12265,41,hex,CAM,0202aae001ff2fe9005a5811460e29efbf1ffffffc2246cd1e00000fc0007ebfe9ed0737feebfff600,0202AAE001FF2FE9005A5811460E29EFBF1FFFFFFC2246CD1E00000FC0007EBFE9ED0737FEEBFFF600,
2026-07-14T15:38:50.338477+00:00,58.098878,valid,2734,512,2866807296,12365,41,hex,CAM,0202aae00200304d005a5811460e29efbf1ffffffc2246cd1e00000fc0007ebfe9ed0737feebfff600,0202AAE00200304D005A5811460E29EFBF1FFFFFFC2246CD1E00000FC0007EBFE9ED0737FEEBFFF600,
2026-07-14T15:38:50.440362+00:00,58.200762,valid,2734,513,2866807297,12465,41,hex,CAM,0202aae0020130b1005a5811460e29efbf1ffffffc2246cd1e00000fc0007ebfe9ed0737feebfff600,0202AAE0020130B1005A5811460E29EFBF1FFFFFFC2246CD1E00000FC0007EBFE9ED0737FEEBFFF600,
2026-07-14T15:38:50.542491+00:00,58.302894,valid,2734,514,2866807298,12565,41,hex,CAM,0202aae002023115005a5811460e29efbf1ffffffc2246cd1e00000fc0007ebfe9ed0737feebfff600,0202AAE002023115005A5811460E29EFBF1FFFFFFC2246CD1E00000FC0007EBFE9ED0737FEEBFFF600,
2026-07-14T15:38:50.634375+00:00,58.394776,valid,2734,515,2866807299,12665,41,hex,CAM,0202aae002033179005a5811460e29efbf1ffffffc2246cd1e00000fc0007ebfe9ed0737feebfff600,0202AAE002033179005A5811460E29EFBF1FFFFFFC2246CD1E00000FC0007EBFE9ED0737FEEBFFF600,
2026-07-14T15:38:50.736468+00:00,58.496872,valid,2734,516,2866807300,12765,41,hex,CAM,0202aae0020431dd005a5811460e29efbf1ffffffc2246cd1e00000fc0007ebfe9ed0737feebfff600,0202AAE0020431DD005A5811460E29EFBF1FFFFFFC2246CD1E00000FC0007EBFE9ED0737FEEBFFF600,
2026-07-14T15:38:50.838379+00:00,58.598781,valid,2734,517,2866807301,12865,41,hex,CAM,0202aae002053241005a5811460e29efbf1ffffffc2246cd1e00000fc0007ebfe9ed0737feebfff600,0202AAE002053241005A5811460E29EFBF1FFFFFFC2246CD1E00000FC0007EBFE9ED0737FEEBFFF600,
2026-07-14T15:38:50.940459+00:00,58.700860,valid,2734,518,2866807302,12965,41,hex,CAM,0202aae0020632a5005a5811460e29efbf1ffffffc2246cd1e00000fc0007ebfe9ed0737feebfff600,0202AAE0020632A5005A5811460E29EFBF1FFFFFFC2246CD1E00000FC0007EBFE9ED0737FEEBFFF600,
2026-07-14T15:38:51.042387+00:00,58.802788,valid,2734,519,2866807303,13065,41,hex,CAM,0202aae002073309005a5811460e29efbf1ffffffc2246cd1e00000fc0007ebfe9ed0737feebfff600,0202AAE002073309005A5811460E29EFBF1FFFFFFC2246CD1E00000FC0007EBFE9ED0737FEEBFFF600,
2026-07-14T15:38:51.134436+00:00,58.894838,valid,2734,520,2866807304,13165,41,hex,CAM,0202aae00208336d005a5811460e29efbf1ffffffc2246cd1e00000fc0007ebfe9ed0737feebfff600,0202AAE00208336D005A5811460E29EFBF1FFFFFFC2246CD1E00000FC0007EBFE9ED0737FEEBFFF600,
2026-07-14T15:38:51.236401+00:00,58.996802,valid,2734,521,2866807305,13265,41,hex,CAM,0202aae0020933d1005a5811460e29efbf1ffffffc2246cd1e00000fc0007ebfe9ed0737feebfff600,0202AAE0020933D1005A5811460E29EFBF1FFFFFFC2246CD1E00000FC0007EBFE9ED0737FEEBFFF600,
2026-07-14T15:38:51.338432+00:00,59.098836,valid,2734,522,2866807306,13365,41,hex,CAM,0202aae0020a3435005a5811460e29efbf1ffffffc2246cd1e00000fc0007ebfe9ed0737feebfff600,0202AAE0020A3435005A5811460E29EFBF1FFFFFFC2246CD1E00000FC0007EBFE9ED0737FEEBFFF600,
2026-07-14T15:38:51.440498+00:00,59.200906,valid,2734,523,2866807307,13465,41,hex,CAM,0202aae0020b3499005a5811460e29efbf1ffffffc2246cd1e00000fc0007ebfe9ed0737feebfff600,0202AAE0020B3499005A5811460E29EFBF1FFFFFFC2246CD1E00000FC0007EBFE9ED0737FEEBFFF600,
2026-07-14T15:38:51.542445+00:00,59.302846,valid,2734,524,2866807308,13565,41,hex,CAM,0202aae0020c34fd005a5811460e29efbf1ffffffc2246cd1e00000fc0007ebfe9ed0737feebfff600,0202AAE0020C34FD005A5811460E29EFBF1FFFFFFC2246CD1E00000FC0007EBFE9ED0737FEEBFFF600,
2026-07-14T15:38:51.634381+00:00,59.394782,valid,2734,525,2866807309,13665,41,hex,CAM,0202aae0020d3561005a5811460e29efbf1ffffffc2246cd1e00000fc0007ebfe9ed0737feebfff600,0202AAE0020D3561005A5811460E29EFBF1FFFFFFC2246CD1E00000FC0007EBFE9ED0737FEEBFFF600,
2026-07-14T15:38:51.736368+00:00,59.496772,valid,2734,526,2866807310,13765,41,hex,CAM,0202aae0020e35c5005a5811460e29efbf1ffffffc2246cd1e00000fc0007ebfe9ed0737feebfff600,0202AAE0020E35C5005A5811460E29EFBF1FFFFFFC2246CD1E00000FC0007EBFE9ED0737FEEBFFF600,
2026-07-14T15:38:51.838463+00:00,59.598867,valid,2734,527,2866807311,13865,41,hex,CAM,0202aae0020f3629005a5811460e29efbf1ffffffc2246cd1e00000fc0007ebfe9ed0737feebfff600,0202AAE0020F3629005A5811460E29EFBF1FFFFFFC2246CD1E00000FC0007EBFE9ED0737FEEBFFF600,
2026-07-14T15:38:51.940448+00:00,59.700850,valid,2734,528,2866807312,13965,41,hex,CAM,0202aae00210368d005a5811460e29efbf1ffffffc2246cd1e00000fc0007ebfe9ed0737feebfff600,0202AAE00210368D005A5811460E29EFBF1FFFFFFC2246CD1E00000FC0007EBFE9ED0737FEEBFFF600,
2026-07-14T15:38:52.042343+00:00,59.802744,valid,2734,529,2866807313,14065,41,hex,CAM,0202aae0021136f1005a5811460e29efbf1ffffffc2246cd1e00000fc0007ebfe9ed0737feebfff600,0202AAE0021136F1005A5811460E29EFBF1FFFFFFC2246CD1E00000FC0007EBFE9ED0737FEEBFFF600,
2026-07-14T15:38:52.134324+00:00,59.894726,valid,2734,530,2866807314,14165,41,hex,CAM,0202aae002123755005a5811460e29efbf1ffffffc2246cd1e00000fc0007ebfe9ed0737feebfff600,0202AAE002123755005A5811460E29EFBF1FFFFFFC2246CD1E00000FC0007EBFE9ED0737FEEBFFF600,
2026-07-14T15:38:52.236324+00:00,59.996724,valid,2734,531,2866807315,14265,41,hex,CAM,0202aae0021337b9005a5811460e29efbf1ffffffc2246cd1e00000fc0007ebfe9ed0737feebfff600,0202AAE0021337B9005A5811460E29EFBF1FFFFFFC2246CD1E00000FC0007EBFE9ED0737FEEBFFF600,
2026-07-14T15:38:52.338395+00:00,60.098795,valid,2734,532,2866807316,14365,41,hex,CAM,0202aae00214381d005a5811460e29efbf1ffffffc2246cd1e00000fc0007ebfe9ed0737feebfff600,0202AAE00214381D005A5811460E29EFBF1FFFFFFC2246CD1E00000FC0007EBFE9ED0737FEEBFFF600,
2026-07-14T15:38:52.440365+00:00,60.200766,valid,2734,533,2866807317,14465,41,hex,CAM,0202aae002153881005a5811460e29efbf1ffffffc2246cd1e00000fc0007ebfe9ed0737feebfff600,0202AAE002153881005A5811460E29EFBF1FFFFFFC2246CD1E00000FC0007EBFE9ED0737FEEBFFF600,
2026-07-14T15:38:52.542393+00:00,60.302794,valid,2734,534,2866807318,14565,41,hex,CAM,0202aae0021638e5005a5811460e29efbf1ffffffc2246cd1e00000fc0007ebfe9ed0737feebfff600,0202AAE0021638E5005A5811460E29EFBF1FFFFFFC2246CD1E00000FC0007EBFE9ED0737FEEBFFF600,
2026-07-14T15:38:52.634439+00:00,60.394841,valid,2734,535,2866807319,14665,41,hex,CAM,0202aae002173949005a5811460e29efbf1ffffffc2246cd1e00000fc0007ebfe9ed0737feebfff600,0202AAE002173949005A5811460E29EFBF1FFFFFFC2246CD1E00000FC0007EBFE9ED0737FEEBFFF600,
2026-07-14T15:38:52.735419+00:00,60.495807,valid,2734,536,2866807320,14765,41,hex,CAM,0202aae0021839ad005a5811460e29efbf1ffffffc2246cd1e00000fc0007ebfe9ed0737feebfff600,0202AAE0021839AD005A5811460E29EFBF1FFFFFFC2246CD1E00000FC0007EBFE9ED0737FEEBFFF600,
2026-07-14T15:38:52.838435+00:00,60.598837,valid,2734,537,2866807321,14865,41,hex,CAM,0202aae002193a11005a5811460e29efbf1ffffffc2246cd1e00000fc0007ebfe9ed0737feebfff600,0202AAE002193A11005A5811460E29EFBF1FFFFFFC2246CD1E00000FC0007EBFE9ED0737FEEBFFF600,
2026-07-14T15:38:52.940448+00:00,60.700851,valid,2734,538,2866807322,14965,41,hex,CAM,0202aae0021a3a75005a5811460e29efbf1ffffffc2246cd1e00000fc0007ebfe9ed0737feebfff600,0202AAE0021A3A75005A5811460E29EFBF1FFFFFFC2246CD1E00000FC0007EBFE9ED0737FEEBFFF600,
2026-07-14T15:38:53.042395+00:00,60.802796,valid,2734,539,2866807323,15065,41,hex,CAM,0202aae0021b3ad9005a5811460e29efbf1ffffffc2246cd1e00000fc0007ebfe9ed0737feebfff600,0202AAE0021B3AD9005A5811460E29EFBF1FFFFFFC2246CD1E00000FC0007EBFE9ED0737FEEBFFF600,
2026-07-14T15:38:53.134378+00:00,60.894780,valid,2734,540,2866807324,15165,41,hex,CAM,0202aae0021c3b3d005a5811460e29efbf1ffffffc2246cd1e00000fc0007ebfe9ed0737feebfff600,0202AAE0021C3B3D005A5811460E29EFBF1FFFFFFC2246CD1E00000FC0007EBFE9ED0737FEEBFFF600,
2026-07-14T15:38:53.236365+00:00,60.996765,valid,2734,541,2866807325,15265,41,hex,CAM,0202aae0021d3ba1005a5811460e29efbf1ffffffc2246cd1e00000fc0007ebfe9ed0737feebfff600,0202AAE0021D3BA1005A5811460E29EFBF1FFFFFFC2246CD1E00000FC0007EBFE9ED0737FEEBFFF600,
2026-07-14T15:38:53.338387+00:00,61.098788,valid,2734,542,2866807326,15365,41,hex,CAM,0202aae0021e3c05005a5811460e29efbf1ffffffc2246cd1e00000fc0007ebfe9ed0737feebfff600,0202AAE0021E3C05005A5811460E29EFBF1FFFFFFC2246CD1E00000FC0007EBFE9ED0737FEEBFFF600,
2026-07-14T15:38:53.440367+00:00,61.200768,valid,2734,543,2866807327,15465,41,hex,CAM,0202aae0021f3c69005a5811460e29efbf1ffffffc2246cd1e00000fc0007ebfe9ed0737feebfff600,0202AAE0021F3C69005A5811460E29EFBF1FFFFFFC2246CD1E00000FC0007EBFE9ED0737FEEBFFF600,
2026-07-14T15:38:53.542368+00:00,61.302770,valid,2734,544,2866807328,15565,41,hex,CAM,0202aae002203ccd005a5811460e29efbf1ffffffc2246cd1e00000fc0007ebfe9ed0737feebfff600,0202AAE002203CCD005A5811460E29EFBF1FFFFFFC2246CD1E00000FC0007EBFE9ED0737FEEBFFF600,
2026-07-14T15:38:53.634326+00:00,61.394727,valid,2734,545,2866807329,15665,41,hex,CAM,0202aae002213d31005a5811460e29efbf1ffffffc2246cd1e00000fc0007ebfe9ed0737feebfff600,0202AAE002213D31005A5811460E29EFBF1FFFFFFC2246CD1E00000FC0007EBFE9ED0737FEEBFFF600,
2026-07-14T15:38:53.736298+00:00,61.496698,valid,2734,546,2866807330,15765,41,hex,CAM,0202aae002223d95005a5811460e29efbf1ffffffc2246cd1e00000fc0007ebfe9ed0737feebfff600,0202AAE002223D95005A5811460E29EFBF1FFFFFFC2246CD1E00000FC0007EBFE9ED0737FEEBFFF600,
2026-07-14T15:38:53.838361+00:00,61.598764,valid,2734,547,2866807331,15865,41,hex,CAM,0202aae002233df9005a5811460e29efbf1ffffffc2246cd1e00000fc0007ebfe9ed0737feebfff600,0202AAE002233DF9005A5811460E29EFBF1FFFFFFC2246CD1E00000FC0007EBFE9ED0737FEEBFFF600,
2026-07-14T15:38:53.940441+00:00,61.700848,valid,2734,548,2866807332,15965,41,hex,CAM,0202aae002243e5d005a5811460e29efbf1ffffffc2246cd1e00000fc0007ebfe9ed0737feebfff600,0202AAE002243E5D005A5811460E29EFBF1FFFFFFC2246CD1E00000FC0007EBFE9ED0737FEEBFFF600,
2026-07-14T15:38:54.042351+00:00,61.802753,valid,2734,549,2866807333,16065,41,hex,CAM,0202aae002253ec1005a5811460e29efbf1ffffffc2246cd1e00000fc0007ebfe9ed0737feebfff600,0202AAE002253EC1005A5811460E29EFBF1FFFFFFC2246CD1E00000FC0007EBFE9ED0737FEEBFFF600,
2026-07-14T15:38:54.134347+00:00,61.894749,valid,2734,550,2866807334,16165,41,hex,CAM,0202aae002263f25005a5811460e29efbf1ffffffc2246cd1e00000fc0007ebfe9ed0737feebfff600,0202AAE002263F25005A5811460E29EFBF1FFFFFFC2246CD1E00000FC0007EBFE9ED0737FEEBFFF600,
2026-07-14T15:38:54.236289+00:00,61.996691,valid,2734,551,2866807335,16265,41,hex,CAM,0202aae002273f89005a5811460e29efbf1ffffffc2246cd1e00000fc0007ebfe9ed0737feebfff600,0202AAE002273F89005A5811460E29EFBF1FFFFFFC2246CD1E00000FC0007EBFE9ED0737FEEBFFF600,
2026-07-14T15:38:54.338401+00:00,62.098801,valid,2734,552,2866807336,16365,41,hex,CAM,0202aae002283fed005a5811460e29efbf1ffffffc2246cd1e00000fc0007ebfe9ed0737feebfff600,0202AAE002283FED005A5811460E29EFBF1FFFFFFC2246CD1E00000FC0007EBFE9ED0737FEEBFFF600,
2026-07-14T15:38:54.440386+00:00,62.200786,valid,2734,553,2866807337,16465,41,hex,CAM,0202aae002294051005a5811460e29efbf1ffffffc2246cd1e00000fc0007ebfe9ed0737feebfff600,0202AAE002294051005A5811460E29EFBF1FFFFFFC2246CD1E00000FC0007EBFE9ED0737FEEBFFF600,
2026-07-14T15:38:54.542418+00:00,62.302819,valid,2734,554,2866807338,16565,41,hex,CAM,0202aae0022a40b5005a5811460e29efbf1ffffffc2246cd1e00000fc0007ebfe9ed0737feebfff600,0202AAE0022A40B5005A5811460E29EFBF1FFFFFFC2246CD1E00000FC0007EBFE9ED0737FEEBFFF600,
2026-07-14T15:38:54.634326+00:00,62.394726,valid,2734,555,2866807339,16665,41,hex,CAM,0202aae0022b4119005a5811460e29efbf1ffffffc2246cd1e00000fc0007ebfe9ed0737feebfff600,0202AAE0022B4119005A5811460E29EFBF1FFFFFFC2246CD1E00000FC0007EBFE9ED0737FEEBFFF600,
2026-07-14T15:38:54.736368+00:00,62.496770,valid,2734,556,2866807340,16765,41,hex,CAM,0202aae0022c417d005a5811460e29efbf1ffffffc2246cd1e00000fc0007ebfe9ed0737feebfff600,0202AAE0022C417D005A5811460E29EFBF1FFFFFFC2246CD1E00000FC0007EBFE9ED0737FEEBFFF600,
2026-07-14T15:38:54.838447+00:00,62.598850,valid,2734,557,2866807341,16865,41,hex,CAM,0202aae0022d41e1005a5811460e29efbf1ffffffc2246cd1e00000fc0007ebfe9ed0737feebfff600,0202AAE0022D41E1005A5811460E29EFBF1FFFFFFC2246CD1E00000FC0007EBFE9ED0737FEEBFFF600,
2026-07-14T15:38:54.940480+00:00,62.700883,valid,2734,558,2866807342,16965,41,hex,CAM,0202aae0022e4245005a5811460e29efbf1ffffffc2246cd1e00000fc0007ebfe9ed0737feebfff600,0202AAE0022E4245005A5811460E29EFBF1FFFFFFC2246CD1E00000FC0007EBFE9ED0737FEEBFFF600,
2026-07-14T15:38:55.042519+00:00,62.802920,valid,2734,559,2866807343,17065,41,hex,CAM,0202aae0022f42a9005a5811460e29efbf1ffffffc2246cd1e00000fc0007ebfe9ed0737feebfff600,0202AAE0022F42A9005A5811460E29EFBF1FFFFFFC2246CD1E00000FC0007EBFE9ED0737FEEBFFF600,
2026-07-14T15:38:55.134527+00:00,62.894932,valid,2734,560,2866807344,17165,41,hex,CAM,0202aae00230430d005a5811460e29efbf1ffffffc2246cd1e00000fc0007ebfe9ed0737feebfff600,0202AAE00230430D005A5811460E29EFBF1FFFFFFC2246CD1E00000FC0007EBFE9ED0737FEEBFFF600,
2026-07-14T15:38:55.236381+00:00,62.996781,valid,2734,561,2866807345,17265,41,hex,CAM,0202aae002314371005a5811460e29efbf1ffffffc2246cd1e00000fc0007ebfe9ed0737feebfff600,0202AAE002314371005A5811460E29EFBF1FFFFFFC2246CD1E00000FC0007EBFE9ED0737FEEBFFF600,
2026-07-14T15:38:55.338561+00:00,63.098963,valid,2734,562,2866807346,17365,41,hex,CAM,0202aae0023243d5005a5811460e29efbf1ffffffc2246cd1e00000fc0007ebfe9ed0737feebfff600,0202AAE0023243D5005A5811460E29EFBF1FFFFFFC2246CD1E00000FC0007EBFE9ED0737FEEBFFF600,
2026-07-14T15:38:55.440276+00:00,63.200679,valid,2734,563,2866807347,17465,41,hex,CAM,0202aae002334439005a5811460e29efbf1ffffffc2246cd1e00000fc0007ebfe9ed0737feebfff600,0202AAE002334439005A5811460E29EFBF1FFFFFFC2246CD1E00000FC0007EBFE9ED0737FEEBFFF600,
2026-07-14T15:38:55.542350+00:00,63.302752,valid,2734,564,2866807348,17565,41,hex,CAM,0202aae00234449d005a5811460e29efbf1ffffffc2246cd1e00000fc0007ebfe9ed0737feebfff600,0202AAE00234449D005A5811460E29EFBF1FFFFFFC2246CD1E00000FC0007EBFE9ED0737FEEBFFF600,
2026-07-14T15:38:55.634345+00:00,63.394748,valid,2734,565,2866807349,17665,41,hex,CAM,0202aae002354501005a5811460e29efbf1ffffffc2246cd1e00000fc0007ebfe9ed0737feebfff600,0202AAE002354501005A5811460E29EFBF1FFFFFFC2246CD1E00000FC0007EBFE9ED0737FEEBFFF600,
2026-07-14T15:38:55.736340+00:00,63.496742,valid,2734,566,2866807350,17765,41,hex,CAM,0202aae002364565005a5811460e29efbf1ffffffc2246cd1e00000fc0007ebfe9ed0737feebfff600,0202AAE002364565005A5811460E29EFBF1FFFFFFC2246CD1E00000FC0007EBFE9ED0737FEEBFFF600,
2026-07-14T15:38:55.838356+00:00,63.598758,valid,2734,567,2866807351,17865,41,hex,CAM,0202aae0023745c9005a5811460e29efbf1ffffffc2246cd1e00000fc0007ebfe9ed0737feebfff600,0202AAE0023745C9005A5811460E29EFBF1FFFFFFC2246CD1E00000FC0007EBFE9ED0737FEEBFFF600,
2026-07-14T15:38:55.940393+00:00,63.700799,valid,2734,568,2866807352,17965,41,hex,CAM,0202aae00238462d005a5811460e29efbf1ffffffc2246cd1e00000fc0007ebfe9ed0737feebfff600,0202AAE00238462D005A5811460E29EFBF1FFFFFFC2246CD1E00000FC0007EBFE9ED0737FEEBFFF600,
2026-07-14T15:38:56.042443+00:00,63.802845,valid,2734,569,2866807353,18065,41,hex,CAM,0202aae002394691005a5811460e29efbf1ffffffc2246cd1e00000fc0007ebfe9ed0737feebfff600,0202AAE002394691005A5811460E29EFBF1FFFFFFC2246CD1E00000FC0007EBFE9ED0737FEEBFFF600,
2026-07-14T15:38:56.134393+00:00,63.894794,valid,2734,570,2866807354,18165,41,hex,CAM,0202aae0023a46f5005a5811460e29efbf1ffffffc2246cd1e00000fc0007ebfe9ed0737feebfff600,0202AAE0023A46F5005A5811460E29EFBF1FFFFFFC2246CD1E00000FC0007EBFE9ED0737FEEBFFF600,
2026-07-14T15:38:56.236405+00:00,63.996806,valid,2734,571,2866807355,18265,41,hex,CAM,0202aae0023b4759005a5811460e29efbf1ffffffc2246cd1e00000fc0007ebfe9ed0737feebfff600,0202AAE0023B4759005A5811460E29EFBF1FFFFFFC2246CD1E00000FC0007EBFE9ED0737FEEBFFF600,
2026-07-14T15:38:56.338524+00:00,64.098928,valid,2734,572,2866807356,18365,41,hex,CAM,0202aae0023c47bd005a5811460e29efbf1ffffffc2246cd1e00000fc0007ebfe9ed0737feebfff600,0202AAE0023C47BD005A5811460E29EFBF1FFFFFFC2246CD1E00000FC0007EBFE9ED0737FEEBFFF600,
2026-07-14T15:38:56.440456+00:00,64.200857,valid,2734,573,2866807357,18465,41,hex,CAM,0202aae0023d4821005a5811460e29efbf1ffffffc2246cd1e00000fc0007ebfe9ed0737feebfff600,0202AAE0023D4821005A5811460E29EFBF1FFFFFFC2246CD1E00000FC0007EBFE9ED0737FEEBFFF600,
2026-07-14T15:38:56.542512+00:00,64.302913,valid,2734,574,2866807358,18565,41,hex,CAM,0202aae0023e4885005a5811460e29efbf1ffffffc2246cd1e00000fc0007ebfe9ed0737feebfff600,0202AAE0023E4885005A5811460E29EFBF1FFFFFFC2246CD1E00000FC0007EBFE9ED0737FEEBFFF600,
2026-07-14T15:38:56.634486+00:00,64.394886,valid,2734,575,2866807359,18665,41,hex,CAM,0202aae0023f48e9005a5811460e29efbf1ffffffc2246cd1e00000fc0007ebfe9ed0737feebfff600,0202AAE0023F48E9005A5811460E29EFBF1FFFFFFC2246CD1E00000FC0007EBFE9ED0737FEEBFFF600,
2026-07-14T15:38:56.736529+00:00,64.496931,valid,2734,576,2866807360,18765,41,hex,CAM,0202aae00240494d005a5811460e29efbf1ffffffc2246cd1e00000fc0007ebfe9ed0737feebfff600,0202AAE00240494D005A5811460E29EFBF1FFFFFFC2246CD1E00000FC0007EBFE9ED0737FEEBFFF600,
2026-07-14T15:38:56.838477+00:00,64.598878,valid,2734,577,2866807361,18865,41,hex,CAM,0202aae0024149b1005a5811460e29efbf1ffffffc2246cd1e00000fc0007ebfe9ed0737feebfff600,0202AAE0024149B1005A5811460E29EFBF1FFFFFFC2246CD1E00000FC0007EBFE9ED0737FEEBFFF600,
2026-07-14T15:38:56.940375+00:00,64.700779,valid,2734,578,2866807362,18965,41,hex,CAM,0202aae002424a15005a5811460e29efbf1ffffffc2246cd1e00000fc0007ebfe9ed0737feebfff600,0202AAE002424A15005A5811460E29EFBF1FFFFFFC2246CD1E00000FC0007EBFE9ED0737FEEBFFF600,
2026-07-14T15:38:57.042401+00:00,64.802804,valid,2734,579,2866807363,19065,41,hex,CAM,0202aae002434a79005a5811460e29efbf1ffffffc2246cd1e00000fc0007ebfe9ed0737feebfff600,0202AAE002434A79005A5811460E29EFBF1FFFFFFC2246CD1E00000FC0007EBFE9ED0737FEEBFFF600,
2026-07-14T15:38:57.134441+00:00,64.894850,valid,2734,580,2866807364,19165,41,hex,CAM,0202aae002444add005a5811460e29efbf1ffffffc2246cd1e00000fc0007ebfe9ed0737feebfff600,0202AAE002444ADD005A5811460E29EFBF1FFFFFFC2246CD1E00000FC0007EBFE9ED0737FEEBFFF600,
2026-07-14T15:38:57.236368+00:00,64.996770,valid,2734,581,2866807365,19265,41,hex,CAM,0202aae002454b41005a5811460e29efbf1ffffffc2246cd1e00000fc0007ebfe9ed0737feebfff600,0202AAE002454B41005A5811460E29EFBF1FFFFFFC2246CD1E00000FC0007EBFE9ED0737FEEBFFF600,
2026-07-14T15:38:57.338187+00:00,65.098584,valid,2734,582,2866807366,19365,41,hex,CAM,0202aae002464ba5005a5811460e29efbf1ffffffc2246cd1e00000fc0007ebfe9ed0737feebfff600,0202AAE002464BA5005A5811460E29EFBF1FFFFFFC2246CD1E00000FC0007EBFE9ED0737FEEBFFF600,
2026-07-14T15:38:57.440350+00:00,65.200752,valid,2734,583,2866807367,19465,41,hex,CAM,0202aae002474c09005a5811460e29efbf1ffffffc2246cd1e00000fc0007ebfe9ed0737feebfff600,0202AAE002474C09005A5811460E29EFBF1FFFFFFC2246CD1E00000FC0007EBFE9ED0737FEEBFFF600,
2026-07-14T15:38:57.542396+00:00,65.302796,valid,2734,584,2866807368,19565,41,hex,CAM,0202aae002484c6d005a5811460e29efbf1ffffffc2246cd1e00000fc0007ebfe9ed0737feebfff600,0202AAE002484C6D005A5811460E29EFBF1FFFFFFC2246CD1E00000FC0007EBFE9ED0737FEEBFFF600,
2026-07-14T15:38:57.634416+00:00,65.394820,valid,2734,585,2866807369,19665,41,hex,CAM,0202aae002494cd1005a5811460e29efbf1ffffffc2246cd1e00000fc0007ebfe9ed0737feebfff600,0202AAE002494CD1005A5811460E29EFBF1FFFFFFC2246CD1E00000FC0007EBFE9ED0737FEEBFFF600,
2026-07-14T15:38:57.736486+00:00,65.496889,valid,2734,586,2866807370,19765,41,hex,CAM,0202aae0024a4d35005a5811460e29efbf1ffffffc2246cd1e00000fc0007ebfe9ed0737feebfff600,0202AAE0024A4D35005A5811460E29EFBF1FFFFFFC2246CD1E00000FC0007EBFE9ED0737FEEBFFF600,
2026-07-14T15:38:57.838452+00:00,65.598850,valid,2734,587,2866807371,19865,41,hex,CAM,0202aae0024b4d99005a5811460e29efbf1ffffffc2246cd1e00000fc0007ebfe9ed0737feebfff600,0202AAE0024B4D99005A5811460E29EFBF1FFFFFFC2246CD1E00000FC0007EBFE9ED0737FEEBFFF600,
2026-07-14T15:38:57.940441+00:00,65.700846,valid,2734,588,2866807372,19965,41,hex,CAM,0202aae0024c4dfd005a5811460e29efbf1ffffffc2246cd1e00000fc0007ebfe9ed0737feebfff600,0202AAE0024C4DFD005A5811460E29EFBF1FFFFFFC2246CD1E00000FC0007EBFE9ED0737FEEBFFF600,
2026-07-14T15:38:58.042448+00:00,65.802859,valid,2734,589,2866807373,20065,41,hex,CAM,0202aae0024d4e61005a5811460e29efbf1ffffffc2246cd1e00000fc0007ebfe9ed0737feebfff600,0202AAE0024D4E61005A5811460E29EFBF1FFFFFFC2246CD1E00000FC0007EBFE9ED0737FEEBFFF600,
2026-07-14T15:38:58.134404+00:00,65.894806,valid,2734,590,2866807374,20165,41,hex,CAM,0202aae0024e4ec5005a5811460e29efbf1ffffffc2246cd1e00000fc0007ebfe9ed0737feebfff600,0202AAE0024E4EC5005A5811460E29EFBF1FFFFFFC2246CD1E00000FC0007EBFE9ED0737FEEBFFF600,
2026-07-14T15:38:58.236327+00:00,65.996727,valid,2734,591,2866807375,20265,41,hex,CAM,0202aae0024f4f29005a5811460e29efbf1ffffffc2246cd1e00000fc0007ebfe9ed0737feebfff600,0202AAE0024F4F29005A5811460E29EFBF1FFFFFFC2246CD1E00000FC0007EBFE9ED0737FEEBFFF600,
2026-07-14T15:38:58.338448+00:00,66.098850,valid,2734,592,2866807376,20365,41,hex,CAM,0202aae002504f8d005a5811460e29efbf1ffffffc2246cd1e00000fc0007ebfe9ed0737feebfff600,0202AAE002504F8D005A5811460E29EFBF1FFFFFFC2246CD1E00000FC0007EBFE9ED0737FEEBFFF600,
2026-07-14T15:38:58.440417+00:00,66.200818,valid,2734,593,2866807377,20465,41,hex,CAM,0202aae002514ff1005a5811460e29efbf1ffffffc2246cd1e00000fc0007ebfe9ed0737feebfff600,0202AAE002514FF1005A5811460E29EFBF1FFFFFFC2246CD1E00000FC0007EBFE9ED0737FEEBFFF600,
2026-07-14T15:38:58.542443+00:00,66.302844,valid,2734,594,2866807378,20565,41,hex,CAM,0202aae002525055005a5811460e29efbf1ffffffc2246cd1e00000fc0007ebfe9ed0737feebfff600,0202AAE002525055005A5811460E29EFBF1FFFFFFC2246CD1E00000FC0007EBFE9ED0737FEEBFFF600,
2026-07-14T15:38:58.634445+00:00,66.394845,valid,2734,595,2866807379,20665,41,hex,CAM,0202aae0025350b9005a5811460e29efbf1ffffffc2246cd1e00000fc0007ebfe9ed0737feebfff600,0202AAE0025350B9005A5811460E29EFBF1FFFFFFC2246CD1E00000FC0007EBFE9ED0737FEEBFFF600,
2026-07-14T15:38:58.736380+00:00,66.496781,valid,2734,596,2866807380,20765,41,hex,CAM,0202aae00254511d005a5811460e29efbf1ffffffc2246cd1e00000fc0007ebfe9ed0737feebfff600,0202AAE00254511D005A5811460E29EFBF1FFFFFFC2246CD1E00000FC0007EBFE9ED0737FEEBFFF600,
2026-07-14T15:38:58.838408+00:00,66.598809,valid,2734,597,2866807381,20865,41,hex,CAM,0202aae002555181005a5811460e29efbf1ffffffc2246cd1e00000fc0007ebfe9ed0737feebfff600,0202AAE002555181005A5811460E29EFBF1FFFFFFC2246CD1E00000FC0007EBFE9ED0737FEEBFFF600,
2026-07-14T15:38:58.940615+00:00,66.701026,valid,2734,598,2866807382,20965,41,hex,CAM,0202aae0025651e5005a5811460e29efbf1ffffffc2246cd1e00000fc0007ebfe9ed0737feebfff600,0202AAE0025651E5005A5811460E29EFBF1FFFFFFC2246CD1E00000FC0007EBFE9ED0737FEEBFFF600,
2026-07-14T15:38:59.042372+00:00,66.802776,valid,2734,599,2866807383,21065,41,hex,CAM,0202aae002575249005a5811460e29efbf1ffffffc2246cd1e00000fc0007ebfe9ed0737feebfff600,0202AAE002575249005A5811460E29EFBF1FFFFFFC2246CD1E00000FC0007EBFE9ED0737FEEBFFF600,
2026-07-14T15:38:59.134473+00:00,66.894882,valid,2734,600,2866807384,21165,41,hex,CAM,0202aae0025852ad005a5811460e29efbf1ffffffc2246cd1e00000fc0007ebfe9ed0737feebfff600,0202AAE0025852AD005A5811460E29EFBF1FFFFFFC2246CD1E00000FC0007EBFE9ED0737FEEBFFF600,
2026-07-14T15:38:59.236398+00:00,66.996801,valid,2734,601,2866807385,21265,41,hex,CAM,0202aae002595311005a5811460e29efbf1ffffffc2246cd1e00000fc0007ebfe9ed0737feebfff600,0202AAE002595311005A5811460E29EFBF1FFFFFFC2246CD1E00000FC0007EBFE9ED0737FEEBFFF600,
2026-07-14T15:38:59.338435+00:00,67.098839,valid,2734,602,2866807386,21365,41,hex,CAM,0202aae0025a5375005a5811460e29efbf1ffffffc2246cd1e00000fc0007ebfe9ed0737feebfff600,0202AAE0025A5375005A5811460E29EFBF1FFFFFFC2246CD1E00000FC0007EBFE9ED0737FEEBFFF600,
2026-07-14T15:38:59.440363+00:00,67.200766,valid,2734,603,2866807387,21465,41,hex,CAM,0202aae0025b53d9005a5811460e29efbf1ffffffc2246cd1e00000fc0007ebfe9ed0737feebfff600,0202AAE0025B53D9005A5811460E29EFBF1FFFFFFC2246CD1E00000FC0007EBFE9ED0737FEEBFFF600,
2026-07-14T15:38:59.542519+00:00,67.302926,valid,2734,604,2866807388,21565,41,hex,CAM,0202aae0025c543d005a5811460e29efbf1ffffffc2246cd1e00000fc0007ebfe9ed0737feebfff600,0202AAE0025C543D005A5811460E29EFBF1FFFFFFC2246CD1E00000FC0007EBFE9ED0737FEEBFFF600,
2026-07-14T15:38:59.634199+00:00,67.394601,valid,2734,605,2866807389,21665,41,hex,CAM,0202aae0025d54a1005a5811460e29efbf1ffffffc2246cd1e00000fc0007ebfe9ed0737feebfff600,0202AAE0025D54A1005A5811460E29EFBF1FFFFFFC2246CD1E00000FC0007EBFE9ED0737FEEBFFF600,
2026-07-14T15:38:59.736097+00:00,67.496499,valid,2734,606,2866807390,21765,41,hex,CAM,0202aae0025e5505005a5811460e29efbf1ffffffc2246cd1e00000fc0007ebfe9ed0737feebfff600,0202AAE0025E5505005A5811460E29EFBF1FFFFFFC2246CD1E00000FC0007EBFE9ED0737FEEBFFF600,
2026-07-14T15:38:59.838520+00:00,67.598925,valid,2734,607,2866807391,21865,41,hex,CAM,0202aae0025f5569005a5811460e29efbf1ffffffc2246cd1e00000fc0007ebfe9ed0737feebfff600,0202AAE0025F5569005A5811460E29EFBF1FFFFFFC2246CD1E00000FC0007EBFE9ED0737FEEBFFF600,
2026-07-14T15:38:59.940470+00:00,67.700875,valid,2734,608,2866807392,21965,41,hex,CAM,0202aae0026055cd005a5811460e29efbf1ffffffc2246cd1e00000fc0007ebfe9ed0737feebfff600,0202AAE0026055CD005A5811460E29EFBF1FFFFFFC2246CD1E00000FC0007EBFE9ED0737FEEBFFF600,
2026-07-14T15:39:00.042292+00:00,67.802695,valid,2734,609,2866807393,22065,41,hex,CAM,0202aae002615631005a5811460e29efbf1ffffffc2246cd1e00000fc0007ebfe9ed0737feebfff600,0202AAE002615631005A5811460E29EFBF1FFFFFFC2246CD1E00000FC0007EBFE9ED0737FEEBFFF600,
2026-07-14T15:39:00.134500+00:00,67.894905,valid,2734,610,2866807394,22165,41,hex,CAM,0202aae002625695005a5811460e29efbf1ffffffc2246cd1e00000fc0007ebfe9ed0737feebfff600,0202AAE002625695005A5811460E29EFBF1FFFFFFC2246CD1E00000FC0007EBFE9ED0737FEEBFFF600,
2026-07-14T15:39:00.236475+00:00,67.996875,valid,2734,611,2866807395,22265,41,hex,CAM,0202aae0026356f9005a5811460e29efbf1ffffffc2246cd1e00000fc0007ebfe9ed0737feebfff600,0202AAE0026356F9005A5811460E29EFBF1FFFFFFC2246CD1E00000FC0007EBFE9ED0737FEEBFFF600,
2026-07-14T15:39:00.338488+00:00,68.098889,valid,2734,612,2866807396,22365,41,hex,CAM,0202aae00264575d005a5811460e29efbf1ffffffc2246cd1e00000fc0007ebfe9ed0737feebfff600,0202AAE00264575D005A5811460E29EFBF1FFFFFFC2246CD1E00000FC0007EBFE9ED0737FEEBFFF600,
2026-07-14T15:39:00.440483+00:00,68.200885,valid,2734,613,2866807397,22465,41,hex,CAM,0202aae0026557c1005a5811460e29efbf1ffffffc2246cd1e00000fc0007ebfe9ed0737feebfff600,0202AAE0026557C1005A5811460E29EFBF1FFFFFFC2246CD1E00000FC0007EBFE9ED0737FEEBFFF600,
2026-07-14T15:39:00.542447+00:00,68.302851,valid,2734,614,2866807398,22565,41,hex,CAM,0202aae002665825005a5811460e29efbf1ffffffc2246cd1e00000fc0007ebfe9ed0737feebfff600,0202AAE002665825005A5811460E29EFBF1FFFFFFC2246CD1E00000FC0007EBFE9ED0737FEEBFFF600,
2026-07-14T15:39:00.634487+00:00,68.394893,valid,2734,615,2866807399,22665,41,hex,CAM,0202aae002675889005a5811460e29efbf1ffffffc2246cd1e00000fc0007ebfe9ed0737feebfff600,0202AAE002675889005A5811460E29EFBF1FFFFFFC2246CD1E00000FC0007EBFE9ED0737FEEBFFF600,
2026-07-14T15:39:00.736564+00:00,68.496967,valid,2734,616,2866807400,22765,41,hex,CAM,0202aae0026858ed005a5811460e29efbf1ffffffc2246cd1e00000fc0007ebfe9ed0737feebfff600,0202AAE0026858ED005A5811460E29EFBF1FFFFFFC2246CD1E00000FC0007EBFE9ED0737FEEBFFF600,
2026-07-14T15:39:00.838468+00:00,68.598872,valid,2734,617,2866807401,22865,41,hex,CAM,0202aae002695951005a5811460e29efbf1ffffffc2246cd1e00000fc0007ebfe9ed0737feebfff600,0202AAE002695951005A5811460E29EFBF1FFFFFFC2246CD1E00000FC0007EBFE9ED0737FEEBFFF600,
2026-07-14T15:39:00.940481+00:00,68.700884,valid,2734,618,2866807402,22965,41,hex,CAM,0202aae0026a59b5005a5811460e29efbf1ffffffc2246cd1e00000fc0007ebfe9ed0737feebfff600,0202AAE0026A59B5005A5811460E29EFBF1FFFFFFC2246CD1E00000FC0007EBFE9ED0737FEEBFFF600,
2026-07-14T15:39:01.042446+00:00,68.802852,valid,2734,619,2866807403,23065,41,hex,CAM,0202aae0026b5a19005a5811460e29efbf1ffffffc2246cd1e00000fc0007ebfe9ed0737feebfff600,0202AAE0026B5A19005A5811460E29EFBF1FFFFFFC2246CD1E00000FC0007EBFE9ED0737FEEBFFF600,
2026-07-14T15:39:01.134450+00:00,68.894855,valid,2734,620,2866807404,23165,41,hex,CAM,0202aae0026c5a7d005a5811460e29efbf1ffffffc2246cd1e00000fc0007ebfe9ed0737feebfff600,0202AAE0026C5A7D005A5811460E29EFBF1FFFFFFC2246CD1E00000FC0007EBFE9ED0737FEEBFFF600,
2026-07-14T15:39:01.236566+00:00,68.996970,valid,2734,621,2866807405,23265,41,hex,CAM,0202aae0026d5ae1005a5811460e29efbf1ffffffc2246cd1e00000fc0007ebfe9ed0737feebfff600,0202AAE0026D5AE1005A5811460E29EFBF1FFFFFFC2246CD1E00000FC0007EBFE9ED0737FEEBFFF600,
2026-07-14T15:39:01.338437+00:00,69.098839,valid,2734,622,2866807406,23365,41,hex,CAM,0202aae0026e5b45005a5811460e29efbf1ffffffc2246cd1e00000fc0007ebfe9ed0737feebfff600,0202AAE0026E5B45005A5811460E29EFBF1FFFFFFC2246CD1E00000FC0007EBFE9ED0737FEEBFFF600,
2026-07-14T15:39:01.440375+00:00,69.200774,valid,2734,623,2866807407,23465,41,hex,CAM,0202aae0026f5ba9005a5811460e29efbf1ffffffc2246cd1e00000fc0007ebfe9ed0737feebfff600,0202AAE0026F5BA9005A5811460E29EFBF1FFFFFFC2246CD1E00000FC0007EBFE9ED0737FEEBFFF600,
2026-07-14T15:39:01.542337+00:00,69.302735,valid,2734,624,2866807408,23565,41,hex,CAM,0202aae002705c0d005a5811460e29efbf1ffffffc2246cd1e00000fc0007ebfe9ed0737feebfff600,0202AAE002705C0D005A5811460E29EFBF1FFFFFFC2246CD1E00000FC0007EBFE9ED0737FEEBFFF600,
2026-07-14T15:39:01.634465+00:00,69.394867,valid,2734,625,2866807409,23665,41,hex,CAM,0202aae002715c71005a5811460e29efbf1ffffffc2246cd1e00000fc0007ebfe9ed0737feebfff600,0202AAE002715C71005A5811460E29EFBF1FFFFFFC2246CD1E00000FC0007EBFE9ED0737FEEBFFF600,
2026-07-14T15:39:01.736455+00:00,69.496858,valid,2734,626,2866807410,23765,41,hex,CAM,0202aae002725cd5005a5811460e29efbf1ffffffc2246cd1e00000fc0007ebfe9ed0737feebfff600,0202AAE002725CD5005A5811460E29EFBF1FFFFFFC2246CD1E00000FC0007EBFE9ED0737FEEBFFF600,
2026-07-14T15:39:01.838320+00:00,69.598719,valid,2734,627,2866807411,23865,41,hex,CAM,0202aae002735d39005a5811460e29efbf1ffffffc2246cd1e00000fc0007ebfe9ed0737feebfff600,0202AAE002735D39005A5811460E29EFBF1FFFFFFC2246CD1E00000FC0007EBFE9ED0737FEEBFFF600,
2026-07-14T15:39:01.940504+00:00,69.700907,valid,2734,628,2866807412,23965,41,hex,CAM,0202aae002745d9d005a5811460e29efbf1ffffffc2246cd1e00000fc0007ebfe9ed0737feebfff600,0202AAE002745D9D005A5811460E29EFBF1FFFFFFC2246CD1E00000FC0007EBFE9ED0737FEEBFFF600,
2026-07-14T15:39:02.042455+00:00,69.802858,valid,2734,629,2866807413,24065,41,hex,CAM,0202aae002755e01005a5811460e29efbf1ffffffc2246cd1e00000fc0007ebfe9ed0737feebfff600,0202AAE002755E01005A5811460E29EFBF1FFFFFFC2246CD1E00000FC0007EBFE9ED0737FEEBFFF600,
2026-07-14T15:39:02.134497+00:00,69.894901,valid,2734,630,2866807414,24165,41,hex,CAM,0202aae002765e65005a5811460e29efbf1ffffffc2246cd1e00000fc0007ebfe9ed0737feebfff600,0202AAE002765E65005A5811460E29EFBF1FFFFFFC2246CD1E00000FC0007EBFE9ED0737FEEBFFF600,
2026-07-14T15:39:02.236531+00:00,69.996934,valid,2734,631,2866807415,24265,41,hex,CAM,0202aae002775ec9005a5811460e29efbf1ffffffc2246cd1e00000fc0007ebfe9ed0737feebfff600,0202AAE002775EC9005A5811460E29EFBF1FFFFFFC2246CD1E00000FC0007EBFE9ED0737FEEBFFF600,
2026-07-14T15:39:02.338443+00:00,70.098852,valid,2734,632,2866807416,24365,41,hex,CAM,0202aae002785f2d005a5811460e29efbf1ffffffc2246cd1e00000fc0007ebfe9ed0737feebfff600,0202AAE002785F2D005A5811460E29EFBF1FFFFFFC2246CD1E00000FC0007EBFE9ED0737FEEBFFF600,
2026-07-14T15:39:02.440482+00:00,70.200883,valid,2734,633,2866807417,24465,41,hex,CAM,0202aae002795f91005a5811460e29efbf1ffffffc2246cd1e00000fc0007ebfe9ed0737feebfff600,0202AAE002795F91005A5811460E29EFBF1FFFFFFC2246CD1E00000FC0007EBFE9ED0737FEEBFFF600,
2026-07-14T15:39:02.542349+00:00,70.302751,valid,2734,634,2866807418,24565,41,hex,CAM,0202aae0027a5ff5005a5811460e29efbf1ffffffc2246cd1e00000fc0007ebfe9ed0737feebfff600,0202AAE0027A5FF5005A5811460E29EFBF1FFFFFFC2246CD1E00000FC0007EBFE9ED0737FEEBFFF600,
2026-07-14T15:39:02.634385+00:00,70.394786,valid,2734,635,2866807419,24665,41,hex,CAM,0202aae0027b6059005a5811460e29efbf1ffffffc2246cd1e00000fc0007ebfe9ed0737feebfff600,0202AAE0027B6059005A5811460E29EFBF1FFFFFFC2246CD1E00000FC0007EBFE9ED0737FEEBFFF600,
2026-07-14T15:39:02.736371+00:00,70.496771,valid,2734,636,2866807420,24765,41,hex,CAM,0202aae0027c60bd005a5811460e29efbf1ffffffc2246cd1e00000fc0007ebfe9ed0737feebfff600,0202AAE0027C60BD005A5811460E29EFBF1FFFFFFC2246CD1E00000FC0007EBFE9ED0737FEEBFFF600,
2026-07-14T15:39:02.838419+00:00,70.598821,valid,2734,637,2866807421,24865,41,hex,CAM,0202aae0027d6121005a5811460e29efbf1ffffffc2246cd1e00000fc0007ebfe9ed0737feebfff600,0202AAE0027D6121005A5811460E29EFBF1FFFFFFC2246CD1E00000FC0007EBFE9ED0737FEEBFFF600,
2026-07-14T15:39:02.940542+00:00,70.700946,valid,2734,638,2866807422,24965,41,hex,CAM,0202aae0027e6185005a5811460e29efbf1ffffffc2246cd1e00000fc0007ebfe9ed0737feebfff600,0202AAE0027E6185005A5811460E29EFBF1FFFFFFC2246CD1E00000FC0007EBFE9ED0737FEEBFFF600,
2026-07-14T15:39:03.042412+00:00,70.802814,valid,2734,639,2866807423,25065,41,hex,CAM,0202aae0027f61e9005a5811460e29efbf1ffffffc2246cd1e00000fc0007ebfe9ed0737feebfff600,0202AAE0027F61E9005A5811460E29EFBF1FFFFFFC2246CD1E00000FC0007EBFE9ED0737FEEBFFF600,
2026-07-14T15:39:03.134513+00:00,70.894916,valid,2734,640,2866807424,25165,41,hex,CAM,0202aae00280624d005a5811460e29efbf1ffffffc2246cd1e00000fc0007ebfe9ed0737feebfff600,0202AAE00280624D005A5811460E29EFBF1FFFFFFC2246CD1E00000FC0007EBFE9ED0737FEEBFFF600,
2026-07-14T15:39:03.236401+00:00,70.996805,valid,2734,641,2866807425,25265,41,hex,CAM,0202aae0028162b1005a5811460e29efbf1ffffffc2246cd1e00000fc0007ebfe9ed0737feebfff600,0202AAE0028162B1005A5811460E29EFBF1FFFFFFC2246CD1E00000FC0007EBFE9ED0737FEEBFFF600,
2026-07-14T15:39:03.338536+00:00,71.098938,valid,2734,642,2866807426,25365,41,hex,CAM,0202aae002826315005a5811460e29efbf1ffffffc2246cd1e00000fc0007ebfe9ed0737feebfff600,0202AAE002826315005A5811460E29EFBF1FFFFFFC2246CD1E00000FC0007EBFE9ED0737FEEBFFF600,
2026-07-14T15:39:03.440615+00:00,71.201033,valid,2734,643,2866807427,25465,41,hex,CAM,0202aae002836379005a5811460e29efbf1ffffffc2246cd1e00000fc0007ebfe9ed0737feebfff600,0202AAE002836379005A5811460E29EFBF1FFFFFFC2246CD1E00000FC0007EBFE9ED0737FEEBFFF600,
2026-07-14T15:39:03.542427+00:00,71.302829,valid,2734,644,2866807428,25565,41,hex,CAM,0202aae0028463dd005a5811460e29efbf1ffffffc2246cd1e00000fc0007ebfe9ed0737feebfff600,0202AAE0028463DD005A5811460E29EFBF1FFFFFFC2246CD1E00000FC0007EBFE9ED0737FEEBFFF600,
2026-07-14T15:39:03.634415+00:00,71.394817,valid,2734,645,2866807429,25665,41,hex,CAM,0202aae002856441005a5811460e29efbf1ffffffc2246cd1e00000fc0007ebfe9ed0737feebfff600,0202AAE002856441005A5811460E29EFBF1FFFFFFC2246CD1E00000FC0007EBFE9ED0737FEEBFFF600,
2026-07-14T15:39:03.736540+00:00,71.496941,valid,2734,646,2866807430,25765,41,hex,CAM,0202aae0028664a5005a5811460e29efbf1ffffffc2246cd1e00000fc0007ebfe9ed0737feebfff600,0202AAE0028664A5005A5811460E29EFBF1FFFFFFC2246CD1E00000FC0007EBFE9ED0737FEEBFFF600,
2026-07-14T15:39:03.838465+00:00,71.598867,valid,2734,647,2866807431,25865,41,hex,CAM,0202aae002876509005a5811460e29efbf1ffffffc2246cd1e00000fc0007ebfe9ed0737feebfff600,0202AAE002876509005A5811460E29EFBF1FFFFFFC2246CD1E00000FC0007EBFE9ED0737FEEBFFF600,
2026-07-14T15:39:03.940411+00:00,71.700814,valid,2734,648,2866807432,25965,41,hex,CAM,0202aae00288656d005a5811460e29efbf1ffffffc2246cd1e00000fc0007ebfe9ed0737feebfff600,0202AAE00288656D005A5811460E29EFBF1FFFFFFC2246CD1E00000FC0007EBFE9ED0737FEEBFFF600,
2026-07-14T15:39:04.042483+00:00,71.802885,valid,2734,649,2866807433,26065,41,hex,CAM,0202aae0028965d1005a5811460e29efbf1ffffffc2246cd1e00000fc0007ebfe9ed0737feebfff600,0202AAE0028965D1005A5811460E29EFBF1FFFFFFC2246CD1E00000FC0007EBFE9ED0737FEEBFFF600,
2026-07-14T15:39:04.134529+00:00,71.894929,valid,2734,650,2866807434,26165,41,hex,CAM,0202aae0028a6635005a5811460e29efbf1ffffffc2246cd1e00000fc0007ebfe9ed0737feebfff600,0202AAE0028A6635005A5811460E29EFBF1FFFFFFC2246CD1E00000FC0007EBFE9ED0737FEEBFFF600,
2026-07-14T15:39:04.236394+00:00,71.996798,valid,2734,651,2866807435,26265,41,hex,CAM,0202aae0028b6699005a5811460e29efbf1ffffffc2246cd1e00000fc0007ebfe9ed0737feebfff600,0202AAE0028B6699005A5811460E29EFBF1FFFFFFC2246CD1E00000FC0007EBFE9ED0737FEEBFFF600,
2026-07-14T15:39:04.338477+00:00,72.098879,valid,2734,652,2866807436,26365,41,hex,CAM,0202aae0028c66fd005a5811460e29efbf1ffffffc2246cd1e00000fc0007ebfe9ed0737feebfff600,0202AAE0028C66FD005A5811460E29EFBF1FFFFFFC2246CD1E00000FC0007EBFE9ED0737FEEBFFF600,
2026-07-14T15:39:04.440484+00:00,72.200889,valid,2734,653,2866807437,26465,41,hex,CAM,0202aae0028d6761005a5811460e29efbf1ffffffc2246cd1e00000fc0007ebfe9ed0737feebfff600,0202AAE0028D6761005A5811460E29EFBF1FFFFFFC2246CD1E00000FC0007EBFE9ED0737FEEBFFF600,
2026-07-14T15:39:04.542482+00:00,72.302883,valid,2734,654,2866807438,26565,41,hex,CAM,0202aae0028e67c5005a5811460e29efbf1ffffffc2246cd1e00000fc0007ebfe9ed0737feebfff600,0202AAE0028E67C5005A5811460E29EFBF1FFFFFFC2246CD1E00000FC0007EBFE9ED0737FEEBFFF600,
2026-07-14T15:39:04.633539+00:00,72.393930,valid,2734,655,2866807439,26665,41,hex,CAM,0202aae0028f6829005a5811460e29efbf1ffffffc2246cd1e00000fc0007ebfe9ed0737feebfff600,0202AAE0028F6829005A5811460E29EFBF1FFFFFFC2246CD1E00000FC0007EBFE9ED0737FEEBFFF600,
2026-07-14T15:39:04.736426+00:00,72.496829,valid,2734,656,2866807440,26765,41,hex,CAM,0202aae00290688d005a5811460e29efbf1ffffffc2246cd1e00000fc0007ebfe9ed0737feebfff600,0202AAE00290688D005A5811460E29EFBF1FFFFFFC2246CD1E00000FC0007EBFE9ED0737FEEBFFF600,
2026-07-14T15:39:04.838465+00:00,72.598867,valid,2734,657,2866807441,26865,41,hex,CAM,0202aae0029168f1005a5811460e29efbf1ffffffc2246cd1e00000fc0007ebfe9ed0737feebfff600,0202AAE0029168F1005A5811460E29EFBF1FFFFFFC2246CD1E00000FC0007EBFE9ED0737FEEBFFF600,
2026-07-14T15:39:04.940493+00:00,72.700897,valid,2734,658,2866807442,26965,41,hex,CAM,0202aae002926955005a5811460e29efbf1ffffffc2246cd1e00000fc0007ebfe9ed0737feebfff600,0202AAE002926955005A5811460E29EFBF1FFFFFFC2246CD1E00000FC0007EBFE9ED0737FEEBFFF600,
2026-07-14T15:39:05.042479+00:00,72.802881,valid,2734,659,2866807443,27065,41,hex,CAM,0202aae0029369b9005a5811460e29efbf1ffffffc2246cd1e00000fc0007ebfe9ed0737feebfff600,0202AAE0029369B9005A5811460E29EFBF1FFFFFFC2246CD1E00000FC0007EBFE9ED0737FEEBFFF600,
2026-07-14T15:39:05.134448+00:00,72.894849,valid,2734,660,2866807444,27165,41,hex,CAM,0202aae002946a1d005a5811460e29efbf1ffffffc2246cd1e00000fc0007ebfe9ed0737feebfff600,0202AAE002946A1D005A5811460E29EFBF1FFFFFFC2246CD1E00000FC0007EBFE9ED0737FEEBFFF600,
2026-07-14T15:39:05.236528+00:00,72.996930,valid,2734,661,2866807445,27265,41,hex,CAM,0202aae002956a81005a5811460e29efbf1ffffffc2246cd1e00000fc0007ebfe9ed0737feebfff600,0202AAE002956A81005A5811460E29EFBF1FFFFFFC2246CD1E00000FC0007EBFE9ED0737FEEBFFF600,
2026-07-14T15:39:05.338492+00:00,73.098895,valid,2734,662,2866807446,27365,41,hex,CAM,0202aae002966ae5005a5811460e29efbf1ffffffc2246cd1e00000fc0007ebfe9ed0737feebfff600,0202AAE002966AE5005A5811460E29EFBF1FFFFFFC2246CD1E00000FC0007EBFE9ED0737FEEBFFF600,
2026-07-14T15:39:05.440505+00:00,73.200906,valid,2734,663,2866807447,27465,41,hex,CAM,0202aae002976b49005a5811460e29efbf1ffffffc2246cd1e00000fc0007ebfe9ed0737feebfff600,0202AAE002976B49005A5811460E29EFBF1FFFFFFC2246CD1E00000FC0007EBFE9ED0737FEEBFFF600,
2026-07-14T15:39:05.542419+00:00,73.302821,valid,2734,664,2866807448,27565,41,hex,CAM,0202aae002986bad005a5811460e29efbf1ffffffc2246cd1e00000fc0007ebfe9ed0737feebfff600,0202AAE002986BAD005A5811460E29EFBF1FFFFFFC2246CD1E00000FC0007EBFE9ED0737FEEBFFF600,
2026-07-14T15:39:05.634287+00:00,73.394687,valid,2734,665,2866807449,27665,41,hex,CAM,0202aae002996c11005a5811460e29efbf1ffffffc2246cd1e00000fc0007ebfe9ed0737feebfff600,0202AAE002996C11005A5811460E29EFBF1FFFFFFC2246CD1E00000FC0007EBFE9ED0737FEEBFFF600,
2026-07-14T15:39:05.736558+00:00,73.496961,valid,2734,666,2866807450,27765,41,hex,CAM,0202aae0029a6c75005a5811460e29efbf1ffffffc2246cd1e00000fc0007ebfe9ed0737feebfff600,0202AAE0029A6C75005A5811460E29EFBF1FFFFFFC2246CD1E00000FC0007EBFE9ED0737FEEBFFF600,
2026-07-14T15:39:05.838201+00:00,73.598588,valid,2734,667,2866807451,27865,41,hex,CAM,0202aae0029b6cd9005a5811460e29efbf1ffffffc2246cd1e00000fc0007ebfe9ed0737feebfff600,0202AAE0029B6CD9005A5811460E29EFBF1FFFFFFC2246CD1E00000FC0007EBFE9ED0737FEEBFFF600,
2026-07-14T15:39:05.940529+00:00,73.700934,valid,2734,668,2866807452,27965,41,hex,CAM,0202aae0029c6d3d005a5811460e29efbf1ffffffc2246cd1e00000fc0007ebfe9ed0737feebfff600,0202AAE0029C6D3D005A5811460E29EFBF1FFFFFFC2246CD1E00000FC0007EBFE9ED0737FEEBFFF600,
2026-07-14T15:39:06.042421+00:00,73.802831,valid,2734,669,2866807453,28065,41,hex,CAM,0202aae0029d6da1005a5811460e29efbf1ffffffc2246cd1e00000fc0007ebfe9ed0737feebfff600,0202AAE0029D6DA1005A5811460E29EFBF1FFFFFFC2246CD1E00000FC0007EBFE9ED0737FEEBFFF600,
2026-07-14T15:39:06.134529+00:00,73.894931,valid,2734,670,2866807454,28165,41,hex,CAM,0202aae0029e6e05005a5811460e29efbf1ffffffc2246cd1e00000fc0007ebfe9ed0737feebfff600,0202AAE0029E6E05005A5811460E29EFBF1FFFFFFC2246CD1E00000FC0007EBFE9ED0737FEEBFFF600,
2026-07-14T15:39:06.236379+00:00,73.996780,valid,2734,671,2866807455,28265,41,hex,CAM,0202aae0029f6e69005a5811460e29efbf1ffffffc2246cd1e00000fc0007ebfe9ed0737feebfff600,0202AAE0029F6E69005A5811460E29EFBF1FFFFFFC2246CD1E00000FC0007EBFE9ED0737FEEBFFF600,
2026-07-14T15:39:06.338385+00:00,74.098788,valid,2734,672,2866807456,28365,41,hex,CAM,0202aae002a06ecd005a5811460e29efbf1ffffffc2246cd1e00000fc0007ebfe9ed0737feebfff600,0202AAE002A06ECD005A5811460E29EFBF1FFFFFFC2246CD1E00000FC0007EBFE9ED0737FEEBFFF600,
2026-07-14T15:39:06.440465+00:00,74.200869,valid,2734,673,2866807457,28465,41,hex,CAM,0202aae002a16f31005a5811460e29efbf1ffffffc2246cd1e00000fc0007ebfe9ed0737feebfff600,0202AAE002A16F31005A5811460E29EFBF1FFFFFFC2246CD1E00000FC0007EBFE9ED0737FEEBFFF600,
2026-07-14T15:39:06.542623+00:00,74.303043,valid,2734,674,2866807458,28565,41,hex,CAM,0202aae002a26f95005a5811460e29efbf1ffffffc2246cd1e00000fc0007ebfe9ed0737feebfff600,0202AAE002A26F95005A5811460E29EFBF1FFFFFFC2246CD1E00000FC0007EBFE9ED0737FEEBFFF600,
2026-07-14T15:39:06.634475+00:00,74.394877,valid,2734,675,2866807459,28665,41,hex,CAM,0202aae002a36ff9005a5811460e29efbf1ffffffc2246cd1e00000fc0007ebfe9ed0737feebfff600,0202AAE002A36FF9005A5811460E29EFBF1FFFFFFC2246CD1E00000FC0007EBFE9ED0737FEEBFFF600,
2026-07-14T15:39:06.736386+00:00,74.496788,valid,2734,676,2866807460,28765,41,hex,CAM,0202aae002a4705d005a5811460e29efbf1ffffffc2246cd1e00000fc0007ebfe9ed0737feebfff600,0202AAE002A4705D005A5811460E29EFBF1FFFFFFC2246CD1E00000FC0007EBFE9ED0737FEEBFFF600,
2026-07-14T15:39:06.838507+00:00,74.598908,valid,2734,677,2866807461,28865,41,hex,CAM,0202aae002a570c1005a5811460e29efbf1ffffffc2246cd1e00000fc0007ebfe9ed0737feebfff600,0202AAE002A570C1005A5811460E29EFBF1FFFFFFC2246CD1E00000FC0007EBFE9ED0737FEEBFFF600,
2026-07-14T15:39:06.940495+00:00,74.700897,valid,2734,678,2866807462,28965,41,hex,CAM,0202aae002a67125005a5811460e29efbf1ffffffc2246cd1e00000fc0007ebfe9ed0737feebfff600,0202AAE002A67125005A5811460E29EFBF1FFFFFFC2246CD1E00000FC0007EBFE9ED0737FEEBFFF600,
2026-07-14T15:39:07.042441+00:00,74.802844,valid,2734,679,2866807463,29065,41,hex,CAM,0202aae002a77189005a5811460e29efbf1ffffffc2246cd1e00000fc0007ebfe9ed0737feebfff600,0202AAE002A77189005A5811460E29EFBF1FFFFFFC2246CD1E00000FC0007EBFE9ED0737FEEBFFF600,
2026-07-14T15:39:07.134517+00:00,74.894919,valid,2734,680,2866807464,29165,41,hex,CAM,0202aae002a871ed005a5811460e29efbf1ffffffc2246cd1e00000fc0007ebfe9ed0737feebfff600,0202AAE002A871ED005A5811460E29EFBF1FFFFFFC2246CD1E00000FC0007EBFE9ED0737FEEBFFF600,
2026-07-14T15:39:07.236502+00:00,74.996903,valid,2734,681,2866807465,29265,41,hex,CAM,0202aae002a97251005a5811460e29efbf1ffffffc2246cd1e00000fc0007ebfe9ed0737feebfff600,0202AAE002A97251005A5811460E29EFBF1FFFFFFC2246CD1E00000FC0007EBFE9ED0737FEEBFFF600,
2026-07-14T15:39:07.338355+00:00,75.098758,valid,2734,682,2866807466,29365,41,hex,CAM,0202aae002aa72b5005a5811460e29efbf1ffffffc2246cd1e00000fc0007ebfe9ed0737feebfff600,0202AAE002AA72B5005A5811460E29EFBF1FFFFFFC2246CD1E00000FC0007EBFE9ED0737FEEBFFF600,
2026-07-14T15:39:07.440416+00:00,75.200822,valid,2734,683,2866807467,29465,41,hex,CAM,0202aae002ab7319005a5811460e29efbf1ffffffc2246cd1e00000fc0007ebfe9ed0737feebfff600,0202AAE002AB7319005A5811460E29EFBF1FFFFFFC2246CD1E00000FC0007EBFE9ED0737FEEBFFF600,
2026-07-14T15:39:07.542564+00:00,75.302966,valid,2734,684,2866807468,29565,41,hex,CAM,0202aae002ac737d005a5811460e29efbf1ffffffc2246cd1e00000fc0007ebfe9ed0737feebfff600,0202AAE002AC737D005A5811460E29EFBF1FFFFFFC2246CD1E00000FC0007EBFE9ED0737FEEBFFF600,
2026-07-14T15:39:07.634492+00:00,75.394894,valid,2734,685,2866807469,29665,41,hex,CAM,0202aae002ad73e1005a5811460e29efbf1ffffffc2246cd1e00000fc0007ebfe9ed0737feebfff600,0202AAE002AD73E1005A5811460E29EFBF1FFFFFFC2246CD1E00000FC0007EBFE9ED0737FEEBFFF600,
2026-07-14T15:39:07.736560+00:00,75.496963,valid,2734,686,2866807470,29765,41,hex,CAM,0202aae002ae7445005a5811460e29efbf1ffffffc2246cd1e00000fc0007ebfe9ed0737feebfff600,0202AAE002AE7445005A5811460E29EFBF1FFFFFFC2246CD1E00000FC0007EBFE9ED0737FEEBFFF600,
2026-07-14T15:39:07.838426+00:00,75.598828,valid,2734,687,2866807471,29865,41,hex,CAM,0202aae002af74a9005a5811460e29efbf1ffffffc2246cd1e00000fc0007ebfe9ed0737feebfff600,0202AAE002AF74A9005A5811460E29EFBF1FFFFFFC2246CD1E00000FC0007EBFE9ED0737FEEBFFF600,
2026-07-14T15:39:07.940565+00:00,75.700969,valid,2734,688,2866807472,29965,41,hex,CAM,0202aae002b0750d005a5811460e29efbf1ffffffc2246cd1e00000fc0007ebfe9ed0737feebfff600,0202AAE002B0750D005A5811460E29EFBF1FFFFFFC2246CD1E00000FC0007EBFE9ED0737FEEBFFF600,
2026-07-14T15:39:08.042552+00:00,75.802954,valid,2734,689,2866807473,30065,41,hex,CAM,0202aae002b17571005a5811460e29efbf1ffffffc2246cd1e00000fc0007ebfe9ed0737feebfff600,0202AAE002B17571005A5811460E29EFBF1FFFFFFC2246CD1E00000FC0007EBFE9ED0737FEEBFFF600,
2026-07-14T15:39:08.134534+00:00,75.894937,valid,2734,690,2866807474,30165,41,hex,CAM,0202aae002b275d5005a5811460e29efbf1ffffffc2246cd1e00000fc0007ebfe9ed0737feebfff600,0202AAE002B275D5005A5811460E29EFBF1FFFFFFC2246CD1E00000FC0007EBFE9ED0737FEEBFFF600,
2026-07-14T15:39:08.236544+00:00,75.996945,valid,2734,691,2866807475,30265,41,hex,CAM,0202aae002b37639005a5811460e29efbf1ffffffc2246cd1e00000fc0007ebfe9ed0737feebfff600,0202AAE002B37639005A5811460E29EFBF1FFFFFFC2246CD1E00000FC0007EBFE9ED0737FEEBFFF600,
2026-07-14T15:39:08.338516+00:00,76.098917,valid,2734,692,2866807476,30365,41,hex,CAM,0202aae002b4769d005a5811460e29efbf1ffffffc2246cd1e00000fc0007ebfe9ed0737feebfff600,0202AAE002B4769D005A5811460E29EFBF1FFFFFFC2246CD1E00000FC0007EBFE9ED0737FEEBFFF600,
2026-07-14T15:39:08.440588+00:00,76.200991,valid,2734,693,2866807477,30465,41,hex,CAM,0202aae002b57701005a5811460e29efbf1ffffffc2246cd1e00000fc0007ebfe9ed0737feebfff600,0202AAE002B57701005A5811460E29EFBF1FFFFFFC2246CD1E00000FC0007EBFE9ED0737FEEBFFF600,
2026-07-14T15:39:08.542498+00:00,76.302903,valid,2734,694,2866807478,30565,41,hex,CAM,0202aae002b67765005a5811460e29efbf1ffffffc2246cd1e00000fc0007ebfe9ed0737feebfff600,0202AAE002B67765005A5811460E29EFBF1FFFFFFC2246CD1E00000FC0007EBFE9ED0737FEEBFFF600,
2026-07-14T15:39:08.634484+00:00,76.394886,valid,2734,695,2866807479,30665,41,hex,CAM,0202aae002b777c9005a5811460e29efbf1ffffffc2246cd1e00000fc0007ebfe9ed0737feebfff600,0202AAE002B777C9005A5811460E29EFBF1FFFFFFC2246CD1E00000FC0007EBFE9ED0737FEEBFFF600,
2026-07-14T15:39:08.736511+00:00,76.496913,valid,2734,696,2866807480,30765,41,hex,CAM,0202aae002b8782d005a5811460e29efbf1ffffffc2246cd1e00000fc0007ebfe9ed0737feebfff600,0202AAE002B8782D005A5811460E29EFBF1FFFFFFC2246CD1E00000FC0007EBFE9ED0737FEEBFFF600,
2026-07-14T15:39:08.838540+00:00,76.598942,valid,2734,697,2866807481,30865,41,hex,CAM,0202aae002b97891005a5811460e29efbf1ffffffc2246cd1e00000fc0007ebfe9ed0737feebfff600,0202AAE002B97891005A5811460E29EFBF1FFFFFFC2246CD1E00000FC0007EBFE9ED0737FEEBFFF600,
2026-07-14T15:39:08.940442+00:00,76.700843,valid,2734,698,2866807482,30965,41,hex,CAM,0202aae002ba78f5005a5811460e29efbf1ffffffc2246cd1e00000fc0007ebfe9ed0737feebfff600,0202AAE002BA78F5005A5811460E29EFBF1FFFFFFC2246CD1E00000FC0007EBFE9ED0737FEEBFFF600,
2026-07-14T15:39:09.042573+00:00,76.802975,valid,2734,699,2866807483,31065,41,hex,CAM,0202aae002bb7959005a5811460e29efbf1ffffffc2246cd1e00000fc0007ebfe9ed0737feebfff600,0202AAE002BB7959005A5811460E29EFBF1FFFFFFC2246CD1E00000FC0007EBFE9ED0737FEEBFFF600,
2026-07-14T15:39:09.134558+00:00,76.894959,valid,2734,700,2866807484,31165,41,hex,CAM,0202aae002bc79bd005a5811460e29efbf1ffffffc2246cd1e00000fc0007ebfe9ed0737feebfff600,0202AAE002BC79BD005A5811460E29EFBF1FFFFFFC2246CD1E00000FC0007EBFE9ED0737FEEBFFF600,
2026-07-14T15:39:09.236560+00:00,76.996965,valid,2734,701,2866807485,31265,41,hex,CAM,0202aae002bd7a21005a5811460e29efbf1ffffffc2246cd1e00000fc0007ebfe9ed0737feebfff600,0202AAE002BD7A21005A5811460E29EFBF1FFFFFFC2246CD1E00000FC0007EBFE9ED0737FEEBFFF600,
2026-07-14T15:39:09.338560+00:00,77.098961,valid,2734,702,2866807486,31365,41,hex,CAM,0202aae002be7a85005a5811460e29efbf1ffffffc2246cd1e00000fc0007ebfe9ed0737feebfff600,0202AAE002BE7A85005A5811460E29EFBF1FFFFFFC2246CD1E00000FC0007EBFE9ED0737FEEBFFF600,
2026-07-14T15:39:09.440517+00:00,77.200920,valid,2734,703,2866807487,31465,41,hex,CAM,0202aae002bf7ae9005a5811460e29efbf1ffffffc2246cd1e00000fc0007ebfe9ed0737feebfff600,0202AAE002BF7AE9005A5811460E29EFBF1FFFFFFC2246CD1E00000FC0007EBFE9ED0737FEEBFFF600,
2026-07-14T15:39:09.542400+00:00,77.302806,valid,2734,704,2866807488,31565,41,hex,CAM,0202aae002c07b4d005a5811460e29efbf1ffffffc2246cd1e00000fc0007ebfe9ed0737feebfff600,0202AAE002C07B4D005A5811460E29EFBF1FFFFFFC2246CD1E00000FC0007EBFE9ED0737FEEBFFF600,
2026-07-14T15:39:09.634545+00:00,77.394951,valid,2734,705,2866807489,31665,41,hex,CAM,0202aae002c17bb1005a5811460e29efbf1ffffffc2246cd1e00000fc0007ebfe9ed0737feebfff600,0202AAE002C17BB1005A5811460E29EFBF1FFFFFFC2246CD1E00000FC0007EBFE9ED0737FEEBFFF600,
2026-07-14T15:39:09.736617+00:00,77.497044,valid,2734,706,2866807490,31765,41,hex,CAM,0202aae002c27c15005a5811460e29efbf1ffffffc2246cd1e00000fc0007ebfe9ed0737feebfff600,0202AAE002C27C15005A5811460E29EFBF1FFFFFFC2246CD1E00000FC0007EBFE9ED0737FEEBFFF600,
2026-07-14T15:39:09.838547+00:00,77.598948,valid,2734,707,2866807491,31865,41,hex,CAM,0202aae002c37c79005a5811460e29efbf1ffffffc2246cd1e00000fc0007ebfe9ed0737feebfff600,0202AAE002C37C79005A5811460E29EFBF1FFFFFFC2246CD1E00000FC0007EBFE9ED0737FEEBFFF600,
2026-07-14T15:39:09.940429+00:00,77.700834,valid,2734,708,2866807492,31965,41,hex,CAM,0202aae002c47cdd005a5811460e29efbf1ffffffc2246cd1e00000fc0007ebfe9ed0737feebfff600,0202AAE002C47CDD005A5811460E29EFBF1FFFFFFC2246CD1E00000FC0007EBFE9ED0737FEEBFFF600,
2026-07-14T15:39:10.042380+00:00,77.802781,valid,2734,709,2866807493,32065,41,hex,CAM,0202aae002c57d41005a5811460e29efbf1ffffffc2246cd1e00000fc0007ebfe9ed0737feebfff600,0202AAE002C57D41005A5811460E29EFBF1FFFFFFC2246CD1E00000FC0007EBFE9ED0737FEEBFFF600,
2026-07-14T15:39:10.134385+00:00,77.894786,valid,2734,710,2866807494,32165,41,hex,CAM,0202aae002c67da5005a5811460e29efbf1ffffffc2246cd1e00000fc0007ebfe9ed0737feebfff600,0202AAE002C67DA5005A5811460E29EFBF1FFFFFFC2246CD1E00000FC0007EBFE9ED0737FEEBFFF600,
2026-07-14T15:39:10.236363+00:00,77.996763,valid,2734,711,2866807495,32265,41,hex,CAM,0202aae002c77e09005a5811460e29efbf1ffffffc2246cd1e00000fc0007ebfe9ed0737feebfff600,0202AAE002C77E09005A5811460E29EFBF1FFFFFFC2246CD1E00000FC0007EBFE9ED0737FEEBFFF600,
2026-07-14T15:39:10.338364+00:00,78.098764,valid,2734,712,2866807496,32365,41,hex,CAM,0202aae002c87e6d005a5811460e29efbf1ffffffc2246cd1e00000fc0007ebfe9ed0737feebfff600,0202AAE002C87E6D005A5811460E29EFBF1FFFFFFC2246CD1E00000FC0007EBFE9ED0737FEEBFFF600,
2026-07-14T15:39:10.440434+00:00,78.200836,valid,2734,713,2866807497,32465,41,hex,CAM,0202aae002c97ed1005a5811460e29efbf1ffffffc2246cd1e00000fc0007ebfe9ed0737feebfff600,0202AAE002C97ED1005A5811460E29EFBF1FFFFFFC2246CD1E00000FC0007EBFE9ED0737FEEBFFF600,
2026-07-14T15:39:10.542527+00:00,78.302931,valid,2734,714,2866807498,32565,41,hex,CAM,0202aae002ca7f35005a5811460e29efbf1ffffffc2246cd1e00000fc0007ebfe9ed0737feebfff600,0202AAE002CA7F35005A5811460E29EFBF1FFFFFFC2246CD1E00000FC0007EBFE9ED0737FEEBFFF600,
2026-07-14T15:39:10.634551+00:00,78.394952,valid,2734,715,2866807499,32665,41,hex,CAM,0202aae002cb7f99005a5811460e29efbf1ffffffc2246cd1e00000fc0007ebfe9ed0737feebfff600,0202AAE002CB7F99005A5811460E29EFBF1FFFFFFC2246CD1E00000FC0007EBFE9ED0737FEEBFFF600,
2026-07-14T15:39:10.736463+00:00,78.496863,valid,2734,716,2866807500,32765,41,hex,CAM,0202aae002cc7ffd005a5811460e29efbf1ffffffc2246cd1e00000fc0007ebfe9ed0737feebfff600,0202AAE002CC7FFD005A5811460E29EFBF1FFFFFFC2246CD1E00000FC0007EBFE9ED0737FEEBFFF600,
2026-07-14T15:39:10.838463+00:00,78.598864,valid,2734,717,2866807501,32865,41,hex,CAM,0202aae002cd8061005a5811460e29efbf1ffffffc2246cd1e00000fc0007ebfe9ed0737feebfff600,0202AAE002CD8061005A5811460E29EFBF1FFFFFFC2246CD1E00000FC0007EBFE9ED0737FEEBFFF600,
2026-07-14T15:39:10.940443+00:00,78.700846,valid,2734,718,2866807502,32965,41,hex,CAM,0202aae002ce80c5005a5811460e29efbf1ffffffc2246cd1e00000fc0007ebfe9ed0737feebfff600,0202AAE002CE80C5005A5811460E29EFBF1FFFFFFC2246CD1E00000FC0007EBFE9ED0737FEEBFFF600,
2026-07-14T15:39:11.042396+00:00,78.802798,valid,2734,719,2866807503,33065,41,hex,CAM,0202aae002cf8129005a5811460e29efbf1ffffffc2246cd1e00000fc0007ebfe9ed0737feebfff600,0202AAE002CF8129005A5811460E29EFBF1FFFFFFC2246CD1E00000FC0007EBFE9ED0737FEEBFFF600,
2026-07-14T15:39:11.134518+00:00,78.894925,valid,2734,720,2866807504,33165,41,hex,CAM,0202aae002d0818d005a5811460e29efbf1ffffffc2246cd1e00000fc0007ebfe9ed0737feebfff600,0202AAE002D0818D005A5811460E29EFBF1FFFFFFC2246CD1E00000FC0007EBFE9ED0737FEEBFFF600,
2026-07-14T15:39:11.236372+00:00,78.996772,valid,2734,721,2866807505,33265,41,hex,CAM,0202aae002d181f1005a5811460e29efbf1ffffffc2246cd1e00000fc0007ebfe9ed0737feebfff600,0202AAE002D181F1005A5811460E29EFBF1FFFFFFC2246CD1E00000FC0007EBFE9ED0737FEEBFFF600,
2026-07-14T15:39:11.338454+00:00,79.098855,valid,2734,722,2866807506,33365,41,hex,CAM,0202aae002d28255005a5811460e29efbf1ffffffc2246cd1e00000fc0007ebfe9ed0737feebfff600,0202AAE002D28255005A5811460E29EFBF1FFFFFFC2246CD1E00000FC0007EBFE9ED0737FEEBFFF600,
2026-07-14T15:39:11.440504+00:00,79.200905,valid,2734,723,2866807507,33465,41,hex,CAM,0202aae002d382b9005a5811460e29efbf1ffffffc2246cd1e00000fc0007ebfe9ed0737feebfff600,0202AAE002D382B9005A5811460E29EFBF1FFFFFFC2246CD1E00000FC0007EBFE9ED0737FEEBFFF600,
2026-07-14T15:39:11.542510+00:00,79.302913,valid,2734,724,2866807508,33565,41,hex,CAM,0202aae002d4831d005a5811460e29efbf1ffffffc2246cd1e00000fc0007ebfe9ed0737feebfff600,0202AAE002D4831D005A5811460E29EFBF1FFFFFFC2246CD1E00000FC0007EBFE9ED0737FEEBFFF600,
2026-07-14T15:39:11.634474+00:00,79.394877,valid,2734,725,2866807509,33665,41,hex,CAM,0202aae002d58381005a5811460e29efbf1ffffffc2246cd1e00000fc0007ebfe9ed0737feebfff600,0202AAE002D58381005A5811460E29EFBF1FFFFFFC2246CD1E00000FC0007EBFE9ED0737FEEBFFF600,
2026-07-14T15:39:11.736446+00:00,79.496847,valid,2734,726,2866807510,33765,41,hex,CAM,0202aae002d683e5005a5811460e29efbf1ffffffc2246cd1e00000fc0007ebfe9ed0737feebfff600,0202AAE002D683E5005A5811460E29EFBF1FFFFFFC2246CD1E00000FC0007EBFE9ED0737FEEBFFF600,
2026-07-14T15:39:11.838491+00:00,79.598893,valid,2734,727,2866807511,33865,41,hex,CAM,0202aae002d78449005a5811460e29efbf1ffffffc2246cd1e00000fc0007ebfe9ed0737feebfff600,0202AAE002D78449005A5811460E29EFBF1FFFFFFC2246CD1E00000FC0007EBFE9ED0737FEEBFFF600,
2026-07-14T15:39:11.940434+00:00,79.700836,valid,2734,728,2866807512,33965,41,hex,CAM,0202aae002d884ad005a5811460e29efbf1ffffffc2246cd1e00000fc0007ebfe9ed0737feebfff600,0202AAE002D884AD005A5811460E29EFBF1FFFFFFC2246CD1E00000FC0007EBFE9ED0737FEEBFFF600,
2026-07-14T15:39:12.042395+00:00,79.802797,valid,2734,729,2866807513,34065,41,hex,CAM,0202aae002d98511005a5811460e29efbf1ffffffc2246cd1e00000fc0007ebfe9ed0737feebfff600,0202AAE002D98511005A5811460E29EFBF1FFFFFFC2246CD1E00000FC0007EBFE9ED0737FEEBFFF600,
2026-07-14T15:39:12.134550+00:00,79.894952,valid,2734,730,2866807514,34165,41,hex,CAM,0202aae002da8575005a5811460e29efbf1ffffffc2246cd1e00000fc0007ebfe9ed0737feebfff600,0202AAE002DA8575005A5811460E29EFBF1FFFFFFC2246CD1E00000FC0007EBFE9ED0737FEEBFFF600,
2026-07-14T15:39:12.236462+00:00,79.996863,valid,2734,731,2866807515,34265,41,hex,CAM,0202aae002db85d9005a5811460e29efbf1ffffffc2246cd1e00000fc0007ebfe9ed0737feebfff600,0202AAE002DB85D9005A5811460E29EFBF1FFFFFFC2246CD1E00000FC0007EBFE9ED0737FEEBFFF600,
2026-07-14T15:39:12.338500+00:00,80.098900,valid,2734,732,2866807516,34365,41,hex,CAM,0202aae002dc863d005a5811460e29efbf1ffffffc2246cd1e00000fc0007ebfe9ed0737feebfff600,0202AAE002DC863D005A5811460E29EFBF1FFFFFFC2246CD1E00000FC0007EBFE9ED0737FEEBFFF600,
2026-07-14T15:39:12.440438+00:00,80.200839,valid,2734,733,2866807517,34465,41,hex,CAM,0202aae002dd86a1005a5811460e29efbf1ffffffc2246cd1e00000fc0007ebfe9ed0737feebfff600,0202AAE002DD86A1005A5811460E29EFBF1FFFFFFC2246CD1E00000FC0007EBFE9ED0737FEEBFFF600,
2026-07-14T15:39:12.542454+00:00,80.302854,valid,2734,734,2866807518,34565,41,hex,CAM,0202aae002de8705005a5811460e29efbf1ffffffc2246cd1e00000fc0007ebfe9ed0737feebfff600,0202AAE002DE8705005A5811460E29EFBF1FFFFFFC2246CD1E00000FC0007EBFE9ED0737FEEBFFF600,
2026-07-14T15:39:12.634457+00:00,80.394860,valid,2734,735,2866807519,34665,41,hex,CAM,0202aae002df8769005a5811460e29efbf1ffffffc2246cd1e00000fc0007ebfe9ed0737feebfff600,0202AAE002DF8769005A5811460E29EFBF1FFFFFFC2246CD1E00000FC0007EBFE9ED0737FEEBFFF600,
2026-07-14T15:39:12.736563+00:00,80.496966,valid,2734,736,2866807520,34765,41,hex,CAM,0202aae002e087cd005a5811460e29efbf1ffffffc2246cd1e00000fc0007ebfe9ed0737feebfff600,0202AAE002E087CD005A5811460E29EFBF1FFFFFFC2246CD1E00000FC0007EBFE9ED0737FEEBFFF600,
2026-07-14T15:39:12.838477+00:00,80.598883,valid,2734,737,2866807521,34865,41,hex,CAM,0202aae002e18831005a5811460e29efbf1ffffffc2246cd1e00000fc0007ebfe9ed0737feebfff600,0202AAE002E18831005A5811460E29EFBF1FFFFFFC2246CD1E00000FC0007EBFE9ED0737FEEBFFF600,
2026-07-14T15:39:12.940595+00:00,80.701001,valid,2734,738,2866807522,34965,41,hex,CAM,0202aae002e28895005a5811460e29efbf1ffffffc2246cd1e00000fc0007ebfe9ed0737feebfff600,0202AAE002E28895005A5811460E29EFBF1FFFFFFC2246CD1E00000FC0007EBFE9ED0737FEEBFFF600,
2026-07-14T15:39:13.042406+00:00,80.802808,valid,2734,739,2866807523,35065,41,hex,CAM,0202aae002e388f9005a5811460e29efbf1ffffffc2246cd1e00000fc0007ebfe9ed0737feebfff600,0202AAE002E388F9005A5811460E29EFBF1FFFFFFC2246CD1E00000FC0007EBFE9ED0737FEEBFFF600,
2026-07-14T15:39:13.134393+00:00,80.894795,valid,2734,740,2866807524,35165,41,hex,CAM,0202aae002e4895d005a5811460e29efbf1ffffffc2246cd1e00000fc0007ebfe9ed0737feebfff600,0202AAE002E4895D005A5811460E29EFBF1FFFFFFC2246CD1E00000FC0007EBFE9ED0737FEEBFFF600,
2026-07-14T15:39:13.236357+00:00,80.996758,valid,2734,741,2866807525,35265,41,hex,CAM,0202aae002e589c1005a5811460e29efbf1ffffffc2246cd1e00000fc0007ebfe9ed0737feebfff600,0202AAE002E589C1005A5811460E29EFBF1FFFFFFC2246CD1E00000FC0007EBFE9ED0737FEEBFFF600,
2026-07-14T15:39:13.338314+00:00,81.098715,valid,2734,742,2866807526,35365,41,hex,CAM,0202aae002e68a25005a5811460e29efbf1ffffffc2246cd1e00000fc0007ebfe9ed0737feebfff600,0202AAE002E68A25005A5811460E29EFBF1FFFFFFC2246CD1E00000FC0007EBFE9ED0737FEEBFFF600,
2026-07-14T15:39:13.440446+00:00,81.200846,valid,2734,743,2866807527,35465,41,hex,CAM,0202aae002e78a89005a5811460e29efbf1ffffffc2246cd1e00000fc0007ebfe9ed0737feebfff600,0202AAE002E78A89005A5811460E29EFBF1FFFFFFC2246CD1E00000FC0007EBFE9ED0737FEEBFFF600,
2026-07-14T15:39:13.542346+00:00,81.302747,valid,2734,744,2866807528,35565,41,hex,CAM,0202aae002e88aed005a5811460e29efbf1ffffffc2246cd1e00000fc0007ebfe9ed0737feebfff600,0202AAE002E88AED005A5811460E29EFBF1FFFFFFC2246CD1E00000FC0007EBFE9ED0737FEEBFFF600,
2026-07-14T15:39:13.633993+00:00,81.394392,valid,2734,745,2866807529,35665,41,hex,CAM,0202aae002e98b51005a5811460e29efbf1ffffffc2246cd1e00000fc0007ebfe9ed0737feebfff600,0202AAE002E98B51005A5811460E29EFBF1FFFFFFC2246CD1E00000FC0007EBFE9ED0737FEEBFFF600,
2026-07-14T15:39:13.736491+00:00,81.496894,valid,2734,746,2866807530,35765,41,hex,CAM,0202aae002ea8bb5005a5811460e29efbf1ffffffc2246cd1e00000fc0007ebfe9ed0737feebfff600,0202AAE002EA8BB5005A5811460E29EFBF1FFFFFFC2246CD1E00000FC0007EBFE9ED0737FEEBFFF600,
2026-07-14T15:39:13.838450+00:00,81.598851,valid,2734,747,2866807531,35865,41,hex,CAM,0202aae002eb8c19005a5811460e29efbf1ffffffc2246cd1e00000fc0007ebfe9ed0737feebfff600,0202AAE002EB8C19005A5811460E29EFBF1FFFFFFC2246CD1E00000FC0007EBFE9ED0737FEEBFFF600,
2026-07-14T15:39:13.940420+00:00,81.700823,valid,2734,748,2866807532,35965,41,hex,CAM,0202aae002ec8c7d005a5811460e29efbf1ffffffc2246cd1e00000fc0007ebfe9ed0737feebfff600,0202AAE002EC8C7D005A5811460E29EFBF1FFFFFFC2246CD1E00000FC0007EBFE9ED0737FEEBFFF600,
2026-07-14T15:39:14.042403+00:00,81.802805,valid,2734,749,2866807533,36065,41,hex,CAM,0202aae002ed8ce1005a5811460e29efbf1ffffffc2246cd1e00000fc0007ebfe9ed0737feebfff600,0202AAE002ED8CE1005A5811460E29EFBF1FFFFFFC2246CD1E00000FC0007EBFE9ED0737FEEBFFF600,
2026-07-14T15:39:14.134575+00:00,81.894977,valid,2734,750,2866807534,36165,41,hex,CAM,0202aae002ee8d45005a5811460e29efbf1ffffffc2246cd1e00000fc0007ebfe9ed0737feebfff600,0202AAE002EE8D45005A5811460E29EFBF1FFFFFFC2246CD1E00000FC0007EBFE9ED0737FEEBFFF600,
2026-07-14T15:39:14.236610+00:00,81.997027,valid,2734,751,2866807535,36265,41,hex,CAM,0202aae002ef8da9005a5811460e29efbf1ffffffc2246cd1e00000fc0007ebfe9ed0737feebfff600,0202AAE002EF8DA9005A5811460E29EFBF1FFFFFFC2246CD1E00000FC0007EBFE9ED0737FEEBFFF600,
2026-07-14T15:39:14.338367+00:00,82.098768,valid,2734,752,2866807536,36365,41,hex,CAM,0202aae002f08e0d005a5811460e29efbf1ffffffc2246cd1e00000fc0007ebfe9ed0737feebfff600,0202AAE002F08E0D005A5811460E29EFBF1FFFFFFC2246CD1E00000FC0007EBFE9ED0737FEEBFFF600,
2026-07-14T15:39:14.440352+00:00,82.200753,valid,2734,753,2866807537,36465,41,hex,CAM,0202aae002f18e71005a5811460e29efbf1ffffffc2246cd1e00000fc0007ebfe9ed0737feebfff600,0202AAE002F18E71005A5811460E29EFBF1FFFFFFC2246CD1E00000FC0007EBFE9ED0737FEEBFFF600,
2026-07-14T15:39:14.542442+00:00,82.302843,valid,2734,754,2866807538,36565,41,hex,CAM,0202aae002f28ed5005a5811460e29efbf1ffffffc2246cd1e00000fc0007ebfe9ed0737feebfff600,0202AAE002F28ED5005A5811460E29EFBF1FFFFFFC2246CD1E00000FC0007EBFE9ED0737FEEBFFF600,
2026-07-14T15:39:14.634458+00:00,82.394860,valid,2734,755,2866807539,36665,41,hex,CAM,0202aae002f38f39005a5811460e29efbf1ffffffc2246cd1e00000fc0007ebfe9ed0737feebfff600,0202AAE002F38F39005A5811460E29EFBF1FFFFFFC2246CD1E00000FC0007EBFE9ED0737FEEBFFF600,
2026-07-14T15:39:14.736505+00:00,82.496910,valid,2734,756,2866807540,36765,41,hex,CAM,0202aae002f48f9d005a5811460e29efbf1ffffffc2246cd1e00000fc0007ebfe9ed0737feebfff600,0202AAE002F48F9D005A5811460E29EFBF1FFFFFFC2246CD1E00000FC0007EBFE9ED0737FEEBFFF600,
2026-07-14T15:39:14.838444+00:00,82.598847,valid,2734,757,2866807541,36865,41,hex,CAM,0202aae002f59001005a5811460e29efbf1ffffffc2246cd1e00000fc0007ebfe9ed0737feebfff600,0202AAE002F59001005A5811460E29EFBF1FFFFFFC2246CD1E00000FC0007EBFE9ED0737FEEBFFF600,
2026-07-14T15:39:14.940435+00:00,82.700842,valid,2734,758,2866807542,36965,41,hex,CAM,0202aae002f69065005a5811460e29efbf1ffffffc2246cd1e00000fc0007ebfe9ed0737feebfff600,0202AAE002F69065005A5811460E29EFBF1FFFFFFC2246CD1E00000FC0007EBFE9ED0737FEEBFFF600,
2026-07-14T15:39:15.042445+00:00,82.802848,valid,2734,759,2866807543,37065,41,hex,CAM,0202aae002f790c9005a5811460e29efbf1ffffffc2246cd1e00000fc0007ebfe9ed0737feebfff600,0202AAE002F790C9005A5811460E29EFBF1FFFFFFC2246CD1E00000FC0007EBFE9ED0737FEEBFFF600,
2026-07-14T15:39:15.134438+00:00,82.894841,valid,2734,760,2866807544,37165,41,hex,CAM,0202aae002f8912d005a5811460e29efbf1ffffffc2246cd1e00000fc0007ebfe9ed0737feebfff600,0202AAE002F8912D005A5811460E29EFBF1FFFFFFC2246CD1E00000FC0007EBFE9ED0737FEEBFFF600,
2026-07-14T15:39:15.236432+00:00,82.996833,valid,2734,761,2866807545,37265,41,hex,CAM,0202aae002f99191005a5811460e29efbf1ffffffc2246cd1e00000fc0007ebfe9ed0737feebfff600,0202AAE002F99191005A5811460E29EFBF1FFFFFFC2246CD1E00000FC0007EBFE9ED0737FEEBFFF600,
2026-07-14T15:39:15.338558+00:00,83.098959,valid,2734,762,2866807546,37365,41,hex,CAM,0202aae002fa91f5005a5811460e29efbf1ffffffc2246cd1e00000fc0007ebfe9ed0737feebfff600,0202AAE002FA91F5005A5811460E29EFBF1FFFFFFC2246CD1E00000FC0007EBFE9ED0737FEEBFFF600,
2026-07-14T15:39:15.440716+00:00,83.201116,valid,2734,763,2866807547,37465,41,hex,CAM,0202aae002fb9259005a5811460e29efbf1ffffffc2246cd1e00000fc0007ebfe9ed0737feebfff600,0202AAE002FB9259005A5811460E29EFBF1FFFFFFC2246CD1E00000FC0007EBFE9ED0737FEEBFFF600,
2026-07-14T15:39:15.542348+00:00,83.302748,valid,2734,764,2866807548,37565,41,hex,CAM,0202aae002fc92bd005a5811460e29efbf1ffffffc2246cd1e00000fc0007ebfe9ed0737feebfff600,0202AAE002FC92BD005A5811460E29EFBF1FFFFFFC2246CD1E00000FC0007EBFE9ED0737FEEBFFF600,
2026-07-14T15:39:15.634421+00:00,83.394822,valid,2734,765,2866807549,37665,41,hex,CAM,0202aae002fd9321005a5811460e29efbf1ffffffc2246cd1e00000fc0007ebfe9ed0737feebfff600,0202AAE002FD9321005A5811460E29EFBF1FFFFFFC2246CD1E00000FC0007EBFE9ED0737FEEBFFF600,
2026-07-14T15:39:15.736548+00:00,83.496951,valid,2734,766,2866807550,37765,41,hex,CAM,0202aae002fe9385005a5811460e29efbf1ffffffc2246cd1e00000fc0007ebfe9ed0737feebfff600,0202AAE002FE9385005A5811460E29EFBF1FFFFFFC2246CD1E00000FC0007EBFE9ED0737FEEBFFF600,
2026-07-14T15:39:15.838435+00:00,83.598837,valid,2734,767,2866807551,37865,41,hex,CAM,0202aae002ff93e9005a5811460e29efbf1ffffffc2246cd1e00000fc0007ebfe9ed0737feebfff600,0202AAE002FF93E9005A5811460E29EFBF1FFFFFFC2246CD1E00000FC0007EBFE9ED0737FEEBFFF600,
2026-07-14T15:39:15.940395+00:00,83.700798,valid,2734,768,2866807552,37965,41,hex,CAM,0202aae00300944d005a5811460e29efbf1ffffffc2246cd1e00000fc0007ebfe9ed0737feebfff600,0202AAE00300944D005A5811460E29EFBF1FFFFFFC2246CD1E00000FC0007EBFE9ED0737FEEBFFF600,
2026-07-14T15:39:16.042561+00:00,83.802963,valid,2734,769,2866807553,38065,41,hex,CAM,0202aae0030194b1005a5811460e29efbf1ffffffc2246cd1e00000fc0007ebfe9ed0737feebfff600,0202AAE0030194B1005A5811460E29EFBF1FFFFFFC2246CD1E00000FC0007EBFE9ED0737FEEBFFF600,
2026-07-14T15:39:16.134473+00:00,83.894875,valid,2734,770,2866807554,38165,41,hex,CAM,0202aae003029515005a5811460e29efbf1ffffffc2246cd1e00000fc0007ebfe9ed0737feebfff600,0202AAE003029515005A5811460E29EFBF1FFFFFFC2246CD1E00000FC0007EBFE9ED0737FEEBFFF600,
2026-07-14T15:39:16.236452+00:00,83.996853,valid,2734,771,2866807555,38265,41,hex,CAM,0202aae003039579005a5811460e29efbf1ffffffc2246cd1e00000fc0007ebfe9ed0737feebfff600,0202AAE003039579005A5811460E29EFBF1FFFFFFC2246CD1E00000FC0007EBFE9ED0737FEEBFFF600,
2026-07-14T15:39:16.338375+00:00,84.098777,valid,2734,772,2866807556,38365,41,hex,CAM,0202aae0030495dd005a5811460e29efbf1ffffffc2246cd1e00000fc0007ebfe9ed0737feebfff600,0202AAE0030495DD005A5811460E29EFBF1FFFFFFC2246CD1E00000FC0007EBFE9ED0737FEEBFFF600,
2026-07-14T15:39:16.440425+00:00,84.200827,valid,2734,773,2866807557,38465,41,hex,CAM,0202aae003059641005a5811460e29efbf1ffffffc2246cd1e00000fc0007ebfe9ed0737feebfff600,0202AAE003059641005A5811460E29EFBF1FFFFFFC2246CD1E00000FC0007EBFE9ED0737FEEBFFF600,
2026-07-14T15:39:16.542469+00:00,84.302870,valid,2734,774,2866807558,38565,41,hex,CAM,0202aae0030696a5005a5811460e29efbf1ffffffc2246cd1e00000fc0007ebfe9ed0737feebfff600,0202AAE0030696A5005A5811460E29EFBF1FFFFFFC2246CD1E00000FC0007EBFE9ED0737FEEBFFF600,
2026-07-14T15:39:16.634601+00:00,84.395001,valid,2734,775,2866807559,38665,41,hex,CAM,0202aae003079709005a5811460e29efbf1ffffffc2246cd1e00000fc0007ebfe9ed0737feebfff600,0202AAE003079709005A5811460E29EFBF1FFFFFFC2246CD1E00000FC0007EBFE9ED0737FEEBFFF600,
2026-07-14T15:39:16.736425+00:00,84.496828,valid,2734,776,2866807560,38765,41,hex,CAM,0202aae00308976d005a5811460e29efbf1ffffffc2246cd1e00000fc0007ebfe9ed0737feebfff600,0202AAE00308976D005A5811460E29EFBF1FFFFFFC2246CD1E00000FC0007EBFE9ED0737FEEBFFF600,
2026-07-14T15:39:16.838410+00:00,84.598810,valid,2734,777,2866807561,38865,41,hex,CAM,0202aae0030997d1005a5811460e29efbf1ffffffc2246cd1e00000fc0007ebfe9ed0737feebfff600,0202AAE0030997D1005A5811460E29EFBF1FFFFFFC2246CD1E00000FC0007EBFE9ED0737FEEBFFF600,
2026-07-14T15:39:16.940580+00:00,84.700985,valid,2734,778,2866807562,38965,41,hex,CAM,0202aae0030a9835005a5811460e29efbf1ffffffc2246cd1e00000fc0007ebfe9ed0737feebfff600,0202AAE0030A9835005A5811460E29EFBF1FFFFFFC2246CD1E00000FC0007EBFE9ED0737FEEBFFF600,
2026-07-14T15:39:17.042461+00:00,84.802870,valid,2734,779,2866807563,39065,41,hex,CAM,0202aae0030b9899005a5811460e29efbf1ffffffc2246cd1e00000fc0007ebfe9ed0737feebfff600,0202AAE0030B9899005A5811460E29EFBF1FFFFFFC2246CD1E00000FC0007EBFE9ED0737FEEBFFF600,
2026-07-14T15:39:17.134400+00:00,84.894802,valid,2734,780,2866807564,39165,41,hex,CAM,0202aae0030c98fd005a5811460e29efbf1ffffffc2246cd1e00000fc0007ebfe9ed0737feebfff600,0202AAE0030C98FD005A5811460E29EFBF1FFFFFFC2246CD1E00000FC0007EBFE9ED0737FEEBFFF600,
2026-07-14T15:39:17.236415+00:00,84.996816,valid,2734,781,2866807565,39265,41,hex,CAM,0202aae0030d9961005a5811460e29efbf1ffffffc2246cd1e00000fc0007ebfe9ed0737feebfff600,0202AAE0030D9961005A5811460E29EFBF1FFFFFFC2246CD1E00000FC0007EBFE9ED0737FEEBFFF600,
2026-07-14T15:39:17.338461+00:00,85.098863,valid,2734,782,2866807566,39365,41,hex,CAM,0202aae0030e99c5005a5811460e29efbf1ffffffc2246cd1e00000fc0007ebfe9ed0737feebfff600,0202AAE0030E99C5005A5811460E29EFBF1FFFFFFC2246CD1E00000FC0007EBFE9ED0737FEEBFFF600,
2026-07-14T15:39:17.440434+00:00,85.200835,valid,2734,783,2866807567,39465,41,hex,CAM,0202aae0030f9a29005a5811460e29efbf1ffffffc2246cd1e00000fc0007ebfe9ed0737feebfff600,0202AAE0030F9A29005A5811460E29EFBF1FFFFFFC2246CD1E00000FC0007EBFE9ED0737FEEBFFF600,
2026-07-14T15:39:17.542508+00:00,85.302914,valid,2734,784,2866807568,39565,41,hex,CAM,0202aae003109a8d005a5811460e29efbf1ffffffc2246cd1e00000fc0007ebfe9ed0737feebfff600,0202AAE003109A8D005A5811460E29EFBF1FFFFFFC2246CD1E00000FC0007EBFE9ED0737FEEBFFF600,
2026-07-14T15:39:17.634502+00:00,85.394905,valid,2734,785,2866807569,39665,41,hex,CAM,0202aae003119af1005a5811460e29efbf1ffffffc2246cd1e00000fc0007ebfe9ed0737feebfff600,0202AAE003119AF1005A5811460E29EFBF1FFFFFFC2246CD1E00000FC0007EBFE9ED0737FEEBFFF600,
2026-07-14T15:39:17.736479+00:00,85.496882,valid,2734,786,2866807570,39765,41,hex,CAM,0202aae003129b55005a5811460e29efbf1ffffffc2246cd1e00000fc0007ebfe9ed0737feebfff600,0202AAE003129B55005A5811460E29EFBF1FFFFFFC2246CD1E00000FC0007EBFE9ED0737FEEBFFF600,
2026-07-14T15:39:17.838475+00:00,85.598879,valid,2734,787,2866807571,39865,41,hex,CAM,0202aae003139bb9005a5811460e29efbf1ffffffc2246cd1e00000fc0007ebfe9ed0737feebfff600,0202AAE003139BB9005A5811460E29EFBF1FFFFFFC2246CD1E00000FC0007EBFE9ED0737FEEBFFF600,
2026-07-14T15:39:17.940583+00:00,85.700989,valid,2734,788,2866807572,39965,41,hex,CAM,0202aae003149c1d005a5811460e29efbf1ffffffc2246cd1e00000fc0007ebfe9ed0737feebfff600,0202AAE003149C1D005A5811460E29EFBF1FFFFFFC2246CD1E00000FC0007EBFE9ED0737FEEBFFF600,
2026-07-14T15:39:18.042460+00:00,85.802862,valid,2734,789,2866807573,40065,41,hex,CAM,0202aae003159c81005a5811460e29efbf1ffffffc2246cd1e00000fc0007ebfe9ed0737feebfff600,0202AAE003159C81005A5811460E29EFBF1FFFFFFC2246CD1E00000FC0007EBFE9ED0737FEEBFFF600,
2026-07-14T15:39:18.134409+00:00,85.894811,valid,2734,790,2866807574,40165,41,hex,CAM,0202aae003169ce5005a5811460e29efbf1ffffffc2246cd1e00000fc0007ebfe9ed0737feebfff600,0202AAE003169CE5005A5811460E29EFBF1FFFFFFC2246CD1E00000FC0007EBFE9ED0737FEEBFFF600,
2026-07-14T15:39:18.236366+00:00,85.996766,valid,2734,791,2866807575,40265,41,hex,CAM,0202aae003179d49005a5811460e29efbf1ffffffc2246cd1e00000fc0007ebfe9ed0737feebfff600,0202AAE003179D49005A5811460E29EFBF1FFFFFFC2246CD1E00000FC0007EBFE9ED0737FEEBFFF600,
2026-07-14T15:39:18.338327+00:00,86.098729,valid,2734,792,2866807576,40365,41,hex,CAM,0202aae003189dad005a5811460e29efbf1ffffffc2246cd1e00000fc0007ebfe9ed0737feebfff600,0202AAE003189DAD005A5811460E29EFBF1FFFFFFC2246CD1E00000FC0007EBFE9ED0737FEEBFFF600,
2026-07-14T15:39:18.440445+00:00,86.200846,valid,2734,793,2866807577,40465,41,hex,CAM,0202aae003199e11005a5811460e29efbf1ffffffc2246cd1e00000fc0007ebfe9ed0737feebfff600,0202AAE003199E11005A5811460E29EFBF1FFFFFFC2246CD1E00000FC0007EBFE9ED0737FEEBFFF600,
2026-07-14T15:39:18.542437+00:00,86.302838,valid,2734,794,2866807578,40565,41,hex,CAM,0202aae0031a9e75005a5811460e29efbf1ffffffc2246cd1e00000fc0007ebfe9ed0737feebfff600,0202AAE0031A9E75005A5811460E29EFBF1FFFFFFC2246CD1E00000FC0007EBFE9ED0737FEEBFFF600,
2026-07-14T15:39:18.634398+00:00,86.394799,valid,2734,795,2866807579,40665,41,hex,CAM,0202aae0031b9ed9005a5811460e29efbf1ffffffc2246cd1e00000fc0007ebfe9ed0737feebfff600,0202AAE0031B9ED9005A5811460E29EFBF1FFFFFFC2246CD1E00000FC0007EBFE9ED0737FEEBFFF600,
2026-07-14T15:39:18.736447+00:00,86.496848,valid,2734,796,2866807580,40765,41,hex,CAM,0202aae0031c9f3d005a5811460e29efbf1ffffffc2246cd1e00000fc0007ebfe9ed0737feebfff600,0202AAE0031C9F3D005A5811460E29EFBF1FFFFFFC2246CD1E00000FC0007EBFE9ED0737FEEBFFF600,
2026-07-14T15:39:18.837428+00:00,86.597814,valid,2734,797,2866807581,40865,41,hex,CAM,0202aae0031d9fa1005a5811460e29efbf1ffffffc2246cd1e00000fc0007ebfe9ed0737feebfff600,0202AAE0031D9FA1005A5811460E29EFBF1FFFFFFC2246CD1E00000FC0007EBFE9ED0737FEEBFFF600,
2026-07-14T15:39:18.940493+00:00,86.700898,valid,2734,798,2866807582,40965,41,hex,CAM,0202aae0031ea005005a5811460e29efbf1ffffffc2246cd1e00000fc0007ebfe9ed0737feebfff600,0202AAE0031EA005005A5811460E29EFBF1FFFFFFC2246CD1E00000FC0007EBFE9ED0737FEEBFFF600,
2026-07-14T15:39:19.042475+00:00,86.802876,valid,2734,799,2866807583,41065,41,hex,CAM,0202aae0031fa069005a5811460e29efbf1ffffffc2246cd1e00000fc0007ebfe9ed0737feebfff600,0202AAE0031FA069005A5811460E29EFBF1FFFFFFC2246CD1E00000FC0007EBFE9ED0737FEEBFFF600,
2026-07-14T15:39:19.134479+00:00,86.894881,valid,2734,800,2866807584,41165,41,hex,CAM,0202aae00320a0cd005a5811460e29efbf1ffffffc2246cd1e00000fc0007ebfe9ed0737feebfff600,0202AAE00320A0CD005A5811460E29EFBF1FFFFFFC2246CD1E00000FC0007EBFE9ED0737FEEBFFF600,
2026-07-14T15:39:19.236390+00:00,86.996792,valid,2734,801,2866807585,41265,41,hex,CAM,0202aae00321a131005a5811460e29efbf1ffffffc2246cd1e00000fc0007ebfe9ed0737feebfff600,0202AAE00321A131005A5811460E29EFBF1FFFFFFC2246CD1E00000FC0007EBFE9ED0737FEEBFFF600,
2026-07-14T15:39:19.338541+00:00,87.098946,valid,2734,802,2866807586,41365,41,hex,CAM,0202aae00322a195005a5811460e29efbf1ffffffc2246cd1e00000fc0007ebfe9ed0737feebfff600,0202AAE00322A195005A5811460E29EFBF1FFFFFFC2246CD1E00000FC0007EBFE9ED0737FEEBFFF600,
2026-07-14T15:39:19.440367+00:00,87.200767,valid,2734,803,2866807587,41465,41,hex,CAM,0202aae00323a1f9005a5811460e29efbf1ffffffc2246cd1e00000fc0007ebfe9ed0737feebfff600,0202AAE00323A1F9005A5811460E29EFBF1FFFFFFC2246CD1E00000FC0007EBFE9ED0737FEEBFFF600,
2026-07-14T15:39:19.542436+00:00,87.302837,valid,2734,804,2866807588,41565,41,hex,CAM,0202aae00324a25d005a5811460e29efbf1ffffffc2246cd1e00000fc0007ebfe9ed0737feebfff600,0202AAE00324A25D005A5811460E29EFBF1FFFFFFC2246CD1E00000FC0007EBFE9ED0737FEEBFFF600,
2026-07-14T15:39:19.634419+00:00,87.394820,valid,2734,805,2866807589,41665,41,hex,CAM,0202aae00325a2c1005a5811460e29efbf1ffffffc2246cd1e00000fc0007ebfe9ed0737feebfff600,0202AAE00325A2C1005A5811460E29EFBF1FFFFFFC2246CD1E00000FC0007EBFE9ED0737FEEBFFF600,
2026-07-14T15:39:19.736500+00:00,87.496900,valid,2734,806,2866807590,41765,41,hex,CAM,0202aae00326a325005a5811460e29efbf1ffffffc2246cd1e00000fc0007ebfe9ed0737feebfff600,0202AAE00326A325005A5811460E29EFBF1FFFFFFC2246CD1E00000FC0007EBFE9ED0737FEEBFFF600,
2026-07-14T15:39:19.838440+00:00,87.598841,valid,2734,807,2866807591,41865,41,hex,CAM,0202aae00327a389005a5811460e29efbf1ffffffc2246cd1e00000fc0007ebfe9ed0737feebfff600,0202AAE00327A389005A5811460E29EFBF1FFFFFFC2246CD1E00000FC0007EBFE9ED0737FEEBFFF600,
2026-07-14T15:39:19.940433+00:00,87.700838,valid,2734,808,2866807592,41965,41,hex,CAM,0202aae00328a3ed005a5811460e29efbf1ffffffc2246cd1e00000fc0007ebfe9ed0737feebfff600,0202AAE00328A3ED005A5811460E29EFBF1FFFFFFC2246CD1E00000FC0007EBFE9ED0737FEEBFFF600,
2026-07-14T15:39:20.042271+00:00,87.802672,valid,2734,809,2866807593,42065,41,hex,CAM,0202aae00329a451005a5811460e29efbf1ffffffc2246cd1e00000fc0007ebfe9ed0737feebfff600,0202AAE00329A451005A5811460E29EFBF1FFFFFFC2246CD1E00000FC0007EBFE9ED0737FEEBFFF600,
2026-07-14T15:39:20.134336+00:00,87.894738,valid,2734,810,2866807594,42165,41,hex,CAM,0202aae0032aa4b5005a5811460e29efbf1ffffffc2246cd1e00000fc0007ebfe9ed0737feebfff600,0202AAE0032AA4B5005A5811460E29EFBF1FFFFFFC2246CD1E00000FC0007EBFE9ED0737FEEBFFF600,
2026-07-14T15:39:20.236413+00:00,87.996813,valid,2734,811,2866807595,42265,41,hex,CAM,0202aae0032ba519005a5811460e29efbf1ffffffc2246cd1e00000fc0007ebfe9ed0737feebfff600,0202AAE0032BA519005A5811460E29EFBF1FFFFFFC2246CD1E00000FC0007EBFE9ED0737FEEBFFF600,
2026-07-14T15:39:20.338439+00:00,88.098839,valid,2734,812,2866807596,42365,41,hex,CAM,0202aae0032ca57d005a5811460e29efbf1ffffffc2246cd1e00000fc0007ebfe9ed0737feebfff600,0202AAE0032CA57D005A5811460E29EFBF1FFFFFFC2246CD1E00000FC0007EBFE9ED0737FEEBFFF600,
2026-07-14T15:39:20.440457+00:00,88.200862,valid,2734,813,2866807597,42465,41,hex,CAM,0202aae0032da5e1005a5811460e29efbf1ffffffc2246cd1e00000fc0007ebfe9ed0737feebfff600,0202AAE0032DA5E1005A5811460E29EFBF1FFFFFFC2246CD1E00000FC0007EBFE9ED0737FEEBFFF600,
2026-07-14T15:39:20.542476+00:00,88.302879,valid,2734,814,2866807598,42565,41,hex,CAM,0202aae0032ea645005a5811460e29efbf1ffffffc2246cd1e00000fc0007ebfe9ed0737feebfff600,0202AAE0032EA645005A5811460E29EFBF1FFFFFFC2246CD1E00000FC0007EBFE9ED0737FEEBFFF600,
2026-07-14T15:39:20.634416+00:00,88.394818,valid,2734,815,2866807599,42665,41,hex,CAM,0202aae0032fa6a9005a5811460e29efbf1ffffffc2246cd1e00000fc0007ebfe9ed0737feebfff600,0202AAE0032FA6A9005A5811460E29EFBF1FFFFFFC2246CD1E00000FC0007EBFE9ED0737FEEBFFF600,
2026-07-14T15:39:20.736461+00:00,88.496865,valid,2734,816,2866807600,42765,41,hex,CAM,0202aae00330a70d005a5811460e29efbf1ffffffc2246cd1e00000fc0007ebfe9ed0737feebfff600,0202AAE00330A70D005A5811460E29EFBF1FFFFFFC2246CD1E00000FC0007EBFE9ED0737FEEBFFF600,
2026-07-14T15:39:20.838417+00:00,88.598819,valid,2734,817,2866807601,42865,41,hex,CAM,0202aae00331a771005a5811460e29efbf1ffffffc2246cd1e00000fc0007ebfe9ed0737feebfff600,0202AAE00331A771005A5811460E29EFBF1FFFFFFC2246CD1E00000FC0007EBFE9ED0737FEEBFFF600,
2026-07-14T15:39:20.940520+00:00,88.700923,valid,2734,818,2866807602,42965,41,hex,CAM,0202aae00332a7d5005a5811460e29efbf1ffffffc2246cd1e00000fc0007ebfe9ed0737feebfff600,0202AAE00332A7D5005A5811460E29EFBF1FFFFFFC2246CD1E00000FC0007EBFE9ED0737FEEBFFF600,
2026-07-14T15:39:21.042543+00:00,88.802946,valid,2734,819,2866807603,43065,41,hex,CAM,0202aae00333a839005a5811460e29efbf1ffffffc2246cd1e00000fc0007ebfe9ed0737feebfff600,0202AAE00333A839005A5811460E29EFBF1FFFFFFC2246CD1E00000FC0007EBFE9ED0737FEEBFFF600,
2026-07-14T15:39:21.134551+00:00,88.894954,valid,2734,820,2866807604,43165,41,hex,CAM,0202aae00334a89d005a5811460e29efbf1ffffffc2246cd1e00000fc0007ebfe9ed0737feebfff600,0202AAE00334A89D005A5811460E29EFBF1FFFFFFC2246CD1E00000FC0007EBFE9ED0737FEEBFFF600,
2026-07-14T15:39:21.236542+00:00,88.996944,valid,2734,821,2866807605,43265,41,hex,CAM,0202aae00335a901005a5811460e29efbf1ffffffc2246cd1e00000fc0007ebfe9ed0737feebfff600,0202AAE00335A901005A5811460E29EFBF1FFFFFFC2246CD1E00000FC0007EBFE9ED0737FEEBFFF600,
2026-07-14T15:39:21.338517+00:00,89.098917,valid,2734,822,2866807606,43365,41,hex,CAM,0202aae00336a965005a5811460e29efbf1ffffffc2246cd1e00000fc0007ebfe9ed0737feebfff600,0202AAE00336A965005A5811460E29EFBF1FFFFFFC2246CD1E00000FC0007EBFE9ED0737FEEBFFF600,
2026-07-14T15:39:21.440518+00:00,89.200919,valid,2734,823,2866807607,43465,41,hex,CAM,0202aae00337a9c9005a5811460e29efbf1ffffffc2246cd1e00000fc0007ebfe9ed0737feebfff600,0202AAE00337A9C9005A5811460E29EFBF1FFFFFFC2246CD1E00000FC0007EBFE9ED0737FEEBFFF600,
2026-07-14T15:39:21.542510+00:00,89.302910,valid,2734,824,2866807608,43565,41,hex,CAM,0202aae00338aa2d005a5811460e29efbf1ffffffc2246cd1e00000fc0007ebfe9ed0737feebfff600,0202AAE00338AA2D005A5811460E29EFBF1FFFFFFC2246CD1E00000FC0007EBFE9ED0737FEEBFFF600,
2026-07-14T15:39:21.634445+00:00,89.394846,valid,2734,825,2866807609,43665,41,hex,CAM,0202aae00339aa91005a5811460e29efbf1ffffffc2246cd1e00000fc0007ebfe9ed0737feebfff600,0202AAE00339AA91005A5811460E29EFBF1FFFFFFC2246CD1E00000FC0007EBFE9ED0737FEEBFFF600,
2026-07-14T15:39:21.736598+00:00,89.497003,valid,2734,826,2866807610,43765,41,hex,CAM,0202aae0033aaaf5005a5811460e29efbf1ffffffc2246cd1e00000fc0007ebfe9ed0737feebfff600,0202AAE0033AAAF5005A5811460E29EFBF1FFFFFFC2246CD1E00000FC0007EBFE9ED0737FEEBFFF600,
2026-07-14T15:39:21.838643+00:00,89.599046,valid,2734,827,2866807611,43865,41,hex,CAM,0202aae0033bab59005a5811460e29efbf1ffffffc2246cd1e00000fc0007ebfe9ed0737feebfff600,0202AAE0033BAB59005A5811460E29EFBF1FFFFFFC2246CD1E00000FC0007EBFE9ED0737FEEBFFF600,
2026-07-14T15:39:21.940525+00:00,89.700927,valid,2734,828,2866807612,43965,41,hex,CAM,0202aae0033cabbd005a5811460e29efbf1ffffffc2246cd1e00000fc0007ebfe9ed0737feebfff600,0202AAE0033CABBD005A5811460E29EFBF1FFFFFFC2246CD1E00000FC0007EBFE9ED0737FEEBFFF600,
2026-07-14T15:39:22.042600+00:00,89.803004,valid,2734,829,2866807613,44065,41,hex,CAM,0202aae0033dac21005a5811460e29efbf1ffffffc2246cd1e00000fc0007ebfe9ed0737feebfff600,0202AAE0033DAC21005A5811460E29EFBF1FFFFFFC2246CD1E00000FC0007EBFE9ED0737FEEBFFF600,
2026-07-14T15:39:22.134546+00:00,89.894948,valid,2734,830,2866807614,44165,41,hex,CAM,0202aae0033eac85005a5811460e29efbf1ffffffc2246cd1e00000fc0007ebfe9ed0737feebfff600,0202AAE0033EAC85005A5811460E29EFBF1FFFFFFC2246CD1E00000FC0007EBFE9ED0737FEEBFFF600,
2026-07-14T15:39:22.236555+00:00,89.996956,valid,2734,831,2866807615,44265,41,hex,CAM,0202aae0033face9005a5811460e29efbf1ffffffc2246cd1e00000fc0007ebfe9ed0737feebfff600,0202AAE0033FACE9005A5811460E29EFBF1FFFFFFC2246CD1E00000FC0007EBFE9ED0737FEEBFFF600,
2026-07-14T15:39:22.338493+00:00,90.098894,valid,2734,832,2866807616,44365,41,hex,CAM,0202aae00340ad4d005a5811460e29efbf1ffffffc2246cd1e00000fc0007ebfe9ed0737feebfff600,0202AAE00340AD4D005A5811460E29EFBF1FFFFFFC2246CD1E00000FC0007EBFE9ED0737FEEBFFF600,
2026-07-14T15:39:22.440425+00:00,90.200825,valid,2734,833,2866807617,44465,41,hex,CAM,0202aae00341adb1005a5811460e29efbf1ffffffc2246cd1e00000fc0007ebfe9ed0737feebfff600,0202AAE00341ADB1005A5811460E29EFBF1FFFFFFC2246CD1E00000FC0007EBFE9ED0737FEEBFFF600,
2026-07-14T15:39:22.542537+00:00,90.302938,valid,2734,834,2866807618,44565,41,hex,CAM,0202aae00342ae15005a5811460e29efbf1ffffffc2246cd1e00000fc0007ebfe9ed0737feebfff600,0202AAE00342AE15005A5811460E29EFBF1FFFFFFC2246CD1E00000FC0007EBFE9ED0737FEEBFFF600,
2026-07-14T15:39:22.634516+00:00,90.394917,valid,2734,835,2866807619,44665,41,hex,CAM,0202aae00343ae79005a5811460e29efbf1ffffffc2246cd1e00000fc0007ebfe9ed0737feebfff600,0202AAE00343AE79005A5811460E29EFBF1FFFFFFC2246CD1E00000FC0007EBFE9ED0737FEEBFFF600,
2026-07-14T15:39:22.736579+00:00,90.496980,valid,2734,836,2866807620,44765,41,hex,CAM,0202aae00344aedd005a5811460e29efbf1ffffffc2246cd1e00000fc0007ebfe9ed0737feebfff600,0202AAE00344AEDD005A5811460E29EFBF1FFFFFFC2246CD1E00000FC0007EBFE9ED0737FEEBFFF600,
2026-07-14T15:39:22.838482+00:00,90.598883,valid,2734,837,2866807621,44865,41,hex,CAM,0202aae00345af41005a5811460e29efbf1ffffffc2246cd1e00000fc0007ebfe9ed0737feebfff600,0202AAE00345AF41005A5811460E29EFBF1FFFFFFC2246CD1E00000FC0007EBFE9ED0737FEEBFFF600,
2026-07-14T15:39:22.940592+00:00,90.700996,valid,2734,838,2866807622,44965,41,hex,CAM,0202aae00346afa5005a5811460e29efbf1ffffffc2246cd1e00000fc0007ebfe9ed0737feebfff600,0202AAE00346AFA5005A5811460E29EFBF1FFFFFFC2246CD1E00000FC0007EBFE9ED0737FEEBFFF600,
2026-07-14T15:39:23.042587+00:00,90.802991,valid,2734,839,2866807623,45065,41,hex,CAM,0202aae00347b009005a5811460e29efbf1ffffffc2246cd1e00000fc0007ebfe9ed0737feebfff600,0202AAE00347B009005A5811460E29EFBF1FFFFFFC2246CD1E00000FC0007EBFE9ED0737FEEBFFF600,
2026-07-14T15:39:23.134545+00:00,90.894949,valid,2734,840,2866807624,45165,41,hex,CAM,0202aae00348b06d005a5811460e29efbf1ffffffc2246cd1e00000fc0007ebfe9ed0737feebfff600,0202AAE00348B06D005A5811460E29EFBF1FFFFFFC2246CD1E00000FC0007EBFE9ED0737FEEBFFF600,
2026-07-14T15:39:23.236560+00:00,90.996961,valid,2734,841,2866807625,45265,41,hex,CAM,0202aae00349b0d1005a5811460e29efbf1ffffffc2246cd1e00000fc0007ebfe9ed0737feebfff600,0202AAE00349B0D1005A5811460E29EFBF1FFFFFFC2246CD1E00000FC0007EBFE9ED0737FEEBFFF600,
2026-07-14T15:39:23.338571+00:00,91.098971,valid,2734,842,2866807626,45365,41,hex,CAM,0202aae0034ab135005a5811460e29efbf1ffffffc2246cd1e00000fc0007ebfe9ed0737feebfff600,0202AAE0034AB135005A5811460E29EFBF1FFFFFFC2246CD1E00000FC0007EBFE9ED0737FEEBFFF600,
2026-07-14T15:39:23.440531+00:00,91.200932,valid,2734,843,2866807627,45465,41,hex,CAM,0202aae0034bb199005a5811460e29efbf1ffffffc2246cd1e00000fc0007ebfe9ed0737feebfff600,0202AAE0034BB199005A5811460E29EFBF1FFFFFFC2246CD1E00000FC0007EBFE9ED0737FEEBFFF600,
2026-07-14T15:39:23.542579+00:00,91.302981,valid,2734,844,2866807628,45565,41,hex,CAM,0202aae0034cb1fd005a5811460e29efbf1ffffffc2246cd1e00000fc0007ebfe9ed0737feebfff600,0202AAE0034CB1FD005A5811460E29EFBF1FFFFFFC2246CD1E00000FC0007EBFE9ED0737FEEBFFF600,
2026-07-14T15:39:23.634565+00:00,91.394965,valid,2734,845,2866807629,45665,41,hex,CAM,0202aae0034db261005a5811460e29efbf1ffffffc2246cd1e00000fc0007ebfe9ed0737feebfff600,0202AAE0034DB261005A5811460E29EFBF1FFFFFFC2246CD1E00000FC0007EBFE9ED0737FEEBFFF600,
2026-07-14T15:39:23.736733+00:00,91.497135,valid,2734,846,2866807630,45765,41,hex,CAM,0202aae0034eb2c5005a5811460e29efbf1ffffffc2246cd1e00000fc0007ebfe9ed0737feebfff600,0202AAE0034EB2C5005A5811460E29EFBF1FFFFFFC2246CD1E00000FC0007EBFE9ED0737FEEBFFF600,
2026-07-14T15:39:23.838500+00:00,91.598902,valid,2734,847,2866807631,45865,41,hex,CAM,0202aae0034fb329005a5811460e29efbf1ffffffc2246cd1e00000fc0007ebfe9ed0737feebfff600,0202AAE0034FB329005A5811460E29EFBF1FFFFFFC2246CD1E00000FC0007EBFE9ED0737FEEBFFF600,
2026-07-14T15:39:23.940475+00:00,91.700881,valid,2734,848,2866807632,45965,41,hex,CAM,0202aae00350b38d005a5811460e29efbf1ffffffc2246cd1e00000fc0007ebfe9ed0737feebfff600,0202AAE00350B38D005A5811460E29EFBF1FFFFFFC2246CD1E00000FC0007EBFE9ED0737FEEBFFF600,
2026-07-14T15:39:24.042438+00:00,91.802841,valid,2734,849,2866807633,46065,41,hex,CAM,0202aae00351b3f1005a5811460e29efbf1ffffffc2246cd1e00000fc0007ebfe9ed0737feebfff600,0202AAE00351B3F1005A5811460E29EFBF1FFFFFFC2246CD1E00000FC0007EBFE9ED0737FEEBFFF600,
2026-07-14T15:39:24.134484+00:00,91.894888,valid,2734,850,2866807634,46165,41,hex,CAM,0202aae00352b455005a5811460e29efbf1ffffffc2246cd1e00000fc0007ebfe9ed0737feebfff600,0202AAE00352B455005A5811460E29EFBF1FFFFFFC2246CD1E00000FC0007EBFE9ED0737FEEBFFF600,
2026-07-14T15:39:24.236536+00:00,91.996938,valid,2734,851,2866807635,46265,41,hex,CAM,0202aae00353b4b9005a5811460e29efbf1ffffffc2246cd1e00000fc0007ebfe9ed0737feebfff600,0202AAE00353B4B9005A5811460E29EFBF1FFFFFFC2246CD1E00000FC0007EBFE9ED0737FEEBFFF600,
2026-07-14T15:39:24.338564+00:00,92.098965,valid,2734,852,2866807636,46365,41,hex,CAM,0202aae00354b51d005a5811460e29efbf1ffffffc2246cd1e00000fc0007ebfe9ed0737feebfff600,0202AAE00354B51D005A5811460E29EFBF1FFFFFFC2246CD1E00000FC0007EBFE9ED0737FEEBFFF600,
2026-07-14T15:39:24.440588+00:00,92.200988,valid,2734,853,2866807637,46465,41,hex,CAM,0202aae00355b581005a5811460e29efbf1ffffffc2246cd1e00000fc0007ebfe9ed0737feebfff600,0202AAE00355B581005A5811460E29EFBF1FFFFFFC2246CD1E00000FC0007EBFE9ED0737FEEBFFF600,
2026-07-14T15:39:24.542558+00:00,92.302959,valid,2734,854,2866807638,46565,41,hex,CAM,0202aae00356b5e5005a5811460e29efbf1ffffffc2246cd1e00000fc0007ebfe9ed0737feebfff600,0202AAE00356B5E5005A5811460E29EFBF1FFFFFFC2246CD1E00000FC0007EBFE9ED0737FEEBFFF600,
2026-07-14T15:39:24.634518+00:00,92.394918,valid,2734,855,2866807639,46665,41,hex,CAM,0202aae00357b649005a5811460e29efbf1ffffffc2246cd1e00000fc0007ebfe9ed0737feebfff600,0202AAE00357B649005A5811460E29EFBF1FFFFFFC2246CD1E00000FC0007EBFE9ED0737FEEBFFF600,
2026-07-14T15:39:24.736554+00:00,92.496956,valid,2734,856,2866807640,46765,41,hex,CAM,0202aae00358b6ad005a5811460e29efbf1ffffffc2246cd1e00000fc0007ebfe9ed0737feebfff600,0202AAE00358B6AD005A5811460E29EFBF1FFFFFFC2246CD1E00000FC0007EBFE9ED0737FEEBFFF600,
2026-07-14T15:39:24.838561+00:00,92.598963,valid,2734,857,2866807641,46865,41,hex,CAM,0202aae00359b711005a5811460e29efbf1ffffffc2246cd1e00000fc0007ebfe9ed0737feebfff600,0202AAE00359B711005A5811460E29EFBF1FFFFFFC2246CD1E00000FC0007EBFE9ED0737FEEBFFF600,
2026-07-14T15:39:24.940480+00:00,92.700883,valid,2734,858,2866807642,46965,41,hex,CAM,0202aae0035ab775005a5811460e29efbf1ffffffc2246cd1e00000fc0007ebfe9ed0737feebfff600,0202AAE0035AB775005A5811460E29EFBF1FFFFFFC2246CD1E00000FC0007EBFE9ED0737FEEBFFF600,
2026-07-14T15:39:25.042561+00:00,92.802966,valid,2734,859,2866807643,47065,41,hex,CAM,0202aae0035bb7d9005a5811460e29efbf1ffffffc2246cd1e00000fc0007ebfe9ed0737feebfff600,0202AAE0035BB7D9005A5811460E29EFBF1FFFFFFC2246CD1E00000FC0007EBFE9ED0737FEEBFFF600,
2026-07-14T15:39:25.134645+00:00,92.895049,valid,2734,860,2866807644,47165,41,hex,CAM,0202aae0035cb83d005a5811460e29efbf1ffffffc2246cd1e00000fc0007ebfe9ed0737feebfff600,0202AAE0035CB83D005A5811460E29EFBF1FFFFFFC2246CD1E00000FC0007EBFE9ED0737FEEBFFF600,
2026-07-14T15:39:25.236566+00:00,92.996968,valid,2734,861,2866807645,47265,41,hex,CAM,0202aae0035db8a1005a5811460e29efbf1ffffffc2246cd1e00000fc0007ebfe9ed0737feebfff600,0202AAE0035DB8A1005A5811460E29EFBF1FFFFFFC2246CD1E00000FC0007EBFE9ED0737FEEBFFF600,
2026-07-14T15:39:25.338608+00:00,93.099028,valid,2734,862,2866807646,47365,41,hex,CAM,0202aae0035eb905005a5811460e29efbf1ffffffc2246cd1e00000fc0007ebfe9ed0737feebfff600,0202AAE0035EB905005A5811460E29EFBF1FFFFFFC2246CD1E00000FC0007EBFE9ED0737FEEBFFF600,
2026-07-14T15:39:25.440583+00:00,93.200984,valid,2734,863,2866807647,47465,41,hex,CAM,0202aae0035fb969005a5811460e29efbf1ffffffc2246cd1e00000fc0007ebfe9ed0737feebfff600,0202AAE0035FB969005A5811460E29EFBF1FFFFFFC2246CD1E00000FC0007EBFE9ED0737FEEBFFF600,
2026-07-14T15:39:25.542595+00:00,93.302996,valid,2734,864,2866807648,47565,41,hex,CAM,0202aae00360b9cd005a5811460e29efbf1ffffffc2246cd1e00000fc0007ebfe9ed0737feebfff600,0202AAE00360B9CD005A5811460E29EFBF1FFFFFFC2246CD1E00000FC0007EBFE9ED0737FEEBFFF600,
2026-07-14T15:39:25.634523+00:00,93.394924,valid,2734,865,2866807649,47665,41,hex,CAM,0202aae00361ba31005a5811460e29efbf1ffffffc2246cd1e00000fc0007ebfe9ed0737feebfff600,0202AAE00361BA31005A5811460E29EFBF1FFFFFFC2246CD1E00000FC0007EBFE9ED0737FEEBFFF600,
2026-07-14T15:39:25.736585+00:00,93.496991,valid,2734,866,2866807650,47765,41,hex,CAM,0202aae00362ba95005a5811460e29efbf1ffffffc2246cd1e00000fc0007ebfe9ed0737feebfff600,0202AAE00362BA95005A5811460E29EFBF1FFFFFFC2246CD1E00000FC0007EBFE9ED0737FEEBFFF600,
2026-07-14T15:39:25.838512+00:00,93.598910,valid,2734,867,2866807651,47865,41,hex,CAM,0202aae00363baf9005a5811460e29efbf1ffffffc2246cd1e00000fc0007ebfe9ed0737feebfff600,0202AAE00363BAF9005A5811460E29EFBF1FFFFFFC2246CD1E00000FC0007EBFE9ED0737FEEBFFF600,
2026-07-14T15:39:25.940505+00:00,93.700909,valid,2734,868,2866807652,47965,41,hex,CAM,0202aae00364bb5d005a5811460e29efbf1ffffffc2246cd1e00000fc0007ebfe9ed0737feebfff600,0202AAE00364BB5D005A5811460E29EFBF1FFFFFFC2246CD1E00000FC0007EBFE9ED0737FEEBFFF600,
2026-07-14T15:39:26.042531+00:00,93.802933,valid,2734,869,2866807653,48065,41,hex,CAM,0202aae00365bbc1005a5811460e29efbf1ffffffc2246cd1e00000fc0007ebfe9ed0737feebfff600,0202AAE00365BBC1005A5811460E29EFBF1FFFFFFC2246CD1E00000FC0007EBFE9ED0737FEEBFFF600,
2026-07-14T15:39:26.134728+00:00,93.895130,valid,2734,870,2866807654,48165,41,hex,CAM,0202aae00366bc25005a5811460e29efbf1ffffffc2246cd1e00000fc0007ebfe9ed0737feebfff600,0202AAE00366BC25005A5811460E29EFBF1FFFFFFC2246CD1E00000FC0007EBFE9ED0737FEEBFFF600,
2026-07-14T15:39:26.236518+00:00,93.996922,valid,2734,871,2866807655,48265,41,hex,CAM,0202aae00367bc89005a5811460e29efbf1ffffffc2246cd1e00000fc0007ebfe9ed0737feebfff600,0202AAE00367BC89005A5811460E29EFBF1FFFFFFC2246CD1E00000FC0007EBFE9ED0737FEEBFFF600,
2026-07-14T15:39:26.338659+00:00,94.099060,valid,2734,872,2866807656,48365,41,hex,CAM,0202aae00368bced005a5811460e29efbf1ffffffc2246cd1e00000fc0007ebfe9ed0737feebfff600,0202AAE00368BCED005A5811460E29EFBF1FFFFFFC2246CD1E00000FC0007EBFE9ED0737FEEBFFF600,
2026-07-14T15:39:26.440596+00:00,94.200997,valid,2734,873,2866807657,48465,41,hex,CAM,0202aae00369bd51005a5811460e29efbf1ffffffc2246cd1e00000fc0007ebfe9ed0737feebfff600,0202AAE00369BD51005A5811460E29EFBF1FFFFFFC2246CD1E00000FC0007EBFE9ED0737FEEBFFF600,
2026-07-14T15:39:26.542600+00:00,94.303002,valid,2734,874,2866807658,48565,41,hex,CAM,0202aae0036abdb5005a5811460e29efbf1ffffffc2246cd1e00000fc0007ebfe9ed0737feebfff600,0202AAE0036ABDB5005A5811460E29EFBF1FFFFFFC2246CD1E00000FC0007EBFE9ED0737FEEBFFF600,
2026-07-14T15:39:26.634521+00:00,94.394921,valid,2734,875,2866807659,48665,41,hex,CAM,0202aae0036bbe19005a5811460e29efbf1ffffffc2246cd1e00000fc0007ebfe9ed0737feebfff600,0202AAE0036BBE19005A5811460E29EFBF1FFFFFFC2246CD1E00000FC0007EBFE9ED0737FEEBFFF600,
2026-07-14T15:39:26.736579+00:00,94.496979,valid,2734,876,2866807660,48765,41,hex,CAM,0202aae0036cbe7d005a5811460e29efbf1ffffffc2246cd1e00000fc0007ebfe9ed0737feebfff600,0202AAE0036CBE7D005A5811460E29EFBF1FFFFFFC2246CD1E00000FC0007EBFE9ED0737FEEBFFF600,
2026-07-14T15:39:26.838683+00:00,94.599090,valid,2734,877,2866807661,48865,41,hex,CAM,0202aae0036dbee1005a5811460e29efbf1ffffffc2246cd1e00000fc0007ebfe9ed0737feebfff600,0202AAE0036DBEE1005A5811460E29EFBF1FFFFFFC2246CD1E00000FC0007EBFE9ED0737FEEBFFF600,
2026-07-14T15:39:26.940582+00:00,94.700990,valid,2734,878,2866807662,48965,41,hex,CAM,0202aae0036ebf45005a5811460e29efbf1ffffffc2246cd1e00000fc0007ebfe9ed0737feebfff600,0202AAE0036EBF45005A5811460E29EFBF1FFFFFFC2246CD1E00000FC0007EBFE9ED0737FEEBFFF600,
2026-07-14T15:39:27.042616+00:00,94.803031,valid,2734,879,2866807663,49065,41,hex,CAM,0202aae0036fbfa9005a5811460e29efbf1ffffffc2246cd1e00000fc0007ebfe9ed0737feebfff600,0202AAE0036FBFA9005A5811460E29EFBF1FFFFFFC2246CD1E00000FC0007EBFE9ED0737FEEBFFF600,
2026-07-14T15:39:27.134570+00:00,94.894977,valid,2734,880,2866807664,49165,41,hex,CAM,0202aae00370c00d005a5811460e29efbf1ffffffc2246cd1e00000fc0007ebfe9ed0737feebfff600,0202AAE00370C00D005A5811460E29EFBF1FFFFFFC2246CD1E00000FC0007EBFE9ED0737FEEBFFF600,
2026-07-14T15:39:27.236604+00:00,94.997020,valid,2734,881,2866807665,49265,41,hex,CAM,0202aae00371c071005a5811460e29efbf1ffffffc2246cd1e00000fc0007ebfe9ed0737feebfff600,0202AAE00371C071005A5811460E29EFBF1FFFFFFC2246CD1E00000FC0007EBFE9ED0737FEEBFFF600,
2026-07-14T15:39:27.338624+00:00,95.099040,valid,2734,882,2866807666,49365,41,hex,CAM,0202aae00372c0d5005a5811460e29efbf1ffffffc2246cd1e00000fc0007ebfe9ed0737feebfff600,0202AAE00372C0D5005A5811460E29EFBF1FFFFFFC2246CD1E00000FC0007EBFE9ED0737FEEBFFF600,
2026-07-14T15:39:27.440590+00:00,95.200998,valid,2734,883,2866807667,49465,41,hex,CAM,0202aae00373c139005a5811460e29efbf1ffffffc2246cd1e00000fc0007ebfe9ed0737feebfff600,0202AAE00373C139005A5811460E29EFBF1FFFFFFC2246CD1E00000FC0007EBFE9ED0737FEEBFFF600,
2026-07-14T15:39:27.542569+00:00,95.302970,valid,2734,884,2866807668,49565,41,hex,CAM,0202aae00374c19d005a5811460e29efbf1ffffffc2246cd1e00000fc0007ebfe9ed0737feebfff600,0202AAE00374C19D005A5811460E29EFBF1FFFFFFC2246CD1E00000FC0007EBFE9ED0737FEEBFFF600,
2026-07-14T15:39:27.634512+00:00,95.394912,valid,2734,885,2866807669,49665,41,hex,CAM,0202aae00375c201005a5811460e29efbf1ffffffc2246cd1e00000fc0007ebfe9ed0737feebfff600,0202AAE00375C201005A5811460E29EFBF1FFFFFFC2246CD1E00000FC0007EBFE9ED0737FEEBFFF600,
2026-07-14T15:39:27.736625+00:00,95.497039,valid,2734,886,2866807670,49765,41,hex,CAM,0202aae00376c265005a5811460e29efbf1ffffffc2246cd1e00000fc0007ebfe9ed0737feebfff600,0202AAE00376C265005A5811460E29EFBF1FFFFFFC2246CD1E00000FC0007EBFE9ED0737FEEBFFF600,
2026-07-14T15:39:27.838598+00:00,95.599000,valid,2734,887,2866807671,49865,41,hex,CAM,0202aae00377c2c9005a5811460e29efbf1ffffffc2246cd1e00000fc0007ebfe9ed0737feebfff600,0202AAE00377C2C9005A5811460E29EFBF1FFFFFFC2246CD1E00000FC0007EBFE9ED0737FEEBFFF600,
2026-07-14T15:39:27.940512+00:00,95.700916,valid,2734,888,2866807672,49965,41,hex,CAM,0202aae00378c32d005a5811460e29efbf1ffffffc2246cd1e00000fc0007ebfe9ed0737feebfff600,0202AAE00378C32D005A5811460E29EFBF1FFFFFFC2246CD1E00000FC0007EBFE9ED0737FEEBFFF600,
2026-07-14T15:39:28.042499+00:00,95.802904,valid,2734,889,2866807673,50065,41,hex,CAM,0202aae00379c391005a5811460e29efbf1ffffffc2246cd1e00000fc0007ebfe9ed0737feebfff600,0202AAE00379C391005A5811460E29EFBF1FFFFFFC2246CD1E00000FC0007EBFE9ED0737FEEBFFF600,
2026-07-14T15:39:28.134506+00:00,95.894908,valid,2734,890,2866807674,50165,41,hex,CAM,0202aae0037ac3f5005a5811460e29efbf1ffffffc2246cd1e00000fc0007ebfe9ed0737feebfff600,0202AAE0037AC3F5005A5811460E29EFBF1FFFFFFC2246CD1E00000FC0007EBFE9ED0737FEEBFFF600,
2026-07-14T15:39:28.235600+00:00,95.995986,valid,2734,891,2866807675,50265,41,hex,CAM,0202aae0037bc459005a5811460e29efbf1ffffffc2246cd1e00000fc0007ebfe9ed0737feebfff600,0202AAE0037BC459005A5811460E29EFBF1FFFFFFC2246CD1E00000FC0007EBFE9ED0737FEEBFFF600,
2026-07-14T15:39:28.338609+00:00,96.099030,valid,2734,892,2866807676,50365,41,hex,CAM,0202aae0037cc4bd005a5811460e29efbf1ffffffc2246cd1e00000fc0007ebfe9ed0737feebfff600,0202AAE0037CC4BD005A5811460E29EFBF1FFFFFFC2246CD1E00000FC0007EBFE9ED0737FEEBFFF600,
2026-07-14T15:39:28.440568+00:00,96.200970,valid,2734,893,2866807677,50465,41,hex,CAM,0202aae0037dc521005a5811460e29efbf1ffffffc2246cd1e00000fc0007ebfe9ed0737feebfff600,0202AAE0037DC521005A5811460E29EFBF1FFFFFFC2246CD1E00000FC0007EBFE9ED0737FEEBFFF600,
2026-07-14T15:39:28.542522+00:00,96.302923,valid,2734,894,2866807678,50565,41,hex,CAM,0202aae0037ec585005a5811460e29efbf1ffffffc2246cd1e00000fc0007ebfe9ed0737feebfff600,0202AAE0037EC585005A5811460E29EFBF1FFFFFFC2246CD1E00000FC0007EBFE9ED0737FEEBFFF600,
2026-07-14T15:39:28.634546+00:00,96.394946,valid,2734,895,2866807679,50665,41,hex,CAM,0202aae0037fc5e9005a5811460e29efbf1ffffffc2246cd1e00000fc0007ebfe9ed0737feebfff600,0202AAE0037FC5E9005A5811460E29EFBF1FFFFFFC2246CD1E00000FC0007EBFE9ED0737FEEBFFF600,
2026-07-14T15:39:28.736498+00:00,96.496900,valid,2734,896,2866807680,50765,41,hex,CAM,0202aae00380c64d005a5811460e29efbf1ffffffc2246cd1e00000fc0007ebfe9ed0737feebfff600,0202AAE00380C64D005A5811460E29EFBF1FFFFFFC2246CD1E00000FC0007EBFE9ED0737FEEBFFF600,
2026-07-14T15:39:28.838623+00:00,96.599039,valid,2734,897,2866807681,50865,41,hex,CAM,0202aae00381c6b1005a5811460e29efbf1ffffffc2246cd1e00000fc0007ebfe9ed0737feebfff600,0202AAE00381C6B1005A5811460E29EFBF1FFFFFFC2246CD1E00000FC0007EBFE9ED0737FEEBFFF600,
2026-07-14T15:39:28.940562+00:00,96.700964,valid,2734,898,2866807682,50965,41,hex,CAM,0202aae00382c715005a5811460e29efbf1ffffffc2246cd1e00000fc0007ebfe9ed0737feebfff600,0202AAE00382C715005A5811460E29EFBF1FFFFFFC2246CD1E00000FC0007EBFE9ED0737FEEBFFF600,
2026-07-14T15:39:29.042611+00:00,96.803027,valid,2734,899,2866807683,51065,41,hex,CAM,0202aae00383c779005a5811460e29efbf1ffffffc2246cd1e00000fc0007ebfe9ed0737feebfff600,0202AAE00383C779005A5811460E29EFBF1FFFFFFC2246CD1E00000FC0007EBFE9ED0737FEEBFFF600,
2026-07-14T15:39:29.134593+00:00,96.894994,valid,2734,900,2866807684,51165,41,hex,CAM,0202aae00384c7dd005a5811460e29efbf1ffffffc2246cd1e00000fc0007ebfe9ed0737feebfff600,0202AAE00384C7DD005A5811460E29EFBF1FFFFFFC2246CD1E00000FC0007EBFE9ED0737FEEBFFF600,
2026-07-14T15:39:29.238219+00:00,96.998633,valid,2734,901,2866807685,51265,41,hex,CAM,0202aae00385c841005a5811460e29efbf1ffffffc2246cd1e00000fc0007ebfe9ed0737feebfff600,0202AAE00385C841005A5811460E29EFBF1FFFFFFC2246CD1E00000FC0007EBFE9ED0737FEEBFFF600,
2026-07-14T15:39:29.340103+00:00,97.100514,valid,2734,902,2866807686,51365,41,hex,CAM,0202aae00386c8a5005a5811460e29efbf1ffffffc2246cd1e00000fc0007ebfe9ed0737feebfff600,0202AAE00386C8A5005A5811460E29EFBF1FFFFFFC2246CD1E00000FC0007EBFE9ED0737FEEBFFF600,
2026-07-14T15:39:29.440595+00:00,97.200998,valid,2734,903,2866807687,51465,41,hex,CAM,0202aae00387c909005a5811460e29efbf1ffffffc2246cd1e00000fc0007ebfe9ed0737feebfff600,0202AAE00387C909005A5811460E29EFBF1FFFFFFC2246CD1E00000FC0007EBFE9ED0737FEEBFFF600,
2026-07-14T15:39:29.542616+00:00,97.303030,valid,2734,904,2866807688,51565,41,hex,CAM,0202aae00388c96d005a5811460e29efbf1ffffffc2246cd1e00000fc0007ebfe9ed0737feebfff600,0202AAE00388C96D005A5811460E29EFBF1FFFFFFC2246CD1E00000FC0007EBFE9ED0737FEEBFFF600,
2026-07-14T15:39:29.634500+00:00,97.394901,valid,2734,905,2866807689,51665,41,hex,CAM,0202aae00389c9d1005a5811460e29efbf1ffffffc2246cd1e00000fc0007ebfe9ed0737feebfff600,0202AAE00389C9D1005A5811460E29EFBF1FFFFFFC2246CD1E00000FC0007EBFE9ED0737FEEBFFF600,
2026-07-14T15:39:29.736597+00:00,97.496999,valid,2734,906,2866807690,51765,41,hex,CAM,0202aae0038aca35005a5811460e29efbf1ffffffc2246cd1e00000fc0007ebfe9ed0737feebfff600,0202AAE0038ACA35005A5811460E29EFBF1FFFFFFC2246CD1E00000FC0007EBFE9ED0737FEEBFFF600,
2026-07-14T15:39:29.838198+00:00,97.598599,valid,2734,907,2866807691,51865,41,hex,CAM,0202aae0038bca99005a5811460e29efbf1ffffffc2246cd1e00000fc0007ebfe9ed0737feebfff600,0202AAE0038BCA99005A5811460E29EFBF1FFFFFFC2246CD1E00000FC0007EBFE9ED0737FEEBFFF600,
2026-07-14T15:39:29.940108+00:00,97.700506,valid,2734,908,2866807692,51965,41,hex,CAM,0202aae0038ccafd005a5811460e29efbf1ffffffc2246cd1e00000fc0007ebfe9ed0737feebfff600,0202AAE0038CCAFD005A5811460E29EFBF1FFFFFFC2246CD1E00000FC0007EBFE9ED0737FEEBFFF600,
2026-07-14T15:39:30.042571+00:00,97.802974,valid,2734,909,2866807693,52065,41,hex,CAM,0202aae0038dcb61005a5811460e29efbf1ffffffc2246cd1e00000fc0007ebfe9ed0737feebfff600,0202AAE0038DCB61005A5811460E29EFBF1FFFFFFC2246CD1E00000FC0007EBFE9ED0737FEEBFFF600,
2026-07-14T15:39:30.134494+00:00,97.894900,valid,2734,910,2866807694,52165,41,hex,CAM,0202aae0038ecbc5005a5811460e29efbf1ffffffc2246cd1e00000fc0007ebfe9ed0737feebfff600,0202AAE0038ECBC5005A5811460E29EFBF1FFFFFFC2246CD1E00000FC0007EBFE9ED0737FEEBFFF600,
2026-07-14T15:39:30.236420+00:00,97.996821,valid,2734,911,2866807695,52265,41,hex,CAM,0202aae0038fcc29005a5811460e29efbf1ffffffc2246cd1e00000fc0007ebfe9ed0737feebfff600,0202AAE0038FCC29005A5811460E29EFBF1FFFFFFC2246CD1E00000FC0007EBFE9ED0737FEEBFFF600,
2026-07-14T15:39:30.338572+00:00,98.098976,valid,2734,912,2866807696,52365,41,hex,CAM,0202aae00390cc8d005a5811460e29efbf1ffffffc2246cd1e00000fc0007ebfe9ed0737feebfff600,0202AAE00390CC8D005A5811460E29EFBF1FFFFFFC2246CD1E00000FC0007EBFE9ED0737FEEBFFF600,
2026-07-14T15:39:30.440461+00:00,98.200864,valid,2734,913,2866807697,52465,41,hex,CAM,0202aae00391ccf1005a5811460e29efbf1ffffffc2246cd1e00000fc0007ebfe9ed0737feebfff600,0202AAE00391CCF1005A5811460E29EFBF1FFFFFFC2246CD1E00000FC0007EBFE9ED0737FEEBFFF600,
2026-07-14T15:39:30.542428+00:00,98.302830,valid,2734,914,2866807698,52565,41,hex,CAM,0202aae00392cd55005a5811460e29efbf1ffffffc2246cd1e00000fc0007ebfe9ed0737feebfff600,0202AAE00392CD55005A5811460E29EFBF1FFFFFFC2246CD1E00000FC0007EBFE9ED0737FEEBFFF600,
2026-07-14T15:39:30.634452+00:00,98.394853,valid,2734,915,2866807699,52665,41,hex,CAM,0202aae00393cdb9005a5811460e29efbf1ffffffc2246cd1e00000fc0007ebfe9ed0737feebfff600,0202AAE00393CDB9005A5811460E29EFBF1FFFFFFC2246CD1E00000FC0007EBFE9ED0737FEEBFFF600,
2026-07-14T15:39:30.736605+00:00,98.497021,valid,2734,916,2866807700,52765,41,hex,CAM,0202aae00394ce1d005a5811460e29efbf1ffffffc2246cd1e00000fc0007ebfe9ed0737feebfff600,0202AAE00394CE1D005A5811460E29EFBF1FFFFFFC2246CD1E00000FC0007EBFE9ED0737FEEBFFF600,
2026-07-14T15:39:30.838521+00:00,98.598923,valid,2734,917,2866807701,52865,41,hex,CAM,0202aae00395ce81005a5811460e29efbf1ffffffc2246cd1e00000fc0007ebfe9ed0737feebfff600,0202AAE00395CE81005A5811460E29EFBF1FFFFFFC2246CD1E00000FC0007EBFE9ED0737FEEBFFF600,
2026-07-14T15:39:30.940510+00:00,98.700911,valid,2734,918,2866807702,52965,41,hex,CAM,0202aae00396cee5005a5811460e29efbf1ffffffc2246cd1e00000fc0007ebfe9ed0737feebfff600,0202AAE00396CEE5005A5811460E29EFBF1FFFFFFC2246CD1E00000FC0007EBFE9ED0737FEEBFFF600,
2026-07-14T15:39:31.042599+00:00,98.803000,valid,2734,919,2866807703,53065,41,hex,CAM,0202aae00397cf49005a5811460e29efbf1ffffffc2246cd1e00000fc0007ebfe9ed0737feebfff600,0202AAE00397CF49005A5811460E29EFBF1FFFFFFC2246CD1E00000FC0007EBFE9ED0737FEEBFFF600,
2026-07-14T15:39:31.134504+00:00,98.894905,valid,2734,920,2866807704,53165,41,hex,CAM,0202aae00398cfad005a5811460e29efbf1ffffffc2246cd1e00000fc0007ebfe9ed0737feebfff600,0202AAE00398CFAD005A5811460E29EFBF1FFFFFFC2246CD1E00000FC0007EBFE9ED0737FEEBFFF600,
2026-07-14T15:39:31.236510+00:00,98.996911,valid,2734,921,2866807705,53265,41,hex,CAM,0202aae00399d011005a5811460e29efbf1ffffffc2246cd1e00000fc0007ebfe9ed0737feebfff600,0202AAE00399D011005A5811460E29EFBF1FFFFFFC2246CD1E00000FC0007EBFE9ED0737FEEBFFF600,
2026-07-14T15:39:31.338488+00:00,99.098890,valid,2734,922,2866807706,53365,41,hex,CAM,0202aae0039ad075005a5811460e29efbf1ffffffc2246cd1e00000fc0007ebfe9ed0737feebfff600,0202AAE0039AD075005A5811460E29EFBF1FFFFFFC2246CD1E00000FC0007EBFE9ED0737FEEBFFF600,
2026-07-14T15:39:31.440476+00:00,99.200880,valid,2734,923,2866807707,53465,41,hex,CAM,0202aae0039bd0d9005a5811460e29efbf1ffffffc2246cd1e00000fc0007ebfe9ed0737feebfff600,0202AAE0039BD0D9005A5811460E29EFBF1FFFFFFC2246CD1E00000FC0007EBFE9ED0737FEEBFFF600,
2026-07-14T15:39:31.542554+00:00,99.302956,valid,2734,924,2866807708,53565,41,hex,CAM,0202aae0039cd13d005a5811460e29efbf1ffffffc2246cd1e00000fc0007ebfe9ed0737feebfff600,0202AAE0039CD13D005A5811460E29EFBF1FFFFFFC2246CD1E00000FC0007EBFE9ED0737FEEBFFF600,
2026-07-14T15:39:31.634503+00:00,99.394904,valid,2734,925,2866807709,53665,41,hex,CAM,0202aae0039dd1a1005a5811460e29efbf1ffffffc2246cd1e00000fc0007ebfe9ed0737feebfff600,0202AAE0039DD1A1005A5811460E29EFBF1FFFFFFC2246CD1E00000FC0007EBFE9ED0737FEEBFFF600,
2026-07-14T15:39:31.736564+00:00,99.496965,valid,2734,926,2866807710,53765,41,hex,CAM,0202aae0039ed205005a5811460e29efbf1ffffffc2246cd1e00000fc0007ebfe9ed0737feebfff600,0202AAE0039ED205005A5811460E29EFBF1FFFFFFC2246CD1E00000FC0007EBFE9ED0737FEEBFFF600,
2026-07-14T15:39:31.838536+00:00,99.598937,valid,2734,927,2866807711,53865,41,hex,CAM,0202aae0039fd269005a5811460e29efbf1ffffffc2246cd1e00000fc0007ebfe9ed0737feebfff600,0202AAE0039FD269005A5811460E29EFBF1FFFFFFC2246CD1E00000FC0007EBFE9ED0737FEEBFFF600,
2026-07-14T15:39:31.940515+00:00,99.700917,valid,2734,928,2866807712,53965,41,hex,CAM,0202aae003a0d2cd005a5811460e29efbf1ffffffc2246cd1e00000fc0007ebfe9ed0737feebfff600,0202AAE003A0D2CD005A5811460E29EFBF1FFFFFFC2246CD1E00000FC0007EBFE9ED0737FEEBFFF600,
2026-07-14T15:39:32.042415+00:00,99.802817,valid,2734,929,2866807713,54065,41,hex,CAM,0202aae003a1d331005a5811460e29efbf1ffffffc2246cd1e00000fc0007ebfe9ed0737feebfff600,0202AAE003A1D331005A5811460E29EFBF1FFFFFFC2246CD1E00000FC0007EBFE9ED0737FEEBFFF600,
2026-07-14T15:39:32.134416+00:00,99.894816,valid,2734,930,2866807714,54165,41,hex,CAM,0202aae003a2d395005a5811460e29efbf1ffffffc2246cd1e00000fc0007ebfe9ed0737feebfff600,0202AAE003A2D395005A5811460E29EFBF1FFFFFFC2246CD1E00000FC0007EBFE9ED0737FEEBFFF600,
2026-07-14T15:39:32.236426+00:00,99.996826,valid,2734,931,2866807715,54265,41,hex,CAM,0202aae003a3d3f9005a5811460e29efbf1ffffffc2246cd1e00000fc0007ebfe9ed0737feebfff600,0202AAE003A3D3F9005A5811460E29EFBF1FFFFFFC2246CD1E00000FC0007EBFE9ED0737FEEBFFF600,
2026-07-14T15:39:32.338458+00:00,100.098862,valid,2734,932,2866807716,54365,41,hex,CAM,0202aae003a4d45d005a5811460e29efbf1ffffffc2246cd1e00000fc0007ebfe9ed0737feebfff600,0202AAE003A4D45D005A5811460E29EFBF1FFFFFFC2246CD1E00000FC0007EBFE9ED0737FEEBFFF600,
2026-07-14T15:39:32.440512+00:00,100.200923,valid,2734,933,2866807717,54465,41,hex,CAM,0202aae003a5d4c1005a5811460e29efbf1ffffffc2246cd1e00000fc0007ebfe9ed0737feebfff600,0202AAE003A5D4C1005A5811460E29EFBF1FFFFFFC2246CD1E00000FC0007EBFE9ED0737FEEBFFF600,
2026-07-14T15:39:32.542561+00:00,100.302964,valid,2734,934,2866807718,54565,41,hex,CAM,0202aae003a6d525005a5811460e29efbf1ffffffc2246cd1e00000fc0007ebfe9ed0737feebfff600,0202AAE003A6D525005A5811460E29EFBF1FFFFFFC2246CD1E00000FC0007EBFE9ED0737FEEBFFF600,
2026-07-14T15:39:32.634445+00:00,100.394846,valid,2734,935,2866807719,54665,41,hex,CAM,0202aae003a7d589005a5811460e29efbf1ffffffc2246cd1e00000fc0007ebfe9ed0737feebfff600,0202AAE003A7D589005A5811460E29EFBF1FFFFFFC2246CD1E00000FC0007EBFE9ED0737FEEBFFF600,
2026-07-14T15:39:32.736523+00:00,100.496925,valid,2734,936,2866807720,54765,41,hex,CAM,0202aae003a8d5ed005a5811460e29efbf1ffffffc2246cd1e00000fc0007ebfe9ed0737feebfff600,0202AAE003A8D5ED005A5811460E29EFBF1FFFFFFC2246CD1E00000FC0007EBFE9ED0737FEEBFFF600,
2026-07-14T15:39:32.838584+00:00,100.598982,valid,2734,937,2866807721,54865,41,hex,CAM,0202aae003a9d651005a5811460e29efbf1ffffffc2246cd1e00000fc0007ebfe9ed0737feebfff600,0202AAE003A9D651005A5811460E29EFBF1FFFFFFC2246CD1E00000FC0007EBFE9ED0737FEEBFFF600,
2026-07-14T15:39:32.940437+00:00,100.700841,valid,2734,938,2866807722,54965,41,hex,CAM,0202aae003aad6b5005a5811460e29efbf1ffffffc2246cd1e00000fc0007ebfe9ed0737feebfff600,0202AAE003AAD6B5005A5811460E29EFBF1FFFFFFC2246CD1E00000FC0007EBFE9ED0737FEEBFFF600,
2026-07-14T15:39:33.042547+00:00,100.802952,valid,2734,939,2866807723,55065,41,hex,CAM,0202aae003abd719005a5811460e29efbf1ffffffc2246cd1e00000fc0007ebfe9ed0737feebfff600,0202AAE003ABD719005A5811460E29EFBF1FFFFFFC2246CD1E00000FC0007EBFE9ED0737FEEBFFF600,
2026-07-14T15:39:33.134503+00:00,100.894905,valid,2734,940,2866807724,55165,41,hex,CAM,0202aae003acd77d005a5811460e29efbf1ffffffc2246cd1e00000fc0007ebfe9ed0737feebfff600,0202AAE003ACD77D005A5811460E29EFBF1FFFFFFC2246CD1E00000FC0007EBFE9ED0737FEEBFFF600,
2026-07-14T15:39:33.236486+00:00,100.996886,valid,2734,941,2866807725,55265,41,hex,CAM,0202aae003add7e1005a5811460e29efbf1ffffffc2246cd1e00000fc0007ebfe9ed0737feebfff600,0202AAE003ADD7E1005A5811460E29EFBF1FFFFFFC2246CD1E00000FC0007EBFE9ED0737FEEBFFF600,
2026-07-14T15:39:33.338510+00:00,101.098911,valid,2734,942,2866807726,55365,41,hex,CAM,0202aae003aed845005a5811460e29efbf1ffffffc2246cd1e00000fc0007ebfe9ed0737feebfff600,0202AAE003AED845005A5811460E29EFBF1FFFFFFC2246CD1E00000FC0007EBFE9ED0737FEEBFFF600,
2026-07-14T15:39:33.440476+00:00,101.200877,valid,2734,943,2866807727,55465,41,hex,CAM,0202aae003afd8a9005a5811460e29efbf1ffffffc2246cd1e00000fc0007ebfe9ed0737feebfff600,0202AAE003AFD8A9005A5811460E29EFBF1FFFFFFC2246CD1E00000FC0007EBFE9ED0737FEEBFFF600,
2026-07-14T15:39:33.542558+00:00,101.302962,valid,2734,944,2866807728,55565,41,hex,CAM,0202aae003b0d90d005a5811460e29efbf1ffffffc2246cd1e00000fc0007ebfe9ed0737feebfff600,0202AAE003B0D90D005A5811460E29EFBF1FFFFFFC2246CD1E00000FC0007EBFE9ED0737FEEBFFF600,
2026-07-14T15:39:33.634475+00:00,101.394877,valid,2734,945,2866807729,55665,41,hex,CAM,0202aae003b1d971005a5811460e29efbf1ffffffc2246cd1e00000fc0007ebfe9ed0737feebfff600,0202AAE003B1D971005A5811460E29EFBF1FFFFFFC2246CD1E00000FC0007EBFE9ED0737FEEBFFF600,
2026-07-14T15:39:33.736517+00:00,101.496919,valid,2734,946,2866807730,55765,41,hex,CAM,0202aae003b2d9d5005a5811460e29efbf1ffffffc2246cd1e00000fc0007ebfe9ed0737feebfff600,0202AAE003B2D9D5005A5811460E29EFBF1FFFFFFC2246CD1E00000FC0007EBFE9ED0737FEEBFFF600,
2026-07-14T15:39:33.838207+00:00,101.598606,valid,2734,947,2866807731,55865,41,hex,CAM,0202aae003b3da39005a5811460e29efbf1ffffffc2246cd1e00000fc0007ebfe9ed0737feebfff600,0202AAE003B3DA39005A5811460E29EFBF1FFFFFFC2246CD1E00000FC0007EBFE9ED0737FEEBFFF600,
2026-07-14T15:39:33.940570+00:00,101.700974,valid,2734,948,2866807732,55965,41,hex,CAM,0202aae003b4da9d005a5811460e29efbf1ffffffc2246cd1e00000fc0007ebfe9ed0737feebfff600,0202AAE003B4DA9D005A5811460E29EFBF1FFFFFFC2246CD1E00000FC0007EBFE9ED0737FEEBFFF600,
2026-07-14T15:39:34.042464+00:00,101.802866,valid,2734,949,2866807733,56065,41,hex,CAM,0202aae003b5db01005a5811460e29efbf1ffffffc2246cd1e00000fc0007ebfe9ed0737feebfff600,0202AAE003B5DB01005A5811460E29EFBF1FFFFFFC2246CD1E00000FC0007EBFE9ED0737FEEBFFF600,
2026-07-14T15:39:34.134575+00:00,101.894976,valid,2734,950,2866807734,56165,41,hex,CAM,0202aae003b6db65005a5811460e29efbf1ffffffc2246cd1e00000fc0007ebfe9ed0737feebfff600,0202AAE003B6DB65005A5811460E29EFBF1FFFFFFC2246CD1E00000FC0007EBFE9ED0737FEEBFFF600,
2026-07-14T15:39:34.236572+00:00,101.996973,valid,2734,951,2866807735,56265,41,hex,CAM,0202aae003b7dbc9005a5811460e29efbf1ffffffc2246cd1e00000fc0007ebfe9ed0737feebfff600,0202AAE003B7DBC9005A5811460E29EFBF1FFFFFFC2246CD1E00000FC0007EBFE9ED0737FEEBFFF600,
2026-07-14T15:39:34.338531+00:00,102.098932,valid,2734,952,2866807736,56365,41,hex,CAM,0202aae003b8dc2d005a5811460e29efbf1ffffffc2246cd1e00000fc0007ebfe9ed0737feebfff600,0202AAE003B8DC2D005A5811460E29EFBF1FFFFFFC2246CD1E00000FC0007EBFE9ED0737FEEBFFF600,
2026-07-14T15:39:34.440484+00:00,102.200885,valid,2734,953,2866807737,56465,41,hex,CAM,0202aae003b9dc91005a5811460e29efbf1ffffffc2246cd1e00000fc0007ebfe9ed0737feebfff600,0202AAE003B9DC91005A5811460E29EFBF1FFFFFFC2246CD1E00000FC0007EBFE9ED0737FEEBFFF600,
2026-07-14T15:39:34.542564+00:00,102.302968,valid,2734,954,2866807738,56565,41,hex,CAM,0202aae003badcf5005a5811460e29efbf1ffffffc2246cd1e00000fc0007ebfe9ed0737feebfff600,0202AAE003BADCF5005A5811460E29EFBF1FFFFFFC2246CD1E00000FC0007EBFE9ED0737FEEBFFF600,
2026-07-14T15:39:34.634526+00:00,102.394927,valid,2734,955,2866807739,56665,41,hex,CAM,0202aae003bbdd59005a5811460e29efbf1ffffffc2246cd1e00000fc0007ebfe9ed0737feebfff600,0202AAE003BBDD59005A5811460E29EFBF1FFFFFFC2246CD1E00000FC0007EBFE9ED0737FEEBFFF600,
2026-07-14T15:39:34.736532+00:00,102.496933,valid,2734,956,2866807740,56765,41,hex,CAM,0202aae003bcddbd005a5811460e29efbf1ffffffc2246cd1e00000fc0007ebfe9ed0737feebfff600,0202AAE003BCDDBD005A5811460E29EFBF1FFFFFFC2246CD1E00000FC0007EBFE9ED0737FEEBFFF600,
2026-07-14T15:39:34.838572+00:00,102.598973,valid,2734,957,2866807741,56865,41,hex,CAM,0202aae003bdde21005a5811460e29efbf1ffffffc2246cd1e00000fc0007ebfe9ed0737feebfff600,0202AAE003BDDE21005A5811460E29EFBF1FFFFFFC2246CD1E00000FC0007EBFE9ED0737FEEBFFF600,
2026-07-14T15:39:34.940611+00:00,102.701025,valid,2734,958,2866807742,56965,41,hex,CAM,0202aae003bede85005a5811460e29efbf1ffffffc2246cd1e00000fc0007ebfe9ed0737feebfff600,0202AAE003BEDE85005A5811460E29EFBF1FFFFFFC2246CD1E00000FC0007EBFE9ED0737FEEBFFF600,
2026-07-14T15:39:35.042565+00:00,102.802968,valid,2734,959,2866807743,57065,41,hex,CAM,0202aae003bfdee9005a5811460e29efbf1ffffffc2246cd1e00000fc0007ebfe9ed0737feebfff600,0202AAE003BFDEE9005A5811460E29EFBF1FFFFFFC2246CD1E00000FC0007EBFE9ED0737FEEBFFF600,
2026-07-14T15:39:35.134543+00:00,102.894944,valid,2734,960,2866807744,57165,41,hex,CAM,0202aae003c0df4d005a5811460e29efbf1ffffffc2246cd1e00000fc0007ebfe9ed0737feebfff600,0202AAE003C0DF4D005A5811460E29EFBF1FFFFFFC2246CD1E00000FC0007EBFE9ED0737FEEBFFF600,
2026-07-14T15:39:35.236566+00:00,102.996967,valid,2734,961,2866807745,57265,41,hex,CAM,0202aae003c1dfb1005a5811460e29efbf1ffffffc2246cd1e00000fc0007ebfe9ed0737feebfff600,0202AAE003C1DFB1005A5811460E29EFBF1FFFFFFC2246CD1E00000FC0007EBFE9ED0737FEEBFFF600,
2026-07-14T15:39:35.338534+00:00,103.098936,valid,2734,962,2866807746,57365,41,hex,CAM,0202aae003c2e015005a5811460e29efbf1ffffffc2246cd1e00000fc0007ebfe9ed0737feebfff600,0202AAE003C2E015005A5811460E29EFBF1FFFFFFC2246CD1E00000FC0007EBFE9ED0737FEEBFFF600,
2026-07-14T15:39:35.440506+00:00,103.200906,valid,2734,963,2866807747,57465,41,hex,CAM,0202aae003c3e079005a5811460e29efbf1ffffffc2246cd1e00000fc0007ebfe9ed0737feebfff600,0202AAE003C3E079005A5811460E29EFBF1FFFFFFC2246CD1E00000FC0007EBFE9ED0737FEEBFFF600,
2026-07-14T15:39:35.542560+00:00,103.302963,valid,2734,964,2866807748,57565,41,hex,CAM,0202aae003c4e0dd005a5811460e29efbf1ffffffc2246cd1e00000fc0007ebfe9ed0737feebfff600,0202AAE003C4E0DD005A5811460E29EFBF1FFFFFFC2246CD1E00000FC0007EBFE9ED0737FEEBFFF600,
2026-07-14T15:39:35.634546+00:00,103.394948,valid,2734,965,2866807749,57665,41,hex,CAM,0202aae003c5e141005a5811460e29efbf1ffffffc2246cd1e00000fc0007ebfe9ed0737feebfff600,0202AAE003C5E141005A5811460E29EFBF1FFFFFFC2246CD1E00000FC0007EBFE9ED0737FEEBFFF600,
2026-07-14T15:39:35.736511+00:00,103.496911,valid,2734,966,2866807750,57765,41,hex,CAM,0202aae003c6e1a5005a5811460e29efbf1ffffffc2246cd1e00000fc0007ebfe9ed0737feebfff600,0202AAE003C6E1A5005A5811460E29EFBF1FFFFFFC2246CD1E00000FC0007EBFE9ED0737FEEBFFF600,
2026-07-14T15:39:35.838465+00:00,103.598866,valid,2734,967,2866807751,57865,41,hex,CAM,0202aae003c7e209005a5811460e29efbf1ffffffc2246cd1e00000fc0007ebfe9ed0737feebfff600,0202AAE003C7E209005A5811460E29EFBF1FFFFFFC2246CD1E00000FC0007EBFE9ED0737FEEBFFF600,
2026-07-14T15:39:35.940491+00:00,103.700893,valid,2734,968,2866807752,57965,41,hex,CAM,0202aae003c8e26d005a5811460e29efbf1ffffffc2246cd1e00000fc0007ebfe9ed0737feebfff600,0202AAE003C8E26D005A5811460E29EFBF1FFFFFFC2246CD1E00000FC0007EBFE9ED0737FEEBFFF600,
2026-07-14T15:39:36.042538+00:00,103.802941,valid,2734,969,2866807753,58065,41,hex,CAM,0202aae003c9e2d1005a5811460e29efbf1ffffffc2246cd1e00000fc0007ebfe9ed0737feebfff600,0202AAE003C9E2D1005A5811460E29EFBF1FFFFFFC2246CD1E00000FC0007EBFE9ED0737FEEBFFF600,
2026-07-14T15:39:36.134533+00:00,103.894934,valid,2734,970,2866807754,58165,41,hex,CAM,0202aae003cae335005a5811460e29efbf1ffffffc2246cd1e00000fc0007ebfe9ed0737feebfff600,0202AAE003CAE335005A5811460E29EFBF1FFFFFFC2246CD1E00000FC0007EBFE9ED0737FEEBFFF600,
2026-07-14T15:39:36.236561+00:00,103.996962,valid,2734,971,2866807755,58265,41,hex,CAM,0202aae003cbe399005a5811460e29efbf1ffffffc2246cd1e00000fc0007ebfe9ed0737feebfff600,0202AAE003CBE399005A5811460E29EFBF1FFFFFFC2246CD1E00000FC0007EBFE9ED0737FEEBFFF600,
2026-07-14T15:39:36.338545+00:00,104.098946,valid,2734,972,2866807756,58365,41,hex,CAM,0202aae003cce3fd005a5811460e29efbf1ffffffc2246cd1e00000fc0007ebfe9ed0737feebfff600,0202AAE003CCE3FD005A5811460E29EFBF1FFFFFFC2246CD1E00000FC0007EBFE9ED0737FEEBFFF600,
2026-07-14T15:39:36.440538+00:00,104.200939,valid,2734,973,2866807757,58465,41,hex,CAM,0202aae003cde461005a5811460e29efbf1ffffffc2246cd1e00000fc0007ebfe9ed0737feebfff600,0202AAE003CDE461005A5811460E29EFBF1FFFFFFC2246CD1E00000FC0007EBFE9ED0737FEEBFFF600,
2026-07-14T15:39:36.542755+00:00,104.303156,valid,2734,974,2866807758,58565,41,hex,CAM,0202aae003cee4c5005a5811460e29efbf1ffffffc2246cd1e00000fc0007ebfe9ed0737feebfff600,0202AAE003CEE4C5005A5811460E29EFBF1FFFFFFC2246CD1E00000FC0007EBFE9ED0737FEEBFFF600,
2026-07-14T15:39:36.634543+00:00,104.394946,valid,2734,975,2866807759,58665,41,hex,CAM,0202aae003cfe529005a5811460e29efbf1ffffffc2246cd1e00000fc0007ebfe9ed0737feebfff600,0202AAE003CFE529005A5811460E29EFBF1FFFFFFC2246CD1E00000FC0007EBFE9ED0737FEEBFFF600,
2026-07-14T15:39:36.736550+00:00,104.496954,valid,2734,976,2866807760,58765,41,hex,CAM,0202aae003d0e58d005a5811460e29efbf1ffffffc2246cd1e00000fc0007ebfe9ed0737feebfff600,0202AAE003D0E58D005A5811460E29EFBF1FFFFFFC2246CD1E00000FC0007EBFE9ED0737FEEBFFF600,
2026-07-14T15:39:36.838517+00:00,104.598919,valid,2734,977,2866807761,58865,41,hex,CAM,0202aae003d1e5f1005a5811460e29efbf1ffffffc2246cd1e00000fc0007ebfe9ed0737feebfff600,0202AAE003D1E5F1005A5811460E29EFBF1FFFFFFC2246CD1E00000FC0007EBFE9ED0737FEEBFFF600,
2026-07-14T15:39:36.940543+00:00,104.700949,valid,2734,978,2866807762,58965,41,hex,CAM,0202aae003d2e655005a5811460e29efbf1ffffffc2246cd1e00000fc0007ebfe9ed0737feebfff600,0202AAE003D2E655005A5811460E29EFBF1FFFFFFC2246CD1E00000FC0007EBFE9ED0737FEEBFFF600,
2026-07-14T15:39:37.042554+00:00,104.802956,valid,2734,979,2866807763,59065,41,hex,CAM,0202aae003d3e6b9005a5811460e29efbf1ffffffc2246cd1e00000fc0007ebfe9ed0737feebfff600,0202AAE003D3E6B9005A5811460E29EFBF1FFFFFFC2246CD1E00000FC0007EBFE9ED0737FEEBFFF600,
2026-07-14T15:39:37.134514+00:00,104.894916,valid,2734,980,2866807764,59165,41,hex,CAM,0202aae003d4e71d005a5811460e29efbf1ffffffc2246cd1e00000fc0007ebfe9ed0737feebfff600,0202AAE003D4E71D005A5811460E29EFBF1FFFFFFC2246CD1E00000FC0007EBFE9ED0737FEEBFFF600,
2026-07-14T15:39:37.236484+00:00,104.996886,valid,2734,981,2866807765,59265,41,hex,CAM,0202aae003d5e781005a5811460e29efbf1ffffffc2246cd1e00000fc0007ebfe9ed0737feebfff600,0202AAE003D5E781005A5811460E29EFBF1FFFFFFC2246CD1E00000FC0007EBFE9ED0737FEEBFFF600,
2026-07-14T15:39:37.338515+00:00,105.098916,valid,2734,982,2866807766,59365,41,hex,CAM,0202aae003d6e7e5005a5811460e29efbf1ffffffc2246cd1e00000fc0007ebfe9ed0737feebfff600,0202AAE003D6E7E5005A5811460E29EFBF1FFFFFFC2246CD1E00000FC0007EBFE9ED0737FEEBFFF600,
2026-07-14T15:39:37.440528+00:00,105.200929,valid,2734,983,2866807767,59465,41,hex,CAM,0202aae003d7e849005a5811460e29efbf1ffffffc2246cd1e00000fc0007ebfe9ed0737feebfff600,0202AAE003D7E849005A5811460E29EFBF1FFFFFFC2246CD1E00000FC0007EBFE9ED0737FEEBFFF600,
2026-07-14T15:39:37.542761+00:00,105.303168,valid,2734,984,2866807768,59565,41,hex,CAM,0202aae003d8e8ad005a5811460e29efbf1ffffffc2246cd1e00000fc0007ebfe9ed0737feebfff600,0202AAE003D8E8AD005A5811460E29EFBF1FFFFFFC2246CD1E00000FC0007EBFE9ED0737FEEBFFF600,
2026-07-14T15:39:37.634550+00:00,105.394953,valid,2734,985,2866807769,59665,41,hex,CAM,0202aae003d9e911005a5811460e29efbf1ffffffc2246cd1e00000fc0007ebfe9ed0737feebfff600,0202AAE003D9E911005A5811460E29EFBF1FFFFFFC2246CD1E00000FC0007EBFE9ED0737FEEBFFF600,
2026-07-14T15:39:37.736620+00:00,105.497036,valid,2734,986,2866807770,59765,41,hex,CAM,0202aae003dae975005a5811460e29efbf1ffffffc2246cd1e00000fc0007ebfe9ed0737feebfff600,0202AAE003DAE975005A5811460E29EFBF1FFFFFFC2246CD1E00000FC0007EBFE9ED0737FEEBFFF600,
2026-07-14T15:39:37.838650+00:00,105.599052,valid,2734,987,2866807771,59865,41,hex,CAM,0202aae003dbe9d9005a5811460e29efbf1ffffffc2246cd1e00000fc0007ebfe9ed0737feebfff600,0202AAE003DBE9D9005A5811460E29EFBF1FFFFFFC2246CD1E00000FC0007EBFE9ED0737FEEBFFF600,
2026-07-14T15:39:37.940551+00:00,105.700956,valid,2734,988,2866807772,59965,41,hex,CAM,0202aae003dcea3d005a5811460e29efbf1ffffffc2246cd1e00000fc0007ebfe9ed0737feebfff600,0202AAE003DCEA3D005A5811460E29EFBF1FFFFFFC2246CD1E00000FC0007EBFE9ED0737FEEBFFF600,
2026-07-14T15:39:38.042499+00:00,105.802902,valid,2734,989,2866807773,60065,41,hex,CAM,0202aae003ddeaa1005a5811460e29efbf1ffffffc2246cd1e00000fc0007ebfe9ed0737feebfff600,0202AAE003DDEAA1005A5811460E29EFBF1FFFFFFC2246CD1E00000FC0007EBFE9ED0737FEEBFFF600,
2026-07-14T15:39:38.134555+00:00,105.894957,valid,2734,990,2866807774,60165,41,hex,CAM,0202aae003deeb05005a5811460e29efbf1ffffffc2246cd1e00000fc0007ebfe9ed0737feebfff600,0202AAE003DEEB05005A5811460E29EFBF1FFFFFFC2246CD1E00000FC0007EBFE9ED0737FEEBFFF600,
2026-07-14T15:39:38.236581+00:00,105.996982,valid,2734,991,2866807775,60265,41,hex,CAM,0202aae003dfeb69005a5811460e29efbf1ffffffc2246cd1e00000fc0007ebfe9ed0737feebfff600,0202AAE003DFEB69005A5811460E29EFBF1FFFFFFC2246CD1E00000FC0007EBFE9ED0737FEEBFFF600,
2026-07-14T15:39:38.338591+00:00,106.098991,valid,2734,992,2866807776,60365,41,hex,CAM,0202aae003e0ebcd005a5811460e29efbf1ffffffc2246cd1e00000fc0007ebfe9ed0737feebfff600,0202AAE003E0EBCD005A5811460E29EFBF1FFFFFFC2246CD1E00000FC0007EBFE9ED0737FEEBFFF600,
2026-07-14T15:39:38.440501+00:00,106.200904,valid,2734,993,2866807777,60465,41,hex,CAM,0202aae003e1ec31005a5811460e29efbf1ffffffc2246cd1e00000fc0007ebfe9ed0737feebfff600,0202AAE003E1EC31005A5811460E29EFBF1FFFFFFC2246CD1E00000FC0007EBFE9ED0737FEEBFFF600,
2026-07-14T15:39:38.542660+00:00,106.303065,valid,2734,994,2866807778,60565,41,hex,CAM,0202aae003e2ec95005a5811460e29efbf1ffffffc2246cd1e00000fc0007ebfe9ed0737feebfff600,0202AAE003E2EC95005A5811460E29EFBF1FFFFFFC2246CD1E00000FC0007EBFE9ED0737FEEBFFF600,
2026-07-14T15:39:38.634639+00:00,106.395040,valid,2734,995,2866807779,60665,41,hex,CAM,0202aae003e3ecf9005a5811460e29efbf1ffffffc2246cd1e00000fc0007ebfe9ed0737feebfff600,0202AAE003E3ECF9005A5811460E29EFBF1FFFFFFC2246CD1E00000FC0007EBFE9ED0737FEEBFFF600,
2026-07-14T15:39:38.736469+00:00,106.496872,valid,2734,996,2866807780,60765,41,hex,CAM,0202aae003e4ed5d005a5811460e29efbf1ffffffc2246cd1e00000fc0007ebfe9ed0737feebfff600,0202AAE003E4ED5D005A5811460E29EFBF1FFFFFFC2246CD1E00000FC0007EBFE9ED0737FEEBFFF600,
2026-07-14T15:39:38.838684+00:00,106.599085,valid,2734,997,2866807781,60865,41,hex,CAM,0202aae003e5edc1005a5811460e29efbf1ffffffc2246cd1e00000fc0007ebfe9ed0737feebfff600,0202AAE003E5EDC1005A5811460E29EFBF1FFFFFFC2246CD1E00000FC0007EBFE9ED0737FEEBFFF600,
2026-07-14T15:39:38.940521+00:00,106.700926,valid,2734,998,2866807782,60965,41,hex,CAM,0202aae003e6ee25005a5811460e29efbf1ffffffc2246cd1e00000fc0007ebfe9ed0737feebfff600,0202AAE003E6EE25005A5811460E29EFBF1FFFFFFC2246CD1E00000FC0007EBFE9ED0737FEEBFFF600,
2026-07-14T15:39:39.042523+00:00,106.802925,valid,2734,999,2866807783,61065,41,hex,CAM,0202aae003e7ee89005a5811460e29efbf1ffffffc2246cd1e00000fc0007ebfe9ed0737feebfff600,0202AAE003E7EE89005A5811460E29EFBF1FFFFFFC2246CD1E00000FC0007EBFE9ED0737FEEBFFF600,
2026-07-14T15:39:39.134573+00:00,106.894977,valid,2734,1000,2866807784,61165,41,hex,CAM,0202aae003e8eeed005a5811460e29efbf1ffffffc2246cd1e00000fc0007ebfe9ed0737feebfff600,0202AAE003E8EEED005A5811460E29EFBF1FFFFFFC2246CD1E00000FC0007EBFE9ED0737FEEBFFF600,
