received_at,elapsed_s,event,test_id,seq,station_id,generation_delta_time,payload_bytes,payload_encoding,asn_type,raw_hex,line,error
2026-07-14T15:35:41.646125+00:00,11.980433,valid,2733,1,2865758209,14403,41,hex,CAM,0202aad000013843005a5811460e29efbf1ffffffc2246cd1e00000fc0007ebfe9ed0737feebfff600,0202AAD000013843005A5811460E29EFBF1FFFFFFC2246CD1E00000FC0007EBFE9ED0737FEEBFFF600,
2026-07-14T15:35:41.667755+00:00,12.002058,valid,2733,2,2865758210,20300,41,hex,CAM,0202aad000024f4c005a5811460e29efbf1ffffffc2246cd1e00000fc0007ebfe9ed0737feebfff600,0202AAD000024F4C005A5811460E29EFBF1FFFFFFC2246CD1E00000FC0007EBFE9ED0737FEEBFFF600,
2026-07-14T15:35:41.689796+00:00,12.024100,valid,2733,3,2865758211,20322,41,hex,CAM,0202aad000034f62005a5811460e29efbf1ffffffc2246cd1e00000fc0007ebfe9ed0737feebfff600,0202AAD000034F62005A5811460E29EFBF1FFFFFFC2246CD1E00000FC0007EBFE9ED0737FEEBFFF600,
2026-07-14T15:35:41.711786+00:00,12.046090,valid,2733,4,2865758212,20343,41,hex,CAM,0202aad000044f77005a5811460e29efbf1ffffffc2246cd1e00000fc0007ebfe9ed0737feebfff600,0202AAD000044F77005A5811460E29EFBF1FFFFFFC2246CD1E00000FC0007EBFE9ED0737FEEBFFF600,
2026-07-14T15:35:41.733745+00:00,12.068051,valid,2733,5,2865758213,20366,41,hex,CAM,0202aad000054f8e005a5811460e29efbf1ffffffc2246cd1e00000fc0007ebfe9ed0737feebfff600,0202AAD000054F8E005A5811460E29EFBF1FFFFFFC2246CD1E00000FC0007EBFE9ED0737FEEBFFF600,
2026-07-14T15:35:41.755742+00:00,12.090044,valid,2733,6,2865758214,20388,41,hex,CAM,0202aad000064fa4005a5811460e29efbf1ffffffc2246cd1e00000fc0007ebfe9ed0737feebfff600,0202AAD000064FA4005A5811460E29EFBF1FFFFFFC2246CD1E00000FC0007EBFE9ED0737FEEBFFF600,
2026-07-14T15:35:41.779298+00:00,12.113611,valid,2733,7,2865758215,20410,41,hex,CAM,0202aad000074fba005a5811460e29efbf1ffffffc2246cd1e00000fc0007ebfe9ed0737feebfff600,0202AAD000074FBA005A5811460E29EFBF1FFFFFFC2246CD1E00000FC0007EBFE9ED0737FEEBFFF600,
2026-07-14T15:35:41.799147+00:00,12.133437,valid,2733,8,2865758216,20431,41,hex,CAM,0202aad000084fcf005a5811460e29efbf1ffffffc2246cd1e00000fc0007ebfe9ed0737feebfff600,0202AAD000084FCF005A5811460E29EFBF1FFFFFFC2246CD1E00000FC0007EBFE9ED0737FEEBFFF600,
2026-07-14T15:35:41.823330+00:00,12.157648,valid,2733,9,2865758217,20454,41,hex,CAM,0202aad000094fe6005a5811460e29efbf1ffffffc2246cd1e00000fc0007ebfe9ed0737feebfff600,0202AAD000094FE6005A5811460E29EFBF1FFFFFFC2246CD1E00000FC0007EBFE9ED0737FEEBFFF600,
2026-07-14T15:35:41.845118+00:00,12.179432,valid,2733,10,2865758218,20476,41,hex,CAM,0202aad0000a4ffc005a5811460e29efbf1ffffffc2246cd1e00000fc0007ebfe9ed0737feebfff600,0202AAD0000A4FFC005A5811460E29EFBF1FFFFFFC2246CD1E00000FC0007EBFE9ED0737FEEBFFF600,
2026-07-14T15:35:41.865677+00:00,12.199980,valid,2733,11,2865758219,20498,41,hex,CAM,0202aad0000b5012005a5811460e29efbf1ffffffc2246cd1e00000fc0007ebfe9ed0737feebfff600,0202AAD0000B5012005A5811460E29EFBF1FFFFFFC2246CD1E00000FC0007EBFE9ED0737FEEBFFF600,
2026-07-14T15:35:41.887640+00:00,12.221944,valid,2733,12,2865758220,20519,41,hex,CAM,0202aad0000c5027005a5811460e29efbf1ffffffc2246cd1e00000fc0007ebfe9ed0737feebfff600,0202AAD0000C5027005A5811460E29EFBF1FFFFFFC2246CD1E00000FC0007EBFE9ED0737FEEBFFF600,
2026-07-14T15:35:41.909690+00:00,12.243994,valid,2733,13,2865758221,20542,41,hex,CAM,0202aad0000d503e005a5811460e29efbf1ffffffc2246cd1e00000fc0007ebfe9ed0737feebfff600,0202AAD0000D503E005A5811460E29EFBF1FFFFFFC2246CD1E00000FC0007EBFE9ED0737FEEBFFF600,
2026-07-14T15:35:41.931554+00:00,12.265849,valid,2733,14,2865758222,20564,41,hex,CAM,0202aad0000e5054005a5811460e29efbf1ffffffc2246cd1e00000fc0007ebfe9ed0737feebfff600,0202AAD0000E5054005A5811460E29EFBF1FFFFFFC2246CD1E00000FC0007EBFE9ED0737FEEBFFF600,
2026-07-14T15:35:41.953670+00:00,12.287972,valid,2733,15,2865758223,20586,41,hex,CAM,0202aad0000f506a005a5811460e29efbf1ffffffc2246cd1e00000fc0007ebfe9ed0737feebfff600,0202AAD0000F506A005A5811460E29EFBF1FFFFFFC2246CD1E00000FC0007EBFE9ED0737FEEBFFF600,
2026-07-14T15:35:41.975647+00:00,12.309949,valid,2733,16,2865758224,20607,41,hex,CAM,0202aad00010507f005a5811460e29efbf1ffffffc2246cd1e00000fc0007ebfe9ed0737feebfff600,0202AAD00010507F005A5811460E29EFBF1FFFFFFC2246CD1E00000FC0007EBFE9ED0737FEEBFFF600,
2026-07-14T15:35:41.997744+00:00,12.332048,valid,2733,17,2865758225,20630,41,hex,CAM,0202aad000115096005a5811460e29efbf1ffffffc2246cd1e00000fc0007ebfe9ed0737feebfff600,0202AAD000115096005A5811460E29EFBF1FFFFFFC2246CD1E00000FC0007EBFE9ED0737FEEBFFF600,
2026-07-14T15:35:42.019690+00:00,12.353993,valid,2733,18,2865758226,20652,41,hex,CAM,0202aad0001250ac005a5811460e29efbf1ffffffc2246cd1e00000fc0007ebfe9ed0737feebfff600,0202AAD0001250AC005A5811460E29EFBF1FFFFFFC2246CD1E00000FC0007EBFE9ED0737FEEBFFF600,
2026-07-14T15:35:42.041692+00:00,12.375994,valid,2733,19,2865758227,20674,41,hex,CAM,0202aad0001350c2005a5811460e29efbf1ffffffc2246cd1e00000fc0007ebfe9ed0737feebfff600,0202AAD0001350C2005A5811460E29EFBF1FFFFFFC2246CD1E00000FC0007EBFE9ED0737FEEBFFF600,
2026-07-14T15:35:42.063751+00:00,12.398055,valid,2733,20,2865758228,20696,41,hex,CAM,0202aad0001450d8005a5811460e29efbf1ffffffc2246cd1e00000fc0007ebfe9ed0737feebfff600,0202AAD0001450D8005A5811460E29EFBF1FFFFFFC2246CD1E00000FC0007EBFE9ED0737FEEBFFF600,
2026-07-14T15:35:42.085716+00:00,12.420018,valid,2733,21,2865758229,20718,41,hex,CAM,0202aad0001550ee005a5811460e29efbf1ffffffc2246cd1e00000fc0007ebfe9ed0737feebfff600,0202AAD0001550EE005A5811460E29EFBF1FFFFFFC2246CD1E00000FC0007EBFE9ED0737FEEBFFF600,
2026-07-14T15:35:42.107692+00:00,12.441994,valid,2733,22,2865758230,20741,41,hex,CAM,0202aad000165105005a5811460e29efbf1ffffffc2246cd1e00000fc0007ebfe9ed0737feebfff600,0202AAD000165105005A5811460E29EFBF1FFFFFFC2246CD1E00000FC0007EBFE9ED0737FEEBFFF600,
2026-07-14T15:35:42.129705+00:00,12.464007,valid,2733,23,2865758231,20762,41,hex,CAM,0202aad00017511a005a5811460e29efbf1ffffffc2246cd1e00000fc0007ebfe9ed0737feebfff600,0202AAD00017511A005A5811460E29EFBF1FFFFFFC2246CD1E00000FC0007EBFE9ED0737FEEBFFF600,
2026-07-14T15:35:42.151856+00:00,12.486159,valid,2733,24,2865758232,20784,41,hex,CAM,0202aad000185130005a5811460e29efbf1ffffffc2246cd1e00000fc0007ebfe9ed0737feebfff600,0202AAD000185130005A5811460E29EFBF1FFFFFFC2246CD1E00000FC0007EBFE9ED0737FEEBFFF600,
2026-07-14T15:35:42.173843+00:00,12.508145,valid,2733,25,2865758233,20806,41,hex,CAM,0202aad000195146005a5811460e29efbf1ffffffc2246cd1e00000fc0007ebfe9ed0737feebfff600,0202AAD000195146005A5811460E29EFBF1FFFFFFC2246CD1E00000FC0007EBFE9ED0737FEEBFFF600,
2026-07-14T15:35:42.195840+00:00,12.530143,valid,2733,26,2865758234,20829,41,hex,CAM,0202aad0001a515d005a5811460e29efbf1ffffffc2246cd1e00000fc0007ebfe9ed0737feebfff600,0202AAD0001A515D005A5811460E29EFBF1FFFFFFC2246CD1E00000FC0007EBFE9ED0737FEEBFFF600,
2026-07-14T15:35:42.217826+00:00,12.552129,valid,2733,27,2865758235,20850,41,hex,CAM,0202aad0001b5172005a5811460e29efbf1ffffffc2246cd1e00000fc0007ebfe9ed0737feebfff600,0202AAD0001B5172005A5811460E29EFBF1FFFFFFC2246CD1E00000FC0007EBFE9ED0737FEEBFFF600,
2026-07-14T15:35:42.239860+00:00,12.574170,valid,2733,28,2865758236,20872,41,hex,CAM,0202aad0001c5188005a5811460e29efbf1ffffffc2246cd1e00000fc0007ebfe9ed0737feebfff600,0202AAD0001C5188005A5811460E29EFBF1FFFFFFC2246CD1E00000FC0007EBFE9ED0737FEEBFFF600,
2026-07-14T15:35:42.261815+00:00,12.596118,valid,2733,29,2865758237,20894,41,hex,CAM,0202aad0001d519e005a5811460e29efbf1ffffffc2246cd1e00000fc0007ebfe9ed0737feebfff600,0202AAD0001D519E005A5811460E29EFBF1FFFFFFC2246CD1E00000FC0007EBFE9ED0737FEEBFFF600,
2026-07-14T15:35:42.283865+00:00,12.618168,valid,2733,30,2865758238,20917,41,hex,CAM,0202aad0001e51b5005a5811460e29efbf1ffffffc2246cd1e00000fc0007ebfe9ed0737feebfff600,0202AAD0001E51B5005A5811460E29EFBF1FFFFFFC2246CD1E00000FC0007EBFE9ED0737FEEBFFF600,
2026-07-14T15:35:42.305830+00:00,12.640133,valid,2733,31,2865758239,20938,41,hex,CAM,0202aad0001f51ca005a5811460e29efbf1ffffffc2246cd1e00000fc0007ebfe9ed0737feebfff600,0202AAD0001F51CA005A5811460E29EFBF1FFFFFFC2246CD1E00000FC0007EBFE9ED0737FEEBFFF600,
2026-07-14T15:35:42.327825+00:00,12.662127,valid,2733,32,2865758240,20960,41,hex,CAM,0202aad0002051e0005a5811460e29efbf1ffffffc2246cd1e00000fc0007ebfe9ed0737feebfff600,0202AAD0002051E0005A5811460E29EFBF1FFFFFFC2246CD1E00000FC0007EBFE9ED0737FEEBFFF600,
2026-07-14T15:35:42.349832+00:00,12.684135,valid,2733,33,2865758241,20982,41,hex,CAM,0202aad0002151f6005a5811460e29efbf1ffffffc2246cd1e00000fc0007ebfe9ed0737feebfff600,0202AAD0002151F6005A5811460E29EFBF1FFFFFFC2246CD1E00000FC0007EBFE9ED0737FEEBFFF600,
2026-07-14T15:35:42.371859+00:00,12.706163,valid,2733,34,2865758242,21005,41,hex,CAM,0202aad00022520d005a5811460e29efbf1ffffffc2246cd1e00000fc0007ebfe9ed0737feebfff600,0202AAD00022520D005A5811460E29EFBF1FFFFFFC2246CD1E00000FC0007EBFE9ED0737FEEBFFF600,
2026-07-14T15:35:42.393859+00:00,12.728162,valid,2733,35,2865758243,21026,41,hex,CAM,0202aad000235222005a5811460e29efbf1ffffffc2246cd1e00000fc0007ebfe9ed0737feebfff600,0202AAD000235222005A5811460E29EFBF1FFFFFFC2246CD1E00000FC0007EBFE9ED0737FEEBFFF600,
2026-07-14T15:35:42.417104+00:00,12.751409,valid,2733,36,2865758244,21048,41,hex,CAM,0202aad000245238005a5811460e29efbf1ffffffc2246cd1e00000fc0007ebfe9ed0737feebfff600,0202AAD000245238005A5811460E29EFBF1FFFFFFC2246CD1E00000FC0007EBFE9ED0737FEEBFFF600,
2026-07-14T15:35:42.437693+00:00,12.771991,valid,2733,37,2865758245,21070,41,hex,CAM,0202aad00025524e005a5811460e29efbf1ffffffc2246cd1e00000fc0007ebfe9ed0737feebfff600,0202AAD00025524E005A5811460E29EFBF1FFFFFFC2246CD1E00000FC0007EBFE9ED0737FEEBFFF600,
2026-07-14T15:35:42.459964+00:00,12.794268,valid,2733,38,2865758246,21091,41,hex,CAM,0202aad000265263005a5811460e29efbf1ffffffc2246cd1e00000fc0007ebfe9ed0737feebfff600,0202AAD000265263005A5811460E29EFBF1FFFFFFC2246CD1E00000FC0007EBFE9ED0737FEEBFFF600,
2026-07-14T15:35:42.481821+00:00,12.816123,valid,2733,39,2865758247,21114,41,hex,CAM,0202aad00027527a005a5811460e29efbf1ffffffc2246cd1e00000fc0007ebfe9ed0737feebfff600,0202AAD00027527A005A5811460E29EFBF1FFFFFFC2246CD1E00000FC0007EBFE9ED0737FEEBFFF600,
2026-07-14T15:35:42.503937+00:00,12.838242,valid,2733,40,2865758248,21136,41,hex,CAM,0202aad000285290005a5811460e29efbf1ffffffc2246cd1e00000fc0007ebfe9ed0737feebfff600,0202AAD000285290005A5811460E29EFBF1FFFFFFC2246CD1E00000FC0007EBFE9ED0737FEEBFFF600,
2026-07-14T15:35:42.525755+00:00,12.860057,valid,2733,41,2865758249,21158,41,hex,CAM,0202aad0002952a6005a5811460e29efbf1ffffffc2246cd1e00000fc0007ebfe9ed0737feebfff600,0202AAD0002952A6005A5811460E29EFBF1FFFFFFC2246CD1E00000FC0007EBFE9ED0737FEEBFFF600,
2026-07-14T15:35:42.547740+00:00,12.882042,valid,2733,42,2865758250,21180,41,hex,CAM,0202aad0002a52bc005a5811460e29efbf1ffffffc2246cd1e00000fc0007ebfe9ed0737feebfff600,0202AAD0002A52BC005A5811460E29EFBF1FFFFFFC2246CD1E00000FC0007EBFE9ED0737FEEBFFF600,
2026-07-14T15:35:42.569605+00:00,12.903901,valid,2733,43,2865758251,21202,41,hex,CAM,0202aad0002b52d2005a5811460e29efbf1ffffffc2246cd1e00000fc0007ebfe9ed0737feebfff600,0202AAD0002B52D2005A5811460E29EFBF1FFFFFFC2246CD1E00000FC0007EBFE9ED0737FEEBFFF600,
2026-07-14T15:35:42.591652+00:00,12.925954,valid,2733,44,2865758252,21224,41,hex,CAM,0202aad0002c52e8005a5811460e29efbf1ffffffc2246cd1e00000fc0007ebfe9ed0737feebfff600,0202AAD0002C52E8005A5811460E29EFBF1FFFFFFC2246CD1E00000FC0007EBFE9ED0737FEEBFFF600,
2026-07-14T15:35:42.613677+00:00,12.947982,valid,2733,45,2865758253,21246,41,hex,CAM,0202aad0002d52fe005a5811460e29efbf1ffffffc2246cd1e00000fc0007ebfe9ed0737feebfff600,0202AAD0002D52FE005A5811460E29EFBF1FFFFFFC2246CD1E00000FC0007EBFE9ED0737FEEBFFF600,
2026-07-14T15:35:42.635665+00:00,12.969968,valid,2733,46,2865758254,21268,41,hex,CAM,0202aad0002e5314005a5811460e29efbf1ffffffc2246cd1e00000fc0007ebfe9ed0737feebfff600,0202AAD0002E5314005A5811460E29EFBF1FFFFFFC2246CD1E00000FC0007EBFE9ED0737FEEBFFF600,
2026-07-14T15:35:42.657732+00:00,12.992035,valid,2733,47,2865758255,21290,41,hex,CAM,0202aad0002f532a005a5811460e29efbf1ffffffc2246cd1e00000fc0007ebfe9ed0737feebfff600,0202AAD0002F532A005A5811460E29EFBF1FFFFFFC2246CD1E00000FC0007EBFE9ED0737FEEBFFF600,
2026-07-14T15:35:42.679743+00:00,13.014046,valid,2733,48,2865758256,21312,41,hex,CAM,0202aad000305340005a5811460e29efbf1ffffffc2246cd1e00000fc0007ebfe9ed0737feebfff600,0202AAD000305340005A5811460E29EFBF1FFFFFFC2246CD1E00000FC0007EBFE9ED0737FEEBFFF600,
2026-07-14T15:35:42.701771+00:00,13.036073,valid,2733,49,2865758257,21334,41,hex,CAM,0202aad000315356005a5811460e29efbf1ffffffc2246cd1e00000fc0007ebfe9ed0737feebfff600,0202AAD000315356005A5811460E29EFBF1FFFFFFC2246CD1E00000FC0007EBFE9ED0737FEEBFFF600,
2026-07-14T15:35:42.723693+00:00,13.057996,valid,2733,50,2865758258,21356,41,hex,CAM,0202aad00032536c005a5811460e29efbf1ffffffc2246cd1e00000fc0007ebfe9ed0737feebfff600,0202AAD00032536C005A5811460E29EFBF1FFFFFFC2246CD1E00000FC0007EBFE9ED0737FEEBFFF600,
2026-07-14T15:35:42.745640+00:00,13.079943,valid,2733,51,2865758259,21378,41,hex,CAM,0202aad000335382005a5811460e29efbf1ffffffc2246cd1e00000fc0007ebfe9ed0737feebfff600,0202AAD000335382005A5811460E29EFBF1FFFFFFC2246CD1E00000FC0007EBFE9ED0737FEEBFFF600,
2026-07-14T15:35:42.767523+00:00,13.101819,valid,2733,52,2865758260,21400,41,hex,CAM,0202aad000345398005a5811460e29efbf1ffffffc2246cd1e00000fc0007ebfe9ed0737feebfff600,0202AAD000345398005A5811460E29EFBF1FFFFFFC2246CD1E00000FC0007EBFE9ED0737FEEBFFF600,
2026-07-14T15:35:42.789660+00:00,13.123964,valid,2733,53,2865758261,21422,41,hex,CAM,0202aad0003553ae005a5811460e29efbf1ffffffc2246cd1e00000fc0007ebfe9ed0737feebfff600,0202AAD0003553AE005A5811460E29EFBF1FFFFFFC2246CD1E00000FC0007EBFE9ED0737FEEBFFF600,
2026-07-14T15:35:42.811749+00:00,13.146052,valid,2733,54,2865758262,21444,41,hex,CAM,0202aad0003653c4005a5811460e29efbf1ffffffc2246cd1e00000fc0007ebfe9ed0737feebfff600,0202AAD0003653C4005A5811460E29EFBF1FFFFFFC2246CD1E00000FC0007EBFE9ED0737FEEBFFF600,
2026-07-14T15:35:42.833445+00:00,13.167737,valid,2733,55,2865758263,21466,41,hex,CAM,0202aad0003753da005a5811460e29efbf1ffffffc2246cd1e00000fc0007ebfe9ed0737feebfff600,0202AAD0003753DA005A5811460E29EFBF1FFFFFFC2246CD1E00000FC0007EBFE9ED0737FEEBFFF600,
2026-07-14T15:35:42.857402+00:00,13.191722,valid,2733,56,2865758264,21488,41,hex,CAM,0202aad0003853f0005a5811460e29efbf1ffffffc2246cd1e00000fc0007ebfe9ed0737feebfff600,0202AAD0003853F0005A5811460E29EFBF1FFFFFFC2246CD1E00000FC0007EBFE9ED0737FEEBFFF600,
2026-07-14T15:35:42.879162+00:00,13.213481,valid,2733,57,2865758265,21510,41,hex,CAM,0202aad000395406005a5811460e29efbf1ffffffc2246cd1e00000fc0007ebfe9ed0737feebfff600,0202AAD000395406005A5811460E29EFBF1FFFFFFC2246CD1E00000FC0007EBFE9ED0737FEEBFFF600,
2026-07-14T15:35:42.901006+00:00,13.235314,valid,2733,58,2865758266,21532,41,hex,CAM,0202aad0003a541c005a5811460e29efbf1ffffffc2246cd1e00000fc0007ebfe9ed0737feebfff600,0202AAD0003A541C005A5811460E29EFBF1FFFFFFC2246CD1E00000FC0007EBFE9ED0737FEEBFFF600,
2026-07-14T15:35:42.922971+00:00,13.257277,valid,2733,59,2865758267,21554,41,hex,CAM,0202aad0003b5432005a5811460e29efbf1ffffffc2246cd1e00000fc0007ebfe9ed0737feebfff600,0202AAD0003B5432005A5811460E29EFBF1FFFFFFC2246CD1E00000FC0007EBFE9ED0737FEEBFFF600,
2026-07-14T15:35:42.944129+00:00,13.278441,valid,2733,60,2865758268,21576,41,hex,CAM,0202aad0003c5448005a5811460e29efbf1ffffffc2246cd1e00000fc0007ebfe9ed0737feebfff600,0202AAD0003C5448005A5811460E29EFBF1FFFFFFC2246CD1E00000FC0007EBFE9ED0737FEEBFFF600,
2026-07-14T15:35:42.965791+00:00,13.300094,valid,2733,61,2865758269,21598,41,hex,CAM,0202aad0003d545e005a5811460e29efbf1ffffffc2246cd1e00000fc0007ebfe9ed0737feebfff600,0202AAD0003D545E005A5811460E29EFBF1FFFFFFC2246CD1E00000FC0007EBFE9ED0737FEEBFFF600,
2026-07-14T15:35:42.987824+00:00,13.322127,valid,2733,62,2865758270,21620,41,hex,CAM,0202aad0003e5474005a5811460e29efbf1ffffffc2246cd1e00000fc0007ebfe9ed0737feebfff600,0202AAD0003E5474005A5811460E29EFBF1FFFFFFC2246CD1E00000FC0007EBFE9ED0737FEEBFFF600,
2026-07-14T15:35:43.009938+00:00,13.344243,valid,2733,63,2865758271,21642,41,hex,CAM,0202aad0003f548a005a5811460e29efbf1ffffffc2246cd1e00000fc0007ebfe9ed0737feebfff600,0202AAD0003F548A005A5811460E29EFBF1FFFFFFC2246CD1E00000FC0007EBFE9ED0737FEEBFFF600,
2026-07-14T15:35:43.031927+00:00,13.366231,valid,2733,64,2865758272,21664,41,hex,CAM,0202aad0004054a0005a5811460e29efbf1ffffffc2246cd1e00000fc0007ebfe9ed0737feebfff600,0202AAD0004054A0005A5811460E29EFBF1FFFFFFC2246CD1E00000FC0007EBFE9ED0737FEEBFFF600,
2026-07-14T15:35:43.053820+00:00,13.388123,valid,2733,65,2865758273,21686,41,hex,CAM,0202aad0004154b6005a5811460e29efbf1ffffffc2246cd1e00000fc0007ebfe9ed0737feebfff600,0202AAD0004154B6005A5811460E29EFBF1FFFFFFC2246CD1E00000FC0007EBFE9ED0737FEEBFFF600,
2026-07-14T15:35:43.075755+00:00,13.410059,valid,2733,66,2865758274,21708,41,hex,CAM,0202aad0004254cc005a5811460e29efbf1ffffffc2246cd1e00000fc0007ebfe9ed0737feebfff600,0202AAD0004254CC005A5811460E29EFBF1FFFFFFC2246CD1E00000FC0007EBFE9ED0737FEEBFFF600,
2026-07-14T15:35:43.097715+00:00,13.432018,valid,2733,67,2865758275,21730,41,hex,CAM,0202aad0004354e2005a5811460e29efbf1ffffffc2246cd1e00000fc0007ebfe9ed0737feebfff600,0202AAD0004354E2005A5811460E29EFBF1FFFFFFC2246CD1E00000FC0007EBFE9ED0737FEEBFFF600,
2026-07-14T15:35:43.119862+00:00,13.454165,valid,2733,68,2865758276,21752,41,hex,CAM,0202aad0004454f8005a5811460e29efbf1ffffffc2246cd1e00000fc0007ebfe9ed0737feebfff600,0202AAD0004454F8005A5811460E29EFBF1FFFFFFC2246CD1E00000FC0007EBFE9ED0737FEEBFFF600,
2026-07-14T15:35:43.141850+00:00,13.476153,valid,2733,69,2865758277,21774,41,hex,CAM,0202aad00045550e005a5811460e29efbf1ffffffc2246cd1e00000fc0007ebfe9ed0737feebfff600,0202AAD00045550E005A5811460E29EFBF1FFFFFFC2246CD1E00000FC0007EBFE9ED0737FEEBFFF600,
2026-07-14T15:35:43.163789+00:00,13.498092,valid,2733,70,2865758278,21796,41,hex,CAM,0202aad000465524005a5811460e29efbf1ffffffc2246cd1e00000fc0007ebfe9ed0737feebfff600,0202AAD000465524005A5811460E29EFBF1FFFFFFC2246CD1E00000FC0007EBFE9ED0737FEEBFFF600,
2026-07-14T15:35:43.185840+00:00,13.520143,valid,2733,71,2865758279,21818,41,hex,CAM,0202aad00047553a005a5811460e29efbf1ffffffc2246cd1e00000fc0007ebfe9ed0737feebfff600,0202AAD00047553A005A5811460E29EFBF1FFFFFFC2246CD1E00000FC0007EBFE9ED0737FEEBFFF600,
2026-07-14T15:35:43.207862+00:00,13.542165,valid,2733,72,2865758280,21840,41,hex,CAM,0202aad000485550005a5811460e29efbf1ffffffc2246cd1e00000fc0007ebfe9ed0737feebfff600,0202AAD000485550005A5811460E29EFBF1FFFFFFC2246CD1E00000FC0007EBFE9ED0737FEEBFFF600,
2026-07-14T15:35:43.231260+00:00,13.565572,valid,2733,73,2865758281,21862,41,hex,CAM,0202aad000495566005a5811460e29efbf1ffffffc2246cd1e00000fc0007ebfe9ed0737feebfff600,0202AAD000495566005A5811460E29EFBF1FFFFFFC2246CD1E00000FC0007EBFE9ED0737FEEBFFF600,
2026-07-14T15:35:43.253235+00:00,13.587544,valid,2733,74,2865758282,21884,41,hex,CAM,0202aad0004a557c005a5811460e29efbf1ffffffc2246cd1e00000fc0007ebfe9ed0737feebfff600,0202AAD0004A557C005A5811460E29EFBF1FFFFFFC2246CD1E00000FC0007EBFE9ED0737FEEBFFF600,
2026-07-14T15:35:43.273889+00:00,13.608192,valid,2733,75,2865758283,21906,41,hex,CAM,0202aad0004b5592005a5811460e29efbf1ffffffc2246cd1e00000fc0007ebfe9ed0737feebfff600,0202AAD0004B5592005A5811460E29EFBF1FFFFFFC2246CD1E00000FC0007EBFE9ED0737FEEBFFF600,
2026-07-14T15:35:43.295738+00:00,13.630040,valid,2733,76,2865758284,21928,41,hex,CAM,0202aad0004c55a8005a5811460e29efbf1ffffffc2246cd1e00000fc0007ebfe9ed0737feebfff600,0202AAD0004C55A8005A5811460E29EFBF1FFFFFFC2246CD1E00000FC0007EBFE9ED0737FEEBFFF600,
2026-07-14T15:35:43.367806+00:00,13.702109,valid,2733,77,2865758285,22003,41,hex,CAM,0202aad0004d55f3005a5811460e29efbf1ffffffc2246cd1e00000fc0007ebfe9ed0737feebfff600,0202AAD0004D55F3005A5811460E29EFBF1FFFFFFC2246CD1E00000FC0007EBFE9ED0737FEEBFFF600,
2026-07-14T15:35:43.469713+00:00,13.804017,valid,2733,78,2865758286,22103,41,hex,CAM,0202aad0004e5657005a5811460e29efbf1ffffffc2246cd1e00000fc0007ebfe9ed0737feebfff600,0202AAD0004E5657005A5811460E29EFBF1FFFFFFC2246CD1E00000FC0007EBFE9ED0737FEEBFFF600,
2026-07-14T15:35:43.571766+00:00,13.906069,valid,2733,79,2865758287,22203,41,hex,CAM,0202aad0004f56bb005a5811460e29efbf1ffffffc2246cd1e00000fc0007ebfe9ed0737feebfff600,0202AAD0004F56BB005A5811460E29EFBF1FFFFFFC2246CD1E00000FC0007EBFE9ED0737FEEBFFF600,
2026-07-14T15:35:43.663867+00:00,13.998171,valid,2733,80,2865758288,22303,41,hex,CAM,0202aad00050571f005a5811460e29efbf1ffffffc2246cd1e00000fc0007ebfe9ed0737feebfff600,0202AAD00050571F005A5811460E29EFBF1FFFFFFC2246CD1E00000FC0007EBFE9ED0737FEEBFFF600,
2026-07-14T15:35:43.765799+00:00,14.100103,valid,2733,81,2865758289,22403,41,hex,CAM,0202aad000515783005a5811460e29efbf1ffffffc2246cd1e00000fc0007ebfe9ed0737feebfff600,0202AAD000515783005A5811460E29EFBF1FFFFFFC2246CD1E00000FC0007EBFE9ED0737FEEBFFF600,
2026-07-14T15:35:43.867884+00:00,14.202189,valid,2733,82,2865758290,22503,41,hex,CAM,0202aad0005257e7005a5811460e29efbf1ffffffc2246cd1e00000fc0007ebfe9ed0737feebfff600,0202AAD0005257E7005A5811460E29EFBF1FFFFFFC2246CD1E00000FC0007EBFE9ED0737FEEBFFF600,
2026-07-14T15:35:43.969788+00:00,14.304096,valid,2733,83,2865758291,22603,41,hex,CAM,0202aad00053584b005a5811460e29efbf1ffffffc2246cd1e00000fc0007ebfe9ed0737feebfff600,0202AAD00053584B005A5811460E29EFBF1FFFFFFC2246CD1E00000FC0007EBFE9ED0737FEEBFFF600,
2026-07-14T15:35:44.071759+00:00,14.406065,valid,2733,84,2865758292,22703,41,hex,CAM,0202aad0005458af005a5811460e29efbf1ffffffc2246cd1e00000fc0007ebfe9ed0737feebfff600,0202AAD0005458AF005A5811460E29EFBF1FFFFFFC2246CD1E00000FC0007EBFE9ED0737FEEBFFF600,
2026-07-14T15:35:44.163761+00:00,14.498064,valid,2733,85,2865758293,22803,41,hex,CAM,0202aad000555913005a5811460e29efbf1ffffffc2246cd1e00000fc0007ebfe9ed0737feebfff600,0202AAD000555913005A5811460E29EFBF1FFFFFFC2246CD1E00000FC0007EBFE9ED0737FEEBFFF600,
2026-07-14T15:35:44.265806+00:00,14.600115,valid,2733,86,2865758294,22903,41,hex,CAM,0202aad000565977005a5811460e29efbf1ffffffc2246cd1e00000fc0007ebfe9ed0737feebfff600,0202AAD000565977005A5811460E29EFBF1FFFFFFC2246CD1E00000FC0007EBFE9ED0737FEEBFFF600,
2026-07-14T15:35:44.367791+00:00,14.702095,valid,2733,87,2865758295,23003,41,hex,CAM,0202aad0005759db005a5811460e29efbf1ffffffc2246cd1e00000fc0007ebfe9ed0737feebfff600,0202AAD0005759DB005A5811460E29EFBF1FFFFFFC2246CD1E00000FC0007EBFE9ED0737FEEBFFF600,
2026-07-14T15:35:44.469761+00:00,14.804065,valid,2733,88,2865758296,23103,41,hex,CAM,0202aad000585a3f005a5811460e29efbf1ffffffc2246cd1e00000fc0007ebfe9ed0737feebfff600,0202AAD000585A3F005A5811460E29EFBF1FFFFFFC2246CD1E00000FC0007EBFE9ED0737FEEBFFF600,
2026-07-14T15:35:44.571788+00:00,14.906092,valid,2733,89,2865758297,23203,41,hex,CAM,0202aad000595aa3005a5811460e29efbf1ffffffc2246cd1e00000fc0007ebfe9ed0737feebfff600,0202AAD000595AA3005A5811460E29EFBF1FFFFFFC2246CD1E00000FC0007EBFE9ED0737FEEBFFF600,
2026-07-14T15:35:44.663758+00:00,14.998062,valid,2733,90,2865758298,23303,41,hex,CAM,0202aad0005a5b07005a5811460e29efbf1ffffffc2246cd1e00000fc0007ebfe9ed0737feebfff600,0202AAD0005A5B07005A5811460E29EFBF1FFFFFFC2246CD1E00000FC0007EBFE9ED0737FEEBFFF600,
2026-07-14T15:35:44.765787+00:00,15.100096,valid,2733,91,2865758299,23403,41,hex,CAM,0202aad0005b5b6b005a5811460e29efbf1ffffffc2246cd1e00000fc0007ebfe9ed0737feebfff600,0202AAD0005B5B6B005A5811460E29EFBF1FFFFFFC2246CD1E00000FC0007EBFE9ED0737FEEBFFF600,
2026-07-14T15:35:44.867779+00:00,15.202085,valid,2733,92,2865758300,23503,41,hex,CAM,0202aad0005c5bcf005a5811460e29efbf1ffffffc2246cd1e00000fc0007ebfe9ed0737feebfff600,0202AAD0005C5BCF005A5811460E29EFBF1FFFFFFC2246CD1E00000FC0007EBFE9ED0737FEEBFFF600,
2026-07-14T15:35:44.969740+00:00,15.304048,valid,2733,93,2865758301,23603,41,hex,CAM,0202aad0005d5c33005a5811460e29efbf1ffffffc2246cd1e00000fc0007ebfe9ed0737feebfff600,0202AAD0005D5C33005A5811460E29EFBF1FFFFFFC2246CD1E00000FC0007EBFE9ED0737FEEBFFF600,
2026-07-14T15:35:45.071770+00:00,15.406077,valid,2733,94,2865758302,23703,41,hex,CAM,0202aad0005e5c97005a5811460e29efbf1ffffffc2246cd1e00000fc0007ebfe9ed0737feebfff600,0202AAD0005E5C97005A5811460E29EFBF1FFFFFFC2246CD1E00000FC0007EBFE9ED0737FEEBFFF600,
2026-07-14T15:35:45.163849+00:00,15.498153,valid,2733,95,2865758303,23803,41,hex,CAM,0202aad0005f5cfb005a5811460e29efbf1ffffffc2246cd1e00000fc0007ebfe9ed0737feebfff600,0202AAD0005F5CFB005A5811460E29EFBF1FFFFFFC2246CD1E00000FC0007EBFE9ED0737FEEBFFF600,
2026-07-14T15:35:45.265792+00:00,15.600095,valid,2733,96,2865758304,23903,41,hex,CAM,0202aad000605d5f005a5811460e29efbf1ffffffc2246cd1e00000fc0007ebfe9ed0737feebfff600,0202AAD000605D5F005A5811460E29EFBF1FFFFFFC2246CD1E00000FC0007EBFE9ED0737FEEBFFF600,
2026-07-14T15:35:45.367815+00:00,15.702119,valid,2733,97,2865758305,24003,41,hex,CAM,0202aad000615dc3005a5811460e29efbf1ffffffc2246cd1e00000fc0007ebfe9ed0737feebfff600,0202AAD000615DC3005A5811460E29EFBF1FFFFFFC2246CD1E00000FC0007EBFE9ED0737FEEBFFF600,
2026-07-14T15:35:45.469825+00:00,15.804129,valid,2733,98,2865758306,24103,41,hex,CAM,0202aad000625e27005a5811460e29efbf1ffffffc2246cd1e00000fc0007ebfe9ed0737feebfff600,0202AAD000625E27005A5811460E29EFBF1FFFFFFC2246CD1E00000FC0007EBFE9ED0737FEEBFFF600,
2026-07-14T15:35:45.571844+00:00,15.906147,valid,2733,99,2865758307,24203,41,hex,CAM,0202aad000635e8b005a5811460e29efbf1ffffffc2246cd1e00000fc0007ebfe9ed0737feebfff600,0202AAD000635E8B005A5811460E29EFBF1FFFFFFC2246CD1E00000FC0007EBFE9ED0737FEEBFFF600,
2026-07-14T15:35:45.663841+00:00,15.998146,valid,2733,100,2865758308,24303,41,hex,CAM,0202aad000645eef005a5811460e29efbf1ffffffc2246cd1e00000fc0007ebfe9ed0737feebfff600,0202AAD000645EEF005A5811460E29EFBF1FFFFFFC2246CD1E00000FC0007EBFE9ED0737FEEBFFF600,
2026-07-14T15:35:45.765802+00:00,16.100110,valid,2733,101,2865758309,24403,41,hex,CAM,0202aad000655f53005a5811460e29efbf1ffffffc2246cd1e00000fc0007ebfe9ed0737feebfff600,0202AAD000655F53005A5811460E29EFBF1FFFFFFC2246CD1E00000FC0007EBFE9ED0737FEEBFFF600,
2026-07-14T15:35:45.867885+00:00,16.202191,valid,2733,102,2865758310,24503,41,hex,CAM,0202aad000665fb7005a5811460e29efbf1ffffffc2246cd1e00000fc0007ebfe9ed0737feebfff600,0202AAD000665FB7005A5811460E29EFBF1FFFFFFC2246CD1E00000FC0007EBFE9ED0737FEEBFFF600,
2026-07-14T15:35:45.969181+00:00,16.303469,valid,2733,103,2865758311,24603,41,hex,CAM,0202aad00067601b005a5811460e29efbf1ffffffc2246cd1e00000fc0007ebfe9ed0737feebfff600,0202AAD00067601B005A5811460E29EFBF1FFFFFFC2246CD1E00000FC0007EBFE9ED0737FEEBFFF600,
2026-07-14T15:35:46.071813+00:00,16.406121,valid,2733,104,2865758312,24703,41,hex,CAM,0202aad00068607f005a5811460e29efbf1ffffffc2246cd1e00000fc0007ebfe9ed0737feebfff600,0202AAD00068607F005A5811460E29EFBF1FFFFFFC2246CD1E00000FC0007EBFE9ED0737FEEBFFF600,
2026-07-14T15:35:46.163843+00:00,16.498147,valid,2733,105,2865758313,24803,41,hex,CAM,0202aad0006960e3005a5811460e29efbf1ffffffc2246cd1e00000fc0007ebfe9ed0737feebfff600,0202AAD0006960E3005A5811460E29EFBF1FFFFFFC2246CD1E00000FC0007EBFE9ED0737FEEBFFF600,
2026-07-14T15:35:46.265851+00:00,16.600155,valid,2733,106,2865758314,24903,41,hex,CAM,0202aad0006a6147005a5811460e29efbf1ffffffc2246cd1e00000fc0007ebfe9ed0737feebfff600,0202AAD0006A6147005A5811460E29EFBF1FFFFFFC2246CD1E00000FC0007EBFE9ED0737FEEBFFF600,
2026-07-14T15:35:46.367808+00:00,16.702112,valid,2733,107,2865758315,25003,41,hex,CAM,0202aad0006b61ab005a5811460e29efbf1ffffffc2246cd1e00000fc0007ebfe9ed0737feebfff600,0202AAD0006B61AB005A5811460E29EFBF1FFFFFFC2246CD1E00000FC0007EBFE9ED0737FEEBFFF600,
2026-07-14T15:35:46.469898+00:00,16.804207,valid,2733,108,2865758316,25103,41,hex,CAM,0202aad0006c620f005a5811460e29efbf1ffffffc2246cd1e00000fc0007ebfe9ed0737feebfff600,0202AAD0006C620F005A5811460E29EFBF1FFFFFFC2246CD1E00000FC0007EBFE9ED0737FEEBFFF600,
2026-07-14T15:35:46.571854+00:00,16.906161,valid,2733,109,2865758317,25203,41,hex,CAM,0202aad0006d6273005a5811460e29efbf1ffffffc2246cd1e00000fc0007ebfe9ed0737feebfff600,0202AAD0006D6273005A5811460E29EFBF1FFFFFFC2246CD1E00000FC0007EBFE9ED0737FEEBFFF600,
2026-07-14T15:35:46.664780+00:00,16.999084,valid,2733,110,2865758318,25303,41,hex,CAM,0202aad0006e62d7005a5811460e29efbf1ffffffc2246cd1e00000fc0007ebfe9ed0737feebfff600,0202AAD0006E62D7005A5811460E29EFBF1FFFFFFC2246CD1E00000FC0007EBFE9ED0737FEEBFFF600,
2026-07-14T15:35:46.765829+00:00,17.100133,valid,2733,111,2865758319,25403,41,hex,CAM,0202aad0006f633b005a5811460e29efbf1ffffffc2246cd1e00000fc0007ebfe9ed0737feebfff600,0202AAD0006F633B005A5811460E29EFBF1FFFFFFC2246CD1E00000FC0007EBFE9ED0737FEEBFFF600,
2026-07-14T15:35:46.867791+00:00,17.202096,valid,2733,112,2865758320,25503,41,hex,CAM,0202aad00070639f005a5811460e29efbf1ffffffc2246cd1e00000fc0007ebfe9ed0737feebfff600,0202AAD00070639F005A5811460E29EFBF1FFFFFFC2246CD1E00000FC0007EBFE9ED0737FEEBFFF600,
2026-07-14T15:35:46.969801+00:00,17.304105,valid,2733,113,2865758321,25603,41,hex,CAM,0202aad000716403005a5811460e29efbf1ffffffc2246cd1e00000fc0007ebfe9ed0737feebfff600,0202AAD000716403005A5811460E29EFBF1FFFFFFC2246CD1E00000FC0007EBFE9ED0737FEEBFFF600,
2026-07-14T15:35:47.071792+00:00,17.406099,valid,2733,114,2865758322,25703,41,hex,CAM,0202aad000726467005a5811460e29efbf1ffffffc2246cd1e00000fc0007ebfe9ed0737feebfff600,0202AAD000726467005A5811460E29EFBF1FFFFFFC2246CD1E00000FC0007EBFE9ED0737FEEBFFF600,
2026-07-14T15:35:47.165296+00:00,17.499611,valid,2733,115,2865758323,25803,41,hex,CAM,0202aad0007364cb005a5811460e29efbf1ffffffc2246cd1e00000fc0007ebfe9ed0737feebfff600,0202AAD0007364CB005A5811460E29EFBF1FFFFFFC2246CD1E00000FC0007EBFE9ED0737FEEBFFF600,
2026-07-14T15:35:47.266086+00:00,17.600394,valid,2733,116,2865758324,25903,41,hex,CAM,0202aad00074652f005a5811460e29efbf1ffffffc2246cd1e00000fc0007ebfe9ed0737feebfff600,0202AAD00074652F005A5811460E29EFBF1FFFFFFC2246CD1E00000FC0007EBFE9ED0737FEEBFFF600,
2026-07-14T15:35:47.367812+00:00,17.702116,valid,2733,117,2865758325,26003,41,hex,CAM,0202aad000756593005a5811460e29efbf1ffffffc2246cd1e00000fc0007ebfe9ed0737feebfff600,0202AAD000756593005A5811460E29EFBF1FFFFFFC2246CD1E00000FC0007EBFE9ED0737FEEBFFF600,
2026-07-14T15:35:47.469806+00:00,17.804110,valid,2733,118,2865758326,26103,41,hex,CAM,0202aad0007665f7005a5811460e29efbf1ffffffc2246cd1e00000fc0007ebfe9ed0737feebfff600,0202AAD0007665F7005A5811460E29EFBF1FFFFFFC2246CD1E00000FC0007EBFE9ED0737FEEBFFF600,
2026-07-14T15:35:47.571871+00:00,17.906176,valid,2733,119,2865758327,26203,41,hex,CAM,0202aad00077665b005a5811460e29efbf1ffffffc2246cd1e00000fc0007ebfe9ed0737feebfff600,0202AAD00077665B005A5811460E29EFBF1FFFFFFC2246CD1E00000FC0007EBFE9ED0737FEEBFFF600,
2026-07-14T15:35:47.663862+00:00,17.998167,valid,2733,120,2865758328,26303,41,hex,CAM,0202aad0007866bf005a5811460e29efbf1ffffffc2246cd1e00000fc0007ebfe9ed0737feebfff600,0202AAD0007866BF005A5811460E29EFBF1FFFFFFC2246CD1E00000FC0007EBFE9ED0737FEEBFFF600,
2026-07-14T15:35:47.765881+00:00,18.100187,valid,2733,121,2865758329,26403,41,hex,CAM,0202aad000796723005a5811460e29efbf1ffffffc2246cd1e00000fc0007ebfe9ed0737feebfff600,0202AAD000796723005A5811460E29EFBF1FFFFFFC2246CD1E00000FC0007EBFE9ED0737FEEBFFF600,
2026-07-14T15:35:47.867844+00:00,18.202150,valid,2733,122,2865758330,26503,41,hex,CAM,0202aad0007a6787005a5811460e29efbf1ffffffc2246cd1e00000fc0007ebfe9ed0737feebfff600,0202AAD0007A6787005A5811460E29EFBF1FFFFFFC2246CD1E00000FC0007EBFE9ED0737FEEBFFF600,
2026-07-14T15:35:47.969865+00:00,18.304170,valid,2733,123,2865758331,26603,41,hex,CAM,0202aad0007b67eb005a5811460e29efbf1ffffffc2246cd1e00000fc0007ebfe9ed0737feebfff600,0202AAD0007B67EB005A5811460E29EFBF1FFFFFFC2246CD1E00000FC0007EBFE9ED0737FEEBFFF600,
2026-07-14T15:35:48.070822+00:00,18.405112,valid,2733,124,2865758332,26703,41,hex,CAM,0202aad0007c684f005a5811460e29efbf1ffffffc2246cd1e00000fc0007ebfe9ed0737feebfff600,0202AAD0007C684F005A5811460E29EFBF1FFFFFFC2246CD1E00000FC0007EBFE9ED0737FEEBFFF600,
2026-07-14T15:35:48.163835+00:00,18.498141,valid,2733,125,2865758333,26803,41,hex,CAM,0202aad0007d68b3005a5811460e29efbf1ffffffc2246cd1e00000fc0007ebfe9ed0737feebfff600,0202AAD0007D68B3005A5811460E29EFBF1FFFFFFC2246CD1E00000FC0007EBFE9ED0737FEEBFFF600,
2026-07-14T15:35:48.265921+00:00,18.600226,valid,2733,126,2865758334,26903,41,hex,CAM,0202aad0007e6917005a5811460e29efbf1ffffffc2246cd1e00000fc0007ebfe9ed0737feebfff600,0202AAD0007E6917005A5811460E29EFBF1FFFFFFC2246CD1E00000FC0007EBFE9ED0737FEEBFFF600,
2026-07-14T15:35:48.367888+00:00,18.702192,valid,2733,127,2865758335,27003,41,hex,CAM,0202aad0007f697b005a5811460e29efbf1ffffffc2246cd1e00000fc0007ebfe9ed0737feebfff600,0202AAD0007F697B005A5811460E29EFBF1FFFFFFC2246CD1E00000FC0007EBFE9ED0737FEEBFFF600,
2026-07-14T15:35:48.469911+00:00,18.804216,valid,2733,128,2865758336,27103,41,hex,CAM,0202aad0008069df005a5811460e29efbf1ffffffc2246cd1e00000fc0007ebfe9ed0737feebfff600,0202AAD0008069DF005A5811460E29EFBF1FFFFFFC2246CD1E00000FC0007EBFE9ED0737FEEBFFF600,
2026-07-14T15:35:48.571856+00:00,18.906159,valid,2733,129,2865758337,27203,41,hex,CAM,0202aad000816a43005a5811460e29efbf1ffffffc2246cd1e00000fc0007ebfe9ed0737feebfff600,0202AAD000816A43005A5811460E29EFBF1FFFFFFC2246CD1E00000FC0007EBFE9ED0737FEEBFFF600,
2026-07-14T15:35:48.663930+00:00,18.998234,valid,2733,130,2865758338,27303,41,hex,CAM,0202aad000826aa7005a5811460e29efbf1ffffffc2246cd1e00000fc0007ebfe9ed0737feebfff600,0202AAD000826AA7005A5811460E29EFBF1FFFFFFC2246CD1E00000FC0007EBFE9ED0737FEEBFFF600,
2026-07-14T15:35:48.765875+00:00,19.100179,valid,2733,131,2865758339,27403,41,hex,CAM,0202aad000836b0b005a5811460e29efbf1ffffffc2246cd1e00000fc0007ebfe9ed0737feebfff600,0202AAD000836B0B005A5811460E29EFBF1FFFFFFC2246CD1E00000FC0007EBFE9ED0737FEEBFFF600,
2026-07-14T15:35:48.867886+00:00,19.202191,valid,2733,132,2865758340,27503,41,hex,CAM,0202aad000846b6f005a5811460e29efbf1ffffffc2246cd1e00000fc0007ebfe9ed0737feebfff600,0202AAD000846B6F005A5811460E29EFBF1FFFFFFC2246CD1E00000FC0007EBFE9ED0737FEEBFFF600,
2026-07-14T15:35:48.969897+00:00,19.304202,valid,2733,133,2865758341,27603,41,hex,CAM,0202aad000856bd3005a5811460e29efbf1ffffffc2246cd1e00000fc0007ebfe9ed0737feebfff600,0202AAD000856BD3005A5811460E29EFBF1FFFFFFC2246CD1E00000FC0007EBFE9ED0737FEEBFFF600,
2026-07-14T15:35:49.071843+00:00,19.406149,valid,2733,134,2865758342,27703,41,hex,CAM,0202aad000866c37005a5811460e29efbf1ffffffc2246cd1e00000fc0007ebfe9ed0737feebfff600,0202AAD000866C37005A5811460E29EFBF1FFFFFFC2246CD1E00000FC0007EBFE9ED0737FEEBFFF600,
2026-07-14T15:35:49.163775+00:00,19.498081,valid,2733,135,2865758343,27803,41,hex,CAM,0202aad000876c9b005a5811460e29efbf1ffffffc2246cd1e00000fc0007ebfe9ed0737feebfff600,0202AAD000876C9B005A5811460E29EFBF1FFFFFFC2246CD1E00000FC0007EBFE9ED0737FEEBFFF600,
2026-07-14T15:35:49.265837+00:00,19.600141,valid,2733,136,2865758344,27903,41,hex,CAM,0202aad000886cff005a5811460e29efbf1ffffffc2246cd1e00000fc0007ebfe9ed0737feebfff600,0202AAD000886CFF005A5811460E29EFBF1FFFFFFC2246CD1E00000FC0007EBFE9ED0737FEEBFFF600,
2026-07-14T15:35:49.367835+00:00,19.702139,valid,2733,137,2865758345,28003,41,hex,CAM,0202aad000896d63005a5811460e29efbf1ffffffc2246cd1e00000fc0007ebfe9ed0737feebfff600,0202AAD000896D63005A5811460E29EFBF1FFFFFFC2246CD1E00000FC0007EBFE9ED0737FEEBFFF600,
2026-07-14T15:35:49.469797+00:00,19.804101,valid,2733,138,2865758346,28103,41,hex,CAM,0202aad0008a6dc7005a5811460e29efbf1ffffffc2246cd1e00000fc0007ebfe9ed0737feebfff600,0202AAD0008A6DC7005A5811460E29EFBF1FFFFFFC2246CD1E00000FC0007EBFE9ED0737FEEBFFF600,
2026-07-14T15:35:49.571927+00:00,19.906238,valid,2733,139,2865758347,28203,41,hex,CAM,0202aad0008b6e2b005a5811460e29efbf1ffffffc2246cd1e00000fc0007ebfe9ed0737feebfff600,0202AAD0008B6E2B005A5811460E29EFBF1FFFFFFC2246CD1E00000FC0007EBFE9ED0737FEEBFFF600,
2026-07-14T15:35:49.663862+00:00,19.998168,valid,2733,140,2865758348,28303,41,hex,CAM,0202aad0008c6e8f005a5811460e29efbf1ffffffc2246cd1e00000fc0007ebfe9ed0737feebfff600,0202AAD0008C6E8F005A5811460E29EFBF1FFFFFFC2246CD1E00000FC0007EBFE9ED0737FEEBFFF600,
2026-07-14T15:35:49.765800+00:00,20.100104,valid,2733,141,2865758349,28403,41,hex,CAM,0202aad0008d6ef3005a5811460e29efbf1ffffffc2246cd1e00000fc0007ebfe9ed0737feebfff600,0202AAD0008D6EF3005A5811460E29EFBF1FFFFFFC2246CD1E00000FC0007EBFE9ED0737FEEBFFF600,
2026-07-14T15:35:49.867864+00:00,20.202172,valid,2733,142,2865758350,28503,41,hex,CAM,0202aad0008e6f57005a5811460e29efbf1ffffffc2246cd1e00000fc0007ebfe9ed0737feebfff600,0202AAD0008E6F57005A5811460E29EFBF1FFFFFFC2246CD1E00000FC0007EBFE9ED0737FEEBFFF600,
2026-07-14T15:35:49.969826+00:00,20.304132,valid,2733,143,2865758351,28603,41,hex,CAM,0202aad0008f6fbb005a5811460e29efbf1ffffffc2246cd1e00000fc0007ebfe9ed0737feebfff600,0202AAD0008F6FBB005A5811460E29EFBF1FFFFFFC2246CD1E00000FC0007EBFE9ED0737FEEBFFF600,
2026-07-14T15:35:50.071818+00:00,20.406122,valid,2733,144,2865758352,28703,41,hex,CAM,0202aad00090701f005a5811460e29efbf1ffffffc2246cd1e00000fc0007ebfe9ed0737feebfff600,0202AAD00090701F005A5811460E29EFBF1FFFFFFC2246CD1E00000FC0007EBFE9ED0737FEEBFFF600,
2026-07-14T15:35:50.163867+00:00,20.498172,valid,2733,145,2865758353,28803,41,hex,CAM,0202aad000917083005a5811460e29efbf1ffffffc2246cd1e00000fc0007ebfe9ed0737feebfff600,0202AAD000917083005A5811460E29EFBF1FFFFFFC2246CD1E00000FC0007EBFE9ED0737FEEBFFF600,
2026-07-14T15:35:50.265840+00:00,20.600146,valid,2733,146,2865758354,28903,41,hex,CAM,0202aad0009270e7005a5811460e29efbf1ffffffc2246cd1e00000fc0007ebfe9ed0737feebfff600,0202AAD0009270E7005A5811460E29EFBF1FFFFFFC2246CD1E00000FC0007EBFE9ED0737FEEBFFF600,
2026-07-14T15:35:50.367853+00:00,20.702157,valid,2733,147,2865758355,29003,41,hex,CAM,0202aad00093714b005a5811460e29efbf1ffffffc2246cd1e00000fc0007ebfe9ed0737feebfff600,0202AAD00093714B005A5811460E29EFBF1FFFFFFC2246CD1E00000FC0007EBFE9ED0737FEEBFFF600,
2026-07-14T15:35:50.469840+00:00,20.804146,valid,2733,148,2865758356,29103,41,hex,CAM,0202aad0009471af005a5811460e29efbf1ffffffc2246cd1e00000fc0007ebfe9ed0737feebfff600,0202AAD0009471AF005A5811460E29EFBF1FFFFFFC2246CD1E00000FC0007EBFE9ED0737FEEBFFF600,
2026-07-14T15:35:50.571859+00:00,20.906163,valid,2733,149,2865758357,29203,41,hex,CAM,0202aad000957213005a5811460e29efbf1ffffffc2246cd1e00000fc0007ebfe9ed0737feebfff600,0202AAD000957213005A5811460E29EFBF1FFFFFFC2246CD1E00000FC0007EBFE9ED0737FEEBFFF600,
2026-07-14T15:35:50.663886+00:00,20.998192,valid,2733,150,2865758358,29303,41,hex,CAM,0202aad000967277005a5811460e29efbf1ffffffc2246cd1e00000fc0007ebfe9ed0737feebfff600,0202AAD000967277005A5811460E29EFBF1FFFFFFC2246CD1E00000FC0007EBFE9ED0737FEEBFFF600,
2026-07-14T15:35:50.765851+00:00,21.100155,valid,2733,151,2865758359,29403,41,hex,CAM,0202aad0009772db005a5811460e29efbf1ffffffc2246cd1e00000fc0007ebfe9ed0737feebfff600,0202AAD0009772DB005A5811460E29EFBF1FFFFFFC2246CD1E00000FC0007EBFE9ED0737FEEBFFF600,
2026-07-14T15:35:50.867844+00:00,21.202149,valid,2733,152,2865758360,29503,41,hex,CAM,0202aad00098733f005a5811460e29efbf1ffffffc2246cd1e00000fc0007ebfe9ed0737feebfff600,0202AAD00098733F005A5811460E29EFBF1FFFFFFC2246CD1E00000FC0007EBFE9ED0737FEEBFFF600,
2026-07-14T15:35:50.969795+00:00,21.304100,valid,2733,153,2865758361,29603,41,hex,CAM,0202aad0009973a3005a5811460e29efbf1ffffffc2246cd1e00000fc0007ebfe9ed0737feebfff600,0202AAD0009973A3005A5811460E29EFBF1FFFFFFC2246CD1E00000FC0007EBFE9ED0737FEEBFFF600,
2026-07-14T15:35:51.071830+00:00,21.406137,valid,2733,154,2865758362,29703,41,hex,CAM,0202aad0009a7407005a5811460e29efbf1ffffffc2246cd1e00000fc0007ebfe9ed0737feebfff600,0202AAD0009A7407005A5811460E29EFBF1FFFFFFC2246CD1E00000FC0007EBFE9ED0737FEEBFFF600,
2026-07-14T15:35:51.163821+00:00,21.498133,valid,2733,155,2865758363,29803,41,hex,CAM,0202aad0009b746b005a5811460e29efbf1ffffffc2246cd1e00000fc0007ebfe9ed0737feebfff600,0202AAD0009B746B005A5811460E29EFBF1FFFFFFC2246CD1E00000FC0007EBFE9ED0737FEEBFFF600,
2026-07-14T15:35:51.265831+00:00,21.600138,valid,2733,156,2865758364,29903,41,hex,CAM,0202aad0009c74cf005a5811460e29efbf1ffffffc2246cd1e00000fc0007ebfe9ed0737feebfff600,0202AAD0009C74CF005A5811460E29EFBF1FFFFFFC2246CD1E00000FC0007EBFE9ED0737FEEBFFF600,
2026-07-14T15:35:51.367960+00:00,21.702264,valid,2733,157,2865758365,30003,41,hex,CAM,0202aad0009d7533005a5811460e29efbf1ffffffc2246cd1e00000fc0007ebfe9ed0737feebfff600,0202AAD0009D7533005A5811460E29EFBF1FFFFFFC2246CD1E00000FC0007EBFE9ED0737FEEBFFF600,
2026-07-14T15:35:51.469895+00:00,21.804199,valid,2733,158,2865758366,30103,41,hex,CAM,0202aad0009e7597005a5811460e29efbf1ffffffc2246cd1e00000fc0007ebfe9ed0737feebfff600,0202AAD0009E7597005A5811460E29EFBF1FFFFFFC2246CD1E00000FC0007EBFE9ED0737FEEBFFF600,
2026-07-14T15:35:51.571794+00:00,21.906099,valid,2733,159,2865758367,30203,41,hex,CAM,0202aad0009f75fb005a5811460e29efbf1ffffffc2246cd1e00000fc0007ebfe9ed0737feebfff600,0202AAD0009F75FB005A5811460E29EFBF1FFFFFFC2246CD1E00000FC0007EBFE9ED0737FEEBFFF600,
2026-07-14T15:35:51.663908+00:00,21.998213,valid,2733,160,2865758368,30303,41,hex,CAM,0202aad000a0765f005a5811460e29efbf1ffffffc2246cd1e00000fc0007ebfe9ed0737feebfff600,0202AAD000A0765F005A5811460E29EFBF1FFFFFFC2246CD1E00000FC0007EBFE9ED0737FEEBFFF600,
2026-07-14T15:35:51.765790+00:00,22.100093,valid,2733,161,2865758369,30403,41,hex,CAM,0202aad000a176c3005a5811460e29efbf1ffffffc2246cd1e00000fc0007ebfe9ed0737feebfff600,0202AAD000A176C3005A5811460E29EFBF1FFFFFFC2246CD1E00000FC0007EBFE9ED0737FEEBFFF600,
2026-07-14T15:35:51.867887+00:00,22.202191,valid,2733,162,2865758370,30503,41,hex,CAM,0202aad000a27727005a5811460e29efbf1ffffffc2246cd1e00000fc0007ebfe9ed0737feebfff600,0202AAD000A27727005A5811460E29EFBF1FFFFFFC2246CD1E00000FC0007EBFE9ED0737FEEBFFF600,
2026-07-14T15:35:51.969876+00:00,22.304180,valid,2733,163,2865758371,30603,41,hex,CAM,0202aad000a3778b005a5811460e29efbf1ffffffc2246cd1e00000fc0007ebfe9ed0737feebfff600,0202AAD000A3778B005A5811460E29EFBF1FFFFFFC2246CD1E00000FC0007EBFE9ED0737FEEBFFF600,
2026-07-14T15:35:52.071884+00:00,22.406188,valid,2733,164,2865758372,30703,41,hex,CAM,0202aad000a477ef005a5811460e29efbf1ffffffc2246cd1e00000fc0007ebfe9ed0737feebfff600,0202AAD000A477EF005A5811460E29EFBF1FFFFFFC2246CD1E00000FC0007EBFE9ED0737FEEBFFF600,
2026-07-14T15:35:52.163862+00:00,22.498166,valid,2733,165,2865758373,30803,41,hex,CAM,0202aad000a57853005a5811460e29efbf1ffffffc2246cd1e00000fc0007ebfe9ed0737feebfff600,0202AAD000A57853005A5811460E29EFBF1FFFFFFC2246CD1E00000FC0007EBFE9ED0737FEEBFFF600,
2026-07-14T15:35:52.265737+00:00,22.600043,valid,2733,166,2865758374,30903,41,hex,CAM,0202aad000a678b7005a5811460e29efbf1ffffffc2246cd1e00000fc0007ebfe9ed0737feebfff600,0202AAD000A678B7005A5811460E29EFBF1FFFFFFC2246CD1E00000FC0007EBFE9ED0737FEEBFFF600,
2026-07-14T15:35:52.367858+00:00,22.702163,valid,2733,167,2865758375,31003,41,hex,CAM,0202aad000a7791b005a5811460e29efbf1ffffffc2246cd1e00000fc0007ebfe9ed0737feebfff600,0202AAD000A7791B005A5811460E29EFBF1FFFFFFC2246CD1E00000FC0007EBFE9ED0737FEEBFFF600,
2026-07-14T15:35:52.469863+00:00,22.804170,valid,2733,168,2865758376,31103,41,hex,CAM,0202aad000a8797f005a5811460e29efbf1ffffffc2246cd1e00000fc0007ebfe9ed0737feebfff600,0202AAD000A8797F005A5811460E29EFBF1FFFFFFC2246CD1E00000FC0007EBFE9ED0737FEEBFFF600,
2026-07-14T15:35:52.571866+00:00,22.906174,valid,2733,169,2865758377,31203,41,hex,CAM,0202aad000a979e3005a5811460e29efbf1ffffffc2246cd1e00000fc0007ebfe9ed0737feebfff600,0202AAD000A979E3005A5811460E29EFBF1FFFFFFC2246CD1E00000FC0007EBFE9ED0737FEEBFFF600,
2026-07-14T15:35:52.663769+00:00,22.998073,valid,2733,170,2865758378,31303,41,hex,CAM,0202aad000aa7a47005a5811460e29efbf1ffffffc2246cd1e00000fc0007ebfe9ed0737feebfff600,0202AAD000AA7A47005A5811460E29EFBF1FFFFFFC2246CD1E00000FC0007EBFE9ED0737FEEBFFF600,
2026-07-14T15:35:52.765756+00:00,23.100062,valid,2733,171,2865758379,31403,41,hex,CAM,0202aad000ab7aab005a5811460e29efbf1ffffffc2246cd1e00000fc0007ebfe9ed0737feebfff600,0202AAD000AB7AAB005A5811460E29EFBF1FFFFFFC2246CD1E00000FC0007EBFE9ED0737FEEBFFF600,
2026-07-14T15:35:52.867789+00:00,23.202094,valid,2733,172,2865758380,31503,41,hex,CAM,0202aad000ac7b0f005a5811460e29efbf1ffffffc2246cd1e00000fc0007ebfe9ed0737feebfff600,0202AAD000AC7B0F005A5811460E29EFBF1FFFFFFC2246CD1E00000FC0007EBFE9ED0737FEEBFFF600,
2026-07-14T15:35:52.969748+00:00,23.304053,valid,2733,173,2865758381,31603,41,hex,CAM,0202aad000ad7b73005a5811460e29efbf1ffffffc2246cd1e00000fc0007ebfe9ed0737feebfff600,0202AAD000AD7B73005A5811460E29EFBF1FFFFFFC2246CD1E00000FC0007EBFE9ED0737FEEBFFF600,
2026-07-14T15:35:53.071638+00:00,23.405937,valid,2733,174,2865758382,31703,41,hex,CAM,0202aad000ae7bd7005a5811460e29efbf1ffffffc2246cd1e00000fc0007ebfe9ed0737feebfff600,0202AAD000AE7BD7005A5811460E29EFBF1FFFFFFC2246CD1E00000FC0007EBFE9ED0737FEEBFFF600,
2026-07-14T15:35:53.163811+00:00,23.498116,valid,2733,175,2865758383,31803,41,hex,CAM,0202aad000af7c3b005a5811460e29efbf1ffffffc2246cd1e00000fc0007ebfe9ed0737feebfff600,0202AAD000AF7C3B005A5811460E29EFBF1FFFFFFC2246CD1E00000FC0007EBFE9ED0737FEEBFFF600,
2026-07-14T15:35:53.265827+00:00,23.600136,valid,2733,176,2865758384,31903,41,hex,CAM,0202aad000b07c9f005a5811460e29efbf1ffffffc2246cd1e00000fc0007ebfe9ed0737feebfff600,0202AAD000B07C9F005A5811460E29EFBF1FFFFFFC2246CD1E00000FC0007EBFE9ED0737FEEBFFF600,
2026-07-14T15:35:53.367862+00:00,23.702168,valid,2733,177,2865758385,32003,41,hex,CAM,0202aad000b17d03005a5811460e29efbf1ffffffc2246cd1e00000fc0007ebfe9ed0737feebfff600,0202AAD000B17D03005A5811460E29EFBF1FFFFFFC2246CD1E00000FC0007EBFE9ED0737FEEBFFF600,
2026-07-14T15:35:53.469859+00:00,23.804163,valid,2733,178,2865758386,32103,41,hex,CAM,0202aad000b27d67005a5811460e29efbf1ffffffc2246cd1e00000fc0007ebfe9ed0737feebfff600,0202AAD000B27D67005A5811460E29EFBF1FFFFFFC2246CD1E00000FC0007EBFE9ED0737FEEBFFF600,
2026-07-14T15:35:53.571773+00:00,23.906076,valid,2733,179,2865758387,32203,41,hex,CAM,0202aad000b37dcb005a5811460e29efbf1ffffffc2246cd1e00000fc0007ebfe9ed0737feebfff600,0202AAD000B37DCB005A5811460E29EFBF1FFFFFFC2246CD1E00000FC0007EBFE9ED0737FEEBFFF600,
2026-07-14T15:35:53.663809+00:00,23.998118,valid,2733,180,2865758388,32303,41,hex,CAM,0202aad000b47e2f005a5811460e29efbf1ffffffc2246cd1e00000fc0007ebfe9ed0737feebfff600,0202AAD000B47E2F005A5811460E29EFBF1FFFFFFC2246CD1E00000FC0007EBFE9ED0737FEEBFFF600,
2026-07-14T15:35:53.765772+00:00,24.100077,valid,2733,181,2865758389,32403,41,hex,CAM,0202aad000b57e93005a5811460e29efbf1ffffffc2246cd1e00000fc0007ebfe9ed0737feebfff600,0202AAD000B57E93005A5811460E29EFBF1FFFFFFC2246CD1E00000FC0007EBFE9ED0737FEEBFFF600,
2026-07-14T15:35:53.867864+00:00,24.202169,valid,2733,182,2865758390,32503,41,hex,CAM,0202aad000b67ef7005a5811460e29efbf1ffffffc2246cd1e00000fc0007ebfe9ed0737feebfff600,0202AAD000B67EF7005A5811460E29EFBF1FFFFFFC2246CD1E00000FC0007EBFE9ED0737FEEBFFF600,
2026-07-14T15:35:53.969745+00:00,24.304049,valid,2733,183,2865758391,32603,41,hex,CAM,0202aad000b77f5b005a5811460e29efbf1ffffffc2246cd1e00000fc0007ebfe9ed0737feebfff600,0202AAD000B77F5B005A5811460E29EFBF1FFFFFFC2246CD1E00000FC0007EBFE9ED0737FEEBFFF600,
2026-07-14T15:35:54.071925+00:00,24.406231,valid,2733,184,2865758392,32703,41,hex,CAM,0202aad000b87fbf005a5811460e29efbf1ffffffc2246cd1e00000fc0007ebfe9ed0737feebfff600,0202AAD000B87FBF005A5811460E29EFBF1FFFFFFC2246CD1E00000FC0007EBFE9ED0737FEEBFFF600,
2026-07-14T15:35:54.163728+00:00,24.498032,valid,2733,185,2865758393,32803,41,hex,CAM,0202aad000b98023005a5811460e29efbf1ffffffc2246cd1e00000fc0007ebfe9ed0737feebfff600,0202AAD000B98023005A5811460E29EFBF1FFFFFFC2246CD1E00000FC0007EBFE9ED0737FEEBFFF600,
2026-07-14T15:35:54.265762+00:00,24.600068,valid,2733,186,2865758394,32903,41,hex,CAM,0202aad000ba8087005a5811460e29efbf1ffffffc2246cd1e00000fc0007ebfe9ed0737feebfff600,0202AAD000BA8087005A5811460E29EFBF1FFFFFFC2246CD1E00000FC0007EBFE9ED0737FEEBFFF600,
2026-07-14T15:35:54.367799+00:00,24.702104,valid,2733,187,2865758395,33003,41,hex,CAM,0202aad000bb80eb005a5811460e29efbf1ffffffc2246cd1e00000fc0007ebfe9ed0737feebfff600,0202AAD000BB80EB005A5811460E29EFBF1FFFFFFC2246CD1E00000FC0007EBFE9ED0737FEEBFFF600,
2026-07-14T15:35:54.469779+00:00,24.804085,valid,2733,188,2865758396,33103,41,hex,CAM,0202aad000bc814f005a5811460e29efbf1ffffffc2246cd1e00000fc0007ebfe9ed0737feebfff600,0202AAD000BC814F005A5811460E29EFBF1FFFFFFC2246CD1E00000FC0007EBFE9ED0737FEEBFFF600,
2026-07-14T15:35:54.571804+00:00,24.906109,valid,2733,189,2865758397,33203,41,hex,CAM,0202aad000bd81b3005a5811460e29efbf1ffffffc2246cd1e00000fc0007ebfe9ed0737feebfff600,0202AAD000BD81B3005A5811460E29EFBF1FFFFFFC2246CD1E00000FC0007EBFE9ED0737FEEBFFF600,
2026-07-14T15:35:54.663745+00:00,24.998050,valid,2733,190,2865758398,33303,41,hex,CAM,0202aad000be8217005a5811460e29efbf1ffffffc2246cd1e00000fc0007ebfe9ed0737feebfff600,0202AAD000BE8217005A5811460E29EFBF1FFFFFFC2246CD1E00000FC0007EBFE9ED0737FEEBFFF600,
2026-07-14T15:35:54.765774+00:00,25.100081,valid,2733,191,2865758399,33403,41,hex,CAM,0202aad000bf827b005a5811460e29efbf1ffffffc2246cd1e00000fc0007ebfe9ed0737feebfff600,0202AAD000BF827B005A5811460E29EFBF1FFFFFFC2246CD1E00000FC0007EBFE9ED0737FEEBFFF600,
2026-07-14T15:35:54.867848+00:00,25.202152,valid,2733,192,2865758400,33503,41,hex,CAM,0202aad000c082df005a5811460e29efbf1ffffffc2246cd1e00000fc0007ebfe9ed0737feebfff600,0202AAD000C082DF005A5811460E29EFBF1FFFFFFC2246CD1E00000FC0007EBFE9ED0737FEEBFFF600,
2026-07-14T15:35:54.969799+00:00,25.304103,valid,2733,193,2865758401,33603,41,hex,CAM,0202aad000c18343005a5811460e29efbf1ffffffc2246cd1e00000fc0007ebfe9ed0737feebfff600,0202AAD000C18343005A5811460E29EFBF1FFFFFFC2246CD1E00000FC0007EBFE9ED0737FEEBFFF600,
2026-07-14T15:35:55.071801+00:00,25.406106,valid,2733,194,2865758402,33703,41,hex,CAM,0202aad000c283a7005a5811460e29efbf1ffffffc2246cd1e00000fc0007ebfe9ed0737feebfff600,0202AAD000C283A7005A5811460E29EFBF1FFFFFFC2246CD1E00000FC0007EBFE9ED0737FEEBFFF600,
2026-07-14T15:35:55.163828+00:00,25.498132,valid,2733,195,2865758403,33803,41,hex,CAM,0202aad000c3840b005a5811460e29efbf1ffffffc2246cd1e00000fc0007ebfe9ed0737feebfff600,0202AAD000C3840B005A5811460E29EFBF1FFFFFFC2246CD1E00000FC0007EBFE9ED0737FEEBFFF600,
2026-07-14T15:35:55.265807+00:00,25.600111,valid,2733,196,2865758404,33903,41,hex,CAM,0202aad000c4846f005a5811460e29efbf1ffffffc2246cd1e00000fc0007ebfe9ed0737feebfff600,0202AAD000C4846F005A5811460E29EFBF1FFFFFFC2246CD1E00000FC0007EBFE9ED0737FEEBFFF600,
2026-07-14T15:35:55.367851+00:00,25.702155,valid,2733,197,2865758405,34003,41,hex,CAM,0202aad000c584d3005a5811460e29efbf1ffffffc2246cd1e00000fc0007ebfe9ed0737feebfff600,0202AAD000C584D3005A5811460E29EFBF1FFFFFFC2246CD1E00000FC0007EBFE9ED0737FEEBFFF600,
2026-07-14T15:35:55.469839+00:00,25.804146,valid,2733,198,2865758406,34103,41,hex,CAM,0202aad000c68537005a5811460e29efbf1ffffffc2246cd1e00000fc0007ebfe9ed0737feebfff600,0202AAD000C68537005A5811460E29EFBF1FFFFFFC2246CD1E00000FC0007EBFE9ED0737FEEBFFF600,
2026-07-14T15:35:55.571896+00:00,25.906200,valid,2733,199,2865758407,34203,41,hex,CAM,0202aad000c7859b005a5811460e29efbf1ffffffc2246cd1e00000fc0007ebfe9ed0737feebfff600,0202AAD000C7859B005A5811460E29EFBF1FFFFFFC2246CD1E00000FC0007EBFE9ED0737FEEBFFF600,
2026-07-14T15:35:55.663719+00:00,25.998022,valid,2733,200,2865758408,34303,41,hex,CAM,0202aad000c885ff005a5811460e29efbf1ffffffc2246cd1e00000fc0007ebfe9ed0737feebfff600,0202AAD000C885FF005A5811460E29EFBF1FFFFFFC2246CD1E00000FC0007EBFE9ED0737FEEBFFF600,
2026-07-14T15:35:55.765842+00:00,26.100149,valid,2733,201,2865758409,34403,41,hex,CAM,0202aad000c98663005a5811460e29efbf1ffffffc2246cd1e00000fc0007ebfe9ed0737feebfff600,0202AAD000C98663005A5811460E29EFBF1FFFFFFC2246CD1E00000FC0007EBFE9ED0737FEEBFFF600,
2026-07-14T15:35:55.867728+00:00,26.202034,valid,2733,202,2865758410,34503,41,hex,CAM,0202aad000ca86c7005a5811460e29efbf1ffffffc2246cd1e00000fc0007ebfe9ed0737feebfff600,0202AAD000CA86C7005A5811460E29EFBF1FFFFFFC2246CD1E00000FC0007EBFE9ED0737FEEBFFF600,
2026-07-14T15:35:55.969881+00:00,26.304189,valid,2733,203,2865758411,34603,41,hex,CAM,0202aad000cb872b005a5811460e29efbf1ffffffc2246cd1e00000fc0007ebfe9ed0737feebfff600,0202AAD000CB872B005A5811460E29EFBF1FFFFFFC2246CD1E00000FC0007EBFE9ED0737FEEBFFF600,
2026-07-14T15:35:56.071767+00:00,26.406072,valid,2733,204,2865758412,34703,41,hex,CAM,0202aad000cc878f005a5811460e29efbf1ffffffc2246cd1e00000fc0007ebfe9ed0737feebfff600,0202AAD000CC878F005A5811460E29EFBF1FFFFFFC2246CD1E00000FC0007EBFE9ED0737FEEBFFF600,
2026-07-14T15:35:56.163691+00:00,26.497994,valid,2733,205,2865758413,34803,41,hex,CAM,0202aad000cd87f3005a5811460e29efbf1ffffffc2246cd1e00000fc0007ebfe9ed0737feebfff600,0202AAD000CD87F3005A5811460E29EFBF1FFFFFFC2246CD1E00000FC0007EBFE9ED0737FEEBFFF600,
2026-07-14T15:35:56.265729+00:00,26.600032,valid,2733,206,2865758414,34903,41,hex,CAM,0202aad000ce8857005a5811460e29efbf1ffffffc2246cd1e00000fc0007ebfe9ed0737feebfff600,0202AAD000CE8857005A5811460E29EFBF1FFFFFFC2246CD1E00000FC0007EBFE9ED0737FEEBFFF600,
2026-07-14T15:35:56.367871+00:00,26.702180,valid,2733,207,2865758415,35003,41,hex,CAM,0202aad000cf88bb005a5811460e29efbf1ffffffc2246cd1e00000fc0007ebfe9ed0737feebfff600,0202AAD000CF88BB005A5811460E29EFBF1FFFFFFC2246CD1E00000FC0007EBFE9ED0737FEEBFFF600,
2026-07-14T15:35:56.469825+00:00,26.804133,valid,2733,208,2865758416,35103,41,hex,CAM,0202aad000d0891f005a5811460e29efbf1ffffffc2246cd1e00000fc0007ebfe9ed0737feebfff600,0202AAD000D0891F005A5811460E29EFBF1FFFFFFC2246CD1E00000FC0007EBFE9ED0737FEEBFFF600,
2026-07-14T15:35:56.571842+00:00,26.906148,valid,2733,209,2865758417,35203,41,hex,CAM,0202aad000d18983005a5811460e29efbf1ffffffc2246cd1e00000fc0007ebfe9ed0737feebfff600,0202AAD000D18983005A5811460E29EFBF1FFFFFFC2246CD1E00000FC0007EBFE9ED0737FEEBFFF600,
2026-07-14T15:35:56.663745+00:00,26.998048,valid,2733,210,2865758418,35303,41,hex,CAM,0202aad000d289e7005a5811460e29efbf1ffffffc2246cd1e00000fc0007ebfe9ed0737feebfff600,0202AAD000D289E7005A5811460E29EFBF1FFFFFFC2246CD1E00000FC0007EBFE9ED0737FEEBFFF600,
2026-07-14T15:35:56.765748+00:00,27.100052,valid,2733,211,2865758419,35403,41,hex,CAM,0202aad000d38a4b005a5811460e29efbf1ffffffc2246cd1e00000fc0007ebfe9ed0737feebfff600,0202AAD000D38A4B005A5811460E29EFBF1FFFFFFC2246CD1E00000FC0007EBFE9ED0737FEEBFFF600,
2026-07-14T15:35:56.867763+00:00,27.202067,valid,2733,212,2865758420,35503,41,hex,CAM,0202aad000d48aaf005a5811460e29efbf1ffffffc2246cd1e00000fc0007ebfe9ed0737feebfff600,0202AAD000D48AAF005A5811460E29EFBF1FFFFFFC2246CD1E00000FC0007EBFE9ED0737FEEBFFF600,
2026-07-14T15:35:56.969723+00:00,27.304029,valid,2733,213,2865758421,35603,41,hex,CAM,0202aad000d58b13005a5811460e29efbf1ffffffc2246cd1e00000fc0007ebfe9ed0737feebfff600,0202AAD000D58B13005A5811460E29EFBF1FFFFFFC2246CD1E00000FC0007EBFE9ED0737FEEBFFF600,
2026-07-14T15:35:57.071858+00:00,27.406163,valid,2733,214,2865758422,35703,41,hex,CAM,0202aad000d68b77005a5811460e29efbf1ffffffc2246cd1e00000fc0007ebfe9ed0737feebfff600,0202AAD000D68B77005A5811460E29EFBF1FFFFFFC2246CD1E00000FC0007EBFE9ED0737FEEBFFF600,
2026-07-14T15:35:57.163839+00:00,27.498143,valid,2733,215,2865758423,35803,41,hex,CAM,0202aad000d78bdb005a5811460e29efbf1ffffffc2246cd1e00000fc0007ebfe9ed0737feebfff600,0202AAD000D78BDB005A5811460E29EFBF1FFFFFFC2246CD1E00000FC0007EBFE9ED0737FEEBFFF600,
2026-07-14T15:35:57.265809+00:00,27.600113,valid,2733,216,2865758424,35903,41,hex,CAM,0202aad000d88c3f005a5811460e29efbf1ffffffc2246cd1e00000fc0007ebfe9ed0737feebfff600,0202AAD000D88C3F005A5811460E29EFBF1FFFFFFC2246CD1E00000FC0007EBFE9ED0737FEEBFFF600,
2026-07-14T15:35:57.367864+00:00,27.702167,valid,2733,217,2865758425,36003,41,hex,CAM,0202aad000d98ca3005a5811460e29efbf1ffffffc2246cd1e00000fc0007ebfe9ed0737feebfff600,0202AAD000D98CA3005A5811460E29EFBF1FFFFFFC2246CD1E00000FC0007EBFE9ED0737FEEBFFF600,
2026-07-14T15:35:57.469853+00:00,27.804159,valid,2733,218,2865758426,36103,41,hex,CAM,0202aad000da8d07005a5811460e29efbf1ffffffc2246cd1e00000fc0007ebfe9ed0737feebfff600,0202AAD000DA8D07005A5811460E29EFBF1FFFFFFC2246CD1E00000FC0007EBFE9ED0737FEEBFFF600,
2026-07-14T15:35:57.571863+00:00,27.906168,valid,2733,219,2865758427,36203,41,hex,CAM,0202aad000db8d6b005a5811460e29efbf1ffffffc2246cd1e00000fc0007ebfe9ed0737feebfff600,0202AAD000DB8D6B005A5811460E29EFBF1FFFFFFC2246CD1E00000FC0007EBFE9ED0737FEEBFFF600,
2026-07-14T15:35:57.663819+00:00,27.998123,valid,2733,220,2865758428,36303,41,hex,CAM,0202aad000dc8dcf005a5811460e29efbf1ffffffc2246cd1e00000fc0007ebfe9ed0737feebfff600,0202AAD000DC8DCF005A5811460E29EFBF1FFFFFFC2246CD1E00000FC0007EBFE9ED0737FEEBFFF600,
2026-07-14T15:35:57.765834+00:00,28.100138,valid,2733,221,2865758429,36403,41,hex,CAM,0202aad000dd8e33005a5811460e29efbf1ffffffc2246cd1e00000fc0007ebfe9ed0737feebfff600,0202AAD000DD8E33005A5811460E29EFBF1FFFFFFC2246CD1E00000FC0007EBFE9ED0737FEEBFFF600,
2026-07-14T15:35:57.867958+00:00,28.202264,valid,2733,222,2865758430,36503,41,hex,CAM,0202aad000de8e97005a5811460e29efbf1ffffffc2246cd1e00000fc0007ebfe9ed0737feebfff600,0202AAD000DE8E97005A5811460E29EFBF1FFFFFFC2246CD1E00000FC0007EBFE9ED0737FEEBFFF600,
2026-07-14T15:35:57.969989+00:00,28.304294,valid,2733,223,2865758431,36603,41,hex,CAM,0202aad000df8efb005a5811460e29efbf1ffffffc2246cd1e00000fc0007ebfe9ed0737feebfff600,0202AAD000DF8EFB005A5811460E29EFBF1FFFFFFC2246CD1E00000FC0007EBFE9ED0737FEEBFFF600,
2026-07-14T15:35:58.071859+00:00,28.406164,valid,2733,224,2865758432,36703,41,hex,CAM,0202aad000e08f5f005a5811460e29efbf1ffffffc2246cd1e00000fc0007ebfe9ed0737feebfff600,0202AAD000E08F5F005A5811460E29EFBF1FFFFFFC2246CD1E00000FC0007EBFE9ED0737FEEBFFF600,
2026-07-14T15:35:58.163817+00:00,28.498121,valid,2733,225,2865758433,36803,41,hex,CAM,0202aad000e18fc3005a5811460e29efbf1ffffffc2246cd1e00000fc0007ebfe9ed0737feebfff600,0202AAD000E18FC3005A5811460E29EFBF1FFFFFFC2246CD1E00000FC0007EBFE9ED0737FEEBFFF600,
2026-07-14T15:35:58.265784+00:00,28.600088,valid,2733,226,2865758434,36903,41,hex,CAM,0202aad000e29027005a5811460e29efbf1ffffffc2246cd1e00000fc0007ebfe9ed0737feebfff600,0202AAD000E29027005A5811460E29EFBF1FFFFFFC2246CD1E00000FC0007EBFE9ED0737FEEBFFF600,
2026-07-14T15:35:58.367807+00:00,28.702111,valid,2733,227,2865758435,37003,41,hex,CAM,0202aad000e3908b005a5811460e29efbf1ffffffc2246cd1e00000fc0007ebfe9ed0737feebfff600,0202AAD000E3908B005A5811460E29EFBF1FFFFFFC2246CD1E00000FC0007EBFE9ED0737FEEBFFF600,
2026-07-14T15:35:58.469664+00:00,28.803972,valid,2733,228,2865758436,37103,41,hex,CAM,0202aad000e490ef005a5811460e29efbf1ffffffc2246cd1e00000fc0007ebfe9ed0737feebfff600,0202AAD000E490EF005A5811460E29EFBF1FFFFFFC2246CD1E00000FC0007EBFE9ED0737FEEBFFF600,
2026-07-14T15:35:58.571455+00:00,28.905757,valid,2733,229,2865758437,37203,41,hex,CAM,0202aad000e59153005a5811460e29efbf1ffffffc2246cd1e00000fc0007ebfe9ed0737feebfff600,0202AAD000E59153005A5811460E29EFBF1FFFFFFC2246CD1E00000FC0007EBFE9ED0737FEEBFFF600,
2026-07-14T15:35:58.663359+00:00,28.997658,valid,2733,230,2865758438,37303,41,hex,CAM,0202aad000e691b7005a5811460e29efbf1ffffffc2246cd1e00000fc0007ebfe9ed0737feebfff600,0202AAD000E691B7005A5811460E29EFBF1FFFFFFC2246CD1E00000FC0007EBFE9ED0737FEEBFFF600,
2026-07-14T15:35:58.765796+00:00,29.100102,valid,2733,231,2865758439,37403,41,hex,CAM,0202aad000e7921b005a5811460e29efbf1ffffffc2246cd1e00000fc0007ebfe9ed0737feebfff600,0202AAD000E7921B005A5811460E29EFBF1FFFFFFC2246CD1E00000FC0007EBFE9ED0737FEEBFFF600,
2026-07-14T15:35:58.867834+00:00,29.202146,valid,2733,232,2865758440,37503,41,hex,CAM,0202aad000e8927f005a5811460e29efbf1ffffffc2246cd1e00000fc0007ebfe9ed0737feebfff600,0202AAD000E8927F005A5811460E29EFBF1FFFFFFC2246CD1E00000FC0007EBFE9ED0737FEEBFFF600,
2026-07-14T15:35:58.969829+00:00,29.304134,valid,2733,233,2865758441,37603,41,hex,CAM,0202aad000e992e3005a5811460e29efbf1ffffffc2246cd1e00000fc0007ebfe9ed0737feebfff600,0202AAD000E992E3005A5811460E29EFBF1FFFFFFC2246CD1E00000FC0007EBFE9ED0737FEEBFFF600,
2026-07-14T15:35:59.071955+00:00,29.406264,valid,2733,234,2865758442,37703,41,hex,CAM,0202aad000ea9347005a5811460e29efbf1ffffffc2246cd1e00000fc0007ebfe9ed0737feebfff600,0202AAD000EA9347005A5811460E29EFBF1FFFFFFC2246CD1E00000FC0007EBFE9ED0737FEEBFFF600,
2026-07-14T15:35:59.163700+00:00,29.498005,valid,2733,235,2865758443,37803,41,hex,CAM,0202aad000eb93ab005a5811460e29efbf1ffffffc2246cd1e00000fc0007ebfe9ed0737feebfff600,0202AAD000EB93AB005A5811460E29EFBF1FFFFFFC2246CD1E00000FC0007EBFE9ED0737FEEBFFF600,
2026-07-14T15:35:59.265717+00:00,29.600022,valid,2733,236,2865758444,37903,41,hex,CAM,0202aad000ec940f005a5811460e29efbf1ffffffc2246cd1e00000fc0007ebfe9ed0737feebfff600,0202AAD000EC940F005A5811460E29EFBF1FFFFFFC2246CD1E00000FC0007EBFE9ED0737FEEBFFF600,
2026-07-14T15:35:59.367748+00:00,29.702052,valid,2733,237,2865758445,38003,41,hex,CAM,0202aad000ed9473005a5811460e29efbf1ffffffc2246cd1e00000fc0007ebfe9ed0737feebfff600,0202AAD000ED9473005A5811460E29EFBF1FFFFFFC2246CD1E00000FC0007EBFE9ED0737FEEBFFF600,
2026-07-14T15:35:59.469819+00:00,29.804126,valid,2733,238,2865758446,38103,41,hex,CAM,0202aad000ee94d7005a5811460e29efbf1ffffffc2246cd1e00000fc0007ebfe9ed0737feebfff600,0202AAD000EE94D7005A5811460E29EFBF1FFFFFFC2246CD1E00000FC0007EBFE9ED0737FEEBFFF600,
2026-07-14T15:35:59.571795+00:00,29.906103,valid,2733,239,2865758447,38203,41,hex,CAM,0202aad000ef953b005a5811460e29efbf1ffffffc2246cd1e00000fc0007ebfe9ed0737feebfff600,0202AAD000EF953B005A5811460E29EFBF1FFFFFFC2246CD1E00000FC0007EBFE9ED0737FEEBFFF600,
2026-07-14T15:35:59.663827+00:00,29.998135,valid,2733,240,2865758448,38303,41,hex,CAM,0202aad000f0959f005a5811460e29efbf1ffffffc2246cd1e00000fc0007ebfe9ed0737feebfff600,0202AAD000F0959F005A5811460E29EFBF1FFFFFFC2246CD1E00000FC0007EBFE9ED0737FEEBFFF600,
2026-07-14T15:35:59.765891+00:00,30.100198,valid,2733,241,2865758449,38403,41,hex,CAM,0202aad000f19603005a5811460e29efbf1ffffffc2246cd1e00000fc0007ebfe9ed0737feebfff600,0202AAD000F19603005A5811460E29EFBF1FFFFFFC2246CD1E00000FC0007EBFE9ED0737FEEBFFF600,
2026-07-14T15:35:59.867852+00:00,30.202160,valid,2733,242,2865758450,38503,41,hex,CAM,0202aad000f29667005a5811460e29efbf1ffffffc2246cd1e00000fc0007ebfe9ed0737feebfff600,0202AAD000F29667005A5811460E29EFBF1FFFFFFC2246CD1E00000FC0007EBFE9ED0737FEEBFFF600,
2026-07-14T15:35:59.969797+00:00,30.304104,valid,2733,243,2865758451,38603,41,hex,CAM,0202aad000f396cb005a5811460e29efbf1ffffffc2246cd1e00000fc0007ebfe9ed0737feebfff600,0202AAD000F396CB005A5811460E29EFBF1FFFFFFC2246CD1E00000FC0007EBFE9ED0737FEEBFFF600,
2026-07-14T15:36:00.072005+00:00,30.406313,valid,2733,244,2865758452,38703,41,hex,CAM,0202aad000f4972f005a5811460e29efbf1ffffffc2246cd1e00000fc0007ebfe9ed0737feebfff600,0202AAD000F4972F005A5811460E29EFBF1FFFFFFC2246CD1E00000FC0007EBFE9ED0737FEEBFFF600,
2026-07-14T15:36:00.163977+00:00,30.498281,valid,2733,245,2865758453,38803,41,hex,CAM,0202aad000f59793005a5811460e29efbf1ffffffc2246cd1e00000fc0007ebfe9ed0737feebfff600,0202AAD000F59793005A5811460E29EFBF1FFFFFFC2246CD1E00000FC0007EBFE9ED0737FEEBFFF600,
2026-07-14T15:36:00.265793+00:00,30.600099,valid,2733,246,2865758454,38903,41,hex,CAM,0202aad000f697f7005a5811460e29efbf1ffffffc2246cd1e00000fc0007ebfe9ed0737feebfff600,0202AAD000F697F7005A5811460E29EFBF1FFFFFFC2246CD1E00000FC0007EBFE9ED0737FEEBFFF600,
2026-07-14T15:36:00.367912+00:00,30.702216,valid,2733,247,2865758455,39003,41,hex,CAM,0202aad000f7985b005a5811460e29efbf1ffffffc2246cd1e00000fc0007ebfe9ed0737feebfff600,0202AAD000F7985B005A5811460E29EFBF1FFFFFFC2246CD1E00000FC0007EBFE9ED0737FEEBFFF600,
2026-07-14T15:36:00.469862+00:00,30.804166,valid,2733,248,2865758456,39103,41,hex,CAM,0202aad000f898bf005a5811460e29efbf1ffffffc2246cd1e00000fc0007ebfe9ed0737feebfff600,0202AAD000F898BF005A5811460E29EFBF1FFFFFFC2246CD1E00000FC0007EBFE9ED0737FEEBFFF600,
2026-07-14T15:36:00.571747+00:00,30.906053,valid,2733,249,2865758457,39203,41,hex,CAM,0202aad000f99923005a5811460e29efbf1ffffffc2246cd1e00000fc0007ebfe9ed0737feebfff600,0202AAD000F99923005A5811460E29EFBF1FFFFFFC2246CD1E00000FC0007EBFE9ED0737FEEBFFF600,
2026-07-14T15:36:00.663931+00:00,30.998238,valid,2733,250,2865758458,39303,41,hex,CAM,0202aad000fa9987005a5811460e29efbf1ffffffc2246cd1e00000fc0007ebfe9ed0737feebfff600,0202AAD000FA9987005A5811460E29EFBF1FFFFFFC2246CD1E00000FC0007EBFE9ED0737FEEBFFF600,
2026-07-14T15:36:00.765882+00:00,31.100186,valid,2733,251,2865758459,39403,41,hex,CAM,0202aad000fb99eb005a5811460e29efbf1ffffffc2246cd1e00000fc0007ebfe9ed0737feebfff600,0202AAD000FB99EB005A5811460E29EFBF1FFFFFFC2246CD1E00000FC0007EBFE9ED0737FEEBFFF600,
2026-07-14T15:36:00.867902+00:00,31.202207,valid,2733,252,2865758460,39503,41,hex,CAM,0202aad000fc9a4f005a5811460e29efbf1ffffffc2246cd1e00000fc0007ebfe9ed0737feebfff600,0202AAD000FC9A4F005A5811460E29EFBF1FFFFFFC2246CD1E00000FC0007EBFE9ED0737FEEBFFF600,
2026-07-14T15:36:00.969969+00:00,31.304273,valid,2733,253,2865758461,39603,41,hex,CAM,0202aad000fd9ab3005a5811460e29efbf1ffffffc2246cd1e00000fc0007ebfe9ed0737feebfff600,0202AAD000FD9AB3005A5811460E29EFBF1FFFFFFC2246CD1E00000FC0007EBFE9ED0737FEEBFFF600,
2026-07-14T15:36:01.071905+00:00,31.406209,valid,2733,254,2865758462,39703,41,hex,CAM,0202aad000fe9b17005a5811460e29efbf1ffffffc2246cd1e00000fc0007ebfe9ed0737feebfff600,0202AAD000FE9B17005A5811460E29EFBF1FFFFFFC2246CD1E00000FC0007EBFE9ED0737FEEBFFF600,
2026-07-14T15:36:01.163898+00:00,31.498201,valid,2733,255,2865758463,39803,41,hex,CAM,0202aad000ff9b7b005a5811460e29efbf1ffffffc2246cd1e00000fc0007ebfe9ed0737feebfff600,0202AAD000FF9B7B005A5811460E29EFBF1FFFFFFC2246CD1E00000FC0007EBFE9ED0737FEEBFFF600,
2026-07-14T15:36:01.265789+00:00,31.600093,valid,2733,256,2865758464,39903,41,hex,CAM,0202aad001009bdf005a5811460e29efbf1ffffffc2246cd1e00000fc0007ebfe9ed0737feebfff600,0202AAD001009BDF005A5811460E29EFBF1FFFFFFC2246CD1E00000FC0007EBFE9ED0737FEEBFFF600,
2026-07-14T15:36:01.367861+00:00,31.702166,valid,2733,257,2865758465,40003,41,hex,CAM,0202aad001019c43005a5811460e29efbf1ffffffc2246cd1e00000fc0007ebfe9ed0737feebfff600,0202AAD001019C43005A5811460E29EFBF1FFFFFFC2246CD1E00000FC0007EBFE9ED0737FEEBFFF600,
2026-07-14T15:36:01.469742+00:00,31.804047,valid,2733,258,2865758466,40103,41,hex,CAM,0202aad001029ca7005a5811460e29efbf1ffffffc2246cd1e00000fc0007ebfe9ed0737feebfff600,0202AAD001029CA7005A5811460E29EFBF1FFFFFFC2246CD1E00000FC0007EBFE9ED0737FEEBFFF600,
2026-07-14T15:36:01.571771+00:00,31.906075,valid,2733,259,2865758467,40203,41,hex,CAM,0202aad001039d0b005a5811460e29efbf1ffffffc2246cd1e00000fc0007ebfe9ed0737feebfff600,0202AAD001039D0B005A5811460E29EFBF1FFFFFFC2246CD1E00000FC0007EBFE9ED0737FEEBFFF600,
2026-07-14T15:36:01.663835+00:00,31.998141,valid,2733,260,2865758468,40303,41,hex,CAM,0202aad001049d6f005a5811460e29efbf1ffffffc2246cd1e00000fc0007ebfe9ed0737feebfff600,0202AAD001049D6F005A5811460E29EFBF1FFFFFFC2246CD1E00000FC0007EBFE9ED0737FEEBFFF600,
2026-07-14T15:36:01.765726+00:00,32.100030,valid,2733,261,2865758469,40403,41,hex,CAM,0202aad001059dd3005a5811460e29efbf1ffffffc2246cd1e00000fc0007ebfe9ed0737feebfff600,0202AAD001059DD3005A5811460E29EFBF1FFFFFFC2246CD1E00000FC0007EBFE9ED0737FEEBFFF600,
2026-07-14T15:36:01.868002+00:00,32.202307,valid,2733,262,2865758470,40503,41,hex,CAM,0202aad001069e37005a5811460e29efbf1ffffffc2246cd1e00000fc0007ebfe9ed0737feebfff600,0202AAD001069E37005A5811460E29EFBF1FFFFFFC2246CD1E00000FC0007EBFE9ED0737FEEBFFF600,
2026-07-14T15:36:01.969820+00:00,32.304124,valid,2733,263,2865758471,40603,41,hex,CAM,0202aad001079e9b005a5811460e29efbf1ffffffc2246cd1e00000fc0007ebfe9ed0737feebfff600,0202AAD001079E9B005A5811460E29EFBF1FFFFFFC2246CD1E00000FC0007EBFE9ED0737FEEBFFF600,
2026-07-14T15:36:02.071814+00:00,32.406118,valid,2733,264,2865758472,40703,41,hex,CAM,0202aad001089eff005a5811460e29efbf1ffffffc2246cd1e00000fc0007ebfe9ed0737feebfff600,0202AAD001089EFF005A5811460E29EFBF1FFFFFFC2246CD1E00000FC0007EBFE9ED0737FEEBFFF600,
2026-07-14T15:36:02.163812+00:00,32.498116,valid,2733,265,2865758473,40803,41,hex,CAM,0202aad001099f63005a5811460e29efbf1ffffffc2246cd1e00000fc0007ebfe9ed0737feebfff600,0202AAD001099F63005A5811460E29EFBF1FFFFFFC2246CD1E00000FC0007EBFE9ED0737FEEBFFF600,
2026-07-14T15:36:02.265807+00:00,32.600110,valid,2733,266,2865758474,40903,41,hex,CAM,0202aad0010a9fc7005a5811460e29efbf1ffffffc2246cd1e00000fc0007ebfe9ed0737feebfff600,0202AAD0010A9FC7005A5811460E29EFBF1FFFFFFC2246CD1E00000FC0007EBFE9ED0737FEEBFFF600,
2026-07-14T15:36:02.367800+00:00,32.702103,valid,2733,267,2865758475,41003,41,hex,CAM,0202aad0010ba02b005a5811460e29efbf1ffffffc2246cd1e00000fc0007ebfe9ed0737feebfff600,0202AAD0010BA02B005A5811460E29EFBF1FFFFFFC2246CD1E00000FC0007EBFE9ED0737FEEBFFF600,
2026-07-14T15:36:02.469847+00:00,32.804153,valid,2733,268,2865758476,41103,41,hex,CAM,0202aad0010ca08f005a5811460e29efbf1ffffffc2246cd1e00000fc0007ebfe9ed0737feebfff600,0202AAD0010CA08F005A5811460E29EFBF1FFFFFFC2246CD1E00000FC0007EBFE9ED0737FEEBFFF600,
2026-07-14T15:36:02.571761+00:00,32.906066,valid,2733,269,2865758477,41203,41,hex,CAM,0202aad0010da0f3005a5811460e29efbf1ffffffc2246cd1e00000fc0007ebfe9ed0737feebfff600,0202AAD0010DA0F3005A5811460E29EFBF1FFFFFFC2246CD1E00000FC0007EBFE9ED0737FEEBFFF600,
2026-07-14T15:36:02.663820+00:00,32.998127,valid,2733,270,2865758478,41303,41,hex,CAM,0202aad0010ea157005a5811460e29efbf1ffffffc2246cd1e00000fc0007ebfe9ed0737feebfff600,0202AAD0010EA157005A5811460E29EFBF1FFFFFFC2246CD1E00000FC0007EBFE9ED0737FEEBFFF600,
2026-07-14T15:36:02.765815+00:00,33.100121,valid,2733,271,2865758479,41403,41,hex,CAM,0202aad0010fa1bb005a5811460e29efbf1ffffffc2246cd1e00000fc0007ebfe9ed0737feebfff600,0202AAD0010FA1BB005A5811460E29EFBF1FFFFFFC2246CD1E00000FC0007EBFE9ED0737FEEBFFF600,
2026-07-14T15:36:02.867966+00:00,33.202272,valid,2733,272,2865758480,41503,41,hex,CAM,0202aad00110a21f005a5811460e29efbf1ffffffc2246cd1e00000fc0007ebfe9ed0737feebfff600,0202AAD00110A21F005A5811460E29EFBF1FFFFFFC2246CD1E00000FC0007EBFE9ED0737FEEBFFF600,
2026-07-14T15:36:02.969954+00:00,33.304260,valid,2733,273,2865758481,41603,41,hex,CAM,0202aad00111a283005a5811460e29efbf1ffffffc2246cd1e00000fc0007ebfe9ed0737feebfff600,0202AAD00111A283005A5811460E29EFBF1FFFFFFC2246CD1E00000FC0007EBFE9ED0737FEEBFFF600,
2026-07-14T15:36:03.071969+00:00,33.406275,valid,2733,274,2865758482,41703,41,hex,CAM,0202aad00112a2e7005a5811460e29efbf1ffffffc2246cd1e00000fc0007ebfe9ed0737feebfff600,0202AAD00112A2E7005A5811460E29EFBF1FFFFFFC2246CD1E00000FC0007EBFE9ED0737FEEBFFF600,
2026-07-14T15:36:03.163774+00:00,33.498077,valid,2733,275,2865758483,41803,41,hex,CAM,0202aad00113a34b005a5811460e29efbf1ffffffc2246cd1e00000fc0007ebfe9ed0737feebfff600,0202AAD00113A34B005A5811460E29EFBF1FFFFFFC2246CD1E00000FC0007EBFE9ED0737FEEBFFF600,
2026-07-14T15:36:03.265795+00:00,33.600103,valid,2733,276,2865758484,41903,41,hex,CAM,0202aad00114a3af005a5811460e29efbf1ffffffc2246cd1e00000fc0007ebfe9ed0737feebfff600,0202AAD00114A3AF005A5811460E29EFBF1FFFFFFC2246CD1E00000FC0007EBFE9ED0737FEEBFFF600,
2026-07-14T15:36:03.367777+00:00,33.702085,valid,2733,277,2865758485,42003,41,hex,CAM,0202aad00115a413005a5811460e29efbf1ffffffc2246cd1e00000fc0007ebfe9ed0737feebfff600,0202AAD00115A413005A5811460E29EFBF1FFFFFFC2246CD1E00000FC0007EBFE9ED0737FEEBFFF600,
2026-07-14T15:36:03.469767+00:00,33.804071,valid,2733,278,2865758486,42103,41,hex,CAM,0202aad00116a477005a5811460e29efbf1ffffffc2246cd1e00000fc0007ebfe9ed0737feebfff600,0202AAD00116A477005A5811460E29EFBF1FFFFFFC2246CD1E00000FC0007EBFE9ED0737FEEBFFF600,
2026-07-14T15:36:03.571816+00:00,33.906119,valid,2733,279,2865758487,42203,41,hex,CAM,0202aad00117a4db005a5811460e29efbf1ffffffc2246cd1e00000fc0007ebfe9ed0737feebfff600,0202AAD00117A4DB005A5811460E29EFBF1FFFFFFC2246CD1E00000FC0007EBFE9ED0737FEEBFFF600,
2026-07-14T15:36:03.663836+00:00,33.998146,valid,2733,280,2865758488,42303,41,hex,CAM,0202aad00118a53f005a5811460e29efbf1ffffffc2246cd1e00000fc0007ebfe9ed0737feebfff600,0202AAD00118A53F005A5811460E29EFBF1FFFFFFC2246CD1E00000FC0007EBFE9ED0737FEEBFFF600,
2026-07-14T15:36:03.765756+00:00,34.100062,valid,2733,281,2865758489,42403,41,hex,CAM,0202aad00119a5a3005a5811460e29efbf1ffffffc2246cd1e00000fc0007ebfe9ed0737feebfff600,0202AAD00119A5A3005A5811460E29EFBF1FFFFFFC2246CD1E00000FC0007EBFE9ED0737FEEBFFF600,
2026-07-14T15:36:03.867798+00:00,34.202104,valid,2733,282,2865758490,42503,41,hex,CAM,0202aad0011aa607005a5811460e29efbf1ffffffc2246cd1e00000fc0007ebfe9ed0737feebfff600,0202AAD0011AA607005A5811460E29EFBF1FFFFFFC2246CD1E00000FC0007EBFE9ED0737FEEBFFF600,
2026-07-14T15:36:03.969775+00:00,34.304084,valid,2733,283,2865758491,42603,41,hex,CAM,0202aad0011ba66b005a5811460e29efbf1ffffffc2246cd1e00000fc0007ebfe9ed0737feebfff600,0202AAD0011BA66B005A5811460E29EFBF1FFFFFFC2246CD1E00000FC0007EBFE9ED0737FEEBFFF600,
2026-07-14T15:36:04.071885+00:00,34.406193,valid,2733,284,2865758492,42703,41,hex,CAM,0202aad0011ca6cf005a5811460e29efbf1ffffffc2246cd1e00000fc0007ebfe9ed0737feebfff600,0202AAD0011CA6CF005A5811460E29EFBF1FFFFFFC2246CD1E00000FC0007EBFE9ED0737FEEBFFF600,
2026-07-14T15:36:04.163722+00:00,34.498026,valid,2733,285,2865758493,42803,41,hex,CAM,0202aad0011da733005a5811460e29efbf1ffffffc2246cd1e00000fc0007ebfe9ed0737feebfff600,0202AAD0011DA733005A5811460E29EFBF1FFFFFFC2246CD1E00000FC0007EBFE9ED0737FEEBFFF600,
2026-07-14T15:36:04.265837+00:00,34.600142,valid,2733,286,2865758494,42903,41,hex,CAM,0202aad0011ea797005a5811460e29efbf1ffffffc2246cd1e00000fc0007ebfe9ed0737feebfff600,0202AAD0011EA797005A5811460E29EFBF1FFFFFFC2246CD1E00000FC0007EBFE9ED0737FEEBFFF600,
2026-07-14T15:36:04.367822+00:00,34.702125,valid,2733,287,2865758495,43003,41,hex,CAM,0202aad0011fa7fb005a5811460e29efbf1ffffffc2246cd1e00000fc0007ebfe9ed0737feebfff600,0202AAD0011FA7FB005A5811460E29EFBF1FFFFFFC2246CD1E00000FC0007EBFE9ED0737FEEBFFF600,
2026-07-14T15:36:04.469827+00:00,34.804132,valid,2733,288,2865758496,43103,41,hex,CAM,0202aad00120a85f005a5811460e29efbf1ffffffc2246cd1e00000fc0007ebfe9ed0737feebfff600,0202AAD00120A85F005A5811460E29EFBF1FFFFFFC2246CD1E00000FC0007EBFE9ED0737FEEBFFF600,
2026-07-14T15:36:04.571780+00:00,34.906083,valid,2733,289,2865758497,43203,41,hex,CAM,0202aad00121a8c3005a5811460e29efbf1ffffffc2246cd1e00000fc0007ebfe9ed0737feebfff600,0202AAD00121A8C3005A5811460E29EFBF1FFFFFFC2246CD1E00000FC0007EBFE9ED0737FEEBFFF600,
2026-07-14T15:36:04.663851+00:00,34.998157,valid,2733,290,2865758498,43303,41,hex,CAM,0202aad00122a927005a5811460e29efbf1ffffffc2246cd1e00000fc0007ebfe9ed0737feebfff600,0202AAD00122A927005A5811460E29EFBF1FFFFFFC2246CD1E00000FC0007EBFE9ED0737FEEBFFF600,
2026-07-14T15:36:04.765641+00:00,35.099946,valid,2733,291,2865758499,43403,41,hex,CAM,0202aad00123a98b005a5811460e29efbf1ffffffc2246cd1e00000fc0007ebfe9ed0737feebfff600,0202AAD00123A98B005A5811460E29EFBF1FFFFFFC2246CD1E00000FC0007EBFE9ED0737FEEBFFF600,
2026-07-14T15:36:04.867962+00:00,35.202272,valid,2733,292,2865758500,43503,41,hex,CAM,0202aad00124a9ef005a5811460e29efbf1ffffffc2246cd1e00000fc0007ebfe9ed0737feebfff600,0202AAD00124A9EF005A5811460E29EFBF1FFFFFFC2246CD1E00000FC0007EBFE9ED0737FEEBFFF600,
2026-07-14T15:36:04.969826+00:00,35.304133,valid,2733,293,2865758501,43603,41,hex,CAM,0202aad00125aa53005a5811460e29efbf1ffffffc2246cd1e00000fc0007ebfe9ed0737feebfff600,0202AAD00125AA53005A5811460E29EFBF1FFFFFFC2246CD1E00000FC0007EBFE9ED0737FEEBFFF600,
2026-07-14T15:36:05.071879+00:00,35.406185,valid,2733,294,2865758502,43703,41,hex,CAM,0202aad00126aab7005a5811460e29efbf1ffffffc2246cd1e00000fc0007ebfe9ed0737feebfff600,0202AAD00126AAB7005A5811460E29EFBF1FFFFFFC2246CD1E00000FC0007EBFE9ED0737FEEBFFF600,
2026-07-14T15:36:05.163815+00:00,35.498119,valid,2733,295,2865758503,43803,41,hex,CAM,0202aad00127ab1b005a5811460e29efbf1ffffffc2246cd1e00000fc0007ebfe9ed0737feebfff600,0202AAD00127AB1B005A5811460E29EFBF1FFFFFFC2246CD1E00000FC0007EBFE9ED0737FEEBFFF600,
2026-07-14T15:36:05.265810+00:00,35.600114,valid,2733,296,2865758504,43903,41,hex,CAM,0202aad00128ab7f005a5811460e29efbf1ffffffc2246cd1e00000fc0007ebfe9ed0737feebfff600,0202AAD00128AB7F005A5811460E29EFBF1FFFFFFC2246CD1E00000FC0007EBFE9ED0737FEEBFFF600,
2026-07-14T15:36:05.367882+00:00,35.702185,valid,2733,297,2865758505,44003,41,hex,CAM,0202aad00129abe3005a5811460e29efbf1ffffffc2246cd1e00000fc0007ebfe9ed0737feebfff600,0202AAD00129ABE3005A5811460E29EFBF1FFFFFFC2246CD1E00000FC0007EBFE9ED0737FEEBFFF600,
2026-07-14T15:36:05.469870+00:00,35.804173,valid,2733,298,2865758506,44103,41,hex,CAM,0202aad0012aac47005a5811460e29efbf1ffffffc2246cd1e00000fc0007ebfe9ed0737feebfff600,0202AAD0012AAC47005A5811460E29EFBF1FFFFFFC2246CD1E00000FC0007EBFE9ED0737FEEBFFF600,
2026-07-14T15:36:05.571898+00:00,35.906201,valid,2733,299,2865758507,44203,41,hex,CAM,0202aad0012bacab005a5811460e29efbf1ffffffc2246cd1e00000fc0007ebfe9ed0737feebfff600,0202AAD0012BACAB005A5811460E29EFBF1FFFFFFC2246CD1E00000FC0007EBFE9ED0737FEEBFFF600,
2026-07-14T15:36:05.663948+00:00,35.998253,valid,2733,300,2865758508,44303,41,hex,CAM,0202aad0012cad0f005a5811460e29efbf1ffffffc2246cd1e00000fc0007ebfe9ed0737feebfff600,0202AAD0012CAD0F005A5811460E29EFBF1FFFFFFC2246CD1E00000FC0007EBFE9ED0737FEEBFFF600,
2026-07-14T15:36:05.765919+00:00,36.100228,valid,2733,301,2865758509,44403,41,hex,CAM,0202aad0012dad73005a5811460e29efbf1ffffffc2246cd1e00000fc0007ebfe9ed0737feebfff600,0202AAD0012DAD73005A5811460E29EFBF1FFFFFFC2246CD1E00000FC0007EBFE9ED0737FEEBFFF600,
2026-07-14T15:36:05.867858+00:00,36.202166,valid,2733,302,2865758510,44503,41,hex,CAM,0202aad0012eadd7005a5811460e29efbf1ffffffc2246cd1e00000fc0007ebfe9ed0737feebfff600,0202AAD0012EADD7005A5811460E29EFBF1FFFFFFC2246CD1E00000FC0007EBFE9ED0737FEEBFFF600,
2026-07-14T15:36:05.969836+00:00,36.304142,valid,2733,303,2865758511,44603,41,hex,CAM,0202aad0012fae3b005a5811460e29efbf1ffffffc2246cd1e00000fc0007ebfe9ed0737feebfff600,0202AAD0012FAE3B005A5811460E29EFBF1FFFFFFC2246CD1E00000FC0007EBFE9ED0737FEEBFFF600,
2026-07-14T15:36:06.071984+00:00,36.406288,valid,2733,304,2865758512,44703,41,hex,CAM,0202aad00130ae9f005a5811460e29efbf1ffffffc2246cd1e00000fc0007ebfe9ed0737feebfff600,0202AAD00130AE9F005A5811460E29EFBF1FFFFFFC2246CD1E00000FC0007EBFE9ED0737FEEBFFF600,
2026-07-14T15:36:06.163942+00:00,36.498245,valid,2733,305,2865758513,44803,41,hex,CAM,0202aad00131af03005a5811460e29efbf1ffffffc2246cd1e00000fc0007ebfe9ed0737feebfff600,0202AAD00131AF03005A5811460E29EFBF1FFFFFFC2246CD1E00000FC0007EBFE9ED0737FEEBFFF600,
2026-07-14T15:36:06.265960+00:00,36.600264,valid,2733,306,2865758514,44903,41,hex,CAM,0202aad00132af67005a5811460e29efbf1ffffffc2246cd1e00000fc0007ebfe9ed0737feebfff600,0202AAD00132AF67005A5811460E29EFBF1FFFFFFC2246CD1E00000FC0007EBFE9ED0737FEEBFFF600,
2026-07-14T15:36:06.368009+00:00,36.702312,valid,2733,307,2865758515,45003,41,hex,CAM,0202aad00133afcb005a5811460e29efbf1ffffffc2246cd1e00000fc0007ebfe9ed0737feebfff600,0202AAD00133AFCB005A5811460E29EFBF1FFFFFFC2246CD1E00000FC0007EBFE9ED0737FEEBFFF600,
2026-07-14T15:36:06.469943+00:00,36.804247,valid,2733,308,2865758516,45103,41,hex,CAM,0202aad00134b02f005a5811460e29efbf1ffffffc2246cd1e00000fc0007ebfe9ed0737feebfff600,0202AAD00134B02F005A5811460E29EFBF1FFFFFFC2246CD1E00000FC0007EBFE9ED0737FEEBFFF600,
2026-07-14T15:36:06.571958+00:00,36.906263,valid,2733,309,2865758517,45203,41,hex,CAM,0202aad00135b093005a5811460e29efbf1ffffffc2246cd1e00000fc0007ebfe9ed0737feebfff600,0202AAD00135B093005A5811460E29EFBF1FFFFFFC2246CD1E00000FC0007EBFE9ED0737FEEBFFF600,
2026-07-14T15:36:06.663924+00:00,36.998230,valid,2733,310,2865758518,45303,41,hex,CAM,0202aad00136b0f7005a5811460e29efbf1ffffffc2246cd1e00000fc0007ebfe9ed0737feebfff600,0202AAD00136B0F7005A5811460E29EFBF1FFFFFFC2246CD1E00000FC0007EBFE9ED0737FEEBFFF600,
2026-07-14T15:36:06.765914+00:00,37.100218,valid,2733,311,2865758519,45403,41,hex,CAM,0202aad00137b15b005a5811460e29efbf1ffffffc2246cd1e00000fc0007ebfe9ed0737feebfff600,0202AAD00137B15B005A5811460E29EFBF1FFFFFFC2246CD1E00000FC0007EBFE9ED0737FEEBFFF600,
2026-07-14T15:36:06.867453+00:00,37.201743,valid,2733,312,2865758520,45503,41,hex,CAM,0202aad00138b1bf005a5811460e29efbf1ffffffc2246cd1e00000fc0007ebfe9ed0737feebfff600,0202AAD00138B1BF005A5811460E29EFBF1FFFFFFC2246CD1E00000FC0007EBFE9ED0737FEEBFFF600,
2026-07-14T15:36:06.970028+00:00,37.304336,valid,2733,313,2865758521,45603,41,hex,CAM,0202aad00139b223005a5811460e29efbf1ffffffc2246cd1e00000fc0007ebfe9ed0737feebfff600,0202AAD00139B223005A5811460E29EFBF1FFFFFFC2246CD1E00000FC0007EBFE9ED0737FEEBFFF600,
2026-07-14T15:36:07.071959+00:00,37.406263,valid,2733,314,2865758522,45703,41,hex,CAM,0202aad0013ab287005a5811460e29efbf1ffffffc2246cd1e00000fc0007ebfe9ed0737feebfff600,0202AAD0013AB287005A5811460E29EFBF1FFFFFFC2246CD1E00000FC0007EBFE9ED0737FEEBFFF600,
2026-07-14T15:36:07.165412+00:00,37.499727,valid,2733,315,2865758523,45803,41,hex,CAM,0202aad0013bb2eb005a5811460e29efbf1ffffffc2246cd1e00000fc0007ebfe9ed0737feebfff600,0202AAD0013BB2EB005A5811460E29EFBF1FFFFFFC2246CD1E00000FC0007EBFE9ED0737FEEBFFF600,
2026-07-14T15:36:07.267338+00:00,37.601654,valid,2733,316,2865758524,45903,41,hex,CAM,0202aad0013cb34f005a5811460e29efbf1ffffffc2246cd1e00000fc0007ebfe9ed0737feebfff600,0202AAD0013CB34F005A5811460E29EFBF1FFFFFFC2246CD1E00000FC0007EBFE9ED0737FEEBFFF600,
2026-07-14T15:36:07.369273+00:00,37.703589,valid,2733,317,2865758525,46003,41,hex,CAM,0202aad0013db3b3005a5811460e29efbf1ffffffc2246cd1e00000fc0007ebfe9ed0737feebfff600,0202AAD0013DB3B3005A5811460E29EFBF1FFFFFFC2246CD1E00000FC0007EBFE9ED0737FEEBFFF600,
2026-07-14T15:36:07.470080+00:00,37.804388,valid,2733,318,2865758526,46103,41,hex,CAM,0202aad0013eb417005a5811460e29efbf1ffffffc2246cd1e00000fc0007ebfe9ed0737feebfff600,0202AAD0013EB417005A5811460E29EFBF1FFFFFFC2246CD1E00000FC0007EBFE9ED0737FEEBFFF600,
2026-07-14T15:36:07.571942+00:00,37.906246,valid,2733,319,2865758527,46203,41,hex,CAM,0202aad0013fb47b005a5811460e29efbf1ffffffc2246cd1e00000fc0007ebfe9ed0737feebfff600,0202AAD0013FB47B005A5811460E29EFBF1FFFFFFC2246CD1E00000FC0007EBFE9ED0737FEEBFFF600,
2026-07-14T15:36:07.663881+00:00,37.998186,valid,2733,320,2865758528,46303,41,hex,CAM,0202aad00140b4df005a5811460e29efbf1ffffffc2246cd1e00000fc0007ebfe9ed0737feebfff600,0202AAD00140B4DF005A5811460E29EFBF1FFFFFFC2246CD1E00000FC0007EBFE9ED0737FEEBFFF600,
2026-07-14T15:36:07.765839+00:00,38.100143,valid,2733,321,2865758529,46403,41,hex,CAM,0202aad00141b543005a5811460e29efbf1ffffffc2246cd1e00000fc0007ebfe9ed0737feebfff600,0202AAD00141B543005A5811460E29EFBF1FFFFFFC2246CD1E00000FC0007EBFE9ED0737FEEBFFF600,
2026-07-14T15:36:07.867879+00:00,38.202184,valid,2733,322,2865758530,46503,41,hex,CAM,0202aad00142b5a7005a5811460e29efbf1ffffffc2246cd1e00000fc0007ebfe9ed0737feebfff600,0202AAD00142B5A7005A5811460E29EFBF1FFFFFFC2246CD1E00000FC0007EBFE9ED0737FEEBFFF600,
2026-07-14T15:36:07.969890+00:00,38.304197,valid,2733,323,2865758531,46603,41,hex,CAM,0202aad00143b60b005a5811460e29efbf1ffffffc2246cd1e00000fc0007ebfe9ed0737feebfff600,0202AAD00143B60B005A5811460E29EFBF1FFFFFFC2246CD1E00000FC0007EBFE9ED0737FEEBFFF600,
2026-07-14T15:36:08.071904+00:00,38.406210,valid,2733,324,2865758532,46703,41,hex,CAM,0202aad00144b66f005a5811460e29efbf1ffffffc2246cd1e00000fc0007ebfe9ed0737feebfff600,0202AAD00144B66F005A5811460E29EFBF1FFFFFFC2246CD1E00000FC0007EBFE9ED0737FEEBFFF600,
2026-07-14T15:36:08.164003+00:00,38.498307,valid,2733,325,2865758533,46803,41,hex,CAM,0202aad00145b6d3005a5811460e29efbf1ffffffc2246cd1e00000fc0007ebfe9ed0737feebfff600,0202AAD00145B6D3005A5811460E29EFBF1FFFFFFC2246CD1E00000FC0007EBFE9ED0737FEEBFFF600,
2026-07-14T15:36:08.265951+00:00,38.600254,valid,2733,326,2865758534,46903,41,hex,CAM,0202aad00146b737005a5811460e29efbf1ffffffc2246cd1e00000fc0007ebfe9ed0737feebfff600,0202AAD00146B737005A5811460E29EFBF1FFFFFFC2246CD1E00000FC0007EBFE9ED0737FEEBFFF600,
2026-07-14T15:36:08.367919+00:00,38.702222,valid,2733,327,2865758535,47003,41,hex,CAM,0202aad00147b79b005a5811460e29efbf1ffffffc2246cd1e00000fc0007ebfe9ed0737feebfff600,0202AAD00147B79B005A5811460E29EFBF1FFFFFFC2246CD1E00000FC0007EBFE9ED0737FEEBFFF600,
2026-07-14T15:36:08.469973+00:00,38.804278,valid,2733,328,2865758536,47103,41,hex,CAM,0202aad00148b7ff005a5811460e29efbf1ffffffc2246cd1e00000fc0007ebfe9ed0737feebfff600,0202AAD00148B7FF005A5811460E29EFBF1FFFFFFC2246CD1E00000FC0007EBFE9ED0737FEEBFFF600,
2026-07-14T15:36:08.571962+00:00,38.906266,valid,2733,329,2865758537,47203,41,hex,CAM,0202aad00149b863005a5811460e29efbf1ffffffc2246cd1e00000fc0007ebfe9ed0737feebfff600,0202AAD00149B863005A5811460E29EFBF1FFFFFFC2246CD1E00000FC0007EBFE9ED0737FEEBFFF600,
2026-07-14T15:36:08.664026+00:00,38.998330,valid,2733,330,2865758538,47303,41,hex,CAM,0202aad0014ab8c7005a5811460e29efbf1ffffffc2246cd1e00000fc0007ebfe9ed0737feebfff600,0202AAD0014AB8C7005A5811460E29EFBF1FFFFFFC2246CD1E00000FC0007EBFE9ED0737FEEBFFF600,
2026-07-14T15:36:08.765918+00:00,39.100221,valid,2733,331,2865758539,47403,41,hex,CAM,0202aad0014bb92b005a5811460e29efbf1ffffffc2246cd1e00000fc0007ebfe9ed0737feebfff600,0202AAD0014BB92B005A5811460E29EFBF1FFFFFFC2246CD1E00000FC0007EBFE9ED0737FEEBFFF600,
2026-07-14T15:36:08.867919+00:00,39.202224,valid,2733,332,2865758540,47503,41,hex,CAM,0202aad0014cb98f005a5811460e29efbf1ffffffc2246cd1e00000fc0007ebfe9ed0737feebfff600,0202AAD0014CB98F005A5811460E29EFBF1FFFFFFC2246CD1E00000FC0007EBFE9ED0737FEEBFFF600,
2026-07-14T15:36:08.969939+00:00,39.304247,valid,2733,333,2865758541,47603,41,hex,CAM,0202aad0014db9f3005a5811460e29efbf1ffffffc2246cd1e00000fc0007ebfe9ed0737feebfff600,0202AAD0014DB9F3005A5811460E29EFBF1FFFFFFC2246CD1E00000FC0007EBFE9ED0737FEEBFFF600,
2026-07-14T15:36:09.071979+00:00,39.406285,valid,2733,334,2865758542,47703,41,hex,CAM,0202aad0014eba57005a5811460e29efbf1ffffffc2246cd1e00000fc0007ebfe9ed0737feebfff600,0202AAD0014EBA57005A5811460E29EFBF1FFFFFFC2246CD1E00000FC0007EBFE9ED0737FEEBFFF600,
2026-07-14T15:36:09.163947+00:00,39.498251,valid,2733,335,2865758543,47803,41,hex,CAM,0202aad0014fbabb005a5811460e29efbf1ffffffc2246cd1e00000fc0007ebfe9ed0737feebfff600,0202AAD0014FBABB005A5811460E29EFBF1FFFFFFC2246CD1E00000FC0007EBFE9ED0737FEEBFFF600,
2026-07-14T15:36:09.265967+00:00,39.600271,valid,2733,336,2865758544,47903,41,hex,CAM,0202aad00150bb1f005a5811460e29efbf1ffffffc2246cd1e00000fc0007ebfe9ed0737feebfff600,0202AAD00150BB1F005A5811460E29EFBF1FFFFFFC2246CD1E00000FC0007EBFE9ED0737FEEBFFF600,
2026-07-14T15:36:09.367938+00:00,39.702242,valid,2733,337,2865758545,48003,41,hex,CAM,0202aad00151bb83005a5811460e29efbf1ffffffc2246cd1e00000fc0007ebfe9ed0737feebfff600,0202AAD00151BB83005A5811460E29EFBF1FFFFFFC2246CD1E00000FC0007EBFE9ED0737FEEBFFF600,
2026-07-14T15:36:09.469981+00:00,39.804285,valid,2733,338,2865758546,48103,41,hex,CAM,0202aad00152bbe7005a5811460e29efbf1ffffffc2246cd1e00000fc0007ebfe9ed0737feebfff600,0202AAD00152BBE7005A5811460E29EFBF1FFFFFFC2246CD1E00000FC0007EBFE9ED0737FEEBFFF600,
2026-07-14T15:36:09.572013+00:00,39.906322,valid,2733,339,2865758547,48203,41,hex,CAM,0202aad00153bc4b005a5811460e29efbf1ffffffc2246cd1e00000fc0007ebfe9ed0737feebfff600,0202AAD00153BC4B005A5811460E29EFBF1FFFFFFC2246CD1E00000FC0007EBFE9ED0737FEEBFFF600,
2026-07-14T15:36:09.663912+00:00,39.998216,valid,2733,340,2865758548,48303,41,hex,CAM,0202aad00154bcaf005a5811460e29efbf1ffffffc2246cd1e00000fc0007ebfe9ed0737feebfff600,0202AAD00154BCAF005A5811460E29EFBF1FFFFFFC2246CD1E00000FC0007EBFE9ED0737FEEBFFF600,
2026-07-14T15:36:09.765962+00:00,40.100266,valid,2733,341,2865758549,48403,41,hex,CAM,0202aad00155bd13005a5811460e29efbf1ffffffc2246cd1e00000fc0007ebfe9ed0737feebfff600,0202AAD00155BD13005A5811460E29EFBF1FFFFFFC2246CD1E00000FC0007EBFE9ED0737FEEBFFF600,
2026-07-14T15:36:09.866958+00:00,40.201250,valid,2733,342,2865758550,48503,41,hex,CAM,0202aad00156bd77005a5811460e29efbf1ffffffc2246cd1e00000fc0007ebfe9ed0737feebfff600,0202AAD00156BD77005A5811460E29EFBF1FFFFFFC2246CD1E00000FC0007EBFE9ED0737FEEBFFF600,
2026-07-14T15:36:09.970022+00:00,40.304329,valid,2733,343,2865758551,48603,41,hex,CAM,0202aad00157bddb005a5811460e29efbf1ffffffc2246cd1e00000fc0007ebfe9ed0737feebfff600,0202AAD00157BDDB005A5811460E29EFBF1FFFFFFC2246CD1E00000FC0007EBFE9ED0737FEEBFFF600,
2026-07-14T15:36:10.071967+00:00,40.406275,valid,2733,344,2865758552,48703,41,hex,CAM,0202aad00158be3f005a5811460e29efbf1ffffffc2246cd1e00000fc0007ebfe9ed0737feebfff600,0202AAD00158BE3F005A5811460E29EFBF1FFFFFFC2246CD1E00000FC0007EBFE9ED0737FEEBFFF600,
2026-07-14T15:36:10.163965+00:00,40.498268,valid,2733,345,2865758553,48803,41,hex,CAM,0202aad00159bea3005a5811460e29efbf1ffffffc2246cd1e00000fc0007ebfe9ed0737feebfff600,0202AAD00159BEA3005A5811460E29EFBF1FFFFFFC2246CD1E00000FC0007EBFE9ED0737FEEBFFF600,
2026-07-14T15:36:10.265937+00:00,40.600240,valid,2733,346,2865758554,48903,41,hex,CAM,0202aad0015abf07005a5811460e29efbf1ffffffc2246cd1e00000fc0007ebfe9ed0737feebfff600,0202AAD0015ABF07005A5811460E29EFBF1FFFFFFC2246CD1E00000FC0007EBFE9ED0737FEEBFFF600,
2026-07-14T15:36:10.367939+00:00,40.702242,valid,2733,347,2865758555,49003,41,hex,CAM,0202aad0015bbf6b005a5811460e29efbf1ffffffc2246cd1e00000fc0007ebfe9ed0737feebfff600,0202AAD0015BBF6B005A5811460E29EFBF1FFFFFFC2246CD1E00000FC0007EBFE9ED0737FEEBFFF600,
2026-07-14T15:36:10.469968+00:00,40.804273,valid,2733,348,2865758556,49103,41,hex,CAM,0202aad0015cbfcf005a5811460e29efbf1ffffffc2246cd1e00000fc0007ebfe9ed0737feebfff600,0202AAD0015CBFCF005A5811460E29EFBF1FFFFFFC2246CD1E00000FC0007EBFE9ED0737FEEBFFF600,
2026-07-14T15:36:10.571985+00:00,40.906288,valid,2733,349,2865758557,49203,41,hex,CAM,0202aad0015dc033005a5811460e29efbf1ffffffc2246cd1e00000fc0007ebfe9ed0737feebfff600,0202AAD0015DC033005A5811460E29EFBF1FFFFFFC2246CD1E00000FC0007EBFE9ED0737FEEBFFF600,
2026-07-14T15:36:10.663902+00:00,40.998209,valid,2733,350,2865758558,49303,41,hex,CAM,0202aad0015ec097005a5811460e29efbf1ffffffc2246cd1e00000fc0007ebfe9ed0737feebfff600,0202AAD0015EC097005A5811460E29EFBF1FFFFFFC2246CD1E00000FC0007EBFE9ED0737FEEBFFF600,
2026-07-14T15:36:10.765926+00:00,41.100235,valid,2733,351,2865758559,49403,41,hex,CAM,0202aad0015fc0fb005a5811460e29efbf1ffffffc2246cd1e00000fc0007ebfe9ed0737feebfff600,0202AAD0015FC0FB005A5811460E29EFBF1FFFFFFC2246CD1E00000FC0007EBFE9ED0737FEEBFFF600,
2026-07-14T15:36:10.867949+00:00,41.202256,valid,2733,352,2865758560,49503,41,hex,CAM,0202aad00160c15f005a5811460e29efbf1ffffffc2246cd1e00000fc0007ebfe9ed0737feebfff600,0202AAD00160C15F005A5811460E29EFBF1FFFFFFC2246CD1E00000FC0007EBFE9ED0737FEEBFFF600,
2026-07-14T15:36:10.969912+00:00,41.304217,valid,2733,353,2865758561,49603,41,hex,CAM,0202aad00161c1c3005a5811460e29efbf1ffffffc2246cd1e00000fc0007ebfe9ed0737feebfff600,0202AAD00161C1C3005A5811460E29EFBF1FFFFFFC2246CD1E00000FC0007EBFE9ED0737FEEBFFF600,
2026-07-14T15:36:11.071850+00:00,41.406160,valid,2733,354,2865758562,49703,41,hex,CAM,0202aad00162c227005a5811460e29efbf1ffffffc2246cd1e00000fc0007ebfe9ed0737feebfff600,0202AAD00162C227005A5811460E29EFBF1FFFFFFC2246CD1E00000FC0007EBFE9ED0737FEEBFFF600,
2026-07-14T15:36:11.163985+00:00,41.498290,valid,2733,355,2865758563,49803,41,hex,CAM,0202aad00163c28b005a5811460e29efbf1ffffffc2246cd1e00000fc0007ebfe9ed0737feebfff600,0202AAD00163C28B005A5811460E29EFBF1FFFFFFC2246CD1E00000FC0007EBFE9ED0737FEEBFFF600,
2026-07-14T15:36:11.265999+00:00,41.600302,valid,2733,356,2865758564,49903,41,hex,CAM,0202aad00164c2ef005a5811460e29efbf1ffffffc2246cd1e00000fc0007ebfe9ed0737feebfff600,0202AAD00164C2EF005A5811460E29EFBF1FFFFFFC2246CD1E00000FC0007EBFE9ED0737FEEBFFF600,
2026-07-14T15:36:11.367885+00:00,41.702188,valid,2733,357,2865758565,50003,41,hex,CAM,0202aad00165c353005a5811460e29efbf1ffffffc2246cd1e00000fc0007ebfe9ed0737feebfff600,0202AAD00165C353005A5811460E29EFBF1FFFFFFC2246CD1E00000FC0007EBFE9ED0737FEEBFFF600,
2026-07-14T15:36:11.469958+00:00,41.804262,valid,2733,358,2865758566,50103,41,hex,CAM,0202aad00166c3b7005a5811460e29efbf1ffffffc2246cd1e00000fc0007ebfe9ed0737feebfff600,0202AAD00166C3B7005A5811460E29EFBF1FFFFFFC2246CD1E00000FC0007EBFE9ED0737FEEBFFF600,
2026-07-14T15:36:11.571914+00:00,41.906218,valid,2733,359,2865758567,50203,41,hex,CAM,0202aad00167c41b005a5811460e29efbf1ffffffc2246cd1e00000fc0007ebfe9ed0737feebfff600,0202AAD00167C41B005A5811460E29EFBF1FFFFFFC2246CD1E00000FC0007EBFE9ED0737FEEBFFF600,
2026-07-14T15:36:11.663962+00:00,41.998267,valid,2733,360,2865758568,50303,41,hex,CAM,0202aad00168c47f005a5811460e29efbf1ffffffc2246cd1e00000fc0007ebfe9ed0737feebfff600,0202AAD00168C47F005A5811460E29EFBF1FFFFFFC2246CD1E00000FC0007EBFE9ED0737FEEBFFF600,
2026-07-14T15:36:11.765977+00:00,42.100281,valid,2733,361,2865758569,50403,41,hex,CAM,0202aad00169c4e3005a5811460e29efbf1ffffffc2246cd1e00000fc0007ebfe9ed0737feebfff600,0202AAD00169C4E3005A5811460E29EFBF1FFFFFFC2246CD1E00000FC0007EBFE9ED0737FEEBFFF600,
2026-07-14T15:36:11.867974+00:00,42.202280,valid,2733,362,2865758570,50503,41,hex,CAM,0202aad0016ac547005a5811460e29efbf1ffffffc2246cd1e00000fc0007ebfe9ed0737feebfff600,0202AAD0016AC547005A5811460E29EFBF1FFFFFFC2246CD1E00000FC0007EBFE9ED0737FEEBFFF600,
2026-07-14T15:36:11.969939+00:00,42.304244,valid,2733,363,2865758571,50603,41,hex,CAM,0202aad0016bc5ab005a5811460e29efbf1ffffffc2246cd1e00000fc0007ebfe9ed0737feebfff600,0202AAD0016BC5AB005A5811460E29EFBF1FFFFFFC2246CD1E00000FC0007EBFE9ED0737FEEBFFF600,
2026-07-14T15:36:12.071882+00:00,42.406187,valid,2733,364,2865758572,50703,41,hex,CAM,0202aad0016cc60f005a5811460e29efbf1ffffffc2246cd1e00000fc0007ebfe9ed0737feebfff600,0202AAD0016CC60F005A5811460E29EFBF1FFFFFFC2246CD1E00000FC0007EBFE9ED0737FEEBFFF600,
2026-07-14T15:36:12.163828+00:00,42.498134,valid,2733,365,2865758573,50803,41,hex,CAM,0202aad0016dc673005a5811460e29efbf1ffffffc2246cd1e00000fc0007ebfe9ed0737feebfff600,0202AAD0016DC673005A5811460E29EFBF1FFFFFFC2246CD1E00000FC0007EBFE9ED0737FEEBFFF600,
2026-07-14T15:36:12.265904+00:00,42.600209,valid,2733,366,2865758574,50903,41,hex,CAM,0202aad0016ec6d7005a5811460e29efbf1ffffffc2246cd1e00000fc0007ebfe9ed0737feebfff600,0202AAD0016EC6D7005A5811460E29EFBF1FFFFFFC2246CD1E00000FC0007EBFE9ED0737FEEBFFF600,
2026-07-14T15:36:12.367929+00:00,42.702233,valid,2733,367,2865758575,51003,41,hex,CAM,0202aad0016fc73b005a5811460e29efbf1ffffffc2246cd1e00000fc0007ebfe9ed0737feebfff600,0202AAD0016FC73B005A5811460E29EFBF1FFFFFFC2246CD1E00000FC0007EBFE9ED0737FEEBFFF600,
2026-07-14T15:36:12.469801+00:00,42.804105,valid,2733,368,2865758576,51103,41,hex,CAM,0202aad00170c79f005a5811460e29efbf1ffffffc2246cd1e00000fc0007ebfe9ed0737feebfff600,0202AAD00170C79F005A5811460E29EFBF1FFFFFFC2246CD1E00000FC0007EBFE9ED0737FEEBFFF600,
2026-07-14T15:36:12.571780+00:00,42.906084,valid,2733,369,2865758577,51203,41,hex,CAM,0202aad00171c803005a5811460e29efbf1ffffffc2246cd1e00000fc0007ebfe9ed0737feebfff600,0202AAD00171C803005A5811460E29EFBF1FFFFFFC2246CD1E00000FC0007EBFE9ED0737FEEBFFF600,
2026-07-14T15:36:12.663923+00:00,42.998226,valid,2733,370,2865758578,51303,41,hex,CAM,0202aad00172c867005a5811460e29efbf1ffffffc2246cd1e00000fc0007ebfe9ed0737feebfff600,0202AAD00172C867005A5811460E29EFBF1FFFFFFC2246CD1E00000FC0007EBFE9ED0737FEEBFFF600,
2026-07-14T15:36:12.765939+00:00,43.100245,valid,2733,371,2865758579,51403,41,hex,CAM,0202aad00173c8cb005a5811460e29efbf1ffffffc2246cd1e00000fc0007ebfe9ed0737feebfff600,0202AAD00173C8CB005A5811460E29EFBF1FFFFFFC2246CD1E00000FC0007EBFE9ED0737FEEBFFF600,
2026-07-14T15:36:12.867949+00:00,43.202260,valid,2733,372,2865758580,51503,41,hex,CAM,0202aad00174c92f005a5811460e29efbf1ffffffc2246cd1e00000fc0007ebfe9ed0737feebfff600,0202AAD00174C92F005A5811460E29EFBF1FFFFFFC2246CD1E00000FC0007EBFE9ED0737FEEBFFF600,
2026-07-14T15:36:12.969798+00:00,43.304102,valid,2733,373,2865758581,51603,41,hex,CAM,0202aad00175c993005a5811460e29efbf1ffffffc2246cd1e00000fc0007ebfe9ed0737feebfff600,0202AAD00175C993005A5811460E29EFBF1FFFFFFC2246CD1E00000FC0007EBFE9ED0737FEEBFFF600,
2026-07-14T15:36:13.071903+00:00,43.406208,valid,2733,374,2865758582,51703,41,hex,CAM,0202aad00176c9f7005a5811460e29efbf1ffffffc2246cd1e00000fc0007ebfe9ed0737feebfff600,0202AAD00176C9F7005A5811460E29EFBF1FFFFFFC2246CD1E00000FC0007EBFE9ED0737FEEBFFF600,
2026-07-14T15:36:13.163820+00:00,43.498126,valid,2733,375,2865758583,51803,41,hex,CAM,0202aad00177ca5b005a5811460e29efbf1ffffffc2246cd1e00000fc0007ebfe9ed0737feebfff600,0202AAD00177CA5B005A5811460E29EFBF1FFFFFFC2246CD1E00000FC0007EBFE9ED0737FEEBFFF600,
2026-07-14T15:36:13.265768+00:00,43.600072,valid,2733,376,2865758584,51903,41,hex,CAM,0202aad00178cabf005a5811460e29efbf1ffffffc2246cd1e00000fc0007ebfe9ed0737feebfff600,0202AAD00178CABF005A5811460E29EFBF1FFFFFFC2246CD1E00000FC0007EBFE9ED0737FEEBFFF600,
2026-07-14T15:36:13.367846+00:00,43.702153,valid,2733,377,2865758585,52003,41,hex,CAM,0202aad00179cb23005a5811460e29efbf1ffffffc2246cd1e00000fc0007ebfe9ed0737feebfff600,0202AAD00179CB23005A5811460E29EFBF1FFFFFFC2246CD1E00000FC0007EBFE9ED0737FEEBFFF600,
2026-07-14T15:36:13.469876+00:00,43.804180,valid,2733,378,2865758586,52103,41,hex,CAM,0202aad0017acb87005a5811460e29efbf1ffffffc2246cd1e00000fc0007ebfe9ed0737feebfff600,0202AAD0017ACB87005A5811460E29EFBF1FFFFFFC2246CD1E00000FC0007EBFE9ED0737FEEBFFF600,
2026-07-14T15:36:13.571907+00:00,43.906210,valid,2733,379,2865758587,52203,41,hex,CAM,0202aad0017bcbeb005a5811460e29efbf1ffffffc2246cd1e00000fc0007ebfe9ed0737feebfff600,0202AAD0017BCBEB005A5811460E29EFBF1FFFFFFC2246CD1E00000FC0007EBFE9ED0737FEEBFFF600,
2026-07-14T15:36:13.663875+00:00,43.998179,valid,2733,380,2865758588,52303,41,hex,CAM,0202aad0017ccc4f005a5811460e29efbf1ffffffc2246cd1e00000fc0007ebfe9ed0737feebfff600,0202AAD0017CCC4F005A5811460E29EFBF1FFFFFFC2246CD1E00000FC0007EBFE9ED0737FEEBFFF600,
2026-07-14T15:36:13.766035+00:00,44.100343,valid,2733,381,2865758589,52403,41,hex,CAM,0202aad0017dccb3005a5811460e29efbf1ffffffc2246cd1e00000fc0007ebfe9ed0737feebfff600,0202AAD0017DCCB3005A5811460E29EFBF1FFFFFFC2246CD1E00000FC0007EBFE9ED0737FEEBFFF600,
2026-07-14T15:36:13.867900+00:00,44.202205,valid,2733,382,2865758590,52503,41,hex,CAM,0202aad0017ecd17005a5811460e29efbf1ffffffc2246cd1e00000fc0007ebfe9ed0737feebfff600,0202AAD0017ECD17005A5811460E29EFBF1FFFFFFC2246CD1E00000FC0007EBFE9ED0737FEEBFFF600,
2026-07-14T15:36:13.969979+00:00,44.304285,valid,2733,383,2865758591,52603,41,hex,CAM,0202aad0017fcd7b005a5811460e29efbf1ffffffc2246cd1e00000fc0007ebfe9ed0737feebfff600,0202AAD0017FCD7B005A5811460E29EFBF1FFFFFFC2246CD1E00000FC0007EBFE9ED0737FEEBFFF600,
2026-07-14T15:36:14.071916+00:00,44.406220,valid,2733,384,2865758592,52703,41,hex,CAM,0202aad00180cddf005a5811460e29efbf1ffffffc2246cd1e00000fc0007ebfe9ed0737feebfff600,0202AAD00180CDDF005A5811460E29EFBF1FFFFFFC2246CD1E00000FC0007EBFE9ED0737FEEBFFF600,
2026-07-14T15:36:14.163893+00:00,44.498196,valid,2733,385,2865758593,52803,41,hex,CAM,0202aad00181ce43005a5811460e29efbf1ffffffc2246cd1e00000fc0007ebfe9ed0737feebfff600,0202AAD00181CE43005A5811460E29EFBF1FFFFFFC2246CD1E00000FC0007EBFE9ED0737FEEBFFF600,
2026-07-14T15:36:14.265851+00:00,44.600157,valid,2733,386,2865758594,52903,41,hex,CAM,0202aad00182cea7005a5811460e29efbf1ffffffc2246cd1e00000fc0007ebfe9ed0737feebfff600,0202AAD00182CEA7005A5811460E29EFBF1FFFFFFC2246CD1E00000FC0007EBFE9ED0737FEEBFFF600,
2026-07-14T15:36:14.367942+00:00,44.702247,valid,2733,387,2865758595,53003,41,hex,CAM,0202aad00183cf0b005a5811460e29efbf1ffffffc2246cd1e00000fc0007ebfe9ed0737feebfff600,0202AAD00183CF0B005A5811460E29EFBF1FFFFFFC2246CD1E00000FC0007EBFE9ED0737FEEBFFF600,
2026-07-14T15:36:14.469934+00:00,44.804239,valid,2733,388,2865758596,53103,41,hex,CAM,0202aad00184cf6f005a5811460e29efbf1ffffffc2246cd1e00000fc0007ebfe9ed0737feebfff600,0202AAD00184CF6F005A5811460E29EFBF1FFFFFFC2246CD1E00000FC0007EBFE9ED0737FEEBFFF600,
2026-07-14T15:36:14.571974+00:00,44.906278,valid,2733,389,2865758597,53203,41,hex,CAM,0202aad00185cfd3005a5811460e29efbf1ffffffc2246cd1e00000fc0007ebfe9ed0737feebfff600,0202AAD00185CFD3005A5811460E29EFBF1FFFFFFC2246CD1E00000FC0007EBFE9ED0737FEEBFFF600,
2026-07-14T15:36:14.663880+00:00,44.998184,valid,2733,390,2865758598,53303,41,hex,CAM,0202aad00186d037005a5811460e29efbf1ffffffc2246cd1e00000fc0007ebfe9ed0737feebfff600,0202AAD00186D037005A5811460E29EFBF1FFFFFFC2246CD1E00000FC0007EBFE9ED0737FEEBFFF600,
2026-07-14T15:36:14.765953+00:00,45.100261,valid,2733,391,2865758599,53403,41,hex,CAM,0202aad00187d09b005a5811460e29efbf1ffffffc2246cd1e00000fc0007ebfe9ed0737feebfff600,0202AAD00187D09B005A5811460E29EFBF1FFFFFFC2246CD1E00000FC0007EBFE9ED0737FEEBFFF600,
2026-07-14T15:36:14.867951+00:00,45.202256,valid,2733,392,2865758600,53503,41,hex,CAM,0202aad00188d0ff005a5811460e29efbf1ffffffc2246cd1e00000fc0007ebfe9ed0737feebfff600,0202AAD00188D0FF005A5811460E29EFBF1FFFFFFC2246CD1E00000FC0007EBFE9ED0737FEEBFFF600,
2026-07-14T15:36:14.969879+00:00,45.304184,valid,2733,393,2865758601,53603,41,hex,CAM,0202aad00189d163005a5811460e29efbf1ffffffc2246cd1e00000fc0007ebfe9ed0737feebfff600,0202AAD00189D163005A5811460E29EFBF1FFFFFFC2246CD1E00000FC0007EBFE9ED0737FEEBFFF600,
2026-07-14T15:36:15.071917+00:00,45.406223,valid,2733,394,2865758602,53703,41,hex,CAM,0202aad0018ad1c7005a5811460e29efbf1ffffffc2246cd1e00000fc0007ebfe9ed0737feebfff600,0202AAD0018AD1C7005A5811460E29EFBF1FFFFFFC2246CD1E00000FC0007EBFE9ED0737FEEBFFF600,
2026-07-14T15:36:15.163896+00:00,45.498199,valid,2733,395,2865758603,53803,41,hex,CAM,0202aad0018bd22b005a5811460e29efbf1ffffffc2246cd1e00000fc0007ebfe9ed0737feebfff600,0202AAD0018BD22B005A5811460E29EFBF1FFFFFFC2246CD1E00000FC0007EBFE9ED0737FEEBFFF600,
2026-07-14T15:36:15.265855+00:00,45.600160,valid,2733,396,2865758604,53903,41,hex,CAM,0202aad0018cd28f005a5811460e29efbf1ffffffc2246cd1e00000fc0007ebfe9ed0737feebfff600,0202AAD0018CD28F005A5811460E29EFBF1FFFFFFC2246CD1E00000FC0007EBFE9ED0737FEEBFFF600,
2026-07-14T15:36:15.367890+00:00,45.702195,valid,2733,397,2865758605,54003,41,hex,CAM,0202aad0018dd2f3005a5811460e29efbf1ffffffc2246cd1e00000fc0007ebfe9ed0737feebfff600,0202AAD0018DD2F3005A5811460E29EFBF1FFFFFFC2246CD1E00000FC0007EBFE9ED0737FEEBFFF600,
2026-07-14T15:36:15.469962+00:00,45.804266,valid,2733,398,2865758606,54103,41,hex,CAM,0202aad0018ed357005a5811460e29efbf1ffffffc2246cd1e00000fc0007ebfe9ed0737feebfff600,0202AAD0018ED357005A5811460E29EFBF1FFFFFFC2246CD1E00000FC0007EBFE9ED0737FEEBFFF600,
2026-07-14T15:36:15.571791+00:00,45.906094,valid,2733,399,2865758607,54203,41,hex,CAM,0202aad0018fd3bb005a5811460e29efbf1ffffffc2246cd1e00000fc0007ebfe9ed0737feebfff600,0202AAD0018FD3BB005A5811460E29EFBF1FFFFFFC2246CD1E00000FC0007EBFE9ED0737FEEBFFF600,
2026-07-14T15:36:15.663834+00:00,45.998138,valid,2733,400,2865758608,54303,41,hex,CAM,0202aad00190d41f005a5811460e29efbf1ffffffc2246cd1e00000fc0007ebfe9ed0737feebfff600,0202AAD00190D41F005A5811460E29EFBF1FFFFFFC2246CD1E00000FC0007EBFE9ED0737FEEBFFF600,
2026-07-14T15:36:15.765072+00:00,46.099362,valid,2733,401,2865758609,54403,41,hex,CAM,0202aad00191d483005a5811460e29efbf1ffffffc2246cd1e00000fc0007ebfe9ed0737feebfff600,0202AAD00191D483005A5811460E29EFBF1FFFFFFC2246CD1E00000FC0007EBFE9ED0737FEEBFFF600,
2026-07-14T15:36:15.868820+00:00,46.203126,valid,2733,402,2865758610,54503,41,hex,CAM,0202aad00192d4e7005a5811460e29efbf1ffffffc2246cd1e00000fc0007ebfe9ed0737feebfff600,0202AAD00192D4E7005A5811460E29EFBF1FFFFFFC2246CD1E00000FC0007EBFE9ED0737FEEBFFF600,
2026-07-14T15:36:15.969961+00:00,46.304267,valid,2733,403,2865758611,54603,41,hex,CAM,0202aad00193d54b005a5811460e29efbf1ffffffc2246cd1e00000fc0007ebfe9ed0737feebfff600,0202AAD00193D54B005A5811460E29EFBF1FFFFFFC2246CD1E00000FC0007EBFE9ED0737FEEBFFF600,
2026-07-14T15:36:16.071883+00:00,46.406189,valid,2733,404,2865758612,54703,41,hex,CAM,0202aad00194d5af005a5811460e29efbf1ffffffc2246cd1e00000fc0007ebfe9ed0737feebfff600,0202AAD00194D5AF005A5811460E29EFBF1FFFFFFC2246CD1E00000FC0007EBFE9ED0737FEEBFFF600,
2026-07-14T15:36:16.163928+00:00,46.498231,valid,2733,405,2865758613,54803,41,hex,CAM,0202aad00195d613005a5811460e29efbf1ffffffc2246cd1e00000fc0007ebfe9ed0737feebfff600,0202AAD00195D613005A5811460E29EFBF1FFFFFFC2246CD1E00000FC0007EBFE9ED0737FEEBFFF600,
2026-07-14T15:36:16.265813+00:00,46.600108,valid,2733,406,2865758614,54903,41,hex,CAM,0202aad00196d677005a5811460e29efbf1ffffffc2246cd1e00000fc0007ebfe9ed0737feebfff600,0202AAD00196D677005A5811460E29EFBF1FFFFFFC2246CD1E00000FC0007EBFE9ED0737FEEBFFF600,
2026-07-14T15:36:16.367845+00:00,46.702151,valid,2733,407,2865758615,55003,41,hex,CAM,0202aad00197d6db005a5811460e29efbf1ffffffc2246cd1e00000fc0007ebfe9ed0737feebfff600,0202AAD00197D6DB005A5811460E29EFBF1FFFFFFC2246CD1E00000FC0007EBFE9ED0737FEEBFFF600,
2026-07-14T15:36:16.470161+00:00,46.804469,valid,2733,408,2865758616,55103,41,hex,CAM,0202aad00198d73f005a5811460e29efbf1ffffffc2246cd1e00000fc0007ebfe9ed0737feebfff600,0202AAD00198D73F005A5811460E29EFBF1FFFFFFC2246CD1E00000FC0007EBFE9ED0737FEEBFFF600,
2026-07-14T15:36:16.572053+00:00,46.906360,valid,2733,409,2865758617,55203,41,hex,CAM,0202aad00199d7a3005a5811460e29efbf1ffffffc2246cd1e00000fc0007ebfe9ed0737feebfff600,0202AAD00199D7A3005A5811460E29EFBF1FFFFFFC2246CD1E00000FC0007EBFE9ED0737FEEBFFF600,
2026-07-14T15:36:16.664108+00:00,46.998412,valid,2733,410,2865758618,55303,41,hex,CAM,0202aad0019ad807005a5811460e29efbf1ffffffc2246cd1e00000fc0007ebfe9ed0737feebfff600,0202AAD0019AD807005A5811460E29EFBF1FFFFFFC2246CD1E00000FC0007EBFE9ED0737FEEBFFF600,
2026-07-14T15:36:16.766050+00:00,47.100356,valid,2733,411,2865758619,55403,41,hex,CAM,0202aad0019bd86b005a5811460e29efbf1ffffffc2246cd1e00000fc0007ebfe9ed0737feebfff600,0202AAD0019BD86B005A5811460E29EFBF1FFFFFFC2246CD1E00000FC0007EBFE9ED0737FEEBFFF600,
2026-07-14T15:36:16.868096+00:00,47.202404,valid,2733,412,2865758620,55503,41,hex,CAM,0202aad0019cd8cf005a5811460e29efbf1ffffffc2246cd1e00000fc0007ebfe9ed0737feebfff600,0202AAD0019CD8CF005A5811460E29EFBF1FFFFFFC2246CD1E00000FC0007EBFE9ED0737FEEBFFF600,
2026-07-14T15:36:16.969944+00:00,47.304251,valid,2733,413,2865758621,55603,41,hex,CAM,0202aad0019dd933005a5811460e29efbf1ffffffc2246cd1e00000fc0007ebfe9ed0737feebfff600,0202AAD0019DD933005A5811460E29EFBF1FFFFFFC2246CD1E00000FC0007EBFE9ED0737FEEBFFF600,
2026-07-14T15:36:17.071976+00:00,47.406283,valid,2733,414,2865758622,55703,41,hex,CAM,0202aad0019ed997005a5811460e29efbf1ffffffc2246cd1e00000fc0007ebfe9ed0737feebfff600,0202AAD0019ED997005A5811460E29EFBF1FFFFFFC2246CD1E00000FC0007EBFE9ED0737FEEBFFF600,
2026-07-14T15:36:17.163978+00:00,47.498282,valid,2733,415,2865758623,55803,41,hex,CAM,0202aad0019fd9fb005a5811460e29efbf1ffffffc2246cd1e00000fc0007ebfe9ed0737feebfff600,0202AAD0019FD9FB005A5811460E29EFBF1FFFFFFC2246CD1E00000FC0007EBFE9ED0737FEEBFFF600,
2026-07-14T15:36:17.265959+00:00,47.600263,valid,2733,416,2865758624,55903,41,hex,CAM,0202aad001a0da5f005a5811460e29efbf1ffffffc2246cd1e00000fc0007ebfe9ed0737feebfff600,0202AAD001A0DA5F005A5811460E29EFBF1FFFFFFC2246CD1E00000FC0007EBFE9ED0737FEEBFFF600,
2026-07-14T15:36:17.367951+00:00,47.702259,valid,2733,417,2865758625,56003,41,hex,CAM,0202aad001a1dac3005a5811460e29efbf1ffffffc2246cd1e00000fc0007ebfe9ed0737feebfff600,0202AAD001A1DAC3005A5811460E29EFBF1FFFFFFC2246CD1E00000FC0007EBFE9ED0737FEEBFFF600,
2026-07-14T15:36:17.469964+00:00,47.804270,valid,2733,418,2865758626,56103,41,hex,CAM,0202aad001a2db27005a5811460e29efbf1ffffffc2246cd1e00000fc0007ebfe9ed0737feebfff600,0202AAD001A2DB27005A5811460E29EFBF1FFFFFFC2246CD1E00000FC0007EBFE9ED0737FEEBFFF600,
2026-07-14T15:36:17.571947+00:00,47.906253,valid,2733,419,2865758627,56203,41,hex,CAM,0202aad001a3db8b005a5811460e29efbf1ffffffc2246cd1e00000fc0007ebfe9ed0737feebfff600,0202AAD001A3DB8B005A5811460E29EFBF1FFFFFFC2246CD1E00000FC0007EBFE9ED0737FEEBFFF600,
2026-07-14T15:36:17.663957+00:00,47.998262,valid,2733,420,2865758628,56303,41,hex,CAM,0202aad001a4dbef005a5811460e29efbf1ffffffc2246cd1e00000fc0007ebfe9ed0737feebfff600,0202AAD001A4DBEF005A5811460E29EFBF1FFFFFFC2246CD1E00000FC0007EBFE9ED0737FEEBFFF600,
2026-07-14T15:36:17.766011+00:00,48.100316,valid,2733,421,2865758629,56403,41,hex,CAM,0202aad001a5dc53005a5811460e29efbf1ffffffc2246cd1e00000fc0007ebfe9ed0737feebfff600,0202AAD001A5DC53005A5811460E29EFBF1FFFFFFC2246CD1E00000FC0007EBFE9ED0737FEEBFFF600,
2026-07-14T15:36:17.868056+00:00,48.202362,valid,2733,422,2865758630,56503,41,hex,CAM,0202aad001a6dcb7005a5811460e29efbf1ffffffc2246cd1e00000fc0007ebfe9ed0737feebfff600,0202AAD001A6DCB7005A5811460E29EFBF1FFFFFFC2246CD1E00000FC0007EBFE9ED0737FEEBFFF600,
2026-07-14T15:36:17.969925+00:00,48.304231,valid,2733,423,2865758631,56603,41,hex,CAM,0202aad001a7dd1b005a5811460e29efbf1ffffffc2246cd1e00000fc0007ebfe9ed0737feebfff600,0202AAD001A7DD1B005A5811460E29EFBF1FFFFFFC2246CD1E00000FC0007EBFE9ED0737FEEBFFF600,
2026-07-14T15:36:18.071961+00:00,48.406268,valid,2733,424,2865758632,56703,41,hex,CAM,0202aad001a8dd7f005a5811460e29efbf1ffffffc2246cd1e00000fc0007ebfe9ed0737feebfff600,0202AAD001A8DD7F005A5811460E29EFBF1FFFFFFC2246CD1E00000FC0007EBFE9ED0737FEEBFFF600,
2026-07-14T15:36:18.163907+00:00,48.498212,valid,2733,425,2865758633,56803,41,hex,CAM,0202aad001a9dde3005a5811460e29efbf1ffffffc2246cd1e00000fc0007ebfe9ed0737feebfff600,0202AAD001A9DDE3005A5811460E29EFBF1FFFFFFC2246CD1E00000FC0007EBFE9ED0737FEEBFFF600,
2026-07-14T15:36:18.265903+00:00,48.600208,valid,2733,426,2865758634,56903,41,hex,CAM,0202aad001aade47005a5811460e29efbf1ffffffc2246cd1e00000fc0007ebfe9ed0737feebfff600,0202AAD001AADE47005A5811460E29EFBF1FFFFFFC2246CD1E00000FC0007EBFE9ED0737FEEBFFF600,
2026-07-14T15:36:18.367666+00:00,48.701972,valid,2733,427,2865758635,57003,41,hex,CAM,0202aad001abdeab005a5811460e29efbf1ffffffc2246cd1e00000fc0007ebfe9ed0737feebfff600,0202AAD001ABDEAB005A5811460E29EFBF1FFFFFFC2246CD1E00000FC0007EBFE9ED0737FEEBFFF600,
2026-07-14T15:36:18.469926+00:00,48.804232,valid,2733,428,2865758636,57103,41,hex,CAM,0202aad001acdf0f005a5811460e29efbf1ffffffc2246cd1e00000fc0007ebfe9ed0737feebfff600,0202AAD001ACDF0F005A5811460E29EFBF1FFFFFFC2246CD1E00000FC0007EBFE9ED0737FEEBFFF600,
2026-07-14T15:36:18.572027+00:00,48.906332,valid,2733,429,2865758637,57203,41,hex,CAM,0202aad001addf73005a5811460e29efbf1ffffffc2246cd1e00000fc0007ebfe9ed0737feebfff600,0202AAD001ADDF73005A5811460E29EFBF1FFFFFFC2246CD1E00000FC0007EBFE9ED0737FEEBFFF600,
2026-07-14T15:36:18.663899+00:00,48.998205,valid,2733,430,2865758638,57303,41,hex,CAM,0202aad001aedfd7005a5811460e29efbf1ffffffc2246cd1e00000fc0007ebfe9ed0737feebfff600,0202AAD001AEDFD7005A5811460E29EFBF1FFFFFFC2246CD1E00000FC0007EBFE9ED0737FEEBFFF600,
2026-07-14T15:36:18.765952+00:00,49.100257,valid,2733,431,2865758639,57403,41,hex,CAM,0202aad001afe03b005a5811460e29efbf1ffffffc2246cd1e00000fc0007ebfe9ed0737feebfff600,0202AAD001AFE03B005A5811460E29EFBF1FFFFFFC2246CD1E00000FC0007EBFE9ED0737FEEBFFF600,
2026-07-14T15:36:18.867969+00:00,49.202275,valid,2733,432,2865758640,57503,41,hex,CAM,0202aad001b0e09f005a5811460e29efbf1ffffffc2246cd1e00000fc0007ebfe9ed0737feebfff600,0202AAD001B0E09F005A5811460E29EFBF1FFFFFFC2246CD1E00000FC0007EBFE9ED0737FEEBFFF600,
2026-07-14T15:36:18.969976+00:00,49.304281,valid,2733,433,2865758641,57603,41,hex,CAM,0202aad001b1e103005a5811460e29efbf1ffffffc2246cd1e00000fc0007ebfe9ed0737feebfff600,0202AAD001B1E103005A5811460E29EFBF1FFFFFFC2246CD1E00000FC0007EBFE9ED0737FEEBFFF600,
2026-07-14T15:36:19.071801+00:00,49.406106,valid,2733,434,2865758642,57703,41,hex,CAM,0202aad001b2e167005a5811460e29efbf1ffffffc2246cd1e00000fc0007ebfe9ed0737feebfff600,0202AAD001B2E167005A5811460E29EFBF1FFFFFFC2246CD1E00000FC0007EBFE9ED0737FEEBFFF600,
2026-07-14T15:36:19.163734+00:00,49.498032,valid,2733,435,2865758643,57803,41,hex,CAM,0202aad001b3e1cb005a5811460e29efbf1ffffffc2246cd1e00000fc0007ebfe9ed0737feebfff600,0202AAD001B3E1CB005A5811460E29EFBF1FFFFFFC2246CD1E00000FC0007EBFE9ED0737FEEBFFF600,
2026-07-14T15:36:19.265793+00:00,49.600093,valid,2733,436,2865758644,57903,41,hex,CAM,0202aad001b4e22f005a5811460e29efbf1ffffffc2246cd1e00000fc0007ebfe9ed0737feebfff600,0202AAD001B4E22F005A5811460E29EFBF1FFFFFFC2246CD1E00000FC0007EBFE9ED0737FEEBFFF600,
2026-07-14T15:36:19.367813+00:00,49.702109,valid,2733,437,2865758645,58003,41,hex,CAM,0202aad001b5e293005a5811460e29efbf1ffffffc2246cd1e00000fc0007ebfe9ed0737feebfff600,0202AAD001B5E293005A5811460E29EFBF1FFFFFFC2246CD1E00000FC0007EBFE9ED0737FEEBFFF600,
2026-07-14T15:36:19.469841+00:00,49.804147,valid,2733,438,2865758646,58103,41,hex,CAM,0202aad001b6e2f7005a5811460e29efbf1ffffffc2246cd1e00000fc0007ebfe9ed0737feebfff600,0202AAD001B6E2F7005A5811460E29EFBF1FFFFFFC2246CD1E00000FC0007EBFE9ED0737FEEBFFF600,
2026-07-14T15:36:19.571862+00:00,49.906166,valid,2733,439,2865758647,58203,41,hex,CAM,0202aad001b7e35b005a5811460e29efbf1ffffffc2246cd1e00000fc0007ebfe9ed0737feebfff600,0202AAD001B7E35B005A5811460E29EFBF1FFFFFFC2246CD1E00000FC0007EBFE9ED0737FEEBFFF600,
2026-07-14T15:36:19.664008+00:00,49.998314,valid,2733,440,2865758648,58303,41,hex,CAM,0202aad001b8e3bf005a5811460e29efbf1ffffffc2246cd1e00000fc0007ebfe9ed0737feebfff600,0202AAD001B8E3BF005A5811460E29EFBF1FFFFFFC2246CD1E00000FC0007EBFE9ED0737FEEBFFF600,
2026-07-14T15:36:19.766013+00:00,50.100317,valid,2733,441,2865758649,58403,41,hex,CAM,0202aad001b9e423005a5811460e29efbf1ffffffc2246cd1e00000fc0007ebfe9ed0737feebfff600,0202AAD001B9E423005A5811460E29EFBF1FFFFFFC2246CD1E00000FC0007EBFE9ED0737FEEBFFF600,
2026-07-14T15:36:19.867974+00:00,50.202283,valid,2733,442,2865758650,58503,41,hex,CAM,0202aad001bae487005a5811460e29efbf1ffffffc2246cd1e00000fc0007ebfe9ed0737feebfff600,0202AAD001BAE487005A5811460E29EFBF1FFFFFFC2246CD1E00000FC0007EBFE9ED0737FEEBFFF600,
2026-07-14T15:36:19.969954+00:00,50.304262,valid,2733,443,2865758651,58603,41,hex,CAM,0202aad001bbe4eb005a5811460e29efbf1ffffffc2246cd1e00000fc0007ebfe9ed0737feebfff600,0202AAD001BBE4EB005A5811460E29EFBF1FFFFFFC2246CD1E00000FC0007EBFE9ED0737FEEBFFF600,
2026-07-14T15:36:20.071937+00:00,50.406244,valid,2733,444,2865758652,58703,41,hex,CAM,0202aad001bce54f005a5811460e29efbf1ffffffc2246cd1e00000fc0007ebfe9ed0737feebfff600,0202AAD001BCE54F005A5811460E29EFBF1FFFFFFC2246CD1E00000FC0007EBFE9ED0737FEEBFFF600,
2026-07-14T15:36:20.163758+00:00,50.498061,valid,2733,445,2865758653,58803,41,hex,CAM,0202aad001bde5b3005a5811460e29efbf1ffffffc2246cd1e00000fc0007ebfe9ed0737feebfff600,0202AAD001BDE5B3005A5811460E29EFBF1FFFFFFC2246CD1E00000FC0007EBFE9ED0737FEEBFFF600,
2026-07-14T15:36:20.265945+00:00,50.600249,valid,2733,446,2865758654,58903,41,hex,CAM,0202aad001bee617005a5811460e29efbf1ffffffc2246cd1e00000fc0007ebfe9ed0737feebfff600,0202AAD001BEE617005A5811460E29EFBF1FFFFFFC2246CD1E00000FC0007EBFE9ED0737FEEBFFF600,
2026-07-14T15:36:20.367882+00:00,50.702186,valid,2733,447,2865758655,59003,41,hex,CAM,0202aad001bfe67b005a5811460e29efbf1ffffffc2246cd1e00000fc0007ebfe9ed0737feebfff600,0202AAD001BFE67B005A5811460E29EFBF1FFFFFFC2246CD1E00000FC0007EBFE9ED0737FEEBFFF600,
2026-07-14T15:36:20.469901+00:00,50.804209,valid,2733,448,2865758656,59103,41,hex,CAM,0202aad001c0e6df005a5811460e29efbf1ffffffc2246cd1e00000fc0007ebfe9ed0737feebfff600,0202AAD001C0E6DF005A5811460E29EFBF1FFFFFFC2246CD1E00000FC0007EBFE9ED0737FEEBFFF600,
2026-07-14T15:36:20.573464+00:00,50.907781,valid,2733,449,2865758657,59203,41,hex,CAM,0202aad001c1e743005a5811460e29efbf1ffffffc2246cd1e00000fc0007ebfe9ed0737feebfff600,0202AAD001C1E743005A5811460E29EFBF1FFFFFFC2246CD1E00000FC0007EBFE9ED0737FEEBFFF600,
2026-07-14T15:36:20.665429+00:00,50.999747,valid,2733,450,2865758658,59303,41,hex,CAM,0202aad001c2e7a7005a5811460e29efbf1ffffffc2246cd1e00000fc0007ebfe9ed0737feebfff600,0202AAD001C2E7A7005A5811460E29EFBF1FFFFFFC2246CD1E00000FC0007EBFE9ED0737FEEBFFF600,
2026-07-14T15:36:20.767543+00:00,51.101861,valid,2733,451,2865758659,59403,41,hex,CAM,0202aad001c3e80b005a5811460e29efbf1ffffffc2246cd1e00000fc0007ebfe9ed0737feebfff600,0202AAD001C3E80B005A5811460E29EFBF1FFFFFFC2246CD1E00000FC0007EBFE9ED0737FEEBFFF600,
2026-07-14T15:36:20.869335+00:00,51.203644,valid,2733,452,2865758660,59503,41,hex,CAM,0202aad001c4e86f005a5811460e29efbf1ffffffc2246cd1e00000fc0007ebfe9ed0737feebfff600,0202AAD001C4E86F005A5811460E29EFBF1FFFFFFC2246CD1E00000FC0007EBFE9ED0737FEEBFFF600,
2026-07-14T15:36:20.969828+00:00,51.304128,valid,2733,453,2865758661,59603,41,hex,CAM,0202aad001c5e8d3005a5811460e29efbf1ffffffc2246cd1e00000fc0007ebfe9ed0737feebfff600,0202AAD001C5E8D3005A5811460E29EFBF1FFFFFFC2246CD1E00000FC0007EBFE9ED0737FEEBFFF600,
2026-07-14T15:36:21.071766+00:00,51.406064,valid,2733,454,2865758662,59703,41,hex,CAM,0202aad001c6e937005a5811460e29efbf1ffffffc2246cd1e00000fc0007ebfe9ed0737feebfff600,0202AAD001C6E937005A5811460E29EFBF1FFFFFFC2246CD1E00000FC0007EBFE9ED0737FEEBFFF600,
2026-07-14T15:36:21.163706+00:00,51.498003,valid,2733,455,2865758663,59803,41,hex,CAM,0202aad001c7e99b005a5811460e29efbf1ffffffc2246cd1e00000fc0007ebfe9ed0737feebfff600,0202AAD001C7E99B005A5811460E29EFBF1FFFFFFC2246CD1E00000FC0007EBFE9ED0737FEEBFFF600,
2026-07-14T15:36:21.265726+00:00,51.600020,valid,2733,456,2865758664,59903,41,hex,CAM,0202aad001c8e9ff005a5811460e29efbf1ffffffc2246cd1e00000fc0007ebfe9ed0737feebfff600,0202AAD001C8E9FF005A5811460E29EFBF1FFFFFFC2246CD1E00000FC0007EBFE9ED0737FEEBFFF600,
2026-07-14T15:36:21.367828+00:00,51.702123,valid,2733,457,2865758665,60003,41,hex,CAM,0202aad001c9ea63005a5811460e29efbf1ffffffc2246cd1e00000fc0007ebfe9ed0737feebfff600,0202AAD001C9EA63005A5811460E29EFBF1FFFFFFC2246CD1E00000FC0007EBFE9ED0737FEEBFFF600,
2026-07-14T15:36:21.468954+00:00,51.803241,valid,2733,458,2865758666,60103,41,hex,CAM,0202aad001caeac7005a5811460e29efbf1ffffffc2246cd1e00000fc0007ebfe9ed0737feebfff600,0202AAD001CAEAC7005A5811460E29EFBF1FFFFFFC2246CD1E00000FC0007EBFE9ED0737FEEBFFF600,
2026-07-14T15:36:21.571941+00:00,51.906249,valid,2733,459,2865758667,60203,41,hex,CAM,0202aad001cbeb2b005a5811460e29efbf1ffffffc2246cd1e00000fc0007ebfe9ed0737feebfff600,0202AAD001CBEB2B005A5811460E29EFBF1FFFFFFC2246CD1E00000FC0007EBFE9ED0737FEEBFFF600,
2026-07-14T15:36:21.664031+00:00,51.998336,valid,2733,460,2865758668,60303,41,hex,CAM,0202aad001cceb8f005a5811460e29efbf1ffffffc2246cd1e00000fc0007ebfe9ed0737feebfff600,0202AAD001CCEB8F005A5811460E29EFBF1FFFFFFC2246CD1E00000FC0007EBFE9ED0737FEEBFFF600,
2026-07-14T15:36:21.765974+00:00,52.100279,valid,2733,461,2865758669,60403,41,hex,CAM,0202aad001cdebf3005a5811460e29efbf1ffffffc2246cd1e00000fc0007ebfe9ed0737feebfff600,0202AAD001CDEBF3005A5811460E29EFBF1FFFFFFC2246CD1E00000FC0007EBFE9ED0737FEEBFFF600,
2026-07-14T15:36:21.868153+00:00,52.202460,valid,2733,462,2865758670,60503,41,hex,CAM,0202aad001ceec57005a5811460e29efbf1ffffffc2246cd1e00000fc0007ebfe9ed0737feebfff600,0202AAD001CEEC57005A5811460E29EFBF1FFFFFFC2246CD1E00000FC0007EBFE9ED0737FEEBFFF600,
2026-07-14T15:36:21.969922+00:00,52.304227,valid,2733,463,2865758671,60603,41,hex,CAM,0202aad001cfecbb005a5811460e29efbf1ffffffc2246cd1e00000fc0007ebfe9ed0737feebfff600,0202AAD001CFECBB005A5811460E29EFBF1FFFFFFC2246CD1E00000FC0007EBFE9ED0737FEEBFFF600,
2026-07-14T15:36:22.071878+00:00,52.406182,valid,2733,464,2865758672,60703,41,hex,CAM,0202aad001d0ed1f005a5811460e29efbf1ffffffc2246cd1e00000fc0007ebfe9ed0737feebfff600,0202AAD001D0ED1F005A5811460E29EFBF1FFFFFFC2246CD1E00000FC0007EBFE9ED0737FEEBFFF600,
2026-07-14T15:36:22.163880+00:00,52.498183,valid,2733,465,2865758673,60803,41,hex,CAM,0202aad001d1ed83005a5811460e29efbf1ffffffc2246cd1e00000fc0007ebfe9ed0737feebfff600,0202AAD001D1ED83005A5811460E29EFBF1FFFFFFC2246CD1E00000FC0007EBFE9ED0737FEEBFFF600,
2026-07-14T15:36:22.265953+00:00,52.600259,valid,2733,466,2865758674,60903,41,hex,CAM,0202aad001d2ede7005a5811460e29efbf1ffffffc2246cd1e00000fc0007ebfe9ed0737feebfff600,0202AAD001D2EDE7005A5811460E29EFBF1FFFFFFC2246CD1E00000FC0007EBFE9ED0737FEEBFFF600,
2026-07-14T15:36:22.367882+00:00,52.702186,valid,2733,467,2865758675,61003,41,hex,CAM,0202aad001d3ee4b005a5811460e29efbf1ffffffc2246cd1e00000fc0007ebfe9ed0737feebfff600,0202AAD001D3EE4B005A5811460E29EFBF1FFFFFFC2246CD1E00000FC0007EBFE9ED0737FEEBFFF600,
2026-07-14T15:36:22.470005+00:00,52.804308,valid,2733,468,2865758676,61103,41,hex,CAM,0202aad001d4eeaf005a5811460e29efbf1ffffffc2246cd1e00000fc0007ebfe9ed0737feebfff600,0202AAD001D4EEAF005A5811460E29EFBF1FFFFFFC2246CD1E00000FC0007EBFE9ED0737FEEBFFF600,
2026-07-14T15:36:22.571849+00:00,52.906156,valid,2733,469,2865758677,61203,41,hex,CAM,0202aad001d5ef13005a5811460e29efbf1ffffffc2246cd1e00000fc0007ebfe9ed0737feebfff600,0202AAD001D5EF13005A5811460E29EFBF1FFFFFFC2246CD1E00000FC0007EBFE9ED0737FEEBFFF600,
2026-07-14T15:36:22.663944+00:00,52.998250,valid,2733,470,2865758678,61303,41,hex,CAM,0202aad001d6ef77005a5811460e29efbf1ffffffc2246cd1e00000fc0007ebfe9ed0737feebfff600,0202AAD001D6EF77005A5811460E29EFBF1FFFFFFC2246CD1E00000FC0007EBFE9ED0737FEEBFFF600,
2026-07-14T15:36:22.765974+00:00,53.100278,valid,2733,471,2865758679,61403,41,hex,CAM,0202aad001d7efdb005a5811460e29efbf1ffffffc2246cd1e00000fc0007ebfe9ed0737feebfff600,0202AAD001D7EFDB005A5811460E29EFBF1FFFFFFC2246CD1E00000FC0007EBFE9ED0737FEEBFFF600,
2026-07-14T15:36:22.867908+00:00,53.202217,valid,2733,472,2865758680,61503,41,hex,CAM,0202aad001d8f03f005a5811460e29efbf1ffffffc2246cd1e00000fc0007ebfe9ed0737feebfff600,0202AAD001D8F03F005A5811460E29EFBF1FFFFFFC2246CD1E00000FC0007EBFE9ED0737FEEBFFF600,
2026-07-14T15:36:22.969981+00:00,53.304288,valid,2733,473,2865758681,61603,41,hex,CAM,0202aad001d9f0a3005a5811460e29efbf1ffffffc2246cd1e00000fc0007ebfe9ed0737feebfff600,0202AAD001D9F0A3005A5811460E29EFBF1FFFFFFC2246CD1E00000FC0007EBFE9ED0737FEEBFFF600,
2026-07-14T15:36:23.071954+00:00,53.406262,valid,2733,474,2865758682,61703,41,hex,CAM,0202aad001daf107005a5811460e29efbf1ffffffc2246cd1e00000fc0007ebfe9ed0737feebfff600,0202AAD001DAF107005A5811460E29EFBF1FFFFFFC2246CD1E00000FC0007EBFE9ED0737FEEBFFF600,
2026-07-14T15:36:23.163923+00:00,53.498229,valid,2733,475,2865758683,61803,41,hex,CAM,0202aad001dbf16b005a5811460e29efbf1ffffffc2246cd1e00000fc0007ebfe9ed0737feebfff600,0202AAD001DBF16B005A5811460E29EFBF1FFFFFFC2246CD1E00000FC0007EBFE9ED0737FEEBFFF600,
2026-07-14T15:36:23.265936+00:00,53.600245,valid,2733,476,2865758684,61903,41,hex,CAM,0202aad001dcf1cf005a5811460e29efbf1ffffffc2246cd1e00000fc0007ebfe9ed0737feebfff600,0202AAD001DCF1CF005A5811460E29EFBF1FFFFFFC2246CD1E00000FC0007EBFE9ED0737FEEBFFF600,
2026-07-14T15:36:23.367986+00:00,53.702295,valid,2733,477,2865758685,62003,41,hex,CAM,0202aad001ddf233005a5811460e29efbf1ffffffc2246cd1e00000fc0007ebfe9ed0737feebfff600,0202AAD001DDF233005A5811460E29EFBF1FFFFFFC2246CD1E00000FC0007EBFE9ED0737FEEBFFF600,
2026-07-14T15:36:23.469874+00:00,53.804179,valid,2733,478,2865758686,62103,41,hex,CAM,0202aad001def297005a5811460e29efbf1ffffffc2246cd1e00000fc0007ebfe9ed0737feebfff600,0202AAD001DEF297005A5811460E29EFBF1FFFFFFC2246CD1E00000FC0007EBFE9ED0737FEEBFFF600,
2026-07-14T15:36:23.571920+00:00,53.906225,valid,2733,479,2865758687,62203,41,hex,CAM,0202aad001dff2fb005a5811460e29efbf1ffffffc2246cd1e00000fc0007ebfe9ed0737feebfff600,0202AAD001DFF2FB005A5811460E29EFBF1FFFFFFC2246CD1E00000FC0007EBFE9ED0737FEEBFFF600,
2026-07-14T15:36:23.663889+00:00,53.998197,valid,2733,480,2865758688,62303,41,hex,CAM,0202aad001e0f35f005a5811460e29efbf1ffffffc2246cd1e00000fc0007ebfe9ed0737feebfff600,0202AAD001E0F35F005A5811460E29EFBF1FFFFFFC2246CD1E00000FC0007EBFE9ED0737FEEBFFF600,
2026-07-14T15:36:23.765949+00:00,54.100255,valid,2733,481,2865758689,62403,41,hex,CAM,0202aad001e1f3c3005a5811460e29efbf1ffffffc2246cd1e00000fc0007ebfe9ed0737feebfff600,0202AAD001E1F3C3005A5811460E29EFBF1FFFFFFC2246CD1E00000FC0007EBFE9ED0737FEEBFFF600,
2026-07-14T15:36:23.867917+00:00,54.202222,valid,2733,482,2865758690,62503,41,hex,CAM,0202aad001e2f427005a5811460e29efbf1ffffffc2246cd1e00000fc0007ebfe9ed0737feebfff600,0202AAD001E2F427005A5811460E29EFBF1FFFFFFC2246CD1E00000FC0007EBFE9ED0737FEEBFFF600,
2026-07-14T15:36:23.969917+00:00,54.304223,valid,2733,483,2865758691,62603,41,hex,CAM,0202aad001e3f48b005a5811460e29efbf1ffffffc2246cd1e00000fc0007ebfe9ed0737feebfff600,0202AAD001E3F48B005A5811460E29EFBF1FFFFFFC2246CD1E00000FC0007EBFE9ED0737FEEBFFF600,
2026-07-14T15:36:24.071948+00:00,54.406253,valid,2733,484,2865758692,62703,41,hex,CAM,0202aad001e4f4ef005a5811460e29efbf1ffffffc2246cd1e00000fc0007ebfe9ed0737feebfff600,0202AAD001E4F4EF005A5811460E29EFBF1FFFFFFC2246CD1E00000FC0007EBFE9ED0737FEEBFFF600,
2026-07-14T15:36:24.163911+00:00,54.498215,valid,2733,485,2865758693,62803,41,hex,CAM,0202aad001e5f553005a5811460e29efbf1ffffffc2246cd1e00000fc0007ebfe9ed0737feebfff600,0202AAD001E5F553005A5811460E29EFBF1FFFFFFC2246CD1E00000FC0007EBFE9ED0737FEEBFFF600,
2026-07-14T15:36:24.265701+00:00,54.599997,valid,2733,486,2865758694,62903,41,hex,CAM,0202aad001e6f5b7005a5811460e29efbf1ffffffc2246cd1e00000fc0007ebfe9ed0737feebfff600,0202AAD001E6F5B7005A5811460E29EFBF1FFFFFFC2246CD1E00000FC0007EBFE9ED0737FEEBFFF600,
2026-07-14T15:36:24.367663+00:00,54.701958,valid,2733,487,2865758695,63003,41,hex,CAM,0202aad001e7f61b005a5811460e29efbf1ffffffc2246cd1e00000fc0007ebfe9ed0737feebfff600,0202AAD001E7F61B005A5811460E29EFBF1FFFFFFC2246CD1E00000FC0007EBFE9ED0737FEEBFFF600,
2026-07-14T15:36:24.469843+00:00,54.804150,valid,2733,488,2865758696,63103,41,hex,CAM,0202aad001e8f67f005a5811460e29efbf1ffffffc2246cd1e00000fc0007ebfe9ed0737feebfff600,0202AAD001E8F67F005A5811460E29EFBF1FFFFFFC2246CD1E00000FC0007EBFE9ED0737FEEBFFF600,
2026-07-14T15:36:24.571836+00:00,54.906139,valid,2733,489,2865758697,63203,41,hex,CAM,0202aad001e9f6e3005a5811460e29efbf1ffffffc2246cd1e00000fc0007ebfe9ed0737feebfff600,0202AAD001E9F6E3005A5811460E29EFBF1FFFFFFC2246CD1E00000FC0007EBFE9ED0737FEEBFFF600,
2026-07-14T15:36:24.663959+00:00,54.998265,valid,2733,490,2865758698,63303,41,hex,CAM,0202aad001eaf747005a5811460e29efbf1ffffffc2246cd1e00000fc0007ebfe9ed0737feebfff600,0202AAD001EAF747005A5811460E29EFBF1FFFFFFC2246CD1E00000FC0007EBFE9ED0737FEEBFFF600,
2026-07-14T15:36:24.765895+00:00,55.100199,valid,2733,491,2865758699,63403,41,hex,CAM,0202aad001ebf7ab005a5811460e29efbf1ffffffc2246cd1e00000fc0007ebfe9ed0737feebfff600,0202AAD001EBF7AB005A5811460E29EFBF1FFFFFFC2246CD1E00000FC0007EBFE9ED0737FEEBFFF600,
2026-07-14T15:36:24.867888+00:00,55.202192,valid,2733,492,2865758700,63503,41,hex,CAM,0202aad001ecf80f005a5811460e29efbf1ffffffc2246cd1e00000fc0007ebfe9ed0737feebfff600,0202AAD001ECF80F005A5811460E29EFBF1FFFFFFC2246CD1E00000FC0007EBFE9ED0737FEEBFFF600,
2026-07-14T15:36:24.970003+00:00,55.304307,valid,2733,493,2865758701,63603,41,hex,CAM,0202aad001edf873005a5811460e29efbf1ffffffc2246cd1e00000fc0007ebfe9ed0737feebfff600,0202AAD001EDF873005A5811460E29EFBF1FFFFFFC2246CD1E00000FC0007EBFE9ED0737FEEBFFF600,
2026-07-14T15:36:25.072035+00:00,55.406339,valid,2733,494,2865758702,63703,41,hex,CAM,0202aad001eef8d7005a5811460e29efbf1ffffffc2246cd1e00000fc0007ebfe9ed0737feebfff600,0202AAD001EEF8D7005A5811460E29EFBF1FFFFFFC2246CD1E00000FC0007EBFE9ED0737FEEBFFF600,
2026-07-14T15:36:25.164034+00:00,55.498338,valid,2733,495,2865758703,63803,41,hex,CAM,0202aad001eff93b005a5811460e29efbf1ffffffc2246cd1e00000fc0007ebfe9ed0737feebfff600,0202AAD001EFF93B005A5811460E29EFBF1FFFFFFC2246CD1E00000FC0007EBFE9ED0737FEEBFFF600,
2026-07-14T15:36:25.265988+00:00,55.600292,valid,2733,496,2865758704,63903,41,hex,CAM,0202aad001f0f99f005a5811460e29efbf1ffffffc2246cd1e00000fc0007ebfe9ed0737feebfff600,0202AAD001F0F99F005A5811460E29EFBF1FFFFFFC2246CD1E00000FC0007EBFE9ED0737FEEBFFF600,
2026-07-14T15:36:25.367887+00:00,55.702189,valid,2733,497,2865758705,64003,41,hex,CAM,0202aad001f1fa03005a5811460e29efbf1ffffffc2246cd1e00000fc0007ebfe9ed0737feebfff600,0202AAD001F1FA03005A5811460E29EFBF1FFFFFFC2246CD1E00000FC0007EBFE9ED0737FEEBFFF600,
2026-07-14T15:36:25.469919+00:00,55.804222,valid,2733,498,2865758706,64103,41,hex,CAM,0202aad001f2fa67005a5811460e29efbf1ffffffc2246cd1e00000fc0007ebfe9ed0737feebfff600,0202AAD001F2FA67005A5811460E29EFBF1FFFFFFC2246CD1E00000FC0007EBFE9ED0737FEEBFFF600,
2026-07-14T15:36:25.571946+00:00,55.906249,valid,2733,499,2865758707,64203,41,hex,CAM,0202aad001f3facb005a5811460e29efbf1ffffffc2246cd1e00000fc0007ebfe9ed0737feebfff600,0202AAD001F3FACB005A5811460E29EFBF1FFFFFFC2246CD1E00000FC0007EBFE9ED0737FEEBFFF600,
2026-07-14T15:36:25.663848+00:00,55.998151,valid,2733,500,2865758708,64303,41,hex,CAM,0202aad001f4fb2f005a5811460e29efbf1ffffffc2246cd1e00000fc0007ebfe9ed0737feebfff600,0202AAD001F4FB2F005A5811460E29EFBF1FFFFFFC2246CD1E00000FC0007EBFE9ED0737FEEBFFF600,
2026-07-14T15:36:25.765899+00:00,56.100206,valid,2733,501,2865758709,64403,41,hex,CAM,0202aad001f5fb93005a5811460e29efbf1ffffffc2246cd1e00000fc0007ebfe9ed0737feebfff600,0202AAD001F5FB93005A5811460E29EFBF1FFFFFFC2246CD1E00000FC0007EBFE9ED0737FEEBFFF600,
2026-07-14T15:36:25.868052+00:00,56.202360,valid,2733,502,2865758710,64503,41,hex,CAM,0202aad001f6fbf7005a5811460e29efbf1ffffffc2246cd1e00000fc0007ebfe9ed0737feebfff600,0202AAD001F6FBF7005A5811460E29EFBF1FFFFFFC2246CD1E00000FC0007EBFE9ED0737FEEBFFF600,
2026-07-14T15:36:25.969964+00:00,56.304270,valid,2733,503,2865758711,64603,41,hex,CAM,0202aad001f7fc5b005a5811460e29efbf1ffffffc2246cd1e00000fc0007ebfe9ed0737feebfff600,0202AAD001F7FC5B005A5811460E29EFBF1FFFFFFC2246CD1E00000FC0007EBFE9ED0737FEEBFFF600,
2026-07-14T15:36:26.071992+00:00,56.406297,valid,2733,504,2865758712,64703,41,hex,CAM,0202aad001f8fcbf005a5811460e29efbf1ffffffc2246cd1e00000fc0007ebfe9ed0737feebfff600,0202AAD001F8FCBF005A5811460E29EFBF1FFFFFFC2246CD1E00000FC0007EBFE9ED0737FEEBFFF600,
2026-07-14T15:36:26.164004+00:00,56.498307,valid,2733,505,2865758713,64803,41,hex,CAM,0202aad001f9fd23005a5811460e29efbf1ffffffc2246cd1e00000fc0007ebfe9ed0737feebfff600,0202AAD001F9FD23005A5811460E29EFBF1FFFFFFC2246CD1E00000FC0007EBFE9ED0737FEEBFFF600,
2026-07-14T15:36:26.265996+00:00,56.600299,valid,2733,506,2865758714,64903,41,hex,CAM,0202aad001fafd87005a5811460e29efbf1ffffffc2246cd1e00000fc0007ebfe9ed0737feebfff600,0202AAD001FAFD87005A5811460E29EFBF1FFFFFFC2246CD1E00000FC0007EBFE9ED0737FEEBFFF600,
2026-07-14T15:36:26.368057+00:00,56.702360,valid,2733,507,2865758715,65003,41,hex,CAM,0202aad001fbfdeb005a5811460e29efbf1ffffffc2246cd1e00000fc0007ebfe9ed0737feebfff600,0202AAD001FBFDEB005A5811460E29EFBF1FFFFFFC2246CD1E00000FC0007EBFE9ED0737FEEBFFF600,
2026-07-14T15:36:26.469944+00:00,56.804251,valid,2733,508,2865758716,65103,41,hex,CAM,0202aad001fcfe4f005a5811460e29efbf1ffffffc2246cd1e00000fc0007ebfe9ed0737feebfff600,0202AAD001FCFE4F005A5811460E29EFBF1FFFFFFC2246CD1E00000FC0007EBFE9ED0737FEEBFFF600,
2026-07-14T15:36:26.571950+00:00,56.906254,valid,2733,509,2865758717,65203,41,hex,CAM,0202aad001fdfeb3005a5811460e29efbf1ffffffc2246cd1e00000fc0007ebfe9ed0737feebfff600,0202AAD001FDFEB3005A5811460E29EFBF1FFFFFFC2246CD1E00000FC0007EBFE9ED0737FEEBFFF600,
2026-07-14T15:36:26.663968+00:00,56.998272,valid,2733,510,2865758718,65303,41,hex,CAM,0202aad001feff17005a5811460e29efbf1ffffffc2246cd1e00000fc0007ebfe9ed0737feebfff600,0202AAD001FEFF17005A5811460E29EFBF1FFFFFFC2246CD1E00000FC0007EBFE9ED0737FEEBFFF600,
2026-07-14T15:36:26.765904+00:00,57.100211,valid,2733,511,2865758719,65403,41,hex,CAM,0202aad001ffff7b005a5811460e29efbf1ffffffc2246cd1e00000fc0007ebfe9ed0737feebfff600,0202AAD001FFFF7B005A5811460E29EFBF1FFFFFFC2246CD1E00000FC0007EBFE9ED0737FEEBFFF600,
2026-07-14T15:36:26.868001+00:00,57.202311,valid,2733,512,2865758720,65503,41,hex,CAM,0202aad00200ffdf005a5811460e29efbf1ffffffc2246cd1e00000fc0007ebfe9ed0737feebfff600,0202AAD00200FFDF005A5811460E29EFBF1FFFFFFC2246CD1E00000FC0007EBFE9ED0737FEEBFFF600,
2026-07-14T15:36:26.970005+00:00,57.304311,valid,2733,513,2865758721,67,41,hex,CAM,0202aad002010043005a5811460e29efbf1ffffffc2246cd1e00000fc0007ebfe9ed0737feebfff600,0202AAD002010043005A5811460E29EFBF1FFFFFFC2246CD1E00000FC0007EBFE9ED0737FEEBFFF600,
2026-07-14T15:36:27.071992+00:00,57.406301,valid,2733,514,2865758722,167,41,hex,CAM,0202aad0020200a7005a5811460e29efbf1ffffffc2246cd1e00000fc0007ebfe9ed0737feebfff600,0202AAD0020200A7005A5811460E29EFBF1FFFFFFC2246CD1E00000FC0007EBFE9ED0737FEEBFFF600,
2026-07-14T15:36:27.163786+00:00,57.498088,valid,2733,515,2865758723,267,41,hex,CAM,0202aad00203010b005a5811460e29efbf1ffffffc2246cd1e00000fc0007ebfe9ed0737feebfff600,0202AAD00203010B005A5811460E29EFBF1FFFFFFC2246CD1E00000FC0007EBFE9ED0737FEEBFFF600,
2026-07-14T15:36:27.265937+00:00,57.600245,valid,2733,516,2865758724,367,41,hex,CAM,0202aad00204016f005a5811460e29efbf1ffffffc2246cd1e00000fc0007ebfe9ed0737feebfff600,0202AAD00204016F005A5811460E29EFBF1FFFFFFC2246CD1E00000FC0007EBFE9ED0737FEEBFFF600,
2026-07-14T15:36:27.367998+00:00,57.702301,valid,2733,517,2865758725,467,41,hex,CAM,0202aad0020501d3005a5811460e29efbf1ffffffc2246cd1e00000fc0007ebfe9ed0737feebfff600,0202AAD0020501D3005A5811460E29EFBF1FFFFFFC2246CD1E00000FC0007EBFE9ED0737FEEBFFF600,
2026-07-14T15:36:27.469915+00:00,57.804219,valid,2733,518,2865758726,567,41,hex,CAM,0202aad002060237005a5811460e29efbf1ffffffc2246cd1e00000fc0007ebfe9ed0737feebfff600,0202AAD002060237005A5811460E29EFBF1FFFFFFC2246CD1E00000FC0007EBFE9ED0737FEEBFFF600,
2026-07-14T15:36:27.571866+00:00,57.906171,valid,2733,519,2865758727,667,41,hex,CAM,0202aad00207029b005a5811460e29efbf1ffffffc2246cd1e00000fc0007ebfe9ed0737feebfff600,0202AAD00207029B005A5811460E29EFBF1FFFFFFC2246CD1E00000FC0007EBFE9ED0737FEEBFFF600,
2026-07-14T15:36:27.663915+00:00,57.998219,valid,2733,520,2865758728,767,41,hex,CAM,0202aad0020802ff005a5811460e29efbf1ffffffc2246cd1e00000fc0007ebfe9ed0737feebfff600,0202AAD0020802FF005A5811460E29EFBF1FFFFFFC2246CD1E00000FC0007EBFE9ED0737FEEBFFF600,
2026-07-14T15:36:27.765910+00:00,58.100221,valid,2733,521,2865758729,867,41,hex,CAM,0202aad002090363005a5811460e29efbf1ffffffc2246cd1e00000fc0007ebfe9ed0737feebfff600,0202AAD002090363005A5811460E29EFBF1FFFFFFC2246CD1E00000FC0007EBFE9ED0737FEEBFFF600,
2026-07-14T15:36:27.867902+00:00,58.202210,valid,2733,522,2865758730,967,41,hex,CAM,0202aad0020a03c7005a5811460e29efbf1ffffffc2246cd1e00000fc0007ebfe9ed0737feebfff600,0202AAD0020A03C7005A5811460E29EFBF1FFFFFFC2246CD1E00000FC0007EBFE9ED0737FEEBFFF600,
2026-07-14T15:36:27.969949+00:00,58.304253,valid,2733,523,2865758731,1067,41,hex,CAM,0202aad0020b042b005a5811460e29efbf1ffffffc2246cd1e00000fc0007ebfe9ed0737feebfff600,0202AAD0020B042B005A5811460E29EFBF1FFFFFFC2246CD1E00000FC0007EBFE9ED0737FEEBFFF600,
2026-07-14T15:36:28.071899+00:00,58.406205,valid,2733,524,2865758732,1167,41,hex,CAM,0202aad0020c048f005a5811460e29efbf1ffffffc2246cd1e00000fc0007ebfe9ed0737feebfff600,0202AAD0020C048F005A5811460E29EFBF1FFFFFFC2246CD1E00000FC0007EBFE9ED0737FEEBFFF600,
2026-07-14T15:36:28.163946+00:00,58.498250,valid,2733,525,2865758733,1267,41,hex,CAM,0202aad0020d04f3005a5811460e29efbf1ffffffc2246cd1e00000fc0007ebfe9ed0737feebfff600,0202AAD0020D04F3005A5811460E29EFBF1FFFFFFC2246CD1E00000FC0007EBFE9ED0737FEEBFFF600,
2026-07-14T15:36:28.265854+00:00,58.600160,valid,2733,526,2865758734,1367,41,hex,CAM,0202aad0020e0557005a5811460e29efbf1ffffffc2246cd1e00000fc0007ebfe9ed0737feebfff600,0202AAD0020E0557005A5811460E29EFBF1FFFFFFC2246CD1E00000FC0007EBFE9ED0737FEEBFFF600,
2026-07-14T15:36:28.367854+00:00,58.702158,valid,2733,527,2865758735,1467,41,hex,CAM,0202aad0020f05bb005a5811460e29efbf1ffffffc2246cd1e00000fc0007ebfe9ed0737feebfff600,0202AAD0020F05BB005A5811460E29EFBF1FFFFFFC2246CD1E00000FC0007EBFE9ED0737FEEBFFF600,
2026-07-14T15:36:28.469845+00:00,58.804150,valid,2733,528,2865758736,1567,41,hex,CAM,0202aad00210061f005a5811460e29efbf1ffffffc2246cd1e00000fc0007ebfe9ed0737feebfff600,0202AAD00210061F005A5811460E29EFBF1FFFFFFC2246CD1E00000FC0007EBFE9ED0737FEEBFFF600,
2026-07-14T15:36:28.571844+00:00,58.906149,valid,2733,529,2865758737,1667,41,hex,CAM,0202aad002110683005a5811460e29efbf1ffffffc2246cd1e00000fc0007ebfe9ed0737feebfff600,0202AAD002110683005A5811460E29EFBF1FFFFFFC2246CD1E00000FC0007EBFE9ED0737FEEBFFF600,
2026-07-14T15:36:28.663841+00:00,58.998145,valid,2733,530,2865758738,1767,41,hex,CAM,0202aad0021206e7005a5811460e29efbf1ffffffc2246cd1e00000fc0007ebfe9ed0737feebfff600,0202AAD0021206E7005A5811460E29EFBF1FFFFFFC2246CD1E00000FC0007EBFE9ED0737FEEBFFF600,
2026-07-14T15:36:28.765523+00:00,59.099825,valid,2733,531,2865758739,1867,41,hex,CAM,0202aad00213074b005a5811460e29efbf1ffffffc2246cd1e00000fc0007ebfe9ed0737feebfff600,0202AAD00213074B005A5811460E29EFBF1FFFFFFC2246CD1E00000FC0007EBFE9ED0737FEEBFFF600,
2026-07-14T15:36:28.867852+00:00,59.202161,valid,2733,532,2865758740,1967,41,hex,CAM,0202aad0021407af005a5811460e29efbf1ffffffc2246cd1e00000fc0007ebfe9ed0737feebfff600,0202AAD0021407AF005A5811460E29EFBF1FFFFFFC2246CD1E00000FC0007EBFE9ED0737FEEBFFF600,
2026-07-14T15:36:28.969871+00:00,59.304178,valid,2733,533,2865758741,2067,41,hex,CAM,0202aad002150813005a5811460e29efbf1ffffffc2246cd1e00000fc0007ebfe9ed0737feebfff600,0202AAD002150813005A5811460E29EFBF1FFFFFFC2246CD1E00000FC0007EBFE9ED0737FEEBFFF600,
2026-07-14T15:36:29.072050+00:00,59.406360,valid,2733,534,2865758742,2167,41,hex,CAM,0202aad002160877005a5811460e29efbf1ffffffc2246cd1e00000fc0007ebfe9ed0737feebfff600,0202AAD002160877005A5811460E29EFBF1FFFFFFC2246CD1E00000FC0007EBFE9ED0737FEEBFFF600,
2026-07-14T15:36:29.164051+00:00,59.498356,valid,2733,535,2865758743,2267,41,hex,CAM,0202aad0021708db005a5811460e29efbf1ffffffc2246cd1e00000fc0007ebfe9ed0737feebfff600,0202AAD0021708DB005A5811460E29EFBF1FFFFFFC2246CD1E00000FC0007EBFE9ED0737FEEBFFF600,
2026-07-14T15:36:29.266041+00:00,59.600344,valid,2733,536,2865758744,2367,41,hex,CAM,0202aad00218093f005a5811460e29efbf1ffffffc2246cd1e00000fc0007ebfe9ed0737feebfff600,0202AAD00218093F005A5811460E29EFBF1FFFFFFC2246CD1E00000FC0007EBFE9ED0737FEEBFFF600,
2026-07-14T15:36:29.367957+00:00,59.702260,valid,2733,537,2865758745,2467,41,hex,CAM,0202aad0021909a3005a5811460e29efbf1ffffffc2246cd1e00000fc0007ebfe9ed0737feebfff600,0202AAD0021909A3005A5811460E29EFBF1FFFFFFC2246CD1E00000FC0007EBFE9ED0737FEEBFFF600,
2026-07-14T15:36:29.469961+00:00,59.804265,valid,2733,538,2865758746,2567,41,hex,CAM,0202aad0021a0a07005a5811460e29efbf1ffffffc2246cd1e00000fc0007ebfe9ed0737feebfff600,0202AAD0021A0A07005A5811460E29EFBF1FFFFFFC2246CD1E00000FC0007EBFE9ED0737FEEBFFF600,
2026-07-14T15:36:29.571997+00:00,59.906301,valid,2733,539,2865758747,2667,41,hex,CAM,0202aad0021b0a6b005a5811460e29efbf1ffffffc2246cd1e00000fc0007ebfe9ed0737feebfff600,0202AAD0021B0A6B005A5811460E29EFBF1FFFFFFC2246CD1E00000FC0007EBFE9ED0737FEEBFFF600,
2026-07-14T15:36:29.663909+00:00,59.998213,valid,2733,540,2865758748,2767,41,hex,CAM,0202aad0021c0acf005a5811460e29efbf1ffffffc2246cd1e00000fc0007ebfe9ed0737feebfff600,0202AAD0021C0ACF005A5811460E29EFBF1FFFFFFC2246CD1E00000FC0007EBFE9ED0737FEEBFFF600,
2026-07-14T15:36:29.765991+00:00,60.100294,valid,2733,541,2865758749,2867,41,hex,CAM,0202aad0021d0b33005a5811460e29efbf1ffffffc2246cd1e00000fc0007ebfe9ed0737feebfff600,0202AAD0021D0B33005A5811460E29EFBF1FFFFFFC2246CD1E00000FC0007EBFE9ED0737FEEBFFF600,
2026-07-14T15:36:29.867952+00:00,60.202259,valid,2733,542,2865758750,2967,41,hex,CAM,0202aad0021e0b97005a5811460e29efbf1ffffffc2246cd1e00000fc0007ebfe9ed0737feebfff600,0202AAD0021E0B97005A5811460E29EFBF1FFFFFFC2246CD1E00000FC0007EBFE9ED0737FEEBFFF600,
2026-07-14T15:36:29.969998+00:00,60.304304,valid,2733,543,2865758751,3067,41,hex,CAM,0202aad0021f0bfb005a5811460e29efbf1ffffffc2246cd1e00000fc0007ebfe9ed0737feebfff600,0202AAD0021F0BFB005A5811460E29EFBF1FFFFFFC2246CD1E00000FC0007EBFE9ED0737FEEBFFF600,
2026-07-14T15:36:30.071969+00:00,60.406275,valid,2733,544,2865758752,3167,41,hex,CAM,0202aad002200c5f005a5811460e29efbf1ffffffc2246cd1e00000fc0007ebfe9ed0737feebfff600,0202AAD002200C5F005A5811460E29EFBF1FFFFFFC2246CD1E00000FC0007EBFE9ED0737FEEBFFF600,
2026-07-14T15:36:30.164000+00:00,60.498304,valid,2733,545,2865758753,3267,41,hex,CAM,0202aad002210cc3005a5811460e29efbf1ffffffc2246cd1e00000fc0007ebfe9ed0737feebfff600,0202AAD002210CC3005A5811460E29EFBF1FFFFFFC2246CD1E00000FC0007EBFE9ED0737FEEBFFF600,
2026-07-14T15:36:30.265902+00:00,60.600206,valid,2733,546,2865758754,3367,41,hex,CAM,0202aad002220d27005a5811460e29efbf1ffffffc2246cd1e00000fc0007ebfe9ed0737feebfff600,0202AAD002220D27005A5811460E29EFBF1FFFFFFC2246CD1E00000FC0007EBFE9ED0737FEEBFFF600,
2026-07-14T15:36:30.368038+00:00,60.702350,valid,2733,547,2865758755,3467,41,hex,CAM,0202aad002230d8b005a5811460e29efbf1ffffffc2246cd1e00000fc0007ebfe9ed0737feebfff600,0202AAD002230D8B005A5811460E29EFBF1FFFFFFC2246CD1E00000FC0007EBFE9ED0737FEEBFFF600,
2026-07-14T15:36:30.469896+00:00,60.804200,valid,2733,548,2865758756,3567,41,hex,CAM,0202aad002240def005a5811460e29efbf1ffffffc2246cd1e00000fc0007ebfe9ed0737feebfff600,0202AAD002240DEF005A5811460E29EFBF1FFFFFFC2246CD1E00000FC0007EBFE9ED0737FEEBFFF600,
2026-07-14T15:36:30.571970+00:00,60.906275,valid,2733,549,2865758757,3667,41,hex,CAM,0202aad002250e53005a5811460e29efbf1ffffffc2246cd1e00000fc0007ebfe9ed0737feebfff600,0202AAD002250E53005A5811460E29EFBF1FFFFFFC2246CD1E00000FC0007EBFE9ED0737FEEBFFF600,
2026-07-14T15:36:30.663862+00:00,60.998166,valid,2733,550,2865758758,3767,41,hex,CAM,0202aad002260eb7005a5811460e29efbf1ffffffc2246cd1e00000fc0007ebfe9ed0737feebfff600,0202AAD002260EB7005A5811460E29EFBF1FFFFFFC2246CD1E00000FC0007EBFE9ED0737FEEBFFF600,
2026-07-14T15:36:30.765909+00:00,61.100213,valid,2733,551,2865758759,3867,41,hex,CAM,0202aad002270f1b005a5811460e29efbf1ffffffc2246cd1e00000fc0007ebfe9ed0737feebfff600,0202AAD002270F1B005A5811460E29EFBF1FFFFFFC2246CD1E00000FC0007EBFE9ED0737FEEBFFF600,
2026-07-14T15:36:30.867898+00:00,61.202204,valid,2733,552,2865758760,3967,41,hex,CAM,0202aad002280f7f005a5811460e29efbf1ffffffc2246cd1e00000fc0007ebfe9ed0737feebfff600,0202AAD002280F7F005A5811460E29EFBF1FFFFFFC2246CD1E00000FC0007EBFE9ED0737FEEBFFF600,
2026-07-14T15:36:30.969942+00:00,61.304250,valid,2733,553,2865758761,4067,41,hex,CAM,0202aad002290fe3005a5811460e29efbf1ffffffc2246cd1e00000fc0007ebfe9ed0737feebfff600,0202AAD002290FE3005A5811460E29EFBF1FFFFFFC2246CD1E00000FC0007EBFE9ED0737FEEBFFF600,
2026-07-14T15:36:31.070977+00:00,61.405270,valid,2733,554,2865758762,4167,41,hex,CAM,0202aad0022a1047005a5811460e29efbf1ffffffc2246cd1e00000fc0007ebfe9ed0737feebfff600,0202AAD0022A1047005A5811460E29EFBF1FFFFFFC2246CD1E00000FC0007EBFE9ED0737FEEBFFF600,
2026-07-14T15:36:31.164028+00:00,61.498336,valid,2733,555,2865758763,4267,41,hex,CAM,0202aad0022b10ab005a5811460e29efbf1ffffffc2246cd1e00000fc0007ebfe9ed0737feebfff600,0202AAD0022B10AB005A5811460E29EFBF1FFFFFFC2246CD1E00000FC0007EBFE9ED0737FEEBFFF600,
2026-07-14T15:36:31.265956+00:00,61.600263,valid,2733,556,2865758764,4367,41,hex,CAM,0202aad0022c110f005a5811460e29efbf1ffffffc2246cd1e00000fc0007ebfe9ed0737feebfff600,0202AAD0022C110F005A5811460E29EFBF1FFFFFFC2246CD1E00000FC0007EBFE9ED0737FEEBFFF600,
2026-07-14T15:36:31.368019+00:00,61.702329,valid,2733,557,2865758765,4467,41,hex,CAM,0202aad0022d1173005a5811460e29efbf1ffffffc2246cd1e00000fc0007ebfe9ed0737feebfff600,0202AAD0022D1173005A5811460E29EFBF1FFFFFFC2246CD1E00000FC0007EBFE9ED0737FEEBFFF600,
2026-07-14T15:36:31.469944+00:00,61.804248,valid,2733,558,2865758766,4567,41,hex,CAM,0202aad0022e11d7005a5811460e29efbf1ffffffc2246cd1e00000fc0007ebfe9ed0737feebfff600,0202AAD0022E11D7005A5811460E29EFBF1FFFFFFC2246CD1E00000FC0007EBFE9ED0737FEEBFFF600,
2026-07-14T15:36:31.571858+00:00,61.906161,valid,2733,559,2865758767,4667,41,hex,CAM,0202aad0022f123b005a5811460e29efbf1ffffffc2246cd1e00000fc0007ebfe9ed0737feebfff600,0202AAD0022F123B005A5811460E29EFBF1FFFFFFC2246CD1E00000FC0007EBFE9ED0737FEEBFFF600,
2026-07-14T15:36:31.663934+00:00,61.998238,valid,2733,560,2865758768,4767,41,hex,CAM,0202aad00230129f005a5811460e29efbf1ffffffc2246cd1e00000fc0007ebfe9ed0737feebfff600,0202AAD00230129F005A5811460E29EFBF1FFFFFFC2246CD1E00000FC0007EBFE9ED0737FEEBFFF600,
2026-07-14T15:36:31.765998+00:00,62.100301,valid,2733,561,2865758769,4867,41,hex,CAM,0202aad002311303005a5811460e29efbf1ffffffc2246cd1e00000fc0007ebfe9ed0737feebfff600,0202AAD002311303005A5811460E29EFBF1FFFFFFC2246CD1E00000FC0007EBFE9ED0737FEEBFFF600,
2026-07-14T15:36:31.868091+00:00,62.202403,valid,2733,562,2865758770,4967,41,hex,CAM,0202aad002321367005a5811460e29efbf1ffffffc2246cd1e00000fc0007ebfe9ed0737feebfff600,0202AAD002321367005A5811460E29EFBF1FFFFFFC2246CD1E00000FC0007EBFE9ED0737FEEBFFF600,
2026-07-14T15:36:31.969890+00:00,62.304198,valid,2733,563,2865758771,5067,41,hex,CAM,0202aad0023313cb005a5811460e29efbf1ffffffc2246cd1e00000fc0007ebfe9ed0737feebfff600,0202AAD0023313CB005A5811460E29EFBF1FFFFFFC2246CD1E00000FC0007EBFE9ED0737FEEBFFF600,
2026-07-14T15:36:32.071947+00:00,62.406253,valid,2733,564,2865758772,5167,41,hex,CAM,0202aad00234142f005a5811460e29efbf1ffffffc2246cd1e00000fc0007ebfe9ed0737feebfff600,0202AAD00234142F005A5811460E29EFBF1FFFFFFC2246CD1E00000FC0007EBFE9ED0737FEEBFFF600,
2026-07-14T15:36:32.163900+00:00,62.498204,valid,2733,565,2865758773,5267,41,hex,CAM,0202aad002351493005a5811460e29efbf1ffffffc2246cd1e00000fc0007ebfe9ed0737feebfff600,0202AAD002351493005A5811460E29EFBF1FFFFFFC2246CD1E00000FC0007EBFE9ED0737FEEBFFF600,
2026-07-14T15:36:32.265855+00:00,62.600159,valid,2733,566,2865758774,5367,41,hex,CAM,0202aad0023614f7005a5811460e29efbf1ffffffc2246cd1e00000fc0007ebfe9ed0737feebfff600,0202AAD0023614F7005A5811460E29EFBF1FFFFFFC2246CD1E00000FC0007EBFE9ED0737FEEBFFF600,
2026-07-14T15:36:32.367960+00:00,62.702264,valid,2733,567,2865758775,5467,41,hex,CAM,0202aad00237155b005a5811460e29efbf1ffffffc2246cd1e00000fc0007ebfe9ed0737feebfff600,0202AAD00237155B005A5811460E29EFBF1FFFFFFC2246CD1E00000FC0007EBFE9ED0737FEEBFFF600,
2026-07-14T15:36:32.470026+00:00,62.804331,valid,2733,568,2865758776,5567,41,hex,CAM,0202aad0023815bf005a5811460e29efbf1ffffffc2246cd1e00000fc0007ebfe9ed0737feebfff600,0202AAD0023815BF005A5811460E29EFBF1FFFFFFC2246CD1E00000FC0007EBFE9ED0737FEEBFFF600,
2026-07-14T15:36:32.572049+00:00,62.906353,valid,2733,569,2865758777,5667,41,hex,CAM,0202aad002391623005a5811460e29efbf1ffffffc2246cd1e00000fc0007ebfe9ed0737feebfff600,0202AAD002391623005A5811460E29EFBF1FFFFFFC2246CD1E00000FC0007EBFE9ED0737FEEBFFF600,
2026-07-14T15:36:32.664010+00:00,62.998313,valid,2733,570,2865758778,5767,41,hex,CAM,0202aad0023a1687005a5811460e29efbf1ffffffc2246cd1e00000fc0007ebfe9ed0737feebfff600,0202AAD0023A1687005A5811460E29EFBF1FFFFFFC2246CD1E00000FC0007EBFE9ED0737FEEBFFF600,
2026-07-14T15:36:32.766027+00:00,63.100331,valid,2733,571,2865758779,5867,41,hex,CAM,0202aad0023b16eb005a5811460e29efbf1ffffffc2246cd1e00000fc0007ebfe9ed0737feebfff600,0202AAD0023B16EB005A5811460E29EFBF1FFFFFFC2246CD1E00000FC0007EBFE9ED0737FEEBFFF600,
2026-07-14T15:36:32.868015+00:00,63.202320,valid,2733,572,2865758780,5967,41,hex,CAM,0202aad0023c174f005a5811460e29efbf1ffffffc2246cd1e00000fc0007ebfe9ed0737feebfff600,0202AAD0023C174F005A5811460E29EFBF1FFFFFFC2246CD1E00000FC0007EBFE9ED0737FEEBFFF600,
2026-07-14T15:36:32.969859+00:00,63.304161,valid,2733,573,2865758781,6067,41,hex,CAM,0202aad0023d17b3005a5811460e29efbf1ffffffc2246cd1e00000fc0007ebfe9ed0737feebfff600,0202AAD0023D17B3005A5811460E29EFBF1FFFFFFC2246CD1E00000FC0007EBFE9ED0737FEEBFFF600,
2026-07-14T15:36:33.071990+00:00,63.406295,valid,2733,574,2865758782,6167,41,hex,CAM,0202aad0023e1817005a5811460e29efbf1ffffffc2246cd1e00000fc0007ebfe9ed0737feebfff600,0202AAD0023E1817005A5811460E29EFBF1FFFFFFC2246CD1E00000FC0007EBFE9ED0737FEEBFFF600,
2026-07-14T15:36:33.163970+00:00,63.498274,valid,2733,575,2865758783,6267,41,hex,CAM,0202aad0023f187b005a5811460e29efbf1ffffffc2246cd1e00000fc0007ebfe9ed0737feebfff600,0202AAD0023F187B005A5811460E29EFBF1FFFFFFC2246CD1E00000FC0007EBFE9ED0737FEEBFFF600,
2026-07-14T15:36:33.265950+00:00,63.600253,valid,2733,576,2865758784,6367,41,hex,CAM,0202aad0024018df005a5811460e29efbf1ffffffc2246cd1e00000fc0007ebfe9ed0737feebfff600,0202AAD0024018DF005A5811460E29EFBF1FFFFFFC2246CD1E00000FC0007EBFE9ED0737FEEBFFF600,
2026-07-14T15:36:33.367923+00:00,63.702226,valid,2733,577,2865758785,6467,41,hex,CAM,0202aad002411943005a5811460e29efbf1ffffffc2246cd1e00000fc0007ebfe9ed0737feebfff600,0202AAD002411943005A5811460E29EFBF1FFFFFFC2246CD1E00000FC0007EBFE9ED0737FEEBFFF600,
2026-07-14T15:36:33.469968+00:00,63.804273,valid,2733,578,2865758786,6567,41,hex,CAM,0202aad0024219a7005a5811460e29efbf1ffffffc2246cd1e00000fc0007ebfe9ed0737feebfff600,0202AAD0024219A7005A5811460E29EFBF1FFFFFFC2246CD1E00000FC0007EBFE9ED0737FEEBFFF600,
2026-07-14T15:36:33.572055+00:00,63.906359,valid,2733,579,2865758787,6667,41,hex,CAM,0202aad002431a0b005a5811460e29efbf1ffffffc2246cd1e00000fc0007ebfe9ed0737feebfff600,0202AAD002431A0B005A5811460E29EFBF1FFFFFFC2246CD1E00000FC0007EBFE9ED0737FEEBFFF600,
2026-07-14T15:36:33.663935+00:00,63.998240,valid,2733,580,2865758788,6767,41,hex,CAM,0202aad002441a6f005a5811460e29efbf1ffffffc2246cd1e00000fc0007ebfe9ed0737feebfff600,0202AAD002441A6F005A5811460E29EFBF1FFFFFFC2246CD1E00000FC0007EBFE9ED0737FEEBFFF600,
2026-07-14T15:36:33.765973+00:00,64.100278,valid,2733,581,2865758789,6867,41,hex,CAM,0202aad002451ad3005a5811460e29efbf1ffffffc2246cd1e00000fc0007ebfe9ed0737feebfff600,0202AAD002451AD3005A5811460E29EFBF1FFFFFFC2246CD1E00000FC0007EBFE9ED0737FEEBFFF600,
2026-07-14T15:36:33.867965+00:00,64.202272,valid,2733,582,2865758790,6967,41,hex,CAM,0202aad002461b37005a5811460e29efbf1ffffffc2246cd1e00000fc0007ebfe9ed0737feebfff600,0202AAD002461B37005A5811460E29EFBF1FFFFFFC2246CD1E00000FC0007EBFE9ED0737FEEBFFF600,
2026-07-14T15:36:33.970043+00:00,64.304351,valid,2733,583,2865758791,7067,41,hex,CAM,0202aad002471b9b005a5811460e29efbf1ffffffc2246cd1e00000fc0007ebfe9ed0737feebfff600,0202AAD002471B9B005A5811460E29EFBF1FFFFFFC2246CD1E00000FC0007EBFE9ED0737FEEBFFF600,
2026-07-14T15:36:34.071951+00:00,64.406258,valid,2733,584,2865758792,7167,41,hex,CAM,0202aad002481bff005a5811460e29efbf1ffffffc2246cd1e00000fc0007ebfe9ed0737feebfff600,0202AAD002481BFF005A5811460E29EFBF1FFFFFFC2246CD1E00000FC0007EBFE9ED0737FEEBFFF600,
2026-07-14T15:36:34.164002+00:00,64.498307,valid,2733,585,2865758793,7267,41,hex,CAM,0202aad002491c63005a5811460e29efbf1ffffffc2246cd1e00000fc0007ebfe9ed0737feebfff600,0202AAD002491C63005A5811460E29EFBF1FFFFFFC2246CD1E00000FC0007EBFE9ED0737FEEBFFF600,
2026-07-14T15:36:34.265984+00:00,64.600287,valid,2733,586,2865758794,7367,41,hex,CAM,0202aad0024a1cc7005a5811460e29efbf1ffffffc2246cd1e00000fc0007ebfe9ed0737feebfff600,0202AAD0024A1CC7005A5811460E29EFBF1FFFFFFC2246CD1E00000FC0007EBFE9ED0737FEEBFFF600,
2026-07-14T15:36:34.368024+00:00,64.702327,valid,2733,587,2865758795,7467,41,hex,CAM,0202aad0024b1d2b005a5811460e29efbf1ffffffc2246cd1e00000fc0007ebfe9ed0737feebfff600,0202AAD0024B1D2B005A5811460E29EFBF1FFFFFFC2246CD1E00000FC0007EBFE9ED0737FEEBFFF600,
2026-07-14T15:36:34.470095+00:00,64.804398,valid,2733,588,2865758796,7567,41,hex,CAM,0202aad0024c1d8f005a5811460e29efbf1ffffffc2246cd1e00000fc0007ebfe9ed0737feebfff600,0202AAD0024C1D8F005A5811460E29EFBF1FFFFFFC2246CD1E00000FC0007EBFE9ED0737FEEBFFF600,
2026-07-14T15:36:34.572069+00:00,64.906373,valid,2733,589,2865758797,7667,41,hex,CAM,0202aad0024d1df3005a5811460e29efbf1ffffffc2246cd1e00000fc0007ebfe9ed0737feebfff600,0202AAD0024D1DF3005A5811460E29EFBF1FFFFFFC2246CD1E00000FC0007EBFE9ED0737FEEBFFF600,
2026-07-14T15:36:34.663891+00:00,64.998196,valid,2733,590,2865758798,7767,41,hex,CAM,0202aad0024e1e57005a5811460e29efbf1ffffffc2246cd1e00000fc0007ebfe9ed0737feebfff600,0202AAD0024E1E57005A5811460E29EFBF1FFFFFFC2246CD1E00000FC0007EBFE9ED0737FEEBFFF600,
2026-07-14T15:36:34.765948+00:00,65.100263,valid,2733,591,2865758799,7867,41,hex,CAM,0202aad0024f1ebb005a5811460e29efbf1ffffffc2246cd1e00000fc0007ebfe9ed0737feebfff600,0202AAD0024F1EBB005A5811460E29EFBF1FFFFFFC2246CD1E00000FC0007EBFE9ED0737FEEBFFF600,
2026-07-14T15:36:34.867906+00:00,65.202212,valid,2733,592,2865758800,7967,41,hex,CAM,0202aad002501f1f005a5811460e29efbf1ffffffc2246cd1e00000fc0007ebfe9ed0737feebfff600,0202AAD002501F1F005A5811460E29EFBF1FFFFFFC2246CD1E00000FC0007EBFE9ED0737FEEBFFF600,
2026-07-14T15:36:34.969994+00:00,65.304301,valid,2733,593,2865758801,8067,41,hex,CAM,0202aad002511f83005a5811460e29efbf1ffffffc2246cd1e00000fc0007ebfe9ed0737feebfff600,0202AAD002511F83005A5811460E29EFBF1FFFFFFC2246CD1E00000FC0007EBFE9ED0737FEEBFFF600,
2026-07-14T15:36:35.071786+00:00,65.406089,valid,2733,594,2865758802,8167,41,hex,CAM,0202aad002521fe7005a5811460e29efbf1ffffffc2246cd1e00000fc0007ebfe9ed0737feebfff600,0202AAD002521FE7005A5811460E29EFBF1FFFFFFC2246CD1E00000FC0007EBFE9ED0737FEEBFFF600,
2026-07-14T15:36:35.162913+00:00,65.497204,valid,2733,595,2865758803,8267,41,hex,CAM,0202aad00253204b005a5811460e29efbf1ffffffc2246cd1e00000fc0007ebfe9ed0737feebfff600,0202AAD00253204B005A5811460E29EFBF1FFFFFFC2246CD1E00000FC0007EBFE9ED0737FEEBFFF600,
2026-07-14T15:36:35.266041+00:00,65.600349,valid,2733,596,2865758804,8367,41,hex,CAM,0202aad0025420af005a5811460e29efbf1ffffffc2246cd1e00000fc0007ebfe9ed0737feebfff600,0202AAD0025420AF005A5811460E29EFBF1FFFFFFC2246CD1E00000FC0007EBFE9ED0737FEEBFFF600,
2026-07-14T15:36:35.367996+00:00,65.702299,valid,2733,597,2865758805,8467,41,hex,CAM,0202aad002552113005a5811460e29efbf1ffffffc2246cd1e00000fc0007ebfe9ed0737feebfff600,0202AAD002552113005A5811460E29EFBF1FFFFFFC2246CD1E00000FC0007EBFE9ED0737FEEBFFF600,
2026-07-14T15:36:35.470016+00:00,65.804320,valid,2733,598,2865758806,8567,41,hex,CAM,0202aad002562177005a5811460e29efbf1ffffffc2246cd1e00000fc0007ebfe9ed0737feebfff600,0202AAD002562177005A5811460E29EFBF1FFFFFFC2246CD1E00000FC0007EBFE9ED0737FEEBFFF600,
2026-07-14T15:36:35.571972+00:00,65.906276,valid,2733,599,2865758807,8667,41,hex,CAM,0202aad0025721db005a5811460e29efbf1ffffffc2246cd1e00000fc0007ebfe9ed0737feebfff600,0202AAD0025721DB005A5811460E29EFBF1FFFFFFC2246CD1E00000FC0007EBFE9ED0737FEEBFFF600,
2026-07-14T15:36:35.664037+00:00,65.998341,valid,2733,600,2865758808,8767,41,hex,CAM,0202aad00258223f005a5811460e29efbf1ffffffc2246cd1e00000fc0007ebfe9ed0737feebfff600,0202AAD00258223F005A5811460E29EFBF1FFFFFFC2246CD1E00000FC0007EBFE9ED0737FEEBFFF600,
2026-07-14T15:36:35.766012+00:00,66.100317,valid,2733,601,2865758809,8867,41,hex,CAM,0202aad0025922a3005a5811460e29efbf1ffffffc2246cd1e00000fc0007ebfe9ed0737feebfff600,0202AAD0025922A3005A5811460E29EFBF1FFFFFFC2246CD1E00000FC0007EBFE9ED0737FEEBFFF600,
2026-07-14T15:36:35.868032+00:00,66.202343,valid,2733,602,2865758810,8967,41,hex,CAM,0202aad0025a2307005a5811460e29efbf1ffffffc2246cd1e00000fc0007ebfe9ed0737feebfff600,0202AAD0025A2307005A5811460E29EFBF1FFFFFFC2246CD1E00000FC0007EBFE9ED0737FEEBFFF600,
2026-07-14T15:36:35.969910+00:00,66.304214,valid,2733,603,2865758811,9067,41,hex,CAM,0202aad0025b236b005a5811460e29efbf1ffffffc2246cd1e00000fc0007ebfe9ed0737feebfff600,0202AAD0025B236B005A5811460E29EFBF1FFFFFFC2246CD1E00000FC0007EBFE9ED0737FEEBFFF600,
2026-07-14T15:36:36.071933+00:00,66.406238,valid,2733,604,2865758812,9167,41,hex,CAM,0202aad0025c23cf005a5811460e29efbf1ffffffc2246cd1e00000fc0007ebfe9ed0737feebfff600,0202AAD0025C23CF005A5811460E29EFBF1FFFFFFC2246CD1E00000FC0007EBFE9ED0737FEEBFFF600,
2026-07-14T15:36:36.163924+00:00,66.498232,valid,2733,605,2865758813,9267,41,hex,CAM,0202aad0025d2433005a5811460e29efbf1ffffffc2246cd1e00000fc0007ebfe9ed0737feebfff600,0202AAD0025D2433005A5811460E29EFBF1FFFFFFC2246CD1E00000FC0007EBFE9ED0737FEEBFFF600,
2026-07-14T15:36:36.265948+00:00,66.600253,valid,2733,606,2865758814,9367,41,hex,CAM,0202aad0025e2497005a5811460e29efbf1ffffffc2246cd1e00000fc0007ebfe9ed0737feebfff600,0202AAD0025E2497005A5811460E29EFBF1FFFFFFC2246CD1E00000FC0007EBFE9ED0737FEEBFFF600,
2026-07-14T15:36:36.368055+00:00,66.702358,valid,2733,607,2865758815,9467,41,hex,CAM,0202aad0025f24fb005a5811460e29efbf1ffffffc2246cd1e00000fc0007ebfe9ed0737feebfff600,0202AAD0025F24FB005A5811460E29EFBF1FFFFFFC2246CD1E00000FC0007EBFE9ED0737FEEBFFF600,
2026-07-14T15:36:36.469849+00:00,66.804153,valid,2733,608,2865758816,9567,41,hex,CAM,0202aad00260255f005a5811460e29efbf1ffffffc2246cd1e00000fc0007ebfe9ed0737feebfff600,0202AAD00260255F005A5811460E29EFBF1FFFFFFC2246CD1E00000FC0007EBFE9ED0737FEEBFFF600,
2026-07-14T15:36:36.571915+00:00,66.906218,valid,2733,609,2865758817,9667,41,hex,CAM,0202aad0026125c3005a5811460e29efbf1ffffffc2246cd1e00000fc0007ebfe9ed0737feebfff600,0202AAD0026125C3005A5811460E29EFBF1FFFFFFC2246CD1E00000FC0007EBFE9ED0737FEEBFFF600,
2026-07-14T15:36:36.664009+00:00,66.998313,valid,2733,610,2865758818,9767,41,hex,CAM,0202aad002622627005a5811460e29efbf1ffffffc2246cd1e00000fc0007ebfe9ed0737feebfff600,0202AAD002622627005A5811460E29EFBF1FFFFFFC2246CD1E00000FC0007EBFE9ED0737FEEBFFF600,
2026-07-14T15:36:36.765927+00:00,67.100231,valid,2733,611,2865758819,9867,41,hex,CAM,0202aad00263268b005a5811460e29efbf1ffffffc2246cd1e00000fc0007ebfe9ed0737feebfff600,0202AAD00263268B005A5811460E29EFBF1FFFFFFC2246CD1E00000FC0007EBFE9ED0737FEEBFFF600,
2026-07-14T15:36:36.868004+00:00,67.202309,valid,2733,612,2865758820,9967,41,hex,CAM,0202aad0026426ef005a5811460e29efbf1ffffffc2246cd1e00000fc0007ebfe9ed0737feebfff600,0202AAD0026426EF005A5811460E29EFBF1FFFFFFC2246CD1E00000FC0007EBFE9ED0737FEEBFFF600,
2026-07-14T15:36:36.969889+00:00,67.304193,valid,2733,613,2865758821,10067,41,hex,CAM,0202aad002652753005a5811460e29efbf1ffffffc2246cd1e00000fc0007ebfe9ed0737feebfff600,0202AAD002652753005A5811460E29EFBF1FFFFFFC2246CD1E00000FC0007EBFE9ED0737FEEBFFF600,
2026-07-14T15:36:37.071879+00:00,67.406184,valid,2733,614,2865758822,10167,41,hex,CAM,0202aad0026627b7005a5811460e29efbf1ffffffc2246cd1e00000fc0007ebfe9ed0737feebfff600,0202AAD0026627B7005A5811460E29EFBF1FFFFFFC2246CD1E00000FC0007EBFE9ED0737FEEBFFF600,
2026-07-14T15:36:37.163725+00:00,67.498028,valid,2733,615,2865758823,10267,41,hex,CAM,0202aad00267281b005a5811460e29efbf1ffffffc2246cd1e00000fc0007ebfe9ed0737feebfff600,0202AAD00267281B005A5811460E29EFBF1FFFFFFC2246CD1E00000FC0007EBFE9ED0737FEEBFFF600,
2026-07-14T15:36:37.265906+00:00,67.600212,valid,2733,616,2865758824,10367,41,hex,CAM,0202aad00268287f005a5811460e29efbf1ffffffc2246cd1e00000fc0007ebfe9ed0737feebfff600,0202AAD00268287F005A5811460E29EFBF1FFFFFFC2246CD1E00000FC0007EBFE9ED0737FEEBFFF600,
2026-07-14T15:36:37.368012+00:00,67.702316,valid,2733,617,2865758825,10467,41,hex,CAM,0202aad0026928e3005a5811460e29efbf1ffffffc2246cd1e00000fc0007ebfe9ed0737feebfff600,0202AAD0026928E3005A5811460E29EFBF1FFFFFFC2246CD1E00000FC0007EBFE9ED0737FEEBFFF600,
2026-07-14T15:36:37.469923+00:00,67.804227,valid,2733,618,2865758826,10567,41,hex,CAM,0202aad0026a2947005a5811460e29efbf1ffffffc2246cd1e00000fc0007ebfe9ed0737feebfff600,0202AAD0026A2947005A5811460E29EFBF1FFFFFFC2246CD1E00000FC0007EBFE9ED0737FEEBFFF600,
2026-07-14T15:36:37.571942+00:00,67.906245,valid,2733,619,2865758827,10667,41,hex,CAM,0202aad0026b29ab005a5811460e29efbf1ffffffc2246cd1e00000fc0007ebfe9ed0737feebfff600,0202AAD0026B29AB005A5811460E29EFBF1FFFFFFC2246CD1E00000FC0007EBFE9ED0737FEEBFFF600,
2026-07-14T15:36:37.663960+00:00,67.998262,valid,2733,620,2865758828,10767,41,hex,CAM,0202aad0026c2a0f005a5811460e29efbf1ffffffc2246cd1e00000fc0007ebfe9ed0737feebfff600,0202AAD0026C2A0F005A5811460E29EFBF1FFFFFFC2246CD1E00000FC0007EBFE9ED0737FEEBFFF600,
2026-07-14T15:36:37.765888+00:00,68.100192,valid,2733,621,2865758829,10867,41,hex,CAM,0202aad0026d2a73005a5811460e29efbf1ffffffc2246cd1e00000fc0007ebfe9ed0737feebfff600,0202AAD0026D2A73005A5811460E29EFBF1FFFFFFC2246CD1E00000FC0007EBFE9ED0737FEEBFFF600,
2026-07-14T15:36:37.867938+00:00,68.202243,valid,2733,622,2865758830,10967,41,hex,CAM,0202aad0026e2ad7005a5811460e29efbf1ffffffc2246cd1e00000fc0007ebfe9ed0737feebfff600,0202AAD0026E2AD7005A5811460E29EFBF1FFFFFFC2246CD1E00000FC0007EBFE9ED0737FEEBFFF600,
2026-07-14T15:36:37.970034+00:00,68.304339,valid,2733,623,2865758831,11067,41,hex,CAM,0202aad0026f2b3b005a5811460e29efbf1ffffffc2246cd1e00000fc0007ebfe9ed0737feebfff600,0202AAD0026F2B3B005A5811460E29EFBF1FFFFFFC2246CD1E00000FC0007EBFE9ED0737FEEBFFF600,
2026-07-14T15:36:38.072009+00:00,68.406314,valid,2733,624,2865758832,11167,41,hex,CAM,0202aad002702b9f005a5811460e29efbf1ffffffc2246cd1e00000fc0007ebfe9ed0737feebfff600,0202AAD002702B9F005A5811460E29EFBF1FFFFFFC2246CD1E00000FC0007EBFE9ED0737FEEBFFF600,
2026-07-14T15:36:38.163956+00:00,68.498260,valid,2733,625,2865758833,11267,41,hex,CAM,0202aad002712c03005a5811460e29efbf1ffffffc2246cd1e00000fc0007ebfe9ed0737feebfff600,0202AAD002712C03005A5811460E29EFBF1FFFFFFC2246CD1E00000FC0007EBFE9ED0737FEEBFFF600,
2026-07-14T15:36:38.265902+00:00,68.600210,valid,2733,626,2865758834,11367,41,hex,CAM,0202aad002722c67005a5811460e29efbf1ffffffc2246cd1e00000fc0007ebfe9ed0737feebfff600,0202AAD002722C67005A5811460E29EFBF1FFFFFFC2246CD1E00000FC0007EBFE9ED0737FEEBFFF600,
2026-07-14T15:36:38.367511+00:00,68.701800,valid,2733,627,2865758835,11467,41,hex,CAM,0202aad002732ccb005a5811460e29efbf1ffffffc2246cd1e00000fc0007ebfe9ed0737feebfff600,0202AAD002732CCB005A5811460E29EFBF1FFFFFFC2246CD1E00000FC0007EBFE9ED0737FEEBFFF600,
2026-07-14T15:36:38.470017+00:00,68.804323,valid,2733,628,2865758836,11567,41,hex,CAM,0202aad002742d2f005a5811460e29efbf1ffffffc2246cd1e00000fc0007ebfe9ed0737feebfff600,0202AAD002742D2F005A5811460E29EFBF1FFFFFFC2246CD1E00000FC0007EBFE9ED0737FEEBFFF600,
2026-07-14T15:36:38.572130+00:00,68.906440,valid,2733,629,2865758837,11667,41,hex,CAM,0202aad002752d93005a5811460e29efbf1ffffffc2246cd1e00000fc0007ebfe9ed0737feebfff600,0202AAD002752D93005A5811460E29EFBF1FFFFFFC2246CD1E00000FC0007EBFE9ED0737FEEBFFF600,
2026-07-14T15:36:38.663985+00:00,68.998290,valid,2733,630,2865758838,11767,41,hex,CAM,0202aad002762df7005a5811460e29efbf1ffffffc2246cd1e00000fc0007ebfe9ed0737feebfff600,0202AAD002762DF7005A5811460E29EFBF1FFFFFFC2246CD1E00000FC0007EBFE9ED0737FEEBFFF600,
2026-07-14T15:36:38.766010+00:00,69.100315,valid,2733,631,2865758839,11867,41,hex,CAM,0202aad002772e5b005a5811460e29efbf1ffffffc2246cd1e00000fc0007ebfe9ed0737feebfff600,0202AAD002772E5B005A5811460E29EFBF1FFFFFFC2246CD1E00000FC0007EBFE9ED0737FEEBFFF600,
2026-07-14T15:36:38.867984+00:00,69.202289,valid,2733,632,2865758840,11967,41,hex,CAM,0202aad002782ebf005a5811460e29efbf1ffffffc2246cd1e00000fc0007ebfe9ed0737feebfff600,0202AAD002782EBF005A5811460E29EFBF1FFFFFFC2246CD1E00000FC0007EBFE9ED0737FEEBFFF600,
2026-07-14T15:36:38.970035+00:00,69.304340,valid,2733,633,2865758841,12067,41,hex,CAM,0202aad002792f23005a5811460e29efbf1ffffffc2246cd1e00000fc0007ebfe9ed0737feebfff600,0202AAD002792F23005A5811460E29EFBF1FFFFFFC2246CD1E00000FC0007EBFE9ED0737FEEBFFF600,
2026-07-14T15:36:39.071988+00:00,69.406294,valid,2733,634,2865758842,12167,41,hex,CAM,0202aad0027a2f87005a5811460e29efbf1ffffffc2246cd1e00000fc0007ebfe9ed0737feebfff600,0202AAD0027A2F87005A5811460E29EFBF1FFFFFFC2246CD1E00000FC0007EBFE9ED0737FEEBFFF600,
2026-07-14T15:36:39.163971+00:00,69.498275,valid,2733,635,2865758843,12267,41,hex,CAM,0202aad0027b2feb005a5811460e29efbf1ffffffc2246cd1e00000fc0007ebfe9ed0737feebfff600,0202AAD0027B2FEB005A5811460E29EFBF1FFFFFFC2246CD1E00000FC0007EBFE9ED0737FEEBFFF600,
2026-07-14T15:36:39.265948+00:00,69.600255,valid,2733,636,2865758844,12367,41,hex,CAM,0202aad0027c304f005a5811460e29efbf1ffffffc2246cd1e00000fc0007ebfe9ed0737feebfff600,0202AAD0027C304F005A5811460E29EFBF1FFFFFFC2246CD1E00000FC0007EBFE9ED0737FEEBFFF600,
2026-07-14T15:36:39.367957+00:00,69.702261,valid,2733,637,2865758845,12467,41,hex,CAM,0202aad0027d30b3005a5811460e29efbf1ffffffc2246cd1e00000fc0007ebfe9ed0737feebfff600,0202AAD0027D30B3005A5811460E29EFBF1FFFFFFC2246CD1E00000FC0007EBFE9ED0737FEEBFFF600,
2026-07-14T15:36:39.469878+00:00,69.804182,valid,2733,638,2865758846,12567,41,hex,CAM,0202aad0027e3117005a5811460e29efbf1ffffffc2246cd1e00000fc0007ebfe9ed0737feebfff600,0202AAD0027E3117005A5811460E29EFBF1FFFFFFC2246CD1E00000FC0007EBFE9ED0737FEEBFFF600,
2026-07-14T15:36:39.571972+00:00,69.906277,valid,2733,639,2865758847,12667,41,hex,CAM,0202aad0027f317b005a5811460e29efbf1ffffffc2246cd1e00000fc0007ebfe9ed0737feebfff600,0202AAD0027F317B005A5811460E29EFBF1FFFFFFC2246CD1E00000FC0007EBFE9ED0737FEEBFFF600,
2026-07-14T15:36:39.663971+00:00,69.998276,valid,2733,640,2865758848,12767,41,hex,CAM,0202aad0028031df005a5811460e29efbf1ffffffc2246cd1e00000fc0007ebfe9ed0737feebfff600,0202AAD0028031DF005A5811460E29EFBF1FFFFFFC2246CD1E00000FC0007EBFE9ED0737FEEBFFF600,
2026-07-14T15:36:39.765918+00:00,70.100221,valid,2733,641,2865758849,12867,41,hex,CAM,0202aad002813243005a5811460e29efbf1ffffffc2246cd1e00000fc0007ebfe9ed0737feebfff600,0202AAD002813243005A5811460E29EFBF1FFFFFFC2246CD1E00000FC0007EBFE9ED0737FEEBFFF600,
2026-07-14T15:36:39.868001+00:00,70.202307,valid,2733,642,2865758850,12967,41,hex,CAM,0202aad0028232a7005a5811460e29efbf1ffffffc2246cd1e00000fc0007ebfe9ed0737feebfff600,0202AAD0028232A7005A5811460E29EFBF1FFFFFFC2246CD1E00000FC0007EBFE9ED0737FEEBFFF600,
2026-07-14T15:36:39.970013+00:00,70.304321,valid,2733,643,2865758851,13067,41,hex,CAM,0202aad00283330b005a5811460e29efbf1ffffffc2246cd1e00000fc0007ebfe9ed0737feebfff600,0202AAD00283330B005A5811460E29EFBF1FFFFFFC2246CD1E00000FC0007EBFE9ED0737FEEBFFF600,
2026-07-14T15:36:40.071959+00:00,70.406267,valid,2733,644,2865758852,13167,41,hex,CAM,0202aad00284336f005a5811460e29efbf1ffffffc2246cd1e00000fc0007ebfe9ed0737feebfff600,0202AAD00284336F005A5811460E29EFBF1FFFFFFC2246CD1E00000FC0007EBFE9ED0737FEEBFFF600,
2026-07-14T15:36:40.163975+00:00,70.498280,valid,2733,645,2865758853,13267,41,hex,CAM,0202aad0028533d3005a5811460e29efbf1ffffffc2246cd1e00000fc0007ebfe9ed0737feebfff600,0202AAD0028533D3005A5811460E29EFBF1FFFFFFC2246CD1E00000FC0007EBFE9ED0737FEEBFFF600,
2026-07-14T15:36:40.265937+00:00,70.600245,valid,2733,646,2865758854,13367,41,hex,CAM,0202aad002863437005a5811460e29efbf1ffffffc2246cd1e00000fc0007ebfe9ed0737feebfff600,0202AAD002863437005A5811460E29EFBF1FFFFFFC2246CD1E00000FC0007EBFE9ED0737FEEBFFF600,
2026-07-14T15:36:40.367897+00:00,70.702202,valid,2733,647,2865758855,13467,41,hex,CAM,0202aad00287349b005a5811460e29efbf1ffffffc2246cd1e00000fc0007ebfe9ed0737feebfff600,0202AAD00287349B005A5811460E29EFBF1FFFFFFC2246CD1E00000FC0007EBFE9ED0737FEEBFFF600,
2026-07-14T15:36:40.471597+00:00,70.805938,valid,2733,648,2865758856,13567,41,hex,CAM,0202aad0028834ff005a5811460e29efbf1ffffffc2246cd1e00000fc0007ebfe9ed0737feebfff600,0202AAD0028834FF005A5811460E29EFBF1FFFFFFC2246CD1E00000FC0007EBFE9ED0737FEEBFFF600,
2026-07-14T15:36:40.573491+00:00,70.907803,valid,2733,649,2865758857,13667,41,hex,CAM,0202aad002893563005a5811460e29efbf1ffffffc2246cd1e00000fc0007ebfe9ed0737feebfff600,0202AAD002893563005A5811460E29EFBF1FFFFFFC2246CD1E00000FC0007EBFE9ED0737FEEBFFF600,
2026-07-14T15:36:40.664067+00:00,70.998371,valid,2733,650,2865758858,13767,41,hex,CAM,0202aad0028a35c7005a5811460e29efbf1ffffffc2246cd1e00000fc0007ebfe9ed0737feebfff600,0202AAD0028A35C7005A5811460E29EFBF1FFFFFFC2246CD1E00000FC0007EBFE9ED0737FEEBFFF600,
2026-07-14T15:36:40.766014+00:00,71.100318,valid,2733,651,2865758859,13867,41,hex,CAM,0202aad0028b362b005a5811460e29efbf1ffffffc2246cd1e00000fc0007ebfe9ed0737feebfff600,0202AAD0028B362B005A5811460E29EFBF1FFFFFFC2246CD1E00000FC0007EBFE9ED0737FEEBFFF600,
2026-07-14T15:36:40.868041+00:00,71.202346,valid,2733,652,2865758860,13967,41,hex,CAM,0202aad0028c368f005a5811460e29efbf1ffffffc2246cd1e00000fc0007ebfe9ed0737feebfff600,0202AAD0028C368F005A5811460E29EFBF1FFFFFFC2246CD1E00000FC0007EBFE9ED0737FEEBFFF600,
2026-07-14T15:36:40.969986+00:00,71.304292,valid,2733,653,2865758861,14067,41,hex,CAM,0202aad0028d36f3005a5811460e29efbf1ffffffc2246cd1e00000fc0007ebfe9ed0737feebfff600,0202AAD0028D36F3005A5811460E29EFBF1FFFFFFC2246CD1E00000FC0007EBFE9ED0737FEEBFFF600,
2026-07-14T15:36:41.072036+00:00,71.406343,valid,2733,654,2865758862,14167,41,hex,CAM,0202aad0028e3757005a5811460e29efbf1ffffffc2246cd1e00000fc0007ebfe9ed0737feebfff600,0202AAD0028E3757005A5811460E29EFBF1FFFFFFC2246CD1E00000FC0007EBFE9ED0737FEEBFFF600,
2026-07-14T15:36:41.164021+00:00,71.498325,valid,2733,655,2865758863,14267,41,hex,CAM,0202aad0028f37bb005a5811460e29efbf1ffffffc2246cd1e00000fc0007ebfe9ed0737feebfff600,0202AAD0028F37BB005A5811460E29EFBF1FFFFFFC2246CD1E00000FC0007EBFE9ED0737FEEBFFF600,
2026-07-14T15:36:41.266018+00:00,71.600323,valid,2733,656,2865758864,14367,41,hex,CAM,0202aad00290381f005a5811460e29efbf1ffffffc2246cd1e00000fc0007ebfe9ed0737feebfff600,0202AAD00290381F005A5811460E29EFBF1FFFFFFC2246CD1E00000FC0007EBFE9ED0737FEEBFFF600,
2026-07-14T15:36:41.367975+00:00,71.702282,valid,2733,657,2865758865,14467,41,hex,CAM,0202aad002913883005a5811460e29efbf1ffffffc2246cd1e00000fc0007ebfe9ed0737feebfff600,0202AAD002913883005A5811460E29EFBF1FFFFFFC2246CD1E00000FC0007EBFE9ED0737FEEBFFF600,
2026-07-14T15:36:41.470030+00:00,71.804337,valid,2733,658,2865758866,14567,41,hex,CAM,0202aad0029238e7005a5811460e29efbf1ffffffc2246cd1e00000fc0007ebfe9ed0737feebfff600,0202AAD0029238E7005A5811460E29EFBF1FFFFFFC2246CD1E00000FC0007EBFE9ED0737FEEBFFF600,
2026-07-14T15:36:41.571996+00:00,71.906299,valid,2733,659,2865758867,14667,41,hex,CAM,0202aad00293394b005a5811460e29efbf1ffffffc2246cd1e00000fc0007ebfe9ed0737feebfff600,0202AAD00293394B005A5811460E29EFBF1FFFFFFC2246CD1E00000FC0007EBFE9ED0737FEEBFFF600,
2026-07-14T15:36:41.664006+00:00,71.998310,valid,2733,660,2865758868,14767,41,hex,CAM,0202aad0029439af005a5811460e29efbf1ffffffc2246cd1e00000fc0007ebfe9ed0737feebfff600,0202AAD0029439AF005A5811460E29EFBF1FFFFFFC2246CD1E00000FC0007EBFE9ED0737FEEBFFF600,
2026-07-14T15:36:41.766033+00:00,72.100337,valid,2733,661,2865758869,14867,41,hex,CAM,0202aad002953a13005a5811460e29efbf1ffffffc2246cd1e00000fc0007ebfe9ed0737feebfff600,0202AAD002953A13005A5811460E29EFBF1FFFFFFC2246CD1E00000FC0007EBFE9ED0737FEEBFFF600,
2026-07-14T15:36:41.868005+00:00,72.202309,valid,2733,662,2865758870,14967,41,hex,CAM,0202aad002963a77005a5811460e29efbf1ffffffc2246cd1e00000fc0007ebfe9ed0737feebfff600,0202AAD002963A77005A5811460E29EFBF1FFFFFFC2246CD1E00000FC0007EBFE9ED0737FEEBFFF600,
2026-07-14T15:36:41.970024+00:00,72.304329,valid,2733,663,2865758871,15067,41,hex,CAM,0202aad002973adb005a5811460e29efbf1ffffffc2246cd1e00000fc0007ebfe9ed0737feebfff600,0202AAD002973ADB005A5811460E29EFBF1FFFFFFC2246CD1E00000FC0007EBFE9ED0737FEEBFFF600,
2026-07-14T15:36:42.072095+00:00,72.406400,valid,2733,664,2865758872,15167,41,hex,CAM,0202aad002983b3f005a5811460e29efbf1ffffffc2246cd1e00000fc0007ebfe9ed0737feebfff600,0202AAD002983B3F005A5811460E29EFBF1FFFFFFC2246CD1E00000FC0007EBFE9ED0737FEEBFFF600,
2026-07-14T15:36:42.164298+00:00,72.498606,valid,2733,665,2865758873,15267,41,hex,CAM,0202aad002993ba3005a5811460e29efbf1ffffffc2246cd1e00000fc0007ebfe9ed0737feebfff600,0202AAD002993BA3005A5811460E29EFBF1FFFFFFC2246CD1E00000FC0007EBFE9ED0737FEEBFFF600,
2026-07-14T15:36:42.266028+00:00,72.600332,valid,2733,666,2865758874,15367,41,hex,CAM,0202aad0029a3c07005a5811460e29efbf1ffffffc2246cd1e00000fc0007ebfe9ed0737feebfff600,0202AAD0029A3C07005A5811460E29EFBF1FFFFFFC2246CD1E00000FC0007EBFE9ED0737FEEBFFF600,
2026-07-14T15:36:42.367949+00:00,72.702254,valid,2733,667,2865758875,15467,41,hex,CAM,0202aad0029b3c6b005a5811460e29efbf1ffffffc2246cd1e00000fc0007ebfe9ed0737feebfff600,0202AAD0029B3C6B005A5811460E29EFBF1FFFFFFC2246CD1E00000FC0007EBFE9ED0737FEEBFFF600,
2026-07-14T15:36:42.469914+00:00,72.804220,valid,2733,668,2865758876,15567,41,hex,CAM,0202aad0029c3ccf005a5811460e29efbf1ffffffc2246cd1e00000fc0007ebfe9ed0737feebfff600,0202AAD0029C3CCF005A5811460E29EFBF1FFFFFFC2246CD1E00000FC0007EBFE9ED0737FEEBFFF600,
2026-07-14T15:36:42.572035+00:00,72.906340,valid,2733,669,2865758877,15667,41,hex,CAM,0202aad0029d3d33005a5811460e29efbf1ffffffc2246cd1e00000fc0007ebfe9ed0737feebfff600,0202AAD0029D3D33005A5811460E29EFBF1FFFFFFC2246CD1E00000FC0007EBFE9ED0737FEEBFFF600,
2026-07-14T15:36:42.663983+00:00,72.998293,valid,2733,670,2865758878,15767,41,hex,CAM,0202aad0029e3d97005a5811460e29efbf1ffffffc2246cd1e00000fc0007ebfe9ed0737feebfff600,0202AAD0029E3D97005A5811460E29EFBF1FFFFFFC2246CD1E00000FC0007EBFE9ED0737FEEBFFF600,
2026-07-14T15:36:42.766053+00:00,73.100357,valid,2733,671,2865758879,15867,41,hex,CAM,0202aad0029f3dfb005a5811460e29efbf1ffffffc2246cd1e00000fc0007ebfe9ed0737feebfff600,0202AAD0029F3DFB005A5811460E29EFBF1FFFFFFC2246CD1E00000FC0007EBFE9ED0737FEEBFFF600,
2026-07-14T15:36:42.867899+00:00,73.202204,valid,2733,672,2865758880,15967,41,hex,CAM,0202aad002a03e5f005a5811460e29efbf1ffffffc2246cd1e00000fc0007ebfe9ed0737feebfff600,0202AAD002A03E5F005A5811460E29EFBF1FFFFFFC2246CD1E00000FC0007EBFE9ED0737FEEBFFF600,
2026-07-14T15:36:42.970091+00:00,73.304401,valid,2733,673,2865758881,16067,41,hex,CAM,0202aad002a13ec3005a5811460e29efbf1ffffffc2246cd1e00000fc0007ebfe9ed0737feebfff600,0202AAD002A13EC3005A5811460E29EFBF1FFFFFFC2246CD1E00000FC0007EBFE9ED0737FEEBFFF600,
2026-07-14T15:36:43.072831+00:00,73.407138,valid,2733,674,2865758882,16167,41,hex,CAM,0202aad002a23f27005a5811460e29efbf1ffffffc2246cd1e00000fc0007ebfe9ed0737feebfff600,0202AAD002A23F27005A5811460E29EFBF1FFFFFFC2246CD1E00000FC0007EBFE9ED0737FEEBFFF600,
2026-07-14T15:36:43.164062+00:00,73.498366,valid,2733,675,2865758883,16267,41,hex,CAM,0202aad002a33f8b005a5811460e29efbf1ffffffc2246cd1e00000fc0007ebfe9ed0737feebfff600,0202AAD002A33F8B005A5811460E29EFBF1FFFFFFC2246CD1E00000FC0007EBFE9ED0737FEEBFFF600,
2026-07-14T15:36:43.266051+00:00,73.600356,valid,2733,676,2865758884,16367,41,hex,CAM,0202aad002a43fef005a5811460e29efbf1ffffffc2246cd1e00000fc0007ebfe9ed0737feebfff600,0202AAD002A43FEF005A5811460E29EFBF1FFFFFFC2246CD1E00000FC0007EBFE9ED0737FEEBFFF600,
2026-07-14T15:36:43.368043+00:00,73.702346,valid,2733,677,2865758885,16467,41,hex,CAM,0202aad002a54053005a5811460e29efbf1ffffffc2246cd1e00000fc0007ebfe9ed0737feebfff600,0202AAD002A54053005A5811460E29EFBF1FFFFFFC2246CD1E00000FC0007EBFE9ED0737FEEBFFF600,
2026-07-14T15:36:43.470004+00:00,73.804311,valid,2733,678,2865758886,16567,41,hex,CAM,0202aad002a640b7005a5811460e29efbf1ffffffc2246cd1e00000fc0007ebfe9ed0737feebfff600,0202AAD002A640B7005A5811460E29EFBF1FFFFFFC2246CD1E00000FC0007EBFE9ED0737FEEBFFF600,
2026-07-14T15:36:43.571996+00:00,73.906301,valid,2733,679,2865758887,16667,41,hex,CAM,0202aad002a7411b005a5811460e29efbf1ffffffc2246cd1e00000fc0007ebfe9ed0737feebfff600,0202AAD002A7411B005A5811460E29EFBF1FFFFFFC2246CD1E00000FC0007EBFE9ED0737FEEBFFF600,
2026-07-14T15:36:43.664104+00:00,73.998409,valid,2733,680,2865758888,16767,41,hex,CAM,0202aad002a8417f005a5811460e29efbf1ffffffc2246cd1e00000fc0007ebfe9ed0737feebfff600,0202AAD002A8417F005A5811460E29EFBF1FFFFFFC2246CD1E00000FC0007EBFE9ED0737FEEBFFF600,
2026-07-14T15:36:43.766054+00:00,74.100357,valid,2733,681,2865758889,16867,41,hex,CAM,0202aad002a941e3005a5811460e29efbf1ffffffc2246cd1e00000fc0007ebfe9ed0737feebfff600,0202AAD002A941E3005A5811460E29EFBF1FFFFFFC2246CD1E00000FC0007EBFE9ED0737FEEBFFF600,
2026-07-14T15:36:43.867939+00:00,74.202245,valid,2733,682,2865758890,16967,41,hex,CAM,0202aad002aa4247005a5811460e29efbf1ffffffc2246cd1e00000fc0007ebfe9ed0737feebfff600,0202AAD002AA4247005A5811460E29EFBF1FFFFFFC2246CD1E00000FC0007EBFE9ED0737FEEBFFF600,
2026-07-14T15:36:43.970104+00:00,74.304409,valid,2733,683,2865758891,17067,41,hex,CAM,0202aad002ab42ab005a5811460e29efbf1ffffffc2246cd1e00000fc0007ebfe9ed0737feebfff600,0202AAD002AB42AB005A5811460E29EFBF1FFFFFFC2246CD1E00000FC0007EBFE9ED0737FEEBFFF600,
2026-07-14T15:36:44.072017+00:00,74.406322,valid,2733,684,2865758892,17167,41,hex,CAM,0202aad002ac430f005a5811460e29efbf1ffffffc2246cd1e00000fc0007ebfe9ed0737feebfff600,0202AAD002AC430F005A5811460E29EFBF1FFFFFFC2246CD1E00000FC0007EBFE9ED0737FEEBFFF600,
2026-07-14T15:36:44.164000+00:00,74.498304,valid,2733,685,2865758893,17267,41,hex,CAM,0202aad002ad4373005a5811460e29efbf1ffffffc2246cd1e00000fc0007ebfe9ed0737feebfff600,0202AAD002AD4373005A5811460E29EFBF1FFFFFFC2246CD1E00000FC0007EBFE9ED0737FEEBFFF600,
2026-07-14T15:36:44.266031+00:00,74.600335,valid,2733,686,2865758894,17367,41,hex,CAM,0202aad002ae43d7005a5811460e29efbf1ffffffc2246cd1e00000fc0007ebfe9ed0737feebfff600,0202AAD002AE43D7005A5811460E29EFBF1FFFFFFC2246CD1E00000FC0007EBFE9ED0737FEEBFFF600,
2026-07-14T15:36:44.367956+00:00,74.702261,valid,2733,687,2865758895,17467,41,hex,CAM,0202aad002af443b005a5811460e29efbf1ffffffc2246cd1e00000fc0007ebfe9ed0737feebfff600,0202AAD002AF443B005A5811460E29EFBF1FFFFFFC2246CD1E00000FC0007EBFE9ED0737FEEBFFF600,
2026-07-14T15:36:44.468972+00:00,74.803265,valid,2733,688,2865758896,17567,41,hex,CAM,0202aad002b0449f005a5811460e29efbf1ffffffc2246cd1e00000fc0007ebfe9ed0737feebfff600,0202AAD002B0449F005A5811460E29EFBF1FFFFFFC2246CD1E00000FC0007EBFE9ED0737FEEBFFF600,
2026-07-14T15:36:44.571651+00:00,74.905954,valid,2733,689,2865758897,17667,41,hex,CAM,0202aad002b14503005a5811460e29efbf1ffffffc2246cd1e00000fc0007ebfe9ed0737feebfff600,0202AAD002B14503005A5811460E29EFBF1FFFFFFC2246CD1E00000FC0007EBFE9ED0737FEEBFFF600,
2026-07-14T15:36:44.663383+00:00,74.997680,valid,2733,690,2865758898,17767,41,hex,CAM,0202aad002b24567005a5811460e29efbf1ffffffc2246cd1e00000fc0007ebfe9ed0737feebfff600,0202AAD002B24567005A5811460E29EFBF1FFFFFFC2246CD1E00000FC0007EBFE9ED0737FEEBFFF600,
2026-07-14T15:36:44.764999+00:00,75.099290,valid,2733,691,2865758899,17867,41,hex,CAM,0202aad002b345cb005a5811460e29efbf1ffffffc2246cd1e00000fc0007ebfe9ed0737feebfff600,0202AAD002B345CB005A5811460E29EFBF1FFFFFFC2246CD1E00000FC0007EBFE9ED0737FEEBFFF600,
2026-07-14T15:36:44.866996+00:00,75.201286,valid,2733,692,2865758900,17967,41,hex,CAM,0202aad002b4462f005a5811460e29efbf1ffffffc2246cd1e00000fc0007ebfe9ed0737feebfff600,0202AAD002B4462F005A5811460E29EFBF1FFFFFFC2246CD1E00000FC0007EBFE9ED0737FEEBFFF600,
2026-07-14T15:36:44.970028+00:00,75.304336,valid,2733,693,2865758901,18067,41,hex,CAM,0202aad002b54693005a5811460e29efbf1ffffffc2246cd1e00000fc0007ebfe9ed0737feebfff600,0202AAD002B54693005A5811460E29EFBF1FFFFFFC2246CD1E00000FC0007EBFE9ED0737FEEBFFF600,
2026-07-14T15:36:45.072046+00:00,75.406355,valid,2733,694,2865758902,18167,41,hex,CAM,0202aad002b646f7005a5811460e29efbf1ffffffc2246cd1e00000fc0007ebfe9ed0737feebfff600,0202AAD002B646F7005A5811460E29EFBF1FFFFFFC2246CD1E00000FC0007EBFE9ED0737FEEBFFF600,
2026-07-14T15:36:45.163866+00:00,75.498167,valid,2733,695,2865758903,18267,41,hex,CAM,0202aad002b7475b005a5811460e29efbf1ffffffc2246cd1e00000fc0007ebfe9ed0737feebfff600,0202AAD002B7475B005A5811460E29EFBF1FFFFFFC2246CD1E00000FC0007EBFE9ED0737FEEBFFF600,
2026-07-14T15:36:45.265891+00:00,75.600195,valid,2733,696,2865758904,18367,41,hex,CAM,0202aad002b847bf005a5811460e29efbf1ffffffc2246cd1e00000fc0007ebfe9ed0737feebfff600,0202AAD002B847BF005A5811460E29EFBF1FFFFFFC2246CD1E00000FC0007EBFE9ED0737FEEBFFF600,
2026-07-14T15:36:45.367989+00:00,75.702294,valid,2733,697,2865758905,18467,41,hex,CAM,0202aad002b94823005a5811460e29efbf1ffffffc2246cd1e00000fc0007ebfe9ed0737feebfff600,0202AAD002B94823005A5811460E29EFBF1FFFFFFC2246CD1E00000FC0007EBFE9ED0737FEEBFFF600,
2026-07-14T15:36:45.469806+00:00,75.804106,valid,2733,698,2865758906,18567,41,hex,CAM,0202aad002ba4887005a5811460e29efbf1ffffffc2246cd1e00000fc0007ebfe9ed0737feebfff600,0202AAD002BA4887005A5811460E29EFBF1FFFFFFC2246CD1E00000FC0007EBFE9ED0737FEEBFFF600,
2026-07-14T15:36:45.572046+00:00,75.906352,valid,2733,699,2865758907,18667,41,hex,CAM,0202aad002bb48eb005a5811460e29efbf1ffffffc2246cd1e00000fc0007ebfe9ed0737feebfff600,0202AAD002BB48EB005A5811460E29EFBF1FFFFFFC2246CD1E00000FC0007EBFE9ED0737FEEBFFF600,
2026-07-14T15:36:45.664088+00:00,75.998393,valid,2733,700,2865758908,18767,41,hex,CAM,0202aad002bc494f005a5811460e29efbf1ffffffc2246cd1e00000fc0007ebfe9ed0737feebfff600,0202AAD002BC494F005A5811460E29EFBF1FFFFFFC2246CD1E00000FC0007EBFE9ED0737FEEBFFF600,
2026-07-14T15:36:45.765735+00:00,76.100036,valid,2733,701,2865758909,18867,41,hex,CAM,0202aad002bd49b3005a5811460e29efbf1ffffffc2246cd1e00000fc0007ebfe9ed0737feebfff600,0202AAD002BD49B3005A5811460E29EFBF1FFFFFFC2246CD1E00000FC0007EBFE9ED0737FEEBFFF600,
2026-07-14T15:36:45.868160+00:00,76.202465,valid,2733,702,2865758910,18967,41,hex,CAM,0202aad002be4a17005a5811460e29efbf1ffffffc2246cd1e00000fc0007ebfe9ed0737feebfff600,0202AAD002BE4A17005A5811460E29EFBF1FFFFFFC2246CD1E00000FC0007EBFE9ED0737FEEBFFF600,
2026-07-14T15:36:45.970054+00:00,76.304361,valid,2733,703,2865758911,19067,41,hex,CAM,0202aad002bf4a7b005a5811460e29efbf1ffffffc2246cd1e00000fc0007ebfe9ed0737feebfff600,0202AAD002BF4A7B005A5811460E29EFBF1FFFFFFC2246CD1E00000FC0007EBFE9ED0737FEEBFFF600,
2026-07-14T15:36:46.072048+00:00,76.406354,valid,2733,704,2865758912,19167,41,hex,CAM,0202aad002c04adf005a5811460e29efbf1ffffffc2246cd1e00000fc0007ebfe9ed0737feebfff600,0202AAD002C04ADF005A5811460E29EFBF1FFFFFFC2246CD1E00000FC0007EBFE9ED0737FEEBFFF600,
2026-07-14T15:36:46.164013+00:00,76.498317,valid,2733,705,2865758913,19267,41,hex,CAM,0202aad002c14b43005a5811460e29efbf1ffffffc2246cd1e00000fc0007ebfe9ed0737feebfff600,0202AAD002C14B43005A5811460E29EFBF1FFFFFFC2246CD1E00000FC0007EBFE9ED0737FEEBFFF600,
2026-07-14T15:36:46.266021+00:00,76.600329,valid,2733,706,2865758914,19367,41,hex,CAM,0202aad002c24ba7005a5811460e29efbf1ffffffc2246cd1e00000fc0007ebfe9ed0737feebfff600,0202AAD002C24BA7005A5811460E29EFBF1FFFFFFC2246CD1E00000FC0007EBFE9ED0737FEEBFFF600,
2026-07-14T15:36:46.368079+00:00,76.702383,valid,2733,707,2865758915,19467,41,hex,CAM,0202aad002c34c0b005a5811460e29efbf1ffffffc2246cd1e00000fc0007ebfe9ed0737feebfff600,0202AAD002C34C0B005A5811460E29EFBF1FFFFFFC2246CD1E00000FC0007EBFE9ED0737FEEBFFF600,
2026-07-14T15:36:46.470048+00:00,76.804353,valid,2733,708,2865758916,19567,41,hex,CAM,0202aad002c44c6f005a5811460e29efbf1ffffffc2246cd1e00000fc0007ebfe9ed0737feebfff600,0202AAD002C44C6F005A5811460E29EFBF1FFFFFFC2246CD1E00000FC0007EBFE9ED0737FEEBFFF600,
2026-07-14T15:36:46.571976+00:00,76.906282,valid,2733,709,2865758917,19667,41,hex,CAM,0202aad002c54cd3005a5811460e29efbf1ffffffc2246cd1e00000fc0007ebfe9ed0737feebfff600,0202AAD002C54CD3005A5811460E29EFBF1FFFFFFC2246CD1E00000FC0007EBFE9ED0737FEEBFFF600,
2026-07-14T15:36:46.664057+00:00,76.998361,valid,2733,710,2865758918,19767,41,hex,CAM,0202aad002c64d37005a5811460e29efbf1ffffffc2246cd1e00000fc0007ebfe9ed0737feebfff600,0202AAD002C64D37005A5811460E29EFBF1FFFFFFC2246CD1E00000FC0007EBFE9ED0737FEEBFFF600,
2026-07-14T15:36:46.766142+00:00,77.100445,valid,2733,711,2865758919,19867,41,hex,CAM,0202aad002c74d9b005a5811460e29efbf1ffffffc2246cd1e00000fc0007ebfe9ed0737feebfff600,0202AAD002C74D9B005A5811460E29EFBF1FFFFFFC2246CD1E00000FC0007EBFE9ED0737FEEBFFF600,
2026-07-14T15:36:46.868070+00:00,77.202376,valid,2733,712,2865758920,19967,41,hex,CAM,0202aad002c84dff005a5811460e29efbf1ffffffc2246cd1e00000fc0007ebfe9ed0737feebfff600,0202AAD002C84DFF005A5811460E29EFBF1FFFFFFC2246CD1E00000FC0007EBFE9ED0737FEEBFFF600,
2026-07-14T15:36:46.970056+00:00,77.304362,valid,2733,713,2865758921,20067,41,hex,CAM,0202aad002c94e63005a5811460e29efbf1ffffffc2246cd1e00000fc0007ebfe9ed0737feebfff600,0202AAD002C94E63005A5811460E29EFBF1FFFFFFC2246CD1E00000FC0007EBFE9ED0737FEEBFFF600,
2026-07-14T15:36:47.072255+00:00,77.406567,valid,2733,714,2865758922,20167,41,hex,CAM,0202aad002ca4ec7005a5811460e29efbf1ffffffc2246cd1e00000fc0007ebfe9ed0737feebfff600,0202AAD002CA4EC7005A5811460E29EFBF1FFFFFFC2246CD1E00000FC0007EBFE9ED0737FEEBFFF600,
2026-07-14T15:36:47.163967+00:00,77.498272,valid,2733,715,2865758923,20267,41,hex,CAM,0202aad002cb4f2b005a5811460e29efbf1ffffffc2246cd1e00000fc0007ebfe9ed0737feebfff600,0202AAD002CB4F2B005A5811460E29EFBF1FFFFFFC2246CD1E00000FC0007EBFE9ED0737FEEBFFF600,
2026-07-14T15:36:47.266036+00:00,77.600343,valid,2733,716,2865758924,20367,41,hex,CAM,0202aad002cc4f8f005a5811460e29efbf1ffffffc2246cd1e00000fc0007ebfe9ed0737feebfff600,0202AAD002CC4F8F005A5811460E29EFBF1FFFFFFC2246CD1E00000FC0007EBFE9ED0737FEEBFFF600,
2026-07-14T15:36:47.368071+00:00,77.702375,valid,2733,717,2865758925,20467,41,hex,CAM,0202aad002cd4ff3005a5811460e29efbf1ffffffc2246cd1e00000fc0007ebfe9ed0737feebfff600,0202AAD002CD4FF3005A5811460E29EFBF1FFFFFFC2246CD1E00000FC0007EBFE9ED0737FEEBFFF600,
2026-07-14T15:36:47.470031+00:00,77.804335,valid,2733,718,2865758926,20567,41,hex,CAM,0202aad002ce5057005a5811460e29efbf1ffffffc2246cd1e00000fc0007ebfe9ed0737feebfff600,0202AAD002CE5057005A5811460E29EFBF1FFFFFFC2246CD1E00000FC0007EBFE9ED0737FEEBFFF600,
2026-07-14T15:36:47.571792+00:00,77.906093,valid,2733,719,2865758927,20667,41,hex,CAM,0202aad002cf50bb005a5811460e29efbf1ffffffc2246cd1e00000fc0007ebfe9ed0737feebfff600,0202AAD002CF50BB005A5811460E29EFBF1FFFFFFC2246CD1E00000FC0007EBFE9ED0737FEEBFFF600,
2026-07-14T15:36:47.663970+00:00,77.998276,valid,2733,720,2865758928,20767,41,hex,CAM,0202aad002d0511f005a5811460e29efbf1ffffffc2246cd1e00000fc0007ebfe9ed0737feebfff600,0202AAD002D0511F005A5811460E29EFBF1FFFFFFC2246CD1E00000FC0007EBFE9ED0737FEEBFFF600,
2026-07-14T15:36:47.765946+00:00,78.100250,valid,2733,721,2865758929,20867,41,hex,CAM,0202aad002d15183005a5811460e29efbf1ffffffc2246cd1e00000fc0007ebfe9ed0737feebfff600,0202AAD002D15183005A5811460E29EFBF1FFFFFFC2246CD1E00000FC0007EBFE9ED0737FEEBFFF600,
2026-07-14T15:36:47.867977+00:00,78.202281,valid,2733,722,2865758930,20967,41,hex,CAM,0202aad002d251e7005a5811460e29efbf1ffffffc2246cd1e00000fc0007ebfe9ed0737feebfff600,0202AAD002D251E7005A5811460E29EFBF1FFFFFFC2246CD1E00000FC0007EBFE9ED0737FEEBFFF600,
2026-07-14T15:36:47.969971+00:00,78.304275,valid,2733,723,2865758931,21067,41,hex,CAM,0202aad002d3524b005a5811460e29efbf1ffffffc2246cd1e00000fc0007ebfe9ed0737feebfff600,0202AAD002D3524B005A5811460E29EFBF1FFFFFFC2246CD1E00000FC0007EBFE9ED0737FEEBFFF600,
2026-07-14T15:36:48.071910+00:00,78.406216,valid,2733,724,2865758932,21167,41,hex,CAM,0202aad002d452af005a5811460e29efbf1ffffffc2246cd1e00000fc0007ebfe9ed0737feebfff600,0202AAD002D452AF005A5811460E29EFBF1FFFFFFC2246CD1E00000FC0007EBFE9ED0737FEEBFFF600,
2026-07-14T15:36:48.163976+00:00,78.498281,valid,2733,725,2865758933,21267,41,hex,CAM,0202aad002d55313005a5811460e29efbf1ffffffc2246cd1e00000fc0007ebfe9ed0737feebfff600,0202AAD002D55313005A5811460E29EFBF1FFFFFFC2246CD1E00000FC0007EBFE9ED0737FEEBFFF600,
2026-07-14T15:36:48.266123+00:00,78.600428,valid,2733,726,2865758934,21367,41,hex,CAM,0202aad002d65377005a5811460e29efbf1ffffffc2246cd1e00000fc0007ebfe9ed0737feebfff600,0202AAD002D65377005A5811460E29EFBF1FFFFFFC2246CD1E00000FC0007EBFE9ED0737FEEBFFF600,
2026-07-14T15:36:48.368037+00:00,78.702340,valid,2733,727,2865758935,21467,41,hex,CAM,0202aad002d753db005a5811460e29efbf1ffffffc2246cd1e00000fc0007ebfe9ed0737feebfff600,0202AAD002D753DB005A5811460E29EFBF1FFFFFFC2246CD1E00000FC0007EBFE9ED0737FEEBFFF600,
2026-07-14T15:36:48.469960+00:00,78.804264,valid,2733,728,2865758936,21567,41,hex,CAM,0202aad002d8543f005a5811460e29efbf1ffffffc2246cd1e00000fc0007ebfe9ed0737feebfff600,0202AAD002D8543F005A5811460E29EFBF1FFFFFFC2246CD1E00000FC0007EBFE9ED0737FEEBFFF600,
2026-07-14T15:36:48.571985+00:00,78.906290,valid,2733,729,2865758937,21667,41,hex,CAM,0202aad002d954a3005a5811460e29efbf1ffffffc2246cd1e00000fc0007ebfe9ed0737feebfff600,0202AAD002D954A3005A5811460E29EFBF1FFFFFFC2246CD1E00000FC0007EBFE9ED0737FEEBFFF600,
2026-07-14T15:36:48.664151+00:00,78.998457,valid,2733,730,2865758938,21767,41,hex,CAM,0202aad002da5507005a5811460e29efbf1ffffffc2246cd1e00000fc0007ebfe9ed0737feebfff600,0202AAD002DA5507005A5811460E29EFBF1FFFFFFC2246CD1E00000FC0007EBFE9ED0737FEEBFFF600,
2026-07-14T15:36:48.765971+00:00,79.100275,valid,2733,731,2865758939,21867,41,hex,CAM,0202aad002db556b005a5811460e29efbf1ffffffc2246cd1e00000fc0007ebfe9ed0737feebfff600,0202AAD002DB556B005A5811460E29EFBF1FFFFFFC2246CD1E00000FC0007EBFE9ED0737FEEBFFF600,
2026-07-14T15:36:48.868124+00:00,79.202429,valid,2733,732,2865758940,21967,41,hex,CAM,0202aad002dc55cf005a5811460e29efbf1ffffffc2246cd1e00000fc0007ebfe9ed0737feebfff600,0202AAD002DC55CF005A5811460E29EFBF1FFFFFFC2246CD1E00000FC0007EBFE9ED0737FEEBFFF600,
2026-07-14T15:36:48.970072+00:00,79.304376,valid,2733,733,2865758941,22067,41,hex,CAM,0202aad002dd5633005a5811460e29efbf1ffffffc2246cd1e00000fc0007ebfe9ed0737feebfff600,0202AAD002DD5633005A5811460E29EFBF1FFFFFFC2246CD1E00000FC0007EBFE9ED0737FEEBFFF600,
2026-07-14T15:36:49.072107+00:00,79.406414,valid,2733,734,2865758942,22167,41,hex,CAM,0202aad002de5697005a5811460e29efbf1ffffffc2246cd1e00000fc0007ebfe9ed0737feebfff600,0202AAD002DE5697005A5811460E29EFBF1FFFFFFC2246CD1E00000FC0007EBFE9ED0737FEEBFFF600,
2026-07-14T15:36:49.164047+00:00,79.498352,valid,2733,735,2865758943,22267,41,hex,CAM,0202aad002df56fb005a5811460e29efbf1ffffffc2246cd1e00000fc0007ebfe9ed0737feebfff600,0202AAD002DF56FB005A5811460E29EFBF1FFFFFFC2246CD1E00000FC0007EBFE9ED0737FEEBFFF600,
2026-07-14T15:36:49.266001+00:00,79.600305,valid,2733,736,2865758944,22367,41,hex,CAM,0202aad002e0575f005a5811460e29efbf1ffffffc2246cd1e00000fc0007ebfe9ed0737feebfff600,0202AAD002E0575F005A5811460E29EFBF1FFFFFFC2246CD1E00000FC0007EBFE9ED0737FEEBFFF600,
2026-07-14T15:36:49.368030+00:00,79.702333,valid,2733,737,2865758945,22467,41,hex,CAM,0202aad002e157c3005a5811460e29efbf1ffffffc2246cd1e00000fc0007ebfe9ed0737feebfff600,0202AAD002E157C3005A5811460E29EFBF1FFFFFFC2246CD1E00000FC0007EBFE9ED0737FEEBFFF600,
2026-07-14T15:36:49.470018+00:00,79.804322,valid,2733,738,2865758946,22567,41,hex,CAM,0202aad002e25827005a5811460e29efbf1ffffffc2246cd1e00000fc0007ebfe9ed0737feebfff600,0202AAD002E25827005A5811460E29EFBF1FFFFFFC2246CD1E00000FC0007EBFE9ED0737FEEBFFF600,
2026-07-14T15:36:49.572031+00:00,79.906335,valid,2733,739,2865758947,22667,41,hex,CAM,0202aad002e3588b005a5811460e29efbf1ffffffc2246cd1e00000fc0007ebfe9ed0737feebfff600,0202AAD002E3588B005A5811460E29EFBF1FFFFFFC2246CD1E00000FC0007EBFE9ED0737FEEBFFF600,
2026-07-14T15:36:49.664132+00:00,79.998440,valid,2733,740,2865758948,22767,41,hex,CAM,0202aad002e458ef005a5811460e29efbf1ffffffc2246cd1e00000fc0007ebfe9ed0737feebfff600,0202AAD002E458EF005A5811460E29EFBF1FFFFFFC2246CD1E00000FC0007EBFE9ED0737FEEBFFF600,
2026-07-14T15:36:49.766065+00:00,80.100370,valid,2733,741,2865758949,22867,41,hex,CAM,0202aad002e55953005a5811460e29efbf1ffffffc2246cd1e00000fc0007ebfe9ed0737feebfff600,0202AAD002E55953005A5811460E29EFBF1FFFFFFC2246CD1E00000FC0007EBFE9ED0737FEEBFFF600,
2026-07-14T15:36:49.868111+00:00,80.202419,valid,2733,742,2865758950,22967,41,hex,CAM,0202aad002e659b7005a5811460e29efbf1ffffffc2246cd1e00000fc0007ebfe9ed0737feebfff600,0202AAD002E659B7005A5811460E29EFBF1FFFFFFC2246CD1E00000FC0007EBFE9ED0737FEEBFFF600,
2026-07-14T15:36:49.970157+00:00,80.304465,valid,2733,743,2865758951,23067,41,hex,CAM,0202aad002e75a1b005a5811460e29efbf1ffffffc2246cd1e00000fc0007ebfe9ed0737feebfff600,0202AAD002E75A1B005A5811460E29EFBF1FFFFFFC2246CD1E00000FC0007EBFE9ED0737FEEBFFF600,
2026-07-14T15:36:50.072054+00:00,80.406361,valid,2733,744,2865758952,23167,41,hex,CAM,0202aad002e85a7f005a5811460e29efbf1ffffffc2246cd1e00000fc0007ebfe9ed0737feebfff600,0202AAD002E85A7F005A5811460E29EFBF1FFFFFFC2246CD1E00000FC0007EBFE9ED0737FEEBFFF600,
2026-07-14T15:36:50.164076+00:00,80.498379,valid,2733,745,2865758953,23267,41,hex,CAM,0202aad002e95ae3005a5811460e29efbf1ffffffc2246cd1e00000fc0007ebfe9ed0737feebfff600,0202AAD002E95AE3005A5811460E29EFBF1FFFFFFC2246CD1E00000FC0007EBFE9ED0737FEEBFFF600,
2026-07-14T15:36:50.266002+00:00,80.600306,valid,2733,746,2865758954,23367,41,hex,CAM,0202aad002ea5b47005a5811460e29efbf1ffffffc2246cd1e00000fc0007ebfe9ed0737feebfff600,0202AAD002EA5B47005A5811460E29EFBF1FFFFFFC2246CD1E00000FC0007EBFE9ED0737FEEBFFF600,
2026-07-14T15:36:50.368076+00:00,80.702380,valid,2733,747,2865758955,23467,41,hex,CAM,0202aad002eb5bab005a5811460e29efbf1ffffffc2246cd1e00000fc0007ebfe9ed0737feebfff600,0202AAD002EB5BAB005A5811460E29EFBF1FFFFFFC2246CD1E00000FC0007EBFE9ED0737FEEBFFF600,
2026-07-14T15:36:50.470143+00:00,80.804448,valid,2733,748,2865758956,23567,41,hex,CAM,0202aad002ec5c0f005a5811460e29efbf1ffffffc2246cd1e00000fc0007ebfe9ed0737feebfff600,0202AAD002EC5C0F005A5811460E29EFBF1FFFFFFC2246CD1E00000FC0007EBFE9ED0737FEEBFFF600,
2026-07-14T15:36:50.572078+00:00,80.906386,valid,2733,749,2865758957,23667,41,hex,CAM,0202aad002ed5c73005a5811460e29efbf1ffffffc2246cd1e00000fc0007ebfe9ed0737feebfff600,0202AAD002ED5C73005A5811460E29EFBF1FFFFFFC2246CD1E00000FC0007EBFE9ED0737FEEBFFF600,
2026-07-14T15:36:50.664186+00:00,80.998489,valid,2733,750,2865758958,23767,41,hex,CAM,0202aad002ee5cd7005a5811460e29efbf1ffffffc2246cd1e00000fc0007ebfe9ed0737feebfff600,0202AAD002EE5CD7005A5811460E29EFBF1FFFFFFC2246CD1E00000FC0007EBFE9ED0737FEEBFFF600,
2026-07-14T15:36:50.766099+00:00,81.100406,valid,2733,751,2865758959,23867,41,hex,CAM,0202aad002ef5d3b005a5811460e29efbf1ffffffc2246cd1e00000fc0007ebfe9ed0737feebfff600,0202AAD002EF5D3B005A5811460E29EFBF1FFFFFFC2246CD1E00000FC0007EBFE9ED0737FEEBFFF600,
2026-07-14T15:36:50.868051+00:00,81.202357,valid,2733,752,2865758960,23967,41,hex,CAM,0202aad002f05d9f005a5811460e29efbf1ffffffc2246cd1e00000fc0007ebfe9ed0737feebfff600,0202AAD002F05D9F005A5811460E29EFBF1FFFFFFC2246CD1E00000FC0007EBFE9ED0737FEEBFFF600,
2026-07-14T15:36:50.970071+00:00,81.304375,valid,2733,753,2865758961,24067,41,hex,CAM,0202aad002f15e03005a5811460e29efbf1ffffffc2246cd1e00000fc0007ebfe9ed0737feebfff600,0202AAD002F15E03005A5811460E29EFBF1FFFFFFC2246CD1E00000FC0007EBFE9ED0737FEEBFFF600,
2026-07-14T15:36:51.071947+00:00,81.406254,valid,2733,754,2865758962,24167,41,hex,CAM,0202aad002f25e67005a5811460e29efbf1ffffffc2246cd1e00000fc0007ebfe9ed0737feebfff600,0202AAD002F25E67005A5811460E29EFBF1FFFFFFC2246CD1E00000FC0007EBFE9ED0737FEEBFFF600,
2026-07-14T15:36:51.164009+00:00,81.498312,valid,2733,755,2865758963,24267,41,hex,CAM,0202aad002f35ecb005a5811460e29efbf1ffffffc2246cd1e00000fc0007ebfe9ed0737feebfff600,0202AAD002F35ECB005A5811460E29EFBF1FFFFFFC2246CD1E00000FC0007EBFE9ED0737FEEBFFF600,
2026-07-14T15:36:51.265941+00:00,81.600244,valid,2733,756,2865758964,24367,41,hex,CAM,0202aad002f45f2f005a5811460e29efbf1ffffffc2246cd1e00000fc0007ebfe9ed0737feebfff600,0202AAD002F45F2F005A5811460E29EFBF1FFFFFFC2246CD1E00000FC0007EBFE9ED0737FEEBFFF600,
2026-07-14T15:36:51.368030+00:00,81.702334,valid,2733,757,2865758965,24467,41,hex,CAM,0202aad002f55f93005a5811460e29efbf1ffffffc2246cd1e00000fc0007ebfe9ed0737feebfff600,0202AAD002F55F93005A5811460E29EFBF1FFFFFFC2246CD1E00000FC0007EBFE9ED0737FEEBFFF600,
2026-07-14T15:36:51.470152+00:00,81.804456,valid,2733,758,2865758966,24567,41,hex,CAM,0202aad002f65ff7005a5811460e29efbf1ffffffc2246cd1e00000fc0007ebfe9ed0737feebfff600,0202AAD002F65FF7005A5811460E29EFBF1FFFFFFC2246CD1E00000FC0007EBFE9ED0737FEEBFFF600,
2026-07-14T15:36:51.572152+00:00,81.906457,valid,2733,759,2865758967,24667,41,hex,CAM,0202aad002f7605b005a5811460e29efbf1ffffffc2246cd1e00000fc0007ebfe9ed0737feebfff600,0202AAD002F7605B005A5811460E29EFBF1FFFFFFC2246CD1E00000FC0007EBFE9ED0737FEEBFFF600,
2026-07-14T15:36:51.664000+00:00,81.998305,valid,2733,760,2865758968,24767,41,hex,CAM,0202aad002f860bf005a5811460e29efbf1ffffffc2246cd1e00000fc0007ebfe9ed0737feebfff600,0202AAD002F860BF005A5811460E29EFBF1FFFFFFC2246CD1E00000FC0007EBFE9ED0737FEEBFFF600,
2026-07-14T15:36:51.766159+00:00,82.100466,valid,2733,761,2865758969,24867,41,hex,CAM,0202aad002f96123005a5811460e29efbf1ffffffc2246cd1e00000fc0007ebfe9ed0737feebfff600,0202AAD002F96123005A5811460E29EFBF1FFFFFFC2246CD1E00000FC0007EBFE9ED0737FEEBFFF600,
2026-07-14T15:36:51.868032+00:00,82.202337,valid,2733,762,2865758970,24967,41,hex,CAM,0202aad002fa6187005a5811460e29efbf1ffffffc2246cd1e00000fc0007ebfe9ed0737feebfff600,0202AAD002FA6187005A5811460E29EFBF1FFFFFFC2246CD1E00000FC0007EBFE9ED0737FEEBFFF600,
2026-07-14T15:36:51.970038+00:00,82.304343,valid,2733,763,2865758971,25067,41,hex,CAM,0202aad002fb61eb005a5811460e29efbf1ffffffc2246cd1e00000fc0007ebfe9ed0737feebfff600,0202AAD002FB61EB005A5811460E29EFBF1FFFFFFC2246CD1E00000FC0007EBFE9ED0737FEEBFFF600,
2026-07-14T15:36:52.071956+00:00,82.406261,valid,2733,764,2865758972,25167,41,hex,CAM,0202aad002fc624f005a5811460e29efbf1ffffffc2246cd1e00000fc0007ebfe9ed0737feebfff600,0202AAD002FC624F005A5811460E29EFBF1FFFFFFC2246CD1E00000FC0007EBFE9ED0737FEEBFFF600,
2026-07-14T15:36:52.164068+00:00,82.498372,valid,2733,765,2865758973,25267,41,hex,CAM,0202aad002fd62b3005a5811460e29efbf1ffffffc2246cd1e00000fc0007ebfe9ed0737feebfff600,0202AAD002FD62B3005A5811460E29EFBF1FFFFFFC2246CD1E00000FC0007EBFE9ED0737FEEBFFF600,
2026-07-14T15:36:52.265968+00:00,82.600273,valid,2733,766,2865758974,25367,41,hex,CAM,0202aad002fe6317005a5811460e29efbf1ffffffc2246cd1e00000fc0007ebfe9ed0737feebfff600,0202AAD002FE6317005A5811460E29EFBF1FFFFFFC2246CD1E00000FC0007EBFE9ED0737FEEBFFF600,
2026-07-14T15:36:52.368045+00:00,82.702354,valid,2733,767,2865758975,25467,41,hex,CAM,0202aad002ff637b005a5811460e29efbf1ffffffc2246cd1e00000fc0007ebfe9ed0737feebfff600,0202AAD002FF637B005A5811460E29EFBF1FFFFFFC2246CD1E00000FC0007EBFE9ED0737FEEBFFF600,
2026-07-14T15:36:52.469986+00:00,82.804290,valid,2733,768,2865758976,25567,41,hex,CAM,0202aad0030063df005a5811460e29efbf1ffffffc2246cd1e00000fc0007ebfe9ed0737feebfff600,0202AAD0030063DF005A5811460E29EFBF1FFFFFFC2246CD1E00000FC0007EBFE9ED0737FEEBFFF600,
2026-07-14T15:36:52.571872+00:00,82.906176,valid,2733,769,2865758977,25667,41,hex,CAM,0202aad003016443005a5811460e29efbf1ffffffc2246cd1e00000fc0007ebfe9ed0737feebfff600,0202AAD003016443005A5811460E29EFBF1FFFFFFC2246CD1E00000FC0007EBFE9ED0737FEEBFFF600,
2026-07-14T15:36:52.663893+00:00,82.998197,valid,2733,770,2865758978,25767,41,hex,CAM,0202aad0030264a7005a5811460e29efbf1ffffffc2246cd1e00000fc0007ebfe9ed0737feebfff600,0202AAD0030264A7005A5811460E29EFBF1FFFFFFC2246CD1E00000FC0007EBFE9ED0737FEEBFFF600,
2026-07-14T15:36:52.766050+00:00,83.100353,valid,2733,771,2865758979,25867,41,hex,CAM,0202aad00303650b005a5811460e29efbf1ffffffc2246cd1e00000fc0007ebfe9ed0737feebfff600,0202AAD00303650B005A5811460E29EFBF1FFFFFFC2246CD1E00000FC0007EBFE9ED0737FEEBFFF600,
2026-07-14T15:36:52.868015+00:00,83.202324,valid,2733,772,2865758980,25967,41,hex,CAM,0202aad00304656f005a5811460e29efbf1ffffffc2246cd1e00000fc0007ebfe9ed0737feebfff600,0202AAD00304656F005A5811460E29EFBF1FFFFFFC2246CD1E00000FC0007EBFE9ED0737FEEBFFF600,
2026-07-14T15:36:52.970150+00:00,83.304456,valid,2733,773,2865758981,26067,41,hex,CAM,0202aad0030565d3005a5811460e29efbf1ffffffc2246cd1e00000fc0007ebfe9ed0737feebfff600,0202AAD0030565D3005A5811460E29EFBF1FFFFFFC2246CD1E00000FC0007EBFE9ED0737FEEBFFF600,
2026-07-14T15:36:53.072106+00:00,83.406415,valid,2733,774,2865758982,26167,41,hex,CAM,0202aad003066637005a5811460e29efbf1ffffffc2246cd1e00000fc0007ebfe9ed0737feebfff600,0202AAD003066637005A5811460E29EFBF1FFFFFFC2246CD1E00000FC0007EBFE9ED0737FEEBFFF600,
2026-07-14T15:36:53.164066+00:00,83.498370,valid,2733,775,2865758983,26267,41,hex,CAM,0202aad00307669b005a5811460e29efbf1ffffffc2246cd1e00000fc0007ebfe9ed0737feebfff600,0202AAD00307669B005A5811460E29EFBF1FFFFFFC2246CD1E00000FC0007EBFE9ED0737FEEBFFF600,
2026-07-14T15:36:53.266127+00:00,83.600435,valid,2733,776,2865758984,26367,41,hex,CAM,0202aad0030866ff005a5811460e29efbf1ffffffc2246cd1e00000fc0007ebfe9ed0737feebfff600,0202AAD0030866FF005A5811460E29EFBF1FFFFFFC2246CD1E00000FC0007EBFE9ED0737FEEBFFF600,
2026-07-14T15:36:53.368066+00:00,83.702371,valid,2733,777,2865758985,26467,41,hex,CAM,0202aad003096763005a5811460e29efbf1ffffffc2246cd1e00000fc0007ebfe9ed0737feebfff600,0202AAD003096763005A5811460E29EFBF1FFFFFFC2246CD1E00000FC0007EBFE9ED0737FEEBFFF600,
2026-07-14T15:36:53.470162+00:00,83.804471,valid,2733,778,2865758986,26567,41,hex,CAM,0202aad0030a67c7005a5811460e29efbf1ffffffc2246cd1e00000fc0007ebfe9ed0737feebfff600,0202AAD0030A67C7005A5811460E29EFBF1FFFFFFC2246CD1E00000FC0007EBFE9ED0737FEEBFFF600,
2026-07-14T15:36:53.572108+00:00,83.906413,valid,2733,779,2865758987,26667,41,hex,CAM,0202aad0030b682b005a5811460e29efbf1ffffffc2246cd1e00000fc0007ebfe9ed0737feebfff600,0202AAD0030B682B005A5811460E29EFBF1FFFFFFC2246CD1E00000FC0007EBFE9ED0737FEEBFFF600,
2026-07-14T15:36:53.664107+00:00,83.998412,valid,2733,780,2865758988,26767,41,hex,CAM,0202aad0030c688f005a5811460e29efbf1ffffffc2246cd1e00000fc0007ebfe9ed0737feebfff600,0202AAD0030C688F005A5811460E29EFBF1FFFFFFC2246CD1E00000FC0007EBFE9ED0737FEEBFFF600,
2026-07-14T15:36:53.766029+00:00,84.100333,valid,2733,781,2865758989,26867,41,hex,CAM,0202aad0030d68f3005a5811460e29efbf1ffffffc2246cd1e00000fc0007ebfe9ed0737feebfff600,0202AAD0030D68F3005A5811460E29EFBF1FFFFFFC2246CD1E00000FC0007EBFE9ED0737FEEBFFF600,
2026-07-14T15:36:53.868005+00:00,84.202313,valid,2733,782,2865758990,26967,41,hex,CAM,0202aad0030e6957005a5811460e29efbf1ffffffc2246cd1e00000fc0007ebfe9ed0737feebfff600,0202AAD0030E6957005A5811460E29EFBF1FFFFFFC2246CD1E00000FC0007EBFE9ED0737FEEBFFF600,
2026-07-14T15:36:53.970041+00:00,84.304347,valid,2733,783,2865758991,27067,41,hex,CAM,0202aad0030f69bb005a5811460e29efbf1ffffffc2246cd1e00000fc0007ebfe9ed0737feebfff600,0202AAD0030F69BB005A5811460E29EFBF1FFFFFFC2246CD1E00000FC0007EBFE9ED0737FEEBFFF600,
2026-07-14T15:36:54.072122+00:00,84.406434,valid,2733,784,2865758992,27167,41,hex,CAM,0202aad003106a1f005a5811460e29efbf1ffffffc2246cd1e00000fc0007ebfe9ed0737feebfff600,0202AAD003106A1F005A5811460E29EFBF1FFFFFFC2246CD1E00000FC0007EBFE9ED0737FEEBFFF600,
2026-07-14T15:36:54.164111+00:00,84.498414,valid,2733,785,2865758993,27267,41,hex,CAM,0202aad003116a83005a5811460e29efbf1ffffffc2246cd1e00000fc0007ebfe9ed0737feebfff600,0202AAD003116A83005A5811460E29EFBF1FFFFFFC2246CD1E00000FC0007EBFE9ED0737FEEBFFF600,
2026-07-14T15:36:54.266023+00:00,84.600327,valid,2733,786,2865758994,27367,41,hex,CAM,0202aad003126ae7005a5811460e29efbf1ffffffc2246cd1e00000fc0007ebfe9ed0737feebfff600,0202AAD003126AE7005A5811460E29EFBF1FFFFFFC2246CD1E00000FC0007EBFE9ED0737FEEBFFF600,
2026-07-14T15:36:54.368147+00:00,84.702456,valid,2733,787,2865758995,27467,41,hex,CAM,0202aad003136b4b005a5811460e29efbf1ffffffc2246cd1e00000fc0007ebfe9ed0737feebfff600,0202AAD003136B4B005A5811460E29EFBF1FFFFFFC2246CD1E00000FC0007EBFE9ED0737FEEBFFF600,
2026-07-14T15:36:54.470043+00:00,84.804349,valid,2733,788,2865758996,27567,41,hex,CAM,0202aad003146baf005a5811460e29efbf1ffffffc2246cd1e00000fc0007ebfe9ed0737feebfff600,0202AAD003146BAF005A5811460E29EFBF1FFFFFFC2246CD1E00000FC0007EBFE9ED0737FEEBFFF600,
2026-07-14T15:36:54.572089+00:00,84.906393,valid,2733,789,2865758997,27667,41,hex,CAM,0202aad003156c13005a5811460e29efbf1ffffffc2246cd1e00000fc0007ebfe9ed0737feebfff600,0202AAD003156C13005A5811460E29EFBF1FFFFFFC2246CD1E00000FC0007EBFE9ED0737FEEBFFF600,
2026-07-14T15:36:54.664120+00:00,84.998424,valid,2733,790,2865758998,27767,41,hex,CAM,0202aad003166c77005a5811460e29efbf1ffffffc2246cd1e00000fc0007ebfe9ed0737feebfff600,0202AAD003166C77005A5811460E29EFBF1FFFFFFC2246CD1E00000FC0007EBFE9ED0737FEEBFFF600,
2026-07-14T15:36:54.766039+00:00,85.100343,valid,2733,791,2865758999,27867,41,hex,CAM,0202aad003176cdb005a5811460e29efbf1ffffffc2246cd1e00000fc0007ebfe9ed0737feebfff600,0202AAD003176CDB005A5811460E29EFBF1FFFFFFC2246CD1E00000FC0007EBFE9ED0737FEEBFFF600,
2026-07-14T15:36:54.868060+00:00,85.202365,valid,2733,792,2865759000,27967,41,hex,CAM,0202aad003186d3f005a5811460e29efbf1ffffffc2246cd1e00000fc0007ebfe9ed0737feebfff600,0202AAD003186D3F005A5811460E29EFBF1FFFFFFC2246CD1E00000FC0007EBFE9ED0737FEEBFFF600,
2026-07-14T15:36:54.970006+00:00,85.304314,valid,2733,793,2865759001,28067,41,hex,CAM,0202aad003196da3005a5811460e29efbf1ffffffc2246cd1e00000fc0007ebfe9ed0737feebfff600,0202AAD003196DA3005A5811460E29EFBF1FFFFFFC2246CD1E00000FC0007EBFE9ED0737FEEBFFF600,
2026-07-14T15:36:55.072103+00:00,85.406409,valid,2733,794,2865759002,28167,41,hex,CAM,0202aad0031a6e07005a5811460e29efbf1ffffffc2246cd1e00000fc0007ebfe9ed0737feebfff600,0202AAD0031A6E07005A5811460E29EFBF1FFFFFFC2246CD1E00000FC0007EBFE9ED0737FEEBFFF600,
2026-07-14T15:36:55.163968+00:00,85.498272,valid,2733,795,2865759003,28267,41,hex,CAM,0202aad0031b6e6b005a5811460e29efbf1ffffffc2246cd1e00000fc0007ebfe9ed0737feebfff600,0202AAD0031B6E6B005A5811460E29EFBF1FFFFFFC2246CD1E00000FC0007EBFE9ED0737FEEBFFF600,
2026-07-14T15:36:55.265998+00:00,85.600303,valid,2733,796,2865759004,28367,41,hex,CAM,0202aad0031c6ecf005a5811460e29efbf1ffffffc2246cd1e00000fc0007ebfe9ed0737feebfff600,0202AAD0031C6ECF005A5811460E29EFBF1FFFFFFC2246CD1E00000FC0007EBFE9ED0737FEEBFFF600,
2026-07-14T15:36:55.368095+00:00,85.702399,valid,2733,797,2865759005,28467,41,hex,CAM,0202aad0031d6f33005a5811460e29efbf1ffffffc2246cd1e00000fc0007ebfe9ed0737feebfff600,0202AAD0031D6F33005A5811460E29EFBF1FFFFFFC2246CD1E00000FC0007EBFE9ED0737FEEBFFF600,
2026-07-14T15:36:55.469993+00:00,85.804297,valid,2733,798,2865759006,28567,41,hex,CAM,0202aad0031e6f97005a5811460e29efbf1ffffffc2246cd1e00000fc0007ebfe9ed0737feebfff600,0202AAD0031E6F97005A5811460E29EFBF1FFFFFFC2246CD1E00000FC0007EBFE9ED0737FEEBFFF600,
2026-07-14T15:36:55.572049+00:00,85.906353,valid,2733,799,2865759007,28667,41,hex,CAM,0202aad0031f6ffb005a5811460e29efbf1ffffffc2246cd1e00000fc0007ebfe9ed0737feebfff600,0202AAD0031F6FFB005A5811460E29EFBF1FFFFFFC2246CD1E00000FC0007EBFE9ED0737FEEBFFF600,
2026-07-14T15:36:55.664107+00:00,85.998410,valid,2733,800,2865759008,28767,41,hex,CAM,0202aad00320705f005a5811460e29efbf1ffffffc2246cd1e00000fc0007ebfe9ed0737feebfff600,0202AAD00320705F005A5811460E29EFBF1FFFFFFC2246CD1E00000FC0007EBFE9ED0737FEEBFFF600,
2026-07-14T15:36:55.766118+00:00,86.100422,valid,2733,801,2865759009,28867,41,hex,CAM,0202aad0032170c3005a5811460e29efbf1ffffffc2246cd1e00000fc0007ebfe9ed0737feebfff600,0202AAD0032170C3005A5811460E29EFBF1FFFFFFC2246CD1E00000FC0007EBFE9ED0737FEEBFFF600,
2026-07-14T15:36:55.868051+00:00,86.202357,valid,2733,802,2865759010,28967,41,hex,CAM,0202aad003227127005a5811460e29efbf1ffffffc2246cd1e00000fc0007ebfe9ed0737feebfff600,0202AAD003227127005A5811460E29EFBF1FFFFFFC2246CD1E00000FC0007EBFE9ED0737FEEBFFF600,
2026-07-14T15:36:55.970026+00:00,86.304334,valid,2733,803,2865759011,29067,41,hex,CAM,0202aad00323718b005a5811460e29efbf1ffffffc2246cd1e00000fc0007ebfe9ed0737feebfff600,0202AAD00323718B005A5811460E29EFBF1FFFFFFC2246CD1E00000FC0007EBFE9ED0737FEEBFFF600,
2026-07-14T15:36:56.072024+00:00,86.406333,valid,2733,804,2865759012,29167,41,hex,CAM,0202aad0032471ef005a5811460e29efbf1ffffffc2246cd1e00000fc0007ebfe9ed0737feebfff600,0202AAD0032471EF005A5811460E29EFBF1FFFFFFC2246CD1E00000FC0007EBFE9ED0737FEEBFFF600,
2026-07-14T15:36:56.164129+00:00,86.498432,valid,2733,805,2865759013,29267,41,hex,CAM,0202aad003257253005a5811460e29efbf1ffffffc2246cd1e00000fc0007ebfe9ed0737feebfff600,0202AAD003257253005A5811460E29EFBF1FFFFFFC2246CD1E00000FC0007EBFE9ED0737FEEBFFF600,
2026-07-14T15:36:56.267397+00:00,86.601712,valid,2733,806,2865759014,29367,41,hex,CAM,0202aad0032672b7005a5811460e29efbf1ffffffc2246cd1e00000fc0007ebfe9ed0737feebfff600,0202AAD0032672B7005A5811460E29EFBF1FFFFFFC2246CD1E00000FC0007EBFE9ED0737FEEBFFF600,
2026-07-14T15:36:56.368842+00:00,86.703152,valid,2733,807,2865759015,29467,41,hex,CAM,0202aad00327731b005a5811460e29efbf1ffffffc2246cd1e00000fc0007ebfe9ed0737feebfff600,0202AAD00327731B005A5811460E29EFBF1FFFFFFC2246CD1E00000FC0007EBFE9ED0737FEEBFFF600,
2026-07-14T15:36:56.470075+00:00,86.804382,valid,2733,808,2865759016,29567,41,hex,CAM,0202aad00328737f005a5811460e29efbf1ffffffc2246cd1e00000fc0007ebfe9ed0737feebfff600,0202AAD00328737F005A5811460E29EFBF1FFFFFFC2246CD1E00000FC0007EBFE9ED0737FEEBFFF600,
2026-07-14T15:36:56.572049+00:00,86.906353,valid,2733,809,2865759017,29667,41,hex,CAM,0202aad0032973e3005a5811460e29efbf1ffffffc2246cd1e00000fc0007ebfe9ed0737feebfff600,0202AAD0032973E3005A5811460E29EFBF1FFFFFFC2246CD1E00000FC0007EBFE9ED0737FEEBFFF600,
2026-07-14T15:36:56.664070+00:00,86.998374,valid,2733,810,2865759018,29767,41,hex,CAM,0202aad0032a7447005a5811460e29efbf1ffffffc2246cd1e00000fc0007ebfe9ed0737feebfff600,0202AAD0032A7447005A5811460E29EFBF1FFFFFFC2246CD1E00000FC0007EBFE9ED0737FEEBFFF600,
2026-07-14T15:36:56.766068+00:00,87.100374,valid,2733,811,2865759019,29867,41,hex,CAM,0202aad0032b74ab005a5811460e29efbf1ffffffc2246cd1e00000fc0007ebfe9ed0737feebfff600,0202AAD0032B74AB005A5811460E29EFBF1FFFFFFC2246CD1E00000FC0007EBFE9ED0737FEEBFFF600,
2026-07-14T15:36:56.868023+00:00,87.202326,valid,2733,812,2865759020,29967,41,hex,CAM,0202aad0032c750f005a5811460e29efbf1ffffffc2246cd1e00000fc0007ebfe9ed0737feebfff600,0202AAD0032C750F005A5811460E29EFBF1FFFFFFC2246CD1E00000FC0007EBFE9ED0737FEEBFFF600,
2026-07-14T15:36:56.970021+00:00,87.304327,valid,2733,813,2865759021,30067,41,hex,CAM,0202aad0032d7573005a5811460e29efbf1ffffffc2246cd1e00000fc0007ebfe9ed0737feebfff600,0202AAD0032D7573005A5811460E29EFBF1FFFFFFC2246CD1E00000FC0007EBFE9ED0737FEEBFFF600,
2026-07-14T15:36:57.072036+00:00,87.406345,valid,2733,814,2865759022,30167,41,hex,CAM,0202aad0032e75d7005a5811460e29efbf1ffffffc2246cd1e00000fc0007ebfe9ed0737feebfff600,0202AAD0032E75D7005A5811460E29EFBF1FFFFFFC2246CD1E00000FC0007EBFE9ED0737FEEBFFF600,
2026-07-14T15:36:57.164069+00:00,87.498373,valid,2733,815,2865759023,30267,41,hex,CAM,0202aad0032f763b005a5811460e29efbf1ffffffc2246cd1e00000fc0007ebfe9ed0737feebfff600,0202AAD0032F763B005A5811460E29EFBF1FFFFFFC2246CD1E00000FC0007EBFE9ED0737FEEBFFF600,
2026-07-14T15:36:57.266103+00:00,87.600407,valid,2733,816,2865759024,30367,41,hex,CAM,0202aad00330769f005a5811460e29efbf1ffffffc2246cd1e00000fc0007ebfe9ed0737feebfff600,0202AAD00330769F005A5811460E29EFBF1FFFFFFC2246CD1E00000FC0007EBFE9ED0737FEEBFFF600,
2026-07-14T15:36:57.368125+00:00,87.702429,valid,2733,817,2865759025,30467,41,hex,CAM,0202aad003317703005a5811460e29efbf1ffffffc2246cd1e00000fc0007ebfe9ed0737feebfff600,0202AAD003317703005A5811460E29EFBF1FFFFFFC2246CD1E00000FC0007EBFE9ED0737FEEBFFF600,
2026-07-14T15:36:57.470126+00:00,87.804431,valid,2733,818,2865759026,30567,41,hex,CAM,0202aad003327767005a5811460e29efbf1ffffffc2246cd1e00000fc0007ebfe9ed0737feebfff600,0202AAD003327767005A5811460E29EFBF1FFFFFFC2246CD1E00000FC0007EBFE9ED0737FEEBFFF600,
2026-07-14T15:36:57.572061+00:00,87.906365,valid,2733,819,2865759027,30667,41,hex,CAM,0202aad0033377cb005a5811460e29efbf1ffffffc2246cd1e00000fc0007ebfe9ed0737feebfff600,0202AAD0033377CB005A5811460E29EFBF1FFFFFFC2246CD1E00000FC0007EBFE9ED0737FEEBFFF600,
2026-07-14T15:36:57.663500+00:00,87.997796,valid,2733,820,2865759028,30767,41,hex,CAM,0202aad00334782f005a5811460e29efbf1ffffffc2246cd1e00000fc0007ebfe9ed0737feebfff600,0202AAD00334782F005A5811460E29EFBF1FFFFFFC2246CD1E00000FC0007EBFE9ED0737FEEBFFF600,
2026-07-14T15:36:57.766140+00:00,88.100444,valid,2733,821,2865759029,30867,41,hex,CAM,0202aad003357893005a5811460e29efbf1ffffffc2246cd1e00000fc0007ebfe9ed0737feebfff600,0202AAD003357893005A5811460E29EFBF1FFFFFFC2246CD1E00000FC0007EBFE9ED0737FEEBFFF600,
2026-07-14T15:36:57.868036+00:00,88.202341,valid,2733,822,2865759030,30967,41,hex,CAM,0202aad0033678f7005a5811460e29efbf1ffffffc2246cd1e00000fc0007ebfe9ed0737feebfff600,0202AAD0033678F7005A5811460E29EFBF1FFFFFFC2246CD1E00000FC0007EBFE9ED0737FEEBFFF600,
2026-07-14T15:36:57.970178+00:00,88.304488,valid,2733,823,2865759031,31067,41,hex,CAM,0202aad00337795b005a5811460e29efbf1ffffffc2246cd1e00000fc0007ebfe9ed0737feebfff600,0202AAD00337795B005A5811460E29EFBF1FFFFFFC2246CD1E00000FC0007EBFE9ED0737FEEBFFF600,
2026-07-14T15:36:58.072055+00:00,88.406363,valid,2733,824,2865759032,31167,41,hex,CAM,0202aad0033879bf005a5811460e29efbf1ffffffc2246cd1e00000fc0007ebfe9ed0737feebfff600,0202AAD0033879BF005A5811460E29EFBF1FFFFFFC2246CD1E00000FC0007EBFE9ED0737FEEBFFF600,
2026-07-14T15:36:58.163980+00:00,88.498285,valid,2733,825,2865759033,31267,41,hex,CAM,0202aad003397a23005a5811460e29efbf1ffffffc2246cd1e00000fc0007ebfe9ed0737feebfff600,0202AAD003397A23005A5811460E29EFBF1FFFFFFC2246CD1E00000FC0007EBFE9ED0737FEEBFFF600,
2026-07-14T15:36:58.265910+00:00,88.600214,valid,2733,826,2865759034,31367,41,hex,CAM,0202aad0033a7a87005a5811460e29efbf1ffffffc2246cd1e00000fc0007ebfe9ed0737feebfff600,0202AAD0033A7A87005A5811460E29EFBF1FFFFFFC2246CD1E00000FC0007EBFE9ED0737FEEBFFF600,
2026-07-14T15:36:58.368004+00:00,88.702315,valid,2733,827,2865759035,31467,41,hex,CAM,0202aad0033b7aeb005a5811460e29efbf1ffffffc2246cd1e00000fc0007ebfe9ed0737feebfff600,0202AAD0033B7AEB005A5811460E29EFBF1FFFFFFC2246CD1E00000FC0007EBFE9ED0737FEEBFFF600,
2026-07-14T15:36:58.470667+00:00,88.804973,valid,2733,828,2865759036,31567,41,hex,CAM,0202aad0033c7b4f005a5811460e29efbf1ffffffc2246cd1e00000fc0007ebfe9ed0737feebfff600,0202AAD0033C7B4F005A5811460E29EFBF1FFFFFFC2246CD1E00000FC0007EBFE9ED0737FEEBFFF600,
2026-07-14T15:36:58.572123+00:00,88.906428,valid,2733,829,2865759037,31667,41,hex,CAM,0202aad0033d7bb3005a5811460e29efbf1ffffffc2246cd1e00000fc0007ebfe9ed0737feebfff600,0202AAD0033D7BB3005A5811460E29EFBF1FFFFFFC2246CD1E00000FC0007EBFE9ED0737FEEBFFF600,
2026-07-14T15:36:58.664078+00:00,88.998381,valid,2733,830,2865759038,31767,41,hex,CAM,0202aad0033e7c17005a5811460e29efbf1ffffffc2246cd1e00000fc0007ebfe9ed0737feebfff600,0202AAD0033E7C17005A5811460E29EFBF1FFFFFFC2246CD1E00000FC0007EBFE9ED0737FEEBFFF600,
2026-07-14T15:36:58.766066+00:00,89.100369,valid,2733,831,2865759039,31867,41,hex,CAM,0202aad0033f7c7b005a5811460e29efbf1ffffffc2246cd1e00000fc0007ebfe9ed0737feebfff600,0202AAD0033F7C7B005A5811460E29EFBF1FFFFFFC2246CD1E00000FC0007EBFE9ED0737FEEBFFF600,
2026-07-14T15:36:58.867092+00:00,89.201384,valid,2733,832,2865759040,31967,41,hex,CAM,0202aad003407cdf005a5811460e29efbf1ffffffc2246cd1e00000fc0007ebfe9ed0737feebfff600,0202AAD003407CDF005A5811460E29EFBF1FFFFFFC2246CD1E00000FC0007EBFE9ED0737FEEBFFF600,
2026-07-14T15:36:58.970056+00:00,89.304364,valid,2733,833,2865759041,32067,41,hex,CAM,0202aad003417d43005a5811460e29efbf1ffffffc2246cd1e00000fc0007ebfe9ed0737feebfff600,0202AAD003417D43005A5811460E29EFBF1FFFFFFC2246CD1E00000FC0007EBFE9ED0737FEEBFFF600,
2026-07-14T15:36:59.071960+00:00,89.406268,valid,2733,834,2865759042,32167,41,hex,CAM,0202aad003427da7005a5811460e29efbf1ffffffc2246cd1e00000fc0007ebfe9ed0737feebfff600,0202AAD003427DA7005A5811460E29EFBF1FFFFFFC2246CD1E00000FC0007EBFE9ED0737FEEBFFF600,
2026-07-14T15:36:59.164074+00:00,89.498382,valid,2733,835,2865759043,32267,41,hex,CAM,0202aad003437e0b005a5811460e29efbf1ffffffc2246cd1e00000fc0007ebfe9ed0737feebfff600,0202AAD003437E0B005A5811460E29EFBF1FFFFFFC2246CD1E00000FC0007EBFE9ED0737FEEBFFF600,
2026-07-14T15:36:59.266025+00:00,89.600329,valid,2733,836,2865759044,32367,41,hex,CAM,0202aad003447e6f005a5811460e29efbf1ffffffc2246cd1e00000fc0007ebfe9ed0737feebfff600,0202AAD003447E6F005A5811460E29EFBF1FFFFFFC2246CD1E00000FC0007EBFE9ED0737FEEBFFF600,
2026-07-14T15:36:59.368034+00:00,89.702339,valid,2733,837,2865759045,32467,41,hex,CAM,0202aad003457ed3005a5811460e29efbf1ffffffc2246cd1e00000fc0007ebfe9ed0737feebfff600,0202AAD003457ED3005A5811460E29EFBF1FFFFFFC2246CD1E00000FC0007EBFE9ED0737FEEBFFF600,
2026-07-14T15:36:59.470063+00:00,89.804369,valid,2733,838,2865759046,32567,41,hex,CAM,0202aad003467f37005a5811460e29efbf1ffffffc2246cd1e00000fc0007ebfe9ed0737feebfff600,0202AAD003467F37005A5811460E29EFBF1FFFFFFC2246CD1E00000FC0007EBFE9ED0737FEEBFFF600,
2026-07-14T15:36:59.571974+00:00,89.906278,valid,2733,839,2865759047,32667,41,hex,CAM,0202aad003477f9b005a5811460e29efbf1ffffffc2246cd1e00000fc0007ebfe9ed0737feebfff600,0202AAD003477F9B005A5811460E29EFBF1FFFFFFC2246CD1E00000FC0007EBFE9ED0737FEEBFFF600,
2026-07-14T15:36:59.664220+00:00,89.998525,valid,2733,840,2865759048,32767,41,hex,CAM,0202aad003487fff005a5811460e29efbf1ffffffc2246cd1e00000fc0007ebfe9ed0737feebfff600,0202AAD003487FFF005A5811460E29EFBF1FFFFFFC2246CD1E00000FC0007EBFE9ED0737FEEBFFF600,
2026-07-14T15:36:59.765998+00:00,90.100306,valid,2733,841,2865759049,32867,41,hex,CAM,0202aad003498063005a5811460e29efbf1ffffffc2246cd1e00000fc0007ebfe9ed0737feebfff600,0202AAD003498063005A5811460E29EFBF1FFFFFFC2246CD1E00000FC0007EBFE9ED0737FEEBFFF600,
2026-07-14T15:36:59.868077+00:00,90.202385,valid,2733,842,2865759050,32967,41,hex,CAM,0202aad0034a80c7005a5811460e29efbf1ffffffc2246cd1e00000fc0007ebfe9ed0737feebfff600,0202AAD0034A80C7005A5811460E29EFBF1FFFFFFC2246CD1E00000FC0007EBFE9ED0737FEEBFFF600,
2026-07-14T15:36:59.970026+00:00,90.304331,valid,2733,843,2865759051,33067,41,hex,CAM,0202aad0034b812b005a5811460e29efbf1ffffffc2246cd1e00000fc0007ebfe9ed0737feebfff600,0202AAD0034B812B005A5811460E29EFBF1FFFFFFC2246CD1E00000FC0007EBFE9ED0737FEEBFFF600,
2026-07-14T15:37:00.072099+00:00,90.406407,valid,2733,844,2865759052,33167,41,hex,CAM,0202aad0034c818f005a5811460e29efbf1ffffffc2246cd1e00000fc0007ebfe9ed0737feebfff600,0202AAD0034C818F005A5811460E29EFBF1FFFFFFC2246CD1E00000FC0007EBFE9ED0737FEEBFFF600,
2026-07-14T15:37:00.165572+00:00,90.499891,valid,2733,845,2865759053,33267,41,hex,CAM,0202aad0034d81f3005a5811460e29efbf1ffffffc2246cd1e00000fc0007ebfe9ed0737feebfff600,0202AAD0034D81F3005A5811460E29EFBF1FFFFFFC2246CD1E00000FC0007EBFE9ED0737FEEBFFF600,
2026-07-14T15:37:00.267511+00:00,90.601821,valid,2733,846,2865759054,33367,41,hex,CAM,0202aad0034e8257005a5811460e29efbf1ffffffc2246cd1e00000fc0007ebfe9ed0737feebfff600,0202AAD0034E8257005A5811460E29EFBF1FFFFFFC2246CD1E00000FC0007EBFE9ED0737FEEBFFF600,
2026-07-14T15:37:00.368052+00:00,90.702356,valid,2733,847,2865759055,33467,41,hex,CAM,0202aad0034f82bb005a5811460e29efbf1ffffffc2246cd1e00000fc0007ebfe9ed0737feebfff600,0202AAD0034F82BB005A5811460E29EFBF1FFFFFFC2246CD1E00000FC0007EBFE9ED0737FEEBFFF600,
2026-07-14T15:37:00.470070+00:00,90.804375,valid,2733,848,2865759056,33567,41,hex,CAM,0202aad00350831f005a5811460e29efbf1ffffffc2246cd1e00000fc0007ebfe9ed0737feebfff600,0202AAD00350831F005A5811460E29EFBF1FFFFFFC2246CD1E00000FC0007EBFE9ED0737FEEBFFF600,
2026-07-14T15:37:00.572051+00:00,90.906355,valid,2733,849,2865759057,33667,41,hex,CAM,0202aad003518383005a5811460e29efbf1ffffffc2246cd1e00000fc0007ebfe9ed0737feebfff600,0202AAD003518383005A5811460E29EFBF1FFFFFFC2246CD1E00000FC0007EBFE9ED0737FEEBFFF600,
2026-07-14T15:37:00.664189+00:00,90.998493,valid,2733,850,2865759058,33767,41,hex,CAM,0202aad0035283e7005a5811460e29efbf1ffffffc2246cd1e00000fc0007ebfe9ed0737feebfff600,0202AAD0035283E7005A5811460E29EFBF1FFFFFFC2246CD1E00000FC0007EBFE9ED0737FEEBFFF600,
2026-07-14T15:37:00.766063+00:00,91.100367,valid,2733,851,2865759059,33867,41,hex,CAM,0202aad00353844b005a5811460e29efbf1ffffffc2246cd1e00000fc0007ebfe9ed0737feebfff600,0202AAD00353844B005A5811460E29EFBF1FFFFFFC2246CD1E00000FC0007EBFE9ED0737FEEBFFF600,
2026-07-14T15:37:00.868145+00:00,91.202450,valid,2733,852,2865759060,33967,41,hex,CAM,0202aad0035484af005a5811460e29efbf1ffffffc2246cd1e00000fc0007ebfe9ed0737feebfff600,0202AAD0035484AF005A5811460E29EFBF1FFFFFFC2246CD1E00000FC0007EBFE9ED0737FEEBFFF600,
2026-07-14T15:37:00.970163+00:00,91.304467,valid,2733,853,2865759061,34067,41,hex,CAM,0202aad003558513005a5811460e29efbf1ffffffc2246cd1e00000fc0007ebfe9ed0737feebfff600,0202AAD003558513005A5811460E29EFBF1FFFFFFC2246CD1E00000FC0007EBFE9ED0737FEEBFFF600,
2026-07-14T15:37:01.072234+00:00,91.406542,valid,2733,854,2865759062,34167,41,hex,CAM,0202aad003568577005a5811460e29efbf1ffffffc2246cd1e00000fc0007ebfe9ed0737feebfff600,0202AAD003568577005A5811460E29EFBF1FFFFFFC2246CD1E00000FC0007EBFE9ED0737FEEBFFF600,
2026-07-14T15:37:01.163964+00:00,91.498271,valid,2733,855,2865759063,34267,41,hex,CAM,0202aad0035785db005a5811460e29efbf1ffffffc2246cd1e00000fc0007ebfe9ed0737feebfff600,0202AAD0035785DB005A5811460E29EFBF1FFFFFFC2246CD1E00000FC0007EBFE9ED0737FEEBFFF600,
2026-07-14T15:37:01.266123+00:00,91.600428,valid,2733,856,2865759064,34367,41,hex,CAM,0202aad00358863f005a5811460e29efbf1ffffffc2246cd1e00000fc0007ebfe9ed0737feebfff600,0202AAD00358863F005A5811460E29EFBF1FFFFFFC2246CD1E00000FC0007EBFE9ED0737FEEBFFF600,
2026-07-14T15:37:01.368144+00:00,91.702453,valid,2733,857,2865759065,34467,41,hex,CAM,0202aad0035986a3005a5811460e29efbf1ffffffc2246cd1e00000fc0007ebfe9ed0737feebfff600,0202AAD0035986A3005A5811460E29EFBF1FFFFFFC2246CD1E00000FC0007EBFE9ED0737FEEBFFF600,
2026-07-14T15:37:01.470058+00:00,91.804362,valid,2733,858,2865759066,34567,41,hex,CAM,0202aad0035a8707005a5811460e29efbf1ffffffc2246cd1e00000fc0007ebfe9ed0737feebfff600,0202AAD0035A8707005A5811460E29EFBF1FFFFFFC2246CD1E00000FC0007EBFE9ED0737FEEBFFF600,
2026-07-14T15:37:01.572127+00:00,91.906430,valid,2733,859,2865759067,34667,41,hex,CAM,0202aad0035b876b005a5811460e29efbf1ffffffc2246cd1e00000fc0007ebfe9ed0737feebfff600,0202AAD0035B876B005A5811460E29EFBF1FFFFFFC2246CD1E00000FC0007EBFE9ED0737FEEBFFF600,
2026-07-14T15:37:01.664111+00:00,91.998415,valid,2733,860,2865759068,34767,41,hex,CAM,0202aad0035c87cf005a5811460e29efbf1ffffffc2246cd1e00000fc0007ebfe9ed0737feebfff600,0202AAD0035C87CF005A5811460E29EFBF1FFFFFFC2246CD1E00000FC0007EBFE9ED0737FEEBFFF600,
2026-07-14T15:37:01.766190+00:00,92.100494,valid,2733,861,2865759069,34867,41,hex,CAM,0202aad0035d8833005a5811460e29efbf1ffffffc2246cd1e00000fc0007ebfe9ed0737feebfff600,0202AAD0035D8833005A5811460E29EFBF1FFFFFFC2246CD1E00000FC0007EBFE9ED0737FEEBFFF600,
2026-07-14T15:37:01.868085+00:00,92.202391,valid,2733,862,2865759070,34967,41,hex,CAM,0202aad0035e8897005a5811460e29efbf1ffffffc2246cd1e00000fc0007ebfe9ed0737feebfff600,0202AAD0035E8897005A5811460E29EFBF1FFFFFFC2246CD1E00000FC0007EBFE9ED0737FEEBFFF600,
2026-07-14T15:37:01.970287+00:00,92.304594,valid,2733,863,2865759071,35067,41,hex,CAM,0202aad0035f88fb005a5811460e29efbf1ffffffc2246cd1e00000fc0007ebfe9ed0737feebfff600,0202AAD0035F88FB005A5811460E29EFBF1FFFFFFC2246CD1E00000FC0007EBFE9ED0737FEEBFFF600,
2026-07-14T15:37:02.072061+00:00,92.406367,valid,2733,864,2865759072,35167,41,hex,CAM,0202aad00360895f005a5811460e29efbf1ffffffc2246cd1e00000fc0007ebfe9ed0737feebfff600,0202AAD00360895F005A5811460E29EFBF1FFFFFFC2246CD1E00000FC0007EBFE9ED0737FEEBFFF600,
2026-07-14T15:37:02.163961+00:00,92.498264,valid,2733,865,2865759073,35267,41,hex,CAM,0202aad0036189c3005a5811460e29efbf1ffffffc2246cd1e00000fc0007ebfe9ed0737feebfff600,0202AAD0036189C3005A5811460E29EFBF1FFFFFFC2246CD1E00000FC0007EBFE9ED0737FEEBFFF600,
2026-07-14T15:37:02.266083+00:00,92.600388,valid,2733,866,2865759074,35367,41,hex,CAM,0202aad003628a27005a5811460e29efbf1ffffffc2246cd1e00000fc0007ebfe9ed0737feebfff600,0202AAD003628A27005A5811460E29EFBF1FFFFFFC2246CD1E00000FC0007EBFE9ED0737FEEBFFF600,
2026-07-14T15:37:02.368082+00:00,92.702386,valid,2733,867,2865759075,35467,41,hex,CAM,0202aad003638a8b005a5811460e29efbf1ffffffc2246cd1e00000fc0007ebfe9ed0737feebfff600,0202AAD003638A8B005A5811460E29EFBF1FFFFFFC2246CD1E00000FC0007EBFE9ED0737FEEBFFF600,
2026-07-14T15:37:02.469932+00:00,92.804237,valid,2733,868,2865759076,35567,41,hex,CAM,0202aad003648aef005a5811460e29efbf1ffffffc2246cd1e00000fc0007ebfe9ed0737feebfff600,0202AAD003648AEF005A5811460E29EFBF1FFFFFFC2246CD1E00000FC0007EBFE9ED0737FEEBFFF600,
2026-07-14T15:37:02.571972+00:00,92.906276,valid,2733,869,2865759077,35667,41,hex,CAM,0202aad003658b53005a5811460e29efbf1ffffffc2246cd1e00000fc0007ebfe9ed0737feebfff600,0202AAD003658B53005A5811460E29EFBF1FFFFFFC2246CD1E00000FC0007EBFE9ED0737FEEBFFF600,
2026-07-14T15:37:02.663918+00:00,92.998221,valid,2733,870,2865759078,35767,41,hex,CAM,0202aad003668bb7005a5811460e29efbf1ffffffc2246cd1e00000fc0007ebfe9ed0737feebfff600,0202AAD003668BB7005A5811460E29EFBF1FFFFFFC2246CD1E00000FC0007EBFE9ED0737FEEBFFF600,
2026-07-14T15:37:02.766000+00:00,93.100304,valid,2733,871,2865759079,35867,41,hex,CAM,0202aad003678c1b005a5811460e29efbf1ffffffc2246cd1e00000fc0007ebfe9ed0737feebfff600,0202AAD003678C1B005A5811460E29EFBF1FFFFFFC2246CD1E00000FC0007EBFE9ED0737FEEBFFF600,
2026-07-14T15:37:02.867955+00:00,93.202259,valid,2733,872,2865759080,35967,41,hex,CAM,0202aad003688c7f005a5811460e29efbf1ffffffc2246cd1e00000fc0007ebfe9ed0737feebfff600,0202AAD003688C7F005A5811460E29EFBF1FFFFFFC2246CD1E00000FC0007EBFE9ED0737FEEBFFF600,
2026-07-14T15:37:02.970044+00:00,93.304348,valid,2733,873,2865759081,36067,41,hex,CAM,0202aad003698ce3005a5811460e29efbf1ffffffc2246cd1e00000fc0007ebfe9ed0737feebfff600,0202AAD003698CE3005A5811460E29EFBF1FFFFFFC2246CD1E00000FC0007EBFE9ED0737FEEBFFF600,
2026-07-14T15:37:03.071961+00:00,93.406265,valid,2733,874,2865759082,36167,41,hex,CAM,0202aad0036a8d47005a5811460e29efbf1ffffffc2246cd1e00000fc0007ebfe9ed0737feebfff600,0202AAD0036A8D47005A5811460E29EFBF1FFFFFFC2246CD1E00000FC0007EBFE9ED0737FEEBFFF600,
2026-07-14T15:37:03.164022+00:00,93.498325,valid,2733,875,2865759083,36267,41,hex,CAM,0202aad0036b8dab005a5811460e29efbf1ffffffc2246cd1e00000fc0007ebfe9ed0737feebfff600,0202AAD0036B8DAB005A5811460E29EFBF1FFFFFFC2246CD1E00000FC0007EBFE9ED0737FEEBFFF600,
2026-07-14T15:37:03.265414+00:00,93.599704,valid,2733,876,2865759084,36367,41,hex,CAM,0202aad0036c8e0f005a5811460e29efbf1ffffffc2246cd1e00000fc0007ebfe9ed0737feebfff600,0202AAD0036C8E0F005A5811460E29EFBF1FFFFFFC2246CD1E00000FC0007EBFE9ED0737FEEBFFF600,
2026-07-14T15:37:03.367996+00:00,93.702302,valid,2733,877,2865759085,36467,41,hex,CAM,0202aad0036d8e73005a5811460e29efbf1ffffffc2246cd1e00000fc0007ebfe9ed0737feebfff600,0202AAD0036D8E73005A5811460E29EFBF1FFFFFFC2246CD1E00000FC0007EBFE9ED0737FEEBFFF600,
2026-07-14T15:37:03.469947+00:00,93.804251,valid,2733,878,2865759086,36567,41,hex,CAM,0202aad0036e8ed7005a5811460e29efbf1ffffffc2246cd1e00000fc0007ebfe9ed0737feebfff600,0202AAD0036E8ED7005A5811460E29EFBF1FFFFFFC2246CD1E00000FC0007EBFE9ED0737FEEBFFF600,
2026-07-14T15:37:03.571951+00:00,93.906254,valid,2733,879,2865759087,36667,41,hex,CAM,0202aad0036f8f3b005a5811460e29efbf1ffffffc2246cd1e00000fc0007ebfe9ed0737feebfff600,0202AAD0036F8F3B005A5811460E29EFBF1FFFFFFC2246CD1E00000FC0007EBFE9ED0737FEEBFFF600,
2026-07-14T15:37:03.663951+00:00,93.998255,valid,2733,880,2865759088,36767,41,hex,CAM,0202aad003708f9f005a5811460e29efbf1ffffffc2246cd1e00000fc0007ebfe9ed0737feebfff600,0202AAD003708F9F005A5811460E29EFBF1FFFFFFC2246CD1E00000FC0007EBFE9ED0737FEEBFFF600,
2026-07-14T15:37:03.766093+00:00,94.100396,valid,2733,881,2865759089,36867,41,hex,CAM,0202aad003719003005a5811460e29efbf1ffffffc2246cd1e00000fc0007ebfe9ed0737feebfff600,0202AAD003719003005A5811460E29EFBF1FFFFFFC2246CD1E00000FC0007EBFE9ED0737FEEBFFF600,
2026-07-14T15:37:03.868212+00:00,94.202516,valid,2733,882,2865759090,36967,41,hex,CAM,0202aad003729067005a5811460e29efbf1ffffffc2246cd1e00000fc0007ebfe9ed0737feebfff600,0202AAD003729067005A5811460E29EFBF1FFFFFFC2246CD1E00000FC0007EBFE9ED0737FEEBFFF600,
2026-07-14T15:37:03.970199+00:00,94.304507,valid,2733,883,2865759091,37067,41,hex,CAM,0202aad0037390cb005a5811460e29efbf1ffffffc2246cd1e00000fc0007ebfe9ed0737feebfff600,0202AAD0037390CB005A5811460E29EFBF1FFFFFFC2246CD1E00000FC0007EBFE9ED0737FEEBFFF600,
2026-07-14T15:37:04.072105+00:00,94.406410,valid,2733,884,2865759092,37167,41,hex,CAM,0202aad00374912f005a5811460e29efbf1ffffffc2246cd1e00000fc0007ebfe9ed0737feebfff600,0202AAD00374912F005A5811460E29EFBF1FFFFFFC2246CD1E00000FC0007EBFE9ED0737FEEBFFF600,
2026-07-14T15:37:04.164110+00:00,94.498413,valid,2733,885,2865759093,37267,41,hex,CAM,0202aad003759193005a5811460e29efbf1ffffffc2246cd1e00000fc0007ebfe9ed0737feebfff600,0202AAD003759193005A5811460E29EFBF1FFFFFFC2246CD1E00000FC0007EBFE9ED0737FEEBFFF600,
2026-07-14T15:37:04.266125+00:00,94.600431,valid,2733,886,2865759094,37367,41,hex,CAM,0202aad0037691f7005a5811460e29efbf1ffffffc2246cd1e00000fc0007ebfe9ed0737feebfff600,0202AAD0037691F7005A5811460E29EFBF1FFFFFFC2246CD1E00000FC0007EBFE9ED0737FEEBFFF600,
2026-07-14T15:37:04.368052+00:00,94.702360,valid,2733,887,2865759095,37467,41,hex,CAM,0202aad00377925b005a5811460e29efbf1ffffffc2246cd1e00000fc0007ebfe9ed0737feebfff600,0202AAD00377925B005A5811460E29EFBF1FFFFFFC2246CD1E00000FC0007EBFE9ED0737FEEBFFF600,
2026-07-14T15:37:04.470185+00:00,94.804492,valid,2733,888,2865759096,37567,41,hex,CAM,0202aad0037892bf005a5811460e29efbf1ffffffc2246cd1e00000fc0007ebfe9ed0737feebfff600,0202AAD0037892BF005A5811460E29EFBF1FFFFFFC2246CD1E00000FC0007EBFE9ED0737FEEBFFF600,
2026-07-14T15:37:04.572147+00:00,94.906451,valid,2733,889,2865759097,37667,41,hex,CAM,0202aad003799323005a5811460e29efbf1ffffffc2246cd1e00000fc0007ebfe9ed0737feebfff600,0202AAD003799323005A5811460E29EFBF1FFFFFFC2246CD1E00000FC0007EBFE9ED0737FEEBFFF600,
2026-07-14T15:37:04.664160+00:00,94.998463,valid,2733,890,2865759098,37767,41,hex,CAM,0202aad0037a9387005a5811460e29efbf1ffffffc2246cd1e00000fc0007ebfe9ed0737feebfff600,0202AAD0037A9387005A5811460E29EFBF1FFFFFFC2246CD1E00000FC0007EBFE9ED0737FEEBFFF600,
2026-07-14T15:37:04.767613+00:00,95.101946,valid,2733,891,2865759099,37867,41,hex,CAM,0202aad0037b93eb005a5811460e29efbf1ffffffc2246cd1e00000fc0007ebfe9ed0737feebfff600,0202AAD0037B93EB005A5811460E29EFBF1FFFFFFC2246CD1E00000FC0007EBFE9ED0737FEEBFFF600,
2026-07-14T15:37:04.869526+00:00,95.203846,valid,2733,892,2865759100,37967,41,hex,CAM,0202aad0037c944f005a5811460e29efbf1ffffffc2246cd1e00000fc0007ebfe9ed0737feebfff600,0202AAD0037C944F005A5811460E29EFBF1FFFFFFC2246CD1E00000FC0007EBFE9ED0737FEEBFFF600,
2026-07-14T15:37:04.971419+00:00,95.305731,valid,2733,893,2865759101,38067,41,hex,CAM,0202aad0037d94b3005a5811460e29efbf1ffffffc2246cd1e00000fc0007ebfe9ed0737feebfff600,0202AAD0037D94B3005A5811460E29EFBF1FFFFFFC2246CD1E00000FC0007EBFE9ED0737FEEBFFF600,
2026-07-14T15:37:05.073515+00:00,95.407823,valid,2733,894,2865759102,38167,41,hex,CAM,0202aad0037e9517005a5811460e29efbf1ffffffc2246cd1e00000fc0007ebfe9ed0737feebfff600,0202AAD0037E9517005A5811460E29EFBF1FFFFFFC2246CD1E00000FC0007EBFE9ED0737FEEBFFF600,
2026-07-14T15:37:05.164119+00:00,95.498422,valid,2733,895,2865759103,38267,41,hex,CAM,0202aad0037f957b005a5811460e29efbf1ffffffc2246cd1e00000fc0007ebfe9ed0737feebfff600,0202AAD0037F957B005A5811460E29EFBF1FFFFFFC2246CD1E00000FC0007EBFE9ED0737FEEBFFF600,
2026-07-14T15:37:05.266036+00:00,95.600339,valid,2733,896,2865759104,38367,41,hex,CAM,0202aad0038095df005a5811460e29efbf1ffffffc2246cd1e00000fc0007ebfe9ed0737feebfff600,0202AAD0038095DF005A5811460E29EFBF1FFFFFFC2246CD1E00000FC0007EBFE9ED0737FEEBFFF600,
2026-07-14T15:37:05.368102+00:00,95.702409,valid,2733,897,2865759105,38467,41,hex,CAM,0202aad003819643005a5811460e29efbf1ffffffc2246cd1e00000fc0007ebfe9ed0737feebfff600,0202AAD003819643005A5811460E29EFBF1FFFFFFC2246CD1E00000FC0007EBFE9ED0737FEEBFFF600,
2026-07-14T15:37:05.470104+00:00,95.804412,valid,2733,898,2865759106,38567,41,hex,CAM,0202aad0038296a7005a5811460e29efbf1ffffffc2246cd1e00000fc0007ebfe9ed0737feebfff600,0202AAD0038296A7005A5811460E29EFBF1FFFFFFC2246CD1E00000FC0007EBFE9ED0737FEEBFFF600,
2026-07-14T15:37:05.572130+00:00,95.906437,valid,2733,899,2865759107,38667,41,hex,CAM,0202aad00383970b005a5811460e29efbf1ffffffc2246cd1e00000fc0007ebfe9ed0737feebfff600,0202AAD00383970B005A5811460E29EFBF1FFFFFFC2246CD1E00000FC0007EBFE9ED0737FEEBFFF600,
2026-07-14T15:37:05.664157+00:00,95.998462,valid,2733,900,2865759108,38767,41,hex,CAM,0202aad00384976f005a5811460e29efbf1ffffffc2246cd1e00000fc0007ebfe9ed0737feebfff600,0202AAD00384976F005A5811460E29EFBF1FFFFFFC2246CD1E00000FC0007EBFE9ED0737FEEBFFF600,
2026-07-14T15:37:05.766183+00:00,96.100488,valid,2733,901,2865759109,38867,41,hex,CAM,0202aad0038597d3005a5811460e29efbf1ffffffc2246cd1e00000fc0007ebfe9ed0737feebfff600,0202AAD0038597D3005A5811460E29EFBF1FFFFFFC2246CD1E00000FC0007EBFE9ED0737FEEBFFF600,
2026-07-14T15:37:05.868072+00:00,96.202381,valid,2733,902,2865759110,38967,41,hex,CAM,0202aad003869837005a5811460e29efbf1ffffffc2246cd1e00000fc0007ebfe9ed0737feebfff600,0202AAD003869837005A5811460E29EFBF1FFFFFFC2246CD1E00000FC0007EBFE9ED0737FEEBFFF600,
2026-07-14T15:37:05.970091+00:00,96.304397,valid,2733,903,2865759111,39067,41,hex,CAM,0202aad00387989b005a5811460e29efbf1ffffffc2246cd1e00000fc0007ebfe9ed0737feebfff600,0202AAD00387989B005A5811460E29EFBF1FFFFFFC2246CD1E00000FC0007EBFE9ED0737FEEBFFF600,
2026-07-14T15:37:06.072124+00:00,96.406431,valid,2733,904,2865759112,39167,41,hex,CAM,0202aad0038898ff005a5811460e29efbf1ffffffc2246cd1e00000fc0007ebfe9ed0737feebfff600,0202AAD0038898FF005A5811460E29EFBF1FFFFFFC2246CD1E00000FC0007EBFE9ED0737FEEBFFF600,
2026-07-14T15:37:06.164021+00:00,96.498325,valid,2733,905,2865759113,39267,41,hex,CAM,0202aad003899963005a5811460e29efbf1ffffffc2246cd1e00000fc0007ebfe9ed0737feebfff600,0202AAD003899963005A5811460E29EFBF1FFFFFFC2246CD1E00000FC0007EBFE9ED0737FEEBFFF600,
2026-07-14T15:37:06.266010+00:00,96.600314,valid,2733,906,2865759114,39367,41,hex,CAM,0202aad0038a99c7005a5811460e29efbf1ffffffc2246cd1e00000fc0007ebfe9ed0737feebfff600,0202AAD0038A99C7005A5811460E29EFBF1FFFFFFC2246CD1E00000FC0007EBFE9ED0737FEEBFFF600,
2026-07-14T15:37:06.368139+00:00,96.702444,valid,2733,907,2865759115,39467,41,hex,CAM,0202aad0038b9a2b005a5811460e29efbf1ffffffc2246cd1e00000fc0007ebfe9ed0737feebfff600,0202AAD0038B9A2B005A5811460E29EFBF1FFFFFFC2246CD1E00000FC0007EBFE9ED0737FEEBFFF600,
2026-07-14T15:37:06.470062+00:00,96.804370,valid,2733,908,2865759116,39567,41,hex,CAM,0202aad0038c9a8f005a5811460e29efbf1ffffffc2246cd1e00000fc0007ebfe9ed0737feebfff600,0202AAD0038C9A8F005A5811460E29EFBF1FFFFFFC2246CD1E00000FC0007EBFE9ED0737FEEBFFF600,
2026-07-14T15:37:06.572086+00:00,96.906394,valid,2733,909,2865759117,39667,41,hex,CAM,0202aad0038d9af3005a5811460e29efbf1ffffffc2246cd1e00000fc0007ebfe9ed0737feebfff600,0202AAD0038D9AF3005A5811460E29EFBF1FFFFFFC2246CD1E00000FC0007EBFE9ED0737FEEBFFF600,
2026-07-14T15:37:06.664257+00:00,96.998567,valid,2733,910,2865759118,39767,41,hex,CAM,0202aad0038e9b57005a5811460e29efbf1ffffffc2246cd1e00000fc0007ebfe9ed0737feebfff600,0202AAD0038E9B57005A5811460E29EFBF1FFFFFFC2246CD1E00000FC0007EBFE9ED0737FEEBFFF600,
2026-07-14T15:37:06.766166+00:00,97.100469,valid,2733,911,2865759119,39867,41,hex,CAM,0202aad0038f9bbb005a5811460e29efbf1ffffffc2246cd1e00000fc0007ebfe9ed0737feebfff600,0202AAD0038F9BBB005A5811460E29EFBF1FFFFFFC2246CD1E00000FC0007EBFE9ED0737FEEBFFF600,
2026-07-14T15:37:06.868127+00:00,97.202431,valid,2733,912,2865759120,39967,41,hex,CAM,0202aad003909c1f005a5811460e29efbf1ffffffc2246cd1e00000fc0007ebfe9ed0737feebfff600,0202AAD003909C1F005A5811460E29EFBF1FFFFFFC2246CD1E00000FC0007EBFE9ED0737FEEBFFF600,
2026-07-14T15:37:06.970170+00:00,97.304476,valid,2733,913,2865759121,40067,41,hex,CAM,0202aad003919c83005a5811460e29efbf1ffffffc2246cd1e00000fc0007ebfe9ed0737feebfff600,0202AAD003919C83005A5811460E29EFBF1FFFFFFC2246CD1E00000FC0007EBFE9ED0737FEEBFFF600,
2026-07-14T15:37:07.072179+00:00,97.406484,valid,2733,914,2865759122,40167,41,hex,CAM,0202aad003929ce7005a5811460e29efbf1ffffffc2246cd1e00000fc0007ebfe9ed0737feebfff600,0202AAD003929CE7005A5811460E29EFBF1FFFFFFC2246CD1E00000FC0007EBFE9ED0737FEEBFFF600,
2026-07-14T15:37:07.164148+00:00,97.498452,valid,2733,915,2865759123,40267,41,hex,CAM,0202aad003939d4b005a5811460e29efbf1ffffffc2246cd1e00000fc0007ebfe9ed0737feebfff600,0202AAD003939D4B005A5811460E29EFBF1FFFFFFC2246CD1E00000FC0007EBFE9ED0737FEEBFFF600,
2026-07-14T15:37:07.266112+00:00,97.600416,valid,2733,916,2865759124,40367,41,hex,CAM,0202aad003949daf005a5811460e29efbf1ffffffc2246cd1e00000fc0007ebfe9ed0737feebfff600,0202AAD003949DAF005A5811460E29EFBF1FFFFFFC2246CD1E00000FC0007EBFE9ED0737FEEBFFF600,
2026-07-14T15:37:07.368145+00:00,97.702449,valid,2733,917,2865759125,40467,41,hex,CAM,0202aad003959e13005a5811460e29efbf1ffffffc2246cd1e00000fc0007ebfe9ed0737feebfff600,0202AAD003959E13005A5811460E29EFBF1FFFFFFC2246CD1E00000FC0007EBFE9ED0737FEEBFFF600,
2026-07-14T15:37:07.470104+00:00,97.804410,valid,2733,918,2865759126,40567,41,hex,CAM,0202aad003969e77005a5811460e29efbf1ffffffc2246cd1e00000fc0007ebfe9ed0737feebfff600,0202AAD003969E77005A5811460E29EFBF1FFFFFFC2246CD1E00000FC0007EBFE9ED0737FEEBFFF600,
2026-07-14T15:37:07.572182+00:00,97.906487,valid,2733,919,2865759127,40667,41,hex,CAM,0202aad003979edb005a5811460e29efbf1ffffffc2246cd1e00000fc0007ebfe9ed0737feebfff600,0202AAD003979EDB005A5811460E29EFBF1FFFFFFC2246CD1E00000FC0007EBFE9ED0737FEEBFFF600,
2026-07-14T15:37:07.664186+00:00,97.998490,valid,2733,920,2865759128,40767,41,hex,CAM,0202aad003989f3f005a5811460e29efbf1ffffffc2246cd1e00000fc0007ebfe9ed0737feebfff600,0202AAD003989F3F005A5811460E29EFBF1FFFFFFC2246CD1E00000FC0007EBFE9ED0737FEEBFFF600,
2026-07-14T15:37:07.766175+00:00,98.100485,valid,2733,921,2865759129,40867,41,hex,CAM,0202aad003999fa3005a5811460e29efbf1ffffffc2246cd1e00000fc0007ebfe9ed0737feebfff600,0202AAD003999FA3005A5811460E29EFBF1FFFFFFC2246CD1E00000FC0007EBFE9ED0737FEEBFFF600,
2026-07-14T15:37:07.868212+00:00,98.202519,valid,2733,922,2865759130,40967,41,hex,CAM,0202aad0039aa007005a5811460e29efbf1ffffffc2246cd1e00000fc0007ebfe9ed0737feebfff600,0202AAD0039AA007005A5811460E29EFBF1FFFFFFC2246CD1E00000FC0007EBFE9ED0737FEEBFFF600,
2026-07-14T15:37:07.970065+00:00,98.304371,valid,2733,923,2865759131,41067,41,hex,CAM,0202aad0039ba06b005a5811460e29efbf1ffffffc2246cd1e00000fc0007ebfe9ed0737feebfff600,0202AAD0039BA06B005A5811460E29EFBF1FFFFFFC2246CD1E00000FC0007EBFE9ED0737FEEBFFF600,
2026-07-14T15:37:08.072083+00:00,98.406389,valid,2733,924,2865759132,41167,41,hex,CAM,0202aad0039ca0cf005a5811460e29efbf1ffffffc2246cd1e00000fc0007ebfe9ed0737feebfff600,0202AAD0039CA0CF005A5811460E29EFBF1FFFFFFC2246CD1E00000FC0007EBFE9ED0737FEEBFFF600,
2026-07-14T15:37:08.164031+00:00,98.498337,valid,2733,925,2865759133,41267,41,hex,CAM,0202aad0039da133005a5811460e29efbf1ffffffc2246cd1e00000fc0007ebfe9ed0737feebfff600,0202AAD0039DA133005A5811460E29EFBF1FFFFFFC2246CD1E00000FC0007EBFE9ED0737FEEBFFF600,
2026-07-14T15:37:08.266064+00:00,98.600369,valid,2733,926,2865759134,41367,41,hex,CAM,0202aad0039ea197005a5811460e29efbf1ffffffc2246cd1e00000fc0007ebfe9ed0737feebfff600,0202AAD0039EA197005A5811460E29EFBF1FFFFFFC2246CD1E00000FC0007EBFE9ED0737FEEBFFF600,
2026-07-14T15:37:08.368088+00:00,98.702392,valid,2733,927,2865759135,41467,41,hex,CAM,0202aad0039fa1fb005a5811460e29efbf1ffffffc2246cd1e00000fc0007ebfe9ed0737feebfff600,0202AAD0039FA1FB005A5811460E29EFBF1FFFFFFC2246CD1E00000FC0007EBFE9ED0737FEEBFFF600,
2026-07-14T15:37:08.470009+00:00,98.804314,valid,2733,928,2865759136,41567,41,hex,CAM,0202aad003a0a25f005a5811460e29efbf1ffffffc2246cd1e00000fc0007ebfe9ed0737feebfff600,0202AAD003A0A25F005A5811460E29EFBF1FFFFFFC2246CD1E00000FC0007EBFE9ED0737FEEBFFF600,
2026-07-14T15:37:08.571999+00:00,98.906305,valid,2733,929,2865759137,41667,41,hex,CAM,0202aad003a1a2c3005a5811460e29efbf1ffffffc2246cd1e00000fc0007ebfe9ed0737feebfff600,0202AAD003A1A2C3005A5811460E29EFBF1FFFFFFC2246CD1E00000FC0007EBFE9ED0737FEEBFFF600,
2026-07-14T15:37:08.664034+00:00,98.998339,valid,2733,930,2865759138,41767,41,hex,CAM,0202aad003a2a327005a5811460e29efbf1ffffffc2246cd1e00000fc0007ebfe9ed0737feebfff600,0202AAD003A2A327005A5811460E29EFBF1FFFFFFC2246CD1E00000FC0007EBFE9ED0737FEEBFFF600,
2026-07-14T15:37:08.766040+00:00,99.100347,valid,2733,931,2865759139,41867,41,hex,CAM,0202aad003a3a38b005a5811460e29efbf1ffffffc2246cd1e00000fc0007ebfe9ed0737feebfff600,0202AAD003A3A38B005A5811460E29EFBF1FFFFFFC2246CD1E00000FC0007EBFE9ED0737FEEBFFF600,
2026-07-14T15:37:08.868005+00:00,99.202309,valid,2733,932,2865759140,41967,41,hex,CAM,0202aad003a4a3ef005a5811460e29efbf1ffffffc2246cd1e00000fc0007ebfe9ed0737feebfff600,0202AAD003A4A3EF005A5811460E29EFBF1FFFFFFC2246CD1E00000FC0007EBFE9ED0737FEEBFFF600,
2026-07-14T15:37:08.970052+00:00,99.304358,valid,2733,933,2865759141,42067,41,hex,CAM,0202aad003a5a453005a5811460e29efbf1ffffffc2246cd1e00000fc0007ebfe9ed0737feebfff600,0202AAD003A5A453005A5811460E29EFBF1FFFFFFC2246CD1E00000FC0007EBFE9ED0737FEEBFFF600,
2026-07-14T15:37:09.072077+00:00,99.406384,valid,2733,934,2865759142,42167,41,hex,CAM,0202aad003a6a4b7005a5811460e29efbf1ffffffc2246cd1e00000fc0007ebfe9ed0737feebfff600,0202AAD003A6A4B7005A5811460E29EFBF1FFFFFFC2246CD1E00000FC0007EBFE9ED0737FEEBFFF600,
2026-07-14T15:37:09.164076+00:00,99.498380,valid,2733,935,2865759143,42267,41,hex,CAM,0202aad003a7a51b005a5811460e29efbf1ffffffc2246cd1e00000fc0007ebfe9ed0737feebfff600,0202AAD003A7A51B005A5811460E29EFBF1FFFFFFC2246CD1E00000FC0007EBFE9ED0737FEEBFFF600,
2026-07-14T15:37:09.266061+00:00,99.600369,valid,2733,936,2865759144,42367,41,hex,CAM,0202aad003a8a57f005a5811460e29efbf1ffffffc2246cd1e00000fc0007ebfe9ed0737feebfff600,0202AAD003A8A57F005A5811460E29EFBF1FFFFFFC2246CD1E00000FC0007EBFE9ED0737FEEBFFF600,
2026-07-14T15:37:09.367985+00:00,99.702288,valid,2733,937,2865759145,42467,41,hex,CAM,0202aad003a9a5e3005a5811460e29efbf1ffffffc2246cd1e00000fc0007ebfe9ed0737feebfff600,0202AAD003A9A5E3005A5811460E29EFBF1FFFFFFC2246CD1E00000FC0007EBFE9ED0737FEEBFFF600,
2026-07-14T15:37:09.469941+00:00,99.804244,valid,2733,938,2865759146,42567,41,hex,CAM,0202aad003aaa647005a5811460e29efbf1ffffffc2246cd1e00000fc0007ebfe9ed0737feebfff600,0202AAD003AAA647005A5811460E29EFBF1FFFFFFC2246CD1E00000FC0007EBFE9ED0737FEEBFFF600,
2026-07-14T15:37:09.571906+00:00,99.906210,valid,2733,939,2865759147,42667,41,hex,CAM,0202aad003aba6ab005a5811460e29efbf1ffffffc2246cd1e00000fc0007ebfe9ed0737feebfff600,0202AAD003ABA6AB005A5811460E29EFBF1FFFFFFC2246CD1E00000FC0007EBFE9ED0737FEEBFFF600,
2026-07-14T15:37:09.663829+00:00,99.998130,valid,2733,940,2865759148,42767,41,hex,CAM,0202aad003aca70f005a5811460e29efbf1ffffffc2246cd1e00000fc0007ebfe9ed0737feebfff600,0202AAD003ACA70F005A5811460E29EFBF1FFFFFFC2246CD1E00000FC0007EBFE9ED0737FEEBFFF600,
2026-07-14T15:37:09.765966+00:00,100.100270,valid,2733,941,2865759149,42867,41,hex,CAM,0202aad003ada773005a5811460e29efbf1ffffffc2246cd1e00000fc0007ebfe9ed0737feebfff600,0202AAD003ADA773005A5811460E29EFBF1FFFFFFC2246CD1E00000FC0007EBFE9ED0737FEEBFFF600,
2026-07-14T15:37:09.868034+00:00,100.202340,valid,2733,942,2865759150,42967,41,hex,CAM,0202aad003aea7d7005a5811460e29efbf1ffffffc2246cd1e00000fc0007ebfe9ed0737feebfff600,0202AAD003AEA7D7005A5811460E29EFBF1FFFFFFC2246CD1E00000FC0007EBFE9ED0737FEEBFFF600,
2026-07-14T15:37:09.970037+00:00,100.304340,valid,2733,943,2865759151,43067,41,hex,CAM,0202aad003afa83b005a5811460e29efbf1ffffffc2246cd1e00000fc0007ebfe9ed0737feebfff600,0202AAD003AFA83B005A5811460E29EFBF1FFFFFFC2246CD1E00000FC0007EBFE9ED0737FEEBFFF600,
2026-07-14T15:37:10.072018+00:00,100.406326,valid,2733,944,2865759152,43167,41,hex,CAM,0202aad003b0a89f005a5811460e29efbf1ffffffc2246cd1e00000fc0007ebfe9ed0737feebfff600,0202AAD003B0A89F005A5811460E29EFBF1FFFFFFC2246CD1E00000FC0007EBFE9ED0737FEEBFFF600,
2026-07-14T15:37:10.163976+00:00,100.498279,valid,2733,945,2865759153,43267,41,hex,CAM,0202aad003b1a903005a5811460e29efbf1ffffffc2246cd1e00000fc0007ebfe9ed0737feebfff600,0202AAD003B1A903005A5811460E29EFBF1FFFFFFC2246CD1E00000FC0007EBFE9ED0737FEEBFFF600,
2026-07-14T15:37:10.266062+00:00,100.600366,valid,2733,946,2865759154,43367,41,hex,CAM,0202aad003b2a967005a5811460e29efbf1ffffffc2246cd1e00000fc0007ebfe9ed0737feebfff600,0202AAD003B2A967005A5811460E29EFBF1FFFFFFC2246CD1E00000FC0007EBFE9ED0737FEEBFFF600,
2026-07-14T15:37:10.368057+00:00,100.702361,valid,2733,947,2865759155,43467,41,hex,CAM,0202aad003b3a9cb005a5811460e29efbf1ffffffc2246cd1e00000fc0007ebfe9ed0737feebfff600,0202AAD003B3A9CB005A5811460E29EFBF1FFFFFFC2246CD1E00000FC0007EBFE9ED0737FEEBFFF600,
2026-07-14T15:37:10.470085+00:00,100.804390,valid,2733,948,2865759156,43567,41,hex,CAM,0202aad003b4aa2f005a5811460e29efbf1ffffffc2246cd1e00000fc0007ebfe9ed0737feebfff600,0202AAD003B4AA2F005A5811460E29EFBF1FFFFFFC2246CD1E00000FC0007EBFE9ED0737FEEBFFF600,
2026-07-14T15:37:10.572200+00:00,100.906506,valid,2733,949,2865759157,43667,41,hex,CAM,0202aad003b5aa93005a5811460e29efbf1ffffffc2246cd1e00000fc0007ebfe9ed0737feebfff600,0202AAD003B5AA93005A5811460E29EFBF1FFFFFFC2246CD1E00000FC0007EBFE9ED0737FEEBFFF600,
2026-07-14T15:37:10.663987+00:00,100.998293,valid,2733,950,2865759158,43767,41,hex,CAM,0202aad003b6aaf7005a5811460e29efbf1ffffffc2246cd1e00000fc0007ebfe9ed0737feebfff600,0202AAD003B6AAF7005A5811460E29EFBF1FFFFFFC2246CD1E00000FC0007EBFE9ED0737FEEBFFF600,
2026-07-14T15:37:10.766192+00:00,101.100498,valid,2733,951,2865759159,43867,41,hex,CAM,0202aad003b7ab5b005a5811460e29efbf1ffffffc2246cd1e00000fc0007ebfe9ed0737feebfff600,0202AAD003B7AB5B005A5811460E29EFBF1FFFFFFC2246CD1E00000FC0007EBFE9ED0737FEEBFFF600,
2026-07-14T15:37:10.868050+00:00,101.202356,valid,2733,952,2865759160,43967,41,hex,CAM,0202aad003b8abbf005a5811460e29efbf1ffffffc2246cd1e00000fc0007ebfe9ed0737feebfff600,0202AAD003B8ABBF005A5811460E29EFBF1FFFFFFC2246CD1E00000FC0007EBFE9ED0737FEEBFFF600,
2026-07-14T15:37:10.970061+00:00,101.304367,valid,2733,953,2865759161,44067,41,hex,CAM,0202aad003b9ac23005a5811460e29efbf1ffffffc2246cd1e00000fc0007ebfe9ed0737feebfff600,0202AAD003B9AC23005A5811460E29EFBF1FFFFFFC2246CD1E00000FC0007EBFE9ED0737FEEBFFF600,
2026-07-14T15:37:11.072126+00:00,101.406431,valid,2733,954,2865759162,44167,41,hex,CAM,0202aad003baac87005a5811460e29efbf1ffffffc2246cd1e00000fc0007ebfe9ed0737feebfff600,0202AAD003BAAC87005A5811460E29EFBF1FFFFFFC2246CD1E00000FC0007EBFE9ED0737FEEBFFF600,
2026-07-14T15:37:11.164127+00:00,101.498432,valid,2733,955,2865759163,44267,41,hex,CAM,0202aad003bbaceb005a5811460e29efbf1ffffffc2246cd1e00000fc0007ebfe9ed0737feebfff600,0202AAD003BBACEB005A5811460E29EFBF1FFFFFFC2246CD1E00000FC0007EBFE9ED0737FEEBFFF600,
2026-07-14T15:37:11.266104+00:00,101.600410,valid,2733,956,2865759164,44367,41,hex,CAM,0202aad003bcad4f005a5811460e29efbf1ffffffc2246cd1e00000fc0007ebfe9ed0737feebfff600,0202AAD003BCAD4F005A5811460E29EFBF1FFFFFFC2246CD1E00000FC0007EBFE9ED0737FEEBFFF600,
2026-07-14T15:37:11.368029+00:00,101.702332,valid,2733,957,2865759165,44467,41,hex,CAM,0202aad003bdadb3005a5811460e29efbf1ffffffc2246cd1e00000fc0007ebfe9ed0737feebfff600,0202AAD003BDADB3005A5811460E29EFBF1FFFFFFC2246CD1E00000FC0007EBFE9ED0737FEEBFFF600,
2026-07-14T15:37:11.470033+00:00,101.804337,valid,2733,958,2865759166,44567,41,hex,CAM,0202aad003beae17005a5811460e29efbf1ffffffc2246cd1e00000fc0007ebfe9ed0737feebfff600,0202AAD003BEAE17005A5811460E29EFBF1FFFFFFC2246CD1E00000FC0007EBFE9ED0737FEEBFFF600,
2026-07-14T15:37:11.572146+00:00,101.906453,valid,2733,959,2865759167,44667,41,hex,CAM,0202aad003bfae7b005a5811460e29efbf1ffffffc2246cd1e00000fc0007ebfe9ed0737feebfff600,0202AAD003BFAE7B005A5811460E29EFBF1FFFFFFC2246CD1E00000FC0007EBFE9ED0737FEEBFFF600,
2026-07-14T15:37:11.663985+00:00,101.998291,valid,2733,960,2865759168,44767,41,hex,CAM,0202aad003c0aedf005a5811460e29efbf1ffffffc2246cd1e00000fc0007ebfe9ed0737feebfff600,0202AAD003C0AEDF005A5811460E29EFBF1FFFFFFC2246CD1E00000FC0007EBFE9ED0737FEEBFFF600,
2026-07-14T15:37:11.766031+00:00,102.100338,valid,2733,961,2865759169,44867,41,hex,CAM,0202aad003c1af43005a5811460e29efbf1ffffffc2246cd1e00000fc0007ebfe9ed0737feebfff600,0202AAD003C1AF43005A5811460E29EFBF1FFFFFFC2246CD1E00000FC0007EBFE9ED0737FEEBFFF600,
2026-07-14T15:37:11.868020+00:00,102.202329,valid,2733,962,2865759170,44967,41,hex,CAM,0202aad003c2afa7005a5811460e29efbf1ffffffc2246cd1e00000fc0007ebfe9ed0737feebfff600,0202AAD003C2AFA7005A5811460E29EFBF1FFFFFFC2246CD1E00000FC0007EBFE9ED0737FEEBFFF600,
2026-07-14T15:37:11.969971+00:00,102.304278,valid,2733,963,2865759171,45067,41,hex,CAM,0202aad003c3b00b005a5811460e29efbf1ffffffc2246cd1e00000fc0007ebfe9ed0737feebfff600,0202AAD003C3B00B005A5811460E29EFBF1FFFFFFC2246CD1E00000FC0007EBFE9ED0737FEEBFFF600,
2026-07-14T15:37:12.072142+00:00,102.406447,valid,2733,964,2865759172,45167,41,hex,CAM,0202aad003c4b06f005a5811460e29efbf1ffffffc2246cd1e00000fc0007ebfe9ed0737feebfff600,0202AAD003C4B06F005A5811460E29EFBF1FFFFFFC2246CD1E00000FC0007EBFE9ED0737FEEBFFF600,
2026-07-14T15:37:12.164193+00:00,102.498503,valid,2733,965,2865759173,45267,41,hex,CAM,0202aad003c5b0d3005a5811460e29efbf1ffffffc2246cd1e00000fc0007ebfe9ed0737feebfff600,0202AAD003C5B0D3005A5811460E29EFBF1FFFFFFC2246CD1E00000FC0007EBFE9ED0737FEEBFFF600,
2026-07-14T15:37:12.266015+00:00,102.600319,valid,2733,966,2865759174,45367,41,hex,CAM,0202aad003c6b137005a5811460e29efbf1ffffffc2246cd1e00000fc0007ebfe9ed0737feebfff600,0202AAD003C6B137005A5811460E29EFBF1FFFFFFC2246CD1E00000FC0007EBFE9ED0737FEEBFFF600,
2026-07-14T15:37:12.367950+00:00,102.702253,valid,2733,967,2865759175,45467,41,hex,CAM,0202aad003c7b19b005a5811460e29efbf1ffffffc2246cd1e00000fc0007ebfe9ed0737feebfff600,0202AAD003C7B19B005A5811460E29EFBF1FFFFFFC2246CD1E00000FC0007EBFE9ED0737FEEBFFF600,
2026-07-14T15:37:12.469979+00:00,102.804282,valid,2733,968,2865759176,45567,41,hex,CAM,0202aad003c8b1ff005a5811460e29efbf1ffffffc2246cd1e00000fc0007ebfe9ed0737feebfff600,0202AAD003C8B1FF005A5811460E29EFBF1FFFFFFC2246CD1E00000FC0007EBFE9ED0737FEEBFFF600,
2026-07-14T15:37:12.572108+00:00,102.906412,valid,2733,969,2865759177,45667,41,hex,CAM,0202aad003c9b263005a5811460e29efbf1ffffffc2246cd1e00000fc0007ebfe9ed0737feebfff600,0202AAD003C9B263005A5811460E29EFBF1FFFFFFC2246CD1E00000FC0007EBFE9ED0737FEEBFFF600,
2026-07-14T15:37:12.664161+00:00,102.998468,valid,2733,970,2865759178,45767,41,hex,CAM,0202aad003cab2c7005a5811460e29efbf1ffffffc2246cd1e00000fc0007ebfe9ed0737feebfff600,0202AAD003CAB2C7005A5811460E29EFBF1FFFFFFC2246CD1E00000FC0007EBFE9ED0737FEEBFFF600,
2026-07-14T15:37:12.766115+00:00,103.100421,valid,2733,971,2865759179,45867,41,hex,CAM,0202aad003cbb32b005a5811460e29efbf1ffffffc2246cd1e00000fc0007ebfe9ed0737feebfff600,0202AAD003CBB32B005A5811460E29EFBF1FFFFFFC2246CD1E00000FC0007EBFE9ED0737FEEBFFF600,
2026-07-14T15:37:12.868188+00:00,103.202492,valid,2733,972,2865759180,45967,41,hex,CAM,0202aad003ccb38f005a5811460e29efbf1ffffffc2246cd1e00000fc0007ebfe9ed0737feebfff600,0202AAD003CCB38F005A5811460E29EFBF1FFFFFFC2246CD1E00000FC0007EBFE9ED0737FEEBFFF600,
2026-07-14T15:37:12.970008+00:00,103.304313,valid,2733,973,2865759181,46067,41,hex,CAM,0202aad003cdb3f3005a5811460e29efbf1ffffffc2246cd1e00000fc0007ebfe9ed0737feebfff600,0202AAD003CDB3F3005A5811460E29EFBF1FFFFFFC2246CD1E00000FC0007EBFE9ED0737FEEBFFF600,
2026-07-14T15:37:13.072123+00:00,103.406429,valid,2733,974,2865759182,46167,41,hex,CAM,0202aad003ceb457005a5811460e29efbf1ffffffc2246cd1e00000fc0007ebfe9ed0737feebfff600,0202AAD003CEB457005A5811460E29EFBF1FFFFFFC2246CD1E00000FC0007EBFE9ED0737FEEBFFF600,
2026-07-14T15:37:13.164209+00:00,103.498513,valid,2733,975,2865759183,46267,41,hex,CAM,0202aad003cfb4bb005a5811460e29efbf1ffffffc2246cd1e00000fc0007ebfe9ed0737feebfff600,0202AAD003CFB4BB005A5811460E29EFBF1FFFFFFC2246CD1E00000FC0007EBFE9ED0737FEEBFFF600,
2026-07-14T15:37:13.266171+00:00,103.600475,valid,2733,976,2865759184,46367,41,hex,CAM,0202aad003d0b51f005a5811460e29efbf1ffffffc2246cd1e00000fc0007ebfe9ed0737feebfff600,0202AAD003D0B51F005A5811460E29EFBF1FFFFFFC2246CD1E00000FC0007EBFE9ED0737FEEBFFF600,
2026-07-14T15:37:13.368224+00:00,103.702532,valid,2733,977,2865759185,46467,41,hex,CAM,0202aad003d1b583005a5811460e29efbf1ffffffc2246cd1e00000fc0007ebfe9ed0737feebfff600,0202AAD003D1B583005A5811460E29EFBF1FFFFFFC2246CD1E00000FC0007EBFE9ED0737FEEBFFF600,
2026-07-14T15:37:13.470187+00:00,103.804491,valid,2733,978,2865759186,46567,41,hex,CAM,0202aad003d2b5e7005a5811460e29efbf1ffffffc2246cd1e00000fc0007ebfe9ed0737feebfff600,0202AAD003D2B5E7005A5811460E29EFBF1FFFFFFC2246CD1E00000FC0007EBFE9ED0737FEEBFFF600,
2026-07-14T15:37:13.572200+00:00,103.906503,valid,2733,979,2865759187,46667,41,hex,CAM,0202aad003d3b64b005a5811460e29efbf1ffffffc2246cd1e00000fc0007ebfe9ed0737feebfff600,0202AAD003D3B64B005A5811460E29EFBF1FFFFFFC2246CD1E00000FC0007EBFE9ED0737FEEBFFF600,
2026-07-14T15:37:13.664148+00:00,103.998452,valid,2733,980,2865759188,46767,41,hex,CAM,0202aad003d4b6af005a5811460e29efbf1ffffffc2246cd1e00000fc0007ebfe9ed0737feebfff600,0202AAD003D4B6AF005A5811460E29EFBF1FFFFFFC2246CD1E00000FC0007EBFE9ED0737FEEBFFF600,
2026-07-14T15:37:13.766001+00:00,104.100307,valid,2733,981,2865759189,46867,41,hex,CAM,0202aad003d5b713005a5811460e29efbf1ffffffc2246cd1e00000fc0007ebfe9ed0737feebfff600,0202AAD003D5B713005A5811460E29EFBF1FFFFFFC2246CD1E00000FC0007EBFE9ED0737FEEBFFF600,
2026-07-14T15:37:13.868118+00:00,104.202424,valid,2733,982,2865759190,46967,41,hex,CAM,0202aad003d6b777005a5811460e29efbf1ffffffc2246cd1e00000fc0007ebfe9ed0737feebfff600,0202AAD003D6B777005A5811460E29EFBF1FFFFFFC2246CD1E00000FC0007EBFE9ED0737FEEBFFF600,
2026-07-14T15:37:13.969993+00:00,104.304299,valid,2733,983,2865759191,47067,41,hex,CAM,0202aad003d7b7db005a5811460e29efbf1ffffffc2246cd1e00000fc0007ebfe9ed0737feebfff600,0202AAD003D7B7DB005A5811460E29EFBF1FFFFFFC2246CD1E00000FC0007EBFE9ED0737FEEBFFF600,
2026-07-14T15:37:14.072033+00:00,104.406339,valid,2733,984,2865759192,47167,41,hex,CAM,0202aad003d8b83f005a5811460e29efbf1ffffffc2246cd1e00000fc0007ebfe9ed0737feebfff600,0202AAD003D8B83F005A5811460E29EFBF1FFFFFFC2246CD1E00000FC0007EBFE9ED0737FEEBFFF600,
2026-07-14T15:37:14.164075+00:00,104.498378,valid,2733,985,2865759193,47267,41,hex,CAM,0202aad003d9b8a3005a5811460e29efbf1ffffffc2246cd1e00000fc0007ebfe9ed0737feebfff600,0202AAD003D9B8A3005A5811460E29EFBF1FFFFFFC2246CD1E00000FC0007EBFE9ED0737FEEBFFF600,
2026-07-14T15:37:14.266072+00:00,104.600375,valid,2733,986,2865759194,47367,41,hex,CAM,0202aad003dab907005a5811460e29efbf1ffffffc2246cd1e00000fc0007ebfe9ed0737feebfff600,0202AAD003DAB907005A5811460E29EFBF1FFFFFFC2246CD1E00000FC0007EBFE9ED0737FEEBFFF600,
2026-07-14T15:37:14.367980+00:00,104.702285,valid,2733,987,2865759195,47467,41,hex,CAM,0202aad003dbb96b005a5811460e29efbf1ffffffc2246cd1e00000fc0007ebfe9ed0737feebfff600,0202AAD003DBB96B005A5811460E29EFBF1FFFFFFC2246CD1E00000FC0007EBFE9ED0737FEEBFFF600,
2026-07-14T15:37:14.469969+00:00,104.804274,valid,2733,988,2865759196,47567,41,hex,CAM,0202aad003dcb9cf005a5811460e29efbf1ffffffc2246cd1e00000fc0007ebfe9ed0737feebfff600,0202AAD003DCB9CF005A5811460E29EFBF1FFFFFFC2246CD1E00000FC0007EBFE9ED0737FEEBFFF600,
2026-07-14T15:37:14.572010+00:00,104.906317,valid,2733,989,2865759197,47667,41,hex,CAM,0202aad003ddba33005a5811460e29efbf1ffffffc2246cd1e00000fc0007ebfe9ed0737feebfff600,0202AAD003DDBA33005A5811460E29EFBF1FFFFFFC2246CD1E00000FC0007EBFE9ED0737FEEBFFF600,
2026-07-14T15:37:14.663936+00:00,104.998242,valid,2733,990,2865759198,47767,41,hex,CAM,0202aad003deba97005a5811460e29efbf1ffffffc2246cd1e00000fc0007ebfe9ed0737feebfff600,0202AAD003DEBA97005A5811460E29EFBF1FFFFFFC2246CD1E00000FC0007EBFE9ED0737FEEBFFF600,
2026-07-14T15:37:14.766137+00:00,105.100446,valid,2733,991,2865759199,47867,41,hex,CAM,0202aad003dfbafb005a5811460e29efbf1ffffffc2246cd1e00000fc0007ebfe9ed0737feebfff600,0202AAD003DFBAFB005A5811460E29EFBF1FFFFFFC2246CD1E00000FC0007EBFE9ED0737FEEBFFF600,
2026-07-14T15:37:14.868208+00:00,105.202519,valid,2733,992,2865759200,47967,41,hex,CAM,0202aad003e0bb5f005a5811460e29efbf1ffffffc2246cd1e00000fc0007ebfe9ed0737feebfff600,0202AAD003E0BB5F005A5811460E29EFBF1FFFFFFC2246CD1E00000FC0007EBFE9ED0737FEEBFFF600,
2026-07-14T15:37:14.970003+00:00,105.304308,valid,2733,993,2865759201,48067,41,hex,CAM,0202aad003e1bbc3005a5811460e29efbf1ffffffc2246cd1e00000fc0007ebfe9ed0737feebfff600,0202AAD003E1BBC3005A5811460E29EFBF1FFFFFFC2246CD1E00000FC0007EBFE9ED0737FEEBFFF600,
2026-07-14T15:37:15.071964+00:00,105.406270,valid,2733,994,2865759202,48167,41,hex,CAM,0202aad003e2bc27005a5811460e29efbf1ffffffc2246cd1e00000fc0007ebfe9ed0737feebfff600,0202AAD003E2BC27005A5811460E29EFBF1FFFFFFC2246CD1E00000FC0007EBFE9ED0737FEEBFFF600,
2026-07-14T15:37:15.163965+00:00,105.498272,valid,2733,995,2865759203,48267,41,hex,CAM,0202aad003e3bc8b005a5811460e29efbf1ffffffc2246cd1e00000fc0007ebfe9ed0737feebfff600,0202AAD003E3BC8B005A5811460E29EFBF1FFFFFFC2246CD1E00000FC0007EBFE9ED0737FEEBFFF600,
2026-07-14T15:37:15.266014+00:00,105.600320,valid,2733,996,2865759204,48367,41,hex,CAM,0202aad003e4bcef005a5811460e29efbf1ffffffc2246cd1e00000fc0007ebfe9ed0737feebfff600,0202AAD003E4BCEF005A5811460E29EFBF1FFFFFFC2246CD1E00000FC0007EBFE9ED0737FEEBFFF600,
2026-07-14T15:37:15.368042+00:00,105.702346,valid,2733,997,2865759205,48467,41,hex,CAM,0202aad003e5bd53005a5811460e29efbf1ffffffc2246cd1e00000fc0007ebfe9ed0737feebfff600,0202AAD003E5BD53005A5811460E29EFBF1FFFFFFC2246CD1E00000FC0007EBFE9ED0737FEEBFFF600,
2026-07-14T15:37:15.469977+00:00,105.804281,valid,2733,998,2865759206,48567,41,hex,CAM,0202aad003e6bdb7005a5811460e29efbf1ffffffc2246cd1e00000fc0007ebfe9ed0737feebfff600,0202AAD003E6BDB7005A5811460E29EFBF1FFFFFFC2246CD1E00000FC0007EBFE9ED0737FEEBFFF600,
2026-07-14T15:37:15.572051+00:00,105.906354,valid,2733,999,2865759207,48667,41,hex,CAM,0202aad003e7be1b005a5811460e29efbf1ffffffc2246cd1e00000fc0007ebfe9ed0737feebfff600,0202AAD003E7BE1B005A5811460E29EFBF1FFFFFFC2246CD1E00000FC0007EBFE9ED0737FEEBFFF600,
2026-07-14T15:37:15.664034+00:00,105.998339,valid,2733,1000,2865759208,48767,41,hex,CAM,0202aad003e8be7f005a5811460e29efbf1ffffffc2246cd1e00000fc0007ebfe9ed0737feebfff600,0202AAD003E8BE7F005A5811460E29EFBF1FFFFFFC2246CD1E00000FC0007EBFE9ED0737FEEBFFF600,
