test_id,rate_hz,seq,station_id,sent_at,elapsed_s,generation_delta_time,payload_bytes,raw_hex,tx_ok,tx_ack,tx_latency_ms,serial_error
2725,10,1,2857369601,2026-07-14T15:01:07.284451+00:00,0.000367,43092,41,0202aa500001a854005a5811460e29efbf1ffffffc2246cd1e00000fc0007ebfe9ed0737feebfff600,1,TX 41 seq=6311 rx_latency=1ms tx_dur=1ms,15.533,
2725,10,2,2857369602,2026-07-14T15:01:13.158889+00:00,5.874711,48966,41,0202aa500002bf46005a5811460e29efbf1ffffffc2246cd1e00000fc0007ebfe9ed0737feebfff600,1,TX 41 seq=6312 rx_latency=1ms tx_dur=1ms,22.484,
2725,10,3,2857369603,2026-07-14T15:01:13.181726+00:00,5.897531,48989,41,0202aa500003bf5d005a5811460e29efbf1ffffffc2246cd1e00000fc0007ebfe9ed0737feebfff600,1,TX 41 seq=6313 rx_latency=1ms tx_dur=1ms,21.199,
2725,10,4,2857369604,2026-07-14T15:01:13.203197+00:00,5.918999,49011,41,0202aa500004bf73005a5811460e29efbf1ffffffc2246cd1e00000fc0007ebfe9ed0737feebfff600,1,TX 41 seq=6314 rx_latency=1ms tx_dur=1ms,22.171,
2725,10,5,2857369605,2026-07-14T15:01:13.225624+00:00,5.941426,49033,41,0202aa500005bf89005a5811460e29efbf1ffffffc2246cd1e00000fc0007ebfe9ed0737feebfff600,1,TX 41 seq=6315 rx_latency=1ms tx_dur=1ms,21.108,
2725,10,6,2857369606,2026-07-14T15:01:13.246988+00:00,5.962789,49054,41,0202aa500006bf9e005a5811460e29efbf1ffffffc2246cd1e00000fc0007ebfe9ed0737feebfff600,1,TX 41 seq=6316 rx_latency=1ms tx_dur=1ms,22.460,
2725,10,7,2857369607,2026-07-14T15:01:13.269694+00:00,5.985495,49077,41,0202aa500007bfb5005a5811460e29efbf1ffffffc2246cd1e00000fc0007ebfe9ed0737feebfff600,1,TX 41 seq=6317 rx_latency=1ms tx_dur=1ms,21.254,
2725,10,8,2857369608,2026-07-14T15:01:13.291194+00:00,6.006994,49099,41,0202aa500008bfcb005a5811460e29efbf1ffffffc2246cd1e00000fc0007ebfe9ed0737feebfff600,1,TX 41 seq=6318 rx_latency=1ms tx_dur=1ms,22.190,
2725,10,9,2857369609,2026-07-14T15:01:13.313626+00:00,6.029427,49121,41,0202aa500009bfe1005a5811460e29efbf1ffffffc2246cd1e00000fc0007ebfe9ed0737feebfff600,1,TX 41 seq=6319 rx_latency=1ms tx_dur=1ms,21.718,
2725,10,10,2857369610,2026-07-14T15:01:13.335590+00:00,6.051391,49143,41,0202aa50000abff7005a5811460e29efbf1ffffffc2246cd1e00000fc0007ebfe9ed0737feebfff600,1,TX 41 seq=6320 rx_latency=1ms tx_dur=1ms,21.672,
2725,10,11,2857369611,2026-07-14T15:01:13.357506+00:00,6.073306,49165,41,0202aa50000bc00d005a5811460e29efbf1ffffffc2246cd1e00000fc0007ebfe9ed0737feebfff600,1,TX 41 seq=6321 rx_latency=1ms tx_dur=1ms,21.594,
2725,10,12,2857369612,2026-07-14T15:01:13.379344+00:00,6.095144,49187,41,0202aa50000cc023005a5811460e29efbf1ffffffc2246cd1e00000fc0007ebfe9ed0737feebfff600,1,TX 41 seq=6322 rx_latency=1ms tx_dur=1ms,21.691,
2725,10,13,2857369613,2026-07-14T15:01:13.401282+00:00,6.117085,49209,41,0202aa50000dc039005a5811460e29efbf1ffffffc2246cd1e00000fc0007ebfe9ed0737feebfff600,1,TX 41 seq=6323 rx_latency=1ms tx_dur=1ms,22.165,
2725,10,14,2857369614,2026-07-14T15:01:13.423701+00:00,6.139503,49231,41,0202aa50000ec04f005a5811460e29efbf1ffffffc2246cd1e00000fc0007ebfe9ed0737feebfff600,1,TX 41 seq=6324 rx_latency=1ms tx_dur=1ms,21.251,
2725,10,15,2857369615,2026-07-14T15:01:13.445200+00:00,6.161001,49253,41,0202aa50000fc065005a5811460e29efbf1ffffffc2246cd1e00000fc0007ebfe9ed0737feebfff600,1,TX 41 seq=6325 rx_latency=1ms tx_dur=1ms,21.402,
2725,10,16,2857369616,2026-07-14T15:01:13.466846+00:00,6.182647,49274,41,0202aa500010c07a005a5811460e29efbf1ffffffc2246cd1e00000fc0007ebfe9ed0737feebfff600,1,TX 41 seq=6326 rx_latency=1ms tx_dur=1ms,22.185,
2725,10,17,2857369617,2026-07-14T15:01:13.489275+00:00,6.205076,49297,41,0202aa500011c091005a5811460e29efbf1ffffffc2246cd1e00000fc0007ebfe9ed0737feebfff600,1,TX 41 seq=6327 rx_latency=1ms tx_dur=1ms,22.188,
2725,10,18,2857369618,2026-07-14T15:01:13.511704+00:00,6.227503,49319,41,0202aa500012c0a7005a5811460e29efbf1ffffffc2246cd1e00000fc0007ebfe9ed0737feebfff600,1,TX 41 seq=6328 rx_latency=1ms tx_dur=1ms,21.270,
2725,10,19,2857369619,2026-07-14T15:01:13.533210+00:00,6.249009,49341,41,0202aa500013c0bd005a5811460e29efbf1ffffffc2246cd1e00000fc0007ebfe9ed0737feebfff600,1,TX 41 seq=6329 rx_latency=1ms tx_dur=1ms,21.398,
2725,10,20,2857369620,2026-07-14T15:01:13.554846+00:00,6.270646,49362,41,0202aa500014c0d2005a5811460e29efbf1ffffffc2246cd1e00000fc0007ebfe9ed0737feebfff600,1,TX 41 seq=6330 rx_latency=1ms tx_dur=1ms,22.200,
2725,10,21,2857369621,2026-07-14T15:01:13.577300+00:00,6.293100,49385,41,0202aa500015c0e9005a5811460e29efbf1ffffffc2246cd1e00000fc0007ebfe9ed0737feebfff600,1,TX 41 seq=6331 rx_latency=1ms tx_dur=1ms,22.177,
2725,10,22,2857369622,2026-07-14T15:01:13.599720+00:00,6.315520,49407,41,0202aa500016c0ff005a5811460e29efbf1ffffffc2246cd1e00000fc0007ebfe9ed0737feebfff600,1,TX 41 seq=6332 rx_latency=1ms tx_dur=1ms,21.260,
2725,10,23,2857369623,2026-07-14T15:01:13.621220+00:00,6.337019,49429,41,0202aa500017c115005a5811460e29efbf1ffffffc2246cd1e00000fc0007ebfe9ed0737feebfff600,1,TX 41 seq=6333 rx_latency=1ms tx_dur=1ms,21.403,
2725,10,24,2857369624,2026-07-14T15:01:13.642861+00:00,6.358661,49450,41,0202aa500018c12a005a5811460e29efbf1ffffffc2246cd1e00000fc0007ebfe9ed0737feebfff600,1,TX 41 seq=6334 rx_latency=1ms tx_dur=1ms,22.273,
2725,10,25,2857369625,2026-07-14T15:01:13.665440+00:00,6.381258,49473,41,0202aa500019c141005a5811460e29efbf1ffffffc2246cd1e00000fc0007ebfe9ed0737feebfff600,1,TX 41 seq=6335 rx_latency=1ms tx_dur=1ms,21.982,
2725,10,26,2857369626,2026-07-14T15:01:13.687780+00:00,6.403587,49495,41,0202aa50001ac157005a5811460e29efbf1ffffffc2246cd1e00000fc0007ebfe9ed0737feebfff600,1,TX 41 seq=6336 rx_latency=1ms tx_dur=1ms,21.148,
2725,10,27,2857369627,2026-07-14T15:01:13.709257+00:00,6.425063,49517,41,0202aa50001bc16d005a5811460e29efbf1ffffffc2246cd1e00000fc0007ebfe9ed0737feebfff600,1,TX 41 seq=6337 rx_latency=1ms tx_dur=1ms,21.354,
2725,10,28,2857369628,2026-07-14T15:01:13.730886+00:00,6.446687,49538,41,0202aa50001cc182005a5811460e29efbf1ffffffc2246cd1e00000fc0007ebfe9ed0737feebfff600,1,TX 41 seq=6338 rx_latency=1ms tx_dur=1ms,22.179,
2725,10,29,2857369629,2026-07-14T15:01:13.753314+00:00,6.469115,49561,41,0202aa50001dc199005a5811460e29efbf1ffffffc2246cd1e00000fc0007ebfe9ed0737feebfff600,1,TX 41 seq=6339 rx_latency=1ms tx_dur=1ms,22.187,
2725,10,30,2857369630,2026-07-14T15:01:13.775747+00:00,6.491547,49583,41,0202aa50001ec1af005a5811460e29efbf1ffffffc2246cd1e00000fc0007ebfe9ed0737feebfff600,1,TX 41 seq=6340 rx_latency=1ms tx_dur=1ms,21.256,
2725,10,31,2857369631,2026-07-14T15:01:13.797247+00:00,6.513048,49605,41,0202aa50001fc1c5005a5811460e29efbf1ffffffc2246cd1e00000fc0007ebfe9ed0737feebfff600,1,TX 41 seq=6341 rx_latency=1ms tx_dur=1ms,21.403,
2725,10,32,2857369632,2026-07-14T15:01:13.818903+00:00,6.534705,49626,41,0202aa500020c1da005a5811460e29efbf1ffffffc2246cd1e00000fc0007ebfe9ed0737feebfff600,1,TX 41 seq=6342 rx_latency=1ms tx_dur=1ms,22.165,
2725,10,33,2857369633,2026-07-14T15:01:13.841327+00:00,6.557128,49649,41,0202aa500021c1f1005a5811460e29efbf1ffffffc2246cd1e00000fc0007ebfe9ed0737feebfff600,1,TX 41 seq=6343 rx_latency=1ms tx_dur=1ms,22.181,
2725,10,34,2857369634,2026-07-14T15:01:13.863753+00:00,6.579553,49671,41,0202aa500022c207005a5811460e29efbf1ffffffc2246cd1e00000fc0007ebfe9ed0737feebfff600,1,TX 41 seq=6344 rx_latency=1ms tx_dur=1ms,21.263,
2725,10,35,2857369635,2026-07-14T15:01:13.885257+00:00,6.601057,49693,41,0202aa500023c21d005a5811460e29efbf1ffffffc2246cd1e00000fc0007ebfe9ed0737feebfff600,1,TX 41 seq=6345 rx_latency=1ms tx_dur=1ms,21.398,
2725,10,36,2857369636,2026-07-14T15:01:13.906896+00:00,6.622696,49714,41,0202aa500024c232005a5811460e29efbf1ffffffc2246cd1e00000fc0007ebfe9ed0737feebfff600,1,TX 41 seq=6346 rx_latency=1ms tx_dur=1ms,22.198,
2725,10,37,2857369637,2026-07-14T15:01:13.929333+00:00,6.645133,49737,41,0202aa500025c249005a5811460e29efbf1ffffffc2246cd1e00000fc0007ebfe9ed0737feebfff600,1,TX 41 seq=6347 rx_latency=1ms tx_dur=1ms,22.195,
2725,10,38,2857369638,2026-07-14T15:01:13.951771+00:00,6.667572,49759,41,0202aa500026c25f005a5811460e29efbf1ffffffc2246cd1e00000fc0007ebfe9ed0737feebfff600,1,TX 41 seq=6348 rx_latency=1ms tx_dur=1ms,21.237,
2725,10,39,2857369639,2026-07-14T15:01:13.973274+00:00,6.689074,49781,41,0202aa500027c275005a5811460e29efbf1ffffffc2246cd1e00000fc0007ebfe9ed0737feebfff600,1,TX 41 seq=6349 rx_latency=1ms tx_dur=1ms,21.392,
2725,10,40,2857369640,2026-07-14T15:01:13.994945+00:00,6.710746,49802,41,0202aa500028c28a005a5811460e29efbf1ffffffc2246cd1e00000fc0007ebfe9ed0737feebfff600,1,TX 41 seq=6350 rx_latency=1ms tx_dur=1ms,22.152,
2725,10,41,2857369641,2026-07-14T15:01:14.017347+00:00,6.733149,49825,41,0202aa500029c2a1005a5811460e29efbf1ffffffc2246cd1e00000fc0007ebfe9ed0737feebfff600,1,TX 41 seq=6351 rx_latency=1ms tx_dur=1ms,22.185,
2725,10,42,2857369642,2026-07-14T15:01:14.039775+00:00,6.755575,49847,41,0202aa50002ac2b7005a5811460e29efbf1ffffffc2246cd1e00000fc0007ebfe9ed0737feebfff600,1,TX 41 seq=6352 rx_latency=1ms tx_dur=1ms,21.245,
2725,10,43,2857369643,2026-07-14T15:01:14.061280+00:00,6.777080,49869,41,0202aa50002bc2cd005a5811460e29efbf1ffffffc2246cd1e00000fc0007ebfe9ed0737feebfff600,1,TX 41 seq=6353 rx_latency=1ms tx_dur=1ms,21.401,
2725,10,44,2857369644,2026-07-14T15:01:14.082920+00:00,6.798719,49890,41,0202aa50002cc2e2005a5811460e29efbf1ffffffc2246cd1e00000fc0007ebfe9ed0737feebfff600,1,TX 41 seq=6354 rx_latency=1ms tx_dur=1ms,22.194,
2725,10,45,2857369645,2026-07-14T15:01:14.105352+00:00,6.821152,49913,41,0202aa50002dc2f9005a5811460e29efbf1ffffffc2246cd1e00000fc0007ebfe9ed0737feebfff600,1,TX 41 seq=6355 rx_latency=1ms tx_dur=1ms,22.196,
2725,10,46,2857369646,2026-07-14T15:01:14.127787+00:00,6.843587,49935,41,0202aa50002ec30f005a5811460e29efbf1ffffffc2246cd1e00000fc0007ebfe9ed0737feebfff600,1,TX 41 seq=6356 rx_latency=1ms tx_dur=1ms,21.250,
2725,10,47,2857369647,2026-07-14T15:01:14.149290+00:00,6.865090,49957,41,0202aa50002fc325005a5811460e29efbf1ffffffc2246cd1e00000fc0007ebfe9ed0737feebfff600,1,TX 41 seq=6357 rx_latency=1ms tx_dur=1ms,21.400,
2725,10,48,2857369648,2026-07-14T15:01:14.170931+00:00,6.886732,49978,41,0202aa500030c33a005a5811460e29efbf1ffffffc2246cd1e00000fc0007ebfe9ed0737feebfff600,1,TX 41 seq=6358 rx_latency=1ms tx_dur=1ms,22.195,
2725,10,49,2857369649,2026-07-14T15:01:14.193366+00:00,6.909165,50001,41,0202aa500031c351005a5811460e29efbf1ffffffc2246cd1e00000fc0007ebfe9ed0737feebfff600,1,TX 41 seq=6359 rx_latency=1ms tx_dur=1ms,21.126,
2725,10,50,2857369650,2026-07-14T15:01:14.214728+00:00,6.930527,50022,41,0202aa500032c366005a5811460e29efbf1ffffffc2246cd1e00000fc0007ebfe9ed0737feebfff600,1,TX 41 seq=6360 rx_latency=1ms tx_dur=1ms,21.980,
2725,10,51,2857369651,2026-07-14T15:01:14.237014+00:00,6.952831,50045,41,0202aa500033c37d005a5811460e29efbf1ffffffc2246cd1e00000fc0007ebfe9ed0737feebfff600,1,TX 41 seq=6361 rx_latency=1ms tx_dur=1ms,22.215,
2725,10,52,2857369652,2026-07-14T15:01:14.259589+00:00,6.975395,50067,41,0202aa500034c393005a5811460e29efbf1ffffffc2246cd1e00000fc0007ebfe9ed0737feebfff600,1,TX 41 seq=6362 rx_latency=1ms tx_dur=1ms,21.203,
2725,10,53,2857369653,2026-07-14T15:01:14.281066+00:00,6.996869,50089,41,0202aa500035c3a9005a5811460e29efbf1ffffffc2246cd1e00000fc0007ebfe9ed0737feebfff600,1,TX 41 seq=6363 rx_latency=1ms tx_dur=1ms,21.385,
2725,10,54,2857369654,2026-07-14T15:01:14.302708+00:00,7.018509,50110,41,0202aa500036c3be005a5811460e29efbf1ffffffc2246cd1e00000fc0007ebfe9ed0737feebfff600,1,TX 41 seq=6364 rx_latency=1ms tx_dur=1ms,22.178,
2725,10,55,2857369655,2026-07-14T15:01:14.325135+00:00,7.040935,50133,41,0202aa500037c3d5005a5811460e29efbf1ffffffc2246cd1e00000fc0007ebfe9ed0737feebfff600,1,TX 41 seq=6365 rx_latency=1ms tx_dur=1ms,21.718,
2725,10,56,2857369656,2026-07-14T15:01:14.347098+00:00,7.062898,50155,41,0202aa500038c3eb005a5811460e29efbf1ffffffc2246cd1e00000fc0007ebfe9ed0737feebfff600,1,TX 41 seq=6366 rx_latency=1ms tx_dur=1ms,21.675,
2725,10,57,2857369657,2026-07-14T15:01:14.369013+00:00,7.084814,50177,41,0202aa500039c401005a5811460e29efbf1ffffffc2246cd1e00000fc0007ebfe9ed0737feebfff600,1,TX 41 seq=6367 rx_latency=1ms tx_dur=1ms,21.722,
2725,10,58,2857369658,2026-07-14T15:01:14.390980+00:00,7.106781,50198,41,0202aa50003ac416005a5811460e29efbf1ffffffc2246cd1e00000fc0007ebfe9ed0737feebfff600,1,TX 41 seq=6368 rx_latency=1ms tx_dur=1ms,21.675,
2725,10,59,2857369659,2026-07-14T15:01:14.412899+00:00,7.128699,50220,41,0202aa50003bc42c005a5811460e29efbf1ffffffc2246cd1e00000fc0007ebfe9ed0737feebfff600,1,TX 41 seq=6369 rx_latency=1ms tx_dur=1ms,21.719,
2725,10,60,2857369660,2026-07-14T15:01:14.434879+00:00,7.150680,50242,41,0202aa50003cc442005a5811460e29efbf1ffffffc2246cd1e00000fc0007ebfe9ed0737feebfff600,1,TX 41 seq=6370 rx_latency=1ms tx_dur=1ms,21.678,
2725,10,61,2857369661,2026-07-14T15:01:14.456820+00:00,7.172626,50264,41,0202aa50003dc458005a5811460e29efbf1ffffffc2246cd1e00000fc0007ebfe9ed0737feebfff600,1,TX 41 seq=6371 rx_latency=1ms tx_dur=1ms,22.261,
2725,10,62,2857369662,2026-07-14T15:01:14.479362+00:00,7.195164,50287,41,0202aa50003ec46f005a5811460e29efbf1ffffffc2246cd1e00000fc0007ebfe9ed0737feebfff600,1,TX 41 seq=6372 rx_latency=1ms tx_dur=1ms,21.109,
2725,10,63,2857369663,2026-07-14T15:01:14.500723+00:00,7.216524,50308,41,0202aa50003fc484005a5811460e29efbf1ffffffc2246cd1e00000fc0007ebfe9ed0737feebfff600,1,TX 41 seq=6373 rx_latency=1ms tx_dur=1ms,22.460,
2725,10,64,2857369664,2026-07-14T15:01:14.523426+00:00,7.239227,50331,41,0202aa500040c49b005a5811460e29efbf1ffffffc2246cd1e00000fc0007ebfe9ed0737feebfff600,1,TX 41 seq=6374 rx_latency=1ms tx_dur=1ms,21.119,
2725,10,65,2857369665,2026-07-14T15:01:14.544790+00:00,7.260590,50352,41,0202aa500041c4b0005a5811460e29efbf1ffffffc2246cd1e00000fc0007ebfe9ed0737feebfff600,1,TX 41 seq=6375 rx_latency=1ms tx_dur=1ms,21.719,
2725,10,66,2857369666,2026-07-14T15:01:14.566754+00:00,7.282553,50374,41,0202aa500042c4c6005a5811460e29efbf1ffffffc2246cd1e00000fc0007ebfe9ed0737feebfff600,1,TX 41 seq=6376 rx_latency=1ms tx_dur=1ms,22.743,
2725,10,67,2857369667,2026-07-14T15:01:14.589739+00:00,7.305539,50397,41,0202aa500043c4dd005a5811460e29efbf1ffffffc2246cd1e00000fc0007ebfe9ed0737feebfff600,1,TX 41 seq=6377 rx_latency=1ms tx_dur=1ms,21.255,
2725,10,68,2857369668,2026-07-14T15:01:14.611235+00:00,7.327035,50419,41,0202aa500044c4f3005a5811460e29efbf1ffffffc2246cd1e00000fc0007ebfe9ed0737feebfff600,1,TX 41 seq=6378 rx_latency=1ms tx_dur=1ms,22.203,
2725,10,69,2857369669,2026-07-14T15:01:14.633676+00:00,7.349476,50441,41,0202aa500045c509005a5811460e29efbf1ffffffc2246cd1e00000fc0007ebfe9ed0737feebfff600,1,TX 41 seq=6379 rx_latency=1ms tx_dur=1ms,21.136,
2725,10,70,2857369670,2026-07-14T15:01:14.655092+00:00,7.370900,50463,41,0202aa500046c51f005a5811460e29efbf1ffffffc2246cd1e00000fc0007ebfe9ed0737feebfff600,1,TX 41 seq=6380 rx_latency=1ms tx_dur=1ms,22.378,
2725,10,71,2857369671,2026-07-14T15:01:14.677764+00:00,7.393567,50485,41,0202aa500047c535005a5811460e29efbf1ffffffc2246cd1e00000fc0007ebfe9ed0737feebfff600,1,TX 41 seq=6381 rx_latency=1ms tx_dur=1ms,21.251,
2725,10,72,2857369672,2026-07-14T15:01:14.699276+00:00,7.415078,50507,41,0202aa500048c54b005a5811460e29efbf1ffffffc2246cd1e00000fc0007ebfe9ed0737feebfff600,1,TX 41 seq=6382 rx_latency=1ms tx_dur=1ms,22.164,
2725,10,73,2857369673,2026-07-14T15:01:14.721690+00:00,7.437491,50529,41,0202aa500049c561005a5811460e29efbf1ffffffc2246cd1e00000fc0007ebfe9ed0737feebfff600,1,TX 41 seq=6383 rx_latency=1ms tx_dur=1ms,21.122,
2725,10,74,2857369674,2026-07-14T15:01:14.743062+00:00,7.458864,50551,41,0202aa50004ac577005a5811460e29efbf1ffffffc2246cd1e00000fc0007ebfe9ed0737feebfff600,1,TX 41 seq=6384 rx_latency=1ms tx_dur=1ms,22.469,
2725,10,75,2857369675,2026-07-14T15:01:14.765780+00:00,7.481581,50573,41,0202aa50004bc58d005a5811460e29efbf1ffffffc2246cd1e00000fc0007ebfe9ed0737feebfff600,1,TX 41 seq=6385 rx_latency=1ms tx_dur=1ms,21.241,
2725,10,76,2857369676,2026-07-14T15:01:14.787266+00:00,7.503067,50595,41,0202aa50004cc5a3005a5811460e29efbf1ffffffc2246cd1e00000fc0007ebfe9ed0737feebfff600,1,TX 41 seq=6386 rx_latency=1ms tx_dur=1ms,22.190,
2725,10,77,2857369677,2026-07-14T15:01:14.884279+00:00,7.600080,50692,41,0202aa50004dc604005a5811460e29efbf1ffffffc2246cd1e00000fc0007ebfe9ed0737feebfff600,1,TX 41 seq=6387 rx_latency=1ms tx_dur=1ms,16.409,
2725,10,78,2857369678,2026-07-14T15:01:14.984281+00:00,7.700083,50792,41,0202aa50004ec668005a5811460e29efbf1ffffffc2246cd1e00000fc0007ebfe9ed0737feebfff600,1,TX 41 seq=6388 rx_latency=1ms tx_dur=1ms,19.129,
2725,10,79,2857369679,2026-07-14T15:01:15.084227+00:00,7.800028,50892,41,0202aa50004fc6cc005a5811460e29efbf1ffffffc2246cd1e00000fc0007ebfe9ed0737feebfff600,1,TX 41 seq=6389 rx_latency=1ms tx_dur=1ms,20.698,
2725,10,80,2857369680,2026-07-14T15:01:15.184282+00:00,7.900086,50992,41,0202aa500050c730005a5811460e29efbf1ffffffc2246cd1e00000fc0007ebfe9ed0737feebfff600,1,TX 41 seq=6390 rx_latency=1ms tx_dur=1ms,22.283,
2725,10,81,2857369681,2026-07-14T15:01:15.284280+00:00,8.000081,51092,41,0202aa500051c794005a5811460e29efbf1ffffffc2246cd1e00000fc0007ebfe9ed0737feebfff600,1,TX 41 seq=6391 rx_latency=1ms tx_dur=1ms,14.323,
2725,10,82,2857369682,2026-07-14T15:01:15.384280+00:00,8.100080,51192,41,0202aa500052c7f8005a5811460e29efbf1ffffffc2246cd1e00000fc0007ebfe9ed0737feebfff600,1,TX 41 seq=6392 rx_latency=1ms tx_dur=1ms,17.044,
2725,10,83,2857369683,2026-07-14T15:01:15.484256+00:00,8.200060,51292,41,0202aa500053c85c005a5811460e29efbf1ffffffc2246cd1e00000fc0007ebfe9ed0737feebfff600,1,TX 41 seq=6393 rx_latency=1ms tx_dur=1ms,18.568,
2725,10,84,2857369684,2026-07-14T15:01:15.584287+00:00,8.300099,51392,41,0202aa500054c8c0005a5811460e29efbf1ffffffc2246cd1e00000fc0007ebfe9ed0737feebfff600,1,TX 41 seq=6394 rx_latency=1ms tx_dur=1ms,20.165,
2725,10,85,2857369685,2026-07-14T15:01:15.684284+00:00,8.400092,51492,41,0202aa500055c924005a5811460e29efbf1ffffffc2246cd1e00000fc0007ebfe9ed0737feebfff600,1,TX 41 seq=6395 rx_latency=1ms tx_dur=1ms,22.491,
2725,10,86,2857369686,2026-07-14T15:01:15.784294+00:00,8.500116,51592,41,0202aa500056c988005a5811460e29efbf1ffffffc2246cd1e00000fc0007ebfe9ed0737feebfff600,1,TX 41 seq=6396 rx_latency=1ms tx_dur=1ms,14.852,
2725,10,87,2857369687,2026-07-14T15:01:15.884291+00:00,8.600111,51692,41,0202aa500057c9ec005a5811460e29efbf1ffffffc2246cd1e00000fc0007ebfe9ed0737feebfff600,1,TX 41 seq=6397 rx_latency=1ms tx_dur=1ms,16.397,
2725,10,88,2857369688,2026-07-14T15:01:15.984294+00:00,8.700110,51792,41,0202aa500058ca50005a5811460e29efbf1ffffffc2246cd1e00000fc0007ebfe9ed0737feebfff600,1,TX 41 seq=6398 rx_latency=1ms tx_dur=1ms,18.101,
2725,10,89,2857369689,2026-07-14T15:01:16.084318+00:00,8.800150,51892,41,0202aa500059cab4005a5811460e29efbf1ffffffc2246cd1e00000fc0007ebfe9ed0737feebfff600,1,TX 41 seq=6399 rx_latency=1ms tx_dur=1ms,20.993,
2725,10,90,2857369690,2026-07-14T15:01:16.184308+00:00,8.900132,51992,41,0202aa50005acb18005a5811460e29efbf1ffffffc2246cd1e00000fc0007ebfe9ed0737feebfff600,1,TX 41 seq=6400 rx_latency=1ms tx_dur=1ms,22.657,
2725,10,91,2857369691,2026-07-14T15:01:16.284312+00:00,9.000139,52092,41,0202aa50005bcb7c005a5811460e29efbf1ffffffc2246cd1e00000fc0007ebfe9ed0737feebfff600,1,TX 41 seq=6401 rx_latency=1ms tx_dur=1ms,14.263,
2725,10,92,2857369692,2026-07-14T15:01:16.384310+00:00,9.100135,52192,41,0202aa50005ccbe0005a5811460e29efbf1ffffffc2246cd1e00000fc0007ebfe9ed0737feebfff600,1,TX 41 seq=6402 rx_latency=1ms tx_dur=1ms,15.983,
2725,10,93,2857369693,2026-07-14T15:01:16.484314+00:00,9.200140,52292,41,0202aa50005dcc44005a5811460e29efbf1ffffffc2246cd1e00000fc0007ebfe9ed0737feebfff600,1,TX 41 seq=6403 rx_latency=1ms tx_dur=1ms,18.840,
2725,10,94,2857369694,2026-07-14T15:01:16.584311+00:00,9.300138,52392,41,0202aa50005ecca8005a5811460e29efbf1ffffffc2246cd1e00000fc0007ebfe9ed0737feebfff600,1,TX 41 seq=6404 rx_latency=1ms tx_dur=1ms,20.486,
2725,10,95,2857369695,2026-07-14T15:01:16.684312+00:00,9.400138,52492,41,0202aa50005fcd0c005a5811460e29efbf1ffffffc2246cd1e00000fc0007ebfe9ed0737feebfff600,1,TX 41 seq=6405 rx_latency=1ms tx_dur=1ms,22.165,
2725,10,96,2857369696,2026-07-14T15:01:16.784314+00:00,9.500139,52592,41,0202aa500060cd70005a5811460e29efbf1ffffffc2246cd1e00000fc0007ebfe9ed0737feebfff600,1,TX 41 seq=6406 rx_latency=1ms tx_dur=1ms,14.787,
2725,10,97,2857369697,2026-07-14T15:01:16.884310+00:00,9.600134,52692,41,0202aa500061cdd4005a5811460e29efbf1ffffffc2246cd1e00000fc0007ebfe9ed0737feebfff600,1,TX 41 seq=6407 rx_latency=1ms tx_dur=1ms,16.348,
2725,10,98,2857369698,2026-07-14T15:01:16.984310+00:00,9.700145,52792,41,0202aa500062ce38005a5811460e29efbf1ffffffc2246cd1e00000fc0007ebfe9ed0737feebfff600,1,TX 41 seq=6408 rx_latency=1ms tx_dur=1ms,17.964,
2725,10,99,2857369699,2026-07-14T15:01:17.084319+00:00,9.800148,52892,41,0202aa500063ce9c005a5811460e29efbf1ffffffc2246cd1e00000fc0007ebfe9ed0737feebfff600,1,TX 41 seq=6409 rx_latency=1ms tx_dur=1ms,20.848,
2725,10,100,2857369700,2026-07-14T15:01:17.184308+00:00,9.900131,52992,41,0202aa500064cf00005a5811460e29efbf1ffffffc2246cd1e00000fc0007ebfe9ed0737feebfff600,1,TX 41 seq=6410 rx_latency=1ms tx_dur=1ms,22.576,
2725,10,101,2857369701,2026-07-14T15:01:17.284313+00:00,10.000147,53092,41,0202aa500065cf64005a5811460e29efbf1ffffffc2246cd1e00000fc0007ebfe9ed0737feebfff600,1,TX 41 seq=6411 rx_latency=1ms tx_dur=1ms,14.119,
2725,10,102,2857369702,2026-07-14T15:01:17.384282+00:00,10.100116,53192,41,0202aa500066cfc8005a5811460e29efbf1ffffffc2246cd1e00000fc0007ebfe9ed0737feebfff600,1,TX 41 seq=6412 rx_latency=1ms tx_dur=1ms,17.038,
2725,10,103,2857369703,2026-07-14T15:01:17.484308+00:00,10.200134,53292,41,0202aa500067d02c005a5811460e29efbf1ffffffc2246cd1e00000fc0007ebfe9ed0737feebfff600,1,TX 41 seq=6413 rx_latency=1ms tx_dur=1ms,18.675,
2725,10,104,2857369704,2026-07-14T15:01:17.584317+00:00,10.300146,53392,41,0202aa500068d090005a5811460e29efbf1ffffffc2246cd1e00000fc0007ebfe9ed0737feebfff600,1,TX 41 seq=6414 rx_latency=1ms tx_dur=1ms,20.424,
2725,10,105,2857369705,2026-07-14T15:01:17.684306+00:00,10.400128,53492,41,0202aa500069d0f4005a5811460e29efbf1ffffffc2246cd1e00000fc0007ebfe9ed0737feebfff600,1,TX 41 seq=6415 rx_latency=1ms tx_dur=1ms,23.038,
2725,10,106,2857369706,2026-07-14T15:01:17.784316+00:00,10.500141,53592,41,0202aa50006ad158005a5811460e29efbf1ffffffc2246cd1e00000fc0007ebfe9ed0737feebfff600,1,TX 41 seq=6416 rx_latency=1ms tx_dur=1ms,14.815,
2725,10,107,2857369707,2026-07-14T15:01:17.884308+00:00,10.600131,53692,41,0202aa50006bd1bc005a5811460e29efbf1ffffffc2246cd1e00000fc0007ebfe9ed0737feebfff600,1,TX 41 seq=6417 rx_latency=1ms tx_dur=1ms,16.545,
2725,10,108,2857369708,2026-07-14T15:01:17.984322+00:00,10.700165,53792,41,0202aa50006cd220005a5811460e29efbf1ffffffc2246cd1e00000fc0007ebfe9ed0737feebfff600,1,TX 41 seq=6418 rx_latency=1ms tx_dur=1ms,18.200,
2725,10,109,2857369709,2026-07-14T15:01:18.084262+00:00,10.800087,53892,41,0202aa50006dd284005a5811460e29efbf1ffffffc2246cd1e00000fc0007ebfe9ed0737feebfff600,1,TX 41 seq=6419 rx_latency=1ms tx_dur=1ms,20.906,
2725,10,110,2857369710,2026-07-14T15:01:18.184315+00:00,10.900141,53992,41,0202aa50006ed2e8005a5811460e29efbf1ffffffc2246cd1e00000fc0007ebfe9ed0737feebfff600,1,TX 41 seq=6420 rx_latency=1ms tx_dur=1ms,22.624,
2725,10,111,2857369711,2026-07-14T15:01:18.284242+00:00,11.000062,54092,41,0202aa50006fd34c005a5811460e29efbf1ffffffc2246cd1e00000fc0007ebfe9ed0737feebfff600,1,TX 41 seq=6421 rx_latency=1ms tx_dur=1ms,14.471,
2725,10,112,2857369712,2026-07-14T15:01:18.384329+00:00,11.100182,54192,41,0202aa500070d3b0005a5811460e29efbf1ffffffc2246cd1e00000fc0007ebfe9ed0737feebfff600,1,TX 41 seq=6422 rx_latency=1ms tx_dur=1ms,15.979,
2725,10,113,2857369713,2026-07-14T15:01:18.484318+00:00,11.200153,54292,41,0202aa500071d414005a5811460e29efbf1ffffffc2246cd1e00000fc0007ebfe9ed0737feebfff600,1,TX 41 seq=6423 rx_latency=1ms tx_dur=1ms,18.704,
2725,10,114,2857369714,2026-07-14T15:01:18.584311+00:00,11.300139,54392,41,0202aa500072d478005a5811460e29efbf1ffffffc2246cd1e00000fc0007ebfe9ed0737feebfff600,1,TX 41 seq=6424 rx_latency=1ms tx_dur=1ms,20.413,
2725,10,115,2857369715,2026-07-14T15:01:18.684314+00:00,11.400142,54492,41,0202aa500073d4dc005a5811460e29efbf1ffffffc2246cd1e00000fc0007ebfe9ed0737feebfff600,1,TX 41 seq=6425 rx_latency=1ms tx_dur=1ms,22.180,
2725,10,116,2857369716,2026-07-14T15:01:18.784309+00:00,11.500131,54592,41,0202aa500074d540005a5811460e29efbf1ffffffc2246cd1e00000fc0007ebfe9ed0737feebfff600,1,TX 41 seq=6426 rx_latency=1ms tx_dur=1ms,15.085,
2725,10,117,2857369717,2026-07-14T15:01:18.884314+00:00,11.600147,54692,41,0202aa500075d5a4005a5811460e29efbf1ffffffc2246cd1e00000fc0007ebfe9ed0737feebfff600,1,TX 41 seq=6427 rx_latency=1ms tx_dur=1ms,16.648,
2725,10,118,2857369718,2026-07-14T15:01:18.984316+00:00,11.700140,54792,41,0202aa500076d608005a5811460e29efbf1ffffffc2246cd1e00000fc0007ebfe9ed0737feebfff600,1,TX 41 seq=6428 rx_latency=1ms tx_dur=1ms,18.162,
2725,10,119,2857369719,2026-07-14T15:01:19.084306+00:00,11.800130,54892,41,0202aa500077d66c005a5811460e29efbf1ffffffc2246cd1e00000fc0007ebfe9ed0737feebfff600,1,TX 41 seq=6429 rx_latency=1ms tx_dur=1ms,20.771,
2725,10,120,2857369720,2026-07-14T15:01:19.184320+00:00,11.900157,54992,41,0202aa500078d6d0005a5811460e29efbf1ffffffc2246cd1e00000fc0007ebfe9ed0737feebfff600,1,TX 41 seq=6430 rx_latency=1ms tx_dur=1ms,22.389,
2725,10,121,2857369721,2026-07-14T15:01:19.284313+00:00,12.000140,55092,41,0202aa500079d734005a5811460e29efbf1ffffffc2246cd1e00000fc0007ebfe9ed0737feebfff600,1,TX 41 seq=6431 rx_latency=1ms tx_dur=1ms,14.266,
2725,10,122,2857369722,2026-07-14T15:01:19.384316+00:00,12.100145,55192,41,0202aa50007ad798005a5811460e29efbf1ffffffc2246cd1e00000fc0007ebfe9ed0737feebfff600,1,TX 41 seq=6432 rx_latency=1ms tx_dur=1ms,15.993,
2725,10,123,2857369723,2026-07-14T15:01:19.484306+00:00,12.200133,55292,41,0202aa50007bd7fc005a5811460e29efbf1ffffffc2246cd1e00000fc0007ebfe9ed0737feebfff600,1,TX 41 seq=6433 rx_latency=1ms tx_dur=1ms,18.589,
2725,10,124,2857369724,2026-07-14T15:01:19.584325+00:00,12.300182,55392,41,0202aa50007cd860005a5811460e29efbf1ffffffc2246cd1e00000fc0007ebfe9ed0737feebfff600,1,TX 41 seq=6434 rx_latency=1ms tx_dur=1ms,20.176,
2725,10,125,2857369725,2026-07-14T15:01:19.684282+00:00,12.400136,55492,41,0202aa50007dd8c4005a5811460e29efbf1ffffffc2246cd1e00000fc0007ebfe9ed0737feebfff600,1,TX 41 seq=6435 rx_latency=1ms tx_dur=1ms,21.925,
2725,10,126,2857369726,2026-07-14T15:01:19.784317+00:00,12.500149,55592,41,0202aa50007ed928005a5811460e29efbf1ffffffc2246cd1e00000fc0007ebfe9ed0737feebfff600,1,TX 41 seq=6436 rx_latency=1ms tx_dur=1ms,14.914,
2725,10,127,2857369727,2026-07-14T15:01:19.884306+00:00,12.600129,55692,41,0202aa50007fd98c005a5811460e29efbf1ffffffc2246cd1e00000fc0007ebfe9ed0737feebfff600,1,TX 41 seq=6437 rx_latency=1ms tx_dur=1ms,16.449,
2725,10,128,2857369728,2026-07-14T15:01:19.984315+00:00,12.700141,55792,41,0202aa500080d9f0005a5811460e29efbf1ffffffc2246cd1e00000fc0007ebfe9ed0737feebfff600,1,TX 41 seq=6438 rx_latency=1ms tx_dur=1ms,18.182,
2725,10,129,2857369729,2026-07-14T15:01:20.084306+00:00,12.800128,55892,41,0202aa500081da54005a5811460e29efbf1ffffffc2246cd1e00000fc0007ebfe9ed0737feebfff600,1,TX 41 seq=6439 rx_latency=1ms tx_dur=1ms,20.983,
2725,10,130,2857369730,2026-07-14T15:01:20.184323+00:00,12.900161,55992,41,0202aa500082dab8005a5811460e29efbf1ffffffc2246cd1e00000fc0007ebfe9ed0737feebfff600,1,TX 41 seq=6440 rx_latency=1ms tx_dur=1ms,22.679,
2725,10,131,2857369731,2026-07-14T15:01:20.284309+00:00,13.000135,56092,41,0202aa500083db1c005a5811460e29efbf1ffffffc2246cd1e00000fc0007ebfe9ed0737feebfff600,1,TX 41 seq=6441 rx_latency=1ms tx_dur=1ms,14.296,
2725,10,132,2857369732,2026-07-14T15:01:20.384318+00:00,13.100151,56192,41,0202aa500084db80005a5811460e29efbf1ffffffc2246cd1e00000fc0007ebfe9ed0737feebfff600,1,TX 41 seq=6442 rx_latency=1ms tx_dur=1ms,15.999,
2725,10,133,2857369733,2026-07-14T15:01:20.484305+00:00,13.200127,56292,41,0202aa500085dbe4005a5811460e29efbf1ffffffc2246cd1e00000fc0007ebfe9ed0737feebfff600,1,TX 41 seq=6443 rx_latency=1ms tx_dur=1ms,18.846,
2725,10,134,2857369734,2026-07-14T15:01:20.584313+00:00,13.300138,56392,41,0202aa500086dc48005a5811460e29efbf1ffffffc2246cd1e00000fc0007ebfe9ed0737feebfff600,1,TX 41 seq=6444 rx_latency=1ms tx_dur=1ms,20.597,
2725,10,135,2857369735,2026-07-14T15:01:20.684310+00:00,13.400136,56492,41,0202aa500087dcac005a5811460e29efbf1ffffffc2246cd1e00000fc0007ebfe9ed0737feebfff600,1,TX 41 seq=6445 rx_latency=1ms tx_dur=1ms,22.197,
2725,10,136,2857369736,2026-07-14T15:01:20.784315+00:00,13.500142,56592,41,0202aa500088dd10005a5811460e29efbf1ffffffc2246cd1e00000fc0007ebfe9ed0737feebfff600,1,TX 41 seq=6446 rx_latency=1ms tx_dur=1ms,14.810,
2725,10,137,2857369737,2026-07-14T15:01:20.884306+00:00,13.600128,56692,41,0202aa500089dd74005a5811460e29efbf1ffffffc2246cd1e00000fc0007ebfe9ed0737feebfff600,1,TX 41 seq=6447 rx_latency=1ms tx_dur=1ms,16.332,
2725,10,138,2857369738,2026-07-14T15:01:20.984311+00:00,13.700138,56792,41,0202aa50008addd8005a5811460e29efbf1ffffffc2246cd1e00000fc0007ebfe9ed0737feebfff600,1,TX 41 seq=6448 rx_latency=1ms tx_dur=1ms,18.062,
2725,10,139,2857369739,2026-07-14T15:01:21.084305+00:00,13.800125,56892,41,0202aa50008bde3c005a5811460e29efbf1ffffffc2246cd1e00000fc0007ebfe9ed0737feebfff600,1,TX 41 seq=6449 rx_latency=1ms tx_dur=1ms,20.864,
2725,10,140,2857369740,2026-07-14T15:01:21.184316+00:00,13.900146,56992,41,0202aa50008cdea0005a5811460e29efbf1ffffffc2246cd1e00000fc0007ebfe9ed0737feebfff600,1,TX 41 seq=6450 rx_latency=1ms tx_dur=1ms,22.635,
2725,10,141,2857369741,2026-07-14T15:01:21.284314+00:00,14.000143,57092,41,0202aa50008ddf04005a5811460e29efbf1ffffffc2246cd1e00000fc0007ebfe9ed0737feebfff600,1,TX 41 seq=6451 rx_latency=1ms tx_dur=1ms,14.153,
2725,10,142,2857369742,2026-07-14T15:01:21.384313+00:00,14.100141,57192,41,0202aa50008edf68005a5811460e29efbf1ffffffc2246cd1e00000fc0007ebfe9ed0737feebfff600,1,TX 41 seq=6452 rx_latency=1ms tx_dur=1ms,17.056,
2725,10,143,2857369743,2026-07-14T15:01:21.484309+00:00,14.200139,57292,41,0202aa50008fdfcc005a5811460e29efbf1ffffffc2246cd1e00000fc0007ebfe9ed0737feebfff600,1,TX 41 seq=6453 rx_latency=1ms tx_dur=1ms,18.685,
2725,10,144,2857369744,2026-07-14T15:01:21.584316+00:00,14.300145,57392,41,0202aa500090e030005a5811460e29efbf1ffffffc2246cd1e00000fc0007ebfe9ed0737feebfff600,1,TX 41 seq=6454 rx_latency=1ms tx_dur=1ms,20.465,
2725,10,145,2857369745,2026-07-14T15:01:21.684293+00:00,14.400116,57492,41,0202aa500091e094005a5811460e29efbf1ffffffc2246cd1e00000fc0007ebfe9ed0737feebfff600,1,TX 41 seq=6455 rx_latency=1ms tx_dur=1ms,23.091,
2725,10,146,2857369746,2026-07-14T15:01:21.784317+00:00,14.500145,57592,41,0202aa500092e0f8005a5811460e29efbf1ffffffc2246cd1e00000fc0007ebfe9ed0737feebfff600,1,TX 41 seq=6456 rx_latency=1ms tx_dur=1ms,14.833,
2725,10,147,2857369747,2026-07-14T15:01:21.884310+00:00,14.600142,57692,41,0202aa500093e15c005a5811460e29efbf1ffffffc2246cd1e00000fc0007ebfe9ed0737feebfff600,1,TX 41 seq=6457 rx_latency=1ms tx_dur=1ms,16.532,
2725,10,148,2857369748,2026-07-14T15:01:21.984315+00:00,14.700144,57792,41,0202aa500094e1c0005a5811460e29efbf1ffffffc2246cd1e00000fc0007ebfe9ed0737feebfff600,1,TX 41 seq=6458 rx_latency=1ms tx_dur=1ms,18.288,
2725,10,149,2857369749,2026-07-14T15:01:22.084308+00:00,14.800129,57892,41,0202aa500095e224005a5811460e29efbf1ffffffc2246cd1e00000fc0007ebfe9ed0737feebfff600,1,TX 41 seq=6459 rx_latency=1ms tx_dur=1ms,20.901,
2725,10,150,2857369750,2026-07-14T15:01:22.184318+00:00,14.900148,57992,41,0202aa500096e288005a5811460e29efbf1ffffffc2246cd1e00000fc0007ebfe9ed0737feebfff600,1,TX 41 seq=6460 rx_latency=1ms tx_dur=1ms,22.642,
2725,10,151,2857369751,2026-07-14T15:01:22.284308+00:00,15.000132,58092,41,0202aa500097e2ec005a5811460e29efbf1ffffffc2246cd1e00000fc0007ebfe9ed0737feebfff600,1,TX 41 seq=6461 rx_latency=1ms tx_dur=1ms,14.415,
2725,10,152,2857369752,2026-07-14T15:01:22.384315+00:00,15.100142,58192,41,0202aa500098e350005a5811460e29efbf1ffffffc2246cd1e00000fc0007ebfe9ed0737feebfff600,1,TX 41 seq=6462 rx_latency=1ms tx_dur=1ms,16.135,
2725,10,153,2857369753,2026-07-14T15:01:22.484318+00:00,15.200154,58292,41,0202aa500099e3b4005a5811460e29efbf1ffffffc2246cd1e00000fc0007ebfe9ed0737feebfff600,1,TX 41 seq=6463 rx_latency=1ms tx_dur=1ms,18.849,
2725,10,154,2857369754,2026-07-14T15:01:22.584317+00:00,15.300146,58392,41,0202aa50009ae418005a5811460e29efbf1ffffffc2246cd1e00000fc0007ebfe9ed0737feebfff600,1,TX 41 seq=6464 rx_latency=1ms tx_dur=1ms,20.343,
2725,10,155,2857369755,2026-07-14T15:01:22.684270+00:00,15.400094,58492,41,0202aa50009be47c005a5811460e29efbf1ffffffc2246cd1e00000fc0007ebfe9ed0737feebfff600,1,TX 41 seq=6465 rx_latency=1ms tx_dur=1ms,22.954,
2725,10,156,2857369756,2026-07-14T15:01:22.784316+00:00,15.500142,58592,41,0202aa50009ce4e0005a5811460e29efbf1ffffffc2246cd1e00000fc0007ebfe9ed0737feebfff600,1,TX 41 seq=6466 rx_latency=1ms tx_dur=1ms,14.733,
2725,10,157,2857369757,2026-07-14T15:01:22.884310+00:00,15.600134,58692,41,0202aa50009de544005a5811460e29efbf1ffffffc2246cd1e00000fc0007ebfe9ed0737feebfff600,1,TX 41 seq=6467 rx_latency=1ms tx_dur=1ms,16.468,
2725,10,158,2857369758,2026-07-14T15:01:22.984310+00:00,15.700137,58792,41,0202aa50009ee5a8005a5811460e29efbf1ffffffc2246cd1e00000fc0007ebfe9ed0737feebfff600,1,TX 41 seq=6468 rx_latency=1ms tx_dur=1ms,18.149,
2725,10,159,2857369759,2026-07-14T15:01:23.084316+00:00,15.800142,58892,41,0202aa50009fe60c005a5811460e29efbf1ffffffc2246cd1e00000fc0007ebfe9ed0737feebfff600,1,TX 41 seq=6469 rx_latency=1ms tx_dur=1ms,20.805,
2725,10,160,2857369760,2026-07-14T15:01:23.184308+00:00,15.900129,58992,41,0202aa5000a0e670005a5811460e29efbf1ffffffc2246cd1e00000fc0007ebfe9ed0737feebfff600,1,TX 41 seq=6470 rx_latency=1ms tx_dur=1ms,22.486,
2725,10,161,2857369761,2026-07-14T15:01:23.284327+00:00,16.000176,59092,41,0202aa5000a1e6d4005a5811460e29efbf1ffffffc2246cd1e00000fc0007ebfe9ed0737feebfff600,1,TX 41 seq=6471 rx_latency=1ms tx_dur=1ms,14.190,
2725,10,162,2857369762,2026-07-14T15:01:23.384322+00:00,16.100152,59192,41,0202aa5000a2e738005a5811460e29efbf1ffffffc2246cd1e00000fc0007ebfe9ed0737feebfff600,1,TX 41 seq=6472 rx_latency=1ms tx_dur=1ms,15.995,
2725,10,163,2857369763,2026-07-14T15:01:23.484252+00:00,16.200096,59292,41,0202aa5000a3e79c005a5811460e29efbf1ffffffc2246cd1e00000fc0007ebfe9ed0737feebfff600,1,TX 41 seq=6473 rx_latency=1ms tx_dur=1ms,18.606,
2725,10,164,2857369764,2026-07-14T15:01:23.584259+00:00,16.300094,59392,41,0202aa5000a4e800005a5811460e29efbf1ffffffc2246cd1e00000fc0007ebfe9ed0737feebfff600,1,TX 41 seq=6474 rx_latency=1ms tx_dur=1ms,20.374,
2725,10,165,2857369765,2026-07-14T15:01:23.684315+00:00,16.400146,59492,41,0202aa5000a5e864005a5811460e29efbf1ffffffc2246cd1e00000fc0007ebfe9ed0737feebfff600,1,TX 41 seq=6475 rx_latency=1ms tx_dur=1ms,22.140,
2725,10,166,2857369766,2026-07-14T15:01:23.784319+00:00,16.500148,59592,41,0202aa5000a6e8c8005a5811460e29efbf1ffffffc2246cd1e00000fc0007ebfe9ed0737feebfff600,1,TX 41 seq=6476 rx_latency=1ms tx_dur=1ms,14.879,
2725,10,167,2857369767,2026-07-14T15:01:23.884312+00:00,16.600134,59692,41,0202aa5000a7e92c005a5811460e29efbf1ffffffc2246cd1e00000fc0007ebfe9ed0737feebfff600,1,TX 41 seq=6477 rx_latency=1ms tx_dur=1ms,16.555,
2725,10,168,2857369768,2026-07-14T15:01:23.984326+00:00,16.700156,59792,41,0202aa5000a8e990005a5811460e29efbf1ffffffc2246cd1e00000fc0007ebfe9ed0737feebfff600,1,TX 41 seq=6478 rx_latency=1ms tx_dur=1ms,18.101,
2725,10,169,2857369769,2026-07-14T15:01:24.084307+00:00,16.800129,59892,41,0202aa5000a9e9f4005a5811460e29efbf1ffffffc2246cd1e00000fc0007ebfe9ed0737feebfff600,1,TX 41 seq=6479 rx_latency=1ms tx_dur=1ms,20.040,
2725,10,170,2857369770,2026-07-14T15:01:24.184316+00:00,16.900142,59992,41,0202aa5000aaea58005a5811460e29efbf1ffffffc2246cd1e00000fc0007ebfe9ed0737feebfff600,1,TX 41 seq=6480 rx_latency=1ms tx_dur=1ms,22.645,
2725,10,171,2857369771,2026-07-14T15:01:24.284305+00:00,17.000125,60092,41,0202aa5000abeabc005a5811460e29efbf1ffffffc2246cd1e00000fc0007ebfe9ed0737feebfff600,1,TX 41 seq=6481 rx_latency=1ms tx_dur=1ms,14.643,
2725,10,172,2857369772,2026-07-14T15:01:24.384313+00:00,17.100138,60192,41,0202aa5000aceb20005a5811460e29efbf1ffffffc2246cd1e00000fc0007ebfe9ed0737feebfff600,1,TX 41 seq=6482 rx_latency=1ms tx_dur=1ms,15.978,
2725,10,173,2857369773,2026-07-14T15:01:24.484316+00:00,17.200149,60292,41,0202aa5000adeb84005a5811460e29efbf1ffffffc2246cd1e00000fc0007ebfe9ed0737feebfff600,1,TX 41 seq=6483 rx_latency=1ms tx_dur=1ms,18.909,
2725,10,174,2857369774,2026-07-14T15:01:24.584317+00:00,17.300147,60392,41,0202aa5000aeebe8005a5811460e29efbf1ffffffc2246cd1e00000fc0007ebfe9ed0737feebfff600,1,TX 41 seq=6484 rx_latency=1ms tx_dur=1ms,20.475,
2725,10,175,2857369775,2026-07-14T15:01:24.684316+00:00,17.400154,60492,41,0202aa5000afec4c005a5811460e29efbf1ffffffc2246cd1e00000fc0007ebfe9ed0737feebfff600,1,TX 41 seq=6485 rx_latency=1ms tx_dur=1ms,22.177,
2725,10,176,2857369776,2026-07-14T15:01:24.784309+00:00,17.500133,60592,41,0202aa5000b0ecb0005a5811460e29efbf1ffffffc2246cd1e00000fc0007ebfe9ed0737feebfff600,1,TX 41 seq=6486 rx_latency=1ms tx_dur=1ms,14.910,
2725,10,177,2857369777,2026-07-14T15:01:24.884312+00:00,17.600140,60692,41,0202aa5000b1ed14005a5811460e29efbf1ffffffc2246cd1e00000fc0007ebfe9ed0737feebfff600,1,TX 41 seq=6487 rx_latency=1ms tx_dur=1ms,16.320,
2725,10,178,2857369778,2026-07-14T15:01:24.984306+00:00,17.700131,60792,41,0202aa5000b2ed78005a5811460e29efbf1ffffffc2246cd1e00000fc0007ebfe9ed0737feebfff600,1,TX 41 seq=6488 rx_latency=1ms tx_dur=1ms,18.159,
2725,10,179,2857369779,2026-07-14T15:01:25.084313+00:00,17.800140,60892,41,0202aa5000b3eddc005a5811460e29efbf1ffffffc2246cd1e00000fc0007ebfe9ed0737feebfff600,1,TX 41 seq=6489 rx_latency=1ms tx_dur=1ms,20.824,
2725,10,180,2857369780,2026-07-14T15:01:25.184309+00:00,17.900131,60992,41,0202aa5000b4ee40005a5811460e29efbf1ffffffc2246cd1e00000fc0007ebfe9ed0737feebfff600,1,TX 41 seq=6490 rx_latency=1ms tx_dur=1ms,22.708,
2725,10,181,2857369781,2026-07-14T15:01:25.284318+00:00,18.000146,61092,41,0202aa5000b5eea4005a5811460e29efbf1ffffffc2246cd1e00000fc0007ebfe9ed0737feebfff600,1,TX 41 seq=6491 rx_latency=1ms tx_dur=1ms,14.225,
2725,10,182,2857369782,2026-07-14T15:01:25.384245+00:00,18.100077,61192,41,0202aa5000b6ef08005a5811460e29efbf1ffffffc2246cd1e00000fc0007ebfe9ed0737feebfff600,1,TX 41 seq=6492 rx_latency=1ms tx_dur=1ms,17.157,
2725,10,183,2857369783,2026-07-14T15:01:25.484313+00:00,18.200144,61292,41,0202aa5000b7ef6c005a5811460e29efbf1ffffffc2246cd1e00000fc0007ebfe9ed0737feebfff600,1,TX 41 seq=6493 rx_latency=1ms tx_dur=1ms,18.718,
2725,10,184,2857369784,2026-07-14T15:01:25.584308+00:00,18.300130,61392,41,0202aa5000b8efd0005a5811460e29efbf1ffffffc2246cd1e00000fc0007ebfe9ed0737feebfff600,1,TX 41 seq=6494 rx_latency=1ms tx_dur=1ms,20.533,
2725,10,185,2857369785,2026-07-14T15:01:25.684338+00:00,18.400196,61492,41,0202aa5000b9f034005a5811460e29efbf1ffffffc2246cd1e00000fc0007ebfe9ed0737feebfff600,1,TX 41 seq=6495 rx_latency=1ms tx_dur=1ms,21.853,
2725,10,186,2857369786,2026-07-14T15:01:25.784318+00:00,18.500155,61592,41,0202aa5000baf098005a5811460e29efbf1ffffffc2246cd1e00000fc0007ebfe9ed0737feebfff600,1,TX 41 seq=6496 rx_latency=1ms tx_dur=1ms,14.828,
2725,10,187,2857369787,2026-07-14T15:01:25.884311+00:00,18.600137,61692,41,0202aa5000bbf0fc005a5811460e29efbf1ffffffc2246cd1e00000fc0007ebfe9ed0737feebfff600,1,TX 41 seq=6497 rx_latency=1ms tx_dur=1ms,16.621,
2725,10,188,2857369788,2026-07-14T15:01:25.984315+00:00,18.700141,61792,41,0202aa5000bcf160005a5811460e29efbf1ffffffc2246cd1e00000fc0007ebfe9ed0737feebfff600,1,TX 41 seq=6498 rx_latency=1ms tx_dur=1ms,18.310,
2725,10,189,2857369789,2026-07-14T15:01:26.084307+00:00,18.800128,61892,41,0202aa5000bdf1c4005a5811460e29efbf1ffffffc2246cd1e00000fc0007ebfe9ed0737feebfff600,1,TX 41 seq=6499 rx_latency=1ms tx_dur=1ms,20.049,
2725,10,190,2857369790,2026-07-14T15:01:26.184314+00:00,18.900139,61992,41,0202aa5000bef228005a5811460e29efbf1ffffffc2246cd1e00000fc0007ebfe9ed0737feebfff600,1,TX 41 seq=6500 rx_latency=1ms tx_dur=1ms,22.527,
2725,10,191,2857369791,2026-07-14T15:01:26.284309+00:00,19.000135,62092,41,0202aa5000bff28c005a5811460e29efbf1ffffffc2246cd1e00000fc0007ebfe9ed0737feebfff600,1,TX 41 seq=6501 rx_latency=1ms tx_dur=1ms,14.087,
2725,10,192,2857369792,2026-07-14T15:01:26.384316+00:00,19.100142,62192,41,0202aa5000c0f2f0005a5811460e29efbf1ffffffc2246cd1e00000fc0007ebfe9ed0737feebfff600,1,TX 41 seq=6502 rx_latency=1ms tx_dur=1ms,16.919,
2725,10,193,2857369793,2026-07-14T15:01:26.484307+00:00,19.200127,62292,41,0202aa5000c1f354005a5811460e29efbf1ffffffc2246cd1e00000fc0007ebfe9ed0737feebfff600,1,TX 41 seq=6503 rx_latency=1ms tx_dur=1ms,18.649,
2725,10,194,2857369794,2026-07-14T15:01:26.584316+00:00,19.300142,62392,41,0202aa5000c2f3b8005a5811460e29efbf1ffffffc2246cd1e00000fc0007ebfe9ed0737feebfff600,1,TX 41 seq=6504 rx_latency=1ms tx_dur=1ms,20.393,
2725,10,195,2857369795,2026-07-14T15:01:26.684305+00:00,19.400125,62492,41,0202aa5000c3f41c005a5811460e29efbf1ffffffc2246cd1e00000fc0007ebfe9ed0737feebfff600,1,TX 41 seq=6505 rx_latency=1ms tx_dur=1ms,23.035,
2725,10,196,2857369796,2026-07-14T15:01:26.784321+00:00,19.500160,62592,41,0202aa5000c4f480005a5811460e29efbf1ffffffc2246cd1e00000fc0007ebfe9ed0737feebfff600,1,TX 41 seq=6506 rx_latency=1ms tx_dur=1ms,14.697,
2725,10,197,2857369797,2026-07-14T15:01:26.884310+00:00,19.600135,62692,41,0202aa5000c5f4e4005a5811460e29efbf1ffffffc2246cd1e00000fc0007ebfe9ed0737feebfff600,1,TX 41 seq=6507 rx_latency=1ms tx_dur=1ms,16.466,
2725,10,198,2857369798,2026-07-14T15:01:26.984316+00:00,19.700142,62792,41,0202aa5000c6f548005a5811460e29efbf1ffffffc2246cd1e00000fc0007ebfe9ed0737feebfff600,1,TX 41 seq=6508 rx_latency=1ms tx_dur=1ms,18.203,
2725,10,199,2857369799,2026-07-14T15:01:27.084307+00:00,19.800130,62892,41,0202aa5000c7f5ac005a5811460e29efbf1ffffffc2246cd1e00000fc0007ebfe9ed0737feebfff600,1,TX 41 seq=6509 rx_latency=1ms tx_dur=1ms,20.815,
2725,10,200,2857369800,2026-07-14T15:01:27.184315+00:00,19.900140,62992,41,0202aa5000c8f610005a5811460e29efbf1ffffffc2246cd1e00000fc0007ebfe9ed0737feebfff600,1,TX 41 seq=6510 rx_latency=1ms tx_dur=1ms,22.583,
2725,10,201,2857369801,2026-07-14T15:01:27.284313+00:00,20.000148,63092,41,0202aa5000c9f674005a5811460e29efbf1ffffffc2246cd1e00000fc0007ebfe9ed0737feebfff600,1,TX 41 seq=6511 rx_latency=1ms tx_dur=1ms,14.286,
2725,10,202,2857369802,2026-07-14T15:01:27.384312+00:00,20.100141,63192,41,0202aa5000caf6d8005a5811460e29efbf1ffffffc2246cd1e00000fc0007ebfe9ed0737feebfff600,1,TX 41 seq=6512 rx_latency=1ms tx_dur=1ms,16.021,
2725,10,203,2857369803,2026-07-14T15:01:27.484314+00:00,20.200143,63292,41,0202aa5000cbf73c005a5811460e29efbf1ffffffc2246cd1e00000fc0007ebfe9ed0737feebfff600,1,TX 41 seq=6513 rx_latency=1ms tx_dur=1ms,18.662,
2725,10,204,2857369804,2026-07-14T15:01:27.584308+00:00,20.300129,63392,41,0202aa5000ccf7a0005a5811460e29efbf1ffffffc2246cd1e00000fc0007ebfe9ed0737feebfff600,1,TX 41 seq=6514 rx_latency=1ms tx_dur=1ms,20.397,
2725,10,205,2857369805,2026-07-14T15:01:27.684315+00:00,20.400148,63492,41,0202aa5000cdf804005a5811460e29efbf1ffffffc2246cd1e00000fc0007ebfe9ed0737feebfff600,1,TX 41 seq=6515 rx_latency=1ms tx_dur=1ms,22.119,
2725,10,206,2857369806,2026-07-14T15:01:27.784311+00:00,20.500137,63592,41,0202aa5000cef868005a5811460e29efbf1ffffffc2246cd1e00000fc0007ebfe9ed0737feebfff600,1,TX 41 seq=6516 rx_latency=1ms tx_dur=1ms,14.992,
2725,10,207,2857369807,2026-07-14T15:01:27.884312+00:00,20.600140,63692,41,0202aa5000cff8cc005a5811460e29efbf1ffffffc2246cd1e00000fc0007ebfe9ed0737feebfff600,1,TX 41 seq=6517 rx_latency=1ms tx_dur=1ms,16.504,
2725,10,208,2857369808,2026-07-14T15:01:27.984316+00:00,20.700153,63792,41,0202aa5000d0f930005a5811460e29efbf1ffffffc2246cd1e00000fc0007ebfe9ed0737feebfff600,1,TX 41 seq=6518 rx_latency=1ms tx_dur=1ms,18.150,
2725,10,209,2857369809,2026-07-14T15:01:28.084309+00:00,20.800134,63892,41,0202aa5000d1f994005a5811460e29efbf1ffffffc2246cd1e00000fc0007ebfe9ed0737feebfff600,1,TX 41 seq=6519 rx_latency=1ms tx_dur=1ms,21.021,
2725,10,210,2857369810,2026-07-14T15:01:28.184315+00:00,20.900142,63992,41,0202aa5000d2f9f8005a5811460e29efbf1ffffffc2246cd1e00000fc0007ebfe9ed0737feebfff600,1,TX 41 seq=6520 rx_latency=1ms tx_dur=1ms,22.790,
2725,10,211,2857369811,2026-07-14T15:01:28.284308+00:00,21.000131,64092,41,0202aa5000d3fa5c005a5811460e29efbf1ffffffc2246cd1e00000fc0007ebfe9ed0737feebfff600,1,TX 41 seq=6521 rx_latency=1ms tx_dur=1ms,16.719,
2725,10,212,2857369812,2026-07-14T15:01:28.384315+00:00,21.100142,64192,41,0202aa5000d4fac0005a5811460e29efbf1ffffffc2246cd1e00000fc0007ebfe9ed0737feebfff600,1,TX 41 seq=6522 rx_latency=1ms tx_dur=1ms,17.074,
2725,10,213,2857369813,2026-07-14T15:01:28.484309+00:00,21.200133,64292,41,0202aa5000d5fb24005a5811460e29efbf1ffffffc2246cd1e00000fc0007ebfe9ed0737feebfff600,1,TX 41 seq=6523 rx_latency=1ms tx_dur=1ms,18.574,
2725,10,214,2857369814,2026-07-14T15:01:28.584317+00:00,21.300145,64392,41,0202aa5000d6fb88005a5811460e29efbf1ffffffc2246cd1e00000fc0007ebfe9ed0737feebfff600,1,TX 41 seq=6524 rx_latency=1ms tx_dur=1ms,20.273,
2725,10,215,2857369815,2026-07-14T15:01:28.684306+00:00,21.400128,64492,41,0202aa5000d7fbec005a5811460e29efbf1ffffffc2246cd1e00000fc0007ebfe9ed0737feebfff600,1,TX 41 seq=6525 rx_latency=1ms tx_dur=1ms,23.099,
2725,10,216,2857369816,2026-07-14T15:01:28.784320+00:00,21.500153,64592,41,0202aa5000d8fc50005a5811460e29efbf1ffffffc2246cd1e00000fc0007ebfe9ed0737feebfff600,1,TX 41 seq=6526 rx_latency=1ms tx_dur=1ms,14.863,
2725,10,217,2857369817,2026-07-14T15:01:28.884307+00:00,21.600130,64692,41,0202aa5000d9fcb4005a5811460e29efbf1ffffffc2246cd1e00000fc0007ebfe9ed0737feebfff600,1,TX 41 seq=6527 rx_latency=1ms tx_dur=1ms,16.401,
2725,10,218,2857369818,2026-07-14T15:01:28.984325+00:00,21.700168,64792,41,0202aa5000dafd18005a5811460e29efbf1ffffffc2246cd1e00000fc0007ebfe9ed0737feebfff600,1,TX 41 seq=6528 rx_latency=1ms tx_dur=1ms,18.055,
2725,10,219,2857369819,2026-07-14T15:01:29.084312+00:00,21.800139,64892,41,0202aa5000dbfd7c005a5811460e29efbf1ffffffc2246cd1e00000fc0007ebfe9ed0737feebfff600,1,TX 41 seq=6529 rx_latency=1ms tx_dur=1ms,20.901,
2725,10,220,2857369820,2026-07-14T15:01:29.184315+00:00,21.900142,64992,41,0202aa5000dcfde0005a5811460e29efbf1ffffffc2246cd1e00000fc0007ebfe9ed0737feebfff600,1,TX 41 seq=6530 rx_latency=1ms tx_dur=1ms,22.680,
2725,10,221,2857369821,2026-07-14T15:01:29.284306+00:00,22.000127,65092,41,0202aa5000ddfe44005a5811460e29efbf1ffffffc2246cd1e00000fc0007ebfe9ed0737feebfff600,1,TX 41 seq=6531 rx_latency=1ms tx_dur=1ms,14.263,
2725,10,222,2857369822,2026-07-14T15:01:29.384336+00:00,22.100192,65192,41,0202aa5000defea8005a5811460e29efbf1ffffffc2246cd1e00000fc0007ebfe9ed0737feebfff600,1,TX 41 seq=6532 rx_latency=1ms tx_dur=1ms,15.854,
2725,10,223,2857369823,2026-07-14T15:01:29.484311+00:00,22.200146,65292,41,0202aa5000dfff0c005a5811460e29efbf1ffffffc2246cd1e00000fc0007ebfe9ed0737feebfff600,1,TX 41 seq=6533 rx_latency=1ms tx_dur=1ms,18.737,
2725,10,224,2857369824,2026-07-14T15:01:29.584318+00:00,22.300146,65392,41,0202aa5000e0ff70005a5811460e29efbf1ffffffc2246cd1e00000fc0007ebfe9ed0737feebfff600,1,TX 41 seq=6534 rx_latency=1ms tx_dur=1ms,20.514,
2725,10,225,2857369825,2026-07-14T15:01:29.684306+00:00,22.400126,65492,41,0202aa5000e1ffd4005a5811460e29efbf1ffffffc2246cd1e00000fc0007ebfe9ed0737feebfff600,1,TX 41 seq=6535 rx_latency=1ms tx_dur=1ms,23.129,
2725,10,226,2857369826,2026-07-14T15:01:29.784316+00:00,22.500147,56,41,0202aa5000e20038005a5811460e29efbf1ffffffc2246cd1e00000fc0007ebfe9ed0737feebfff600,1,TX 41 seq=6536 rx_latency=1ms tx_dur=1ms,14.890,
2725,10,227,2857369827,2026-07-14T15:01:29.884309+00:00,22.600132,156,41,0202aa5000e3009c005a5811460e29efbf1ffffffc2246cd1e00000fc0007ebfe9ed0737feebfff600,1,TX 41 seq=6537 rx_latency=1ms tx_dur=1ms,16.624,
2725,10,228,2857369828,2026-07-14T15:01:29.984319+00:00,22.700151,256,41,0202aa5000e40100005a5811460e29efbf1ffffffc2246cd1e00000fc0007ebfe9ed0737feebfff600,1,TX 41 seq=6538 rx_latency=1ms tx_dur=1ms,18.359,
2725,10,229,2857369829,2026-07-14T15:01:30.084238+00:00,22.800069,356,41,0202aa5000e50164005a5811460e29efbf1ffffffc2246cd1e00000fc0007ebfe9ed0737feebfff600,1,TX 41 seq=6539 rx_latency=1ms tx_dur=1ms,20.993,
2725,10,230,2857369830,2026-07-14T15:01:30.184318+00:00,22.900149,456,41,0202aa5000e601c8005a5811460e29efbf1ffffffc2246cd1e00000fc0007ebfe9ed0737feebfff600,1,TX 41 seq=6540 rx_latency=1ms tx_dur=1ms,22.693,
2725,10,231,2857369831,2026-07-14T15:01:30.284237+00:00,23.000059,556,41,0202aa5000e7022c005a5811460e29efbf1ffffffc2246cd1e00000fc0007ebfe9ed0737feebfff600,1,TX 41 seq=6541 rx_latency=1ms tx_dur=1ms,14.550,
2725,10,232,2857369832,2026-07-14T15:01:30.384319+00:00,23.100147,656,41,0202aa5000e80290005a5811460e29efbf1ffffffc2246cd1e00000fc0007ebfe9ed0737feebfff600,1,TX 41 seq=6542 rx_latency=1ms tx_dur=1ms,16.188,
2725,10,233,2857369833,2026-07-14T15:01:30.484247+00:00,23.200069,756,41,0202aa5000e902f4005a5811460e29efbf1ffffffc2246cd1e00000fc0007ebfe9ed0737feebfff600,1,TX 41 seq=6543 rx_latency=1ms tx_dur=1ms,19.075,
2725,10,234,2857369834,2026-07-14T15:01:30.584317+00:00,23.300145,856,41,0202aa5000ea0358005a5811460e29efbf1ffffffc2246cd1e00000fc0007ebfe9ed0737feebfff600,1,TX 41 seq=6544 rx_latency=1ms tx_dur=1ms,20.529,
2725,10,235,2857369835,2026-07-14T15:01:30.684309+00:00,23.400131,956,41,0202aa5000eb03bc005a5811460e29efbf1ffffffc2246cd1e00000fc0007ebfe9ed0737feebfff600,1,TX 41 seq=6545 rx_latency=1ms tx_dur=1ms,22.221,
2725,10,236,2857369836,2026-07-14T15:01:30.784315+00:00,23.500141,1056,41,0202aa5000ec0420005a5811460e29efbf1ffffffc2246cd1e00000fc0007ebfe9ed0737feebfff600,1,TX 41 seq=6546 rx_latency=1ms tx_dur=1ms,14.030,
2725,10,237,2857369837,2026-07-14T15:01:30.884307+00:00,23.600131,1156,41,0202aa5000ed0484005a5811460e29efbf1ffffffc2246cd1e00000fc0007ebfe9ed0737feebfff600,1,TX 41 seq=6547 rx_latency=1ms tx_dur=1ms,16.849,
2725,10,238,2857369838,2026-07-14T15:01:30.984315+00:00,23.700142,1256,41,0202aa5000ee04e8005a5811460e29efbf1ffffffc2246cd1e00000fc0007ebfe9ed0737feebfff600,1,TX 41 seq=6548 rx_latency=1ms tx_dur=1ms,18.384,
2725,10,239,2857369839,2026-07-14T15:01:31.084245+00:00,23.800066,1356,41,0202aa5000ef054c005a5811460e29efbf1ffffffc2246cd1e00000fc0007ebfe9ed0737feebfff600,1,TX 41 seq=6549 rx_latency=1ms tx_dur=1ms,20.146,
2725,10,240,2857369840,2026-07-14T15:01:31.184316+00:00,23.900143,1456,41,0202aa5000f005b0005a5811460e29efbf1ffffffc2246cd1e00000fc0007ebfe9ed0737feebfff600,1,TX 41 seq=6550 rx_latency=1ms tx_dur=1ms,22.978,
2725,10,241,2857369841,2026-07-14T15:01:31.284318+00:00,24.000156,1556,41,0202aa5000f10614005a5811460e29efbf1ffffffc2246cd1e00000fc0007ebfe9ed0737feebfff600,1,TX 41 seq=6551 rx_latency=1ms tx_dur=1ms,16.804,
2725,10,242,2857369842,2026-07-14T15:01:31.384316+00:00,24.100146,1656,41,0202aa5000f20678005a5811460e29efbf1ffffffc2246cd1e00000fc0007ebfe9ed0737feebfff600,1,TX 41 seq=6552 rx_latency=1ms tx_dur=1ms,16.073,
2725,10,243,2857369843,2026-07-14T15:01:31.484307+00:00,24.200131,1756,41,0202aa5000f306dc005a5811460e29efbf1ffffffc2246cd1e00000fc0007ebfe9ed0737feebfff600,1,TX 41 seq=6553 rx_latency=1ms tx_dur=1ms,18.684,
2725,10,244,2857369844,2026-07-14T15:01:31.584316+00:00,24.300142,1856,41,0202aa5000f40740005a5811460e29efbf1ffffffc2246cd1e00000fc0007ebfe9ed0737feebfff600,1,TX 41 seq=6554 rx_latency=1ms tx_dur=1ms,20.429,
2725,10,245,2857369845,2026-07-14T15:01:31.684327+00:00,24.400180,1956,41,0202aa5000f507a4005a5811460e29efbf1ffffffc2246cd1e00000fc0007ebfe9ed0737feebfff600,1,TX 41 seq=6555 rx_latency=1ms tx_dur=1ms,21.979,
2725,10,246,2857369846,2026-07-14T15:01:31.784313+00:00,24.500142,2056,41,0202aa5000f60808005a5811460e29efbf1ffffffc2246cd1e00000fc0007ebfe9ed0737feebfff600,1,TX 41 seq=6556 rx_latency=1ms tx_dur=1ms,14.995,
2725,10,247,2857369847,2026-07-14T15:01:31.884315+00:00,24.600148,2156,41,0202aa5000f7086c005a5811460e29efbf1ffffffc2246cd1e00000fc0007ebfe9ed0737feebfff600,1,TX 41 seq=6557 rx_latency=1ms tx_dur=1ms,16.609,
2725,10,248,2857369848,2026-07-14T15:01:31.984311+00:00,24.700136,2256,41,0202aa5000f808d0005a5811460e29efbf1ffffffc2246cd1e00000fc0007ebfe9ed0737feebfff600,1,TX 41 seq=6558 rx_latency=1ms tx_dur=1ms,18.101,
2725,10,249,2857369849,2026-07-14T15:01:32.084312+00:00,24.800138,2356,41,0202aa5000f90934005a5811460e29efbf1ffffffc2246cd1e00000fc0007ebfe9ed0737feebfff600,1,TX 41 seq=6559 rx_latency=1ms tx_dur=1ms,20.779,
2725,10,250,2857369850,2026-07-14T15:01:32.184308+00:00,24.900132,2456,41,0202aa5000fa0998005a5811460e29efbf1ffffffc2246cd1e00000fc0007ebfe9ed0737feebfff600,1,TX 41 seq=6560 rx_latency=1ms tx_dur=1ms,22.419,
2725,10,251,2857369851,2026-07-14T15:01:32.284315+00:00,25.000145,2556,41,0202aa5000fb09fc005a5811460e29efbf1ffffffc2246cd1e00000fc0007ebfe9ed0737feebfff600,1,TX 41 seq=6561 rx_latency=1ms tx_dur=1ms,14.211,
2725,10,252,2857369852,2026-07-14T15:01:32.384308+00:00,25.100132,2656,41,0202aa5000fc0a60005a5811460e29efbf1ffffffc2246cd1e00000fc0007ebfe9ed0737feebfff600,1,TX 41 seq=6562 rx_latency=1ms tx_dur=1ms,17.091,
2725,10,253,2857369853,2026-07-14T15:01:32.484311+00:00,25.200138,2756,41,0202aa5000fd0ac4005a5811460e29efbf1ffffffc2246cd1e00000fc0007ebfe9ed0737feebfff600,1,TX 41 seq=6563 rx_latency=1ms tx_dur=1ms,18.585,
2725,10,254,2857369854,2026-07-14T15:01:32.584309+00:00,25.300130,2856,41,0202aa5000fe0b28005a5811460e29efbf1ffffffc2246cd1e00000fc0007ebfe9ed0737feebfff600,1,TX 41 seq=6564 rx_latency=1ms tx_dur=1ms,20.288,
2725,10,255,2857369855,2026-07-14T15:01:32.684312+00:00,25.400138,2956,41,0202aa5000ff0b8c005a5811460e29efbf1ffffffc2246cd1e00000fc0007ebfe9ed0737feebfff600,1,TX 41 seq=6565 rx_latency=1ms tx_dur=1ms,22.041,
2725,10,256,2857369856,2026-07-14T15:01:32.784308+00:00,25.500130,3056,41,0202aa5001000bf0005a5811460e29efbf1ffffffc2246cd1e00000fc0007ebfe9ed0737feebfff600,1,TX 41 seq=6566 rx_latency=1ms tx_dur=1ms,14.912,
2725,10,257,2857369857,2026-07-14T15:01:32.884315+00:00,25.600141,3156,41,0202aa5001010c54005a5811460e29efbf1ffffffc2246cd1e00000fc0007ebfe9ed0737feebfff600,1,TX 41 seq=6567 rx_latency=1ms tx_dur=1ms,16.414,
2725,10,258,2857369858,2026-07-14T15:01:32.984308+00:00,25.700129,3256,41,0202aa5001020cb8005a5811460e29efbf1ffffffc2246cd1e00000fc0007ebfe9ed0737feebfff600,1,TX 41 seq=6568 rx_latency=1ms tx_dur=1ms,18.135,
2725,10,259,2857369859,2026-07-14T15:01:33.084313+00:00,25.800137,3356,41,0202aa5001030d1c005a5811460e29efbf1ffffffc2246cd1e00000fc0007ebfe9ed0737feebfff600,1,TX 41 seq=6569 rx_latency=1ms tx_dur=1ms,20.981,
2725,10,260,2857369860,2026-07-14T15:01:33.184308+00:00,25.900130,3456,41,0202aa5001040d80005a5811460e29efbf1ffffffc2246cd1e00000fc0007ebfe9ed0737feebfff600,1,TX 41 seq=6570 rx_latency=1ms tx_dur=1ms,22.655,
2725,10,261,2857369861,2026-07-14T15:01:33.284335+00:00,26.000194,3556,41,0202aa5001050de4005a5811460e29efbf1ffffffc2246cd1e00000fc0007ebfe9ed0737feebfff600,1,TX 41 seq=6571 rx_latency=1ms tx_dur=1ms,14.117,
2725,10,262,2857369862,2026-07-14T15:01:33.384314+00:00,26.100148,3656,41,0202aa5001060e48005a5811460e29efbf1ffffffc2246cd1e00000fc0007ebfe9ed0737feebfff600,1,TX 41 seq=6572 rx_latency=1ms tx_dur=1ms,17.088,
2725,10,263,2857369863,2026-07-14T15:01:33.484315+00:00,26.200146,3756,41,0202aa5001070eac005a5811460e29efbf1ffffffc2246cd1e00000fc0007ebfe9ed0737feebfff600,1,TX 41 seq=6573 rx_latency=1ms tx_dur=1ms,18.797,
2725,10,264,2857369864,2026-07-14T15:01:33.584309+00:00,26.300132,3856,41,0202aa5001080f10005a5811460e29efbf1ffffffc2246cd1e00000fc0007ebfe9ed0737feebfff600,1,TX 41 seq=6574 rx_latency=1ms tx_dur=1ms,20.511,
2725,10,265,2857369865,2026-07-14T15:01:33.684313+00:00,26.400138,3956,41,0202aa5001090f74005a5811460e29efbf1ffffffc2246cd1e00000fc0007ebfe9ed0737feebfff600,1,TX 41 seq=6575 rx_latency=1ms tx_dur=1ms,22.301,
2725,10,266,2857369866,2026-07-14T15:01:33.784314+00:00,26.500144,4056,41,0202aa50010a0fd8005a5811460e29efbf1ffffffc2246cd1e00000fc0007ebfe9ed0737feebfff600,1,TX 41 seq=6576 rx_latency=1ms tx_dur=1ms,14.916,
2725,10,267,2857369867,2026-07-14T15:01:33.884305+00:00,26.600127,4156,41,0202aa50010b103c005a5811460e29efbf1ffffffc2246cd1e00000fc0007ebfe9ed0737feebfff600,1,TX 41 seq=6577 rx_latency=1ms tx_dur=1ms,16.430,
2725,10,268,2857369868,2026-07-14T15:01:33.984317+00:00,26.700146,4256,41,0202aa50010c10a0005a5811460e29efbf1ffffffc2246cd1e00000fc0007ebfe9ed0737feebfff600,1,TX 41 seq=6578 rx_latency=1ms tx_dur=1ms,18.144,
2725,10,269,2857369869,2026-07-14T15:01:34.084305+00:00,26.800127,4356,41,0202aa50010d1104005a5811460e29efbf1ffffffc2246cd1e00000fc0007ebfe9ed0737feebfff600,1,TX 41 seq=6579 rx_latency=1ms tx_dur=1ms,20.962,
2725,10,270,2857369870,2026-07-14T15:01:34.184330+00:00,26.900183,4456,41,0202aa50010e1168005a5811460e29efbf1ffffffc2246cd1e00000fc0007ebfe9ed0737feebfff600,1,TX 41 seq=6580 rx_latency=1ms tx_dur=1ms,22.528,
2725,10,271,2857369871,2026-07-14T15:01:34.284322+00:00,27.000158,4556,41,0202aa50010f11cc005a5811460e29efbf1ffffffc2246cd1e00000fc0007ebfe9ed0737feebfff600,1,TX 41 seq=6581 rx_latency=1ms tx_dur=1ms,14.223,
2725,10,272,2857369872,2026-07-14T15:01:34.384309+00:00,27.100134,4656,41,0202aa5001101230005a5811460e29efbf1ffffffc2246cd1e00000fc0007ebfe9ed0737feebfff600,1,TX 41 seq=6582 rx_latency=1ms tx_dur=1ms,17.144,
2725,10,273,2857369873,2026-07-14T15:01:34.484316+00:00,27.200148,4756,41,0202aa5001111294005a5811460e29efbf1ffffffc2246cd1e00000fc0007ebfe9ed0737feebfff600,1,TX 41 seq=6583 rx_latency=1ms tx_dur=1ms,18.805,
2725,10,274,2857369874,2026-07-14T15:01:34.584306+00:00,27.300137,4856,41,0202aa50011212f8005a5811460e29efbf1ffffffc2246cd1e00000fc0007ebfe9ed0737feebfff600,1,TX 41 seq=6584 rx_latency=1ms tx_dur=1ms,20.495,
2725,10,275,2857369875,2026-07-14T15:01:34.684240+00:00,27.400071,4956,41,0202aa500113135c005a5811460e29efbf1ffffffc2246cd1e00000fc0007ebfe9ed0737feebfff600,1,TX 41 seq=6585 rx_latency=1ms tx_dur=1ms,22.226,
2725,10,276,2857369876,2026-07-14T15:01:34.784316+00:00,27.500143,5056,41,0202aa50011413c0005a5811460e29efbf1ffffffc2246cd1e00000fc0007ebfe9ed0737feebfff600,1,TX 41 seq=6586 rx_latency=1ms tx_dur=1ms,14.791,
2725,10,277,2857369877,2026-07-14T15:01:34.884309+00:00,27.600135,5156,41,0202aa5001151424005a5811460e29efbf1ffffffc2246cd1e00000fc0007ebfe9ed0737feebfff600,1,TX 41 seq=6587 rx_latency=1ms tx_dur=1ms,16.297,
2725,10,278,2857369878,2026-07-14T15:01:34.984269+00:00,27.700099,5256,41,0202aa5001161488005a5811460e29efbf1ffffffc2246cd1e00000fc0007ebfe9ed0737feebfff600,1,TX 41 seq=6588 rx_latency=1ms tx_dur=1ms,18.074,
2725,10,279,2857369879,2026-07-14T15:01:35.084308+00:00,27.800136,5356,41,0202aa50011714ec005a5811460e29efbf1ffffffc2246cd1e00000fc0007ebfe9ed0737feebfff600,1,TX 41 seq=6589 rx_latency=1ms tx_dur=1ms,20.822,
2725,10,280,2857369880,2026-07-14T15:01:35.184316+00:00,27.900143,5456,41,0202aa5001181550005a5811460e29efbf1ffffffc2246cd1e00000fc0007ebfe9ed0737feebfff600,1,TX 41 seq=6590 rx_latency=1ms tx_dur=1ms,22.593,
2725,10,281,2857369881,2026-07-14T15:01:35.284309+00:00,28.000135,5556,41,0202aa50011915b4005a5811460e29efbf1ffffffc2246cd1e00000fc0007ebfe9ed0737feebfff600,1,TX 41 seq=6591 rx_latency=1ms tx_dur=1ms,14.156,
2725,10,282,2857369882,2026-07-14T15:01:35.384274+00:00,28.100104,5656,41,0202aa50011a1618005a5811460e29efbf1ffffffc2246cd1e00000fc0007ebfe9ed0737feebfff600,1,TX 41 seq=6592 rx_latency=1ms tx_dur=1ms,17.016,
2725,10,283,2857369883,2026-07-14T15:01:35.484305+00:00,28.200129,5756,41,0202aa50011b167c005a5811460e29efbf1ffffffc2246cd1e00000fc0007ebfe9ed0737feebfff600,1,TX 41 seq=6593 rx_latency=1ms tx_dur=1ms,18.692,
2725,10,284,2857369884,2026-07-14T15:01:35.584329+00:00,28.300174,5856,41,0202aa50011c16e0005a5811460e29efbf1ffffffc2246cd1e00000fc0007ebfe9ed0737feebfff600,1,TX 41 seq=6594 rx_latency=1ms tx_dur=1ms,20.358,
2725,10,285,2857369885,2026-07-14T15:01:35.684307+00:00,28.400141,5956,41,0202aa50011d1744005a5811460e29efbf1ffffffc2246cd1e00000fc0007ebfe9ed0737feebfff600,1,TX 41 seq=6595 rx_latency=1ms tx_dur=1ms,22.978,
2725,10,286,2857369886,2026-07-14T15:01:35.784315+00:00,28.500142,6056,41,0202aa50011e17a8005a5811460e29efbf1ffffffc2246cd1e00000fc0007ebfe9ed0737feebfff600,1,TX 41 seq=6596 rx_latency=1ms tx_dur=1ms,14.812,
2725,10,287,2857369887,2026-07-14T15:01:35.884305+00:00,28.600127,6156,41,0202aa50011f180c005a5811460e29efbf1ffffffc2246cd1e00000fc0007ebfe9ed0737feebfff600,1,TX 41 seq=6597 rx_latency=1ms tx_dur=1ms,16.546,
2725,10,288,2857369888,2026-07-14T15:01:35.984320+00:00,28.700154,6256,41,0202aa5001201870005a5811460e29efbf1ffffffc2246cd1e00000fc0007ebfe9ed0737feebfff600,1,TX 41 seq=6598 rx_latency=1ms tx_dur=1ms,18.251,
2725,10,289,2857369889,2026-07-14T15:01:36.084310+00:00,28.800133,6356,41,0202aa50012118d4005a5811460e29efbf1ffffffc2246cd1e00000fc0007ebfe9ed0737feebfff600,1,TX 41 seq=6599 rx_latency=1ms tx_dur=1ms,20.866,
2725,10,290,2857369890,2026-07-14T15:01:36.184316+00:00,28.900148,6456,41,0202aa5001221938005a5811460e29efbf1ffffffc2246cd1e00000fc0007ebfe9ed0737feebfff600,1,TX 41 seq=6600 rx_latency=1ms tx_dur=1ms,22.612,
2725,10,291,2857369891,2026-07-14T15:01:36.284305+00:00,29.000128,6556,41,0202aa500123199c005a5811460e29efbf1ffffffc2246cd1e00000fc0007ebfe9ed0737feebfff600,1,TX 41 seq=6601 rx_latency=1ms tx_dur=1ms,14.400,
2725,10,292,2857369892,2026-07-14T15:01:36.384314+00:00,29.100140,6656,41,0202aa5001241a00005a5811460e29efbf1ffffffc2246cd1e00000fc0007ebfe9ed0737feebfff600,1,TX 41 seq=6602 rx_latency=1ms tx_dur=1ms,16.103,
2725,10,293,2857369893,2026-07-14T15:01:36.484236+00:00,29.200063,6756,41,0202aa5001251a64005a5811460e29efbf1ffffffc2246cd1e00000fc0007ebfe9ed0737feebfff600,1,TX 41 seq=6603 rx_latency=1ms tx_dur=1ms,19.105,
2725,10,294,2857369894,2026-07-14T15:01:36.584315+00:00,29.300142,6856,41,0202aa5001261ac8005a5811460e29efbf1ffffffc2246cd1e00000fc0007ebfe9ed0737feebfff600,1,TX 41 seq=6604 rx_latency=1ms tx_dur=1ms,20.587,
2725,10,295,2857369895,2026-07-14T15:01:36.684309+00:00,29.400135,6956,41,0202aa5001271b2c005a5811460e29efbf1ffffffc2246cd1e00000fc0007ebfe9ed0737feebfff600,1,TX 41 seq=6605 rx_latency=1ms tx_dur=1ms,22.264,
2725,10,296,2857369896,2026-07-14T15:01:36.784314+00:00,29.500141,7056,41,0202aa5001281b90005a5811460e29efbf1ffffffc2246cd1e00000fc0007ebfe9ed0737feebfff600,1,TX 41 seq=6606 rx_latency=1ms tx_dur=1ms,14.075,
2725,10,297,2857369897,2026-07-14T15:01:36.884308+00:00,29.600128,7156,41,0202aa5001291bf4005a5811460e29efbf1ffffffc2246cd1e00000fc0007ebfe9ed0737feebfff600,1,TX 41 seq=6607 rx_latency=1ms tx_dur=1ms,16.910,
2725,10,298,2857369898,2026-07-14T15:01:36.984317+00:00,29.700149,7256,41,0202aa50012a1c58005a5811460e29efbf1ffffffc2246cd1e00000fc0007ebfe9ed0737feebfff600,1,TX 41 seq=6608 rx_latency=1ms tx_dur=1ms,18.402,
2725,10,299,2857369899,2026-07-14T15:01:37.084308+00:00,29.800131,7356,41,0202aa50012b1cbc005a5811460e29efbf1ffffffc2246cd1e00000fc0007ebfe9ed0737feebfff600,1,TX 41 seq=6609 rx_latency=1ms tx_dur=1ms,20.114,
2725,10,300,2857369900,2026-07-14T15:01:37.184316+00:00,29.900140,7456,41,0202aa50012c1d20005a5811460e29efbf1ffffffc2246cd1e00000fc0007ebfe9ed0737feebfff600,1,TX 41 seq=6610 rx_latency=1ms tx_dur=1ms,22.981,
2725,10,301,2857369901,2026-07-14T15:01:37.284317+00:00,30.000148,7556,41,0202aa50012d1d84005a5811460e29efbf1ffffffc2246cd1e00000fc0007ebfe9ed0737feebfff600,1,TX 41 seq=6611 rx_latency=1ms tx_dur=1ms,14.697,
2725,10,302,2857369902,2026-07-14T15:01:37.384318+00:00,30.100149,7656,41,0202aa50012e1de8005a5811460e29efbf1ffffffc2246cd1e00000fc0007ebfe9ed0737feebfff600,1,TX 41 seq=6612 rx_latency=1ms tx_dur=1ms,16.241,
2725,10,303,2857369903,2026-07-14T15:01:37.484312+00:00,30.200139,7756,41,0202aa50012f1e4c005a5811460e29efbf1ffffffc2246cd1e00000fc0007ebfe9ed0737feebfff600,1,TX 41 seq=6613 rx_latency=1ms tx_dur=1ms,19.051,
2725,10,304,2857369904,2026-07-14T15:01:37.584314+00:00,30.300141,7856,41,0202aa5001301eb0005a5811460e29efbf1ffffffc2246cd1e00000fc0007ebfe9ed0737feebfff600,1,TX 41 seq=6614 rx_latency=1ms tx_dur=1ms,20.816,
2725,10,305,2857369905,2026-07-14T15:01:37.684330+00:00,30.400188,7956,41,0202aa5001311f14005a5811460e29efbf1ffffffc2246cd1e00000fc0007ebfe9ed0737feebfff600,1,TX 41 seq=6615 rx_latency=1ms tx_dur=1ms,22.311,
2725,10,306,2857369906,2026-07-14T15:01:37.784316+00:00,30.500156,8056,41,0202aa5001321f78005a5811460e29efbf1ffffffc2246cd1e00000fc0007ebfe9ed0737feebfff600,1,TX 41 seq=6616 rx_latency=1ms tx_dur=1ms,14.983,
2725,10,307,2857369907,2026-07-14T15:01:37.884311+00:00,30.600144,8156,41,0202aa5001331fdc005a5811460e29efbf1ffffffc2246cd1e00000fc0007ebfe9ed0737feebfff600,1,TX 41 seq=6617 rx_latency=1ms tx_dur=1ms,16.693,
2725,10,308,2857369908,2026-07-14T15:01:37.984317+00:00,30.700148,8256,41,0202aa5001342040005a5811460e29efbf1ffffffc2246cd1e00000fc0007ebfe9ed0737feebfff600,1,TX 41 seq=6618 rx_latency=1ms tx_dur=1ms,18.138,
2725,10,309,2857369909,2026-07-14T15:01:38.084308+00:00,30.800133,8356,41,0202aa50013520a4005a5811460e29efbf1ffffffc2246cd1e00000fc0007ebfe9ed0737feebfff600,1,TX 41 seq=6619 rx_latency=1ms tx_dur=1ms,20.774,
2725,10,310,2857369910,2026-07-14T15:01:38.184319+00:00,30.900152,8456,41,0202aa5001362108005a5811460e29efbf1ffffffc2246cd1e00000fc0007ebfe9ed0737feebfff600,1,TX 41 seq=6620 rx_latency=1ms tx_dur=1ms,22.512,
2725,10,311,2857369911,2026-07-14T15:01:38.284323+00:00,31.000164,8556,41,0202aa500137216c005a5811460e29efbf1ffffffc2246cd1e00000fc0007ebfe9ed0737feebfff600,1,TX 41 seq=6621 rx_latency=1ms tx_dur=1ms,14.166,
2725,10,312,2857369912,2026-07-14T15:01:38.384319+00:00,31.100150,8656,41,0202aa50013821d0005a5811460e29efbf1ffffffc2246cd1e00000fc0007ebfe9ed0737feebfff600,1,TX 41 seq=6622 rx_latency=1ms tx_dur=1ms,15.976,
2725,10,313,2857369913,2026-07-14T15:01:38.484307+00:00,31.200130,8756,41,0202aa5001392234005a5811460e29efbf1ffffffc2246cd1e00000fc0007ebfe9ed0737feebfff600,1,TX 41 seq=6623 rx_latency=1ms tx_dur=1ms,18.619,
2725,10,314,2857369914,2026-07-14T15:01:38.584318+00:00,31.300149,8856,41,0202aa50013a2298005a5811460e29efbf1ffffffc2246cd1e00000fc0007ebfe9ed0737feebfff600,1,TX 41 seq=6624 rx_latency=1ms tx_dur=1ms,20.332,
2725,10,315,2857369915,2026-07-14T15:01:38.684308+00:00,31.400133,8956,41,0202aa50013b22fc005a5811460e29efbf1ffffffc2246cd1e00000fc0007ebfe9ed0737feebfff600,1,TX 41 seq=6625 rx_latency=1ms tx_dur=1ms,23.111,
2725,10,316,2857369916,2026-07-14T15:01:38.784321+00:00,31.500153,9056,41,0202aa50013c2360005a5811460e29efbf1ffffffc2246cd1e00000fc0007ebfe9ed0737feebfff600,1,TX 41 seq=6626 rx_latency=1ms tx_dur=1ms,14.918,
2725,10,317,2857369917,2026-07-14T15:01:38.884317+00:00,31.600159,9156,41,0202aa50013d23c4005a5811460e29efbf1ffffffc2246cd1e00000fc0007ebfe9ed0737feebfff600,1,TX 41 seq=6627 rx_latency=1ms tx_dur=1ms,16.381,
2725,10,318,2857369918,2026-07-14T15:01:38.984312+00:00,31.700138,9256,41,0202aa50013e2428005a5811460e29efbf1ffffffc2246cd1e00000fc0007ebfe9ed0737feebfff600,1,TX 41 seq=6628 rx_latency=1ms tx_dur=1ms,18.154,
2725,10,319,2857369919,2026-07-14T15:01:39.084317+00:00,31.800146,9356,41,0202aa50013f248c005a5811460e29efbf1ffffffc2246cd1e00000fc0007ebfe9ed0737feebfff600,1,TX 41 seq=6629 rx_latency=1ms tx_dur=1ms,21.010,
2725,10,320,2857369920,2026-07-14T15:01:39.184309+00:00,31.900130,9456,41,0202aa50014024f0005a5811460e29efbf1ffffffc2246cd1e00000fc0007ebfe9ed0737feebfff600,1,TX 41 seq=6630 rx_latency=1ms tx_dur=1ms,22.694,
2725,10,321,2857369921,2026-07-14T15:01:39.284312+00:00,32.000137,9556,41,0202aa5001412554005a5811460e29efbf1ffffffc2246cd1e00000fc0007ebfe9ed0737feebfff600,1,TX 41 seq=6631 rx_latency=1ms tx_dur=1ms,14.297,
2725,10,322,2857369922,2026-07-14T15:01:39.384311+00:00,32.100140,9656,41,0202aa50014225b8005a5811460e29efbf1ffffffc2246cd1e00000fc0007ebfe9ed0737feebfff600,1,TX 41 seq=6632 rx_latency=1ms tx_dur=1ms,17.108,
2725,10,323,2857369923,2026-07-14T15:01:39.484316+00:00,32.200145,9756,41,0202aa500143261c005a5811460e29efbf1ffffffc2246cd1e00000fc0007ebfe9ed0737feebfff600,1,TX 41 seq=6633 rx_latency=1ms tx_dur=1ms,18.849,
2725,10,324,2857369924,2026-07-14T15:01:39.584308+00:00,32.300130,9856,41,0202aa5001442680005a5811460e29efbf1ffffffc2246cd1e00000fc0007ebfe9ed0737feebfff600,1,TX 41 seq=6634 rx_latency=1ms tx_dur=1ms,20.533,
2725,10,325,2857369925,2026-07-14T15:01:39.684314+00:00,32.400146,9956,41,0202aa50014526e4005a5811460e29efbf1ffffffc2246cd1e00000fc0007ebfe9ed0737feebfff600,1,TX 41 seq=6635 rx_latency=1ms tx_dur=1ms,22.194,
2725,10,326,2857369926,2026-07-14T15:01:39.784315+00:00,32.500141,10056,41,0202aa5001462748005a5811460e29efbf1ffffffc2246cd1e00000fc0007ebfe9ed0737feebfff600,1,TX 41 seq=6636 rx_latency=1ms tx_dur=1ms,14.829,
2725,10,327,2857369927,2026-07-14T15:01:39.884314+00:00,32.600149,10156,41,0202aa50014727ac005a5811460e29efbf1ffffffc2246cd1e00000fc0007ebfe9ed0737feebfff600,1,TX 41 seq=6637 rx_latency=1ms tx_dur=1ms,16.315,
2725,10,328,2857369928,2026-07-14T15:01:39.984318+00:00,32.700147,10256,41,0202aa5001482810005a5811460e29efbf1ffffffc2246cd1e00000fc0007ebfe9ed0737feebfff600,1,TX 41 seq=6638 rx_latency=1ms tx_dur=1ms,18.045,
2725,10,329,2857369929,2026-07-14T15:01:40.084320+00:00,32.800165,10356,41,0202aa5001492874005a5811460e29efbf1ffffffc2246cd1e00000fc0007ebfe9ed0737feebfff600,1,TX 41 seq=6639 rx_latency=1ms tx_dur=1ms,20.782,
2725,10,330,2857369930,2026-07-14T15:01:40.184318+00:00,32.900150,10456,41,0202aa50014a28d8005a5811460e29efbf1ffffffc2246cd1e00000fc0007ebfe9ed0737feebfff600,1,TX 41 seq=6640 rx_latency=1ms tx_dur=1ms,22.608,
2725,10,331,2857369931,2026-07-14T15:01:40.284318+00:00,33.000157,10556,41,0202aa50014b293c005a5811460e29efbf1ffffffc2246cd1e00000fc0007ebfe9ed0737feebfff600,1,TX 41 seq=6641 rx_latency=1ms tx_dur=1ms,14.137,
2725,10,332,2857369932,2026-07-14T15:01:40.384316+00:00,33.100152,10656,41,0202aa50014c29a0005a5811460e29efbf1ffffffc2246cd1e00000fc0007ebfe9ed0737feebfff600,1,TX 41 seq=6642 rx_latency=1ms tx_dur=1ms,16.982,
2725,10,333,2857369933,2026-07-14T15:01:40.484312+00:00,33.200145,10756,41,0202aa50014d2a04005a5811460e29efbf1ffffffc2246cd1e00000fc0007ebfe9ed0737feebfff600,1,TX 41 seq=6643 rx_latency=1ms tx_dur=1ms,18.698,
2725,10,334,2857369934,2026-07-14T15:01:40.584320+00:00,33.300156,10856,41,0202aa50014e2a68005a5811460e29efbf1ffffffc2246cd1e00000fc0007ebfe9ed0737feebfff600,1,TX 41 seq=6644 rx_latency=1ms tx_dur=1ms,20.434,
2725,10,335,2857369935,2026-07-14T15:01:40.684310+00:00,33.400135,10956,41,0202aa50014f2acc005a5811460e29efbf1ffffffc2246cd1e00000fc0007ebfe9ed0737feebfff600,1,TX 41 seq=6645 rx_latency=1ms tx_dur=1ms,23.030,
2725,10,336,2857369936,2026-07-14T15:01:40.784318+00:00,33.500150,11056,41,0202aa5001502b30005a5811460e29efbf1ffffffc2246cd1e00000fc0007ebfe9ed0737feebfff600,1,TX 41 seq=6646 rx_latency=1ms tx_dur=1ms,14.831,
2725,10,337,2857369937,2026-07-14T15:01:40.884312+00:00,33.600138,11156,41,0202aa5001512b94005a5811460e29efbf1ffffffc2246cd1e00000fc0007ebfe9ed0737feebfff600,1,TX 41 seq=6647 rx_latency=1ms tx_dur=1ms,16.587,
2725,10,338,2857369938,2026-07-14T15:01:40.984314+00:00,33.700139,11256,41,0202aa5001522bf8005a5811460e29efbf1ffffffc2246cd1e00000fc0007ebfe9ed0737feebfff600,1,TX 41 seq=6648 rx_latency=1ms tx_dur=1ms,18.321,
2725,10,339,2857369939,2026-07-14T15:01:41.084319+00:00,33.800156,11356,41,0202aa5001532c5c005a5811460e29efbf1ffffffc2246cd1e00000fc0007ebfe9ed0737feebfff600,1,TX 41 seq=6649 rx_latency=1ms tx_dur=1ms,20.993,
2725,10,340,2857369940,2026-07-14T15:01:41.184319+00:00,33.900148,11456,41,0202aa5001542cc0005a5811460e29efbf1ffffffc2246cd1e00000fc0007ebfe9ed0737feebfff600,1,TX 41 seq=6650 rx_latency=1ms tx_dur=1ms,22.530,
2725,10,341,2857369941,2026-07-14T15:01:41.284298+00:00,34.000121,11556,41,0202aa5001552d24005a5811460e29efbf1ffffffc2246cd1e00000fc0007ebfe9ed0737feebfff600,1,TX 41 seq=6651 rx_latency=1ms tx_dur=1ms,14.086,
2725,10,342,2857369942,2026-07-14T15:01:41.384329+00:00,34.100157,11656,41,0202aa5001562d88005a5811460e29efbf1ffffffc2246cd1e00000fc0007ebfe9ed0737feebfff600,1,TX 41 seq=6652 rx_latency=1ms tx_dur=1ms,16.880,
2725,10,343,2857369943,2026-07-14T15:01:41.484310+00:00,34.200212,11756,41,0202aa5001572dec005a5811460e29efbf1ffffffc2246cd1e00000fc0007ebfe9ed0737feebfff600,1,TX 41 seq=6653 rx_latency=1ms tx_dur=1ms,18.493,
2725,10,344,2857369944,2026-07-14T15:01:41.584320+00:00,34.300152,11856,41,0202aa5001582e50005a5811460e29efbf1ffffffc2246cd1e00000fc0007ebfe9ed0737feebfff600,1,TX 41 seq=6654 rx_latency=1ms tx_dur=1ms,20.121,
2725,10,345,2857369945,2026-07-14T15:01:41.684244+00:00,34.400071,11956,41,0202aa5001592eb4005a5811460e29efbf1ffffffc2246cd1e00000fc0007ebfe9ed0737feebfff600,1,TX 41 seq=6655 rx_latency=1ms tx_dur=1ms,22.891,
2725,10,346,2857369946,2026-07-14T15:01:41.784318+00:00,34.500143,12056,41,0202aa50015a2f18005a5811460e29efbf1ffffffc2246cd1e00000fc0007ebfe9ed0737feebfff600,1,TX 41 seq=6656 rx_latency=1ms tx_dur=1ms,16.671,
2725,10,347,2857369947,2026-07-14T15:01:41.884310+00:00,34.600131,12156,41,0202aa50015b2f7c005a5811460e29efbf1ffffffc2246cd1e00000fc0007ebfe9ed0737feebfff600,1,TX 41 seq=6657 rx_latency=1ms tx_dur=1ms,17.141,
2725,10,348,2857369948,2026-07-14T15:01:41.984313+00:00,34.700138,12256,41,0202aa50015c2fe0005a5811460e29efbf1ffffffc2246cd1e00000fc0007ebfe9ed0737feebfff600,1,TX 41 seq=6658 rx_latency=1ms tx_dur=1ms,18.593,
2725,10,349,2857369949,2026-07-14T15:01:42.084348+00:00,34.800183,12356,41,0202aa50015d3044005a5811460e29efbf1ffffffc2246cd1e00000fc0007ebfe9ed0737feebfff600,1,TX 41 seq=6659 rx_latency=1ms tx_dur=1ms,20.298,
2725,10,350,2857369950,2026-07-14T15:01:42.184263+00:00,34.900093,12456,41,0202aa50015e30a8005a5811460e29efbf1ffffffc2246cd1e00000fc0007ebfe9ed0737feebfff600,1,TX 41 seq=6660 rx_latency=1ms tx_dur=1ms,23.062,
2725,10,351,2857369951,2026-07-14T15:01:42.284322+00:00,35.000165,12556,41,0202aa50015f310c005a5811460e29efbf1ffffffc2246cd1e00000fc0007ebfe9ed0737feebfff600,1,TX 41 seq=6661 rx_latency=1ms tx_dur=1ms,14.915,
2725,10,352,2857369952,2026-07-14T15:01:42.384326+00:00,35.100171,12656,41,0202aa5001603170005a5811460e29efbf1ffffffc2246cd1e00000fc0007ebfe9ed0737feebfff600,1,TX 41 seq=6662 rx_latency=1ms tx_dur=1ms,16.269,
2725,10,353,2857369953,2026-07-14T15:01:42.484311+00:00,35.200138,12756,41,0202aa50016131d4005a5811460e29efbf1ffffffc2246cd1e00000fc0007ebfe9ed0737feebfff600,1,TX 41 seq=6663 rx_latency=1ms tx_dur=1ms,18.220,
2725,10,354,2857369954,2026-07-14T15:01:42.584312+00:00,35.300141,12856,41,0202aa5001623238005a5811460e29efbf1ffffffc2246cd1e00000fc0007ebfe9ed0737feebfff600,1,TX 41 seq=6664 rx_latency=1ms tx_dur=1ms,20.970,
2725,10,355,2857369955,2026-07-14T15:01:42.684315+00:00,35.400143,12956,41,0202aa500163329c005a5811460e29efbf1ffffffc2246cd1e00000fc0007ebfe9ed0737feebfff600,1,TX 41 seq=6665 rx_latency=1ms tx_dur=1ms,22.611,
2725,10,356,2857369956,2026-07-14T15:01:42.784304+00:00,35.500128,13056,41,0202aa5001643300005a5811460e29efbf1ffffffc2246cd1e00000fc0007ebfe9ed0737feebfff600,1,TX 41 seq=6666 rx_latency=1ms tx_dur=1ms,14.324,
2725,10,357,2857369957,2026-07-14T15:01:42.884315+00:00,35.600140,13156,41,0202aa5001653364005a5811460e29efbf1ffffffc2246cd1e00000fc0007ebfe9ed0737feebfff600,1,TX 41 seq=6667 rx_latency=1ms tx_dur=1ms,17.067,
2725,10,358,2857369958,2026-07-14T15:01:42.984307+00:00,35.700126,13256,41,0202aa50016633c8005a5811460e29efbf1ffffffc2246cd1e00000fc0007ebfe9ed0737feebfff600,1,TX 41 seq=6668 rx_latency=1ms tx_dur=1ms,18.889,
2725,10,359,2857369959,2026-07-14T15:01:43.084315+00:00,35.800140,13356,41,0202aa500167342c005a5811460e29efbf1ffffffc2246cd1e00000fc0007ebfe9ed0737feebfff600,1,TX 41 seq=6669 rx_latency=1ms tx_dur=1ms,20.510,
2725,10,360,2857369960,2026-07-14T15:01:43.184305+00:00,35.900129,13456,41,0202aa5001683490005a5811460e29efbf1ffffffc2246cd1e00000fc0007ebfe9ed0737feebfff600,1,TX 41 seq=6670 rx_latency=1ms tx_dur=1ms,22.252,
2725,10,361,2857369961,2026-07-14T15:01:43.284313+00:00,36.000140,13556,41,0202aa50016934f4005a5811460e29efbf1ffffffc2246cd1e00000fc0007ebfe9ed0737feebfff600,1,TX 41 seq=6671 rx_latency=1ms tx_dur=1ms,14.785,
2725,10,362,2857369962,2026-07-14T15:01:43.384317+00:00,36.100156,13656,41,0202aa50016a3558005a5811460e29efbf1ffffffc2246cd1e00000fc0007ebfe9ed0737feebfff600,1,TX 41 seq=6672 rx_latency=1ms tx_dur=1ms,16.258,
2725,10,363,2857369963,2026-07-14T15:01:43.484316+00:00,36.200146,13756,41,0202aa50016b35bc005a5811460e29efbf1ffffffc2246cd1e00000fc0007ebfe9ed0737feebfff600,1,TX 41 seq=6673 rx_latency=1ms tx_dur=1ms,18.035,
2725,10,364,2857369964,2026-07-14T15:01:43.584312+00:00,36.300139,13856,41,0202aa50016c3620005a5811460e29efbf1ffffffc2246cd1e00000fc0007ebfe9ed0737feebfff600,1,TX 41 seq=6674 rx_latency=1ms tx_dur=1ms,20.905,
2725,10,365,2857369965,2026-07-14T15:01:43.684328+00:00,36.400181,13956,41,0202aa50016d3684005a5811460e29efbf1ffffffc2246cd1e00000fc0007ebfe9ed0737feebfff600,1,TX 41 seq=6675 rx_latency=1ms tx_dur=1ms,22.460,
2725,10,366,2857369966,2026-07-14T15:01:43.784304+00:00,36.500130,14056,41,0202aa50016e36e8005a5811460e29efbf1ffffffc2246cd1e00000fc0007ebfe9ed0737feebfff600,1,TX 41 seq=6676 rx_latency=1ms tx_dur=1ms,14.151,
2725,10,367,2857369967,2026-07-14T15:01:43.884318+00:00,36.600151,14156,41,0202aa50016f374c005a5811460e29efbf1ffffffc2246cd1e00000fc0007ebfe9ed0737feebfff600,1,TX 41 seq=6677 rx_latency=1ms tx_dur=1ms,16.948,
2725,10,368,2857369968,2026-07-14T15:01:43.984309+00:00,36.700132,14256,41,0202aa50017037b0005a5811460e29efbf1ffffffc2246cd1e00000fc0007ebfe9ed0737feebfff600,1,TX 41 seq=6678 rx_latency=1ms tx_dur=1ms,18.686,
2725,10,369,2857369969,2026-07-14T15:01:44.084315+00:00,36.800140,14356,41,0202aa5001713814005a5811460e29efbf1ffffffc2246cd1e00000fc0007ebfe9ed0737feebfff600,1,TX 41 seq=6679 rx_latency=1ms tx_dur=1ms,20.435,
2725,10,370,2857369970,2026-07-14T15:01:44.184306+00:00,36.900130,14456,41,0202aa5001723878005a5811460e29efbf1ffffffc2246cd1e00000fc0007ebfe9ed0737feebfff600,1,TX 41 seq=6680 rx_latency=1ms tx_dur=1ms,23.038,
2725,10,371,2857369971,2026-07-14T15:01:44.284316+00:00,37.000144,14556,41,0202aa50017338dc005a5811460e29efbf1ffffffc2246cd1e00000fc0007ebfe9ed0737feebfff600,1,TX 41 seq=6681 rx_latency=1ms tx_dur=1ms,14.805,
2725,10,372,2857369972,2026-07-14T15:01:44.384313+00:00,37.100146,14656,41,0202aa5001743940005a5811460e29efbf1ffffffc2246cd1e00000fc0007ebfe9ed0737feebfff600,1,TX 41 seq=6682 rx_latency=1ms tx_dur=1ms,16.494,
2725,10,373,2857369973,2026-07-14T15:01:44.484318+00:00,37.200148,14756,41,0202aa50017539a4005a5811460e29efbf1ffffffc2246cd1e00000fc0007ebfe9ed0737feebfff600,1,TX 41 seq=6683 rx_latency=1ms tx_dur=1ms,18.253,
2725,10,374,2857369974,2026-07-14T15:01:44.584306+00:00,37.300128,14856,41,0202aa5001763a08005a5811460e29efbf1ffffffc2246cd1e00000fc0007ebfe9ed0737feebfff600,1,TX 41 seq=6684 rx_latency=1ms tx_dur=1ms,20.874,
2725,10,375,2857369975,2026-07-14T15:01:44.684319+00:00,37.400154,14956,41,0202aa5001773a6c005a5811460e29efbf1ffffffc2246cd1e00000fc0007ebfe9ed0737feebfff600,1,TX 41 seq=6685 rx_latency=1ms tx_dur=1ms,22.586,
2725,10,376,2857369976,2026-07-14T15:01:44.784306+00:00,37.500130,15056,41,0202aa5001783ad0005a5811460e29efbf1ffffffc2246cd1e00000fc0007ebfe9ed0737feebfff600,1,TX 41 seq=6686 rx_latency=1ms tx_dur=1ms,14.388,
2725,10,377,2857369977,2026-07-14T15:01:44.884318+00:00,37.600146,15156,41,0202aa5001793b34005a5811460e29efbf1ffffffc2246cd1e00000fc0007ebfe9ed0737feebfff600,1,TX 41 seq=6687 rx_latency=1ms tx_dur=1ms,16.092,
2725,10,378,2857369978,2026-07-14T15:01:44.984306+00:00,37.700128,15256,41,0202aa50017a3b98005a5811460e29efbf1ffffffc2246cd1e00000fc0007ebfe9ed0737feebfff600,1,TX 41 seq=6688 rx_latency=1ms tx_dur=1ms,18.867,
2725,10,379,2857369979,2026-07-14T15:01:45.084315+00:00,37.800141,15356,41,0202aa50017b3bfc005a5811460e29efbf1ffffffc2246cd1e00000fc0007ebfe9ed0737feebfff600,1,TX 41 seq=6689 rx_latency=1ms tx_dur=1ms,20.342,
2725,10,380,2857369980,2026-07-14T15:01:45.184307+00:00,37.900129,15456,41,0202aa50017c3c60005a5811460e29efbf1ffffffc2246cd1e00000fc0007ebfe9ed0737feebfff600,1,TX 41 seq=6690 rx_latency=1ms tx_dur=1ms,22.886,
2725,10,381,2857369981,2026-07-14T15:01:45.284315+00:00,38.000141,15556,41,0202aa50017d3cc4005a5811460e29efbf1ffffffc2246cd1e00000fc0007ebfe9ed0737feebfff600,1,TX 41 seq=6691 rx_latency=1ms tx_dur=1ms,14.692,
2725,10,382,2857369982,2026-07-14T15:01:45.384308+00:00,38.100128,15656,41,0202aa50017e3d28005a5811460e29efbf1ffffffc2246cd1e00000fc0007ebfe9ed0737feebfff600,1,TX 41 seq=6692 rx_latency=1ms tx_dur=1ms,16.427,
2725,10,383,2857369983,2026-07-14T15:01:45.484316+00:00,38.200145,15756,41,0202aa50017f3d8c005a5811460e29efbf1ffffffc2246cd1e00000fc0007ebfe9ed0737feebfff600,1,TX 41 seq=6693 rx_latency=1ms tx_dur=1ms,18.134,
2725,10,384,2857369984,2026-07-14T15:01:45.584315+00:00,38.300152,15856,41,0202aa5001803df0005a5811460e29efbf1ffffffc2246cd1e00000fc0007ebfe9ed0737feebfff600,1,TX 41 seq=6694 rx_latency=1ms tx_dur=1ms,20.713,
2725,10,385,2857369985,2026-07-14T15:01:45.684317+00:00,38.400148,15956,41,0202aa5001813e54005a5811460e29efbf1ffffffc2246cd1e00000fc0007ebfe9ed0737feebfff600,1,TX 41 seq=6695 rx_latency=1ms tx_dur=1ms,22.512,
2725,10,386,2857369986,2026-07-14T15:01:45.784305+00:00,38.500126,16056,41,0202aa5001823eb8005a5811460e29efbf1ffffffc2246cd1e00000fc0007ebfe9ed0737feebfff600,1,TX 41 seq=6696 rx_latency=1ms tx_dur=1ms,14.283,
2725,10,387,2857369987,2026-07-14T15:01:45.884315+00:00,38.600140,16156,41,0202aa5001833f1c005a5811460e29efbf1ffffffc2246cd1e00000fc0007ebfe9ed0737feebfff600,1,TX 41 seq=6697 rx_latency=1ms tx_dur=1ms,17.108,
2725,10,388,2857369988,2026-07-14T15:01:45.984305+00:00,38.700126,16256,41,0202aa5001843f80005a5811460e29efbf1ffffffc2246cd1e00000fc0007ebfe9ed0737feebfff600,1,TX 41 seq=6698 rx_latency=1ms tx_dur=1ms,18.611,
2725,10,389,2857369989,2026-07-14T15:01:46.084318+00:00,38.800146,16356,41,0202aa5001853fe4005a5811460e29efbf1ffffffc2246cd1e00000fc0007ebfe9ed0737feebfff600,1,TX 41 seq=6699 rx_latency=1ms tx_dur=1ms,20.333,
2725,10,390,2857369990,2026-07-14T15:01:46.184302+00:00,38.900122,16456,41,0202aa5001864048005a5811460e29efbf1ffffffc2246cd1e00000fc0007ebfe9ed0737feebfff600,1,TX 41 seq=6700 rx_latency=1ms tx_dur=1ms,23.135,
2725,10,391,2857369991,2026-07-14T15:01:46.284317+00:00,39.000143,16556,41,0202aa50018740ac005a5811460e29efbf1ffffffc2246cd1e00000fc0007ebfe9ed0737feebfff600,1,TX 41 seq=6701 rx_latency=1ms tx_dur=1ms,14.937,
2725,10,392,2857369992,2026-07-14T15:01:46.384304+00:00,39.100125,16656,41,0202aa5001884110005a5811460e29efbf1ffffffc2246cd1e00000fc0007ebfe9ed0737feebfff600,1,TX 41 seq=6702 rx_latency=1ms tx_dur=1ms,16.463,
2725,10,393,2857369993,2026-07-14T15:01:46.484320+00:00,39.200155,16756,41,0202aa5001894174005a5811460e29efbf1ffffffc2246cd1e00000fc0007ebfe9ed0737feebfff600,1,TX 41 seq=6703 rx_latency=1ms tx_dur=1ms,18.153,
2725,10,394,2857369994,2026-07-14T15:01:46.584309+00:00,39.300136,16856,41,0202aa50018a41d8005a5811460e29efbf1ffffffc2246cd1e00000fc0007ebfe9ed0737feebfff600,1,TX 41 seq=6704 rx_latency=1ms tx_dur=1ms,20.990,
2725,10,395,2857369995,2026-07-14T15:01:46.684322+00:00,39.400162,16956,41,0202aa50018b423c005a5811460e29efbf1ffffffc2246cd1e00000fc0007ebfe9ed0737feebfff600,1,TX 41 seq=6705 rx_latency=1ms tx_dur=1ms,22.658,
2725,10,396,2857369996,2026-07-14T15:01:46.784299+00:00,39.500122,17056,41,0202aa50018c42a0005a5811460e29efbf1ffffffc2246cd1e00000fc0007ebfe9ed0737feebfff600,1,TX 41 seq=6706 rx_latency=1ms tx_dur=1ms,14.318,
2725,10,397,2857369997,2026-07-14T15:01:46.884317+00:00,39.600143,17156,41,0202aa50018d4304005a5811460e29efbf1ffffffc2246cd1e00000fc0007ebfe9ed0737feebfff600,1,TX 41 seq=6707 rx_latency=1ms tx_dur=1ms,17.124,
2725,10,398,2857369998,2026-07-14T15:01:46.984306+00:00,39.700126,17256,41,0202aa50018e4368005a5811460e29efbf1ffffffc2246cd1e00000fc0007ebfe9ed0737feebfff600,1,TX 41 seq=6708 rx_latency=1ms tx_dur=1ms,18.848,
2725,10,399,2857369999,2026-07-14T15:01:47.084317+00:00,39.800141,17356,41,0202aa50018f43cc005a5811460e29efbf1ffffffc2246cd1e00000fc0007ebfe9ed0737feebfff600,1,TX 41 seq=6709 rx_latency=1ms tx_dur=1ms,20.595,
2725,10,400,2857370000,2026-07-14T15:01:47.184310+00:00,39.900133,17456,41,0202aa5001904430005a5811460e29efbf1ffffffc2246cd1e00000fc0007ebfe9ed0737feebfff600,1,TX 41 seq=6710 rx_latency=1ms tx_dur=1ms,22.271,
2725,10,401,2857370001,2026-07-14T15:01:47.284322+00:00,40.000162,17556,41,0202aa5001914494005a5811460e29efbf1ffffffc2246cd1e00000fc0007ebfe9ed0737feebfff600,1,TX 41 seq=6711 rx_latency=1ms tx_dur=1ms,14.892,
2725,10,402,2857370002,2026-07-14T15:01:47.384306+00:00,40.100131,17656,41,0202aa50019244f8005a5811460e29efbf1ffffffc2246cd1e00000fc0007ebfe9ed0737feebfff600,1,TX 41 seq=6712 rx_latency=1ms tx_dur=1ms,16.681,
2725,10,403,2857370003,2026-07-14T15:01:47.484320+00:00,40.200154,17756,41,0202aa500193455c005a5811460e29efbf1ffffffc2246cd1e00000fc0007ebfe9ed0737feebfff600,1,TX 41 seq=6713 rx_latency=1ms tx_dur=1ms,18.385,
2725,10,404,2857370004,2026-07-14T15:01:47.584309+00:00,40.300133,17856,41,0202aa50019445c0005a5811460e29efbf1ffffffc2246cd1e00000fc0007ebfe9ed0737feebfff600,1,TX 41 seq=6714 rx_latency=1ms tx_dur=1ms,20.121,
2725,10,405,2857370005,2026-07-14T15:01:47.684324+00:00,40.400169,17956,41,0202aa5001954624005a5811460e29efbf1ffffffc2246cd1e00000fc0007ebfe9ed0737feebfff600,1,TX 41 seq=6715 rx_latency=1ms tx_dur=1ms,22.682,
2725,10,406,2857370006,2026-07-14T15:01:47.784312+00:00,40.500139,18056,41,0202aa5001964688005a5811460e29efbf1ffffffc2246cd1e00000fc0007ebfe9ed0737feebfff600,1,TX 41 seq=6716 rx_latency=1ms tx_dur=1ms,14.516,
2725,10,407,2857370007,2026-07-14T15:01:47.884318+00:00,40.600145,18156,41,0202aa50019746ec005a5811460e29efbf1ffffffc2246cd1e00000fc0007ebfe9ed0737feebfff600,1,TX 41 seq=6717 rx_latency=1ms tx_dur=1ms,16.244,
2725,10,408,2857370008,2026-07-14T15:01:47.984308+00:00,40.700131,18256,41,0202aa5001984750005a5811460e29efbf1ffffffc2246cd1e00000fc0007ebfe9ed0737feebfff600,1,TX 41 seq=6718 rx_latency=1ms tx_dur=1ms,19.064,
2725,10,409,2857370009,2026-07-14T15:01:48.084315+00:00,40.800142,18356,41,0202aa50019947b4005a5811460e29efbf1ffffffc2246cd1e00000fc0007ebfe9ed0737feebfff600,1,TX 41 seq=6719 rx_latency=1ms tx_dur=1ms,20.615,
2725,10,410,2857370010,2026-07-14T15:01:48.184311+00:00,40.900133,18456,41,0202aa50019a4818005a5811460e29efbf1ffffffc2246cd1e00000fc0007ebfe9ed0737feebfff600,1,TX 41 seq=6720 rx_latency=1ms tx_dur=1ms,22.296,
2725,10,411,2857370011,2026-07-14T15:01:48.284333+00:00,41.000191,18556,41,0202aa50019b487c005a5811460e29efbf1ffffffc2246cd1e00000fc0007ebfe9ed0737feebfff600,1,TX 41 seq=6721 rx_latency=1ms tx_dur=1ms,13.950,
2725,10,412,2857370012,2026-07-14T15:01:48.384313+00:00,41.100144,18656,41,0202aa50019c48e0005a5811460e29efbf1ffffffc2246cd1e00000fc0007ebfe9ed0737feebfff600,1,TX 41 seq=6722 rx_latency=1ms tx_dur=1ms,16.872,
2725,10,413,2857370013,2026-07-14T15:01:48.484316+00:00,41.200144,18756,41,0202aa50019d4944005a5811460e29efbf1ffffffc2246cd1e00000fc0007ebfe9ed0737feebfff600,1,TX 41 seq=6723 rx_latency=1ms tx_dur=1ms,18.441,
2725,10,414,2857370014,2026-07-14T15:01:48.584310+00:00,41.300133,18856,41,0202aa50019e49a8005a5811460e29efbf1ffffffc2246cd1e00000fc0007ebfe9ed0737feebfff600,1,TX 41 seq=6724 rx_latency=1ms tx_dur=1ms,20.133,
2725,10,415,2857370015,2026-07-14T15:01:48.684315+00:00,41.400140,18956,41,0202aa50019f4a0c005a5811460e29efbf1ffffffc2246cd1e00000fc0007ebfe9ed0737feebfff600,1,TX 41 seq=6725 rx_latency=1ms tx_dur=1ms,23.013,
2725,10,416,2857370016,2026-07-14T15:01:48.784312+00:00,41.500139,19056,41,0202aa5001a04a70005a5811460e29efbf1ffffffc2246cd1e00000fc0007ebfe9ed0737feebfff600,1,TX 41 seq=6726 rx_latency=1ms tx_dur=1ms,14.749,
2725,10,417,2857370017,2026-07-14T15:01:48.884324+00:00,41.600166,19156,41,0202aa5001a14ad4005a5811460e29efbf1ffffffc2246cd1e00000fc0007ebfe9ed0737feebfff600,1,TX 41 seq=6727 rx_latency=1ms tx_dur=1ms,16.247,
2725,10,418,2857370018,2026-07-14T15:01:48.984309+00:00,41.700133,19256,41,0202aa5001a24b38005a5811460e29efbf1ffffffc2246cd1e00000fc0007ebfe9ed0737feebfff600,1,TX 41 seq=6728 rx_latency=1ms tx_dur=1ms,19.090,
2725,10,419,2857370019,2026-07-14T15:01:49.084315+00:00,41.800143,19356,41,0202aa5001a34b9c005a5811460e29efbf1ffffffc2246cd1e00000fc0007ebfe9ed0737feebfff600,1,TX 41 seq=6729 rx_latency=1ms tx_dur=1ms,20.840,
2725,10,420,2857370020,2026-07-14T15:01:49.184308+00:00,41.900128,19456,41,0202aa5001a44c00005a5811460e29efbf1ffffffc2246cd1e00000fc0007ebfe9ed0737feebfff600,1,TX 41 seq=6730 rx_latency=1ms tx_dur=1ms,22.527,
2725,10,421,2857370021,2026-07-14T15:01:49.284322+00:00,42.000166,19556,41,0202aa5001a54c64005a5811460e29efbf1ffffffc2246cd1e00000fc0007ebfe9ed0737feebfff600,1,TX 41 seq=6731 rx_latency=1ms tx_dur=1ms,14.065,
2725,10,422,2857370022,2026-07-14T15:01:49.384313+00:00,42.100141,19656,41,0202aa5001a64cc8005a5811460e29efbf1ffffffc2246cd1e00000fc0007ebfe9ed0737feebfff600,1,TX 41 seq=6732 rx_latency=1ms tx_dur=1ms,16.923,
2725,10,423,2857370023,2026-07-14T15:01:49.484316+00:00,42.200143,19756,41,0202aa5001a74d2c005a5811460e29efbf1ffffffc2246cd1e00000fc0007ebfe9ed0737feebfff600,1,TX 41 seq=6733 rx_latency=1ms tx_dur=1ms,18.681,
2725,10,424,2857370024,2026-07-14T15:01:49.584310+00:00,42.300138,19856,41,0202aa5001a84d90005a5811460e29efbf1ffffffc2246cd1e00000fc0007ebfe9ed0737feebfff600,1,TX 41 seq=6734 rx_latency=1ms tx_dur=1ms,20.345,
2725,10,425,2857370025,2026-07-14T15:01:49.684337+00:00,42.400198,19956,41,0202aa5001a94df4005a5811460e29efbf1ffffffc2246cd1e00000fc0007ebfe9ed0737feebfff600,1,TX 41 seq=6735 rx_latency=1ms tx_dur=1ms,22.889,
2725,10,426,2857370026,2026-07-14T15:01:49.784313+00:00,42.500145,20056,41,0202aa5001aa4e58005a5811460e29efbf1ffffffc2246cd1e00000fc0007ebfe9ed0737feebfff600,1,TX 41 seq=6736 rx_latency=1ms tx_dur=1ms,14.764,
2725,10,427,2857370027,2026-07-14T15:01:49.884319+00:00,42.600159,20156,41,0202aa5001ab4ebc005a5811460e29efbf1ffffffc2246cd1e00000fc0007ebfe9ed0737feebfff600,1,TX 41 seq=6737 rx_latency=1ms tx_dur=1ms,16.456,
2725,10,428,2857370028,2026-07-14T15:01:49.984309+00:00,42.700136,20256,41,0202aa5001ac4f20005a5811460e29efbf1ffffffc2246cd1e00000fc0007ebfe9ed0737feebfff600,1,TX 41 seq=6738 rx_latency=1ms tx_dur=1ms,18.204,
2725,10,429,2857370029,2026-07-14T15:01:50.084311+00:00,42.800140,20356,41,0202aa5001ad4f84005a5811460e29efbf1ffffffc2246cd1e00000fc0007ebfe9ed0737feebfff600,1,TX 41 seq=6739 rx_latency=1ms tx_dur=1ms,20.853,
2725,10,430,2857370030,2026-07-14T15:01:50.184307+00:00,42.900128,20456,41,0202aa5001ae4fe8005a5811460e29efbf1ffffffc2246cd1e00000fc0007ebfe9ed0737feebfff600,1,TX 41 seq=6740 rx_latency=1ms tx_dur=1ms,22.579,
2725,10,431,2857370031,2026-07-14T15:01:50.284313+00:00,43.000143,20556,41,0202aa5001af504c005a5811460e29efbf1ffffffc2246cd1e00000fc0007ebfe9ed0737feebfff600,1,TX 41 seq=6741 rx_latency=1ms tx_dur=1ms,14.339,
2725,10,432,2857370032,2026-07-14T15:01:50.384308+00:00,43.100133,20656,41,0202aa5001b050b0005a5811460e29efbf1ffffffc2246cd1e00000fc0007ebfe9ed0737feebfff600,1,TX 41 seq=6742 rx_latency=1ms tx_dur=1ms,17.211,
2725,10,433,2857370033,2026-07-14T15:01:50.484312+00:00,43.200142,20756,41,0202aa5001b15114005a5811460e29efbf1ffffffc2246cd1e00000fc0007ebfe9ed0737feebfff600,1,TX 41 seq=6743 rx_latency=1ms tx_dur=1ms,18.698,
2725,10,434,2857370034,2026-07-14T15:01:50.584312+00:00,43.300138,20856,41,0202aa5001b25178005a5811460e29efbf1ffffffc2246cd1e00000fc0007ebfe9ed0737feebfff600,1,TX 41 seq=6744 rx_latency=1ms tx_dur=1ms,20.389,
2725,10,435,2857370035,2026-07-14T15:01:50.684312+00:00,43.400141,20956,41,0202aa5001b351dc005a5811460e29efbf1ffffffc2246cd1e00000fc0007ebfe9ed0737feebfff600,1,TX 41 seq=6745 rx_latency=1ms tx_dur=1ms,22.153,
2725,10,436,2857370036,2026-07-14T15:01:50.784308+00:00,43.500129,21056,41,0202aa5001b45240005a5811460e29efbf1ffffffc2246cd1e00000fc0007ebfe9ed0737feebfff600,1,TX 41 seq=6746 rx_latency=1ms tx_dur=1ms,15.023,
2725,10,437,2857370037,2026-07-14T15:01:50.884316+00:00,43.600146,21156,41,0202aa5001b552a4005a5811460e29efbf1ffffffc2246cd1e00000fc0007ebfe9ed0737feebfff600,1,TX 41 seq=6747 rx_latency=1ms tx_dur=1ms,16.653,
2725,10,438,2857370038,2026-07-14T15:01:50.984313+00:00,43.700143,21256,41,0202aa5001b65308005a5811460e29efbf1ffffffc2246cd1e00000fc0007ebfe9ed0737feebfff600,1,TX 41 seq=6748 rx_latency=1ms tx_dur=1ms,19.221,
2725,10,439,2857370039,2026-07-14T15:01:51.084313+00:00,43.800140,21356,41,0202aa5001b7536c005a5811460e29efbf1ffffffc2246cd1e00000fc0007ebfe9ed0737feebfff600,1,TX 41 seq=6749 rx_latency=1ms tx_dur=1ms,20.770,
2725,10,440,2857370040,2026-07-14T15:01:51.184308+00:00,43.900130,21456,41,0202aa5001b853d0005a5811460e29efbf1ffffffc2246cd1e00000fc0007ebfe9ed0737feebfff600,1,TX 41 seq=6750 rx_latency=1ms tx_dur=1ms,22.432,
2725,10,441,2857370041,2026-07-14T15:01:51.284315+00:00,44.000141,21556,41,0202aa5001b95434005a5811460e29efbf1ffffffc2246cd1e00000fc0007ebfe9ed0737feebfff600,1,TX 41 seq=6751 rx_latency=1ms tx_dur=1ms,14.370,
2725,10,442,2857370042,2026-07-14T15:01:51.384317+00:00,44.100152,21656,41,0202aa5001ba5498005a5811460e29efbf1ffffffc2246cd1e00000fc0007ebfe9ed0737feebfff600,1,TX 41 seq=6752 rx_latency=1ms tx_dur=1ms,17.008,
2725,10,443,2857370043,2026-07-14T15:01:51.484315+00:00,44.200148,21756,41,0202aa5001bb54fc005a5811460e29efbf1ffffffc2246cd1e00000fc0007ebfe9ed0737feebfff600,1,TX 41 seq=6753 rx_latency=1ms tx_dur=1ms,18.683,
2725,10,444,2857370044,2026-07-14T15:01:51.584310+00:00,44.300132,21856,41,0202aa5001bc5560005a5811460e29efbf1ffffffc2246cd1e00000fc0007ebfe9ed0737feebfff600,1,TX 41 seq=6754 rx_latency=1ms tx_dur=1ms,20.394,
2725,10,445,2857370045,2026-07-14T15:01:51.684316+00:00,44.400152,21956,41,0202aa5001bd55c4005a5811460e29efbf1ffffffc2246cd1e00000fc0007ebfe9ed0737feebfff600,1,TX 41 seq=6755 rx_latency=1ms tx_dur=1ms,22.138,
2725,10,446,2857370046,2026-07-14T15:01:51.784308+00:00,44.500129,22056,41,0202aa5001be5628005a5811460e29efbf1ffffffc2246cd1e00000fc0007ebfe9ed0737feebfff600,1,TX 41 seq=6756 rx_latency=1ms tx_dur=1ms,15.061,
2725,10,447,2857370047,2026-07-14T15:01:51.884314+00:00,44.600144,22156,41,0202aa5001bf568c005a5811460e29efbf1ffffffc2246cd1e00000fc0007ebfe9ed0737feebfff600,1,TX 41 seq=6757 rx_latency=1ms tx_dur=1ms,16.644,
2725,10,448,2857370048,2026-07-14T15:01:51.984317+00:00,44.700144,22256,41,0202aa5001c056f0005a5811460e29efbf1ffffffc2246cd1e00000fc0007ebfe9ed0737feebfff600,1,TX 41 seq=6758 rx_latency=1ms tx_dur=1ms,18.124,
2725,10,449,2857370049,2026-07-14T15:01:52.084305+00:00,44.800126,22356,41,0202aa5001c15754005a5811460e29efbf1ffffffc2246cd1e00000fc0007ebfe9ed0737feebfff600,1,TX 41 seq=6759 rx_latency=1ms tx_dur=1ms,20.733,
2725,10,450,2857370050,2026-07-14T15:01:52.184278+00:00,44.900115,22456,41,0202aa5001c257b8005a5811460e29efbf1ffffffc2246cd1e00000fc0007ebfe9ed0737feebfff600,1,TX 41 seq=6760 rx_latency=1ms tx_dur=1ms,22.420,
2725,10,451,2857370051,2026-07-14T15:01:52.284312+00:00,45.000142,22556,41,0202aa5001c3581c005a5811460e29efbf1ffffffc2246cd1e00000fc0007ebfe9ed0737feebfff600,1,TX 41 seq=6761 rx_latency=1ms tx_dur=1ms,14.233,
2725,10,452,2857370052,2026-07-14T15:01:52.384310+00:00,45.100135,22656,41,0202aa5001c45880005a5811460e29efbf1ffffffc2246cd1e00000fc0007ebfe9ed0737feebfff600,1,TX 41 seq=6762 rx_latency=1ms tx_dur=1ms,17.061,
2725,10,453,2857370053,2026-07-14T15:01:52.484314+00:00,45.200141,22756,41,0202aa5001c558e4005a5811460e29efbf1ffffffc2246cd1e00000fc0007ebfe9ed0737feebfff600,1,TX 41 seq=6763 rx_latency=1ms tx_dur=1ms,18.587,
2725,10,454,2857370054,2026-07-14T15:01:52.584306+00:00,45.300126,22856,41,0202aa5001c65948005a5811460e29efbf1ffffffc2246cd1e00000fc0007ebfe9ed0737feebfff600,1,TX 41 seq=6764 rx_latency=1ms tx_dur=1ms,20.298,
2725,10,455,2857370055,2026-07-14T15:01:52.684318+00:00,45.400150,22956,41,0202aa5001c759ac005a5811460e29efbf1ffffffc2246cd1e00000fc0007ebfe9ed0737feebfff600,1,TX 41 seq=6765 rx_latency=1ms tx_dur=1ms,23.186,
2725,10,456,2857370056,2026-07-14T15:01:52.784307+00:00,45.500129,23056,41,0202aa5001c85a10005a5811460e29efbf1ffffffc2246cd1e00000fc0007ebfe9ed0737feebfff600,1,TX 41 seq=6766 rx_latency=1ms tx_dur=1ms,14.927,
2725,10,457,2857370057,2026-07-14T15:01:52.884317+00:00,45.600143,23156,41,0202aa5001c95a74005a5811460e29efbf1ffffffc2246cd1e00000fc0007ebfe9ed0737feebfff600,1,TX 41 seq=6767 rx_latency=1ms tx_dur=1ms,16.437,
2725,10,458,2857370058,2026-07-14T15:01:52.984308+00:00,45.700127,23256,41,0202aa5001ca5ad8005a5811460e29efbf1ffffffc2246cd1e00000fc0007ebfe9ed0737feebfff600,1,TX 41 seq=6768 rx_latency=1ms tx_dur=1ms,18.171,
2725,10,459,2857370059,2026-07-14T15:01:53.084313+00:00,45.800139,23356,41,0202aa5001cb5b3c005a5811460e29efbf1ffffffc2246cd1e00000fc0007ebfe9ed0737feebfff600,1,TX 41 seq=6769 rx_latency=1ms tx_dur=1ms,21.009,
2725,10,460,2857370060,2026-07-14T15:01:53.184316+00:00,45.900151,23456,41,0202aa5001cc5ba0005a5811460e29efbf1ffffffc2246cd1e00000fc0007ebfe9ed0737feebfff600,1,TX 41 seq=6770 rx_latency=1ms tx_dur=1ms,22.609,
2725,10,461,2857370061,2026-07-14T15:01:53.284306+00:00,46.000128,23556,41,0202aa5001cd5c04005a5811460e29efbf1ffffffc2246cd1e00000fc0007ebfe9ed0737feebfff600,1,TX 41 seq=6771 rx_latency=1ms tx_dur=1ms,14.285,
2725,10,462,2857370062,2026-07-14T15:01:53.384318+00:00,46.100147,23656,41,0202aa5001ce5c68005a5811460e29efbf1ffffffc2246cd1e00000fc0007ebfe9ed0737feebfff600,1,TX 41 seq=6772 rx_latency=1ms tx_dur=1ms,17.096,
2725,10,463,2857370063,2026-07-14T15:01:53.484306+00:00,46.200128,23756,41,0202aa5001cf5ccc005a5811460e29efbf1ffffffc2246cd1e00000fc0007ebfe9ed0737feebfff600,1,TX 41 seq=6773 rx_latency=1ms tx_dur=1ms,18.824,
2725,10,464,2857370064,2026-07-14T15:01:53.584315+00:00,46.300141,23856,41,0202aa5001d05d30005a5811460e29efbf1ffffffc2246cd1e00000fc0007ebfe9ed0737feebfff600,1,TX 41 seq=6774 rx_latency=1ms tx_dur=1ms,20.558,
2725,10,465,2857370065,2026-07-14T15:01:53.684312+00:00,46.400138,23956,41,0202aa5001d15d94005a5811460e29efbf1ffffffc2246cd1e00000fc0007ebfe9ed0737feebfff600,1,TX 41 seq=6775 rx_latency=1ms tx_dur=1ms,22.183,
2725,10,466,2857370066,2026-07-14T15:01:53.784315+00:00,46.500141,24056,41,0202aa5001d25df8005a5811460e29efbf1ffffffc2246cd1e00000fc0007ebfe9ed0737feebfff600,1,TX 41 seq=6776 rx_latency=1ms tx_dur=1ms,14.798,
2725,10,467,2857370067,2026-07-14T15:01:53.884305+00:00,46.600127,24156,41,0202aa5001d35e5c005a5811460e29efbf1ffffffc2246cd1e00000fc0007ebfe9ed0737feebfff600,1,TX 41 seq=6777 rx_latency=1ms tx_dur=1ms,16.319,
2725,10,468,2857370068,2026-07-14T15:01:53.984311+00:00,46.700136,24256,41,0202aa5001d45ec0005a5811460e29efbf1ffffffc2246cd1e00000fc0007ebfe9ed0737feebfff600,1,TX 41 seq=6778 rx_latency=1ms tx_dur=1ms,19.219,
2725,10,469,2857370069,2026-07-14T15:01:54.084305+00:00,46.800125,24356,41,0202aa5001d55f24005a5811460e29efbf1ffffffc2246cd1e00000fc0007ebfe9ed0737feebfff600,1,TX 41 seq=6779 rx_latency=1ms tx_dur=1ms,20.851,
2725,10,470,2857370070,2026-07-14T15:01:54.184317+00:00,46.900145,24456,41,0202aa5001d65f88005a5811460e29efbf1ffffffc2246cd1e00000fc0007ebfe9ed0737feebfff600,1,TX 41 seq=6780 rx_latency=1ms tx_dur=1ms,22.601,
2725,10,471,2857370071,2026-07-14T15:01:54.284259+00:00,47.000079,24556,41,0202aa5001d75fec005a5811460e29efbf1ffffffc2246cd1e00000fc0007ebfe9ed0737feebfff600,1,TX 41 seq=6781 rx_latency=1ms tx_dur=1ms,14.235,
2725,10,472,2857370072,2026-07-14T15:01:54.384331+00:00,47.100188,24656,41,0202aa5001d86050005a5811460e29efbf1ffffffc2246cd1e00000fc0007ebfe9ed0737feebfff600,1,TX 41 seq=6782 rx_latency=1ms tx_dur=1ms,16.858,
2725,10,473,2857370073,2026-07-14T15:01:54.484308+00:00,47.200137,24756,41,0202aa5001d960b4005a5811460e29efbf1ffffffc2246cd1e00000fc0007ebfe9ed0737feebfff600,1,TX 41 seq=6783 rx_latency=1ms tx_dur=1ms,18.674,
2725,10,474,2857370074,2026-07-14T15:01:54.584317+00:00,47.300146,24856,41,0202aa5001da6118005a5811460e29efbf1ffffffc2246cd1e00000fc0007ebfe9ed0737feebfff600,1,TX 41 seq=6784 rx_latency=1ms tx_dur=1ms,20.420,
2725,10,475,2857370075,2026-07-14T15:01:54.684247+00:00,47.400069,24956,41,0202aa5001db617c005a5811460e29efbf1ffffffc2246cd1e00000fc0007ebfe9ed0737feebfff600,1,TX 41 seq=6785 rx_latency=1ms tx_dur=1ms,23.083,
2725,10,476,2857370076,2026-07-14T15:01:54.784316+00:00,47.500142,25056,41,0202aa5001dc61e0005a5811460e29efbf1ffffffc2246cd1e00000fc0007ebfe9ed0737feebfff600,1,TX 41 seq=6786 rx_latency=1ms tx_dur=1ms,14.821,
2725,10,477,2857370077,2026-07-14T15:01:54.884312+00:00,47.600140,25156,41,0202aa5001dd6244005a5811460e29efbf1ffffffc2246cd1e00000fc0007ebfe9ed0737feebfff600,1,TX 41 seq=6787 rx_latency=1ms tx_dur=1ms,16.556,
2725,10,478,2857370078,2026-07-14T15:01:54.984307+00:00,47.700130,25256,41,0202aa5001de62a8005a5811460e29efbf1ffffffc2246cd1e00000fc0007ebfe9ed0737feebfff600,1,TX 41 seq=6788 rx_latency=1ms tx_dur=1ms,18.266,
2725,10,479,2857370079,2026-07-14T15:01:55.084313+00:00,47.800140,25356,41,0202aa5001df630c005a5811460e29efbf1ffffffc2246cd1e00000fc0007ebfe9ed0737feebfff600,1,TX 41 seq=6789 rx_latency=1ms tx_dur=1ms,20.906,
2725,10,480,2857370080,2026-07-14T15:01:55.184308+00:00,47.900128,25456,41,0202aa5001e06370005a5811460e29efbf1ffffffc2246cd1e00000fc0007ebfe9ed0737feebfff600,1,TX 41 seq=6790 rx_latency=1ms tx_dur=1ms,22.595,
2725,10,481,2857370081,2026-07-14T15:01:55.284310+00:00,48.000134,25556,41,0202aa5001e163d4005a5811460e29efbf1ffffffc2246cd1e00000fc0007ebfe9ed0737feebfff600,1,TX 41 seq=6791 rx_latency=1ms tx_dur=1ms,14.410,
2725,10,482,2857370082,2026-07-14T15:01:55.384307+00:00,48.100126,25656,41,0202aa5001e26438005a5811460e29efbf1ffffffc2246cd1e00000fc0007ebfe9ed0737feebfff600,1,TX 41 seq=6792 rx_latency=1ms tx_dur=1ms,16.240,
2725,10,483,2857370083,2026-07-14T15:01:55.484313+00:00,48.200149,25756,41,0202aa5001e3649c005a5811460e29efbf1ffffffc2246cd1e00000fc0007ebfe9ed0737feebfff600,1,TX 41 seq=6793 rx_latency=1ms tx_dur=1ms,18.952,
2725,10,484,2857370084,2026-07-14T15:01:55.584318+00:00,48.300148,25856,41,0202aa5001e46500005a5811460e29efbf1ffffffc2246cd1e00000fc0007ebfe9ed0737feebfff600,1,TX 41 seq=6794 rx_latency=1ms tx_dur=1ms,20.426,
2725,10,485,2857370085,2026-07-14T15:01:55.684308+00:00,48.400157,25956,41,0202aa5001e56564005a5811460e29efbf1ffffffc2246cd1e00000fc0007ebfe9ed0737feebfff600,1,TX 41 seq=6795 rx_latency=1ms tx_dur=1ms,22.933,
2725,10,486,2857370086,2026-07-14T15:01:55.784318+00:00,48.500150,26056,41,0202aa5001e665c8005a5811460e29efbf1ffffffc2246cd1e00000fc0007ebfe9ed0737feebfff600,1,TX 41 seq=6796 rx_latency=1ms tx_dur=1ms,14.808,
2725,10,487,2857370087,2026-07-14T15:01:55.884307+00:00,48.600132,26156,41,0202aa5001e7662c005a5811460e29efbf1ffffffc2246cd1e00000fc0007ebfe9ed0737feebfff600,1,TX 41 seq=6797 rx_latency=1ms tx_dur=1ms,16.564,
2725,10,488,2857370088,2026-07-14T15:01:55.984319+00:00,48.700151,26256,41,0202aa5001e86690005a5811460e29efbf1ffffffc2246cd1e00000fc0007ebfe9ed0737feebfff600,1,TX 41 seq=6798 rx_latency=1ms tx_dur=1ms,18.252,
2725,10,489,2857370089,2026-07-14T15:01:56.084301+00:00,48.800124,26356,41,0202aa5001e966f4005a5811460e29efbf1ffffffc2246cd1e00000fc0007ebfe9ed0737feebfff600,1,TX 41 seq=6799 rx_latency=1ms tx_dur=1ms,20.879,
2725,10,490,2857370090,2026-07-14T15:01:56.184315+00:00,48.900141,26456,41,0202aa5001ea6758005a5811460e29efbf1ffffffc2246cd1e00000fc0007ebfe9ed0737feebfff600,1,TX 41 seq=6800 rx_latency=1ms tx_dur=1ms,22.631,
2725,10,491,2857370091,2026-07-14T15:01:56.284308+00:00,49.000129,26556,41,0202aa5001eb67bc005a5811460e29efbf1ffffffc2246cd1e00000fc0007ebfe9ed0737feebfff600,1,TX 41 seq=6801 rx_latency=1ms tx_dur=1ms,14.409,
2725,10,492,2857370092,2026-07-14T15:01:56.384314+00:00,49.100140,26656,41,0202aa5001ec6820005a5811460e29efbf1ffffffc2246cd1e00000fc0007ebfe9ed0737feebfff600,1,TX 41 seq=6802 rx_latency=1ms tx_dur=1ms,16.134,
2725,10,493,2857370093,2026-07-14T15:01:56.484276+00:00,49.200111,26756,41,0202aa5001ed6884005a5811460e29efbf1ffffffc2246cd1e00000fc0007ebfe9ed0737feebfff600,1,TX 41 seq=6803 rx_latency=1ms tx_dur=1ms,18.877,
2725,10,494,2857370094,2026-07-14T15:01:56.584314+00:00,49.300144,26856,41,0202aa5001ee68e8005a5811460e29efbf1ffffffc2246cd1e00000fc0007ebfe9ed0737feebfff600,1,TX 41 seq=6804 rx_latency=1ms tx_dur=1ms,20.333,
2725,10,495,2857370095,2026-07-14T15:01:56.684307+00:00,49.400131,26956,41,0202aa5001ef694c005a5811460e29efbf1ffffffc2246cd1e00000fc0007ebfe9ed0737feebfff600,1,TX 41 seq=6805 rx_latency=1ms tx_dur=1ms,22.899,
2725,10,496,2857370096,2026-07-14T15:01:56.784318+00:00,49.500149,27056,41,0202aa5001f069b0005a5811460e29efbf1ffffffc2246cd1e00000fc0007ebfe9ed0737feebfff600,1,TX 41 seq=6806 rx_latency=1ms tx_dur=1ms,14.702,
2725,10,497,2857370097,2026-07-14T15:01:56.884305+00:00,49.600126,27156,41,0202aa5001f16a14005a5811460e29efbf1ffffffc2246cd1e00000fc0007ebfe9ed0737feebfff600,1,TX 41 seq=6807 rx_latency=1ms tx_dur=1ms,16.444,
2725,10,498,2857370098,2026-07-14T15:01:56.984317+00:00,49.700147,27256,41,0202aa5001f26a78005a5811460e29efbf1ffffffc2246cd1e00000fc0007ebfe9ed0737feebfff600,1,TX 41 seq=6808 rx_latency=1ms tx_dur=1ms,18.161,
2725,10,499,2857370099,2026-07-14T15:01:57.084306+00:00,49.800128,27356,41,0202aa5001f36adc005a5811460e29efbf1ffffffc2246cd1e00000fc0007ebfe9ed0737feebfff600,1,TX 41 seq=6809 rx_latency=1ms tx_dur=1ms,20.793,
2725,10,500,2857370100,2026-07-14T15:01:57.184313+00:00,49.900139,27456,41,0202aa5001f46b40005a5811460e29efbf1ffffffc2246cd1e00000fc0007ebfe9ed0737feebfff600,1,TX 41 seq=6810 rx_latency=1ms tx_dur=1ms,22.550,
2725,10,501,2857370101,2026-07-14T15:01:57.284316+00:00,50.000153,27556,41,0202aa5001f56ba4005a5811460e29efbf1ffffffc2246cd1e00000fc0007ebfe9ed0737feebfff600,1,TX 41 seq=6811 rx_latency=1ms tx_dur=1ms,14.236,
2725,10,502,2857370102,2026-07-14T15:01:57.384315+00:00,50.100144,27656,41,0202aa5001f66c08005a5811460e29efbf1ffffffc2246cd1e00000fc0007ebfe9ed0737feebfff600,1,TX 41 seq=6812 rx_latency=1ms tx_dur=1ms,17.108,
2725,10,503,2857370103,2026-07-14T15:01:57.484312+00:00,50.200137,27756,41,0202aa5001f76c6c005a5811460e29efbf1ffffffc2246cd1e00000fc0007ebfe9ed0737feebfff600,1,TX 41 seq=6813 rx_latency=1ms tx_dur=1ms,18.602,
2725,10,504,2857370104,2026-07-14T15:01:57.584316+00:00,50.300142,27856,41,0202aa5001f86cd0005a5811460e29efbf1ffffffc2246cd1e00000fc0007ebfe9ed0737feebfff600,1,TX 41 seq=6814 rx_latency=1ms tx_dur=1ms,20.346,
2725,10,505,2857370105,2026-07-14T15:01:57.684316+00:00,50.400155,27956,41,0202aa5001f96d34005a5811460e29efbf1ffffffc2246cd1e00000fc0007ebfe9ed0737feebfff600,1,TX 41 seq=6815 rx_latency=1ms tx_dur=1ms,23.072,
2725,10,506,2857370106,2026-07-14T15:01:57.784318+00:00,50.500148,28056,41,0202aa5001fa6d98005a5811460e29efbf1ffffffc2246cd1e00000fc0007ebfe9ed0737feebfff600,1,TX 41 seq=6816 rx_latency=1ms tx_dur=1ms,14.941,
2725,10,507,2857370107,2026-07-14T15:01:57.884304+00:00,50.600127,28156,41,0202aa5001fb6dfc005a5811460e29efbf1ffffffc2246cd1e00000fc0007ebfe9ed0737feebfff600,1,TX 41 seq=6817 rx_latency=1ms tx_dur=1ms,16.482,
2725,10,508,2857370108,2026-07-14T15:01:57.984265+00:00,50.700091,28256,41,0202aa5001fc6e60005a5811460e29efbf1ffffffc2246cd1e00000fc0007ebfe9ed0737feebfff600,1,TX 41 seq=6818 rx_latency=1ms tx_dur=1ms,18.250,
2725,10,509,2857370109,2026-07-14T15:01:58.084304+00:00,50.800125,28356,41,0202aa5001fd6ec4005a5811460e29efbf1ffffffc2246cd1e00000fc0007ebfe9ed0737feebfff600,1,TX 41 seq=6819 rx_latency=1ms tx_dur=1ms,20.998,
2725,10,510,2857370110,2026-07-14T15:01:58.184318+00:00,50.900146,28456,41,0202aa5001fe6f28005a5811460e29efbf1ffffffc2246cd1e00000fc0007ebfe9ed0737feebfff600,1,TX 41 seq=6820 rx_latency=1ms tx_dur=1ms,22.729,
2725,10,511,2857370111,2026-07-14T15:01:58.284332+00:00,51.000181,28556,41,0202aa5001ff6f8c005a5811460e29efbf1ffffffc2246cd1e00000fc0007ebfe9ed0737feebfff600,1,TX 41 seq=6821 rx_latency=1ms tx_dur=1ms,16.549,
2725,10,512,2857370112,2026-07-14T15:01:58.384321+00:00,51.100152,28656,41,0202aa5002006ff0005a5811460e29efbf1ffffffc2246cd1e00000fc0007ebfe9ed0737feebfff600,1,TX 41 seq=6822 rx_latency=1ms tx_dur=1ms,16.972,
2725,10,513,2857370113,2026-07-14T15:01:58.484313+00:00,51.200138,28756,41,0202aa5002017054005a5811460e29efbf1ffffffc2246cd1e00000fc0007ebfe9ed0737feebfff600,1,TX 41 seq=6823 rx_latency=1ms tx_dur=1ms,18.480,
2725,10,514,2857370114,2026-07-14T15:01:58.584307+00:00,51.300128,28856,41,0202aa50020270b8005a5811460e29efbf1ffffffc2246cd1e00000fc0007ebfe9ed0737feebfff600,1,TX 41 seq=6824 rx_latency=1ms tx_dur=1ms,20.319,
2725,10,515,2857370115,2026-07-14T15:01:58.684329+00:00,51.400174,28956,41,0202aa500203711c005a5811460e29efbf1ffffffc2246cd1e00000fc0007ebfe9ed0737feebfff600,1,TX 41 seq=6825 rx_latency=1ms tx_dur=1ms,22.843,
2725,10,516,2857370116,2026-07-14T15:01:58.784320+00:00,51.500147,29056,41,0202aa5002047180005a5811460e29efbf1ffffffc2246cd1e00000fc0007ebfe9ed0737feebfff600,1,TX 41 seq=6826 rx_latency=1ms tx_dur=1ms,14.813,
2725,10,517,2857370117,2026-07-14T15:01:58.884315+00:00,51.600137,29156,41,0202aa50020571e4005a5811460e29efbf1ffffffc2246cd1e00000fc0007ebfe9ed0737feebfff600,1,TX 41 seq=6827 rx_latency=1ms tx_dur=1ms,16.437,
2725,10,518,2857370118,2026-07-14T15:01:58.984324+00:00,51.700151,29256,41,0202aa5002067248005a5811460e29efbf1ffffffc2246cd1e00000fc0007ebfe9ed0737feebfff600,1,TX 41 seq=6828 rx_latency=1ms tx_dur=1ms,19.225,
2725,10,519,2857370119,2026-07-14T15:01:59.084311+00:00,51.800136,29356,41,0202aa50020772ac005a5811460e29efbf1ffffffc2246cd1e00000fc0007ebfe9ed0737feebfff600,1,TX 41 seq=6829 rx_latency=1ms tx_dur=1ms,20.817,
2725,10,520,2857370120,2026-07-14T15:01:59.184310+00:00,51.900134,29456,41,0202aa5002087310005a5811460e29efbf1ffffffc2246cd1e00000fc0007ebfe9ed0737feebfff600,1,TX 41 seq=6830 rx_latency=1ms tx_dur=1ms,22.711,
2725,10,521,2857370121,2026-07-14T15:01:59.284314+00:00,52.000142,29556,41,0202aa5002097374005a5811460e29efbf1ffffffc2246cd1e00000fc0007ebfe9ed0737feebfff600,1,TX 41 seq=6831 rx_latency=1ms tx_dur=1ms,14.122,
2725,10,522,2857370122,2026-07-14T15:01:59.384305+00:00,52.100124,29656,41,0202aa50020a73d8005a5811460e29efbf1ffffffc2246cd1e00000fc0007ebfe9ed0737feebfff600,1,TX 41 seq=6832 rx_latency=1ms tx_dur=1ms,17.114,
2725,10,523,2857370123,2026-07-14T15:01:59.484310+00:00,52.200137,29756,41,0202aa50020b743c005a5811460e29efbf1ffffffc2246cd1e00000fc0007ebfe9ed0737feebfff600,1,TX 41 seq=6833 rx_latency=1ms tx_dur=1ms,18.741,
2725,10,524,2857370124,2026-07-14T15:01:59.584314+00:00,52.300140,29856,41,0202aa50020c74a0005a5811460e29efbf1ffffffc2246cd1e00000fc0007ebfe9ed0737feebfff600,1,TX 41 seq=6834 rx_latency=1ms tx_dur=1ms,20.391,
2725,10,525,2857370125,2026-07-14T15:01:59.684312+00:00,52.400142,29956,41,0202aa50020d7504005a5811460e29efbf1ffffffc2246cd1e00000fc0007ebfe9ed0737feebfff600,1,TX 41 seq=6835 rx_latency=1ms tx_dur=1ms,23.062,
2725,10,526,2857370126,2026-07-14T15:01:59.784313+00:00,52.500144,30056,41,0202aa50020e7568005a5811460e29efbf1ffffffc2246cd1e00000fc0007ebfe9ed0737feebfff600,1,TX 41 seq=6836 rx_latency=1ms tx_dur=1ms,14.850,
2725,10,527,2857370127,2026-07-14T15:01:59.884307+00:00,52.600132,30156,41,0202aa50020f75cc005a5811460e29efbf1ffffffc2246cd1e00000fc0007ebfe9ed0737feebfff600,1,TX 41 seq=6837 rx_latency=1ms tx_dur=1ms,16.654,
2725,10,528,2857370128,2026-07-14T15:01:59.984316+00:00,52.700142,30256,41,0202aa5002107630005a5811460e29efbf1ffffffc2246cd1e00000fc0007ebfe9ed0737feebfff600,1,TX 41 seq=6838 rx_latency=1ms tx_dur=1ms,18.282,
2725,10,529,2857370129,2026-07-14T15:02:00.084308+00:00,52.800137,30356,41,0202aa5002117694005a5811460e29efbf1ffffffc2246cd1e00000fc0007ebfe9ed0737feebfff600,1,TX 41 seq=6839 rx_latency=1ms tx_dur=1ms,20.987,
2725,10,530,2857370130,2026-07-14T15:02:00.184315+00:00,52.900143,30456,41,0202aa50021276f8005a5811460e29efbf1ffffffc2246cd1e00000fc0007ebfe9ed0737feebfff600,1,TX 41 seq=6840 rx_latency=1ms tx_dur=1ms,22.704,
2725,10,531,2857370131,2026-07-14T15:02:00.284306+00:00,53.000130,30556,41,0202aa500213775c005a5811460e29efbf1ffffffc2246cd1e00000fc0007ebfe9ed0737feebfff600,1,TX 41 seq=6841 rx_latency=1ms tx_dur=1ms,14.468,
2725,10,532,2857370132,2026-07-14T15:02:00.384315+00:00,53.100142,30656,41,0202aa50021477c0005a5811460e29efbf1ffffffc2246cd1e00000fc0007ebfe9ed0737feebfff600,1,TX 41 seq=6842 rx_latency=1ms tx_dur=1ms,16.150,
2725,10,533,2857370133,2026-07-14T15:02:00.484307+00:00,53.200132,30756,41,0202aa5002157824005a5811460e29efbf1ffffffc2246cd1e00000fc0007ebfe9ed0737feebfff600,1,TX 41 seq=6843 rx_latency=1ms tx_dur=1ms,19.043,
2725,10,534,2857370134,2026-07-14T15:02:00.584337+00:00,53.300168,30856,41,0202aa5002167888005a5811460e29efbf1ffffffc2246cd1e00000fc0007ebfe9ed0737feebfff600,1,TX 41 seq=6844 rx_latency=1ms tx_dur=1ms,20.449,
2725,10,535,2857370135,2026-07-14T15:02:00.684305+00:00,53.400126,30956,41,0202aa50021778ec005a5811460e29efbf1ffffffc2246cd1e00000fc0007ebfe9ed0737feebfff600,1,TX 41 seq=6845 rx_latency=1ms tx_dur=1ms,22.267,
2725,10,536,2857370136,2026-07-14T15:02:00.784314+00:00,53.500139,31056,41,0202aa5002187950005a5811460e29efbf1ffffffc2246cd1e00000fc0007ebfe9ed0737feebfff600,1,TX 41 seq=6846 rx_latency=1ms tx_dur=1ms,15.149,
2725,10,537,2857370137,2026-07-14T15:02:00.884305+00:00,53.600128,31156,41,0202aa50021979b4005a5811460e29efbf1ffffffc2246cd1e00000fc0007ebfe9ed0737feebfff600,1,TX 41 seq=6847 rx_latency=1ms tx_dur=1ms,16.826,
2725,10,538,2857370138,2026-07-14T15:02:00.984324+00:00,53.700168,31256,41,0202aa50021a7a18005a5811460e29efbf1ffffffc2246cd1e00000fc0007ebfe9ed0737feebfff600,1,TX 41 seq=6848 rx_latency=1ms tx_dur=1ms,18.290,
2725,10,539,2857370139,2026-07-14T15:02:01.084305+00:00,53.800131,31356,41,0202aa50021b7a7c005a5811460e29efbf1ffffffc2246cd1e00000fc0007ebfe9ed0737feebfff600,1,TX 41 seq=6849 rx_latency=1ms tx_dur=1ms,21.209,
2725,10,540,2857370140,2026-07-14T15:02:01.184314+00:00,53.900143,31456,41,0202aa50021c7ae0005a5811460e29efbf1ffffffc2246cd1e00000fc0007ebfe9ed0737feebfff600,1,TX 41 seq=6850 rx_latency=1ms tx_dur=1ms,22.881,
2725,10,541,2857370141,2026-07-14T15:02:01.284298+00:00,54.000120,31556,41,0202aa50021d7b44005a5811460e29efbf1ffffffc2246cd1e00000fc0007ebfe9ed0737feebfff600,1,TX 41 seq=6851 rx_latency=1ms tx_dur=1ms,14.692,
2725,10,542,2857370142,2026-07-14T15:02:01.384314+00:00,54.100139,31656,41,0202aa50021e7ba8005a5811460e29efbf1ffffffc2246cd1e00000fc0007ebfe9ed0737feebfff600,1,TX 41 seq=6852 rx_latency=1ms tx_dur=1ms,16.187,
2725,10,543,2857370143,2026-07-14T15:02:01.484306+00:00,54.200130,31756,41,0202aa50021f7c0c005a5811460e29efbf1ffffffc2246cd1e00000fc0007ebfe9ed0737feebfff600,1,TX 41 seq=6853 rx_latency=1ms tx_dur=1ms,19.000,
2725,10,544,2857370144,2026-07-14T15:02:01.584315+00:00,54.300146,31856,41,0202aa5002207c70005a5811460e29efbf1ffffffc2246cd1e00000fc0007ebfe9ed0737feebfff600,1,TX 41 seq=6854 rx_latency=1ms tx_dur=1ms,20.775,
2725,10,545,2857370145,2026-07-14T15:02:01.684327+00:00,54.400175,31956,41,0202aa5002217cd4005a5811460e29efbf1ffffffc2246cd1e00000fc0007ebfe9ed0737feebfff600,1,TX 41 seq=6855 rx_latency=1ms tx_dur=1ms,22.250,
2725,10,546,2857370146,2026-07-14T15:02:01.784309+00:00,54.500136,32056,41,0202aa5002227d38005a5811460e29efbf1ffffffc2246cd1e00000fc0007ebfe9ed0737feebfff600,1,TX 41 seq=6856 rx_latency=1ms tx_dur=1ms,14.966,
2725,10,547,2857370147,2026-07-14T15:02:01.884311+00:00,54.600142,32156,41,0202aa5002237d9c005a5811460e29efbf1ffffffc2246cd1e00000fc0007ebfe9ed0737feebfff600,1,TX 41 seq=6857 rx_latency=1ms tx_dur=1ms,16.493,
2725,10,548,2857370148,2026-07-14T15:02:01.984315+00:00,54.700151,32256,41,0202aa5002247e00005a5811460e29efbf1ffffffc2246cd1e00000fc0007ebfe9ed0737feebfff600,1,TX 41 seq=6858 rx_latency=1ms tx_dur=1ms,18.166,
2725,10,549,2857370149,2026-07-14T15:02:02.084314+00:00,54.800145,32356,41,0202aa5002257e64005a5811460e29efbf1ffffffc2246cd1e00000fc0007ebfe9ed0737feebfff600,1,TX 41 seq=6859 rx_latency=1ms tx_dur=1ms,21.036,
2725,10,550,2857370150,2026-07-14T15:02:02.184307+00:00,54.900129,32456,41,0202aa5002267ec8005a5811460e29efbf1ffffffc2246cd1e00000fc0007ebfe9ed0737feebfff600,1,TX 41 seq=6860 rx_latency=1ms tx_dur=1ms,22.742,
2725,10,551,2857370151,2026-07-14T15:02:02.284315+00:00,55.000142,32556,41,0202aa5002277f2c005a5811460e29efbf1ffffffc2246cd1e00000fc0007ebfe9ed0737feebfff600,1,TX 41 seq=6861 rx_latency=1ms tx_dur=1ms,16.637,
2725,10,552,2857370152,2026-07-14T15:02:02.384314+00:00,55.100139,32656,41,0202aa5002287f90005a5811460e29efbf1ffffffc2246cd1e00000fc0007ebfe9ed0737feebfff600,1,TX 41 seq=6862 rx_latency=1ms tx_dur=1ms,17.038,
2725,10,553,2857370153,2026-07-14T15:02:02.484309+00:00,55.200132,32756,41,0202aa5002297ff4005a5811460e29efbf1ffffffc2246cd1e00000fc0007ebfe9ed0737feebfff600,1,TX 41 seq=6863 rx_latency=1ms tx_dur=1ms,18.537,
2725,10,554,2857370154,2026-07-14T15:02:02.584316+00:00,55.300145,32856,41,0202aa50022a8058005a5811460e29efbf1ffffffc2246cd1e00000fc0007ebfe9ed0737feebfff600,1,TX 41 seq=6864 rx_latency=1ms tx_dur=1ms,20.243,
2725,10,555,2857370155,2026-07-14T15:02:02.684310+00:00,55.400135,32956,41,0202aa50022b80bc005a5811460e29efbf1ffffffc2246cd1e00000fc0007ebfe9ed0737feebfff600,1,TX 41 seq=6865 rx_latency=1ms tx_dur=1ms,23.044,
2725,10,556,2857370156,2026-07-14T15:02:02.784314+00:00,55.500142,33056,41,0202aa50022c8120005a5811460e29efbf1ffffffc2246cd1e00000fc0007ebfe9ed0737feebfff600,1,TX 41 seq=6866 rx_latency=1ms tx_dur=1ms,14.859,
2725,10,557,2857370157,2026-07-14T15:02:02.884308+00:00,55.600131,33156,41,0202aa50022d8184005a5811460e29efbf1ffffffc2246cd1e00000fc0007ebfe9ed0737feebfff600,1,TX 41 seq=6867 rx_latency=1ms tx_dur=1ms,16.381,
2725,10,558,2857370158,2026-07-14T15:02:02.984320+00:00,55.700155,33256,41,0202aa50022e81e8005a5811460e29efbf1ffffffc2246cd1e00000fc0007ebfe9ed0737feebfff600,1,TX 41 seq=6868 rx_latency=1ms tx_dur=1ms,19.201,
2725,10,559,2857370159,2026-07-14T15:02:03.084308+00:00,55.800134,33356,41,0202aa50022f824c005a5811460e29efbf1ffffffc2246cd1e00000fc0007ebfe9ed0737feebfff600,1,TX 41 seq=6869 rx_latency=1ms tx_dur=1ms,20.893,
2725,10,560,2857370160,2026-07-14T15:02:03.184326+00:00,55.900171,33456,41,0202aa50023082b0005a5811460e29efbf1ffffffc2246cd1e00000fc0007ebfe9ed0737feebfff600,1,TX 41 seq=6870 rx_latency=1ms tx_dur=1ms,22.585,
2725,10,561,2857370161,2026-07-14T15:02:03.284308+00:00,56.000137,33556,41,0202aa5002318314005a5811460e29efbf1ffffffc2246cd1e00000fc0007ebfe9ed0737feebfff600,1,TX 41 seq=6871 rx_latency=1ms tx_dur=1ms,14.212,
2725,10,562,2857370162,2026-07-14T15:02:03.384314+00:00,56.100143,33656,41,0202aa5002328378005a5811460e29efbf1ffffffc2246cd1e00000fc0007ebfe9ed0737feebfff600,1,TX 41 seq=6872 rx_latency=1ms tx_dur=1ms,17.050,
2725,10,563,2857370163,2026-07-14T15:02:03.484308+00:00,56.200132,33756,41,0202aa50023383dc005a5811460e29efbf1ffffffc2246cd1e00000fc0007ebfe9ed0737feebfff600,1,TX 41 seq=6873 rx_latency=1ms tx_dur=1ms,18.757,
2725,10,564,2857370164,2026-07-14T15:02:03.584316+00:00,56.300145,33856,41,0202aa5002348440005a5811460e29efbf1ffffffc2246cd1e00000fc0007ebfe9ed0737feebfff600,1,TX 41 seq=6874 rx_latency=1ms tx_dur=1ms,20.488,
2725,10,565,2857370165,2026-07-14T15:02:03.684310+00:00,56.400142,33956,41,0202aa50023584a4005a5811460e29efbf1ffffffc2246cd1e00000fc0007ebfe9ed0737feebfff600,1,TX 41 seq=6875 rx_latency=1ms tx_dur=1ms,23.060,
2725,10,566,2857370166,2026-07-14T15:02:03.784318+00:00,56.500147,34056,41,0202aa5002368508005a5811460e29efbf1ffffffc2246cd1e00000fc0007ebfe9ed0737feebfff600,1,TX 41 seq=6876 rx_latency=1ms tx_dur=1ms,14.878,
2725,10,567,2857370167,2026-07-14T15:02:03.884304+00:00,56.600130,34156,41,0202aa500237856c005a5811460e29efbf1ffffffc2246cd1e00000fc0007ebfe9ed0737feebfff600,1,TX 41 seq=6877 rx_latency=1ms tx_dur=1ms,16.615,
2725,10,568,2857370168,2026-07-14T15:02:03.984317+00:00,56.700147,34256,41,0202aa50023885d0005a5811460e29efbf1ffffffc2246cd1e00000fc0007ebfe9ed0737feebfff600,1,TX 41 seq=6878 rx_latency=1ms tx_dur=1ms,18.333,
2725,10,569,2857370169,2026-07-14T15:02:04.084305+00:00,56.800129,34356,41,0202aa5002398634005a5811460e29efbf1ffffffc2246cd1e00000fc0007ebfe9ed0737feebfff600,1,TX 41 seq=6879 rx_latency=1ms tx_dur=1ms,21.092,
2725,10,570,2857370170,2026-07-14T15:02:04.184316+00:00,56.900145,34456,41,0202aa50023a8698005a5811460e29efbf1ffffffc2246cd1e00000fc0007ebfe9ed0737feebfff600,1,TX 41 seq=6880 rx_latency=1ms tx_dur=1ms,22.349,
2725,10,571,2857370171,2026-07-14T15:02:04.284314+00:00,57.000147,34556,41,0202aa50023b86fc005a5811460e29efbf1ffffffc2246cd1e00000fc0007ebfe9ed0737feebfff600,1,TX 41 seq=6881 rx_latency=1ms tx_dur=1ms,14.188,
2725,10,572,2857370172,2026-07-14T15:02:04.384317+00:00,57.100147,34656,41,0202aa50023c8760005a5811460e29efbf1ffffffc2246cd1e00000fc0007ebfe9ed0737feebfff600,1,TX 41 seq=6882 rx_latency=1ms tx_dur=1ms,17.050,
2725,10,573,2857370173,2026-07-14T15:02:04.484305+00:00,57.200127,34756,41,0202aa50023d87c4005a5811460e29efbf1ffffffc2246cd1e00000fc0007ebfe9ed0737feebfff600,1,TX 41 seq=6883 rx_latency=1ms tx_dur=1ms,18.775,
2725,10,574,2857370174,2026-07-14T15:02:04.584314+00:00,57.300140,34856,41,0202aa50023e8828005a5811460e29efbf1ffffffc2246cd1e00000fc0007ebfe9ed0737feebfff600,1,TX 41 seq=6884 rx_latency=1ms tx_dur=1ms,20.513,
2725,10,575,2857370175,2026-07-14T15:02:04.684307+00:00,57.400135,34956,41,0202aa50023f888c005a5811460e29efbf1ffffffc2246cd1e00000fc0007ebfe9ed0737feebfff600,1,TX 41 seq=6885 rx_latency=1ms tx_dur=1ms,23.076,
2725,10,576,2857370176,2026-07-14T15:02:04.784315+00:00,57.500144,35056,41,0202aa50024088f0005a5811460e29efbf1ffffffc2246cd1e00000fc0007ebfe9ed0737feebfff600,1,TX 41 seq=6886 rx_latency=1ms tx_dur=1ms,14.881,
2725,10,577,2857370177,2026-07-14T15:02:04.884305+00:00,57.600126,35156,41,0202aa5002418954005a5811460e29efbf1ffffffc2246cd1e00000fc0007ebfe9ed0737feebfff600,1,TX 41 seq=6887 rx_latency=1ms tx_dur=1ms,16.617,
2725,10,578,2857370178,2026-07-14T15:02:04.984315+00:00,57.700142,35256,41,0202aa50024289b8005a5811460e29efbf1ffffffc2246cd1e00000fc0007ebfe9ed0737feebfff600,1,TX 41 seq=6888 rx_latency=1ms tx_dur=1ms,18.350,
2725,10,579,2857370179,2026-07-14T15:02:05.084304+00:00,57.800124,35356,41,0202aa5002438a1c005a5811460e29efbf1ffffffc2246cd1e00000fc0007ebfe9ed0737feebfff600,1,TX 41 seq=6889 rx_latency=1ms tx_dur=1ms,21.179,
2725,10,580,2857370180,2026-07-14T15:02:05.184315+00:00,57.900141,35456,41,0202aa5002448a80005a5811460e29efbf1ffffffc2246cd1e00000fc0007ebfe9ed0737feebfff600,1,TX 41 seq=6890 rx_latency=1ms tx_dur=1ms,22.700,
2725,10,581,2857370181,2026-07-14T15:02:05.284314+00:00,58.000147,35556,41,0202aa5002458ae4005a5811460e29efbf1ffffffc2246cd1e00000fc0007ebfe9ed0737feebfff600,1,TX 41 seq=6891 rx_latency=1ms tx_dur=1ms,14.431,
2725,10,582,2857370182,2026-07-14T15:02:05.384315+00:00,58.100145,35656,41,0202aa5002468b48005a5811460e29efbf1ffffffc2246cd1e00000fc0007ebfe9ed0737feebfff600,1,TX 41 seq=6892 rx_latency=1ms tx_dur=1ms,16.179,
2725,10,583,2857370183,2026-07-14T15:02:05.484303+00:00,58.200125,35756,41,0202aa5002478bac005a5811460e29efbf1ffffffc2246cd1e00000fc0007ebfe9ed0737feebfff600,1,TX 41 seq=6893 rx_latency=1ms tx_dur=1ms,19.012,
2725,10,584,2857370184,2026-07-14T15:02:05.584313+00:00,58.300138,35856,41,0202aa5002488c10005a5811460e29efbf1ffffffc2246cd1e00000fc0007ebfe9ed0737feebfff600,1,TX 41 seq=6894 rx_latency=1ms tx_dur=1ms,21.140,
2725,10,585,2857370185,2026-07-14T15:02:05.684320+00:00,58.400175,35956,41,0202aa5002498c74005a5811460e29efbf1ffffffc2246cd1e00000fc0007ebfe9ed0737feebfff600,1,TX 41 seq=6895 rx_latency=1ms tx_dur=1ms,22.261,
2725,10,586,2857370186,2026-07-14T15:02:05.784329+00:00,58.500186,36056,41,0202aa50024a8cd8005a5811460e29efbf1ffffffc2246cd1e00000fc0007ebfe9ed0737feebfff600,1,TX 41 seq=6896 rx_latency=1ms tx_dur=1ms,15.277,
2725,10,587,2857370187,2026-07-14T15:02:05.884261+00:00,58.600113,36156,41,0202aa50024b8d3c005a5811460e29efbf1ffffffc2246cd1e00000fc0007ebfe9ed0737feebfff600,1,TX 41 seq=6897 rx_latency=1ms tx_dur=1ms,16.905,
2725,10,588,2857370188,2026-07-14T15:02:05.984317+00:00,58.700161,36256,41,0202aa50024c8da0005a5811460e29efbf1ffffffc2246cd1e00000fc0007ebfe9ed0737feebfff600,1,TX 41 seq=6898 rx_latency=1ms tx_dur=1ms,19.346,
2725,10,589,2857370189,2026-07-14T15:02:06.084316+00:00,58.800170,36356,41,0202aa50024d8e04005a5811460e29efbf1ffffffc2246cd1e00000fc0007ebfe9ed0737feebfff600,1,TX 41 seq=6899 rx_latency=1ms tx_dur=1ms,21.151,
2725,10,590,2857370190,2026-07-14T15:02:06.184316+00:00,58.900183,36456,41,0202aa50024e8e68005a5811460e29efbf1ffffffc2246cd1e00000fc0007ebfe9ed0737feebfff600,1,TX 41 seq=6900 rx_latency=1ms tx_dur=1ms,22.443,
2725,10,591,2857370191,2026-07-14T15:02:06.284328+00:00,59.000197,36556,41,0202aa50024f8ecc005a5811460e29efbf1ffffffc2246cd1e00000fc0007ebfe9ed0737feebfff600,1,TX 41 seq=6901 rx_latency=1ms tx_dur=1ms,14.269,
2725,10,592,2857370192,2026-07-14T15:02:06.384339+00:00,59.100213,36656,41,0202aa5002508f30005a5811460e29efbf1ffffffc2246cd1e00000fc0007ebfe9ed0737feebfff600,1,TX 41 seq=6902 rx_latency=1ms tx_dur=1ms,17.073,
2725,10,593,2857370193,2026-07-14T15:02:06.484332+00:00,59.200193,36756,41,0202aa5002518f94005a5811460e29efbf1ffffffc2246cd1e00000fc0007ebfe9ed0737feebfff600,1,TX 41 seq=6903 rx_latency=1ms tx_dur=1ms,18.604,
2725,10,594,2857370194,2026-07-14T15:02:06.584329+00:00,59.300210,36856,41,0202aa5002528ff8005a5811460e29efbf1ffffffc2246cd1e00000fc0007ebfe9ed0737feebfff600,1,TX 41 seq=6904 rx_latency=1ms tx_dur=1ms,20.300,
2725,10,595,2857370195,2026-07-14T15:02:06.684330+00:00,59.400191,36956,41,0202aa500253905c005a5811460e29efbf1ffffffc2246cd1e00000fc0007ebfe9ed0737feebfff600,1,TX 41 seq=6905 rx_latency=1ms tx_dur=1ms,23.189,
2725,10,596,2857370196,2026-07-14T15:02:06.784322+00:00,59.500179,37056,41,0202aa50025490c0005a5811460e29efbf1ffffffc2246cd1e00000fc0007ebfe9ed0737feebfff600,1,TX 41 seq=6906 rx_latency=1ms tx_dur=1ms,15.010,
2725,10,597,2857370197,2026-07-14T15:02:06.884330+00:00,59.600190,37156,41,0202aa5002559124005a5811460e29efbf1ffffffc2246cd1e00000fc0007ebfe9ed0737feebfff600,1,TX 41 seq=6907 rx_latency=1ms tx_dur=1ms,16.627,
2725,10,598,2857370198,2026-07-14T15:02:06.984329+00:00,59.700184,37256,41,0202aa5002569188005a5811460e29efbf1ffffffc2246cd1e00000fc0007ebfe9ed0737feebfff600,1,TX 41 seq=6908 rx_latency=1ms tx_dur=1ms,19.193,
2725,10,599,2857370199,2026-07-14T15:02:07.084333+00:00,59.800194,37356,41,0202aa50025791ec005a5811460e29efbf1ffffffc2246cd1e00000fc0007ebfe9ed0737feebfff600,1,TX 41 seq=6909 rx_latency=1ms tx_dur=1ms,20.678,
2725,10,600,2857370200,2026-07-14T15:02:07.184328+00:00,59.900183,37456,41,0202aa5002589250005a5811460e29efbf1ffffffc2246cd1e00000fc0007ebfe9ed0737feebfff600,1,TX 41 seq=6910 rx_latency=1ms tx_dur=1ms,22.363,
2725,10,601,2857370201,2026-07-14T15:02:07.284329+00:00,60.000189,37556,41,0202aa50025992b4005a5811460e29efbf1ffffffc2246cd1e00000fc0007ebfe9ed0737feebfff600,1,TX 41 seq=6911 rx_latency=1ms tx_dur=1ms,14.207,
2725,10,602,2857370202,2026-07-14T15:02:07.384325+00:00,60.100180,37656,41,0202aa50025a9318005a5811460e29efbf1ffffffc2246cd1e00000fc0007ebfe9ed0737feebfff600,1,TX 41 seq=6912 rx_latency=1ms tx_dur=1ms,17.051,
2725,10,603,2857370203,2026-07-14T15:02:07.484331+00:00,60.200191,37756,41,0202aa50025b937c005a5811460e29efbf1ffffffc2246cd1e00000fc0007ebfe9ed0737feebfff600,1,TX 41 seq=6913 rx_latency=1ms tx_dur=1ms,18.548,
2725,10,604,2857370204,2026-07-14T15:02:07.584324+00:00,60.300181,37856,41,0202aa50025c93e0005a5811460e29efbf1ffffffc2246cd1e00000fc0007ebfe9ed0737feebfff600,1,TX 41 seq=6914 rx_latency=1ms tx_dur=1ms,20.223,
2725,10,605,2857370205,2026-07-14T15:02:07.684325+00:00,60.400182,37956,41,0202aa50025d9444005a5811460e29efbf1ffffffc2246cd1e00000fc0007ebfe9ed0737feebfff600,1,TX 41 seq=6915 rx_latency=1ms tx_dur=1ms,23.038,
2725,10,606,2857370206,2026-07-14T15:02:07.784326+00:00,60.500181,38056,41,0202aa50025e94a8005a5811460e29efbf1ffffffc2246cd1e00000fc0007ebfe9ed0737feebfff600,1,TX 41 seq=6916 rx_latency=1ms tx_dur=1ms,14.878,
2725,10,607,2857370207,2026-07-14T15:02:07.884318+00:00,60.600165,38156,41,0202aa50025f950c005a5811460e29efbf1ffffffc2246cd1e00000fc0007ebfe9ed0737feebfff600,1,TX 41 seq=6917 rx_latency=1ms tx_dur=1ms,16.832,
2725,10,608,2857370208,2026-07-14T15:02:07.984309+00:00,60.700149,38256,41,0202aa5002609570005a5811460e29efbf1ffffffc2246cd1e00000fc0007ebfe9ed0737feebfff600,1,TX 41 seq=6918 rx_latency=1ms tx_dur=1ms,18.519,
2725,10,609,2857370209,2026-07-14T15:02:08.084311+00:00,60.800147,38356,41,0202aa50026195d4005a5811460e29efbf1ffffffc2246cd1e00000fc0007ebfe9ed0737feebfff600,1,TX 41 seq=6919 rx_latency=1ms tx_dur=1ms,21.400,
2725,10,610,2857370210,2026-07-14T15:02:08.184323+00:00,60.900161,38456,41,0202aa5002629638005a5811460e29efbf1ffffffc2246cd1e00000fc0007ebfe9ed0737feebfff600,1,TX 41 seq=6920 rx_latency=1ms tx_dur=1ms,23.130,
2725,10,611,2857370211,2026-07-14T15:02:08.284306+00:00,61.000142,38556,41,0202aa500263969c005a5811460e29efbf1ffffffc2246cd1e00000fc0007ebfe9ed0737feebfff600,1,TX 41 seq=6921 rx_latency=1ms tx_dur=1ms,14.564,
2725,10,612,2857370212,2026-07-14T15:02:08.384304+00:00,61.100140,38656,41,0202aa5002649700005a5811460e29efbf1ffffffc2246cd1e00000fc0007ebfe9ed0737feebfff600,1,TX 41 seq=6922 rx_latency=1ms tx_dur=1ms,17.451,
2725,10,613,2857370213,2026-07-14T15:02:08.484314+00:00,61.200152,38756,41,0202aa5002659764005a5811460e29efbf1ffffffc2246cd1e00000fc0007ebfe9ed0737feebfff600,1,TX 41 seq=6923 rx_latency=1ms tx_dur=1ms,19.242,
2725,10,614,2857370214,2026-07-14T15:02:08.584341+00:00,61.300207,38856,41,0202aa50026697c8005a5811460e29efbf1ffffffc2246cd1e00000fc0007ebfe9ed0737feebfff600,1,TX 41 seq=6924 rx_latency=1ms tx_dur=1ms,20.779,
2725,10,615,2857370215,2026-07-14T15:02:08.684468+00:00,61.400414,38956,41,0202aa500267982c005a5811460e29efbf1ffffffc2246cd1e00000fc0007ebfe9ed0737feebfff600,1,TX 41 seq=6925 rx_latency=1ms tx_dur=1ms,22.366,
2725,10,616,2857370216,2026-07-14T15:02:08.784262+00:00,61.500128,39056,41,0202aa5002689890005a5811460e29efbf1ffffffc2246cd1e00000fc0007ebfe9ed0737feebfff600,1,TX 41 seq=6926 rx_latency=1ms tx_dur=1ms,15.226,
2725,10,617,2857370217,2026-07-14T15:02:08.884336+00:00,61.600202,39156,41,0202aa50026998f4005a5811460e29efbf1ffffffc2246cd1e00000fc0007ebfe9ed0737feebfff600,1,TX 41 seq=6927 rx_latency=1ms tx_dur=1ms,16.804,
2725,10,618,2857370218,2026-07-14T15:02:08.984342+00:00,61.700209,39256,41,0202aa50026a9958005a5811460e29efbf1ffffffc2246cd1e00000fc0007ebfe9ed0737feebfff600,1,TX 41 seq=6928 rx_latency=1ms tx_dur=1ms,18.742,
2725,10,619,2857370219,2026-07-14T15:02:09.084314+00:00,61.800179,39356,41,0202aa50026b99bc005a5811460e29efbf1ffffffc2246cd1e00000fc0007ebfe9ed0737feebfff600,1,TX 41 seq=6929 rx_latency=1ms tx_dur=1ms,21.155,
2725,10,620,2857370220,2026-07-14T15:02:09.184334+00:00,61.900201,39456,41,0202aa50026c9a20005a5811460e29efbf1ffffffc2246cd1e00000fc0007ebfe9ed0737feebfff600,1,TX 41 seq=6930 rx_latency=1ms tx_dur=1ms,22.389,
2725,10,621,2857370221,2026-07-14T15:02:09.284337+00:00,62.000199,39556,41,0202aa50026d9a84005a5811460e29efbf1ffffffc2246cd1e00000fc0007ebfe9ed0737feebfff600,1,TX 41 seq=6931 rx_latency=1ms tx_dur=1ms,14.632,
2725,10,622,2857370222,2026-07-14T15:02:09.384345+00:00,62.100214,39656,41,0202aa50026e9ae8005a5811460e29efbf1ffffffc2246cd1e00000fc0007ebfe9ed0737feebfff600,1,TX 41 seq=6932 rx_latency=1ms tx_dur=1ms,16.287,
2725,10,623,2857370223,2026-07-14T15:02:09.484336+00:00,62.200204,39756,41,0202aa50026f9b4c005a5811460e29efbf1ffffffc2246cd1e00000fc0007ebfe9ed0737feebfff600,1,TX 41 seq=6933 rx_latency=1ms tx_dur=1ms,20.653,
2725,10,624,2857370224,2026-07-14T15:02:09.584339+00:00,62.300202,39856,41,0202aa5002709bb0005a5811460e29efbf1ffffffc2246cd1e00000fc0007ebfe9ed0737feebfff600,1,TX 41 seq=6934 rx_latency=1ms tx_dur=1ms,20.463,
2725,10,625,2857370225,2026-07-14T15:02:09.684333+00:00,62.400191,39956,41,0202aa5002719c14005a5811460e29efbf1ffffffc2246cd1e00000fc0007ebfe9ed0737feebfff600,1,TX 41 seq=6935 rx_latency=1ms tx_dur=1ms,22.777,
2725,10,626,2857370226,2026-07-14T15:02:09.784329+00:00,62.500182,40056,41,0202aa5002729c78005a5811460e29efbf1ffffffc2246cd1e00000fc0007ebfe9ed0737feebfff600,1,TX 41 seq=6936 rx_latency=1ms tx_dur=1ms,16.667,
2725,10,627,2857370227,2026-07-14T15:02:09.884314+00:00,62.600144,40156,41,0202aa5002739cdc005a5811460e29efbf1ffffffc2246cd1e00000fc0007ebfe9ed0737feebfff600,1,TX 41 seq=6937 rx_latency=1ms tx_dur=1ms,17.125,
2725,10,628,2857370228,2026-07-14T15:02:09.984315+00:00,62.700142,40256,41,0202aa5002749d40005a5811460e29efbf1ffffffc2246cd1e00000fc0007ebfe9ed0737feebfff600,1,TX 41 seq=6938 rx_latency=1ms tx_dur=1ms,18.648,
2725,10,629,2857370229,2026-07-14T15:02:10.084317+00:00,62.800147,40356,41,0202aa5002759da4005a5811460e29efbf1ffffffc2246cd1e00000fc0007ebfe9ed0737feebfff600,1,TX 41 seq=6939 rx_latency=1ms tx_dur=1ms,20.371,
2725,10,630,2857370230,2026-07-14T15:02:10.184332+00:00,62.900191,40456,41,0202aa5002769e08005a5811460e29efbf1ffffffc2246cd1e00000fc0007ebfe9ed0737feebfff600,1,TX 41 seq=6940 rx_latency=1ms tx_dur=1ms,23.085,
2725,10,631,2857370231,2026-07-14T15:02:10.284319+00:00,63.000153,40556,41,0202aa5002779e6c005a5811460e29efbf1ffffffc2246cd1e00000fc0007ebfe9ed0737feebfff600,1,TX 41 seq=6941 rx_latency=1ms tx_dur=1ms,14.944,
2725,10,632,2857370232,2026-07-14T15:02:10.384309+00:00,63.100136,40656,41,0202aa5002789ed0005a5811460e29efbf1ffffffc2246cd1e00000fc0007ebfe9ed0737feebfff600,1,TX 41 seq=6942 rx_latency=1ms tx_dur=1ms,16.531,
2725,10,633,2857370233,2026-07-14T15:02:10.484315+00:00,63.200143,40756,41,0202aa5002799f34005a5811460e29efbf1ffffffc2246cd1e00000fc0007ebfe9ed0737feebfff600,1,TX 41 seq=6943 rx_latency=1ms tx_dur=1ms,18.224,
2725,10,634,2857370234,2026-07-14T15:02:10.584318+00:00,63.300146,40856,41,0202aa50027a9f98005a5811460e29efbf1ffffffc2246cd1e00000fc0007ebfe9ed0737feebfff600,1,TX 41 seq=6944 rx_latency=1ms tx_dur=1ms,21.056,
2725,10,635,2857370235,2026-07-14T15:02:10.684317+00:00,63.400146,40956,41,0202aa50027b9ffc005a5811460e29efbf1ffffffc2246cd1e00000fc0007ebfe9ed0737feebfff600,1,TX 41 seq=6945 rx_latency=1ms tx_dur=1ms,22.772,
2725,10,636,2857370236,2026-07-14T15:02:10.784322+00:00,63.500161,41056,41,0202aa50027ca060005a5811460e29efbf1ffffffc2246cd1e00000fc0007ebfe9ed0737feebfff600,1,TX 41 seq=6946 rx_latency=1ms tx_dur=1ms,16.728,
2725,10,637,2857370237,2026-07-14T15:02:10.884318+00:00,63.600148,41156,41,0202aa50027da0c4005a5811460e29efbf1ffffffc2246cd1e00000fc0007ebfe9ed0737feebfff600,1,TX 41 seq=6947 rx_latency=1ms tx_dur=1ms,17.137,
2725,10,638,2857370238,2026-07-14T15:02:10.984316+00:00,63.700142,41256,41,0202aa50027ea128005a5811460e29efbf1ffffffc2246cd1e00000fc0007ebfe9ed0737feebfff600,1,TX 41 seq=6948 rx_latency=1ms tx_dur=1ms,18.670,
2725,10,639,2857370239,2026-07-14T15:02:11.084314+00:00,63.800138,41356,41,0202aa50027fa18c005a5811460e29efbf1ffffffc2246cd1e00000fc0007ebfe9ed0737feebfff600,1,TX 41 seq=6949 rx_latency=1ms tx_dur=1ms,20.404,
2725,10,640,2857370240,2026-07-14T15:02:11.184314+00:00,63.900137,41456,41,0202aa500280a1f0005a5811460e29efbf1ffffffc2246cd1e00000fc0007ebfe9ed0737feebfff600,1,TX 41 seq=6950 rx_latency=1ms tx_dur=1ms,23.241,
2725,10,641,2857370241,2026-07-14T15:02:11.284316+00:00,64.000143,41556,41,0202aa500281a254005a5811460e29efbf1ffffffc2246cd1e00000fc0007ebfe9ed0737feebfff600,1,TX 41 seq=6951 rx_latency=1ms tx_dur=1ms,14.980,
2725,10,642,2857370242,2026-07-14T15:02:11.384314+00:00,64.100137,41656,41,0202aa500282a2b8005a5811460e29efbf1ffffffc2246cd1e00000fc0007ebfe9ed0737feebfff600,1,TX 41 seq=6952 rx_latency=1ms tx_dur=1ms,16.506,
2725,10,643,2857370243,2026-07-14T15:02:11.484314+00:00,64.200136,41756,41,0202aa500283a31c005a5811460e29efbf1ffffffc2246cd1e00000fc0007ebfe9ed0737feebfff600,1,TX 41 seq=6953 rx_latency=1ms tx_dur=1ms,18.252,
2725,10,644,2857370244,2026-07-14T15:02:11.584314+00:00,64.300138,41856,41,0202aa500284a380005a5811460e29efbf1ffffffc2246cd1e00000fc0007ebfe9ed0737feebfff600,1,TX 41 seq=6954 rx_latency=1ms tx_dur=1ms,21.078,
2725,10,645,2857370245,2026-07-14T15:02:11.684317+00:00,64.400148,41956,41,0202aa500285a3e4005a5811460e29efbf1ffffffc2246cd1e00000fc0007ebfe9ed0737feebfff600,1,TX 41 seq=6955 rx_latency=1ms tx_dur=1ms,22.822,
2725,10,646,2857370246,2026-07-14T15:02:11.784325+00:00,64.500170,42056,41,0202aa500286a448005a5811460e29efbf1ffffffc2246cd1e00000fc0007ebfe9ed0737feebfff600,1,TX 41 seq=6956 rx_latency=1ms tx_dur=1ms,16.591,
2725,10,647,2857370247,2026-07-14T15:02:11.884284+00:00,64.600089,42156,41,0202aa500287a4ac005a5811460e29efbf1ffffffc2246cd1e00000fc0007ebfe9ed0737feebfff600,1,TX 41 seq=6957 rx_latency=1ms tx_dur=1ms,16.979,
2725,10,648,2857370248,2026-07-14T15:02:11.984266+00:00,64.700068,42256,41,0202aa500288a510005a5811460e29efbf1ffffffc2246cd1e00000fc0007ebfe9ed0737feebfff600,1,TX 41 seq=6958 rx_latency=1ms tx_dur=1ms,18.526,
2725,10,649,2857370249,2026-07-14T15:02:12.084281+00:00,64.800083,42356,41,0202aa500289a574005a5811460e29efbf1ffffffc2246cd1e00000fc0007ebfe9ed0737feebfff600,1,TX 41 seq=6959 rx_latency=1ms tx_dur=1ms,21.237,
2725,10,650,2857370250,2026-07-14T15:02:12.184221+00:00,64.900023,42456,41,0202aa50028aa5d8005a5811460e29efbf1ffffffc2246cd1e00000fc0007ebfe9ed0737feebfff600,1,TX 41 seq=6960 rx_latency=1ms tx_dur=1ms,22.948,
2725,10,651,2857370251,2026-07-14T15:02:12.284281+00:00,65.000084,42556,41,0202aa50028ba63c005a5811460e29efbf1ffffffc2246cd1e00000fc0007ebfe9ed0737feebfff600,1,TX 41 seq=6961 rx_latency=1ms tx_dur=1ms,14.905,
2725,10,652,2857370252,2026-07-14T15:02:12.384264+00:00,65.100067,42656,41,0202aa50028ca6a0005a5811460e29efbf1ffffffc2246cd1e00000fc0007ebfe9ed0737feebfff600,1,TX 41 seq=6962 rx_latency=1ms tx_dur=1ms,16.537,
2725,10,653,2857370253,2026-07-14T15:02:12.484291+00:00,65.200111,42756,41,0202aa50028da704005a5811460e29efbf1ffffffc2246cd1e00000fc0007ebfe9ed0737feebfff600,1,TX 41 seq=6963 rx_latency=1ms tx_dur=1ms,19.047,
2725,10,654,2857370254,2026-07-14T15:02:12.584282+00:00,65.300087,42856,41,0202aa50028ea768005a5811460e29efbf1ffffffc2246cd1e00000fc0007ebfe9ed0737feebfff600,1,TX 41 seq=6964 rx_latency=1ms tx_dur=1ms,20.785,
2725,10,655,2857370255,2026-07-14T15:02:12.684281+00:00,65.400084,42956,41,0202aa50028fa7cc005a5811460e29efbf1ffffffc2246cd1e00000fc0007ebfe9ed0737feebfff600,1,TX 41 seq=6965 rx_latency=1ms tx_dur=1ms,22.453,
2725,10,656,2857370256,2026-07-14T15:02:12.784281+00:00,65.500084,43056,41,0202aa500290a830005a5811460e29efbf1ffffffc2246cd1e00000fc0007ebfe9ed0737feebfff600,1,TX 41 seq=6966 rx_latency=1ms tx_dur=1ms,15.408,
2725,10,657,2857370257,2026-07-14T15:02:12.884283+00:00,65.600087,43156,41,0202aa500291a894005a5811460e29efbf1ffffffc2246cd1e00000fc0007ebfe9ed0737feebfff600,1,TX 41 seq=6967 rx_latency=1ms tx_dur=1ms,17.053,
2725,10,658,2857370258,2026-07-14T15:02:12.984302+00:00,65.700124,43256,41,0202aa500292a8f8005a5811460e29efbf1ffffffc2246cd1e00000fc0007ebfe9ed0737feebfff600,1,TX 41 seq=6968 rx_latency=1ms tx_dur=1ms,18.726,
2725,10,659,2857370259,2026-07-14T15:02:13.084313+00:00,65.800155,43356,41,0202aa500293a95c005a5811460e29efbf1ffffffc2246cd1e00000fc0007ebfe9ed0737feebfff600,1,TX 41 seq=6969 rx_latency=1ms tx_dur=1ms,20.394,
2725,10,660,2857370260,2026-07-14T15:02:13.184313+00:00,65.900142,43456,41,0202aa500294a9c0005a5811460e29efbf1ffffffc2246cd1e00000fc0007ebfe9ed0737feebfff600,1,TX 41 seq=6970 rx_latency=1ms tx_dur=1ms,23.152,
2725,10,661,2857370261,2026-07-14T15:02:13.284308+00:00,66.000130,43556,41,0202aa500295aa24005a5811460e29efbf1ffffffc2246cd1e00000fc0007ebfe9ed0737feebfff600,1,TX 41 seq=6971 rx_latency=1ms tx_dur=1ms,14.911,
2725,10,662,2857370262,2026-07-14T15:02:13.384314+00:00,66.100142,43656,41,0202aa500296aa88005a5811460e29efbf1ffffffc2246cd1e00000fc0007ebfe9ed0737feebfff600,1,TX 41 seq=6972 rx_latency=1ms tx_dur=1ms,16.621,
2725,10,663,2857370263,2026-07-14T15:02:13.484308+00:00,66.200129,43756,41,0202aa500297aaec005a5811460e29efbf1ffffffc2246cd1e00000fc0007ebfe9ed0737feebfff600,1,TX 41 seq=6973 rx_latency=1ms tx_dur=1ms,18.334,
2725,10,664,2857370264,2026-07-14T15:02:13.584332+00:00,66.300195,43856,41,0202aa500298ab50005a5811460e29efbf1ffffffc2246cd1e00000fc0007ebfe9ed0737feebfff600,1,TX 41 seq=6974 rx_latency=1ms tx_dur=1ms,20.853,
2725,10,665,2857370265,2026-07-14T15:02:13.684332+00:00,66.400190,43956,41,0202aa500299abb4005a5811460e29efbf1ffffffc2246cd1e00000fc0007ebfe9ed0737feebfff600,1,TX 41 seq=6975 rx_latency=1ms tx_dur=1ms,22.582,
2725,10,666,2857370266,2026-07-14T15:02:13.784310+00:00,66.500138,44056,41,0202aa50029aac18005a5811460e29efbf1ffffffc2246cd1e00000fc0007ebfe9ed0737feebfff600,1,TX 41 seq=6976 rx_latency=1ms tx_dur=1ms,14.455,
2725,10,667,2857370267,2026-07-14T15:02:13.884318+00:00,66.600150,44156,41,0202aa50029bac7c005a5811460e29efbf1ffffffc2246cd1e00000fc0007ebfe9ed0737feebfff600,1,TX 41 seq=6977 rx_latency=1ms tx_dur=1ms,16.168,
2725,10,668,2857370268,2026-07-14T15:02:13.984308+00:00,66.700131,44256,41,0202aa50029cace0005a5811460e29efbf1ffffffc2246cd1e00000fc0007ebfe9ed0737feebfff600,1,TX 41 seq=6978 rx_latency=1ms tx_dur=1ms,18.992,
2725,10,669,2857370269,2026-07-14T15:02:14.084322+00:00,66.800160,44356,41,0202aa50029dad44005a5811460e29efbf1ffffffc2246cd1e00000fc0007ebfe9ed0737feebfff600,1,TX 41 seq=6979 rx_latency=1ms tx_dur=1ms,20.484,
2725,10,670,2857370270,2026-07-14T15:02:14.184328+00:00,66.900180,44456,41,0202aa50029eada8005a5811460e29efbf1ffffffc2246cd1e00000fc0007ebfe9ed0737feebfff600,1,TX 41 seq=6980 rx_latency=1ms tx_dur=1ms,22.124,
2725,10,671,2857370271,2026-07-14T15:02:14.284309+00:00,67.000136,44556,41,0202aa50029fae0c005a5811460e29efbf1ffffffc2246cd1e00000fc0007ebfe9ed0737feebfff600,1,TX 41 seq=6981 rx_latency=1ms tx_dur=1ms,15.113,
2725,10,672,2857370272,2026-07-14T15:02:14.384238+00:00,67.100066,44656,41,0202aa5002a0ae70005a5811460e29efbf1ffffffc2246cd1e00000fc0007ebfe9ed0737feebfff600,1,TX 41 seq=6982 rx_latency=1ms tx_dur=1ms,16.813,
2725,10,673,2857370273,2026-07-14T15:02:14.484315+00:00,67.200140,44756,41,0202aa5002a1aed4005a5811460e29efbf1ffffffc2246cd1e00000fc0007ebfe9ed0737feebfff600,1,TX 41 seq=6983 rx_latency=1ms tx_dur=1ms,18.250,
2725,10,674,2857370274,2026-07-14T15:02:14.584310+00:00,67.300140,44856,41,0202aa5002a2af38005a5811460e29efbf1ffffffc2246cd1e00000fc0007ebfe9ed0737feebfff600,1,TX 41 seq=6984 rx_latency=1ms tx_dur=1ms,20.802,
2725,10,675,2857370275,2026-07-14T15:02:14.684316+00:00,67.400145,44956,41,0202aa5002a3af9c005a5811460e29efbf1ffffffc2246cd1e00000fc0007ebfe9ed0737feebfff600,1,TX 41 seq=6985 rx_latency=1ms tx_dur=1ms,22.565,
2725,10,676,2857370276,2026-07-14T15:02:14.784307+00:00,67.500132,45056,41,0202aa5002a4b000005a5811460e29efbf1ffffffc2246cd1e00000fc0007ebfe9ed0737feebfff600,1,TX 41 seq=6986 rx_latency=1ms tx_dur=1ms,14.344,
2725,10,677,2857370277,2026-07-14T15:02:14.884317+00:00,67.600145,45156,41,0202aa5002a5b064005a5811460e29efbf1ffffffc2246cd1e00000fc0007ebfe9ed0737feebfff600,1,TX 41 seq=6987 rx_latency=1ms tx_dur=1ms,17.177,
2725,10,678,2857370278,2026-07-14T15:02:14.984307+00:00,67.700130,45256,41,0202aa5002a6b0c8005a5811460e29efbf1ffffffc2246cd1e00000fc0007ebfe9ed0737feebfff600,1,TX 41 seq=6988 rx_latency=1ms tx_dur=1ms,18.676,
2725,10,679,2857370279,2026-07-14T15:02:15.084322+00:00,67.800159,45356,41,0202aa5002a7b12c005a5811460e29efbf1ffffffc2246cd1e00000fc0007ebfe9ed0737feebfff600,1,TX 41 seq=6989 rx_latency=1ms tx_dur=1ms,20.377,
2725,10,680,2857370280,2026-07-14T15:02:15.184245+00:00,67.900068,45456,41,0202aa5002a8b190005a5811460e29efbf1ffffffc2246cd1e00000fc0007ebfe9ed0737feebfff600,1,TX 41 seq=6990 rx_latency=1ms tx_dur=1ms,23.292,
2725,10,681,2857370281,2026-07-14T15:02:15.284323+00:00,68.000162,45556,41,0202aa5002a9b1f4005a5811460e29efbf1ffffffc2246cd1e00000fc0007ebfe9ed0737feebfff600,1,TX 41 seq=6991 rx_latency=1ms tx_dur=1ms,14.965,
2725,10,682,2857370282,2026-07-14T15:02:15.384309+00:00,68.100137,45656,41,0202aa5002aab258005a5811460e29efbf1ffffffc2246cd1e00000fc0007ebfe9ed0737feebfff600,1,TX 41 seq=6992 rx_latency=1ms tx_dur=1ms,16.668,
2725,10,683,2857370283,2026-07-14T15:02:15.484315+00:00,68.200143,45756,41,0202aa5002abb2bc005a5811460e29efbf1ffffffc2246cd1e00000fc0007ebfe9ed0737feebfff600,1,TX 41 seq=6993 rx_latency=1ms tx_dur=1ms,19.227,
2725,10,684,2857370284,2026-07-14T15:02:15.584305+00:00,68.300126,45856,41,0202aa5002acb320005a5811460e29efbf1ffffffc2246cd1e00000fc0007ebfe9ed0737feebfff600,1,TX 41 seq=6994 rx_latency=1ms tx_dur=1ms,20.723,
2725,10,685,2857370285,2026-07-14T15:02:15.684319+00:00,68.400153,45956,41,0202aa5002adb384005a5811460e29efbf1ffffffc2246cd1e00000fc0007ebfe9ed0737feebfff600,1,TX 41 seq=6995 rx_latency=1ms tx_dur=1ms,22.435,
2725,10,686,2857370286,2026-07-14T15:02:15.784304+00:00,68.500128,46056,41,0202aa5002aeb3e8005a5811460e29efbf1ffffffc2246cd1e00000fc0007ebfe9ed0737feebfff600,1,TX 41 seq=6996 rx_latency=1ms tx_dur=1ms,14.281,
2725,10,687,2857370287,2026-07-14T15:02:15.884321+00:00,68.600158,46156,41,0202aa5002afb44c005a5811460e29efbf1ffffffc2246cd1e00000fc0007ebfe9ed0737feebfff600,1,TX 41 seq=6997 rx_latency=1ms tx_dur=1ms,17.004,
2725,10,688,2857370288,2026-07-14T15:02:15.984306+00:00,68.700130,46256,41,0202aa5002b0b4b0005a5811460e29efbf1ffffffc2246cd1e00000fc0007ebfe9ed0737feebfff600,1,TX 41 seq=6998 rx_latency=1ms tx_dur=1ms,18.580,
2725,10,689,2857370289,2026-07-14T15:02:16.084316+00:00,68.800143,46356,41,0202aa5002b1b514005a5811460e29efbf1ffffffc2246cd1e00000fc0007ebfe9ed0737feebfff600,1,TX 41 seq=6999 rx_latency=1ms tx_dur=1ms,20.326,
2725,10,690,2857370290,2026-07-14T15:02:16.184305+00:00,68.900124,46456,41,0202aa5002b2b578005a5811460e29efbf1ffffffc2246cd1e00000fc0007ebfe9ed0737feebfff600,1,TX 41 seq=7000 rx_latency=1ms tx_dur=1ms,23.094,
2725,10,691,2857370291,2026-07-14T15:02:16.284314+00:00,69.000139,46556,41,0202aa5002b3b5dc005a5811460e29efbf1ffffffc2246cd1e00000fc0007ebfe9ed0737feebfff600,1,TX 41 seq=7001 rx_latency=1ms tx_dur=1ms,14.899,
2725,10,692,2857370292,2026-07-14T15:02:16.384305+00:00,69.100125,46656,41,0202aa5002b4b640005a5811460e29efbf1ffffffc2246cd1e00000fc0007ebfe9ed0737feebfff600,1,TX 41 seq=7002 rx_latency=1ms tx_dur=1ms,16.415,
2725,10,693,2857370293,2026-07-14T15:02:16.484314+00:00,69.200141,46756,41,0202aa5002b5b6a4005a5811460e29efbf1ffffffc2246cd1e00000fc0007ebfe9ed0737feebfff600,1,TX 41 seq=7003 rx_latency=1ms tx_dur=1ms,19.266,
2725,10,694,2857370294,2026-07-14T15:02:16.584309+00:00,69.300137,46856,41,0202aa5002b6b708005a5811460e29efbf1ffffffc2246cd1e00000fc0007ebfe9ed0737feebfff600,1,TX 41 seq=7004 rx_latency=1ms tx_dur=1ms,20.905,
2725,10,695,2857370295,2026-07-14T15:02:16.684316+00:00,69.400144,46956,41,0202aa5002b7b76c005a5811460e29efbf1ffffffc2246cd1e00000fc0007ebfe9ed0737feebfff600,1,TX 41 seq=7005 rx_latency=1ms tx_dur=1ms,22.693,
2725,10,696,2857370296,2026-07-14T15:02:16.784308+00:00,69.500129,47056,41,0202aa5002b8b7d0005a5811460e29efbf1ffffffc2246cd1e00000fc0007ebfe9ed0737feebfff600,1,TX 41 seq=7006 rx_latency=1ms tx_dur=1ms,14.278,
2725,10,697,2857370297,2026-07-14T15:02:16.884315+00:00,69.600140,47156,41,0202aa5002b9b834005a5811460e29efbf1ffffffc2246cd1e00000fc0007ebfe9ed0737feebfff600,1,TX 41 seq=7007 rx_latency=1ms tx_dur=1ms,17.085,
2725,10,698,2857370298,2026-07-14T15:02:16.984306+00:00,69.700130,47256,41,0202aa5002bab898005a5811460e29efbf1ffffffc2246cd1e00000fc0007ebfe9ed0737feebfff600,1,TX 41 seq=7008 rx_latency=1ms tx_dur=1ms,18.798,
2725,10,699,2857370299,2026-07-14T15:02:17.084318+00:00,69.800146,47356,41,0202aa5002bbb8fc005a5811460e29efbf1ffffffc2246cd1e00000fc0007ebfe9ed0737feebfff600,1,TX 41 seq=7009 rx_latency=1ms tx_dur=1ms,20.532,
2725,10,700,2857370300,2026-07-14T15:02:17.184308+00:00,69.900128,47456,41,0202aa5002bcb960005a5811460e29efbf1ffffffc2246cd1e00000fc0007ebfe9ed0737feebfff600,1,TX 41 seq=7010 rx_latency=1ms tx_dur=1ms,22.346,
2725,10,701,2857370301,2026-07-14T15:02:17.284320+00:00,70.000158,47556,41,0202aa5002bdb9c4005a5811460e29efbf1ffffffc2246cd1e00000fc0007ebfe9ed0737feebfff600,1,TX 41 seq=7011 rx_latency=1ms tx_dur=1ms,14.997,
2725,10,702,2857370302,2026-07-14T15:02:17.384312+00:00,70.100138,47656,41,0202aa5002beba28005a5811460e29efbf1ffffffc2246cd1e00000fc0007ebfe9ed0737feebfff600,1,TX 41 seq=7012 rx_latency=1ms tx_dur=1ms,16.749,
2725,10,703,2857370303,2026-07-14T15:02:17.484317+00:00,70.200144,47756,41,0202aa5002bfba8c005a5811460e29efbf1ffffffc2246cd1e00000fc0007ebfe9ed0737feebfff600,1,TX 41 seq=7013 rx_latency=1ms tx_dur=1ms,18.549,
2725,10,704,2857370304,2026-07-14T15:02:17.584325+00:00,70.300183,47856,41,0202aa5002c0baf0005a5811460e29efbf1ffffffc2246cd1e00000fc0007ebfe9ed0737feebfff600,1,TX 41 seq=7014 rx_latency=1ms tx_dur=1ms,21.127,
2725,10,705,2857370305,2026-07-14T15:02:17.684316+00:00,70.400151,47956,41,0202aa5002c1bb54005a5811460e29efbf1ffffffc2246cd1e00000fc0007ebfe9ed0737feebfff600,1,TX 41 seq=7015 rx_latency=1ms tx_dur=1ms,22.677,
2725,10,706,2857370306,2026-07-14T15:02:17.784317+00:00,70.500155,48056,41,0202aa5002c2bbb8005a5811460e29efbf1ffffffc2246cd1e00000fc0007ebfe9ed0737feebfff600,1,TX 41 seq=7016 rx_latency=1ms tx_dur=1ms,14.221,
2725,10,707,2857370307,2026-07-14T15:02:17.884317+00:00,70.600150,48156,41,0202aa5002c3bc1c005a5811460e29efbf1ffffffc2246cd1e00000fc0007ebfe9ed0737feebfff600,1,TX 41 seq=7017 rx_latency=1ms tx_dur=1ms,17.065,
2725,10,708,2857370308,2026-07-14T15:02:17.984308+00:00,70.700134,48256,41,0202aa5002c4bc80005a5811460e29efbf1ffffffc2246cd1e00000fc0007ebfe9ed0737feebfff600,1,TX 41 seq=7018 rx_latency=1ms tx_dur=1ms,18.790,
2725,10,709,2857370309,2026-07-14T15:02:18.084319+00:00,70.800150,48356,41,0202aa5002c5bce4005a5811460e29efbf1ffffffc2246cd1e00000fc0007ebfe9ed0737feebfff600,1,TX 41 seq=7019 rx_latency=1ms tx_dur=1ms,20.536,
2725,10,710,2857370310,2026-07-14T15:02:18.184309+00:00,70.900132,48456,41,0202aa5002c6bd48005a5811460e29efbf1ffffffc2246cd1e00000fc0007ebfe9ed0737feebfff600,1,TX 41 seq=7020 rx_latency=1ms tx_dur=1ms,22.356,
2725,10,711,2857370311,2026-07-14T15:02:18.284316+00:00,71.000144,48556,41,0202aa5002c7bdac005a5811460e29efbf1ffffffc2246cd1e00000fc0007ebfe9ed0737feebfff600,1,TX 41 seq=7021 rx_latency=1ms tx_dur=1ms,15.042,
2725,10,712,2857370312,2026-07-14T15:02:18.384316+00:00,71.100152,48656,41,0202aa5002c8be10005a5811460e29efbf1ffffffc2246cd1e00000fc0007ebfe9ed0737feebfff600,1,TX 41 seq=7022 rx_latency=1ms tx_dur=1ms,16.731,
2725,10,713,2857370313,2026-07-14T15:02:18.484319+00:00,71.200151,48756,41,0202aa5002c9be74005a5811460e29efbf1ffffffc2246cd1e00000fc0007ebfe9ed0737feebfff600,1,TX 41 seq=7023 rx_latency=1ms tx_dur=1ms,18.513,
2725,10,714,2857370314,2026-07-14T15:02:18.584310+00:00,71.300132,48856,41,0202aa5002cabed8005a5811460e29efbf1ffffffc2246cd1e00000fc0007ebfe9ed0737feebfff600,1,TX 41 seq=7024 rx_latency=1ms tx_dur=1ms,21.293,
2725,10,715,2857370315,2026-07-14T15:02:18.684316+00:00,71.400142,48956,41,0202aa5002cbbf3c005a5811460e29efbf1ffffffc2246cd1e00000fc0007ebfe9ed0737feebfff600,1,TX 41 seq=7025 rx_latency=1ms tx_dur=1ms,22.858,
2725,10,716,2857370316,2026-07-14T15:02:18.784314+00:00,71.500150,49056,41,0202aa5002ccbfa0005a5811460e29efbf1ffffffc2246cd1e00000fc0007ebfe9ed0737feebfff600,1,TX 41 seq=7026 rx_latency=1ms tx_dur=1ms,14.581,
2725,10,717,2857370317,2026-07-14T15:02:18.884317+00:00,71.600150,49156,41,0202aa5002cdc004005a5811460e29efbf1ffffffc2246cd1e00000fc0007ebfe9ed0737feebfff600,1,TX 41 seq=7027 rx_latency=1ms tx_dur=1ms,16.329,
2725,10,718,2857370318,2026-07-14T15:02:18.984310+00:00,71.700134,49256,41,0202aa5002cec068005a5811460e29efbf1ffffffc2246cd1e00000fc0007ebfe9ed0737feebfff600,1,TX 41 seq=7028 rx_latency=1ms tx_dur=1ms,19.149,
2725,10,719,2857370319,2026-07-14T15:02:19.084318+00:00,71.800146,49356,41,0202aa5002cfc0cc005a5811460e29efbf1ffffffc2246cd1e00000fc0007ebfe9ed0737feebfff600,1,TX 41 seq=7029 rx_latency=1ms tx_dur=1ms,20.681,
2725,10,720,2857370320,2026-07-14T15:02:19.184308+00:00,71.900130,49456,41,0202aa5002d0c130005a5811460e29efbf1ffffffc2246cd1e00000fc0007ebfe9ed0737feebfff600,1,TX 41 seq=7030 rx_latency=1ms tx_dur=1ms,22.380,
2725,10,721,2857370321,2026-07-14T15:02:19.284316+00:00,72.000146,49556,41,0202aa5002d1c194005a5811460e29efbf1ffffffc2246cd1e00000fc0007ebfe9ed0737feebfff600,1,TX 41 seq=7031 rx_latency=1ms tx_dur=1ms,14.181,
2725,10,722,2857370322,2026-07-14T15:02:19.384316+00:00,72.100152,49656,41,0202aa5002d2c1f8005a5811460e29efbf1ffffffc2246cd1e00000fc0007ebfe9ed0737feebfff600,1,TX 41 seq=7032 rx_latency=1ms tx_dur=1ms,16.961,
2725,10,723,2857370323,2026-07-14T15:02:19.484318+00:00,72.200150,49756,41,0202aa5002d3c25c005a5811460e29efbf1ffffffc2246cd1e00000fc0007ebfe9ed0737feebfff600,1,TX 41 seq=7033 rx_latency=1ms tx_dur=1ms,18.519,
2725,10,724,2857370324,2026-07-14T15:02:19.584309+00:00,72.300133,49856,41,0202aa5002d4c2c0005a5811460e29efbf1ffffffc2246cd1e00000fc0007ebfe9ed0737feebfff600,1,TX 41 seq=7034 rx_latency=1ms tx_dur=1ms,20.234,
2725,10,725,2857370325,2026-07-14T15:02:19.684334+00:00,72.400194,49956,41,0202aa5002d5c324005a5811460e29efbf1ffffffc2246cd1e00000fc0007ebfe9ed0737feebfff600,1,TX 41 seq=7035 rx_latency=1ms tx_dur=1ms,23.020,
2725,10,726,2857370326,2026-07-14T15:02:19.784312+00:00,72.500144,50056,41,0202aa5002d6c388005a5811460e29efbf1ffffffc2246cd1e00000fc0007ebfe9ed0737feebfff600,1,TX 41 seq=7036 rx_latency=1ms tx_dur=1ms,14.833,
2725,10,727,2857370327,2026-07-14T15:02:19.884320+00:00,72.600152,50156,41,0202aa5002d7c3ec005a5811460e29efbf1ffffffc2246cd1e00000fc0007ebfe9ed0737feebfff600,1,TX 41 seq=7037 rx_latency=1ms tx_dur=1ms,16.362,
2725,10,728,2857370328,2026-07-14T15:02:19.984320+00:00,72.700162,50256,41,0202aa5002d8c450005a5811460e29efbf1ffffffc2246cd1e00000fc0007ebfe9ed0737feebfff600,1,TX 41 seq=7038 rx_latency=1ms tx_dur=1ms,19.135,
2725,10,729,2857370329,2026-07-14T15:02:20.084319+00:00,72.800154,50356,41,0202aa5002d9c4b4005a5811460e29efbf1ffffffc2246cd1e00000fc0007ebfe9ed0737feebfff600,1,TX 41 seq=7039 rx_latency=1ms tx_dur=1ms,20.909,
2725,10,730,2857370330,2026-07-14T15:02:20.184310+00:00,72.900133,50456,41,0202aa5002dac518005a5811460e29efbf1ffffffc2246cd1e00000fc0007ebfe9ed0737feebfff600,1,TX 41 seq=7040 rx_latency=1ms tx_dur=1ms,22.608,
2725,10,731,2857370331,2026-07-14T15:02:20.284312+00:00,73.000139,50556,41,0202aa5002dbc57c005a5811460e29efbf1ffffffc2246cd1e00000fc0007ebfe9ed0737feebfff600,1,TX 41 seq=7041 rx_latency=1ms tx_dur=1ms,14.207,
2725,10,732,2857370332,2026-07-14T15:02:20.384314+00:00,73.100139,50656,41,0202aa5002dcc5e0005a5811460e29efbf1ffffffc2246cd1e00000fc0007ebfe9ed0737feebfff600,1,TX 41 seq=7042 rx_latency=1ms tx_dur=1ms,17.088,
2725,10,733,2857370333,2026-07-14T15:02:20.484302+00:00,73.200130,50756,41,0202aa5002ddc644005a5811460e29efbf1ffffffc2246cd1e00000fc0007ebfe9ed0737feebfff600,1,TX 41 seq=7043 rx_latency=1ms tx_dur=1ms,18.752,
2725,10,734,2857370334,2026-07-14T15:02:20.584319+00:00,73.300148,50856,41,0202aa5002dec6a8005a5811460e29efbf1ffffffc2246cd1e00000fc0007ebfe9ed0737feebfff600,1,TX 41 seq=7044 rx_latency=1ms tx_dur=1ms,20.503,
2725,10,735,2857370335,2026-07-14T15:02:20.684318+00:00,73.400144,50956,41,0202aa5002dfc70c005a5811460e29efbf1ffffffc2246cd1e00000fc0007ebfe9ed0737feebfff600,1,TX 41 seq=7045 rx_latency=1ms tx_dur=1ms,23.034,
2725,10,736,2857370336,2026-07-14T15:02:20.784309+00:00,73.500135,51056,41,0202aa5002e0c770005a5811460e29efbf1ffffffc2246cd1e00000fc0007ebfe9ed0737feebfff600,1,TX 41 seq=7046 rx_latency=1ms tx_dur=1ms,14.806,
2725,10,737,2857370337,2026-07-14T15:02:20.884312+00:00,73.600137,51156,41,0202aa5002e1c7d4005a5811460e29efbf1ffffffc2246cd1e00000fc0007ebfe9ed0737feebfff600,1,TX 41 seq=7047 rx_latency=1ms tx_dur=1ms,16.623,
2725,10,738,2857370338,2026-07-14T15:02:20.984316+00:00,73.700139,51256,41,0202aa5002e2c838005a5811460e29efbf1ffffffc2246cd1e00000fc0007ebfe9ed0737feebfff600,1,TX 41 seq=7048 rx_latency=1ms tx_dur=1ms,18.429,
2725,10,739,2857370339,2026-07-14T15:02:21.084333+00:00,73.800171,51356,41,0202aa5002e3c89c005a5811460e29efbf1ffffffc2246cd1e00000fc0007ebfe9ed0737feebfff600,1,TX 41 seq=7049 rx_latency=1ms tx_dur=1ms,20.954,
2725,10,740,2857370340,2026-07-14T15:02:21.184309+00:00,73.900133,51456,41,0202aa5002e4c900005a5811460e29efbf1ffffffc2246cd1e00000fc0007ebfe9ed0737feebfff600,1,TX 41 seq=7050 rx_latency=1ms tx_dur=1ms,22.660,
2725,10,741,2857370341,2026-07-14T15:02:21.284321+00:00,74.000160,51556,41,0202aa5002e5c964005a5811460e29efbf1ffffffc2246cd1e00000fc0007ebfe9ed0737feebfff600,1,TX 41 seq=7051 rx_latency=1ms tx_dur=1ms,15.115,
2725,10,742,2857370342,2026-07-14T15:02:21.384307+00:00,74.100132,51656,41,0202aa5002e6c9c8005a5811460e29efbf1ffffffc2246cd1e00000fc0007ebfe9ed0737feebfff600,1,TX 41 seq=7052 rx_latency=1ms tx_dur=1ms,17.000,
2725,10,743,2857370343,2026-07-14T15:02:21.484312+00:00,74.200140,51756,41,0202aa5002e7ca2c005a5811460e29efbf1ffffffc2246cd1e00000fc0007ebfe9ed0737feebfff600,1,TX 41 seq=7053 rx_latency=1ms tx_dur=1ms,18.657,
2725,10,744,2857370344,2026-07-14T15:02:21.584324+00:00,74.300164,51856,41,0202aa5002e8ca90005a5811460e29efbf1ffffffc2246cd1e00000fc0007ebfe9ed0737feebfff600,1,TX 41 seq=7054 rx_latency=1ms tx_dur=1ms,20.260,
2725,10,745,2857370345,2026-07-14T15:02:21.684314+00:00,74.400150,51956,41,0202aa5002e9caf4005a5811460e29efbf1ffffffc2246cd1e00000fc0007ebfe9ed0737feebfff600,1,TX 41 seq=7055 rx_latency=1ms tx_dur=1ms,23.048,
2725,10,746,2857370346,2026-07-14T15:02:21.784319+00:00,74.500150,52056,41,0202aa5002eacb58005a5811460e29efbf1ffffffc2246cd1e00000fc0007ebfe9ed0737feebfff600,1,TX 41 seq=7056 rx_latency=1ms tx_dur=1ms,14.694,
2725,10,747,2857370347,2026-07-14T15:02:21.884309+00:00,74.600131,52156,41,0202aa5002ebcbbc005a5811460e29efbf1ffffffc2246cd1e00000fc0007ebfe9ed0737feebfff600,1,TX 41 seq=7057 rx_latency=1ms tx_dur=1ms,16.565,
2725,10,748,2857370348,2026-07-14T15:02:21.984314+00:00,74.700139,52256,41,0202aa5002eccc20005a5811460e29efbf1ffffffc2246cd1e00000fc0007ebfe9ed0737feebfff600,1,TX 41 seq=7058 rx_latency=1ms tx_dur=1ms,19.267,
2725,10,749,2857370349,2026-07-14T15:02:22.084315+00:00,74.800147,52356,41,0202aa5002edcc84005a5811460e29efbf1ffffffc2246cd1e00000fc0007ebfe9ed0737feebfff600,1,TX 41 seq=7059 rx_latency=1ms tx_dur=1ms,20.903,
2725,10,750,2857370350,2026-07-14T15:02:22.184318+00:00,74.900150,52456,41,0202aa5002eecce8005a5811460e29efbf1ffffffc2246cd1e00000fc0007ebfe9ed0737feebfff600,1,TX 41 seq=7060 rx_latency=1ms tx_dur=1ms,22.468,
2725,10,751,2857370351,2026-07-14T15:02:22.284327+00:00,75.000176,52556,41,0202aa5002efcd4c005a5811460e29efbf1ffffffc2246cd1e00000fc0007ebfe9ed0737feebfff600,1,TX 41 seq=7061 rx_latency=1ms tx_dur=1ms,14.227,
2725,10,752,2857370352,2026-07-14T15:02:22.384310+00:00,75.100136,52656,41,0202aa5002f0cdb0005a5811460e29efbf1ffffffc2246cd1e00000fc0007ebfe9ed0737feebfff600,1,TX 41 seq=7062 rx_latency=1ms tx_dur=1ms,17.237,
2725,10,753,2857370353,2026-07-14T15:02:22.484315+00:00,75.200142,52756,41,0202aa5002f1ce14005a5811460e29efbf1ffffffc2246cd1e00000fc0007ebfe9ed0737feebfff600,1,TX 41 seq=7063 rx_latency=1ms tx_dur=1ms,18.642,
2725,10,754,2857370354,2026-07-14T15:02:22.584311+00:00,75.300138,52856,41,0202aa5002f2ce78005a5811460e29efbf1ffffffc2246cd1e00000fc0007ebfe9ed0737feebfff600,1,TX 41 seq=7064 rx_latency=1ms tx_dur=1ms,20.460,
2725,10,755,2857370355,2026-07-14T15:02:22.684315+00:00,75.400143,52956,41,0202aa5002f3cedc005a5811460e29efbf1ffffffc2246cd1e00000fc0007ebfe9ed0737feebfff600,1,TX 41 seq=7065 rx_latency=1ms tx_dur=1ms,23.207,
2725,10,756,2857370356,2026-07-14T15:02:22.784306+00:00,75.500126,53056,41,0202aa5002f4cf40005a5811460e29efbf1ffffffc2246cd1e00000fc0007ebfe9ed0737feebfff600,1,TX 41 seq=7066 rx_latency=1ms tx_dur=1ms,15.057,
2725,10,757,2857370357,2026-07-14T15:02:22.884315+00:00,75.600140,53156,41,0202aa5002f5cfa4005a5811460e29efbf1ffffffc2246cd1e00000fc0007ebfe9ed0737feebfff600,1,TX 41 seq=7067 rx_latency=1ms tx_dur=1ms,16.745,
2725,10,758,2857370358,2026-07-14T15:02:22.984313+00:00,75.700136,53256,41,0202aa5002f6d008005a5811460e29efbf1ffffffc2246cd1e00000fc0007ebfe9ed0737feebfff600,1,TX 41 seq=7068 rx_latency=1ms tx_dur=1ms,18.296,
2725,10,759,2857370359,2026-07-14T15:02:23.084308+00:00,75.800131,53356,41,0202aa5002f7d06c005a5811460e29efbf1ffffffc2246cd1e00000fc0007ebfe9ed0737feebfff600,1,TX 41 seq=7069 rx_latency=1ms tx_dur=1ms,20.910,
2725,10,760,2857370360,2026-07-14T15:02:23.184315+00:00,75.900141,53456,41,0202aa5002f8d0d0005a5811460e29efbf1ffffffc2246cd1e00000fc0007ebfe9ed0737feebfff600,1,TX 41 seq=7070 rx_latency=1ms tx_dur=1ms,22.558,
2725,10,761,2857370361,2026-07-14T15:02:23.284313+00:00,76.000150,53556,41,0202aa5002f9d134005a5811460e29efbf1ffffffc2246cd1e00000fc0007ebfe9ed0737feebfff600,1,TX 41 seq=7071 rx_latency=1ms tx_dur=1ms,14.299,
2725,10,762,2857370362,2026-07-14T15:02:23.384316+00:00,76.100145,53656,41,0202aa5002fad198005a5811460e29efbf1ffffffc2246cd1e00000fc0007ebfe9ed0737feebfff600,1,TX 41 seq=7072 rx_latency=1ms tx_dur=1ms,17.159,
2725,10,763,2857370363,2026-07-14T15:02:23.484308+00:00,76.200134,53756,41,0202aa5002fbd1fc005a5811460e29efbf1ffffffc2246cd1e00000fc0007ebfe9ed0737feebfff600,1,TX 41 seq=7073 rx_latency=1ms tx_dur=1ms,18.675,
2725,10,764,2857370364,2026-07-14T15:02:23.584314+00:00,76.300140,53856,41,0202aa5002fcd260005a5811460e29efbf1ffffffc2246cd1e00000fc0007ebfe9ed0737feebfff600,1,TX 41 seq=7074 rx_latency=1ms tx_dur=1ms,20.425,
2725,10,765,2857370365,2026-07-14T15:02:23.684319+00:00,76.400153,53956,41,0202aa5002fdd2c4005a5811460e29efbf1ffffffc2246cd1e00000fc0007ebfe9ed0737feebfff600,1,TX 41 seq=7075 rx_latency=1ms tx_dur=1ms,22.179,
2725,10,766,2857370366,2026-07-14T15:02:23.784311+00:00,76.500137,54056,41,0202aa5002fed328005a5811460e29efbf1ffffffc2246cd1e00000fc0007ebfe9ed0737feebfff600,1,TX 41 seq=7076 rx_latency=1ms tx_dur=1ms,15.002,
2725,10,767,2857370367,2026-07-14T15:02:23.884317+00:00,76.600146,54156,41,0202aa5002ffd38c005a5811460e29efbf1ffffffc2246cd1e00000fc0007ebfe9ed0737feebfff600,1,TX 41 seq=7077 rx_latency=1ms tx_dur=1ms,16.617,
2725,10,768,2857370368,2026-07-14T15:02:23.984315+00:00,76.700141,54256,41,0202aa500300d3f0005a5811460e29efbf1ffffffc2246cd1e00000fc0007ebfe9ed0737feebfff600,1,TX 41 seq=7078 rx_latency=1ms tx_dur=1ms,19.230,
2725,10,769,2857370369,2026-07-14T15:02:24.084308+00:00,76.800132,54356,41,0202aa500301d454005a5811460e29efbf1ffffffc2246cd1e00000fc0007ebfe9ed0737feebfff600,1,TX 41 seq=7079 rx_latency=1ms tx_dur=1ms,20.700,
2725,10,770,2857370370,2026-07-14T15:02:24.184316+00:00,76.900145,54456,41,0202aa500302d4b8005a5811460e29efbf1ffffffc2246cd1e00000fc0007ebfe9ed0737feebfff600,1,TX 41 seq=7080 rx_latency=1ms tx_dur=1ms,22.464,
2725,10,771,2857370371,2026-07-14T15:02:24.284314+00:00,77.000155,54556,41,0202aa500303d51c005a5811460e29efbf1ffffffc2246cd1e00000fc0007ebfe9ed0737feebfff600,1,TX 41 seq=7081 rx_latency=1ms tx_dur=1ms,14.184,
2725,10,772,2857370372,2026-07-14T15:02:24.384310+00:00,77.100135,54656,41,0202aa500304d580005a5811460e29efbf1ffffffc2246cd1e00000fc0007ebfe9ed0737feebfff600,1,TX 41 seq=7082 rx_latency=1ms tx_dur=1ms,17.040,
2725,10,773,2857370373,2026-07-14T15:02:24.484313+00:00,77.200140,54756,41,0202aa500305d5e4005a5811460e29efbf1ffffffc2246cd1e00000fc0007ebfe9ed0737feebfff600,1,TX 41 seq=7083 rx_latency=1ms tx_dur=1ms,18.573,
2725,10,774,2857370374,2026-07-14T15:02:24.584308+00:00,77.300130,54856,41,0202aa500306d648005a5811460e29efbf1ffffffc2246cd1e00000fc0007ebfe9ed0737feebfff600,1,TX 41 seq=7084 rx_latency=1ms tx_dur=1ms,21.375,
2725,10,775,2857370375,2026-07-14T15:02:24.684312+00:00,77.400138,54956,41,0202aa500307d6ac005a5811460e29efbf1ffffffc2246cd1e00000fc0007ebfe9ed0737feebfff600,1,TX 41 seq=7085 rx_latency=1ms tx_dur=1ms,23.171,
2725,10,776,2857370376,2026-07-14T15:02:24.784311+00:00,77.500134,55056,41,0202aa500308d710005a5811460e29efbf1ffffffc2246cd1e00000fc0007ebfe9ed0737feebfff600,1,TX 41 seq=7086 rx_latency=1ms tx_dur=1ms,14.895,
2725,10,777,2857370377,2026-07-14T15:02:24.884313+00:00,77.600139,55156,41,0202aa500309d774005a5811460e29efbf1ffffffc2246cd1e00000fc0007ebfe9ed0737feebfff600,1,TX 41 seq=7087 rx_latency=1ms tx_dur=1ms,16.415,
2725,10,778,2857370378,2026-07-14T15:02:24.984308+00:00,77.700127,55256,41,0202aa50030ad7d8005a5811460e29efbf1ffffffc2246cd1e00000fc0007ebfe9ed0737feebfff600,1,TX 41 seq=7088 rx_latency=1ms tx_dur=1ms,19.270,
2725,10,779,2857370379,2026-07-14T15:02:25.084311+00:00,77.800137,55356,41,0202aa50030bd83c005a5811460e29efbf1ffffffc2246cd1e00000fc0007ebfe9ed0737feebfff600,1,TX 41 seq=7089 rx_latency=1ms tx_dur=1ms,20.990,
2725,10,780,2857370380,2026-07-14T15:02:25.184308+00:00,77.900130,55456,41,0202aa50030cd8a0005a5811460e29efbf1ffffffc2246cd1e00000fc0007ebfe9ed0737feebfff600,1,TX 41 seq=7090 rx_latency=1ms tx_dur=1ms,22.632,
2725,10,781,2857370381,2026-07-14T15:02:25.284310+00:00,78.000136,55556,41,0202aa50030dd904005a5811460e29efbf1ffffffc2246cd1e00000fc0007ebfe9ed0737feebfff600,1,TX 41 seq=7091 rx_latency=1ms tx_dur=1ms,14.318,
2725,10,782,2857370382,2026-07-14T15:02:25.384314+00:00,78.100148,55656,41,0202aa50030ed968005a5811460e29efbf1ffffffc2246cd1e00000fc0007ebfe9ed0737feebfff600,1,TX 41 seq=7092 rx_latency=1ms tx_dur=1ms,17.034,
2725,10,783,2857370383,2026-07-14T15:02:25.484314+00:00,78.200147,55756,41,0202aa50030fd9cc005a5811460e29efbf1ffffffc2246cd1e00000fc0007ebfe9ed0737feebfff600,1,TX 41 seq=7093 rx_latency=1ms tx_dur=1ms,18.797,
2725,10,784,2857370384,2026-07-14T15:02:25.584322+00:00,78.300165,55856,41,0202aa500310da30005a5811460e29efbf1ffffffc2246cd1e00000fc0007ebfe9ed0737feebfff600,1,TX 41 seq=7094 rx_latency=1ms tx_dur=1ms,20.405,
2725,10,785,2857370385,2026-07-14T15:02:25.684312+00:00,78.400156,55956,41,0202aa500311da94005a5811460e29efbf1ffffffc2246cd1e00000fc0007ebfe9ed0737feebfff600,1,TX 41 seq=7095 rx_latency=1ms tx_dur=1ms,22.230,
2725,10,786,2857370386,2026-07-14T15:02:25.784314+00:00,78.500147,56056,41,0202aa500312daf8005a5811460e29efbf1ffffffc2246cd1e00000fc0007ebfe9ed0737feebfff600,1,TX 41 seq=7096 rx_latency=1ms tx_dur=1ms,14.886,
2725,10,787,2857370387,2026-07-14T15:02:25.884309+00:00,78.600135,56156,41,0202aa500313db5c005a5811460e29efbf1ffffffc2246cd1e00000fc0007ebfe9ed0737feebfff600,1,TX 41 seq=7097 rx_latency=1ms tx_dur=1ms,16.405,
2725,10,788,2857370388,2026-07-14T15:02:25.984316+00:00,78.700142,56256,41,0202aa500314dbc0005a5811460e29efbf1ffffffc2246cd1e00000fc0007ebfe9ed0737feebfff600,1,TX 41 seq=7098 rx_latency=1ms tx_dur=1ms,19.261,
2725,10,789,2857370389,2026-07-14T15:02:26.084306+00:00,78.800127,56356,41,0202aa500315dc24005a5811460e29efbf1ffffffc2246cd1e00000fc0007ebfe9ed0737feebfff600,1,TX 41 seq=7099 rx_latency=1ms tx_dur=1ms,20.950,
2725,10,790,2857370390,2026-07-14T15:02:26.184316+00:00,78.900145,56456,41,0202aa500316dc88005a5811460e29efbf1ffffffc2246cd1e00000fc0007ebfe9ed0737feebfff600,1,TX 41 seq=7100 rx_latency=1ms tx_dur=1ms,22.700,
2725,10,791,2857370391,2026-07-14T15:02:26.284307+00:00,79.000132,56556,41,0202aa500317dcec005a5811460e29efbf1ffffffc2246cd1e00000fc0007ebfe9ed0737feebfff600,1,TX 41 seq=7101 rx_latency=1ms tx_dur=1ms,14.269,
2725,10,792,2857370392,2026-07-14T15:02:26.384325+00:00,79.100174,56656,41,0202aa500318dd50005a5811460e29efbf1ffffffc2246cd1e00000fc0007ebfe9ed0737feebfff600,1,TX 41 seq=7102 rx_latency=1ms tx_dur=1ms,16.970,
2725,10,793,2857370393,2026-07-14T15:02:26.484251+00:00,79.200083,56756,41,0202aa500319ddb4005a5811460e29efbf1ffffffc2246cd1e00000fc0007ebfe9ed0737feebfff600,1,TX 41 seq=7103 rx_latency=1ms tx_dur=1ms,18.870,
2725,10,794,2857370394,2026-07-14T15:02:26.584309+00:00,79.300132,56856,41,0202aa50031ade18005a5811460e29efbf1ffffffc2246cd1e00000fc0007ebfe9ed0737feebfff600,1,TX 41 seq=7104 rx_latency=1ms tx_dur=1ms,20.518,
2725,10,795,2857370395,2026-07-14T15:02:26.684317+00:00,79.400144,56956,41,0202aa50031bde7c005a5811460e29efbf1ffffffc2246cd1e00000fc0007ebfe9ed0737feebfff600,1,TX 41 seq=7105 rx_latency=1ms tx_dur=1ms,22.282,
2725,10,796,2857370396,2026-07-14T15:02:26.784313+00:00,79.500140,57056,41,0202aa50031cdee0005a5811460e29efbf1ffffffc2246cd1e00000fc0007ebfe9ed0737feebfff600,1,TX 41 seq=7106 rx_latency=1ms tx_dur=1ms,14.900,
2725,10,797,2857370397,2026-07-14T15:02:26.884308+00:00,79.600134,57156,41,0202aa50031ddf44005a5811460e29efbf1ffffffc2246cd1e00000fc0007ebfe9ed0737feebfff600,1,TX 41 seq=7107 rx_latency=1ms tx_dur=1ms,16.409,
2725,10,798,2857370398,2026-07-14T15:02:26.984316+00:00,79.700141,57256,41,0202aa50031edfa8005a5811460e29efbf1ffffffc2246cd1e00000fc0007ebfe9ed0737feebfff600,1,TX 41 seq=7108 rx_latency=1ms tx_dur=1ms,19.260,
2725,10,799,2857370399,2026-07-14T15:02:27.084307+00:00,79.800128,57356,41,0202aa50031fe00c005a5811460e29efbf1ffffffc2246cd1e00000fc0007ebfe9ed0737feebfff600,1,TX 41 seq=7109 rx_latency=1ms tx_dur=1ms,20.959,
2725,10,800,2857370400,2026-07-14T15:02:27.184317+00:00,79.900145,57456,41,0202aa500320e070005a5811460e29efbf1ffffffc2246cd1e00000fc0007ebfe9ed0737feebfff600,1,TX 41 seq=7110 rx_latency=1ms tx_dur=1ms,22.710,
2725,10,801,2857370401,2026-07-14T15:02:27.284316+00:00,80.000150,57556,41,0202aa500321e0d4005a5811460e29efbf1ffffffc2246cd1e00000fc0007ebfe9ed0737feebfff600,1,TX 41 seq=7111 rx_latency=1ms tx_dur=1ms,14.229,
2725,10,802,2857370402,2026-07-14T15:02:27.384319+00:00,80.100153,57656,41,0202aa500322e138005a5811460e29efbf1ffffffc2246cd1e00000fc0007ebfe9ed0737feebfff600,1,TX 41 seq=7112 rx_latency=1ms tx_dur=1ms,17.065,
2725,10,803,2857370403,2026-07-14T15:02:27.484307+00:00,80.200131,57756,41,0202aa500323e19c005a5811460e29efbf1ffffffc2246cd1e00000fc0007ebfe9ed0737feebfff600,1,TX 41 seq=7113 rx_latency=1ms tx_dur=1ms,18.807,
2725,10,804,2857370404,2026-07-14T15:02:27.584316+00:00,80.300143,57856,41,0202aa500324e200005a5811460e29efbf1ffffffc2246cd1e00000fc0007ebfe9ed0737feebfff600,1,TX 41 seq=7114 rx_latency=1ms tx_dur=1ms,20.541,
2725,10,805,2857370405,2026-07-14T15:02:27.684280+00:00,80.400107,57956,41,0202aa500325e264005a5811460e29efbf1ffffffc2246cd1e00000fc0007ebfe9ed0737feebfff600,1,TX 41 seq=7115 rx_latency=1ms tx_dur=1ms,23.372,
2725,10,806,2857370406,2026-07-14T15:02:27.784316+00:00,80.500143,58056,41,0202aa500326e2c8005a5811460e29efbf1ffffffc2246cd1e00000fc0007ebfe9ed0737feebfff600,1,TX 41 seq=7116 rx_latency=1ms tx_dur=1ms,14.937,
2725,10,807,2857370407,2026-07-14T15:02:27.884306+00:00,80.600126,58156,41,0202aa500327e32c005a5811460e29efbf1ffffffc2246cd1e00000fc0007ebfe9ed0737feebfff600,1,TX 41 seq=7117 rx_latency=1ms tx_dur=1ms,16.668,
2725,10,808,2857370408,2026-07-14T15:02:27.984316+00:00,80.700141,58256,41,0202aa500328e390005a5811460e29efbf1ffffffc2246cd1e00000fc0007ebfe9ed0737feebfff600,1,TX 41 seq=7118 rx_latency=1ms tx_dur=1ms,18.393,
2725,10,809,2857370409,2026-07-14T15:02:28.084308+00:00,80.800130,58356,41,0202aa500329e3f4005a5811460e29efbf1ffffffc2246cd1e00000fc0007ebfe9ed0737feebfff600,1,TX 41 seq=7119 rx_latency=1ms tx_dur=1ms,21.187,
2725,10,810,2857370410,2026-07-14T15:02:28.184315+00:00,80.900142,58456,41,0202aa50032ae458005a5811460e29efbf1ffffffc2246cd1e00000fc0007ebfe9ed0737feebfff600,1,TX 41 seq=7120 rx_latency=1ms tx_dur=1ms,22.733,
2725,10,811,2857370411,2026-07-14T15:02:28.284309+00:00,81.000132,58556,41,0202aa50032be4bc005a5811460e29efbf1ffffffc2246cd1e00000fc0007ebfe9ed0737feebfff600,1,TX 41 seq=7121 rx_latency=1ms tx_dur=1ms,14.510,
2725,10,812,2857370412,2026-07-14T15:02:28.384316+00:00,81.100142,58656,41,0202aa50032ce520005a5811460e29efbf1ffffffc2246cd1e00000fc0007ebfe9ed0737feebfff600,1,TX 41 seq=7122 rx_latency=1ms tx_dur=1ms,16.233,
2725,10,813,2857370413,2026-07-14T15:02:28.484308+00:00,81.200130,58756,41,0202aa50032de584005a5811460e29efbf1ffffffc2246cd1e00000fc0007ebfe9ed0737feebfff600,1,TX 41 seq=7123 rx_latency=1ms tx_dur=1ms,19.036,
2725,10,814,2857370414,2026-07-14T15:02:28.584324+00:00,81.300166,58856,41,0202aa50032ee5e8005a5811460e29efbf1ffffffc2246cd1e00000fc0007ebfe9ed0737feebfff600,1,TX 41 seq=7124 rx_latency=1ms tx_dur=1ms,20.513,
2725,10,815,2857370415,2026-07-14T15:02:28.684309+00:00,81.400134,58956,41,0202aa50032fe64c005a5811460e29efbf1ffffffc2246cd1e00000fc0007ebfe9ed0737feebfff600,1,TX 41 seq=7125 rx_latency=1ms tx_dur=1ms,22.271,
2725,10,816,2857370416,2026-07-14T15:02:28.784315+00:00,81.500142,59056,41,0202aa500330e6b0005a5811460e29efbf1ffffffc2246cd1e00000fc0007ebfe9ed0737feebfff600,1,TX 41 seq=7126 rx_latency=1ms tx_dur=1ms,15.206,
2725,10,817,2857370417,2026-07-14T15:02:28.884308+00:00,81.600130,59156,41,0202aa500331e714005a5811460e29efbf1ffffffc2246cd1e00000fc0007ebfe9ed0737feebfff600,1,TX 41 seq=7127 rx_latency=1ms tx_dur=1ms,16.898,
2725,10,818,2857370418,2026-07-14T15:02:28.984315+00:00,81.700140,59256,41,0202aa500332e778005a5811460e29efbf1ffffffc2246cd1e00000fc0007ebfe9ed0737feebfff600,1,TX 41 seq=7128 rx_latency=1ms tx_dur=1ms,18.417,
2725,10,819,2857370419,2026-07-14T15:02:29.084311+00:00,81.800135,59356,41,0202aa500333e7dc005a5811460e29efbf1ffffffc2246cd1e00000fc0007ebfe9ed0737feebfff600,1,TX 41 seq=7129 rx_latency=1ms tx_dur=1ms,21.207,
2725,10,820,2857370420,2026-07-14T15:02:29.184317+00:00,81.900144,59456,41,0202aa500334e840005a5811460e29efbf1ffffffc2246cd1e00000fc0007ebfe9ed0737feebfff600,1,TX 41 seq=7130 rx_latency=1ms tx_dur=1ms,22.974,
2725,10,821,2857370421,2026-07-14T15:02:29.284308+00:00,82.000133,59556,41,0202aa500335e8a4005a5811460e29efbf1ffffffc2246cd1e00000fc0007ebfe9ed0737feebfff600,1,TX 41 seq=7131 rx_latency=1ms tx_dur=1ms,14.746,
2725,10,822,2857370422,2026-07-14T15:02:29.384316+00:00,82.100143,59656,41,0202aa500336e908005a5811460e29efbf1ffffffc2246cd1e00000fc0007ebfe9ed0737feebfff600,1,TX 41 seq=7132 rx_latency=1ms tx_dur=1ms,16.390,
2725,10,823,2857370423,2026-07-14T15:02:29.484318+00:00,82.200158,59756,41,0202aa500337e96c005a5811460e29efbf1ffffffc2246cd1e00000fc0007ebfe9ed0737feebfff600,1,TX 41 seq=7133 rx_latency=1ms tx_dur=1ms,18.979,
2725,10,824,2857370424,2026-07-14T15:02:29.584319+00:00,82.300155,59856,41,0202aa500338e9d0005a5811460e29efbf1ffffffc2246cd1e00000fc0007ebfe9ed0737feebfff600,1,TX 41 seq=7134 rx_latency=1ms tx_dur=1ms,20.803,
2725,10,825,2857370425,2026-07-14T15:02:29.684313+00:00,82.400145,59956,41,0202aa500339ea34005a5811460e29efbf1ffffffc2246cd1e00000fc0007ebfe9ed0737feebfff600,1,TX 41 seq=7135 rx_latency=1ms tx_dur=1ms,22.438,
2725,10,826,2857370426,2026-07-14T15:02:29.784313+00:00,82.500143,60056,41,0202aa50033aea98005a5811460e29efbf1ffffffc2246cd1e00000fc0007ebfe9ed0737feebfff600,1,TX 41 seq=7136 rx_latency=1ms tx_dur=1ms,15.229,
2725,10,827,2857370427,2026-07-14T15:02:29.884308+00:00,82.600129,60156,41,0202aa50033beafc005a5811460e29efbf1ffffffc2246cd1e00000fc0007ebfe9ed0737feebfff600,1,TX 41 seq=7137 rx_latency=1ms tx_dur=1ms,16.921,
2725,10,828,2857370428,2026-07-14T15:02:29.984316+00:00,82.700143,60256,41,0202aa50033ceb60005a5811460e29efbf1ffffffc2246cd1e00000fc0007ebfe9ed0737feebfff600,1,TX 41 seq=7138 rx_latency=1ms tx_dur=1ms,18.658,
2725,10,829,2857370429,2026-07-14T15:02:30.084309+00:00,82.800130,60356,41,0202aa50033debc4005a5811460e29efbf1ffffffc2246cd1e00000fc0007ebfe9ed0737feebfff600,1,TX 41 seq=7139 rx_latency=1ms tx_dur=1ms,20.384,
2725,10,830,2857370430,2026-07-14T15:02:30.184314+00:00,82.900143,60456,41,0202aa50033eec28005a5811460e29efbf1ffffffc2246cd1e00000fc0007ebfe9ed0737feebfff600,1,TX 41 seq=7140 rx_latency=1ms tx_dur=1ms,23.000,
2725,10,831,2857370431,2026-07-14T15:02:30.284310+00:00,83.000137,60556,41,0202aa50033fec8c005a5811460e29efbf1ffffffc2246cd1e00000fc0007ebfe9ed0737feebfff600,1,TX 41 seq=7141 rx_latency=1ms tx_dur=1ms,14.765,
2725,10,832,2857370432,2026-07-14T15:02:30.384315+00:00,83.100143,60656,41,0202aa500340ecf0005a5811460e29efbf1ffffffc2246cd1e00000fc0007ebfe9ed0737feebfff600,1,TX 41 seq=7142 rx_latency=1ms tx_dur=1ms,16.498,
2725,10,833,2857370433,2026-07-14T15:02:30.484311+00:00,83.200138,60756,41,0202aa500341ed54005a5811460e29efbf1ffffffc2246cd1e00000fc0007ebfe9ed0737feebfff600,1,TX 41 seq=7143 rx_latency=1ms tx_dur=1ms,19.283,
2725,10,834,2857370434,2026-07-14T15:02:30.584313+00:00,83.300140,60856,41,0202aa500342edb8005a5811460e29efbf1ffffffc2246cd1e00000fc0007ebfe9ed0737feebfff600,1,TX 41 seq=7144 rx_latency=1ms tx_dur=1ms,20.840,
2725,10,835,2857370435,2026-07-14T15:02:30.684307+00:00,83.400128,60956,41,0202aa500343ee1c005a5811460e29efbf1ffffffc2246cd1e00000fc0007ebfe9ed0737feebfff600,1,TX 41 seq=7145 rx_latency=1ms tx_dur=1ms,22.532,
2725,10,836,2857370436,2026-07-14T15:02:30.784313+00:00,83.500139,61056,41,0202aa500344ee80005a5811460e29efbf1ffffffc2246cd1e00000fc0007ebfe9ed0737feebfff600,1,TX 41 seq=7146 rx_latency=1ms tx_dur=1ms,14.332,
2725,10,837,2857370437,2026-07-14T15:02:30.884317+00:00,83.600154,61156,41,0202aa500345eee4005a5811460e29efbf1ffffffc2246cd1e00000fc0007ebfe9ed0737feebfff600,1,TX 41 seq=7147 rx_latency=1ms tx_dur=1ms,17.093,
2725,10,838,2857370438,2026-07-14T15:02:30.984315+00:00,83.700143,61256,41,0202aa500346ef48005a5811460e29efbf1ffffffc2246cd1e00000fc0007ebfe9ed0737feebfff600,1,TX 41 seq=7148 rx_latency=1ms tx_dur=1ms,18.674,
2725,10,839,2857370439,2026-07-14T15:02:31.084309+00:00,83.800132,61356,41,0202aa500347efac005a5811460e29efbf1ffffffc2246cd1e00000fc0007ebfe9ed0737feebfff600,1,TX 41 seq=7149 rx_latency=1ms tx_dur=1ms,20.381,
2725,10,840,2857370440,2026-07-14T15:02:31.184311+00:00,83.900137,61456,41,0202aa500348f010005a5811460e29efbf1ffffffc2246cd1e00000fc0007ebfe9ed0737feebfff600,1,TX 41 seq=7150 rx_latency=1ms tx_dur=1ms,23.253,
2725,10,841,2857370441,2026-07-14T15:02:31.284311+00:00,84.000137,61556,41,0202aa500349f074005a5811460e29efbf1ffffffc2246cd1e00000fc0007ebfe9ed0737feebfff600,1,TX 41 seq=7151 rx_latency=1ms tx_dur=1ms,14.999,
2725,10,842,2857370442,2026-07-14T15:02:31.384314+00:00,84.100144,61656,41,0202aa50034af0d8005a5811460e29efbf1ffffffc2246cd1e00000fc0007ebfe9ed0737feebfff600,1,TX 41 seq=7152 rx_latency=1ms tx_dur=1ms,16.736,
2725,10,843,2857370443,2026-07-14T15:02:31.484315+00:00,84.200140,61756,41,0202aa50034bf13c005a5811460e29efbf1ffffffc2246cd1e00000fc0007ebfe9ed0737feebfff600,1,TX 41 seq=7153 rx_latency=1ms tx_dur=1ms,18.246,
2725,10,844,2857370444,2026-07-14T15:02:31.584305+00:00,84.300125,61856,41,0202aa50034cf1a0005a5811460e29efbf1ffffffc2246cd1e00000fc0007ebfe9ed0737feebfff600,1,TX 41 seq=7154 rx_latency=1ms tx_dur=1ms,20.840,
2725,10,845,2857370445,2026-07-14T15:02:31.684332+00:00,84.400185,61956,41,0202aa50034df204005a5811460e29efbf1ffffffc2246cd1e00000fc0007ebfe9ed0737feebfff600,1,TX 41 seq=7155 rx_latency=1ms tx_dur=1ms,22.471,
2725,10,846,2857370446,2026-07-14T15:02:31.784304+00:00,84.500133,62056,41,0202aa50034ef268005a5811460e29efbf1ffffffc2246cd1e00000fc0007ebfe9ed0737feebfff600,1,TX 41 seq=7156 rx_latency=1ms tx_dur=1ms,14.334,
2725,10,847,2857370447,2026-07-14T15:02:31.884323+00:00,84.600165,62156,41,0202aa50034ff2cc005a5811460e29efbf1ffffffc2246cd1e00000fc0007ebfe9ed0737feebfff600,1,TX 41 seq=7157 rx_latency=1ms tx_dur=1ms,17.123,
2725,10,848,2857370448,2026-07-14T15:02:31.984309+00:00,84.700133,62256,41,0202aa500350f330005a5811460e29efbf1ffffffc2246cd1e00000fc0007ebfe9ed0737feebfff600,1,TX 41 seq=7158 rx_latency=1ms tx_dur=1ms,18.675,
2725,10,849,2857370449,2026-07-14T15:02:32.084315+00:00,84.800143,62356,41,0202aa500351f394005a5811460e29efbf1ffffffc2246cd1e00000fc0007ebfe9ed0737feebfff600,1,TX 41 seq=7159 rx_latency=1ms tx_dur=1ms,20.415,
2725,10,850,2857370450,2026-07-14T15:02:32.184237+00:00,84.900058,62456,41,0202aa500352f3f8005a5811460e29efbf1ffffffc2246cd1e00000fc0007ebfe9ed0737feebfff600,1,TX 41 seq=7160 rx_latency=1ms tx_dur=1ms,23.299,
2725,10,851,2857370451,2026-07-14T15:02:32.284335+00:00,85.000191,62556,41,0202aa500353f45c005a5811460e29efbf1ffffffc2246cd1e00000fc0007ebfe9ed0737feebfff600,1,TX 41 seq=7161 rx_latency=1ms tx_dur=1ms,14.860,
2725,10,852,2857370452,2026-07-14T15:02:32.384314+00:00,85.100145,62656,41,0202aa500354f4c0005a5811460e29efbf1ffffffc2246cd1e00000fc0007ebfe9ed0737feebfff600,1,TX 41 seq=7162 rx_latency=1ms tx_dur=1ms,16.649,
2725,10,853,2857370453,2026-07-14T15:02:32.484316+00:00,85.200145,62756,41,0202aa500355f524005a5811460e29efbf1ffffffc2246cd1e00000fc0007ebfe9ed0737feebfff600,1,TX 41 seq=7163 rx_latency=1ms tx_dur=1ms,19.215,
2725,10,854,2857370454,2026-07-14T15:02:32.584306+00:00,85.300128,62856,41,0202aa500356f588005a5811460e29efbf1ffffffc2246cd1e00000fc0007ebfe9ed0737feebfff600,1,TX 41 seq=7164 rx_latency=1ms tx_dur=1ms,20.721,
2725,10,855,2857370455,2026-07-14T15:02:32.684317+00:00,85.400144,62956,41,0202aa500357f5ec005a5811460e29efbf1ffffffc2246cd1e00000fc0007ebfe9ed0737feebfff600,1,TX 41 seq=7165 rx_latency=1ms tx_dur=1ms,22.460,
2725,10,856,2857370456,2026-07-14T15:02:32.784305+00:00,85.500128,63056,41,0202aa500358f650005a5811460e29efbf1ffffffc2246cd1e00000fc0007ebfe9ed0737feebfff600,1,TX 41 seq=7166 rx_latency=1ms tx_dur=1ms,15.333,
2725,10,857,2857370457,2026-07-14T15:02:32.884326+00:00,85.600168,63156,41,0202aa500359f6b4005a5811460e29efbf1ffffffc2246cd1e00000fc0007ebfe9ed0737feebfff600,1,TX 41 seq=7167 rx_latency=1ms tx_dur=1ms,16.996,
2725,10,858,2857370458,2026-07-14T15:02:32.984316+00:00,85.700156,63256,41,0202aa50035af718005a5811460e29efbf1ffffffc2246cd1e00000fc0007ebfe9ed0737feebfff600,1,TX 41 seq=7168 rx_latency=1ms tx_dur=1ms,18.515,
2725,10,859,2857370459,2026-07-14T15:02:33.084328+00:00,85.800186,63356,41,0202aa50035bf77c005a5811460e29efbf1ffffffc2246cd1e00000fc0007ebfe9ed0737feebfff600,1,TX 41 seq=7169 rx_latency=1ms tx_dur=1ms,20.233,
2725,10,860,2857370460,2026-07-14T15:02:33.184245+00:00,85.900090,63456,41,0202aa50035cf7e0005a5811460e29efbf1ffffffc2246cd1e00000fc0007ebfe9ed0737feebfff600,1,TX 41 seq=7170 rx_latency=1ms tx_dur=1ms,23.047,
2725,10,861,2857370461,2026-07-14T15:02:33.284328+00:00,86.000174,63556,41,0202aa50035df844005a5811460e29efbf1ffffffc2246cd1e00000fc0007ebfe9ed0737feebfff600,1,TX 41 seq=7171 rx_latency=1ms tx_dur=1ms,14.852,
2725,10,862,2857370462,2026-07-14T15:02:33.384262+00:00,86.100095,63656,41,0202aa50035ef8a8005a5811460e29efbf1ffffffc2246cd1e00000fc0007ebfe9ed0737feebfff600,1,TX 41 seq=7172 rx_latency=1ms tx_dur=1ms,16.414,
2725,10,863,2857370463,2026-07-14T15:02:33.484322+00:00,86.200159,63756,41,0202aa50035ff90c005a5811460e29efbf1ffffffc2246cd1e00000fc0007ebfe9ed0737feebfff600,1,TX 41 seq=7173 rx_latency=1ms tx_dur=1ms,19.236,
2725,10,864,2857370464,2026-07-14T15:02:33.584315+00:00,86.300148,63856,41,0202aa500360f970005a5811460e29efbf1ffffffc2246cd1e00000fc0007ebfe9ed0737feebfff600,1,TX 41 seq=7174 rx_latency=1ms tx_dur=1ms,20.886,
2725,10,865,2857370465,2026-07-14T15:02:33.684317+00:00,86.400147,63956,41,0202aa500361f9d4005a5811460e29efbf1ffffffc2246cd1e00000fc0007ebfe9ed0737feebfff600,1,TX 41 seq=7175 rx_latency=1ms tx_dur=1ms,22.664,
2725,10,866,2857370466,2026-07-14T15:02:33.784317+00:00,86.500153,64056,41,0202aa500362fa38005a5811460e29efbf1ffffffc2246cd1e00000fc0007ebfe9ed0737feebfff600,1,TX 41 seq=7176 rx_latency=1ms tx_dur=1ms,15.305,
2725,10,867,2857370467,2026-07-14T15:02:33.884319+00:00,86.600155,64156,41,0202aa500363fa9c005a5811460e29efbf1ffffffc2246cd1e00000fc0007ebfe9ed0737feebfff600,1,TX 41 seq=7177 rx_latency=1ms tx_dur=1ms,17.048,
2725,10,868,2857370468,2026-07-14T15:02:33.984315+00:00,86.700152,64256,41,0202aa500364fb00005a5811460e29efbf1ffffffc2246cd1e00000fc0007ebfe9ed0737feebfff600,1,TX 41 seq=7178 rx_latency=1ms tx_dur=1ms,18.720,
2725,10,869,2857370469,2026-07-14T15:02:34.084319+00:00,86.800151,64356,41,0202aa500365fb64005a5811460e29efbf1ffffffc2246cd1e00000fc0007ebfe9ed0737feebfff600,1,TX 41 seq=7179 rx_latency=1ms tx_dur=1ms,20.537,
2725,10,870,2857370470,2026-07-14T15:02:34.184317+00:00,86.900152,64456,41,0202aa500366fbc8005a5811460e29efbf1ffffffc2246cd1e00000fc0007ebfe9ed0737feebfff600,1,TX 41 seq=7180 rx_latency=1ms tx_dur=1ms,23.242,
2725,10,871,2857370471,2026-07-14T15:02:34.284322+00:00,87.000159,64556,41,0202aa500367fc2c005a5811460e29efbf1ffffffc2246cd1e00000fc0007ebfe9ed0737feebfff600,1,TX 41 seq=7181 rx_latency=1ms tx_dur=1ms,14.731,
2725,10,872,2857370472,2026-07-14T15:02:34.384320+00:00,87.100164,64656,41,0202aa500368fc90005a5811460e29efbf1ffffffc2246cd1e00000fc0007ebfe9ed0737feebfff600,1,TX 41 seq=7182 rx_latency=1ms tx_dur=1ms,17.315,
2725,10,873,2857370473,2026-07-14T15:02:34.484321+00:00,87.200156,64756,41,0202aa500369fcf4005a5811460e29efbf1ffffffc2246cd1e00000fc0007ebfe9ed0737feebfff600,1,TX 41 seq=7183 rx_latency=1ms tx_dur=1ms,19.114,
2725,10,874,2857370474,2026-07-14T15:02:34.584307+00:00,87.300130,64856,41,0202aa50036afd58005a5811460e29efbf1ffffffc2246cd1e00000fc0007ebfe9ed0737feebfff600,1,TX 41 seq=7184 rx_latency=1ms tx_dur=1ms,20.817,
2725,10,875,2857370475,2026-07-14T15:02:34.684317+00:00,87.400147,64956,41,0202aa50036bfdbc005a5811460e29efbf1ffffffc2246cd1e00000fc0007ebfe9ed0737feebfff600,1,TX 41 seq=7185 rx_latency=1ms tx_dur=1ms,22.566,
2725,10,876,2857370476,2026-07-14T15:02:34.784308+00:00,87.500133,65056,41,0202aa50036cfe20005a5811460e29efbf1ffffffc2246cd1e00000fc0007ebfe9ed0737feebfff600,1,TX 41 seq=7186 rx_latency=1ms tx_dur=1ms,15.262,
2725,10,877,2857370477,2026-07-14T15:02:34.884316+00:00,87.600148,65156,41,0202aa50036dfe84005a5811460e29efbf1ffffffc2246cd1e00000fc0007ebfe9ed0737feebfff600,1,TX 41 seq=7187 rx_latency=1ms tx_dur=1ms,16.954,
2725,10,878,2857370478,2026-07-14T15:02:34.984304+00:00,87.700128,65256,41,0202aa50036efee8005a5811460e29efbf1ffffffc2246cd1e00000fc0007ebfe9ed0737feebfff600,1,TX 41 seq=7188 rx_latency=1ms tx_dur=1ms,18.675,
2725,10,879,2857370479,2026-07-14T15:02:35.084315+00:00,87.800141,65356,41,0202aa50036fff4c005a5811460e29efbf1ffffffc2246cd1e00000fc0007ebfe9ed0737feebfff600,1,TX 41 seq=7189 rx_latency=1ms tx_dur=1ms,20.415,
2725,10,880,2857370480,2026-07-14T15:02:35.184314+00:00,87.900145,65456,41,0202aa500370ffb0005a5811460e29efbf1ffffffc2246cd1e00000fc0007ebfe9ed0737feebfff600,1,TX 41 seq=7190 rx_latency=1ms tx_dur=1ms,22.964,
2725,10,881,2857370481,2026-07-14T15:02:35.284316+00:00,88.000145,20,41,0202aa5003710014005a5811460e29efbf1ffffffc2246cd1e00000fc0007ebfe9ed0737feebfff600,1,TX 41 seq=7191 rx_latency=1ms tx_dur=1ms,14.785,
2725,10,882,2857370482,2026-07-14T15:02:35.384308+00:00,88.100134,120,41,0202aa5003720078005a5811460e29efbf1ffffffc2246cd1e00000fc0007ebfe9ed0737feebfff600,1,TX 41 seq=7192 rx_latency=1ms tx_dur=1ms,16.512,
2725,10,883,2857370483,2026-07-14T15:02:35.484316+00:00,88.200145,220,41,0202aa50037300dc005a5811460e29efbf1ffffffc2246cd1e00000fc0007ebfe9ed0737feebfff600,1,TX 41 seq=7193 rx_latency=1ms tx_dur=1ms,18.254,
2725,10,884,2857370484,2026-07-14T15:02:35.584316+00:00,88.300156,320,41,0202aa5003740140005a5811460e29efbf1ffffffc2246cd1e00000fc0007ebfe9ed0737feebfff600,1,TX 41 seq=7194 rx_latency=1ms tx_dur=1ms,20.790,
2725,10,885,2857370485,2026-07-14T15:02:35.684323+00:00,88.400161,420,41,0202aa50037501a4005a5811460e29efbf1ffffffc2246cd1e00000fc0007ebfe9ed0737feebfff600,1,TX 41 seq=7195 rx_latency=1ms tx_dur=1ms,22.564,
2725,10,886,2857370486,2026-07-14T15:02:35.784317+00:00,88.500151,520,41,0202aa5003760208005a5811460e29efbf1ffffffc2246cd1e00000fc0007ebfe9ed0737feebfff600,1,TX 41 seq=7196 rx_latency=1ms tx_dur=1ms,14.337,
2725,10,887,2857370487,2026-07-14T15:02:35.884317+00:00,88.600148,620,41,0202aa500377026c005a5811460e29efbf1ffffffc2246cd1e00000fc0007ebfe9ed0737feebfff600,1,TX 41 seq=7197 rx_latency=1ms tx_dur=1ms,17.180,
2725,10,888,2857370488,2026-07-14T15:02:35.984310+00:00,88.700132,720,41,0202aa50037802d0005a5811460e29efbf1ffffffc2246cd1e00000fc0007ebfe9ed0737feebfff600,1,TX 41 seq=7198 rx_latency=1ms tx_dur=1ms,18.704,
2725,10,889,2857370489,2026-07-14T15:02:36.084319+00:00,88.800151,820,41,0202aa5003790334005a5811460e29efbf1ffffffc2246cd1e00000fc0007ebfe9ed0737feebfff600,1,TX 41 seq=7199 rx_latency=1ms tx_dur=1ms,20.425,
2725,10,890,2857370490,2026-07-14T15:02:36.184316+00:00,88.900151,920,41,0202aa50037a0398005a5811460e29efbf1ffffffc2246cd1e00000fc0007ebfe9ed0737feebfff600,1,TX 41 seq=7200 rx_latency=1ms tx_dur=1ms,23.202,
2725,10,891,2857370491,2026-07-14T15:02:36.284316+00:00,89.000145,1020,41,0202aa50037b03fc005a5811460e29efbf1ffffffc2246cd1e00000fc0007ebfe9ed0737feebfff600,1,TX 41 seq=7201 rx_latency=1ms tx_dur=1ms,15.029,
2725,10,892,2857370492,2026-07-14T15:02:36.384310+00:00,89.100134,1120,41,0202aa50037c0460005a5811460e29efbf1ffffffc2246cd1e00000fc0007ebfe9ed0737feebfff600,1,TX 41 seq=7202 rx_latency=1ms tx_dur=1ms,16.709,
2725,10,893,2857370493,2026-07-14T15:02:36.484318+00:00,89.200147,1220,41,0202aa50037d04c4005a5811460e29efbf1ffffffc2246cd1e00000fc0007ebfe9ed0737feebfff600,1,TX 41 seq=7203 rx_latency=1ms tx_dur=1ms,19.234,
2725,10,894,2857370494,2026-07-14T15:02:36.584308+00:00,89.300140,1320,41,0202aa50037e0528005a5811460e29efbf1ffffffc2246cd1e00000fc0007ebfe9ed0737feebfff600,1,TX 41 seq=7204 rx_latency=1ms tx_dur=1ms,20.736,
2725,10,895,2857370495,2026-07-14T15:02:36.684320+00:00,89.400151,1420,41,0202aa50037f058c005a5811460e29efbf1ffffffc2246cd1e00000fc0007ebfe9ed0737feebfff600,1,TX 41 seq=7205 rx_latency=1ms tx_dur=1ms,22.460,
2725,10,896,2857370496,2026-07-14T15:02:36.784232+00:00,89.500055,1520,41,0202aa50038005f0005a5811460e29efbf1ffffffc2246cd1e00000fc0007ebfe9ed0737feebfff600,1,TX 41 seq=7206 rx_latency=1ms tx_dur=1ms,15.438,
2725,10,897,2857370497,2026-07-14T15:02:36.884253+00:00,89.600080,1620,41,0202aa5003810654005a5811460e29efbf1ffffffc2246cd1e00000fc0007ebfe9ed0737feebfff600,1,TX 41 seq=7207 rx_latency=1ms tx_dur=1ms,17.141,
2725,10,898,2857370498,2026-07-14T15:02:36.984310+00:00,89.700141,1720,41,0202aa50038206b8005a5811460e29efbf1ffffffc2246cd1e00000fc0007ebfe9ed0737feebfff600,1,TX 41 seq=7208 rx_latency=1ms tx_dur=1ms,18.549,
2725,10,899,2857370499,2026-07-14T15:02:37.084300+00:00,89.800132,1820,41,0202aa500383071c005a5811460e29efbf1ffffffc2246cd1e00000fc0007ebfe9ed0737feebfff600,1,TX 41 seq=7209 rx_latency=1ms tx_dur=1ms,20.320,
2725,10,900,2857370500,2026-07-14T15:02:37.184245+00:00,89.900072,1920,41,0202aa5003840780005a5811460e29efbf1ffffffc2246cd1e00000fc0007ebfe9ed0737feebfff600,1,TX 41 seq=7210 rx_latency=1ms tx_dur=1ms,23.150,
2725,10,901,2857370501,2026-07-14T15:02:37.284329+00:00,90.000177,2020,41,0202aa50038507e4005a5811460e29efbf1ffffffc2246cd1e00000fc0007ebfe9ed0737feebfff600,1,TX 41 seq=7211 rx_latency=1ms tx_dur=1ms,14.839,
2725,10,902,2857370502,2026-07-14T15:02:37.384308+00:00,90.100134,2120,41,0202aa5003860848005a5811460e29efbf1ffffffc2246cd1e00000fc0007ebfe9ed0737feebfff600,1,TX 41 seq=7212 rx_latency=1ms tx_dur=1ms,16.454,
2725,10,903,2857370503,2026-07-14T15:02:37.484321+00:00,90.200155,2220,41,0202aa50038708ac005a5811460e29efbf1ffffffc2246cd1e00000fc0007ebfe9ed0737feebfff600,1,TX 41 seq=7213 rx_latency=1ms tx_dur=1ms,19.245,
2725,10,904,2857370504,2026-07-14T15:02:37.584317+00:00,90.300152,2320,41,0202aa5003880910005a5811460e29efbf1ffffffc2246cd1e00000fc0007ebfe9ed0737feebfff600,1,TX 41 seq=7214 rx_latency=1ms tx_dur=1ms,20.909,
2725,10,905,2857370505,2026-07-14T15:02:37.684327+00:00,90.400178,2420,41,0202aa5003890974005a5811460e29efbf1ffffffc2246cd1e00000fc0007ebfe9ed0737feebfff600,1,TX 41 seq=7215 rx_latency=1ms tx_dur=1ms,22.558,
2725,10,906,2857370506,2026-07-14T15:02:37.784318+00:00,90.500154,2520,41,0202aa50038a09d8005a5811460e29efbf1ffffffc2246cd1e00000fc0007ebfe9ed0737feebfff600,1,TX 41 seq=7216 rx_latency=1ms tx_dur=1ms,14.229,
2725,10,907,2857370507,2026-07-14T15:02:37.884310+00:00,90.600133,2620,41,0202aa50038b0a3c005a5811460e29efbf1ffffffc2246cd1e00000fc0007ebfe9ed0737feebfff600,1,TX 41 seq=7217 rx_latency=1ms tx_dur=1ms,17.093,
2725,10,908,2857370508,2026-07-14T15:02:37.984316+00:00,90.700143,2720,41,0202aa50038c0aa0005a5811460e29efbf1ffffffc2246cd1e00000fc0007ebfe9ed0737feebfff600,1,TX 41 seq=7218 rx_latency=1ms tx_dur=1ms,18.834,
2725,10,909,2857370509,2026-07-14T15:02:38.084312+00:00,90.800134,2820,41,0202aa50038d0b04005a5811460e29efbf1ffffffc2246cd1e00000fc0007ebfe9ed0737feebfff600,1,TX 41 seq=7219 rx_latency=1ms tx_dur=1ms,20.524,
2725,10,910,2857370510,2026-07-14T15:02:38.184314+00:00,90.900143,2920,41,0202aa50038e0b68005a5811460e29efbf1ffffffc2246cd1e00000fc0007ebfe9ed0737feebfff600,1,TX 41 seq=7220 rx_latency=1ms tx_dur=1ms,23.289,
2725,10,911,2857370511,2026-07-14T15:02:38.284313+00:00,91.000140,3020,41,0202aa50038f0bcc005a5811460e29efbf1ffffffc2246cd1e00000fc0007ebfe9ed0737feebfff600,1,TX 41 seq=7221 rx_latency=1ms tx_dur=1ms,14.799,
2725,10,912,2857370512,2026-07-14T15:02:38.384312+00:00,91.100135,3120,41,0202aa5003900c30005a5811460e29efbf1ffffffc2246cd1e00000fc0007ebfe9ed0737feebfff600,1,TX 41 seq=7222 rx_latency=1ms tx_dur=1ms,16.446,
2725,10,913,2857370513,2026-07-14T15:02:38.484319+00:00,91.200149,3220,41,0202aa5003910c94005a5811460e29efbf1ffffffc2246cd1e00000fc0007ebfe9ed0737feebfff600,1,TX 41 seq=7223 rx_latency=1ms tx_dur=1ms,19.218,
2725,10,914,2857370514,2026-07-14T15:02:38.584310+00:00,91.300133,3320,41,0202aa5003920cf8005a5811460e29efbf1ffffffc2246cd1e00000fc0007ebfe9ed0737feebfff600,1,TX 41 seq=7224 rx_latency=1ms tx_dur=1ms,21.096,
2725,10,915,2857370515,2026-07-14T15:02:38.684322+00:00,91.400159,3420,41,0202aa5003930d5c005a5811460e29efbf1ffffffc2246cd1e00000fc0007ebfe9ed0737feebfff600,1,TX 41 seq=7225 rx_latency=1ms tx_dur=1ms,22.548,
2725,10,916,2857370516,2026-07-14T15:02:38.784307+00:00,91.500129,3520,41,0202aa5003940dc0005a5811460e29efbf1ffffffc2246cd1e00000fc0007ebfe9ed0737feebfff600,1,TX 41 seq=7226 rx_latency=1ms tx_dur=1ms,14.359,
2725,10,917,2857370517,2026-07-14T15:02:38.884323+00:00,91.600164,3620,41,0202aa5003950e24005a5811460e29efbf1ffffffc2246cd1e00000fc0007ebfe9ed0737feebfff600,1,TX 41 seq=7227 rx_latency=1ms tx_dur=1ms,17.057,
2725,10,918,2857370518,2026-07-14T15:02:38.984307+00:00,91.700135,3720,41,0202aa5003960e88005a5811460e29efbf1ffffffc2246cd1e00000fc0007ebfe9ed0737feebfff600,1,TX 41 seq=7228 rx_latency=1ms tx_dur=1ms,18.840,
2725,10,919,2857370519,2026-07-14T15:02:39.084319+00:00,91.800155,3820,41,0202aa5003970eec005a5811460e29efbf1ffffffc2246cd1e00000fc0007ebfe9ed0737feebfff600,1,TX 41 seq=7229 rx_latency=1ms tx_dur=1ms,20.415,
2725,10,920,2857370520,2026-07-14T15:02:39.184308+00:00,91.900134,3920,41,0202aa5003980f50005a5811460e29efbf1ffffffc2246cd1e00000fc0007ebfe9ed0737feebfff600,1,TX 41 seq=7230 rx_latency=1ms tx_dur=1ms,23.373,
2725,10,921,2857370521,2026-07-14T15:02:39.284312+00:00,92.000137,4020,41,0202aa5003990fb4005a5811460e29efbf1ffffffc2246cd1e00000fc0007ebfe9ed0737feebfff600,1,TX 41 seq=7231 rx_latency=1ms tx_dur=1ms,14.811,
2725,10,922,2857370522,2026-07-14T15:02:39.384313+00:00,92.100139,4120,41,0202aa50039a1018005a5811460e29efbf1ffffffc2246cd1e00000fc0007ebfe9ed0737feebfff600,1,TX 41 seq=7232 rx_latency=1ms tx_dur=1ms,16.333,
2725,10,923,2857370523,2026-07-14T15:02:39.484315+00:00,92.200144,4220,41,0202aa50039b107c005a5811460e29efbf1ffffffc2246cd1e00000fc0007ebfe9ed0737feebfff600,1,TX 41 seq=7233 rx_latency=1ms tx_dur=1ms,19.071,
2725,10,924,2857370524,2026-07-14T15:02:39.584309+00:00,92.300133,4320,41,0202aa50039c10e0005a5811460e29efbf1ffffffc2246cd1e00000fc0007ebfe9ed0737feebfff600,1,TX 41 seq=7234 rx_latency=1ms tx_dur=1ms,20.946,
2725,10,925,2857370525,2026-07-14T15:02:39.684321+00:00,92.400156,4420,41,0202aa50039d1144005a5811460e29efbf1ffffffc2246cd1e00000fc0007ebfe9ed0737feebfff600,1,TX 41 seq=7235 rx_latency=1ms tx_dur=1ms,22.496,
2725,10,926,2857370526,2026-07-14T15:02:39.784307+00:00,92.500130,4520,41,0202aa50039e11a8005a5811460e29efbf1ffffffc2246cd1e00000fc0007ebfe9ed0737feebfff600,1,TX 41 seq=7236 rx_latency=1ms tx_dur=1ms,15.349,
2725,10,927,2857370527,2026-07-14T15:02:39.884321+00:00,92.600159,4620,41,0202aa50039f120c005a5811460e29efbf1ffffffc2246cd1e00000fc0007ebfe9ed0737feebfff600,1,TX 41 seq=7237 rx_latency=1ms tx_dur=1ms,16.944,
2725,10,928,2857370528,2026-07-14T15:02:39.984309+00:00,92.700133,4720,41,0202aa5003a01270005a5811460e29efbf1ffffffc2246cd1e00000fc0007ebfe9ed0737feebfff600,1,TX 41 seq=7238 rx_latency=1ms tx_dur=1ms,18.784,
2725,10,929,2857370529,2026-07-14T15:02:40.084315+00:00,92.800141,4820,41,0202aa5003a112d4005a5811460e29efbf1ffffffc2246cd1e00000fc0007ebfe9ed0737feebfff600,1,TX 41 seq=7239 rx_latency=1ms tx_dur=1ms,20.409,
2725,10,930,2857370530,2026-07-14T15:02:40.184305+00:00,92.900126,4920,41,0202aa5003a21338005a5811460e29efbf1ffffffc2246cd1e00000fc0007ebfe9ed0737feebfff600,1,TX 41 seq=7240 rx_latency=1ms tx_dur=1ms,23.141,
2725,10,931,2857370531,2026-07-14T15:02:40.284325+00:00,93.000166,5020,41,0202aa5003a3139c005a5811460e29efbf1ffffffc2246cd1e00000fc0007ebfe9ed0737feebfff600,1,TX 41 seq=7241 rx_latency=1ms tx_dur=1ms,14.786,
2725,10,932,2857370532,2026-07-14T15:02:40.384310+00:00,93.100137,5120,41,0202aa5003a41400005a5811460e29efbf1ffffffc2246cd1e00000fc0007ebfe9ed0737feebfff600,1,TX 41 seq=7242 rx_latency=1ms tx_dur=1ms,16.589,
2725,10,933,2857370533,2026-07-14T15:02:40.484321+00:00,93.200155,5220,41,0202aa5003a51464005a5811460e29efbf1ffffffc2246cd1e00000fc0007ebfe9ed0737feebfff600,1,TX 41 seq=7243 rx_latency=1ms tx_dur=1ms,19.353,
2725,10,934,2857370534,2026-07-14T15:02:40.584307+00:00,93.300131,5320,41,0202aa5003a614c8005a5811460e29efbf1ffffffc2246cd1e00000fc0007ebfe9ed0737feebfff600,1,TX 41 seq=7244 rx_latency=1ms tx_dur=1ms,20.954,
2725,10,935,2857370535,2026-07-14T15:02:40.684315+00:00,93.400142,5420,41,0202aa5003a7152c005a5811460e29efbf1ffffffc2246cd1e00000fc0007ebfe9ed0737feebfff600,1,TX 41 seq=7245 rx_latency=1ms tx_dur=1ms,22.605,
2725,10,936,2857370536,2026-07-14T15:02:40.784307+00:00,93.500130,5520,41,0202aa5003a81590005a5811460e29efbf1ffffffc2246cd1e00000fc0007ebfe9ed0737feebfff600,1,TX 41 seq=7246 rx_latency=1ms tx_dur=1ms,14.416,
2725,10,937,2857370537,2026-07-14T15:02:40.884316+00:00,93.600141,5620,41,0202aa5003a915f4005a5811460e29efbf1ffffffc2246cd1e00000fc0007ebfe9ed0737feebfff600,1,TX 41 seq=7247 rx_latency=1ms tx_dur=1ms,17.259,
2725,10,938,2857370538,2026-07-14T15:02:40.984306+00:00,93.700127,5720,41,0202aa5003aa1658005a5811460e29efbf1ffffffc2246cd1e00000fc0007ebfe9ed0737feebfff600,1,TX 41 seq=7248 rx_latency=1ms tx_dur=1ms,19.108,
2725,10,939,2857370539,2026-07-14T15:02:41.084320+00:00,93.800162,5820,41,0202aa5003ab16bc005a5811460e29efbf1ffffffc2246cd1e00000fc0007ebfe9ed0737feebfff600,1,TX 41 seq=7249 rx_latency=1ms tx_dur=1ms,20.594,
2725,10,940,2857370540,2026-07-14T15:02:41.184308+00:00,93.900132,5920,41,0202aa5003ac1720005a5811460e29efbf1ffffffc2246cd1e00000fc0007ebfe9ed0737feebfff600,1,TX 41 seq=7250 rx_latency=1ms tx_dur=1ms,23.454,
2725,10,941,2857370541,2026-07-14T15:02:41.284331+00:00,94.000186,6020,41,0202aa5003ad1784005a5811460e29efbf1ffffffc2246cd1e00000fc0007ebfe9ed0737feebfff600,1,TX 41 seq=7251 rx_latency=1ms tx_dur=1ms,15.075,
2725,10,942,2857370542,2026-07-14T15:02:41.384300+00:00,94.100128,6120,41,0202aa5003ae17e8005a5811460e29efbf1ffffffc2246cd1e00000fc0007ebfe9ed0737feebfff600,1,TX 41 seq=7252 rx_latency=1ms tx_dur=1ms,16.902,
2725,10,943,2857370543,2026-07-14T15:02:41.484317+00:00,94.200148,6220,41,0202aa5003af184c005a5811460e29efbf1ffffffc2246cd1e00000fc0007ebfe9ed0737feebfff600,1,TX 41 seq=7253 rx_latency=1ms tx_dur=1ms,18.428,
2725,10,944,2857370544,2026-07-14T15:02:41.584308+00:00,94.300138,6320,41,0202aa5003b018b0005a5811460e29efbf1ffffffc2246cd1e00000fc0007ebfe9ed0737feebfff600,1,TX 41 seq=7254 rx_latency=1ms tx_dur=1ms,21.229,
2725,10,945,2857370545,2026-07-14T15:02:41.684313+00:00,94.400141,6420,41,0202aa5003b11914005a5811460e29efbf1ffffffc2246cd1e00000fc0007ebfe9ed0737feebfff600,1,TX 41 seq=7255 rx_latency=1ms tx_dur=1ms,23.011,
2725,10,946,2857370546,2026-07-14T15:02:41.784308+00:00,94.500129,6520,41,0202aa5003b21978005a5811460e29efbf1ffffffc2246cd1e00000fc0007ebfe9ed0737feebfff600,1,TX 41 seq=7256 rx_latency=1ms tx_dur=1ms,14.776,
2725,10,947,2857370547,2026-07-14T15:02:41.884313+00:00,94.600139,6620,41,0202aa5003b319dc005a5811460e29efbf1ffffffc2246cd1e00000fc0007ebfe9ed0737feebfff600,1,TX 41 seq=7257 rx_latency=1ms tx_dur=1ms,16.312,
2725,10,948,2857370548,2026-07-14T15:02:41.984316+00:00,94.700140,6720,41,0202aa5003b41a40005a5811460e29efbf1ffffffc2246cd1e00000fc0007ebfe9ed0737feebfff600,1,TX 41 seq=7258 rx_latency=1ms tx_dur=1ms,19.158,
2725,10,949,2857370549,2026-07-14T15:02:42.084309+00:00,94.800135,6820,41,0202aa5003b51aa4005a5811460e29efbf1ffffffc2246cd1e00000fc0007ebfe9ed0737feebfff600,1,TX 41 seq=7259 rx_latency=1ms tx_dur=1ms,20.825,
2725,10,950,2857370550,2026-07-14T15:02:42.184322+00:00,94.900159,6920,41,0202aa5003b61b08005a5811460e29efbf1ffffffc2246cd1e00000fc0007ebfe9ed0737feebfff600,1,TX 41 seq=7260 rx_latency=1ms tx_dur=1ms,22.516,
2725,10,951,2857370551,2026-07-14T15:02:42.284307+00:00,95.000131,7020,41,0202aa5003b71b6c005a5811460e29efbf1ffffffc2246cd1e00000fc0007ebfe9ed0737feebfff600,1,TX 41 seq=7261 rx_latency=1ms tx_dur=1ms,15.261,
2725,10,952,2857370552,2026-07-14T15:02:42.384317+00:00,95.100147,7120,41,0202aa5003b81bd0005a5811460e29efbf1ffffffc2246cd1e00000fc0007ebfe9ed0737feebfff600,1,TX 41 seq=7262 rx_latency=1ms tx_dur=1ms,16.951,
2725,10,953,2857370553,2026-07-14T15:02:42.484306+00:00,95.200128,7220,41,0202aa5003b91c34005a5811460e29efbf1ffffffc2246cd1e00000fc0007ebfe9ed0737feebfff600,1,TX 41 seq=7263 rx_latency=1ms tx_dur=1ms,18.676,
2725,10,954,2857370554,2026-07-14T15:02:42.584315+00:00,95.300143,7320,41,0202aa5003ba1c98005a5811460e29efbf1ffffffc2246cd1e00000fc0007ebfe9ed0737feebfff600,1,TX 41 seq=7264 rx_latency=1ms tx_dur=1ms,20.403,
2725,10,955,2857370555,2026-07-14T15:02:42.684308+00:00,95.400133,7420,41,0202aa5003bb1cfc005a5811460e29efbf1ffffffc2246cd1e00000fc0007ebfe9ed0737feebfff600,1,TX 41 seq=7265 rx_latency=1ms tx_dur=1ms,22.974,
2725,10,956,2857370556,2026-07-14T15:02:42.784315+00:00,95.500140,7520,41,0202aa5003bc1d60005a5811460e29efbf1ffffffc2246cd1e00000fc0007ebfe9ed0737feebfff600,1,TX 41 seq=7266 rx_latency=1ms tx_dur=1ms,14.788,
2725,10,957,2857370557,2026-07-14T15:02:42.884307+00:00,95.600126,7620,41,0202aa5003bd1dc4005a5811460e29efbf1ffffffc2246cd1e00000fc0007ebfe9ed0737feebfff600,1,TX 41 seq=7267 rx_latency=1ms tx_dur=1ms,16.530,
2725,10,958,2857370558,2026-07-14T15:02:42.984314+00:00,95.700139,7720,41,0202aa5003be1e28005a5811460e29efbf1ffffffc2246cd1e00000fc0007ebfe9ed0737feebfff600,1,TX 41 seq=7268 rx_latency=1ms tx_dur=1ms,19.363,
2725,10,959,2857370559,2026-07-14T15:02:43.084306+00:00,95.800129,7820,41,0202aa5003bf1e8c005a5811460e29efbf1ffffffc2246cd1e00000fc0007ebfe9ed0737feebfff600,1,TX 41 seq=7269 rx_latency=1ms tx_dur=1ms,20.841,
2725,10,960,2857370560,2026-07-14T15:02:43.184323+00:00,95.900160,7920,41,0202aa5003c01ef0005a5811460e29efbf1ffffffc2246cd1e00000fc0007ebfe9ed0737feebfff600,1,TX 41 seq=7270 rx_latency=1ms tx_dur=1ms,22.557,
2725,10,961,2857370561,2026-07-14T15:02:43.284307+00:00,96.000132,8020,41,0202aa5003c11f54005a5811460e29efbf1ffffffc2246cd1e00000fc0007ebfe9ed0737feebfff600,1,TX 41 seq=7271 rx_latency=1ms tx_dur=1ms,14.372,
2725,10,962,2857370562,2026-07-14T15:02:43.384315+00:00,96.100142,8120,41,0202aa5003c21fb8005a5811460e29efbf1ffffffc2246cd1e00000fc0007ebfe9ed0737feebfff600,1,TX 41 seq=7272 rx_latency=1ms tx_dur=1ms,17.201,
2725,10,963,2857370563,2026-07-14T15:02:43.484305+00:00,96.200125,8220,41,0202aa5003c3201c005a5811460e29efbf1ffffffc2246cd1e00000fc0007ebfe9ed0737feebfff600,1,TX 41 seq=7273 rx_latency=1ms tx_dur=1ms,18.699,
2725,10,964,2857370564,2026-07-14T15:02:43.584318+00:00,96.300148,8320,41,0202aa5003c42080005a5811460e29efbf1ffffffc2246cd1e00000fc0007ebfe9ed0737feebfff600,1,TX 41 seq=7274 rx_latency=1ms tx_dur=1ms,20.427,
2725,10,965,2857370565,2026-07-14T15:02:43.684321+00:00,96.400172,8420,41,0202aa5003c520e4005a5811460e29efbf1ffffffc2246cd1e00000fc0007ebfe9ed0737feebfff600,1,TX 41 seq=7275 rx_latency=1ms tx_dur=1ms,23.134,
2725,10,966,2857370566,2026-07-14T15:02:43.784319+00:00,96.500150,8520,41,0202aa5003c62148005a5811460e29efbf1ffffffc2246cd1e00000fc0007ebfe9ed0737feebfff600,1,TX 41 seq=7276 rx_latency=1ms tx_dur=1ms,15.003,
2725,10,967,2857370567,2026-07-14T15:02:43.884306+00:00,96.600129,8620,41,0202aa5003c721ac005a5811460e29efbf1ffffffc2246cd1e00000fc0007ebfe9ed0737feebfff600,1,TX 41 seq=7277 rx_latency=1ms tx_dur=1ms,16.701,
2725,10,968,2857370568,2026-07-14T15:02:43.984314+00:00,96.700139,8720,41,0202aa5003c82210005a5811460e29efbf1ffffffc2246cd1e00000fc0007ebfe9ed0737feebfff600,1,TX 41 seq=7278 rx_latency=1ms tx_dur=1ms,19.245,
2725,10,969,2857370569,2026-07-14T15:02:44.084330+00:00,96.800154,8820,41,0202aa5003c92274005a5811460e29efbf1ffffffc2246cd1e00000fc0007ebfe9ed0737feebfff600,1,TX 41 seq=7279 rx_latency=1ms tx_dur=1ms,20.705,
2725,10,970,2857370570,2026-07-14T15:02:44.184319+00:00,96.900149,8920,41,0202aa5003ca22d8005a5811460e29efbf1ffffffc2246cd1e00000fc0007ebfe9ed0737feebfff600,1,TX 41 seq=7280 rx_latency=1ms tx_dur=1ms,22.467,
2725,10,971,2857370571,2026-07-14T15:02:44.284307+00:00,97.000129,9020,41,0202aa5003cb233c005a5811460e29efbf1ffffffc2246cd1e00000fc0007ebfe9ed0737feebfff600,1,TX 41 seq=7281 rx_latency=1ms tx_dur=1ms,15.359,
2725,10,972,2857370572,2026-07-14T15:02:44.384325+00:00,97.100166,9120,41,0202aa5003cc23a0005a5811460e29efbf1ffffffc2246cd1e00000fc0007ebfe9ed0737feebfff600,1,TX 41 seq=7282 rx_latency=1ms tx_dur=1ms,17.001,
2725,10,973,2857370573,2026-07-14T15:02:44.484307+00:00,97.200130,9220,41,0202aa5003cd2404005a5811460e29efbf1ffffffc2246cd1e00000fc0007ebfe9ed0737feebfff600,1,TX 41 seq=7283 rx_latency=1ms tx_dur=1ms,18.587,
2725,10,974,2857370574,2026-07-14T15:02:44.584317+00:00,97.300147,9320,41,0202aa5003ce2468005a5811460e29efbf1ffffffc2246cd1e00000fc0007ebfe9ed0737feebfff600,1,TX 41 seq=7284 rx_latency=1ms tx_dur=1ms,20.347,
2725,10,975,2857370575,2026-07-14T15:02:44.684307+00:00,97.400131,9420,41,0202aa5003cf24cc005a5811460e29efbf1ffffffc2246cd1e00000fc0007ebfe9ed0737feebfff600,1,TX 41 seq=7285 rx_latency=1ms tx_dur=1ms,23.094,
2725,10,976,2857370576,2026-07-14T15:02:44.784316+00:00,97.500141,9520,41,0202aa5003d02530005a5811460e29efbf1ffffffc2246cd1e00000fc0007ebfe9ed0737feebfff600,1,TX 41 seq=7286 rx_latency=1ms tx_dur=1ms,14.912,
2725,10,977,2857370577,2026-07-14T15:02:44.884307+00:00,97.600132,9620,41,0202aa5003d12594005a5811460e29efbf1ffffffc2246cd1e00000fc0007ebfe9ed0737feebfff600,1,TX 41 seq=7287 rx_latency=1ms tx_dur=1ms,16.425,
2725,10,978,2857370578,2026-07-14T15:02:44.984316+00:00,97.700144,9720,41,0202aa5003d225f8005a5811460e29efbf1ffffffc2246cd1e00000fc0007ebfe9ed0737feebfff600,1,TX 41 seq=7288 rx_latency=1ms tx_dur=1ms,19.258,
2725,10,979,2857370579,2026-07-14T15:02:45.084309+00:00,97.800134,9820,41,0202aa5003d3265c005a5811460e29efbf1ffffffc2246cd1e00000fc0007ebfe9ed0737feebfff600,1,TX 41 seq=7289 rx_latency=1ms tx_dur=1ms,20.954,
2725,10,980,2857370580,2026-07-14T15:02:45.184322+00:00,97.900160,9920,41,0202aa5003d426c0005a5811460e29efbf1ffffffc2246cd1e00000fc0007ebfe9ed0737feebfff600,1,TX 41 seq=7290 rx_latency=1ms tx_dur=1ms,22.671,
2725,10,981,2857370581,2026-07-14T15:02:45.284310+00:00,98.000135,10020,41,0202aa5003d52724005a5811460e29efbf1ffffffc2246cd1e00000fc0007ebfe9ed0737feebfff600,1,TX 41 seq=7291 rx_latency=1ms tx_dur=1ms,15.377,
2725,10,982,2857370582,2026-07-14T15:02:45.384321+00:00,98.100157,10120,41,0202aa5003d62788005a5811460e29efbf1ffffffc2246cd1e00000fc0007ebfe9ed0737feebfff600,1,TX 41 seq=7292 rx_latency=1ms tx_dur=1ms,17.079,
2725,10,983,2857370583,2026-07-14T15:02:45.484306+00:00,98.200129,10220,41,0202aa5003d727ec005a5811460e29efbf1ffffffc2246cd1e00000fc0007ebfe9ed0737feebfff600,1,TX 41 seq=7293 rx_latency=1ms tx_dur=1ms,18.808,
2725,10,984,2857370584,2026-07-14T15:02:45.584318+00:00,98.300147,10320,41,0202aa5003d82850005a5811460e29efbf1ffffffc2246cd1e00000fc0007ebfe9ed0737feebfff600,1,TX 41 seq=7294 rx_latency=1ms tx_dur=1ms,20.540,
2725,10,985,2857370585,2026-07-14T15:02:45.684300+00:00,98.400123,10420,41,0202aa5003d928b4005a5811460e29efbf1ffffffc2246cd1e00000fc0007ebfe9ed0737feebfff600,1,TX 41 seq=7295 rx_latency=1ms tx_dur=1ms,23.345,
2725,10,986,2857370586,2026-07-14T15:02:45.784314+00:00,98.500140,10520,41,0202aa5003da2918005a5811460e29efbf1ffffffc2246cd1e00000fc0007ebfe9ed0737feebfff600,1,TX 41 seq=7296 rx_latency=1ms tx_dur=1ms,14.946,
2725,10,987,2857370587,2026-07-14T15:02:45.884254+00:00,98.600082,10620,41,0202aa5003db297c005a5811460e29efbf1ffffffc2246cd1e00000fc0007ebfe9ed0737feebfff600,1,TX 41 seq=7297 rx_latency=1ms tx_dur=1ms,16.729,
2725,10,988,2857370588,2026-07-14T15:02:45.984321+00:00,98.700158,10720,41,0202aa5003dc29e0005a5811460e29efbf1ffffffc2246cd1e00000fc0007ebfe9ed0737feebfff600,1,TX 41 seq=7298 rx_latency=1ms tx_dur=1ms,18.363,
2725,10,989,2857370589,2026-07-14T15:02:46.084310+00:00,98.800135,10820,41,0202aa5003dd2a44005a5811460e29efbf1ffffffc2246cd1e00000fc0007ebfe9ed0737feebfff600,1,TX 41 seq=7299 rx_latency=1ms tx_dur=1ms,21.177,
2725,10,990,2857370590,2026-07-14T15:02:46.184317+00:00,98.900145,10920,41,0202aa5003de2aa8005a5811460e29efbf1ffffffc2246cd1e00000fc0007ebfe9ed0737feebfff600,1,TX 41 seq=7300 rx_latency=1ms tx_dur=1ms,22.736,
2725,10,991,2857370591,2026-07-14T15:02:46.284309+00:00,99.000131,11020,41,0202aa5003df2b0c005a5811460e29efbf1ffffffc2246cd1e00000fc0007ebfe9ed0737feebfff600,1,TX 41 seq=7301 rx_latency=1ms tx_dur=1ms,14.524,
2725,10,992,2857370592,2026-07-14T15:02:46.384317+00:00,99.100146,11120,41,0202aa5003e02b70005a5811460e29efbf1ffffffc2246cd1e00000fc0007ebfe9ed0737feebfff600,1,TX 41 seq=7302 rx_latency=1ms tx_dur=1ms,16.369,
2725,10,993,2857370593,2026-07-14T15:02:46.484320+00:00,99.200161,11220,41,0202aa5003e12bd4005a5811460e29efbf1ffffffc2246cd1e00000fc0007ebfe9ed0737feebfff600,1,TX 41 seq=7303 rx_latency=1ms tx_dur=1ms,18.884,
2725,10,994,2857370594,2026-07-14T15:02:46.584317+00:00,99.300146,11320,41,0202aa5003e22c38005a5811460e29efbf1ffffffc2246cd1e00000fc0007ebfe9ed0737feebfff600,1,TX 41 seq=7304 rx_latency=1ms tx_dur=1ms,20.423,
2725,10,995,2857370595,2026-07-14T15:02:46.684312+00:00,99.400142,11420,41,0202aa5003e32c9c005a5811460e29efbf1ffffffc2246cd1e00000fc0007ebfe9ed0737feebfff600,1,TX 41 seq=7305 rx_latency=1ms tx_dur=1ms,22.964,
2725,10,996,2857370596,2026-07-14T15:02:46.784318+00:00,99.500146,11520,41,0202aa5003e42d00005a5811460e29efbf1ffffffc2246cd1e00000fc0007ebfe9ed0737feebfff600,1,TX 41 seq=7306 rx_latency=1ms tx_dur=1ms,14.805,
2725,10,997,2857370597,2026-07-14T15:02:46.884312+00:00,99.600137,11620,41,0202aa5003e52d64005a5811460e29efbf1ffffffc2246cd1e00000fc0007ebfe9ed0737feebfff600,1,TX 41 seq=7307 rx_latency=1ms tx_dur=1ms,16.569,
2725,10,998,2857370598,2026-07-14T15:02:46.984310+00:00,99.700134,11720,41,0202aa5003e62dc8005a5811460e29efbf1ffffffc2246cd1e00000fc0007ebfe9ed0737feebfff600,1,TX 41 seq=7308 rx_latency=1ms tx_dur=1ms,19.359,
2725,10,999,2857370599,2026-07-14T15:02:47.084312+00:00,99.800138,11820,41,0202aa5003e72e2c005a5811460e29efbf1ffffffc2246cd1e00000fc0007ebfe9ed0737feebfff600,1,TX 41 seq=7309 rx_latency=1ms tx_dur=1ms,20.903,
2725,10,1000,2857370600,2026-07-14T15:02:47.184307+00:00,99.900129,11920,41,0202aa5003e82e90005a5811460e29efbf1ffffffc2246cd1e00000fc0007ebfe9ed0737feebfff600,1,TX 41 seq=7310 rx_latency=1ms tx_dur=1ms,22.585,
2725,10,1001,2857370601,2026-07-14T15:02:47.284318+00:00,100.000158,12020,41,0202aa5003e92ef4005a5811460e29efbf1ffffffc2246cd1e00000fc0007ebfe9ed0737feebfff600,1,TX 41 seq=7311 rx_latency=1ms tx_dur=1ms,14.324,
2725,10,1002,2857370602,2026-07-14T15:02:47.384309+00:00,100.100132,12120,41,0202aa5003ea2f58005a5811460e29efbf1ffffffc2246cd1e00000fc0007ebfe9ed0737feebfff600,1,TX 41 seq=7312 rx_latency=1ms tx_dur=1ms,17.207,
2725,10,1003,2857370603,2026-07-14T15:02:47.484317+00:00,100.200156,12220,41,0202aa5003eb2fbc005a5811460e29efbf1ffffffc2246cd1e00000fc0007ebfe9ed0737feebfff600,1,TX 41 seq=7313 rx_latency=1ms tx_dur=1ms,18.934,
2725,10,1004,2857370604,2026-07-14T15:02:47.584314+00:00,100.300144,12320,41,0202aa5003ec3020005a5811460e29efbf1ffffffc2246cd1e00000fc0007ebfe9ed0737feebfff600,1,TX 41 seq=7314 rx_latency=1ms tx_dur=1ms,20.442,
2725,10,1005,2857370605,2026-07-14T15:02:47.684317+00:00,100.400158,12420,41,0202aa5003ed3084005a5811460e29efbf1ffffffc2246cd1e00000fc0007ebfe9ed0737feebfff600,1,TX 41 seq=7315 rx_latency=1ms tx_dur=1ms,22.952,
2725,10,1006,2857370606,2026-07-14T15:02:47.784317+00:00,100.500148,12520,41,0202aa5003ee30e8005a5811460e29efbf1ffffffc2246cd1e00000fc0007ebfe9ed0737feebfff600,1,TX 41 seq=7316 rx_latency=1ms tx_dur=1ms,14.811,
2725,10,1007,2857370607,2026-07-14T15:02:47.884305+00:00,100.600128,12620,41,0202aa5003ef314c005a5811460e29efbf1ffffffc2246cd1e00000fc0007ebfe9ed0737feebfff600,1,TX 41 seq=7317 rx_latency=1ms tx_dur=1ms,16.554,
2725,10,1008,2857370608,2026-07-14T15:02:47.984316+00:00,100.700145,12720,41,0202aa5003f031b0005a5811460e29efbf1ffffffc2246cd1e00000fc0007ebfe9ed0737feebfff600,1,TX 41 seq=7318 rx_latency=1ms tx_dur=1ms,19.391,
2725,10,1009,2857370609,2026-07-14T15:02:48.084305+00:00,100.800129,12820,41,0202aa5003f13214005a5811460e29efbf1ffffffc2246cd1e00000fc0007ebfe9ed0737feebfff600,1,TX 41 seq=7319 rx_latency=1ms tx_dur=1ms,20.882,
2725,10,1010,2857370610,2026-07-14T15:02:48.184318+00:00,100.900147,12920,41,0202aa5003f23278005a5811460e29efbf1ffffffc2246cd1e00000fc0007ebfe9ed0737feebfff600,1,TX 41 seq=7320 rx_latency=1ms tx_dur=1ms,22.622,
2725,10,1011,2857370611,2026-07-14T15:02:48.284312+00:00,101.000149,13020,41,0202aa5003f332dc005a5811460e29efbf1ffffffc2246cd1e00000fc0007ebfe9ed0737feebfff600,1,TX 41 seq=7321 rx_latency=1ms tx_dur=1ms,15.459,
2725,10,1012,2857370612,2026-07-14T15:02:48.384317+00:00,101.100146,13120,41,0202aa5003f43340005a5811460e29efbf1ffffffc2246cd1e00000fc0007ebfe9ed0737feebfff600,1,TX 41 seq=7322 rx_latency=1ms tx_dur=1ms,17.210,
2725,10,1013,2857370613,2026-07-14T15:02:48.484244+00:00,101.200068,13220,41,0202aa5003f533a4005a5811460e29efbf1ffffffc2246cd1e00000fc0007ebfe9ed0737feebfff600,1,TX 41 seq=7323 rx_latency=1ms tx_dur=1ms,19.112,
2725,10,1014,2857370614,2026-07-14T15:02:48.584318+00:00,101.300146,13320,41,0202aa5003f63408005a5811460e29efbf1ffffffc2246cd1e00000fc0007ebfe9ed0737feebfff600,1,TX 41 seq=7324 rx_latency=1ms tx_dur=1ms,20.585,
2725,10,1015,2857370615,2026-07-14T15:02:48.684318+00:00,101.400158,13420,41,0202aa5003f7346c005a5811460e29efbf1ffffffc2246cd1e00000fc0007ebfe9ed0737feebfff600,1,TX 41 seq=7325 rx_latency=1ms tx_dur=1ms,23.326,
2725,10,1016,2857370616,2026-07-14T15:02:48.784319+00:00,101.500155,13520,41,0202aa5003f834d0005a5811460e29efbf1ffffffc2246cd1e00000fc0007ebfe9ed0737feebfff600,1,TX 41 seq=7326 rx_latency=1ms tx_dur=1ms,15.188,
2725,10,1017,2857370617,2026-07-14T15:02:48.884309+00:00,101.600134,13620,41,0202aa5003f93534005a5811460e29efbf1ffffffc2246cd1e00000fc0007ebfe9ed0737feebfff600,1,TX 41 seq=7327 rx_latency=1ms tx_dur=1ms,16.905,
2725,10,1018,2857370618,2026-07-14T15:02:48.984315+00:00,101.700142,13720,41,0202aa5003fa3598005a5811460e29efbf1ffffffc2246cd1e00000fc0007ebfe9ed0737feebfff600,1,TX 41 seq=7328 rx_latency=1ms tx_dur=1ms,18.444,
2725,10,1019,2857370619,2026-07-14T15:02:49.084314+00:00,101.800145,13820,41,0202aa5003fb35fc005a5811460e29efbf1ffffffc2246cd1e00000fc0007ebfe9ed0737feebfff600,1,TX 41 seq=7329 rx_latency=1ms tx_dur=1ms,21.152,
2725,10,1020,2857370620,2026-07-14T15:02:49.184320+00:00,101.900152,13920,41,0202aa5003fc3660005a5811460e29efbf1ffffffc2246cd1e00000fc0007ebfe9ed0737feebfff600,1,TX 41 seq=7330 rx_latency=1ms tx_dur=1ms,22.976,
2725,10,1021,2857370621,2026-07-14T15:02:49.284328+00:00,102.000177,14020,41,0202aa5003fd36c4005a5811460e29efbf1ffffffc2246cd1e00000fc0007ebfe9ed0737feebfff600,1,TX 41 seq=7331 rx_latency=1ms tx_dur=1ms,16.789,
2725,10,1022,2857370622,2026-07-14T15:02:49.384312+00:00,102.100140,14120,41,0202aa5003fe3728005a5811460e29efbf1ffffffc2246cd1e00000fc0007ebfe9ed0737feebfff600,1,TX 41 seq=7332 rx_latency=1ms tx_dur=1ms,17.210,
2725,10,1023,2857370623,2026-07-14T15:02:49.484312+00:00,102.200142,14220,41,0202aa5003ff378c005a5811460e29efbf1ffffffc2246cd1e00000fc0007ebfe9ed0737feebfff600,1,TX 41 seq=7333 rx_latency=1ms tx_dur=1ms,18.846,
2725,10,1024,2857370624,2026-07-14T15:02:49.584315+00:00,102.300140,14320,41,0202aa50040037f0005a5811460e29efbf1ffffffc2246cd1e00000fc0007ebfe9ed0737feebfff600,1,TX 41 seq=7334 rx_latency=1ms tx_dur=1ms,20.339,
2725,10,1025,2857370625,2026-07-14T15:02:49.684325+00:00,102.400176,14420,41,0202aa5004013854005a5811460e29efbf1ffffffc2246cd1e00000fc0007ebfe9ed0737feebfff600,1,TX 41 seq=7335 rx_latency=1ms tx_dur=1ms,22.777,
2725,10,1026,2857370626,2026-07-14T15:02:49.784311+00:00,102.500140,14520,41,0202aa50040238b8005a5811460e29efbf1ffffffc2246cd1e00000fc0007ebfe9ed0737feebfff600,1,TX 41 seq=7336 rx_latency=1ms tx_dur=1ms,14.705,
2725,10,1027,2857370627,2026-07-14T15:02:49.884324+00:00,102.600166,14620,41,0202aa500403391c005a5811460e29efbf1ffffffc2246cd1e00000fc0007ebfe9ed0737feebfff600,1,TX 41 seq=7337 rx_latency=1ms tx_dur=1ms,16.381,
2725,10,1028,2857370628,2026-07-14T15:02:49.984311+00:00,102.700137,14720,41,0202aa5004043980005a5811460e29efbf1ffffffc2246cd1e00000fc0007ebfe9ed0737feebfff600,1,TX 41 seq=7338 rx_latency=1ms tx_dur=1ms,19.264,
2725,10,1029,2857370629,2026-07-14T15:02:50.084312+00:00,102.800141,14820,41,0202aa50040539e4005a5811460e29efbf1ffffffc2246cd1e00000fc0007ebfe9ed0737feebfff600,1,TX 41 seq=7339 rx_latency=1ms tx_dur=1ms,20.788,
2725,10,1030,2857370630,2026-07-14T15:02:50.184308+00:00,102.900131,14920,41,0202aa5004063a48005a5811460e29efbf1ffffffc2246cd1e00000fc0007ebfe9ed0737feebfff600,1,TX 41 seq=7340 rx_latency=1ms tx_dur=1ms,22.481,
2725,10,1031,2857370631,2026-07-14T15:02:50.284323+00:00,103.000161,15020,41,0202aa5004073aac005a5811460e29efbf1ffffffc2246cd1e00000fc0007ebfe9ed0737feebfff600,1,TX 41 seq=7341 rx_latency=1ms tx_dur=1ms,15.348,
2725,10,1032,2857370632,2026-07-14T15:02:50.384309+00:00,103.100136,15120,41,0202aa5004083b10005a5811460e29efbf1ffffffc2246cd1e00000fc0007ebfe9ed0737feebfff600,1,TX 41 seq=7342 rx_latency=1ms tx_dur=1ms,17.091,
2725,10,1033,2857370633,2026-07-14T15:02:50.484315+00:00,103.200148,15220,41,0202aa5004093b74005a5811460e29efbf1ffffffc2246cd1e00000fc0007ebfe9ed0737feebfff600,1,TX 41 seq=7343 rx_latency=1ms tx_dur=1ms,18.608,
2725,10,1034,2857370634,2026-07-14T15:02:50.584310+00:00,103.300134,15320,41,0202aa50040a3bd8005a5811460e29efbf1ffffffc2246cd1e00000fc0007ebfe9ed0737feebfff600,1,TX 41 seq=7344 rx_latency=1ms tx_dur=1ms,21.422,
2725,10,1035,2857370635,2026-07-14T15:02:50.684315+00:00,103.400142,15420,41,0202aa50040b3c3c005a5811460e29efbf1ffffffc2246cd1e00000fc0007ebfe9ed0737feebfff600,1,TX 41 seq=7345 rx_latency=1ms tx_dur=1ms,23.232,
2725,10,1036,2857370636,2026-07-14T15:02:50.784310+00:00,103.500133,15520,41,0202aa50040c3ca0005a5811460e29efbf1ffffffc2246cd1e00000fc0007ebfe9ed0737feebfff600,1,TX 41 seq=7346 rx_latency=1ms tx_dur=1ms,14.946,
2725,10,1037,2857370637,2026-07-14T15:02:50.884315+00:00,103.600142,15620,41,0202aa50040d3d04005a5811460e29efbf1ffffffc2246cd1e00000fc0007ebfe9ed0737feebfff600,1,TX 41 seq=7347 rx_latency=1ms tx_dur=1ms,16.521,
2725,10,1038,2857370638,2026-07-14T15:02:50.984316+00:00,103.700148,15720,41,0202aa50040e3d68005a5811460e29efbf1ffffffc2246cd1e00000fc0007ebfe9ed0737feebfff600,1,TX 41 seq=7348 rx_latency=1ms tx_dur=1ms,19.239,
2725,10,1039,2857370639,2026-07-14T15:02:51.084314+00:00,103.800140,15820,41,0202aa50040f3dcc005a5811460e29efbf1ffffffc2246cd1e00000fc0007ebfe9ed0737feebfff600,1,TX 41 seq=7349 rx_latency=1ms tx_dur=1ms,21.051,
2725,10,1040,2857370640,2026-07-14T15:02:51.184313+00:00,103.900142,15920,41,0202aa5004103e30005a5811460e29efbf1ffffffc2246cd1e00000fc0007ebfe9ed0737feebfff600,1,TX 41 seq=7350 rx_latency=1ms tx_dur=1ms,22.678,
2725,10,1041,2857370641,2026-07-14T15:02:51.284314+00:00,104.000141,16020,41,0202aa5004113e94005a5811460e29efbf1ffffffc2246cd1e00000fc0007ebfe9ed0737feebfff600,1,TX 41 seq=7351 rx_latency=1ms tx_dur=1ms,16.621,
2725,10,1042,2857370642,2026-07-14T15:02:51.384325+00:00,104.100164,16120,41,0202aa5004123ef8005a5811460e29efbf1ffffffc2246cd1e00000fc0007ebfe9ed0737feebfff600,1,TX 41 seq=7352 rx_latency=1ms tx_dur=1ms,16.833,
2725,10,1043,2857370643,2026-07-14T15:02:51.484313+00:00,104.200142,16220,41,0202aa5004133f5c005a5811460e29efbf1ffffffc2246cd1e00000fc0007ebfe9ed0737feebfff600,1,TX 41 seq=7353 rx_latency=1ms tx_dur=1ms,18.369,
2725,10,1044,2857370644,2026-07-14T15:02:51.584311+00:00,104.300133,16320,41,0202aa5004143fc0005a5811460e29efbf1ffffffc2246cd1e00000fc0007ebfe9ed0737feebfff600,1,TX 41 seq=7354 rx_latency=1ms tx_dur=1ms,21.117,
2725,10,1045,2857370645,2026-07-14T15:02:51.684318+00:00,104.400151,16420,41,0202aa5004154024005a5811460e29efbf1ffffffc2246cd1e00000fc0007ebfe9ed0737feebfff600,1,TX 41 seq=7355 rx_latency=1ms tx_dur=1ms,22.556,
2725,10,1046,2857370646,2026-07-14T15:02:51.784264+00:00,104.500090,16520,41,0202aa5004164088005a5811460e29efbf1ffffffc2246cd1e00000fc0007ebfe9ed0737feebfff600,1,TX 41 seq=7356 rx_latency=1ms tx_dur=1ms,15.309,
2725,10,1047,2857370647,2026-07-14T15:02:51.884249+00:00,104.600081,16620,41,0202aa50041740ec005a5811460e29efbf1ffffffc2246cd1e00000fc0007ebfe9ed0737feebfff600,1,TX 41 seq=7357 rx_latency=1ms tx_dur=1ms,17.018,
2725,10,1048,2857370648,2026-07-14T15:02:51.984310+00:00,104.700142,16720,41,0202aa5004184150005a5811460e29efbf1ffffffc2246cd1e00000fc0007ebfe9ed0737feebfff600,1,TX 41 seq=7358 rx_latency=1ms tx_dur=1ms,18.632,
2725,10,1049,2857370649,2026-07-14T15:02:52.084316+00:00,104.800144,16820,41,0202aa50041941b4005a5811460e29efbf1ffffffc2246cd1e00000fc0007ebfe9ed0737feebfff600,1,TX 41 seq=7359 rx_latency=1ms tx_dur=1ms,20.403,
2725,10,1050,2857370650,2026-07-14T15:02:52.184257+00:00,104.900078,16920,41,0202aa50041a4218005a5811460e29efbf1ffffffc2246cd1e00000fc0007ebfe9ed0737feebfff600,1,TX 41 seq=7360 rx_latency=1ms tx_dur=1ms,23.039,
2725,10,1051,2857370651,2026-07-14T15:02:52.284316+00:00,105.000142,17020,41,0202aa50041b427c005a5811460e29efbf1ffffffc2246cd1e00000fc0007ebfe9ed0737feebfff600,1,TX 41 seq=7361 rx_latency=1ms tx_dur=1ms,14.798,
2725,10,1052,2857370652,2026-07-14T15:02:52.384311+00:00,105.100135,17120,41,0202aa50041c42e0005a5811460e29efbf1ffffffc2246cd1e00000fc0007ebfe9ed0737feebfff600,1,TX 41 seq=7362 rx_latency=1ms tx_dur=1ms,16.543,
2725,10,1053,2857370653,2026-07-14T15:02:52.484318+00:00,105.200147,17220,41,0202aa50041d4344005a5811460e29efbf1ffffffc2246cd1e00000fc0007ebfe9ed0737feebfff600,1,TX 41 seq=7363 rx_latency=1ms tx_dur=1ms,19.351,
2725,10,1054,2857370654,2026-07-14T15:02:52.584309+00:00,105.300129,17320,41,0202aa50041e43a8005a5811460e29efbf1ffffffc2246cd1e00000fc0007ebfe9ed0737feebfff600,1,TX 41 seq=7364 rx_latency=1ms tx_dur=1ms,20.855,
2725,10,1055,2857370655,2026-07-14T15:02:52.684317+00:00,105.400142,17420,41,0202aa50041f440c005a5811460e29efbf1ffffffc2246cd1e00000fc0007ebfe9ed0737feebfff600,1,TX 41 seq=7365 rx_latency=1ms tx_dur=1ms,22.601,
2725,10,1056,2857370656,2026-07-14T15:02:52.784312+00:00,105.500136,17520,41,0202aa5004204470005a5811460e29efbf1ffffffc2246cd1e00000fc0007ebfe9ed0737feebfff600,1,TX 41 seq=7366 rx_latency=1ms tx_dur=1ms,15.469,
2725,10,1057,2857370657,2026-07-14T15:02:52.884316+00:00,105.600143,17620,41,0202aa50042144d4005a5811460e29efbf1ffffffc2246cd1e00000fc0007ebfe9ed0737feebfff600,1,TX 41 seq=7367 rx_latency=1ms tx_dur=1ms,17.201,
2725,10,1058,2857370658,2026-07-14T15:02:52.984297+00:00,105.700118,17720,41,0202aa5004224538005a5811460e29efbf1ffffffc2246cd1e00000fc0007ebfe9ed0737feebfff600,1,TX 41 seq=7368 rx_latency=1ms tx_dur=1ms,18.720,
2725,10,1059,2857370659,2026-07-14T15:02:53.084316+00:00,105.800140,17820,41,0202aa500423459c005a5811460e29efbf1ffffffc2246cd1e00000fc0007ebfe9ed0737feebfff600,1,TX 41 seq=7369 rx_latency=1ms tx_dur=1ms,20.455,
2725,10,1060,2857370660,2026-07-14T15:02:53.184318+00:00,105.900153,17920,41,0202aa5004244600005a5811460e29efbf1ffffffc2246cd1e00000fc0007ebfe9ed0737feebfff600,1,TX 41 seq=7370 rx_latency=1ms tx_dur=1ms,23.186,
2725,10,1061,2857370661,2026-07-14T15:02:53.284319+00:00,106.000150,18020,41,0202aa5004254664005a5811460e29efbf1ffffffc2246cd1e00000fc0007ebfe9ed0737feebfff600,1,TX 41 seq=7371 rx_latency=1ms tx_dur=1ms,15.014,
2725,10,1062,2857370662,2026-07-14T15:02:53.384308+00:00,106.100130,18120,41,0202aa50042646c8005a5811460e29efbf1ffffffc2246cd1e00000fc0007ebfe9ed0737feebfff600,1,TX 41 seq=7372 rx_latency=1ms tx_dur=1ms,16.771,
2725,10,1063,2857370663,2026-07-14T15:02:53.484317+00:00,106.200145,18220,41,0202aa500427472c005a5811460e29efbf1ffffffc2246cd1e00000fc0007ebfe9ed0737feebfff600,1,TX 41 seq=7373 rx_latency=1ms tx_dur=1ms,19.387,
2725,10,1064,2857370664,2026-07-14T15:02:53.584309+00:00,106.300130,18320,41,0202aa5004284790005a5811460e29efbf1ffffffc2246cd1e00000fc0007ebfe9ed0737feebfff600,1,TX 41 seq=7374 rx_latency=1ms tx_dur=1ms,21.086,
2725,10,1065,2857370665,2026-07-14T15:02:53.684316+00:00,106.400145,18420,41,0202aa50042947f4005a5811460e29efbf1ffffffc2246cd1e00000fc0007ebfe9ed0737feebfff600,1,TX 41 seq=7375 rx_latency=1ms tx_dur=1ms,22.828,
2725,10,1066,2857370666,2026-07-14T15:02:53.784309+00:00,106.500132,18520,41,0202aa50042a4858005a5811460e29efbf1ffffffc2246cd1e00000fc0007ebfe9ed0737feebfff600,1,TX 41 seq=7376 rx_latency=1ms tx_dur=1ms,16.754,
2725,10,1067,2857370667,2026-07-14T15:02:53.884317+00:00,106.600145,18620,41,0202aa50042b48bc005a5811460e29efbf1ffffffc2246cd1e00000fc0007ebfe9ed0737feebfff600,1,TX 41 seq=7377 rx_latency=1ms tx_dur=1ms,17.068,
2725,10,1068,2857370668,2026-07-14T15:02:53.984305+00:00,106.700126,18720,41,0202aa50042c4920005a5811460e29efbf1ffffffc2246cd1e00000fc0007ebfe9ed0737feebfff600,1,TX 41 seq=7378 rx_latency=1ms tx_dur=1ms,18.596,
2725,10,1069,2857370669,2026-07-14T15:02:54.084279+00:00,106.800104,18820,41,0202aa50042d4984005a5811460e29efbf1ffffffc2246cd1e00000fc0007ebfe9ed0737feebfff600,1,TX 41 seq=7379 rx_latency=1ms tx_dur=1ms,20.402,
2725,10,1070,2857370670,2026-07-14T15:02:54.184304+00:00,106.900125,18920,41,0202aa50042e49e8005a5811460e29efbf1ffffffc2246cd1e00000fc0007ebfe9ed0737feebfff600,1,TX 41 seq=7380 rx_latency=1ms tx_dur=1ms,23.123,
2725,10,1071,2857370671,2026-07-14T15:02:54.284314+00:00,107.000141,19020,41,0202aa50042f4a4c005a5811460e29efbf1ffffffc2246cd1e00000fc0007ebfe9ed0737feebfff600,1,TX 41 seq=7381 rx_latency=1ms tx_dur=1ms,14.917,
2725,10,1072,2857370672,2026-07-14T15:02:54.384329+00:00,107.100182,19120,41,0202aa5004304ab0005a5811460e29efbf1ffffffc2246cd1e00000fc0007ebfe9ed0737feebfff600,1,TX 41 seq=7382 rx_latency=1ms tx_dur=1ms,16.302,
2725,10,1073,2857370673,2026-07-14T15:02:54.484312+00:00,107.200144,19220,41,0202aa5004314b14005a5811460e29efbf1ffffffc2246cd1e00000fc0007ebfe9ed0737feebfff600,1,TX 41 seq=7383 rx_latency=1ms tx_dur=1ms,19.234,
2725,10,1074,2857370674,2026-07-14T15:02:54.584326+00:00,107.300170,19320,41,0202aa5004324b78005a5811460e29efbf1ffffffc2246cd1e00000fc0007ebfe9ed0737feebfff600,1,TX 41 seq=7384 rx_latency=1ms tx_dur=1ms,20.915,
2725,10,1075,2857370675,2026-07-14T15:02:54.684311+00:00,107.400140,19420,41,0202aa5004334bdc005a5811460e29efbf1ffffffc2246cd1e00000fc0007ebfe9ed0737feebfff600,1,TX 41 seq=7385 rx_latency=1ms tx_dur=1ms,22.655,
2725,10,1076,2857370676,2026-07-14T15:02:54.784313+00:00,107.500140,19520,41,0202aa5004344c40005a5811460e29efbf1ffffffc2246cd1e00000fc0007ebfe9ed0737feebfff600,1,TX 41 seq=7386 rx_latency=1ms tx_dur=1ms,15.378,
2725,10,1077,2857370677,2026-07-14T15:02:54.884310+00:00,107.600134,19620,41,0202aa5004354ca4005a5811460e29efbf1ffffffc2246cd1e00000fc0007ebfe9ed0737feebfff600,1,TX 41 seq=7387 rx_latency=1ms tx_dur=1ms,17.110,
2725,10,1078,2857370678,2026-07-14T15:02:54.984315+00:00,107.700144,19720,41,0202aa5004364d08005a5811460e29efbf1ffffffc2246cd1e00000fc0007ebfe9ed0737feebfff600,1,TX 41 seq=7388 rx_latency=1ms tx_dur=1ms,18.832,
2725,10,1079,2857370679,2026-07-14T15:02:55.084309+00:00,107.800136,19820,41,0202aa5004374d6c005a5811460e29efbf1ffffffc2246cd1e00000fc0007ebfe9ed0737feebfff600,1,TX 41 seq=7389 rx_latency=1ms tx_dur=1ms,20.517,
2725,10,1080,2857370680,2026-07-14T15:02:55.184311+00:00,107.900137,19920,41,0202aa5004384dd0005a5811460e29efbf1ffffffc2246cd1e00000fc0007ebfe9ed0737feebfff600,1,TX 41 seq=7390 rx_latency=1ms tx_dur=1ms,23.322,
2725,10,1081,2857370681,2026-07-14T15:02:55.284318+00:00,108.000151,20020,41,0202aa5004394e34005a5811460e29efbf1ffffffc2246cd1e00000fc0007ebfe9ed0737feebfff600,1,TX 41 seq=7391 rx_latency=1ms tx_dur=1ms,14.772,
2725,10,1082,2857370682,2026-07-14T15:02:55.384315+00:00,108.100143,20120,41,0202aa50043a4e98005a5811460e29efbf1ffffffc2246cd1e00000fc0007ebfe9ed0737feebfff600,1,TX 41 seq=7392 rx_latency=1ms tx_dur=1ms,17.442,
2725,10,1083,2857370683,2026-07-14T15:02:55.484310+00:00,108.200134,20220,41,0202aa50043b4efc005a5811460e29efbf1ffffffc2246cd1e00000fc0007ebfe9ed0737feebfff600,1,TX 41 seq=7393 rx_latency=1ms tx_dur=1ms,19.123,
2725,10,1084,2857370684,2026-07-14T15:02:55.584319+00:00,108.300154,20320,41,0202aa50043c4f60005a5811460e29efbf1ffffffc2246cd1e00000fc0007ebfe9ed0737feebfff600,1,TX 41 seq=7394 rx_latency=1ms tx_dur=1ms,20.862,
2725,10,1085,2857370685,2026-07-14T15:02:55.684328+00:00,108.400180,20420,41,0202aa50043d4fc4005a5811460e29efbf1ffffffc2246cd1e00000fc0007ebfe9ed0737feebfff600,1,TX 41 seq=7395 rx_latency=1ms tx_dur=1ms,22.447,
2725,10,1086,2857370686,2026-07-14T15:02:55.784339+00:00,108.500170,20520,41,0202aa50043e5028005a5811460e29efbf1ffffffc2246cd1e00000fc0007ebfe9ed0737feebfff600,1,TX 41 seq=7396 rx_latency=1ms tx_dur=1ms,15.227,
2725,10,1087,2857370687,2026-07-14T15:02:55.884319+00:00,108.600150,20620,41,0202aa50043f508c005a5811460e29efbf1ffffffc2246cd1e00000fc0007ebfe9ed0737feebfff600,1,TX 41 seq=7397 rx_latency=1ms tx_dur=1ms,16.901,
2725,10,1088,2857370688,2026-07-14T15:02:55.984310+00:00,108.700132,20720,41,0202aa50044050f0005a5811460e29efbf1ffffffc2246cd1e00000fc0007ebfe9ed0737feebfff600,1,TX 41 seq=7398 rx_latency=1ms tx_dur=1ms,18.774,
2725,10,1089,2857370689,2026-07-14T15:02:56.084316+00:00,108.800142,20820,41,0202aa5004415154005a5811460e29efbf1ffffffc2246cd1e00000fc0007ebfe9ed0737feebfff600,1,TX 41 seq=7399 rx_latency=1ms tx_dur=1ms,21.443,
2725,10,1090,2857370690,2026-07-14T15:02:56.184308+00:00,108.900132,20920,41,0202aa50044251b8005a5811460e29efbf1ffffffc2246cd1e00000fc0007ebfe9ed0737feebfff600,1,TX 41 seq=7400 rx_latency=1ms tx_dur=1ms,23.146,
2725,10,1091,2857370691,2026-07-14T15:02:56.284320+00:00,109.000147,21020,41,0202aa500443521c005a5811460e29efbf1ffffffc2246cd1e00000fc0007ebfe9ed0737feebfff600,1,TX 41 seq=7401 rx_latency=1ms tx_dur=1ms,14.761,
2725,10,1092,2857370692,2026-07-14T15:02:56.384307+00:00,109.100129,21120,41,0202aa5004445280005a5811460e29efbf1ffffffc2246cd1e00000fc0007ebfe9ed0737feebfff600,1,TX 41 seq=7402 rx_latency=1ms tx_dur=1ms,16.648,
2725,10,1093,2857370693,2026-07-14T15:02:56.484314+00:00,109.200141,21220,41,0202aa50044552e4005a5811460e29efbf1ffffffc2246cd1e00000fc0007ebfe9ed0737feebfff600,1,TX 41 seq=7403 rx_latency=1ms tx_dur=1ms,19.405,
2725,10,1094,2857370694,2026-07-14T15:02:56.584316+00:00,109.300141,21320,41,0202aa5004465348005a5811460e29efbf1ffffffc2246cd1e00000fc0007ebfe9ed0737feebfff600,1,TX 41 seq=7404 rx_latency=1ms tx_dur=1ms,20.815,
2725,10,1095,2857370695,2026-07-14T15:02:56.684308+00:00,109.400131,21420,41,0202aa50044753ac005a5811460e29efbf1ffffffc2246cd1e00000fc0007ebfe9ed0737feebfff600,1,TX 41 seq=7405 rx_latency=1ms tx_dur=1ms,22.699,
2725,10,1096,2857370696,2026-07-14T15:02:56.784315+00:00,109.500140,21520,41,0202aa5004485410005a5811460e29efbf1ffffffc2246cd1e00000fc0007ebfe9ed0737feebfff600,1,TX 41 seq=7406 rx_latency=1ms tx_dur=1ms,14.402,
2725,10,1097,2857370697,2026-07-14T15:02:56.884322+00:00,109.600166,21620,41,0202aa5004495474005a5811460e29efbf1ffffffc2246cd1e00000fc0007ebfe9ed0737feebfff600,1,TX 41 seq=7407 rx_latency=1ms tx_dur=1ms,17.106,
2725,10,1098,2857370698,2026-07-14T15:02:56.984308+00:00,109.700133,21720,41,0202aa50044a54d8005a5811460e29efbf1ffffffc2246cd1e00000fc0007ebfe9ed0737feebfff600,1,TX 41 seq=7408 rx_latency=1ms tx_dur=1ms,18.914,
2725,10,1099,2857370699,2026-07-14T15:02:57.084316+00:00,109.800145,21820,41,0202aa50044b553c005a5811460e29efbf1ffffffc2246cd1e00000fc0007ebfe9ed0737feebfff600,1,TX 41 seq=7409 rx_latency=1ms tx_dur=1ms,21.436,
2725,10,1100,2857370700,2026-07-14T15:02:57.184315+00:00,109.900140,21920,41,0202aa50044c55a0005a5811460e29efbf1ffffffc2246cd1e00000fc0007ebfe9ed0737feebfff600,1,TX 41 seq=7410 rx_latency=1ms tx_dur=1ms,22.847,
2725,10,1101,2857370701,2026-07-14T15:02:57.284326+00:00,110.000177,22020,41,0202aa50044d5604005a5811460e29efbf1ffffffc2246cd1e00000fc0007ebfe9ed0737feebfff600,1,TX 41 seq=7411 rx_latency=1ms tx_dur=1ms,14.673,
2725,10,1102,2857370702,2026-07-14T15:02:57.384317+00:00,110.100154,22120,41,0202aa50044e5668005a5811460e29efbf1ffffffc2246cd1e00000fc0007ebfe9ed0737feebfff600,1,TX 41 seq=7412 rx_latency=1ms tx_dur=1ms,16.390,
2725,10,1103,2857370703,2026-07-14T15:02:57.484309+00:00,110.200133,22220,41,0202aa50044f56cc005a5811460e29efbf1ffffffc2246cd1e00000fc0007ebfe9ed0737feebfff600,1,TX 41 seq=7413 rx_latency=1ms tx_dur=1ms,19.336,
2725,10,1104,2857370704,2026-07-14T15:02:57.584318+00:00,110.300150,22320,41,0202aa5004505730005a5811460e29efbf1ffffffc2246cd1e00000fc0007ebfe9ed0737feebfff600,1,TX 41 seq=7414 rx_latency=1ms tx_dur=1ms,20.844,
2725,10,1105,2857370705,2026-07-14T15:02:57.684308+00:00,110.400131,22420,41,0202aa5004515794005a5811460e29efbf1ffffffc2246cd1e00000fc0007ebfe9ed0737feebfff600,1,TX 41 seq=7415 rx_latency=1ms tx_dur=1ms,22.710,
2725,10,1106,2857370706,2026-07-14T15:02:57.784315+00:00,110.500140,22520,41,0202aa50045257f8005a5811460e29efbf1ffffffc2246cd1e00000fc0007ebfe9ed0737feebfff600,1,TX 41 seq=7416 rx_latency=1ms tx_dur=1ms,14.423,
2725,10,1107,2857370707,2026-07-14T15:02:57.884317+00:00,110.600155,22620,41,0202aa500453585c005a5811460e29efbf1ffffffc2246cd1e00000fc0007ebfe9ed0737feebfff600,1,TX 41 seq=7417 rx_latency=1ms tx_dur=1ms,17.220,
2725,10,1108,2857370708,2026-07-14T15:02:57.984317+00:00,110.700149,22720,41,0202aa50045458c0005a5811460e29efbf1ffffffc2246cd1e00000fc0007ebfe9ed0737feebfff600,1,TX 41 seq=7418 rx_latency=1ms tx_dur=1ms,18.828,
2725,10,1109,2857370709,2026-07-14T15:02:58.084314+00:00,110.800142,22820,41,0202aa5004555924005a5811460e29efbf1ffffffc2246cd1e00000fc0007ebfe9ed0737feebfff600,1,TX 41 seq=7419 rx_latency=1ms tx_dur=1ms,20.371,
2725,10,1110,2857370710,2026-07-14T15:02:58.184306+00:00,110.900128,22920,41,0202aa5004565988005a5811460e29efbf1ffffffc2246cd1e00000fc0007ebfe9ed0737feebfff600,1,TX 41 seq=7420 rx_latency=1ms tx_dur=1ms,22.982,
2725,10,1111,2857370711,2026-07-14T15:02:58.284315+00:00,111.000144,23020,41,0202aa50045759ec005a5811460e29efbf1ffffffc2246cd1e00000fc0007ebfe9ed0737feebfff600,1,TX 41 seq=7421 rx_latency=1ms tx_dur=1ms,14.709,
2725,10,1112,2857370712,2026-07-14T15:02:58.384312+00:00,111.100137,23120,41,0202aa5004585a50005a5811460e29efbf1ffffffc2246cd1e00000fc0007ebfe9ed0737feebfff600,1,TX 41 seq=7422 rx_latency=1ms tx_dur=1ms,16.440,
2725,10,1113,2857370713,2026-07-14T15:02:58.484315+00:00,111.200140,23220,41,0202aa5004595ab4005a5811460e29efbf1ffffffc2246cd1e00000fc0007ebfe9ed0737feebfff600,1,TX 41 seq=7423 rx_latency=1ms tx_dur=1ms,19.347,
2725,10,1114,2857370714,2026-07-14T15:02:58.584306+00:00,111.300128,23320,41,0202aa50045a5b18005a5811460e29efbf1ffffffc2246cd1e00000fc0007ebfe9ed0737feebfff600,1,TX 41 seq=7424 rx_latency=1ms tx_dur=1ms,20.828,
2725,10,1115,2857370715,2026-07-14T15:02:58.684316+00:00,111.400142,23420,41,0202aa50045b5b7c005a5811460e29efbf1ffffffc2246cd1e00000fc0007ebfe9ed0737feebfff600,1,TX 41 seq=7425 rx_latency=1ms tx_dur=1ms,22.538,
2725,10,1116,2857370716,2026-07-14T15:02:58.784305+00:00,111.500125,23520,41,0202aa50045c5be0005a5811460e29efbf1ffffffc2246cd1e00000fc0007ebfe9ed0737feebfff600,1,TX 41 seq=7426 rx_latency=1ms tx_dur=1ms,15.411,
2725,10,1117,2857370717,2026-07-14T15:02:58.884321+00:00,111.600156,23620,41,0202aa50045d5c44005a5811460e29efbf1ffffffc2246cd1e00000fc0007ebfe9ed0737feebfff600,1,TX 41 seq=7427 rx_latency=1ms tx_dur=1ms,17.093,
2725,10,1118,2857370718,2026-07-14T15:02:58.984313+00:00,111.700152,23720,41,0202aa50045e5ca8005a5811460e29efbf1ffffffc2246cd1e00000fc0007ebfe9ed0737feebfff600,1,TX 41 seq=7428 rx_latency=1ms tx_dur=1ms,18.550,
2725,10,1119,2857370719,2026-07-14T15:02:59.084318+00:00,111.800149,23820,41,0202aa50045f5d0c005a5811460e29efbf1ffffffc2246cd1e00000fc0007ebfe9ed0737feebfff600,1,TX 41 seq=7429 rx_latency=1ms tx_dur=1ms,20.343,
2725,10,1120,2857370720,2026-07-14T15:02:59.184311+00:00,111.900141,23920,41,0202aa5004605d70005a5811460e29efbf1ffffffc2246cd1e00000fc0007ebfe9ed0737feebfff600,1,TX 41 seq=7430 rx_latency=1ms tx_dur=1ms,23.160,
2725,10,1121,2857370721,2026-07-14T15:02:59.284318+00:00,112.000148,24020,41,0202aa5004615dd4005a5811460e29efbf1ffffffc2246cd1e00000fc0007ebfe9ed0737feebfff600,1,TX 41 seq=7431 rx_latency=1ms tx_dur=1ms,14.938,
2725,10,1122,2857370722,2026-07-14T15:02:59.384307+00:00,112.100129,24120,41,0202aa5004625e38005a5811460e29efbf1ffffffc2246cd1e00000fc0007ebfe9ed0737feebfff600,1,TX 41 seq=7432 rx_latency=1ms tx_dur=1ms,16.474,
2725,10,1123,2857370723,2026-07-14T15:02:59.484318+00:00,112.200144,24220,41,0202aa5004635e9c005a5811460e29efbf1ffffffc2246cd1e00000fc0007ebfe9ed0737feebfff600,1,TX 41 seq=7433 rx_latency=1ms tx_dur=1ms,19.317,
2725,10,1124,2857370724,2026-07-14T15:02:59.584307+00:00,112.300129,24320,41,0202aa5004645f00005a5811460e29efbf1ffffffc2246cd1e00000fc0007ebfe9ed0737feebfff600,1,TX 41 seq=7434 rx_latency=1ms tx_dur=1ms,21.007,
2725,10,1125,2857370725,2026-07-14T15:02:59.684318+00:00,112.400152,24420,41,0202aa5004655f64005a5811460e29efbf1ffffffc2246cd1e00000fc0007ebfe9ed0737feebfff600,1,TX 41 seq=7435 rx_latency=1ms tx_dur=1ms,22.744,
2725,10,1126,2857370726,2026-07-14T15:02:59.784307+00:00,112.500128,24520,41,0202aa5004665fc8005a5811460e29efbf1ffffffc2246cd1e00000fc0007ebfe9ed0737feebfff600,1,TX 41 seq=7436 rx_latency=1ms tx_dur=1ms,16.679,
2725,10,1127,2857370727,2026-07-14T15:02:59.884316+00:00,112.600143,24620,41,0202aa500467602c005a5811460e29efbf1ffffffc2246cd1e00000fc0007ebfe9ed0737feebfff600,1,TX 41 seq=7437 rx_latency=1ms tx_dur=1ms,16.988,
2725,10,1128,2857370728,2026-07-14T15:02:59.984311+00:00,112.700137,24720,41,0202aa5004686090005a5811460e29efbf1ffffffc2246cd1e00000fc0007ebfe9ed0737feebfff600,1,TX 41 seq=7438 rx_latency=1ms tx_dur=1ms,18.496,
2725,10,1129,2857370729,2026-07-14T15:03:00.084318+00:00,112.800146,24820,41,0202aa50046960f4005a5811460e29efbf1ffffffc2246cd1e00000fc0007ebfe9ed0737feebfff600,1,TX 41 seq=7439 rx_latency=1ms tx_dur=1ms,21.355,
2725,10,1130,2857370730,2026-07-14T15:03:00.184315+00:00,112.900151,24920,41,0202aa50046a6158005a5811460e29efbf1ffffffc2246cd1e00000fc0007ebfe9ed0737feebfff600,1,TX 41 seq=7440 rx_latency=1ms tx_dur=1ms,22.976,
2725,10,1131,2857370731,2026-07-14T15:03:00.284317+00:00,113.000145,25020,41,0202aa50046b61bc005a5811460e29efbf1ffffffc2246cd1e00000fc0007ebfe9ed0737feebfff600,1,TX 41 seq=7441 rx_latency=1ms tx_dur=1ms,14.827,
2725,10,1132,2857370732,2026-07-14T15:03:00.384307+00:00,113.100130,25120,41,0202aa50046c6220005a5811460e29efbf1ffffffc2246cd1e00000fc0007ebfe9ed0737feebfff600,1,TX 41 seq=7442 rx_latency=1ms tx_dur=1ms,17.483,
2725,10,1133,2857370733,2026-07-14T15:03:00.484318+00:00,113.200152,25220,41,0202aa50046d6284005a5811460e29efbf1ffffffc2246cd1e00000fc0007ebfe9ed0737feebfff600,1,TX 41 seq=7443 rx_latency=1ms tx_dur=1ms,19.199,
2725,10,1134,2857370734,2026-07-14T15:03:00.584303+00:00,113.300126,25320,41,0202aa50046e62e8005a5811460e29efbf1ffffffc2246cd1e00000fc0007ebfe9ed0737feebfff600,1,TX 41 seq=7444 rx_latency=1ms tx_dur=1ms,20.879,
2725,10,1135,2857370735,2026-07-14T15:03:00.684317+00:00,113.400146,25420,41,0202aa50046f634c005a5811460e29efbf1ffffffc2246cd1e00000fc0007ebfe9ed0737feebfff600,1,TX 41 seq=7445 rx_latency=1ms tx_dur=1ms,22.631,
2725,10,1136,2857370736,2026-07-14T15:03:00.784306+00:00,113.500128,25520,41,0202aa50047063b0005a5811460e29efbf1ffffffc2246cd1e00000fc0007ebfe9ed0737feebfff600,1,TX 41 seq=7446 rx_latency=1ms tx_dur=1ms,15.313,
2725,10,1137,2857370737,2026-07-14T15:03:00.884316+00:00,113.600143,25620,41,0202aa5004716414005a5811460e29efbf1ffffffc2246cd1e00000fc0007ebfe9ed0737feebfff600,1,TX 41 seq=7447 rx_latency=1ms tx_dur=1ms,17.022,
2725,10,1138,2857370738,2026-07-14T15:03:00.984309+00:00,113.700133,25720,41,0202aa5004726478005a5811460e29efbf1ffffffc2246cd1e00000fc0007ebfe9ed0737feebfff600,1,TX 41 seq=7448 rx_latency=1ms tx_dur=1ms,18.721,
2725,10,1139,2857370739,2026-07-14T15:03:01.084318+00:00,113.800145,25820,41,0202aa50047364dc005a5811460e29efbf1ffffffc2246cd1e00000fc0007ebfe9ed0737feebfff600,1,TX 41 seq=7449 rx_latency=1ms tx_dur=1ms,20.471,
