test_id,rate_hz,seq,station_id,sent_at,elapsed_s,generation_delta_time,payload_bytes,raw_hex,tx_ok,tx_ack,tx_latency_ms,serial_error
2735,10,1,2867855361,2026-07-14T15:42:24.804274+00:00,0.000458,30244,41,0202aaf000017624005a5811460e29efbf1ffffffc2246cd1e00000fc0007ebfe9ed0737feebfff600,1,TX 41 seq=23504 rx_latency=1ms tx_dur=1ms,14.541,
2735,10,2,2867855362,2026-07-14T15:42:30.627216+00:00,5.823334,36067,41,0202aaf000028ce3005a5811460e29efbf1ffffffc2246cd1e00000fc0007ebfe9ed0737feebfff600,1,TX 41 seq=23505 rx_latency=1ms tx_dur=1ms,21.219,
2735,10,3,2867855363,2026-07-14T15:42:30.649293+00:00,5.845389,36089,41,0202aaf000038cf9005a5811460e29efbf1ffffffc2246cd1e00000fc0007ebfe9ed0737feebfff600,1,TX 41 seq=23506 rx_latency=1ms tx_dur=1ms,20.710,
2735,10,4,2867855364,2026-07-14T15:42:30.670742+00:00,5.866838,36110,41,0202aaf000048d0e005a5811460e29efbf1ffffffc2246cd1e00000fc0007ebfe9ed0737feebfff600,1,TX 41 seq=23507 rx_latency=1ms tx_dur=1ms,21.670,
2735,10,5,2867855365,2026-07-14T15:42:30.693182+00:00,5.889283,36133,41,0202aaf000058d25005a5811460e29efbf1ffffffc2246cd1e00000fc0007ebfe9ed0737feebfff600,1,TX 41 seq=23508 rx_latency=1ms tx_dur=1ms,20.461,
2735,10,6,2867855366,2026-07-14T15:42:30.714413+00:00,5.910510,36154,41,0202aaf000068d3a005a5811460e29efbf1ffffffc2246cd1e00000fc0007ebfe9ed0737feebfff600,1,TX 41 seq=23509 rx_latency=1ms tx_dur=1ms,22.086,
2735,10,7,2867855367,2026-07-14T15:42:30.737218+00:00,5.933311,36177,41,0202aaf000078d51005a5811460e29efbf1ffffffc2246cd1e00000fc0007ebfe9ed0737feebfff600,1,TX 41 seq=23510 rx_latency=1ms tx_dur=1ms,20.797,
2735,10,8,2867855368,2026-07-14T15:42:30.758714+00:00,5.954807,36198,41,0202aaf000088d66005a5811460e29efbf1ffffffc2246cd1e00000fc0007ebfe9ed0737feebfff600,1,TX 41 seq=23511 rx_latency=1ms tx_dur=1ms,21.702,
2735,10,9,2867855369,2026-07-14T15:42:30.781103+00:00,5.977195,36221,41,0202aaf000098d7d005a5811460e29efbf1ffffffc2246cd1e00000fc0007ebfe9ed0737feebfff600,1,TX 41 seq=23512 rx_latency=1ms tx_dur=1ms,20.918,
2735,10,10,2867855370,2026-07-14T15:42:30.802715+00:00,5.998805,36242,41,0202aaf0000a8d92005a5811460e29efbf1ffffffc2246cd1e00000fc0007ebfe9ed0737feebfff600,1,TX 41 seq=23513 rx_latency=1ms tx_dur=1ms,21.454,
2735,10,11,2867855371,2026-07-14T15:42:30.824856+00:00,6.020946,36264,41,0202aaf0000b8da8005a5811460e29efbf1ffffffc2246cd1e00000fc0007ebfe9ed0737feebfff600,1,TX 41 seq=23514 rx_latency=1ms tx_dur=1ms,20.920,
2735,10,12,2867855372,2026-07-14T15:42:30.846471+00:00,6.042561,36286,41,0202aaf0000c8dbe005a5811460e29efbf1ffffffc2246cd1e00000fc0007ebfe9ed0737feebfff600,1,TX 41 seq=23515 rx_latency=1ms tx_dur=1ms,21.467,
2735,10,13,2867855373,2026-07-14T15:42:30.868623+00:00,6.064713,36308,41,0202aaf0000d8dd4005a5811460e29efbf1ffffffc2246cd1e00000fc0007ebfe9ed0737feebfff600,1,TX 41 seq=23516 rx_latency=1ms tx_dur=1ms,22.033,
2735,10,14,2867855374,2026-07-14T15:42:30.891334+00:00,6.087425,36331,41,0202aaf0000e8deb005a5811460e29efbf1ffffffc2246cd1e00000fc0007ebfe9ed0737feebfff600,1,TX 41 seq=23517 rx_latency=1ms tx_dur=1ms,20.356,
2735,10,15,2867855375,2026-07-14T15:42:30.912368+00:00,6.108458,36352,41,0202aaf0000f8e00005a5811460e29efbf1ffffffc2246cd1e00000fc0007ebfe9ed0737feebfff600,1,TX 41 seq=23518 rx_latency=1ms tx_dur=1ms,21.924,
2735,10,16,2867855376,2026-07-14T15:42:30.934973+00:00,6.131064,36374,41,0202aaf000108e16005a5811460e29efbf1ffffffc2246cd1e00000fc0007ebfe9ed0737feebfff600,1,TX 41 seq=23519 rx_latency=1ms tx_dur=1ms,21.717,
2735,10,17,2867855377,2026-07-14T15:42:30.957374+00:00,6.153464,36397,41,0202aaf000118e2d005a5811460e29efbf1ffffffc2246cd1e00000fc0007ebfe9ed0737feebfff600,1,TX 41 seq=23520 rx_latency=1ms tx_dur=1ms,20.924,
2735,10,18,2867855378,2026-07-14T15:42:30.978981+00:00,6.175071,36418,41,0202aaf000128e42005a5811460e29efbf1ffffffc2246cd1e00000fc0007ebfe9ed0737feebfff600,1,TX 41 seq=23521 rx_latency=1ms tx_dur=1ms,21.480,
2735,10,19,2867855379,2026-07-14T15:42:31.001139+00:00,6.197230,36441,41,0202aaf000138e59005a5811460e29efbf1ffffffc2246cd1e00000fc0007ebfe9ed0737feebfff600,1,TX 41 seq=23522 rx_latency=1ms tx_dur=1ms,20.918,
2735,10,20,2867855380,2026-07-14T15:42:31.022739+00:00,6.218830,36462,41,0202aaf000148e6e005a5811460e29efbf1ffffffc2246cd1e00000fc0007ebfe9ed0737feebfff600,1,TX 41 seq=23523 rx_latency=1ms tx_dur=1ms,21.462,
2735,10,21,2867855381,2026-07-14T15:42:31.044916+00:00,6.241009,36484,41,0202aaf000158e84005a5811460e29efbf1ffffffc2246cd1e00000fc0007ebfe9ed0737feebfff600,1,TX 41 seq=23524 rx_latency=1ms tx_dur=1ms,20.890,
2735,10,22,2867855382,2026-07-14T15:42:31.066502+00:00,6.262592,36506,41,0202aaf000168e9a005a5811460e29efbf1ffffffc2246cd1e00000fc0007ebfe9ed0737feebfff600,1,TX 41 seq=23525 rx_latency=1ms tx_dur=1ms,21.479,
2735,10,23,2867855383,2026-07-14T15:42:31.088673+00:00,6.284764,36528,41,0202aaf000178eb0005a5811460e29efbf1ffffffc2246cd1e00000fc0007ebfe9ed0737feebfff600,1,TX 41 seq=23526 rx_latency=1ms tx_dur=1ms,20.889,
2735,10,24,2867855384,2026-07-14T15:42:31.110252+00:00,6.306343,36550,41,0202aaf000188ec6005a5811460e29efbf1ffffffc2246cd1e00000fc0007ebfe9ed0737feebfff600,1,TX 41 seq=23527 rx_latency=1ms tx_dur=1ms,21.460,
2735,10,25,2867855385,2026-07-14T15:42:31.132390+00:00,6.328480,36572,41,0202aaf000198edc005a5811460e29efbf1ffffffc2246cd1e00000fc0007ebfe9ed0737feebfff600,1,TX 41 seq=23528 rx_latency=1ms tx_dur=1ms,21.937,
2735,10,26,2867855386,2026-07-14T15:42:31.155008+00:00,6.351098,36595,41,0202aaf0001a8ef3005a5811460e29efbf1ffffffc2246cd1e00000fc0007ebfe9ed0737feebfff600,1,TX 41 seq=23529 rx_latency=1ms tx_dur=1ms,20.606,
2735,10,27,2867855387,2026-07-14T15:42:31.176300+00:00,6.372390,36616,41,0202aaf0001b8f08005a5811460e29efbf1ffffffc2246cd1e00000fc0007ebfe9ed0737feebfff600,1,TX 41 seq=23530 rx_latency=1ms tx_dur=1ms,22.155,
2735,10,28,2867855388,2026-07-14T15:42:31.199149+00:00,6.395241,36639,41,0202aaf0001c8f1f005a5811460e29efbf1ffffffc2246cd1e00000fc0007ebfe9ed0737feebfff600,1,TX 41 seq=23531 rx_latency=1ms tx_dur=1ms,20.569,
2735,10,29,2867855389,2026-07-14T15:42:31.220417+00:00,6.416509,36660,41,0202aaf0001d8f34005a5811460e29efbf1ffffffc2246cd1e00000fc0007ebfe9ed0737feebfff600,1,TX 41 seq=23532 rx_latency=1ms tx_dur=1ms,21.921,
2735,10,30,2867855390,2026-07-14T15:42:31.243023+00:00,6.439113,36683,41,0202aaf0001e8f4b005a5811460e29efbf1ffffffc2246cd1e00000fc0007ebfe9ed0737feebfff600,1,TX 41 seq=23533 rx_latency=1ms tx_dur=1ms,20.598,
2735,10,31,2867855391,2026-07-14T15:42:31.264307+00:00,6.460396,36704,41,0202aaf0001f8f60005a5811460e29efbf1ffffffc2246cd1e00000fc0007ebfe9ed0737feebfff600,1,TX 41 seq=23534 rx_latency=1ms tx_dur=1ms,22.140,
2735,10,32,2867855392,2026-07-14T15:42:31.287131+00:00,6.483221,36727,41,0202aaf000208f77005a5811460e29efbf1ffffffc2246cd1e00000fc0007ebfe9ed0737feebfff600,1,TX 41 seq=23535 rx_latency=1ms tx_dur=1ms,20.606,
2735,10,33,2867855393,2026-07-14T15:42:31.308418+00:00,6.504509,36748,41,0202aaf000218f8c005a5811460e29efbf1ffffffc2246cd1e00000fc0007ebfe9ed0737feebfff600,1,TX 41 seq=23536 rx_latency=1ms tx_dur=1ms,21.930,
2735,10,34,2867855394,2026-07-14T15:42:31.331033+00:00,6.527124,36771,41,0202aaf000228fa3005a5811460e29efbf1ffffffc2246cd1e00000fc0007ebfe9ed0737feebfff600,1,TX 41 seq=23537 rx_latency=1ms tx_dur=1ms,20.611,
2735,10,35,2867855395,2026-07-14T15:42:31.352331+00:00,6.548421,36792,41,0202aaf000238fb8005a5811460e29efbf1ffffffc2246cd1e00000fc0007ebfe9ed0737feebfff600,1,TX 41 seq=23538 rx_latency=1ms tx_dur=1ms,22.124,
2735,10,36,2867855396,2026-07-14T15:42:31.375146+00:00,6.571236,36815,41,0202aaf000248fcf005a5811460e29efbf1ffffffc2246cd1e00000fc0007ebfe9ed0737feebfff600,1,TX 41 seq=23539 rx_latency=1ms tx_dur=1ms,20.603,
2735,10,37,2867855397,2026-07-14T15:42:31.396428+00:00,6.592518,36836,41,0202aaf000258fe4005a5811460e29efbf1ffffffc2246cd1e00000fc0007ebfe9ed0737feebfff600,1,TX 41 seq=23540 rx_latency=1ms tx_dur=1ms,21.930,
2735,10,38,2867855398,2026-07-14T15:42:31.419040+00:00,6.615131,36859,41,0202aaf000268ffb005a5811460e29efbf1ffffffc2246cd1e00000fc0007ebfe9ed0737feebfff600,1,TX 41 seq=23541 rx_latency=1ms tx_dur=1ms,20.614,
2735,10,39,2867855399,2026-07-14T15:42:31.440332+00:00,6.636422,36880,41,0202aaf000279010005a5811460e29efbf1ffffffc2246cd1e00000fc0007ebfe9ed0737feebfff600,1,TX 41 seq=23542 rx_latency=1ms tx_dur=1ms,22.145,
2735,10,40,2867855400,2026-07-14T15:42:31.463182+00:00,6.659273,36903,41,0202aaf000289027005a5811460e29efbf1ffffffc2246cd1e00000fc0007ebfe9ed0737feebfff600,1,TX 41 seq=23543 rx_latency=1ms tx_dur=1ms,20.578,
2735,10,41,2867855401,2026-07-14T15:42:31.484444+00:00,6.680534,36924,41,0202aaf00029903c005a5811460e29efbf1ffffffc2246cd1e00000fc0007ebfe9ed0737feebfff600,1,TX 41 seq=23544 rx_latency=1ms tx_dur=1ms,22.176,
2735,10,42,2867855402,2026-07-14T15:42:31.507307+00:00,6.703400,36947,41,0202aaf0002a9053005a5811460e29efbf1ffffffc2246cd1e00000fc0007ebfe9ed0737feebfff600,1,TX 41 seq=23545 rx_latency=1ms tx_dur=1ms,20.324,
2735,10,43,2867855403,2026-07-14T15:42:31.528330+00:00,6.724420,36968,41,0202aaf0002b9068005a5811460e29efbf1ffffffc2246cd1e00000fc0007ebfe9ed0737feebfff600,1,TX 41 seq=23546 rx_latency=1ms tx_dur=1ms,21.922,
2735,10,44,2867855404,2026-07-14T15:42:31.550936+00:00,6.747026,36990,41,0202aaf0002c907e005a5811460e29efbf1ffffffc2246cd1e00000fc0007ebfe9ed0737feebfff600,1,TX 41 seq=23547 rx_latency=1ms tx_dur=1ms,21.736,
2735,10,45,2867855405,2026-07-14T15:42:31.573364+00:00,6.769455,37013,41,0202aaf0002d9095005a5811460e29efbf1ffffffc2246cd1e00000fc0007ebfe9ed0737feebfff600,1,TX 41 seq=23548 rx_latency=1ms tx_dur=1ms,20.561,
2735,10,46,2867855406,2026-07-14T15:42:31.594609+00:00,6.790700,37034,41,0202aaf0002e90aa005a5811460e29efbf1ffffffc2246cd1e00000fc0007ebfe9ed0737feebfff600,1,TX 41 seq=23549 rx_latency=1ms tx_dur=1ms,21.050,
2735,10,47,2867855407,2026-07-14T15:42:31.616346+00:00,6.812438,37056,41,0202aaf0002f90c0005a5811460e29efbf1ffffffc2246cd1e00000fc0007ebfe9ed0737feebfff600,1,TX 41 seq=23550 rx_latency=1ms tx_dur=1ms,21.907,
2735,10,48,2867855408,2026-07-14T15:42:31.638947+00:00,6.835038,37078,41,0202aaf0003090d6005a5811460e29efbf1ffffffc2246cd1e00000fc0007ebfe9ed0737feebfff600,1,TX 41 seq=23551 rx_latency=1ms tx_dur=1ms,21.794,
2735,10,49,2867855409,2026-07-14T15:42:31.661504+00:00,6.857618,37101,41,0202aaf0003190ed005a5811460e29efbf1ffffffc2246cd1e00000fc0007ebfe9ed0737feebfff600,1,TX 41 seq=23552 rx_latency=1ms tx_dur=1ms,20.347,
2735,10,50,2867855410,2026-07-14T15:42:31.682666+00:00,6.878763,37122,41,0202aaf000329102005a5811460e29efbf1ffffffc2246cd1e00000fc0007ebfe9ed0737feebfff600,1,TX 41 seq=23553 rx_latency=1ms tx_dur=1ms,20.997,
2735,10,51,2867855411,2026-07-14T15:42:31.704388+00:00,6.900485,37144,41,0202aaf000339118005a5811460e29efbf1ffffffc2246cd1e00000fc0007ebfe9ed0737feebfff600,1,TX 41 seq=23554 rx_latency=1ms tx_dur=1ms,21.878,
2735,10,52,2867855412,2026-07-14T15:42:31.727008+00:00,6.923107,37166,41,0202aaf00034912e005a5811460e29efbf1ffffffc2246cd1e00000fc0007ebfe9ed0737feebfff600,1,TX 41 seq=23555 rx_latency=1ms tx_dur=1ms,21.628,
2735,10,53,2867855413,2026-07-14T15:42:31.749380+00:00,6.945472,37189,41,0202aaf000359145005a5811460e29efbf1ffffffc2246cd1e00000fc0007ebfe9ed0737feebfff600,1,TX 41 seq=23556 rx_latency=1ms tx_dur=1ms,20.567,
2735,10,54,2867855414,2026-07-14T15:42:31.770652+00:00,6.966744,37210,41,0202aaf00036915a005a5811460e29efbf1ffffffc2246cd1e00000fc0007ebfe9ed0737feebfff600,1,TX 41 seq=23557 rx_latency=1ms tx_dur=1ms,21.021,
2735,10,55,2867855415,2026-07-14T15:42:31.792364+00:00,6.988454,37232,41,0202aaf000379170005a5811460e29efbf1ffffffc2246cd1e00000fc0007ebfe9ed0737feebfff600,1,TX 41 seq=23558 rx_latency=1ms tx_dur=1ms,21.921,
2735,10,56,2867855416,2026-07-14T15:42:31.814968+00:00,7.011059,37254,41,0202aaf000389186005a5811460e29efbf1ffffffc2246cd1e00000fc0007ebfe9ed0737feebfff600,1,TX 41 seq=23559 rx_latency=1ms tx_dur=1ms,20.609,
2735,10,57,2867855417,2026-07-14T15:42:31.836256+00:00,7.032346,37276,41,0202aaf00039919c005a5811460e29efbf1ffffffc2246cd1e00000fc0007ebfe9ed0737feebfff600,1,TX 41 seq=23560 rx_latency=1ms tx_dur=1ms,22.150,
2735,10,58,2867855418,2026-07-14T15:42:31.859085+00:00,7.055176,37299,41,0202aaf0003a91b3005a5811460e29efbf1ffffffc2246cd1e00000fc0007ebfe9ed0737feebfff600,1,TX 41 seq=23561 rx_latency=1ms tx_dur=1ms,20.603,
2735,10,59,2867855419,2026-07-14T15:42:31.880381+00:00,7.076472,37320,41,0202aaf0003b91c8005a5811460e29efbf1ffffffc2246cd1e00000fc0007ebfe9ed0737feebfff600,1,TX 41 seq=23562 rx_latency=1ms tx_dur=1ms,21.907,
2735,10,60,2867855420,2026-07-14T15:42:31.903006+00:00,7.099098,37342,41,0202aaf0003c91de005a5811460e29efbf1ffffffc2246cd1e00000fc0007ebfe9ed0737feebfff600,1,TX 41 seq=23563 rx_latency=1ms tx_dur=1ms,20.623,
2735,10,61,2867855421,2026-07-14T15:42:31.924359+00:00,7.120459,37364,41,0202aaf0003d91f4005a5811460e29efbf1ffffffc2246cd1e00000fc0007ebfe9ed0737feebfff600,1,TX 41 seq=23564 rx_latency=1ms tx_dur=1ms,22.007,
2735,10,62,2867855422,2026-07-14T15:42:31.947113+00:00,7.143207,37387,41,0202aaf0003e920b005a5811460e29efbf1ffffffc2246cd1e00000fc0007ebfe9ed0737feebfff600,1,TX 41 seq=23565 rx_latency=1ms tx_dur=1ms,20.579,
2735,10,63,2867855423,2026-07-14T15:42:31.968383+00:00,7.164474,37408,41,0202aaf0003f9220005a5811460e29efbf1ffffffc2246cd1e00000fc0007ebfe9ed0737feebfff600,1,TX 41 seq=23566 rx_latency=1ms tx_dur=1ms,21.927,
2735,10,64,2867855424,2026-07-14T15:42:31.990997+00:00,7.187087,37430,41,0202aaf000409236005a5811460e29efbf1ffffffc2246cd1e00000fc0007ebfe9ed0737feebfff600,1,TX 41 seq=23567 rx_latency=1ms tx_dur=1ms,21.686,
2735,10,65,2867855425,2026-07-14T15:42:32.013374+00:00,7.209466,37453,41,0202aaf00041924d005a5811460e29efbf1ffffffc2246cd1e00000fc0007ebfe9ed0737feebfff600,1,TX 41 seq=23568 rx_latency=1ms tx_dur=1ms,20.938,
2735,10,66,2867855426,2026-07-14T15:42:32.035004+00:00,7.231096,37474,41,0202aaf000429262005a5811460e29efbf1ffffffc2246cd1e00000fc0007ebfe9ed0737feebfff600,1,TX 41 seq=23569 rx_latency=1ms tx_dur=1ms,21.454,
2735,10,67,2867855427,2026-07-14T15:42:32.057146+00:00,7.253236,37497,41,0202aaf000439279005a5811460e29efbf1ffffffc2246cd1e00000fc0007ebfe9ed0737feebfff600,1,TX 41 seq=23570 rx_latency=1ms tx_dur=1ms,20.934,
2735,10,68,2867855428,2026-07-14T15:42:32.078754+00:00,7.274845,37518,41,0202aaf00044928e005a5811460e29efbf1ffffffc2246cd1e00000fc0007ebfe9ed0737feebfff600,1,TX 41 seq=23571 rx_latency=1ms tx_dur=1ms,21.461,
2735,10,69,2867855429,2026-07-14T15:42:32.100897+00:00,7.296988,37540,41,0202aaf0004592a4005a5811460e29efbf1ffffffc2246cd1e00000fc0007ebfe9ed0737feebfff600,1,TX 41 seq=23572 rx_latency=1ms tx_dur=1ms,20.929,
2735,10,70,2867855430,2026-07-14T15:42:32.122507+00:00,7.318597,37562,41,0202aaf0004692ba005a5811460e29efbf1ffffffc2246cd1e00000fc0007ebfe9ed0737feebfff600,1,TX 41 seq=23573 rx_latency=1ms tx_dur=1ms,21.460,
2735,10,71,2867855431,2026-07-14T15:42:32.144651+00:00,7.340742,37584,41,0202aaf0004792d0005a5811460e29efbf1ffffffc2246cd1e00000fc0007ebfe9ed0737feebfff600,1,TX 41 seq=23574 rx_latency=1ms tx_dur=1ms,20.928,
2735,10,72,2867855432,2026-07-14T15:42:32.166264+00:00,7.362354,37606,41,0202aaf0004892e6005a5811460e29efbf1ffffffc2246cd1e00000fc0007ebfe9ed0737feebfff600,1,TX 41 seq=23575 rx_latency=1ms tx_dur=1ms,21.467,
2735,10,73,2867855433,2026-07-14T15:42:32.188405+00:00,7.384496,37628,41,0202aaf0004992fc005a5811460e29efbf1ffffffc2246cd1e00000fc0007ebfe9ed0737feebfff600,1,TX 41 seq=23576 rx_latency=1ms tx_dur=1ms,21.946,
2735,10,74,2867855434,2026-07-14T15:42:32.211033+00:00,7.407124,37651,41,0202aaf0004a9313005a5811460e29efbf1ffffffc2246cd1e00000fc0007ebfe9ed0737feebfff600,1,TX 41 seq=23577 rx_latency=1ms tx_dur=1ms,20.590,
2735,10,75,2867855435,2026-07-14T15:42:32.232307+00:00,7.428398,37672,41,0202aaf0004b9328005a5811460e29efbf1ffffffc2246cd1e00000fc0007ebfe9ed0737feebfff600,1,TX 41 seq=23578 rx_latency=1ms tx_dur=1ms,22.141,
2735,10,76,2867855436,2026-07-14T15:42:32.304043+00:00,7.500136,37744,41,0202aaf0004c9370005a5811460e29efbf1ffffffc2246cd1e00000fc0007ebfe9ed0737feebfff600,1,TX 41 seq=23579 rx_latency=1ms tx_dur=1ms,21.998,
2735,10,77,2867855437,2026-07-14T15:42:32.404024+00:00,7.600112,37844,41,0202aaf0004d93d4005a5811460e29efbf1ffffffc2246cd1e00000fc0007ebfe9ed0737feebfff600,1,TX 41 seq=23580 rx_latency=1ms tx_dur=1ms,14.730,
2735,10,78,2867855438,2026-07-14T15:42:32.504014+00:00,7.700090,37944,41,0202aaf0004e9438005a5811460e29efbf1ffffffc2246cd1e00000fc0007ebfe9ed0737feebfff600,1,TX 41 seq=23581 rx_latency=1ms tx_dur=1ms,16.317,
2735,10,79,2867855439,2026-07-14T15:42:32.604022+00:00,7.800110,38044,41,0202aaf0004f949c005a5811460e29efbf1ffffffc2246cd1e00000fc0007ebfe9ed0737feebfff600,1,TX 41 seq=23582 rx_latency=1ms tx_dur=1ms,17.924,
2735,10,80,2867855440,2026-07-14T15:42:32.704013+00:00,7.900086,38144,41,0202aaf000509500005a5811460e29efbf1ffffffc2246cd1e00000fc0007ebfe9ed0737feebfff600,1,TX 41 seq=23583 rx_latency=1ms tx_dur=1ms,20.694,
2735,10,81,2867855441,2026-07-14T15:42:32.804011+00:00,8.000081,38244,41,0202aaf000519564005a5811460e29efbf1ffffffc2246cd1e00000fc0007ebfe9ed0737feebfff600,1,TX 41 seq=23584 rx_latency=1ms tx_dur=1ms,22.359,
2735,10,82,2867855442,2026-07-14T15:42:32.903984+00:00,8.100053,38343,41,0202aaf0005295c7005a5811460e29efbf1ffffffc2246cd1e00000fc0007ebfe9ed0737feebfff600,1,TX 41 seq=23585 rx_latency=1ms tx_dur=1ms,14.292,
2735,10,83,2867855443,2026-07-14T15:42:33.004021+00:00,8.200107,38444,41,0202aaf00053962c005a5811460e29efbf1ffffffc2246cd1e00000fc0007ebfe9ed0737feebfff600,1,TX 41 seq=23586 rx_latency=1ms tx_dur=1ms,15.840,
2735,10,84,2867855444,2026-07-14T15:42:33.104013+00:00,8.300087,38544,41,0202aaf000549690005a5811460e29efbf1ffffffc2246cd1e00000fc0007ebfe9ed0737feebfff600,1,TX 41 seq=23587 rx_latency=1ms tx_dur=1ms,18.613,
2735,10,85,2867855445,2026-07-14T15:42:33.204012+00:00,8.400082,38644,41,0202aaf0005596f4005a5811460e29efbf1ffffffc2246cd1e00000fc0007ebfe9ed0737feebfff600,1,TX 41 seq=23588 rx_latency=1ms tx_dur=1ms,20.276,
2735,10,86,2867855446,2026-07-14T15:42:33.304012+00:00,8.500083,38744,41,0202aaf000569758005a5811460e29efbf1ffffffc2246cd1e00000fc0007ebfe9ed0737feebfff600,1,TX 41 seq=23589 rx_latency=1ms tx_dur=1ms,22.862,
2735,10,87,2867855447,2026-07-14T15:42:33.404012+00:00,8.600082,38844,41,0202aaf0005797bc005a5811460e29efbf1ffffffc2246cd1e00000fc0007ebfe9ed0737feebfff600,1,TX 41 seq=23590 rx_latency=1ms tx_dur=1ms,14.889,
2735,10,88,2867855448,2026-07-14T15:42:33.503984+00:00,8.700057,38943,41,0202aaf00058981f005a5811460e29efbf1ffffffc2246cd1e00000fc0007ebfe9ed0737feebfff600,1,TX 41 seq=23591 rx_latency=1ms tx_dur=1ms,16.560,
2735,10,89,2867855449,2026-07-14T15:42:33.604014+00:00,8.800088,39044,41,0202aaf000599884005a5811460e29efbf1ffffffc2246cd1e00000fc0007ebfe9ed0737feebfff600,1,TX 41 seq=23592 rx_latency=1ms tx_dur=1ms,18.297,
2735,10,90,2867855450,2026-07-14T15:42:33.704024+00:00,8.900105,39144,41,0202aaf0005a98e8005a5811460e29efbf1ffffffc2246cd1e00000fc0007ebfe9ed0737feebfff600,1,TX 41 seq=23593 rx_latency=1ms tx_dur=1ms,20.023,
2735,10,91,2867855451,2026-07-14T15:42:33.804060+00:00,9.000178,39244,41,0202aaf0005b994c005a5811460e29efbf1ffffffc2246cd1e00000fc0007ebfe9ed0737feebfff600,1,TX 41 seq=23594 rx_latency=1ms tx_dur=1ms,21.409,
2735,10,92,2867855452,2026-07-14T15:42:33.904046+00:00,9.100145,39344,41,0202aaf0005c99b0005a5811460e29efbf1ffffffc2246cd1e00000fc0007ebfe9ed0737feebfff600,1,TX 41 seq=23595 rx_latency=1ms tx_dur=1ms,14.312,
2735,10,93,2867855453,2026-07-14T15:42:34.004015+00:00,9.200117,39444,41,0202aaf0005d9a14005a5811460e29efbf1ffffffc2246cd1e00000fc0007ebfe9ed0737feebfff600,1,TX 41 seq=23596 rx_latency=1ms tx_dur=1ms,16.144,
2735,10,94,2867855454,2026-07-14T15:42:34.104033+00:00,9.300130,39544,41,0202aaf0005e9a78005a5811460e29efbf1ffffffc2246cd1e00000fc0007ebfe9ed0737feebfff600,1,TX 41 seq=23597 rx_latency=1ms tx_dur=1ms,17.540,
2735,10,95,2867855455,2026-07-14T15:42:34.204038+00:00,9.400128,39644,41,0202aaf0005f9adc005a5811460e29efbf1ffffffc2246cd1e00000fc0007ebfe9ed0737feebfff600,1,TX 41 seq=23598 rx_latency=1ms tx_dur=1ms,20.514,
2735,10,96,2867855456,2026-07-14T15:42:34.304026+00:00,9.500125,39744,41,0202aaf000609b40005a5811460e29efbf1ffffffc2246cd1e00000fc0007ebfe9ed0737feebfff600,1,TX 41 seq=23599 rx_latency=1ms tx_dur=1ms,22.195,
2735,10,97,2867855457,2026-07-14T15:42:34.404043+00:00,9.600137,39844,41,0202aaf000619ba4005a5811460e29efbf1ffffffc2246cd1e00000fc0007ebfe9ed0737feebfff600,1,TX 41 seq=23600 rx_latency=1ms tx_dur=1ms,13.924,
2735,10,98,2867855458,2026-07-14T15:42:34.504038+00:00,9.700129,39944,41,0202aaf000629c08005a5811460e29efbf1ffffffc2246cd1e00000fc0007ebfe9ed0737feebfff600,1,TX 41 seq=23601 rx_latency=1ms tx_dur=1ms,16.671,
2735,10,99,2867855459,2026-07-14T15:42:34.604020+00:00,9.800120,40044,41,0202aaf000639c6c005a5811460e29efbf1ffffffc2246cd1e00000fc0007ebfe9ed0737feebfff600,1,TX 41 seq=23602 rx_latency=1ms tx_dur=1ms,18.260,
2735,10,100,2867855460,2026-07-14T15:42:34.704038+00:00,9.900129,40144,41,0202aaf000649cd0005a5811460e29efbf1ffffffc2246cd1e00000fc0007ebfe9ed0737feebfff600,1,TX 41 seq=23603 rx_latency=1ms tx_dur=1ms,20.067,
2735,10,101,2867855461,2026-07-14T15:42:34.804060+00:00,10.000180,40244,41,0202aaf000659d34005a5811460e29efbf1ffffffc2246cd1e00000fc0007ebfe9ed0737feebfff600,1,TX 41 seq=23604 rx_latency=1ms tx_dur=1ms,21.692,
2735,10,102,2867855462,2026-07-14T15:42:34.904021+00:00,10.100121,40344,41,0202aaf000669d98005a5811460e29efbf1ffffffc2246cd1e00000fc0007ebfe9ed0737feebfff600,1,TX 41 seq=23605 rx_latency=1ms tx_dur=1ms,14.423,
2735,10,103,2867855463,2026-07-14T15:42:35.004045+00:00,10.200146,40444,41,0202aaf000679dfc005a5811460e29efbf1ffffffc2246cd1e00000fc0007ebfe9ed0737feebfff600,1,TX 41 seq=23606 rx_latency=1ms tx_dur=1ms,16.102,
2735,10,104,2867855464,2026-07-14T15:42:35.104039+00:00,10.300131,40544,41,0202aaf000689e60005a5811460e29efbf1ffffffc2246cd1e00000fc0007ebfe9ed0737feebfff600,1,TX 41 seq=23607 rx_latency=1ms tx_dur=1ms,17.883,
2735,10,105,2867855465,2026-07-14T15:42:35.204027+00:00,10.400138,40644,41,0202aaf000699ec4005a5811460e29efbf1ffffffc2246cd1e00000fc0007ebfe9ed0737feebfff600,1,TX 41 seq=23608 rx_latency=1ms tx_dur=1ms,19.516,
2735,10,106,2867855466,2026-07-14T15:42:35.304039+00:00,10.500137,40744,41,0202aaf0006a9f28005a5811460e29efbf1ffffffc2246cd1e00000fc0007ebfe9ed0737feebfff600,1,TX 41 seq=23609 rx_latency=1ms tx_dur=1ms,22.216,
2735,10,107,2867855467,2026-07-14T15:42:35.404069+00:00,10.600201,40844,41,0202aaf0006b9f8c005a5811460e29efbf1ffffffc2246cd1e00000fc0007ebfe9ed0737feebfff600,1,TX 41 seq=23610 rx_latency=1ms tx_dur=1ms,23.733,
2735,10,108,2867855468,2026-07-14T15:42:35.503989+00:00,10.700084,40943,41,0202aaf0006c9fef005a5811460e29efbf1ffffffc2246cd1e00000fc0007ebfe9ed0737feebfff600,1,TX 41 seq=23611 rx_latency=1ms tx_dur=1ms,15.711,
2735,10,109,2867855469,2026-07-14T15:42:35.604049+00:00,10.800148,41044,41,0202aaf0006da054005a5811460e29efbf1ffffffc2246cd1e00000fc0007ebfe9ed0737feebfff600,1,TX 41 seq=23612 rx_latency=1ms tx_dur=1ms,18.521,
2735,10,110,2867855470,2026-07-14T15:42:35.704000+00:00,10.900103,41143,41,0202aaf0006ea0b7005a5811460e29efbf1ffffffc2246cd1e00000fc0007ebfe9ed0737feebfff600,1,TX 41 seq=23613 rx_latency=1ms tx_dur=1ms,20.063,
2735,10,111,2867855471,2026-07-14T15:42:35.804046+00:00,11.000147,41244,41,0202aaf0006fa11c005a5811460e29efbf1ffffffc2246cd1e00000fc0007ebfe9ed0737feebfff600,1,TX 41 seq=23614 rx_latency=1ms tx_dur=1ms,21.771,
2735,10,112,2867855472,2026-07-14T15:42:35.904004+00:00,11.100098,41343,41,0202aaf00070a17f005a5811460e29efbf1ffffffc2246cd1e00000fc0007ebfe9ed0737feebfff600,1,TX 41 seq=23615 rx_latency=1ms tx_dur=1ms,14.695,
2735,10,113,2867855473,2026-07-14T15:42:36.004044+00:00,11.200139,41444,41,0202aaf00071a1e4005a5811460e29efbf1ffffffc2246cd1e00000fc0007ebfe9ed0737feebfff600,1,TX 41 seq=23616 rx_latency=1ms tx_dur=1ms,16.356,
2735,10,114,2867855474,2026-07-14T15:42:36.103987+00:00,11.300075,41543,41,0202aaf00072a247005a5811460e29efbf1ffffffc2246cd1e00000fc0007ebfe9ed0737feebfff600,1,TX 41 seq=23617 rx_latency=1ms tx_dur=1ms,18.127,
2735,10,115,2867855475,2026-07-14T15:42:36.204047+00:00,11.400146,41644,41,0202aaf00073a2ac005a5811460e29efbf1ffffffc2246cd1e00000fc0007ebfe9ed0737feebfff600,1,TX 41 seq=23618 rx_latency=1ms tx_dur=1ms,19.711,
2735,10,116,2867855476,2026-07-14T15:42:36.304046+00:00,11.500152,41744,41,0202aaf00074a310005a5811460e29efbf1ffffffc2246cd1e00000fc0007ebfe9ed0737feebfff600,1,TX 41 seq=23619 rx_latency=1ms tx_dur=1ms,22.362,
2735,10,117,2867855477,2026-07-14T15:42:36.404046+00:00,11.600143,41844,41,0202aaf00075a374005a5811460e29efbf1ffffffc2246cd1e00000fc0007ebfe9ed0737feebfff600,1,TX 41 seq=23620 rx_latency=1ms tx_dur=1ms,14.192,
2735,10,118,2867855478,2026-07-14T15:42:36.504041+00:00,11.700133,41944,41,0202aaf00076a3d8005a5811460e29efbf1ffffffc2246cd1e00000fc0007ebfe9ed0737feebfff600,1,TX 41 seq=23621 rx_latency=1ms tx_dur=1ms,15.940,
2735,10,119,2867855479,2026-07-14T15:42:36.604046+00:00,11.800142,42044,41,0202aaf00077a43c005a5811460e29efbf1ffffffc2246cd1e00000fc0007ebfe9ed0737feebfff600,1,TX 41 seq=23622 rx_latency=1ms tx_dur=1ms,18.711,
2735,10,120,2867855480,2026-07-14T15:42:36.704049+00:00,11.900157,42144,41,0202aaf00078a4a0005a5811460e29efbf1ffffffc2246cd1e00000fc0007ebfe9ed0737feebfff600,1,TX 41 seq=23623 rx_latency=1ms tx_dur=1ms,20.173,
2735,10,121,2867855481,2026-07-14T15:42:36.804045+00:00,12.000141,42244,41,0202aaf00079a504005a5811460e29efbf1ffffffc2246cd1e00000fc0007ebfe9ed0737feebfff600,1,TX 41 seq=23624 rx_latency=1ms tx_dur=1ms,21.945,
2735,10,122,2867855482,2026-07-14T15:42:36.904048+00:00,12.100144,42344,41,0202aaf0007aa568005a5811460e29efbf1ffffffc2246cd1e00000fc0007ebfe9ed0737feebfff600,1,TX 41 seq=23625 rx_latency=1ms tx_dur=1ms,13.771,
2735,10,123,2867855483,2026-07-14T15:42:37.004041+00:00,12.200131,42444,41,0202aaf0007ba5cc005a5811460e29efbf1ffffffc2246cd1e00000fc0007ebfe9ed0737feebfff600,1,TX 41 seq=23626 rx_latency=1ms tx_dur=1ms,16.400,
2735,10,124,2867855484,2026-07-14T15:42:37.104047+00:00,12.300141,42544,41,0202aaf0007ca630005a5811460e29efbf1ffffffc2246cd1e00000fc0007ebfe9ed0737feebfff600,1,TX 41 seq=23627 rx_latency=1ms tx_dur=1ms,18.154,
2735,10,125,2867855485,2026-07-14T15:42:37.204043+00:00,12.400138,42644,41,0202aaf0007da694005a5811460e29efbf1ffffffc2246cd1e00000fc0007ebfe9ed0737feebfff600,1,TX 41 seq=23628 rx_latency=1ms tx_dur=1ms,19.793,
2735,10,126,2867855486,2026-07-14T15:42:37.304055+00:00,12.500163,42744,41,0202aaf0007ea6f8005a5811460e29efbf1ffffffc2246cd1e00000fc0007ebfe9ed0737feebfff600,1,TX 41 seq=23629 rx_latency=1ms tx_dur=1ms,21.520,
2735,10,127,2867855487,2026-07-14T15:42:37.404040+00:00,12.600131,42844,41,0202aaf0007fa75c005a5811460e29efbf1ffffffc2246cd1e00000fc0007ebfe9ed0737feebfff600,1,TX 41 seq=23630 rx_latency=1ms tx_dur=1ms,14.242,
2735,10,128,2867855488,2026-07-14T15:42:37.504048+00:00,12.700144,42944,41,0202aaf00080a7c0005a5811460e29efbf1ffffffc2246cd1e00000fc0007ebfe9ed0737feebfff600,1,TX 41 seq=23631 rx_latency=1ms tx_dur=1ms,15.959,
2735,10,129,2867855489,2026-07-14T15:42:37.604040+00:00,12.800132,43044,41,0202aaf00081a824005a5811460e29efbf1ffffffc2246cd1e00000fc0007ebfe9ed0737feebfff600,1,TX 41 seq=23632 rx_latency=1ms tx_dur=1ms,17.674,
2735,10,130,2867855490,2026-07-14T15:42:37.704035+00:00,12.900161,43144,41,0202aaf00082a888005a5811460e29efbf1ffffffc2246cd1e00000fc0007ebfe9ed0737feebfff600,1,TX 41 seq=23633 rx_latency=1ms tx_dur=1ms,20.416,
2735,10,131,2867855491,2026-07-14T15:42:37.804044+00:00,13.000143,43244,41,0202aaf00083a8ec005a5811460e29efbf1ffffffc2246cd1e00000fc0007ebfe9ed0737feebfff600,1,TX 41 seq=23634 rx_latency=1ms tx_dur=1ms,21.954,
2735,10,132,2867855492,2026-07-14T15:42:37.904048+00:00,13.100147,43344,41,0202aaf00084a950005a5811460e29efbf1ffffffc2246cd1e00000fc0007ebfe9ed0737feebfff600,1,TX 41 seq=23635 rx_latency=1ms tx_dur=1ms,13.781,
2735,10,133,2867855493,2026-07-14T15:42:38.004041+00:00,13.200132,43444,41,0202aaf00085a9b4005a5811460e29efbf1ffffffc2246cd1e00000fc0007ebfe9ed0737feebfff600,1,TX 41 seq=23636 rx_latency=1ms tx_dur=1ms,16.644,
2735,10,134,2867855494,2026-07-14T15:42:38.104048+00:00,13.300143,43544,41,0202aaf00086aa18005a5811460e29efbf1ffffffc2246cd1e00000fc0007ebfe9ed0737feebfff600,1,TX 41 seq=23637 rx_latency=1ms tx_dur=1ms,18.366,
2735,10,135,2867855495,2026-07-14T15:42:38.204040+00:00,13.400132,43644,41,0202aaf00087aa7c005a5811460e29efbf1ffffffc2246cd1e00000fc0007ebfe9ed0737feebfff600,1,TX 41 seq=23638 rx_latency=1ms tx_dur=1ms,19.852,
2735,10,136,2867855496,2026-07-14T15:42:38.304038+00:00,13.500164,43744,41,0202aaf00088aae0005a5811460e29efbf1ffffffc2246cd1e00000fc0007ebfe9ed0737feebfff600,1,TX 41 seq=23639 rx_latency=1ms tx_dur=1ms,21.483,
2735,10,137,2867855497,2026-07-14T15:42:38.404000+00:00,13.600094,43843,41,0202aaf00089ab43005a5811460e29efbf1ffffffc2246cd1e00000fc0007ebfe9ed0737feebfff600,1,TX 41 seq=23640 rx_latency=1ms tx_dur=1ms,14.501,
2735,10,138,2867855498,2026-07-14T15:42:38.504049+00:00,13.700149,43944,41,0202aaf0008aaba8005a5811460e29efbf1ffffffc2246cd1e00000fc0007ebfe9ed0737feebfff600,1,TX 41 seq=23641 rx_latency=1ms tx_dur=1ms,16.169,
2735,10,139,2867855499,2026-07-14T15:42:38.604061+00:00,13.800184,44044,41,0202aaf0008bac0c005a5811460e29efbf1ffffffc2246cd1e00000fc0007ebfe9ed0737feebfff600,1,TX 41 seq=23642 rx_latency=1ms tx_dur=1ms,17.609,
2735,10,140,2867855500,2026-07-14T15:42:38.704048+00:00,13.900181,44144,41,0202aaf0008cac70005a5811460e29efbf1ffffffc2246cd1e00000fc0007ebfe9ed0737feebfff600,1,TX 41 seq=23643 rx_latency=1ms tx_dur=1ms,20.473,
2735,10,141,2867855501,2026-07-14T15:42:38.803999+00:00,14.000097,44243,41,0202aaf0008dacd3005a5811460e29efbf1ffffffc2246cd1e00000fc0007ebfe9ed0737feebfff600,1,TX 41 seq=23644 rx_latency=1ms tx_dur=1ms,22.245,
2735,10,142,2867855502,2026-07-14T15:42:38.904048+00:00,14.100146,44344,41,0202aaf0008ead38005a5811460e29efbf1ffffffc2246cd1e00000fc0007ebfe9ed0737feebfff600,1,TX 41 seq=23645 rx_latency=1ms tx_dur=1ms,14.018,
2735,10,143,2867855503,2026-07-14T15:42:39.004039+00:00,14.200130,44444,41,0202aaf0008fad9c005a5811460e29efbf1ffffffc2246cd1e00000fc0007ebfe9ed0737feebfff600,1,TX 41 seq=23646 rx_latency=1ms tx_dur=1ms,16.664,
2735,10,144,2867855504,2026-07-14T15:42:39.104045+00:00,14.300140,44544,41,0202aaf00090ae00005a5811460e29efbf1ffffffc2246cd1e00000fc0007ebfe9ed0737feebfff600,1,TX 41 seq=23647 rx_latency=1ms tx_dur=1ms,18.386,
2735,10,145,2867855505,2026-07-14T15:42:39.204043+00:00,14.400138,44644,41,0202aaf00091ae64005a5811460e29efbf1ffffffc2246cd1e00000fc0007ebfe9ed0737feebfff600,1,TX 41 seq=23648 rx_latency=1ms tx_dur=1ms,20.072,
2735,10,146,2867855506,2026-07-14T15:42:39.304047+00:00,14.500145,44744,41,0202aaf00092aec8005a5811460e29efbf1ffffffc2246cd1e00000fc0007ebfe9ed0737feebfff600,1,TX 41 seq=23649 rx_latency=1ms tx_dur=1ms,21.838,
2735,10,147,2867855507,2026-07-14T15:42:39.404014+00:00,14.600104,44844,41,0202aaf00093af2c005a5811460e29efbf1ffffffc2246cd1e00000fc0007ebfe9ed0737feebfff600,1,TX 41 seq=23650 rx_latency=1ms tx_dur=1ms,14.540,
2735,10,148,2867855508,2026-07-14T15:42:39.504049+00:00,14.700145,44944,41,0202aaf00094af90005a5811460e29efbf1ffffffc2246cd1e00000fc0007ebfe9ed0737feebfff600,1,TX 41 seq=23651 rx_latency=1ms tx_dur=1ms,16.211,
2735,10,149,2867855509,2026-07-14T15:42:39.604038+00:00,14.800128,45044,41,0202aaf00095aff4005a5811460e29efbf1ffffffc2246cd1e00000fc0007ebfe9ed0737feebfff600,1,TX 41 seq=23652 rx_latency=1ms tx_dur=1ms,17.943,
2735,10,150,2867855510,2026-07-14T15:42:39.704058+00:00,14.900173,45144,41,0202aaf00096b058005a5811460e29efbf1ffffffc2246cd1e00000fc0007ebfe9ed0737feebfff600,1,TX 41 seq=23653 rx_latency=1ms tx_dur=1ms,19.611,
2735,10,151,2867855511,2026-07-14T15:42:39.804043+00:00,15.000142,45244,41,0202aaf00097b0bc005a5811460e29efbf1ffffffc2246cd1e00000fc0007ebfe9ed0737feebfff600,1,TX 41 seq=23654 rx_latency=1ms tx_dur=1ms,22.240,
2735,10,152,2867855512,2026-07-14T15:42:39.904047+00:00,15.100144,45344,41,0202aaf00098b120005a5811460e29efbf1ffffffc2246cd1e00000fc0007ebfe9ed0737feebfff600,1,TX 41 seq=23655 rx_latency=1ms tx_dur=1ms,14.058,
2735,10,153,2867855513,2026-07-14T15:42:40.003990+00:00,15.200080,45443,41,0202aaf00099b183005a5811460e29efbf1ffffffc2246cd1e00000fc0007ebfe9ed0737feebfff600,1,TX 41 seq=23656 rx_latency=1ms tx_dur=1ms,15.838,
2735,10,154,2867855514,2026-07-14T15:42:40.104046+00:00,15.300139,45544,41,0202aaf0009ab1e8005a5811460e29efbf1ffffffc2246cd1e00000fc0007ebfe9ed0737feebfff600,1,TX 41 seq=23657 rx_latency=1ms tx_dur=1ms,18.669,
2735,10,155,2867855515,2026-07-14T15:42:40.204020+00:00,15.400114,45644,41,0202aaf0009bb24c005a5811460e29efbf1ffffffc2246cd1e00000fc0007ebfe9ed0737feebfff600,1,TX 41 seq=23658 rx_latency=1ms tx_dur=1ms,20.350,
2735,10,156,2867855516,2026-07-14T15:42:40.304048+00:00,15.500144,45744,41,0202aaf0009cb2b0005a5811460e29efbf1ffffffc2246cd1e00000fc0007ebfe9ed0737feebfff600,1,TX 41 seq=23659 rx_latency=1ms tx_dur=1ms,21.856,
2735,10,157,2867855517,2026-07-14T15:42:40.404039+00:00,15.600130,45844,41,0202aaf0009db314005a5811460e29efbf1ffffffc2246cd1e00000fc0007ebfe9ed0737feebfff600,1,TX 41 seq=23660 rx_latency=1ms tx_dur=1ms,13.660,
2735,10,158,2867855518,2026-07-14T15:42:40.504048+00:00,15.700142,45944,41,0202aaf0009eb378005a5811460e29efbf1ffffffc2246cd1e00000fc0007ebfe9ed0737feebfff600,1,TX 41 seq=23661 rx_latency=1ms tx_dur=1ms,16.467,
2735,10,159,2867855519,2026-07-14T15:42:40.604040+00:00,15.800130,46044,41,0202aaf0009fb3dc005a5811460e29efbf1ffffffc2246cd1e00000fc0007ebfe9ed0737feebfff600,1,TX 41 seq=23662 rx_latency=1ms tx_dur=1ms,18.166,
2735,10,160,2867855520,2026-07-14T15:42:40.704047+00:00,15.900142,46144,41,0202aaf000a0b440005a5811460e29efbf1ffffffc2246cd1e00000fc0007ebfe9ed0737feebfff600,1,TX 41 seq=23663 rx_latency=1ms tx_dur=1ms,19.831,
2735,10,161,2867855521,2026-07-14T15:42:40.804048+00:00,16.000156,46244,41,0202aaf000a1b4a4005a5811460e29efbf1ffffffc2246cd1e00000fc0007ebfe9ed0737feebfff600,1,TX 41 seq=23664 rx_latency=1ms tx_dur=1ms,22.449,
2735,10,162,2867855522,2026-07-14T15:42:40.904050+00:00,16.100151,46344,41,0202aaf000a2b508005a5811460e29efbf1ffffffc2246cd1e00000fc0007ebfe9ed0737feebfff600,1,TX 41 seq=23665 rx_latency=1ms tx_dur=1ms,14.272,
2735,10,163,2867855523,2026-07-14T15:42:41.004047+00:00,16.200155,46444,41,0202aaf000a3b56c005a5811460e29efbf1ffffffc2246cd1e00000fc0007ebfe9ed0737feebfff600,1,TX 41 seq=23666 rx_latency=1ms tx_dur=1ms,15.960,
2735,10,164,2867855524,2026-07-14T15:42:41.104049+00:00,16.300148,46544,41,0202aaf000a4b5d0005a5811460e29efbf1ffffffc2246cd1e00000fc0007ebfe9ed0737feebfff600,1,TX 41 seq=23667 rx_latency=1ms tx_dur=1ms,18.675,
2735,10,165,2867855525,2026-07-14T15:42:41.204040+00:00,16.400132,46644,41,0202aaf000a5b634005a5811460e29efbf1ffffffc2246cd1e00000fc0007ebfe9ed0737feebfff600,1,TX 41 seq=23668 rx_latency=1ms tx_dur=1ms,20.350,
2735,10,166,2867855526,2026-07-14T15:42:41.304051+00:00,16.500153,46744,41,0202aaf000a6b698005a5811460e29efbf1ffffffc2246cd1e00000fc0007ebfe9ed0737feebfff600,1,TX 41 seq=23669 rx_latency=1ms tx_dur=1ms,22.104,
2735,10,167,2867855527,2026-07-14T15:42:41.404060+00:00,16.600179,46844,41,0202aaf000a7b6fc005a5811460e29efbf1ffffffc2246cd1e00000fc0007ebfe9ed0737feebfff600,1,TX 41 seq=23670 rx_latency=1ms tx_dur=1ms,23.635,
2735,10,168,2867855528,2026-07-14T15:42:41.504042+00:00,16.700138,46944,41,0202aaf000a8b760005a5811460e29efbf1ffffffc2246cd1e00000fc0007ebfe9ed0737feebfff600,1,TX 41 seq=23671 rx_latency=1ms tx_dur=1ms,16.471,
2735,10,169,2867855529,2026-07-14T15:42:41.604049+00:00,16.800146,47044,41,0202aaf000a9b7c4005a5811460e29efbf1ffffffc2246cd1e00000fc0007ebfe9ed0737feebfff600,1,TX 41 seq=23672 rx_latency=1ms tx_dur=1ms,18.194,
2735,10,170,2867855530,2026-07-14T15:42:41.704040+00:00,16.900133,47144,41,0202aaf000aab828005a5811460e29efbf1ffffffc2246cd1e00000fc0007ebfe9ed0737feebfff600,1,TX 41 seq=23673 rx_latency=1ms tx_dur=1ms,19.922,
2735,10,171,2867855531,2026-07-14T15:42:41.804049+00:00,17.000150,47244,41,0202aaf000abb88c005a5811460e29efbf1ffffffc2246cd1e00000fc0007ebfe9ed0737feebfff600,1,TX 41 seq=23674 rx_latency=1ms tx_dur=1ms,21.675,
2735,10,172,2867855532,2026-07-14T15:42:41.904041+00:00,17.100133,47344,41,0202aaf000acb8f0005a5811460e29efbf1ffffffc2246cd1e00000fc0007ebfe9ed0737feebfff600,1,TX 41 seq=23675 rx_latency=1ms tx_dur=1ms,14.333,
2735,10,173,2867855533,2026-07-14T15:42:42.004035+00:00,17.200143,47444,41,0202aaf000adb954005a5811460e29efbf1ffffffc2246cd1e00000fc0007ebfe9ed0737feebfff600,1,TX 41 seq=23676 rx_latency=1ms tx_dur=1ms,16.011,
2735,10,174,2867855534,2026-07-14T15:42:42.104049+00:00,17.300147,47544,41,0202aaf000aeb9b8005a5811460e29efbf1ffffffc2246cd1e00000fc0007ebfe9ed0737feebfff600,1,TX 41 seq=23677 rx_latency=1ms tx_dur=1ms,17.764,
2735,10,175,2867855535,2026-07-14T15:42:42.204040+00:00,17.400131,47644,41,0202aaf000afba1c005a5811460e29efbf1ffffffc2246cd1e00000fc0007ebfe9ed0737feebfff600,1,TX 41 seq=23678 rx_latency=1ms tx_dur=1ms,20.574,
2735,10,176,2867855536,2026-07-14T15:42:42.304011+00:00,17.500109,47744,41,0202aaf000b0ba80005a5811460e29efbf1ffffffc2246cd1e00000fc0007ebfe9ed0737feebfff600,1,TX 41 seq=23679 rx_latency=1ms tx_dur=1ms,22.164,
2735,10,177,2867855537,2026-07-14T15:42:42.404042+00:00,17.600136,47844,41,0202aaf000b1bae4005a5811460e29efbf1ffffffc2246cd1e00000fc0007ebfe9ed0737feebfff600,1,TX 41 seq=23680 rx_latency=1ms tx_dur=1ms,13.889,
2735,10,178,2867855538,2026-07-14T15:42:42.504050+00:00,17.700148,47944,41,0202aaf000b2bb48005a5811460e29efbf1ffffffc2246cd1e00000fc0007ebfe9ed0737feebfff600,1,TX 41 seq=23681 rx_latency=1ms tx_dur=1ms,15.606,
2735,10,179,2867855539,2026-07-14T15:42:42.604048+00:00,17.800153,48044,41,0202aaf000b3bbac005a5811460e29efbf1ffffffc2246cd1e00000fc0007ebfe9ed0737feebfff600,1,TX 41 seq=23682 rx_latency=1ms tx_dur=1ms,18.384,
2735,10,180,2867855540,2026-07-14T15:42:42.704030+00:00,17.900129,48144,41,0202aaf000b4bc10005a5811460e29efbf1ffffffc2246cd1e00000fc0007ebfe9ed0737feebfff600,1,TX 41 seq=23683 rx_latency=1ms tx_dur=1ms,19.968,
2735,10,181,2867855541,2026-07-14T15:42:42.804043+00:00,18.000137,48244,41,0202aaf000b5bc74005a5811460e29efbf1ffffffc2246cd1e00000fc0007ebfe9ed0737feebfff600,1,TX 41 seq=23684 rx_latency=1ms tx_dur=1ms,21.656,
2735,10,182,2867855542,2026-07-14T15:42:42.904006+00:00,18.100106,48343,41,0202aaf000b6bcd7005a5811460e29efbf1ffffffc2246cd1e00000fc0007ebfe9ed0737feebfff600,1,TX 41 seq=23685 rx_latency=1ms tx_dur=1ms,14.594,
2735,10,183,2867855543,2026-07-14T15:42:43.004049+00:00,18.200151,48444,41,0202aaf000b7bd3c005a5811460e29efbf1ffffffc2246cd1e00000fc0007ebfe9ed0737feebfff600,1,TX 41 seq=23686 rx_latency=1ms tx_dur=1ms,16.235,
2735,10,184,2867855544,2026-07-14T15:42:43.104007+00:00,18.300105,48543,41,0202aaf000b8bd9f005a5811460e29efbf1ffffffc2246cd1e00000fc0007ebfe9ed0737feebfff600,1,TX 41 seq=23687 rx_latency=1ms tx_dur=1ms,17.839,
2735,10,185,2867855545,2026-07-14T15:42:43.204041+00:00,18.400130,48644,41,0202aaf000b9be04005a5811460e29efbf1ffffffc2246cd1e00000fc0007ebfe9ed0737feebfff600,1,TX 41 seq=23688 rx_latency=1ms tx_dur=1ms,20.642,
2735,10,186,2867855546,2026-07-14T15:42:43.303998+00:00,18.500094,48743,41,0202aaf000babe67005a5811460e29efbf1ffffffc2246cd1e00000fc0007ebfe9ed0737feebfff600,1,TX 41 seq=23689 rx_latency=1ms tx_dur=1ms,22.398,
2735,10,187,2867855547,2026-07-14T15:42:43.404039+00:00,18.600128,48844,41,0202aaf000bbbecc005a5811460e29efbf1ffffffc2246cd1e00000fc0007ebfe9ed0737feebfff600,1,TX 41 seq=23690 rx_latency=1ms tx_dur=1ms,14.144,
2735,10,188,2867855548,2026-07-14T15:42:43.504010+00:00,18.700109,48943,41,0202aaf000bcbf2f005a5811460e29efbf1ffffffc2246cd1e00000fc0007ebfe9ed0737feebfff600,1,TX 41 seq=23691 rx_latency=1ms tx_dur=1ms,15.667,
2735,10,189,2867855549,2026-07-14T15:42:43.604040+00:00,18.800131,49044,41,0202aaf000bdbf94005a5811460e29efbf1ffffffc2246cd1e00000fc0007ebfe9ed0737feebfff600,1,TX 41 seq=23692 rx_latency=1ms tx_dur=1ms,18.476,
2735,10,190,2867855550,2026-07-14T15:42:43.704027+00:00,18.900148,49144,41,0202aaf000bebff8005a5811460e29efbf1ffffffc2246cd1e00000fc0007ebfe9ed0737feebfff600,1,TX 41 seq=23693 rx_latency=1ms tx_dur=1ms,20.102,
2735,10,191,2867855551,2026-07-14T15:42:43.804049+00:00,19.000152,49244,41,0202aaf000bfc05c005a5811460e29efbf1ffffffc2246cd1e00000fc0007ebfe9ed0737feebfff600,1,TX 41 seq=23694 rx_latency=1ms tx_dur=1ms,21.883,
2735,10,192,2867855552,2026-07-14T15:42:43.904040+00:00,19.100134,49344,41,0202aaf000c0c0c0005a5811460e29efbf1ffffffc2246cd1e00000fc0007ebfe9ed0737feebfff600,1,TX 41 seq=23695 rx_latency=1ms tx_dur=1ms,13.676,
2735,10,193,2867855553,2026-07-14T15:42:44.004056+00:00,19.200167,49444,41,0202aaf000c1c124005a5811460e29efbf1ffffffc2246cd1e00000fc0007ebfe9ed0737feebfff600,1,TX 41 seq=23696 rx_latency=1ms tx_dur=1ms,16.258,
2735,10,194,2867855554,2026-07-14T15:42:44.104042+00:00,19.300138,49544,41,0202aaf000c2c188005a5811460e29efbf1ffffffc2246cd1e00000fc0007ebfe9ed0737feebfff600,1,TX 41 seq=23697 rx_latency=1ms tx_dur=1ms,18.026,
2735,10,195,2867855555,2026-07-14T15:42:44.204043+00:00,19.400154,49644,41,0202aaf000c3c1ec005a5811460e29efbf1ffffffc2246cd1e00000fc0007ebfe9ed0737feebfff600,1,TX 41 seq=23698 rx_latency=1ms tx_dur=1ms,19.711,
2735,10,196,2867855556,2026-07-14T15:42:44.304043+00:00,19.500140,49744,41,0202aaf000c4c250005a5811460e29efbf1ffffffc2246cd1e00000fc0007ebfe9ed0737feebfff600,1,TX 41 seq=23699 rx_latency=1ms tx_dur=1ms,22.524,
2735,10,197,2867855557,2026-07-14T15:42:44.404046+00:00,19.600142,49844,41,0202aaf000c5c2b4005a5811460e29efbf1ffffffc2246cd1e00000fc0007ebfe9ed0737feebfff600,1,TX 41 seq=23700 rx_latency=1ms tx_dur=1ms,14.146,
2735,10,198,2867855558,2026-07-14T15:42:44.504042+00:00,19.700134,49944,41,0202aaf000c6c318005a5811460e29efbf1ffffffc2246cd1e00000fc0007ebfe9ed0737feebfff600,1,TX 41 seq=23701 rx_latency=1ms tx_dur=1ms,15.878,
2735,10,199,2867855559,2026-07-14T15:42:44.604047+00:00,19.800143,50044,41,0202aaf000c7c37c005a5811460e29efbf1ffffffc2246cd1e00000fc0007ebfe9ed0737feebfff600,1,TX 41 seq=23702 rx_latency=1ms tx_dur=1ms,17.620,
2735,10,200,2867855560,2026-07-14T15:42:44.704041+00:00,19.900133,50144,41,0202aaf000c8c3e0005a5811460e29efbf1ffffffc2246cd1e00000fc0007ebfe9ed0737feebfff600,1,TX 41 seq=23703 rx_latency=1ms tx_dur=1ms,20.405,
2735,10,201,2867855561,2026-07-14T15:42:44.804045+00:00,20.000152,50244,41,0202aaf000c9c444005a5811460e29efbf1ffffffc2246cd1e00000fc0007ebfe9ed0737feebfff600,1,TX 41 seq=23704 rx_latency=1ms tx_dur=1ms,21.907,
2735,10,202,2867855562,2026-07-14T15:42:44.904043+00:00,20.100140,50344,41,0202aaf000cac4a8005a5811460e29efbf1ffffffc2246cd1e00000fc0007ebfe9ed0737feebfff600,1,TX 41 seq=23705 rx_latency=1ms tx_dur=1ms,13.705,
2735,10,203,2867855563,2026-07-14T15:42:45.004049+00:00,20.200148,50444,41,0202aaf000cbc50c005a5811460e29efbf1ffffffc2246cd1e00000fc0007ebfe9ed0737feebfff600,1,TX 41 seq=23706 rx_latency=1ms tx_dur=1ms,16.549,
2735,10,204,2867855564,2026-07-14T15:42:45.104039+00:00,20.300129,50544,41,0202aaf000ccc570005a5811460e29efbf1ffffffc2246cd1e00000fc0007ebfe9ed0737feebfff600,1,TX 41 seq=23707 rx_latency=1ms tx_dur=1ms,18.264,
2735,10,205,2867855565,2026-07-14T15:42:45.204049+00:00,20.400148,50644,41,0202aaf000cdc5d4005a5811460e29efbf1ffffffc2246cd1e00000fc0007ebfe9ed0737feebfff600,1,TX 41 seq=23708 rx_latency=1ms tx_dur=1ms,19.946,
2735,10,206,2867855566,2026-07-14T15:42:45.304046+00:00,20.500150,50744,41,0202aaf000cec638005a5811460e29efbf1ffffffc2246cd1e00000fc0007ebfe9ed0737feebfff600,1,TX 41 seq=23709 rx_latency=1ms tx_dur=1ms,22.526,
2735,10,207,2867855567,2026-07-14T15:42:45.404049+00:00,20.600147,50844,41,0202aaf000cfc69c005a5811460e29efbf1ffffffc2246cd1e00000fc0007ebfe9ed0737feebfff600,1,TX 41 seq=23710 rx_latency=1ms tx_dur=1ms,14.373,
2735,10,208,2867855568,2026-07-14T15:42:45.504039+00:00,20.700130,50944,41,0202aaf000d0c700005a5811460e29efbf1ffffffc2246cd1e00000fc0007ebfe9ed0737feebfff600,1,TX 41 seq=23711 rx_latency=1ms tx_dur=1ms,16.115,
2735,10,209,2867855569,2026-07-14T15:42:45.604046+00:00,20.800141,51044,41,0202aaf000d1c764005a5811460e29efbf1ffffffc2246cd1e00000fc0007ebfe9ed0737feebfff600,1,TX 41 seq=23712 rx_latency=1ms tx_dur=1ms,17.643,
2735,10,210,2867855570,2026-07-14T15:42:45.704041+00:00,20.900131,51144,41,0202aaf000d2c7c8005a5811460e29efbf1ffffffc2246cd1e00000fc0007ebfe9ed0737feebfff600,1,TX 41 seq=23713 rx_latency=1ms tx_dur=1ms,20.452,
2735,10,211,2867855571,2026-07-14T15:42:45.804049+00:00,21.000147,51244,41,0202aaf000d3c82c005a5811460e29efbf1ffffffc2246cd1e00000fc0007ebfe9ed0737feebfff600,1,TX 41 seq=23714 rx_latency=1ms tx_dur=1ms,22.182,
2735,10,212,2867855572,2026-07-14T15:42:45.904040+00:00,21.100132,51344,41,0202aaf000d4c890005a5811460e29efbf1ffffffc2246cd1e00000fc0007ebfe9ed0737feebfff600,1,TX 41 seq=23715 rx_latency=1ms tx_dur=1ms,13.973,
2735,10,213,2867855573,2026-07-14T15:42:46.004049+00:00,21.200146,51444,41,0202aaf000d5c8f4005a5811460e29efbf1ffffffc2246cd1e00000fc0007ebfe9ed0737feebfff600,1,TX 41 seq=23716 rx_latency=1ms tx_dur=1ms,16.587,
2735,10,214,2867855574,2026-07-14T15:42:46.104040+00:00,21.300130,51544,41,0202aaf000d6c958005a5811460e29efbf1ffffffc2246cd1e00000fc0007ebfe9ed0737feebfff600,1,TX 41 seq=23717 rx_latency=1ms tx_dur=1ms,18.298,
2735,10,215,2867855575,2026-07-14T15:42:46.204047+00:00,21.400141,51644,41,0202aaf000d7c9bc005a5811460e29efbf1ffffffc2246cd1e00000fc0007ebfe9ed0737feebfff600,1,TX 41 seq=23718 rx_latency=1ms tx_dur=1ms,20.032,
2735,10,216,2867855576,2026-07-14T15:42:46.304317+00:00,21.500427,51744,41,0202aaf000d8ca20005a5811460e29efbf1ffffffc2246cd1e00000fc0007ebfe9ed0737feebfff600,1,TX 41 seq=23719 rx_latency=1ms tx_dur=1ms,21.408,
2735,10,217,2867855577,2026-07-14T15:42:46.404044+00:00,21.600144,51844,41,0202aaf000d9ca84005a5811460e29efbf1ffffffc2246cd1e00000fc0007ebfe9ed0737feebfff600,1,TX 41 seq=23720 rx_latency=1ms tx_dur=1ms,14.394,
2735,10,218,2867855578,2026-07-14T15:42:46.504047+00:00,21.700142,51944,41,0202aaf000dacae8005a5811460e29efbf1ffffffc2246cd1e00000fc0007ebfe9ed0737feebfff600,1,TX 41 seq=23721 rx_latency=1ms tx_dur=1ms,16.147,
2735,10,219,2867855579,2026-07-14T15:42:46.603990+00:00,21.800082,52043,41,0202aaf000dbcb4b005a5811460e29efbf1ffffffc2246cd1e00000fc0007ebfe9ed0737feebfff600,1,TX 41 seq=23722 rx_latency=1ms tx_dur=1ms,17.901,
2735,10,220,2867855580,2026-07-14T15:42:46.704046+00:00,21.900139,52144,41,0202aaf000dccbb0005a5811460e29efbf1ffffffc2246cd1e00000fc0007ebfe9ed0737feebfff600,1,TX 41 seq=23723 rx_latency=1ms tx_dur=1ms,20.747,
2735,10,221,2867855581,2026-07-14T15:42:46.804041+00:00,22.000136,52244,41,0202aaf000ddcc14005a5811460e29efbf1ffffffc2246cd1e00000fc0007ebfe9ed0737feebfff600,1,TX 41 seq=23724 rx_latency=1ms tx_dur=1ms,22.183,
2735,10,222,2867855582,2026-07-14T15:42:46.904049+00:00,22.100150,52344,41,0202aaf000decc78005a5811460e29efbf1ffffffc2246cd1e00000fc0007ebfe9ed0737feebfff600,1,TX 41 seq=23725 rx_latency=1ms tx_dur=1ms,13.957,
2735,10,223,2867855583,2026-07-14T15:42:47.004029+00:00,22.200121,52444,41,0202aaf000dfccdc005a5811460e29efbf1ffffffc2246cd1e00000fc0007ebfe9ed0737feebfff600,1,TX 41 seq=23726 rx_latency=1ms tx_dur=1ms,15.725,
2735,10,224,2867855584,2026-07-14T15:42:47.104047+00:00,22.300142,52544,41,0202aaf000e0cd40005a5811460e29efbf1ffffffc2246cd1e00000fc0007ebfe9ed0737feebfff600,1,TX 41 seq=23727 rx_latency=1ms tx_dur=1ms,18.554,
2735,10,225,2867855585,2026-07-14T15:42:47.204039+00:00,22.400128,52644,41,0202aaf000e1cda4005a5811460e29efbf1ffffffc2246cd1e00000fc0007ebfe9ed0737feebfff600,1,TX 41 seq=23728 rx_latency=1ms tx_dur=1ms,20.049,
2735,10,226,2867855586,2026-07-14T15:42:47.304047+00:00,22.500139,52744,41,0202aaf000e2ce08005a5811460e29efbf1ffffffc2246cd1e00000fc0007ebfe9ed0737feebfff600,1,TX 41 seq=23729 rx_latency=1ms tx_dur=1ms,21.790,
2735,10,227,2867855587,2026-07-14T15:42:47.404040+00:00,22.600128,52844,41,0202aaf000e3ce6c005a5811460e29efbf1ffffffc2246cd1e00000fc0007ebfe9ed0737feebfff600,1,TX 41 seq=23730 rx_latency=1ms tx_dur=1ms,14.674,
2735,10,228,2867855588,2026-07-14T15:42:47.504051+00:00,22.700162,52944,41,0202aaf000e4ced0005a5811460e29efbf1ffffffc2246cd1e00000fc0007ebfe9ed0737feebfff600,1,TX 41 seq=23731 rx_latency=1ms tx_dur=1ms,16.306,
2735,10,229,2867855589,2026-07-14T15:42:47.604024+00:00,22.800122,53044,41,0202aaf000e5cf34005a5811460e29efbf1ffffffc2246cd1e00000fc0007ebfe9ed0737feebfff600,1,TX 41 seq=23732 rx_latency=1ms tx_dur=1ms,18.139,
2735,10,230,2867855590,2026-07-14T15:42:47.704043+00:00,22.900139,53144,41,0202aaf000e6cf98005a5811460e29efbf1ffffffc2246cd1e00000fc0007ebfe9ed0737feebfff600,1,TX 41 seq=23733 rx_latency=1ms tx_dur=1ms,20.694,
2735,10,231,2867855591,2026-07-14T15:42:47.804012+00:00,23.000108,53244,41,0202aaf000e7cffc005a5811460e29efbf1ffffffc2246cd1e00000fc0007ebfe9ed0737feebfff600,1,TX 41 seq=23734 rx_latency=1ms tx_dur=1ms,22.491,
2735,10,232,2867855592,2026-07-14T15:42:47.904041+00:00,23.100134,53344,41,0202aaf000e8d060005a5811460e29efbf1ffffffc2246cd1e00000fc0007ebfe9ed0737feebfff600,1,TX 41 seq=23735 rx_latency=1ms tx_dur=1ms,14.216,
2735,10,233,2867855593,2026-07-14T15:42:48.004023+00:00,23.200123,53444,41,0202aaf000e9d0c4005a5811460e29efbf1ffffffc2246cd1e00000fc0007ebfe9ed0737feebfff600,1,TX 41 seq=23736 rx_latency=1ms tx_dur=1ms,15.951,
2735,10,234,2867855594,2026-07-14T15:42:48.104039+00:00,23.300130,53544,41,0202aaf000ead128005a5811460e29efbf1ffffffc2246cd1e00000fc0007ebfe9ed0737feebfff600,1,TX 41 seq=23737 rx_latency=1ms tx_dur=1ms,18.562,
2735,10,235,2867855595,2026-07-14T15:42:48.204012+00:00,23.400107,53644,41,0202aaf000ebd18c005a5811460e29efbf1ffffffc2246cd1e00000fc0007ebfe9ed0737feebfff600,1,TX 41 seq=23738 rx_latency=1ms tx_dur=1ms,20.322,
2735,10,236,2867855596,2026-07-14T15:42:48.304040+00:00,23.500129,53744,41,0202aaf000ecd1f0005a5811460e29efbf1ffffffc2246cd1e00000fc0007ebfe9ed0737feebfff600,1,TX 41 seq=23739 rx_latency=1ms tx_dur=1ms,21.985,
2735,10,237,2867855597,2026-07-14T15:42:48.404047+00:00,23.600142,53844,41,0202aaf000edd254005a5811460e29efbf1ffffffc2246cd1e00000fc0007ebfe9ed0737feebfff600,1,TX 41 seq=23740 rx_latency=1ms tx_dur=1ms,13.786,
2735,10,238,2867855598,2026-07-14T15:42:48.504057+00:00,23.700167,53944,41,0202aaf000eed2b8005a5811460e29efbf1ffffffc2246cd1e00000fc0007ebfe9ed0737feebfff600,1,TX 41 seq=23741 rx_latency=1ms tx_dur=1ms,16.336,
2735,10,239,2867855599,2026-07-14T15:42:48.604041+00:00,23.800134,54044,41,0202aaf000efd31c005a5811460e29efbf1ffffffc2246cd1e00000fc0007ebfe9ed0737feebfff600,1,TX 41 seq=23742 rx_latency=1ms tx_dur=1ms,18.129,
2735,10,240,2867855600,2026-07-14T15:42:48.704053+00:00,23.900158,54144,41,0202aaf000f0d380005a5811460e29efbf1ffffffc2246cd1e00000fc0007ebfe9ed0737feebfff600,1,TX 41 seq=23743 rx_latency=1ms tx_dur=1ms,19.818,
2735,10,241,2867855601,2026-07-14T15:42:48.804043+00:00,24.000142,54244,41,0202aaf000f1d3e4005a5811460e29efbf1ffffffc2246cd1e00000fc0007ebfe9ed0737feebfff600,1,TX 41 seq=23744 rx_latency=1ms tx_dur=1ms,22.611,
2735,10,242,2867855602,2026-07-14T15:42:48.904046+00:00,24.100142,54344,41,0202aaf000f2d448005a5811460e29efbf1ffffffc2246cd1e00000fc0007ebfe9ed0737feebfff600,1,TX 41 seq=23745 rx_latency=1ms tx_dur=1ms,14.261,
2735,10,243,2867855603,2026-07-14T15:42:49.004049+00:00,24.200150,54444,41,0202aaf000f3d4ac005a5811460e29efbf1ffffffc2246cd1e00000fc0007ebfe9ed0737feebfff600,1,TX 41 seq=23746 rx_latency=1ms tx_dur=1ms,15.943,
2735,10,244,2867855604,2026-07-14T15:42:49.104047+00:00,24.300140,54544,41,0202aaf000f4d510005a5811460e29efbf1ffffffc2246cd1e00000fc0007ebfe9ed0737feebfff600,1,TX 41 seq=23747 rx_latency=1ms tx_dur=1ms,17.702,
2735,10,245,2867855605,2026-07-14T15:42:49.204046+00:00,24.400142,54644,41,0202aaf000f5d574005a5811460e29efbf1ffffffc2246cd1e00000fc0007ebfe9ed0737feebfff600,1,TX 41 seq=23748 rx_latency=1ms tx_dur=1ms,20.525,
2735,10,246,2867855606,2026-07-14T15:42:49.304048+00:00,24.500144,54744,41,0202aaf000f6d5d8005a5811460e29efbf1ffffffc2246cd1e00000fc0007ebfe9ed0737feebfff600,1,TX 41 seq=23749 rx_latency=1ms tx_dur=1ms,22.037,
2735,10,247,2867855607,2026-07-14T15:42:49.404046+00:00,24.600138,54844,41,0202aaf000f7d63c005a5811460e29efbf1ffffffc2246cd1e00000fc0007ebfe9ed0737feebfff600,1,TX 41 seq=23750 rx_latency=1ms tx_dur=1ms,13.804,
2735,10,248,2867855608,2026-07-14T15:42:49.504052+00:00,24.700151,54944,41,0202aaf000f8d6a0005a5811460e29efbf1ffffffc2246cd1e00000fc0007ebfe9ed0737feebfff600,1,TX 41 seq=23751 rx_latency=1ms tx_dur=1ms,16.642,
2735,10,249,2867855609,2026-07-14T15:42:49.604046+00:00,24.800148,55044,41,0202aaf000f9d704005a5811460e29efbf1ffffffc2246cd1e00000fc0007ebfe9ed0737feebfff600,1,TX 41 seq=23752 rx_latency=1ms tx_dur=1ms,18.316,
2735,10,250,2867855610,2026-07-14T15:42:49.704058+00:00,24.900175,55144,41,0202aaf000fad768005a5811460e29efbf1ffffffc2246cd1e00000fc0007ebfe9ed0737feebfff600,1,TX 41 seq=23753 rx_latency=1ms tx_dur=1ms,19.832,
2735,10,251,2867855611,2026-07-14T15:42:49.804040+00:00,25.000134,55244,41,0202aaf000fbd7cc005a5811460e29efbf1ffffffc2246cd1e00000fc0007ebfe9ed0737feebfff600,1,TX 41 seq=23754 rx_latency=1ms tx_dur=1ms,22.667,
2735,10,252,2867855612,2026-07-14T15:42:49.904045+00:00,25.100142,55344,41,0202aaf000fcd830005a5811460e29efbf1ffffffc2246cd1e00000fc0007ebfe9ed0737feebfff600,1,TX 41 seq=23755 rx_latency=1ms tx_dur=1ms,14.486,
2735,10,253,2867855613,2026-07-14T15:42:50.004043+00:00,25.200138,55444,41,0202aaf000fdd894005a5811460e29efbf1ffffffc2246cd1e00000fc0007ebfe9ed0737feebfff600,1,TX 41 seq=23756 rx_latency=1ms tx_dur=1ms,16.200,
2735,10,254,2867855614,2026-07-14T15:42:50.104050+00:00,25.300151,55544,41,0202aaf000fed8f8005a5811460e29efbf1ffffffc2246cd1e00000fc0007ebfe9ed0737feebfff600,1,TX 41 seq=23757 rx_latency=1ms tx_dur=1ms,17.711,
2735,10,255,2867855615,2026-07-14T15:42:50.204048+00:00,25.400143,55644,41,0202aaf000ffd95c005a5811460e29efbf1ffffffc2246cd1e00000fc0007ebfe9ed0737feebfff600,1,TX 41 seq=23758 rx_latency=1ms tx_dur=1ms,20.584,
2735,10,256,2867855616,2026-07-14T15:42:50.304047+00:00,25.500140,55744,41,0202aaf00100d9c0005a5811460e29efbf1ffffffc2246cd1e00000fc0007ebfe9ed0737feebfff600,1,TX 41 seq=23759 rx_latency=1ms tx_dur=1ms,22.291,
2735,10,257,2867855617,2026-07-14T15:42:50.404027+00:00,25.600147,55844,41,0202aaf00101da24005a5811460e29efbf1ffffffc2246cd1e00000fc0007ebfe9ed0737feebfff600,1,TX 41 seq=23760 rx_latency=1ms tx_dur=1ms,13.952,
2735,10,258,2867855618,2026-07-14T15:42:50.504058+00:00,25.700161,55944,41,0202aaf00102da88005a5811460e29efbf1ffffffc2246cd1e00000fc0007ebfe9ed0737feebfff600,1,TX 41 seq=23761 rx_latency=1ms tx_dur=1ms,16.636,
2735,10,259,2867855619,2026-07-14T15:42:50.604030+00:00,25.800130,56044,41,0202aaf00103daec005a5811460e29efbf1ffffffc2246cd1e00000fc0007ebfe9ed0737feebfff600,1,TX 41 seq=23762 rx_latency=1ms tx_dur=1ms,18.390,
2735,10,260,2867855620,2026-07-14T15:42:50.704049+00:00,25.900145,56144,41,0202aaf00104db50005a5811460e29efbf1ffffffc2246cd1e00000fc0007ebfe9ed0737feebfff600,1,TX 41 seq=23763 rx_latency=1ms tx_dur=1ms,20.120,
2735,10,261,2867855621,2026-07-14T15:42:50.804055+00:00,26.000166,56244,41,0202aaf00105dbb4005a5811460e29efbf1ffffffc2246cd1e00000fc0007ebfe9ed0737feebfff600,1,TX 41 seq=23764 rx_latency=1ms tx_dur=1ms,21.674,
2735,10,262,2867855622,2026-07-14T15:42:50.904000+00:00,26.100092,56343,41,0202aaf00106dc17005a5811460e29efbf1ffffffc2246cd1e00000fc0007ebfe9ed0737feebfff600,1,TX 41 seq=23765 rx_latency=1ms tx_dur=1ms,14.557,
2735,10,263,2867855623,2026-07-14T15:42:51.004094+00:00,26.200187,56444,41,0202aaf00107dc7c005a5811460e29efbf1ffffffc2246cd1e00000fc0007ebfe9ed0737feebfff600,1,TX 41 seq=23766 rx_latency=1ms tx_dur=1ms,16.256,
2735,10,264,2867855624,2026-07-14T15:42:51.104056+00:00,26.300151,56544,41,0202aaf00108dce0005a5811460e29efbf1ffffffc2246cd1e00000fc0007ebfe9ed0737feebfff600,1,TX 41 seq=23767 rx_latency=1ms tx_dur=1ms,17.863,
2735,10,265,2867855625,2026-07-14T15:42:51.204038+00:00,26.400129,56644,41,0202aaf00109dd44005a5811460e29efbf1ffffffc2246cd1e00000fc0007ebfe9ed0737feebfff600,1,TX 41 seq=23768 rx_latency=1ms tx_dur=1ms,19.783,
2735,10,266,2867855626,2026-07-14T15:42:51.304048+00:00,26.500146,56744,41,0202aaf0010adda8005a5811460e29efbf1ffffffc2246cd1e00000fc0007ebfe9ed0737feebfff600,1,TX 41 seq=23769 rx_latency=1ms tx_dur=1ms,22.311,
2735,10,267,2867855627,2026-07-14T15:42:51.404045+00:00,26.600138,56844,41,0202aaf0010bde0c005a5811460e29efbf1ffffffc2246cd1e00000fc0007ebfe9ed0737feebfff600,1,TX 41 seq=23770 rx_latency=1ms tx_dur=1ms,14.081,
2735,10,268,2867855628,2026-07-14T15:42:51.504047+00:00,26.700143,56944,41,0202aaf0010cde70005a5811460e29efbf1ffffffc2246cd1e00000fc0007ebfe9ed0737feebfff600,1,TX 41 seq=23771 rx_latency=1ms tx_dur=1ms,15.795,
2735,10,269,2867855629,2026-07-14T15:42:51.604044+00:00,26.800139,57044,41,0202aaf0010dded4005a5811460e29efbf1ffffffc2246cd1e00000fc0007ebfe9ed0737feebfff600,1,TX 41 seq=23772 rx_latency=1ms tx_dur=1ms,18.645,
2735,10,270,2867855630,2026-07-14T15:42:51.704047+00:00,26.900144,57144,41,0202aaf0010edf38005a5811460e29efbf1ffffffc2246cd1e00000fc0007ebfe9ed0737feebfff600,1,TX 41 seq=23773 rx_latency=1ms tx_dur=1ms,20.368,
2735,10,271,2867855631,2026-07-14T15:42:51.804012+00:00,27.000125,57243,41,0202aaf0010fdf9b005a5811460e29efbf1ffffffc2246cd1e00000fc0007ebfe9ed0737feebfff600,1,TX 41 seq=23774 rx_latency=1ms tx_dur=1ms,21.779,
2735,10,272,2867855632,2026-07-14T15:42:51.904043+00:00,27.100138,57344,41,0202aaf00110e000005a5811460e29efbf1ffffffc2246cd1e00000fc0007ebfe9ed0737feebfff600,1,TX 41 seq=23775 rx_latency=1ms tx_dur=1ms,13.691,
2735,10,273,2867855633,2026-07-14T15:42:52.004048+00:00,27.200147,57444,41,0202aaf00111e064005a5811460e29efbf1ffffffc2246cd1e00000fc0007ebfe9ed0737feebfff600,1,TX 41 seq=23776 rx_latency=1ms tx_dur=1ms,16.406,
2735,10,274,2867855634,2026-07-14T15:42:52.104041+00:00,27.300134,57544,41,0202aaf00112e0c8005a5811460e29efbf1ffffffc2246cd1e00000fc0007ebfe9ed0737feebfff600,1,TX 41 seq=23777 rx_latency=1ms tx_dur=1ms,18.254,
2735,10,275,2867855635,2026-07-14T15:42:52.203998+00:00,27.400093,57643,41,0202aaf00113e12b005a5811460e29efbf1ffffffc2246cd1e00000fc0007ebfe9ed0737feebfff600,1,TX 41 seq=23778 rx_latency=1ms tx_dur=1ms,19.683,
2735,10,276,2867855636,2026-07-14T15:42:52.303990+00:00,27.500084,57743,41,0202aaf00114e18f005a5811460e29efbf1ffffffc2246cd1e00000fc0007ebfe9ed0737feebfff600,1,TX 41 seq=23779 rx_latency=1ms tx_dur=1ms,22.701,
2735,10,277,2867855637,2026-07-14T15:42:52.404050+00:00,27.600149,57844,41,0202aaf00115e1f4005a5811460e29efbf1ffffffc2246cd1e00000fc0007ebfe9ed0737feebfff600,1,TX 41 seq=23780 rx_latency=1ms tx_dur=1ms,14.299,
2735,10,278,2867855638,2026-07-14T15:42:52.504043+00:00,27.700136,57944,41,0202aaf00116e258005a5811460e29efbf1ffffffc2246cd1e00000fc0007ebfe9ed0737feebfff600,1,TX 41 seq=23781 rx_latency=1ms tx_dur=1ms,16.098,
2735,10,279,2867855639,2026-07-14T15:42:52.603990+00:00,27.800086,58043,41,0202aaf00117e2bb005a5811460e29efbf1ffffffc2246cd1e00000fc0007ebfe9ed0737feebfff600,1,TX 41 seq=23782 rx_latency=1ms tx_dur=1ms,18.690,
2735,10,280,2867855640,2026-07-14T15:42:52.704039+00:00,27.900128,58144,41,0202aaf00118e320005a5811460e29efbf1ffffffc2246cd1e00000fc0007ebfe9ed0737feebfff600,1,TX 41 seq=23783 rx_latency=1ms tx_dur=1ms,20.451,
2735,10,281,2867855641,2026-07-14T15:42:52.804001+00:00,28.000094,58243,41,0202aaf00119e383005a5811460e29efbf1ffffffc2246cd1e00000fc0007ebfe9ed0737feebfff600,1,TX 41 seq=23784 rx_latency=1ms tx_dur=1ms,22.113,
2735,10,282,2867855642,2026-07-14T15:42:52.904041+00:00,28.100128,58344,41,0202aaf0011ae3e8005a5811460e29efbf1ffffffc2246cd1e00000fc0007ebfe9ed0737feebfff600,1,TX 41 seq=23785 rx_latency=1ms tx_dur=1ms,13.919,
2735,10,283,2867855643,2026-07-14T15:42:53.004037+00:00,28.200136,58444,41,0202aaf0011be44c005a5811460e29efbf1ffffffc2246cd1e00000fc0007ebfe9ed0737feebfff600,1,TX 41 seq=23786 rx_latency=1ms tx_dur=1ms,16.564,
2735,10,284,2867855644,2026-07-14T15:42:53.104047+00:00,28.300150,58544,41,0202aaf0011ce4b0005a5811460e29efbf1ffffffc2246cd1e00000fc0007ebfe9ed0737feebfff600,1,TX 41 seq=23787 rx_latency=1ms tx_dur=1ms,18.225,
2735,10,285,2867855645,2026-07-14T15:42:53.203999+00:00,28.400096,58643,41,0202aaf0011de513005a5811460e29efbf1ffffffc2246cd1e00000fc0007ebfe9ed0737feebfff600,1,TX 41 seq=23788 rx_latency=1ms tx_dur=1ms,20.074,
2735,10,286,2867855646,2026-07-14T15:42:53.304051+00:00,28.500157,58744,41,0202aaf0011ee578005a5811460e29efbf1ffffffc2246cd1e00000fc0007ebfe9ed0737feebfff600,1,TX 41 seq=23789 rx_latency=1ms tx_dur=1ms,21.628,
2735,10,287,2867855647,2026-07-14T15:42:53.404046+00:00,28.600145,58844,41,0202aaf0011fe5dc005a5811460e29efbf1ffffffc2246cd1e00000fc0007ebfe9ed0737feebfff600,1,TX 41 seq=23790 rx_latency=1ms tx_dur=1ms,14.314,
2735,10,288,2867855648,2026-07-14T15:42:53.504040+00:00,28.700132,58944,41,0202aaf00120e640005a5811460e29efbf1ffffffc2246cd1e00000fc0007ebfe9ed0737feebfff600,1,TX 41 seq=23791 rx_latency=1ms tx_dur=1ms,16.103,
2735,10,289,2867855649,2026-07-14T15:42:53.604022+00:00,28.800124,59044,41,0202aaf00121e6a4005a5811460e29efbf1ffffffc2246cd1e00000fc0007ebfe9ed0737feebfff600,1,TX 41 seq=23792 rx_latency=1ms tx_dur=1ms,17.812,
2735,10,290,2867855650,2026-07-14T15:42:53.704047+00:00,28.900141,59144,41,0202aaf00122e708005a5811460e29efbf1ffffffc2246cd1e00000fc0007ebfe9ed0737feebfff600,1,TX 41 seq=23793 rx_latency=1ms tx_dur=1ms,20.659,
2735,10,291,2867855651,2026-07-14T15:42:53.804046+00:00,29.000139,59244,41,0202aaf00123e76c005a5811460e29efbf1ffffffc2246cd1e00000fc0007ebfe9ed0737feebfff600,1,TX 41 seq=23794 rx_latency=1ms tx_dur=1ms,22.179,
2735,10,292,2867855652,2026-07-14T15:42:53.904045+00:00,29.100138,59344,41,0202aaf00124e7d0005a5811460e29efbf1ffffffc2246cd1e00000fc0007ebfe9ed0737feebfff600,1,TX 41 seq=23795 rx_latency=1ms tx_dur=1ms,13.912,
2735,10,293,2867855653,2026-07-14T15:42:54.004041+00:00,29.200133,59444,41,0202aaf00125e834005a5811460e29efbf1ffffffc2246cd1e00000fc0007ebfe9ed0737feebfff600,1,TX 41 seq=23796 rx_latency=1ms tx_dur=1ms,16.749,
2735,10,294,2867855654,2026-07-14T15:42:54.104058+00:00,29.300174,59544,41,0202aaf00126e898005a5811460e29efbf1ffffffc2246cd1e00000fc0007ebfe9ed0737feebfff600,1,TX 41 seq=23797 rx_latency=1ms tx_dur=1ms,18.378,
2735,10,295,2867855655,2026-07-14T15:42:54.204000+00:00,29.400095,59643,41,0202aaf00127e8fb005a5811460e29efbf1ffffffc2246cd1e00000fc0007ebfe9ed0737feebfff600,1,TX 41 seq=23798 rx_latency=1ms tx_dur=1ms,19.990,
2735,10,296,2867855656,2026-07-14T15:42:54.304049+00:00,29.500145,59744,41,0202aaf00128e960005a5811460e29efbf1ffffffc2246cd1e00000fc0007ebfe9ed0737feebfff600,1,TX 41 seq=23799 rx_latency=1ms tx_dur=1ms,21.726,
2735,10,297,2867855657,2026-07-14T15:42:54.404002+00:00,29.600094,59843,41,0202aaf00129e9c3005a5811460e29efbf1ffffffc2246cd1e00000fc0007ebfe9ed0737feebfff600,1,TX 41 seq=23800 rx_latency=1ms tx_dur=1ms,14.630,
2735,10,298,2867855658,2026-07-14T15:42:54.504049+00:00,29.700145,59944,41,0202aaf0012aea28005a5811460e29efbf1ffffffc2246cd1e00000fc0007ebfe9ed0737feebfff600,1,TX 41 seq=23801 rx_latency=1ms tx_dur=1ms,16.300,
2735,10,299,2867855659,2026-07-14T15:42:54.603996+00:00,29.800093,60043,41,0202aaf0012bea8b005a5811460e29efbf1ffffffc2246cd1e00000fc0007ebfe9ed0737feebfff600,1,TX 41 seq=23802 rx_latency=1ms tx_dur=1ms,17.843,
2735,10,300,2867855660,2026-07-14T15:42:54.704046+00:00,29.900143,60144,41,0202aaf0012ceaf0005a5811460e29efbf1ffffffc2246cd1e00000fc0007ebfe9ed0737feebfff600,1,TX 41 seq=23803 rx_latency=1ms tx_dur=1ms,20.658,
2735,10,301,2867855661,2026-07-14T15:42:54.804050+00:00,30.000161,60244,41,0202aaf0012deb54005a5811460e29efbf1ffffffc2246cd1e00000fc0007ebfe9ed0737feebfff600,1,TX 41 seq=23804 rx_latency=1ms tx_dur=1ms,22.272,
2735,10,302,2867855662,2026-07-14T15:42:54.904050+00:00,30.100156,60344,41,0202aaf0012eebb8005a5811460e29efbf1ffffffc2246cd1e00000fc0007ebfe9ed0737feebfff600,1,TX 41 seq=23805 rx_latency=1ms tx_dur=1ms,14.121,
2735,10,303,2867855663,2026-07-14T15:42:55.003994+00:00,30.200091,60443,41,0202aaf0012fec1b005a5811460e29efbf1ffffffc2246cd1e00000fc0007ebfe9ed0737feebfff600,1,TX 41 seq=23806 rx_latency=1ms tx_dur=1ms,16.028,
2735,10,304,2867855664,2026-07-14T15:42:55.104058+00:00,30.300174,60544,41,0202aaf00130ec80005a5811460e29efbf1ffffffc2246cd1e00000fc0007ebfe9ed0737feebfff600,1,TX 41 seq=23807 rx_latency=1ms tx_dur=1ms,18.542,
2735,10,305,2867855665,2026-07-14T15:42:55.204044+00:00,30.400140,60644,41,0202aaf00131ece4005a5811460e29efbf1ffffffc2246cd1e00000fc0007ebfe9ed0737feebfff600,1,TX 41 seq=23808 rx_latency=1ms tx_dur=1ms,20.327,
2735,10,306,2867855666,2026-07-14T15:42:55.304047+00:00,30.500146,60744,41,0202aaf00132ed48005a5811460e29efbf1ffffffc2246cd1e00000fc0007ebfe9ed0737feebfff600,1,TX 41 seq=23809 rx_latency=1ms tx_dur=1ms,22.081,
2735,10,307,2867855667,2026-07-14T15:42:55.404041+00:00,30.600136,60844,41,0202aaf00133edac005a5811460e29efbf1ffffffc2246cd1e00000fc0007ebfe9ed0737feebfff600,1,TX 41 seq=23810 rx_latency=1ms tx_dur=1ms,13.837,
2735,10,308,2867855668,2026-07-14T15:42:55.504046+00:00,30.700146,60944,41,0202aaf00134ee10005a5811460e29efbf1ffffffc2246cd1e00000fc0007ebfe9ed0737feebfff600,1,TX 41 seq=23811 rx_latency=1ms tx_dur=1ms,16.446,
2735,10,309,2867855669,2026-07-14T15:42:55.604048+00:00,30.800152,61044,41,0202aaf00135ee74005a5811460e29efbf1ffffffc2246cd1e00000fc0007ebfe9ed0737feebfff600,1,TX 41 seq=23812 rx_latency=1ms tx_dur=1ms,18.131,
2735,10,310,2867855670,2026-07-14T15:42:55.704063+00:00,30.900189,61144,41,0202aaf00136eed8005a5811460e29efbf1ffffffc2246cd1e00000fc0007ebfe9ed0737feebfff600,1,TX 41 seq=23813 rx_latency=1ms tx_dur=1ms,19.802,
2735,10,311,2867855671,2026-07-14T15:42:55.804043+00:00,31.000142,61244,41,0202aaf00137ef3c005a5811460e29efbf1ffffffc2246cd1e00000fc0007ebfe9ed0737feebfff600,1,TX 41 seq=23814 rx_latency=1ms tx_dur=1ms,22.665,
2735,10,312,2867855672,2026-07-14T15:42:55.904048+00:00,31.100148,61344,41,0202aaf00138efa0005a5811460e29efbf1ffffffc2246cd1e00000fc0007ebfe9ed0737feebfff600,1,TX 41 seq=23815 rx_latency=1ms tx_dur=1ms,14.272,
2735,10,313,2867855673,2026-07-14T15:42:56.004048+00:00,31.200143,61444,41,0202aaf00139f004005a5811460e29efbf1ffffffc2246cd1e00000fc0007ebfe9ed0737feebfff600,1,TX 41 seq=23816 rx_latency=1ms tx_dur=1ms,16.026,
2735,10,314,2867855674,2026-07-14T15:42:56.104049+00:00,31.300149,61544,41,0202aaf0013af068005a5811460e29efbf1ffffffc2246cd1e00000fc0007ebfe9ed0737feebfff600,1,TX 41 seq=23817 rx_latency=1ms tx_dur=1ms,17.745,
2735,10,315,2867855675,2026-07-14T15:42:56.204043+00:00,31.400140,61644,41,0202aaf0013bf0cc005a5811460e29efbf1ffffffc2246cd1e00000fc0007ebfe9ed0737feebfff600,1,TX 41 seq=23818 rx_latency=1ms tx_dur=1ms,20.530,
2735,10,316,2867855676,2026-07-14T15:42:56.304034+00:00,31.500146,61744,41,0202aaf0013cf130005a5811460e29efbf1ffffffc2246cd1e00000fc0007ebfe9ed0737feebfff600,1,TX 41 seq=23819 rx_latency=1ms tx_dur=1ms,22.075,
2735,10,317,2867855677,2026-07-14T15:42:56.404041+00:00,31.600137,61844,41,0202aaf0013df194005a5811460e29efbf1ffffffc2246cd1e00000fc0007ebfe9ed0737feebfff600,1,TX 41 seq=23820 rx_latency=1ms tx_dur=1ms,13.859,
2735,10,318,2867855678,2026-07-14T15:42:56.504046+00:00,31.700142,61944,41,0202aaf0013ef1f8005a5811460e29efbf1ffffffc2246cd1e00000fc0007ebfe9ed0737feebfff600,1,TX 41 seq=23821 rx_latency=1ms tx_dur=1ms,16.698,
2735,10,319,2867855679,2026-07-14T15:42:56.604040+00:00,31.800132,62044,41,0202aaf0013ff25c005a5811460e29efbf1ffffffc2246cd1e00000fc0007ebfe9ed0737feebfff600,1,TX 41 seq=23822 rx_latency=1ms tx_dur=1ms,18.408,
2735,10,320,2867855680,2026-07-14T15:42:56.704047+00:00,31.900142,62144,41,0202aaf00140f2c0005a5811460e29efbf1ffffffc2246cd1e00000fc0007ebfe9ed0737feebfff600,1,TX 41 seq=23823 rx_latency=1ms tx_dur=1ms,19.936,
2735,10,321,2867855681,2026-07-14T15:42:56.804042+00:00,32.000136,62244,41,0202aaf00141f324005a5811460e29efbf1ffffffc2246cd1e00000fc0007ebfe9ed0737feebfff600,1,TX 41 seq=23824 rx_latency=1ms tx_dur=1ms,22.726,
2735,10,322,2867855682,2026-07-14T15:42:56.904048+00:00,32.100144,62344,41,0202aaf00142f388005a5811460e29efbf1ffffffc2246cd1e00000fc0007ebfe9ed0737feebfff600,1,TX 41 seq=23825 rx_latency=1ms tx_dur=1ms,14.529,
2735,10,323,2867855683,2026-07-14T15:42:57.004041+00:00,32.200132,62444,41,0202aaf00143f3ec005a5811460e29efbf1ffffffc2246cd1e00000fc0007ebfe9ed0737feebfff600,1,TX 41 seq=23826 rx_latency=1ms tx_dur=1ms,16.263,
2735,10,324,2867855684,2026-07-14T15:42:57.104020+00:00,32.300117,62544,41,0202aaf00144f450005a5811460e29efbf1ffffffc2246cd1e00000fc0007ebfe9ed0737feebfff600,1,TX 41 seq=23827 rx_latency=1ms tx_dur=1ms,17.802,
2735,10,325,2867855685,2026-07-14T15:42:57.204040+00:00,32.400132,62644,41,0202aaf00145f4b4005a5811460e29efbf1ffffffc2246cd1e00000fc0007ebfe9ed0737feebfff600,1,TX 41 seq=23828 rx_latency=1ms tx_dur=1ms,20.579,
2735,10,326,2867855686,2026-07-14T15:42:57.304038+00:00,32.500134,62744,41,0202aaf00146f518005a5811460e29efbf1ffffffc2246cd1e00000fc0007ebfe9ed0737feebfff600,1,TX 41 seq=23829 rx_latency=1ms tx_dur=1ms,22.383,
2735,10,327,2867855687,2026-07-14T15:42:57.404045+00:00,32.600146,62844,41,0202aaf00147f57c005a5811460e29efbf1ffffffc2246cd1e00000fc0007ebfe9ed0737feebfff600,1,TX 41 seq=23830 rx_latency=1ms tx_dur=1ms,14.064,
2735,10,328,2867855688,2026-07-14T15:42:57.504039+00:00,32.700136,62944,41,0202aaf00148f5e0005a5811460e29efbf1ffffffc2246cd1e00000fc0007ebfe9ed0737feebfff600,1,TX 41 seq=23831 rx_latency=1ms tx_dur=1ms,16.714,
2735,10,329,2867855689,2026-07-14T15:42:57.604045+00:00,32.800142,63044,41,0202aaf00149f644005a5811460e29efbf1ffffffc2246cd1e00000fc0007ebfe9ed0737feebfff600,1,TX 41 seq=23832 rx_latency=1ms tx_dur=1ms,18.455,
2735,10,330,2867855690,2026-07-14T15:42:57.704047+00:00,32.900140,63144,41,0202aaf0014af6a8005a5811460e29efbf1ffffffc2246cd1e00000fc0007ebfe9ed0737feebfff600,1,TX 41 seq=23833 rx_latency=1ms tx_dur=1ms,20.171,
2735,10,331,2867855691,2026-07-14T15:42:57.804040+00:00,33.000129,63244,41,0202aaf0014bf70c005a5811460e29efbf1ffffffc2246cd1e00000fc0007ebfe9ed0737feebfff600,1,TX 41 seq=23834 rx_latency=1ms tx_dur=1ms,21.882,
2735,10,332,2867855692,2026-07-14T15:42:57.904049+00:00,33.100147,63344,41,0202aaf0014cf770005a5811460e29efbf1ffffffc2246cd1e00000fc0007ebfe9ed0737feebfff600,1,TX 41 seq=23835 rx_latency=1ms tx_dur=1ms,14.546,
2735,10,333,2867855693,2026-07-14T15:42:58.004046+00:00,33.200142,63444,41,0202aaf0014df7d4005a5811460e29efbf1ffffffc2246cd1e00000fc0007ebfe9ed0737feebfff600,1,TX 41 seq=23836 rx_latency=1ms tx_dur=1ms,16.296,
2735,10,334,2867855694,2026-07-14T15:42:58.104046+00:00,33.300139,63544,41,0202aaf0014ef838005a5811460e29efbf1ffffffc2246cd1e00000fc0007ebfe9ed0737feebfff600,1,TX 41 seq=23837 rx_latency=1ms tx_dur=1ms,18.008,
2735,10,335,2867855695,2026-07-14T15:42:58.204047+00:00,33.400150,63644,41,0202aaf0014ff89c005a5811460e29efbf1ffffffc2246cd1e00000fc0007ebfe9ed0737feebfff600,1,TX 41 seq=23838 rx_latency=1ms tx_dur=1ms,19.655,
2735,10,336,2867855696,2026-07-14T15:42:58.304051+00:00,33.500148,63744,41,0202aaf00150f900005a5811460e29efbf1ffffffc2246cd1e00000fc0007ebfe9ed0737feebfff600,1,TX 41 seq=23839 rx_latency=1ms tx_dur=1ms,22.582,
2735,10,337,2867855697,2026-07-14T15:42:58.404041+00:00,33.600134,63844,41,0202aaf00151f964005a5811460e29efbf1ffffffc2246cd1e00000fc0007ebfe9ed0737feebfff600,1,TX 41 seq=23840 rx_latency=1ms tx_dur=1ms,14.148,
2735,10,338,2867855698,2026-07-14T15:42:58.504030+00:00,33.700128,63944,41,0202aaf00152f9c8005a5811460e29efbf1ffffffc2246cd1e00000fc0007ebfe9ed0737feebfff600,1,TX 41 seq=23841 rx_latency=1ms tx_dur=1ms,15.870,
2735,10,339,2867855699,2026-07-14T15:42:58.604048+00:00,33.800155,64044,41,0202aaf00153fa2c005a5811460e29efbf1ffffffc2246cd1e00000fc0007ebfe9ed0737feebfff600,1,TX 41 seq=23842 rx_latency=1ms tx_dur=1ms,18.616,
2735,10,340,2867855700,2026-07-14T15:42:58.704051+00:00,33.900152,64144,41,0202aaf00154fa90005a5811460e29efbf1ffffffc2246cd1e00000fc0007ebfe9ed0737feebfff600,1,TX 41 seq=23843 rx_latency=1ms tx_dur=1ms,20.391,
2735,10,341,2867855701,2026-07-14T15:42:58.804040+00:00,34.000130,64244,41,0202aaf00155faf4005a5811460e29efbf1ffffffc2246cd1e00000fc0007ebfe9ed0737feebfff600,1,TX 41 seq=23844 rx_latency=1ms tx_dur=1ms,21.900,
2735,10,342,2867855702,2026-07-14T15:42:58.904051+00:00,34.100148,64344,41,0202aaf00156fb58005a5811460e29efbf1ffffffc2246cd1e00000fc0007ebfe9ed0737feebfff600,1,TX 41 seq=23845 rx_latency=1ms tx_dur=1ms,13.683,
2735,10,343,2867855703,2026-07-14T15:42:59.004040+00:00,34.200131,64444,41,0202aaf00157fbbc005a5811460e29efbf1ffffffc2246cd1e00000fc0007ebfe9ed0737feebfff600,1,TX 41 seq=23846 rx_latency=1ms tx_dur=1ms,16.531,
2735,10,344,2867855704,2026-07-14T15:42:59.104048+00:00,34.300145,64544,41,0202aaf00158fc20005a5811460e29efbf1ffffffc2246cd1e00000fc0007ebfe9ed0737feebfff600,1,TX 41 seq=23847 rx_latency=1ms tx_dur=1ms,18.258,
2735,10,345,2867855705,2026-07-14T15:42:59.204040+00:00,34.400134,64644,41,0202aaf00159fc84005a5811460e29efbf1ffffffc2246cd1e00000fc0007ebfe9ed0737feebfff600,1,TX 41 seq=23848 rx_latency=1ms tx_dur=1ms,19.751,
2735,10,346,2867855706,2026-07-14T15:42:59.304046+00:00,34.500142,64744,41,0202aaf0015afce8005a5811460e29efbf1ffffffc2246cd1e00000fc0007ebfe9ed0737feebfff600,1,TX 41 seq=23849 rx_latency=1ms tx_dur=1ms,22.600,
2735,10,347,2867855707,2026-07-14T15:42:59.404057+00:00,34.600174,64844,41,0202aaf0015bfd4c005a5811460e29efbf1ffffffc2246cd1e00000fc0007ebfe9ed0737feebfff600,1,TX 41 seq=23850 rx_latency=1ms tx_dur=1ms,14.272,
2735,10,348,2867855708,2026-07-14T15:42:59.504051+00:00,34.700152,64944,41,0202aaf0015cfdb0005a5811460e29efbf1ffffffc2246cd1e00000fc0007ebfe9ed0737feebfff600,1,TX 41 seq=23851 rx_latency=1ms tx_dur=1ms,16.074,
2735,10,349,2867855709,2026-07-14T15:42:59.604047+00:00,34.800153,65044,41,0202aaf0015dfe14005a5811460e29efbf1ffffffc2246cd1e00000fc0007ebfe9ed0737feebfff600,1,TX 41 seq=23852 rx_latency=1ms tx_dur=1ms,18.656,
2735,10,350,2867855710,2026-07-14T15:42:59.704050+00:00,34.900154,65144,41,0202aaf0015efe78005a5811460e29efbf1ffffffc2246cd1e00000fc0007ebfe9ed0737feebfff600,1,TX 41 seq=23853 rx_latency=1ms tx_dur=1ms,20.403,
2735,10,351,2867855711,2026-07-14T15:42:59.803983+00:00,35.000077,65243,41,0202aaf0015ffedb005a5811460e29efbf1ffffffc2246cd1e00000fc0007ebfe9ed0737feebfff600,1,TX 41 seq=23854 rx_latency=1ms tx_dur=1ms,22.192,
2735,10,352,2867855712,2026-07-14T15:42:59.904045+00:00,35.100141,65344,41,0202aaf00160ff40005a5811460e29efbf1ffffffc2246cd1e00000fc0007ebfe9ed0737feebfff600,1,TX 41 seq=23855 rx_latency=1ms tx_dur=1ms,13.927,
2735,10,353,2867855713,2026-07-14T15:43:00.004031+00:00,35.200127,65444,41,0202aaf00161ffa4005a5811460e29efbf1ffffffc2246cd1e00000fc0007ebfe9ed0737feebfff600,1,TX 41 seq=23856 rx_latency=1ms tx_dur=1ms,16.594,
2735,10,354,2867855714,2026-07-14T15:43:00.104047+00:00,35.300142,8,41,0202aaf001620008005a5811460e29efbf1ffffffc2246cd1e00000fc0007ebfe9ed0737feebfff600,1,TX 41 seq=23857 rx_latency=1ms tx_dur=1ms,18.279,
2735,10,355,2867855715,2026-07-14T15:43:00.204020+00:00,35.400117,108,41,0202aaf00163006c005a5811460e29efbf1ffffffc2246cd1e00000fc0007ebfe9ed0737feebfff600,1,TX 41 seq=23858 rx_latency=1ms tx_dur=1ms,20.028,
2735,10,356,2867855716,2026-07-14T15:43:00.304041+00:00,35.500135,208,41,0202aaf0016400d0005a5811460e29efbf1ffffffc2246cd1e00000fc0007ebfe9ed0737feebfff600,1,TX 41 seq=23859 rx_latency=1ms tx_dur=1ms,22.778,
2735,10,357,2867855717,2026-07-14T15:43:00.404006+00:00,35.600100,307,41,0202aaf001650133005a5811460e29efbf1ffffffc2246cd1e00000fc0007ebfe9ed0737feebfff600,1,TX 41 seq=23860 rx_latency=1ms tx_dur=1ms,14.434,
2735,10,358,2867855718,2026-07-14T15:43:00.504045+00:00,35.700139,408,41,0202aaf001660198005a5811460e29efbf1ffffffc2246cd1e00000fc0007ebfe9ed0737feebfff600,1,TX 41 seq=23861 rx_latency=1ms tx_dur=1ms,16.121,
2735,10,359,2867855719,2026-07-14T15:43:00.604015+00:00,35.800124,508,41,0202aaf0016701fc005a5811460e29efbf1ffffffc2246cd1e00000fc0007ebfe9ed0737feebfff600,1,TX 41 seq=23862 rx_latency=1ms tx_dur=1ms,17.907,
2735,10,360,2867855720,2026-07-14T15:43:00.704047+00:00,35.900148,608,41,0202aaf001680260005a5811460e29efbf1ffffffc2246cd1e00000fc0007ebfe9ed0737feebfff600,1,TX 41 seq=23863 rx_latency=1ms tx_dur=1ms,20.652,
2735,10,361,2867855721,2026-07-14T15:43:00.804039+00:00,36.000130,708,41,0202aaf0016902c4005a5811460e29efbf1ffffffc2246cd1e00000fc0007ebfe9ed0737feebfff600,1,TX 41 seq=23864 rx_latency=1ms tx_dur=1ms,22.161,
2735,10,362,2867855722,2026-07-14T15:43:00.904045+00:00,36.100140,808,41,0202aaf0016a0328005a5811460e29efbf1ffffffc2246cd1e00000fc0007ebfe9ed0737feebfff600,1,TX 41 seq=23865 rx_latency=1ms tx_dur=1ms,13.964,
2735,10,363,2867855723,2026-07-14T15:43:01.004011+00:00,36.200104,908,41,0202aaf0016b038c005a5811460e29efbf1ffffffc2246cd1e00000fc0007ebfe9ed0737feebfff600,1,TX 41 seq=23866 rx_latency=1ms tx_dur=1ms,16.860,
2735,10,364,2867855724,2026-07-14T15:43:01.104042+00:00,36.300138,1008,41,0202aaf0016c03f0005a5811460e29efbf1ffffffc2246cd1e00000fc0007ebfe9ed0737feebfff600,1,TX 41 seq=23867 rx_latency=1ms tx_dur=1ms,18.483,
2735,10,365,2867855725,2026-07-14T15:43:01.204006+00:00,36.400106,1107,41,0202aaf0016d0453005a5811460e29efbf1ffffffc2246cd1e00000fc0007ebfe9ed0737feebfff600,1,TX 41 seq=23868 rx_latency=1ms tx_dur=1ms,20.059,
2735,10,366,2867855726,2026-07-14T15:43:01.304040+00:00,36.500133,1208,41,0202aaf0016e04b8005a5811460e29efbf1ffffffc2246cd1e00000fc0007ebfe9ed0737feebfff600,1,TX 41 seq=23869 rx_latency=1ms tx_dur=1ms,21.775,
2735,10,367,2867855727,2026-07-14T15:43:01.404047+00:00,36.600141,1308,41,0202aaf0016f051c005a5811460e29efbf1ffffffc2246cd1e00000fc0007ebfe9ed0737feebfff600,1,TX 41 seq=23870 rx_latency=1ms tx_dur=1ms,14.642,
2735,10,368,2867855728,2026-07-14T15:43:01.504038+00:00,36.700126,1408,41,0202aaf001700580005a5811460e29efbf1ffffffc2246cd1e00000fc0007ebfe9ed0737feebfff600,1,TX 41 seq=23871 rx_latency=1ms tx_dur=1ms,16.379,
2735,10,369,2867855729,2026-07-14T15:43:01.604050+00:00,36.800150,1508,41,0202aaf0017105e4005a5811460e29efbf1ffffffc2246cd1e00000fc0007ebfe9ed0737feebfff600,1,TX 41 seq=23872 rx_latency=1ms tx_dur=1ms,17.859,
2735,10,370,2867855730,2026-07-14T15:43:01.704058+00:00,36.900177,1608,41,0202aaf001720648005a5811460e29efbf1ffffffc2246cd1e00000fc0007ebfe9ed0737feebfff600,1,TX 41 seq=23873 rx_latency=1ms tx_dur=1ms,20.585,
2735,10,371,2867855731,2026-07-14T15:43:01.804049+00:00,37.000151,1708,41,0202aaf0017306ac005a5811460e29efbf1ffffffc2246cd1e00000fc0007ebfe9ed0737feebfff600,1,TX 41 seq=23874 rx_latency=1ms tx_dur=1ms,22.501,
2735,10,372,2867855732,2026-07-14T15:43:01.904049+00:00,37.100156,1808,41,0202aaf001740710005a5811460e29efbf1ffffffc2246cd1e00000fc0007ebfe9ed0737feebfff600,1,TX 41 seq=23875 rx_latency=1ms tx_dur=1ms,14.128,
2735,10,373,2867855733,2026-07-14T15:43:02.004009+00:00,37.200108,1907,41,0202aaf001750773005a5811460e29efbf1ffffffc2246cd1e00000fc0007ebfe9ed0737feebfff600,1,TX 41 seq=23876 rx_latency=1ms tx_dur=1ms,16.070,
2735,10,374,2867855734,2026-07-14T15:43:02.104003+00:00,37.300098,2007,41,0202aaf0017607d7005a5811460e29efbf1ffffffc2246cd1e00000fc0007ebfe9ed0737feebfff600,1,TX 41 seq=23877 rx_latency=1ms tx_dur=1ms,18.718,
2735,10,375,2867855735,2026-07-14T15:43:02.204045+00:00,37.400139,2108,41,0202aaf00177083c005a5811460e29efbf1ffffffc2246cd1e00000fc0007ebfe9ed0737feebfff600,1,TX 41 seq=23878 rx_latency=1ms tx_dur=1ms,20.263,
2735,10,376,2867855736,2026-07-14T15:43:02.304053+00:00,37.500162,2208,41,0202aaf0017808a0005a5811460e29efbf1ffffffc2246cd1e00000fc0007ebfe9ed0737feebfff600,1,TX 41 seq=23879 rx_latency=1ms tx_dur=1ms,21.968,
2735,10,377,2867855737,2026-07-14T15:43:02.404055+00:00,37.600162,2308,41,0202aaf001790904005a5811460e29efbf1ffffffc2246cd1e00000fc0007ebfe9ed0737feebfff600,1,TX 41 seq=23880 rx_latency=1ms tx_dur=1ms,13.828,
2735,10,378,2867855738,2026-07-14T15:43:02.504040+00:00,37.700135,2408,41,0202aaf0017a0968005a5811460e29efbf1ffffffc2246cd1e00000fc0007ebfe9ed0737feebfff600,1,TX 41 seq=23881 rx_latency=1ms tx_dur=1ms,16.504,
2735,10,379,2867855739,2026-07-14T15:43:02.604047+00:00,37.800143,2508,41,0202aaf0017b09cc005a5811460e29efbf1ffffffc2246cd1e00000fc0007ebfe9ed0737feebfff600,1,TX 41 seq=23882 rx_latency=1ms tx_dur=1ms,18.230,
2735,10,380,2867855740,2026-07-14T15:43:02.704005+00:00,37.900100,2607,41,0202aaf0017c0a2f005a5811460e29efbf1ffffffc2246cd1e00000fc0007ebfe9ed0737feebfff600,1,TX 41 seq=23883 rx_latency=1ms tx_dur=1ms,20.011,
2735,10,381,2867855741,2026-07-14T15:43:02.804040+00:00,38.000133,2708,41,0202aaf0017d0a94005a5811460e29efbf1ffffffc2246cd1e00000fc0007ebfe9ed0737feebfff600,1,TX 41 seq=23884 rx_latency=1ms tx_dur=1ms,22.746,
2735,10,382,2867855742,2026-07-14T15:43:02.904058+00:00,38.100170,2808,41,0202aaf0017e0af8005a5811460e29efbf1ffffffc2246cd1e00000fc0007ebfe9ed0737feebfff600,1,TX 41 seq=23885 rx_latency=1ms tx_dur=1ms,14.273,
2735,10,383,2867855743,2026-07-14T15:43:03.004042+00:00,38.200134,2908,41,0202aaf0017f0b5c005a5811460e29efbf1ffffffc2246cd1e00000fc0007ebfe9ed0737feebfff600,1,TX 41 seq=23886 rx_latency=1ms tx_dur=1ms,16.062,
2735,10,384,2867855744,2026-07-14T15:43:03.104046+00:00,38.300143,3008,41,0202aaf001800bc0005a5811460e29efbf1ffffffc2246cd1e00000fc0007ebfe9ed0737feebfff600,1,TX 41 seq=23887 rx_latency=1ms tx_dur=1ms,17.801,
2735,10,385,2867855745,2026-07-14T15:43:03.204038+00:00,38.400129,3108,41,0202aaf001810c24005a5811460e29efbf1ffffffc2246cd1e00000fc0007ebfe9ed0737feebfff600,1,TX 41 seq=23888 rx_latency=1ms tx_dur=1ms,20.638,
2735,10,386,2867855746,2026-07-14T15:43:03.304048+00:00,38.500147,3208,41,0202aaf001820c88005a5811460e29efbf1ffffffc2246cd1e00000fc0007ebfe9ed0737feebfff600,1,TX 41 seq=23889 rx_latency=1ms tx_dur=1ms,22.154,
2735,10,387,2867855747,2026-07-14T15:43:03.404042+00:00,38.600139,3308,41,0202aaf001830cec005a5811460e29efbf1ffffffc2246cd1e00000fc0007ebfe9ed0737feebfff600,1,TX 41 seq=23890 rx_latency=1ms tx_dur=1ms,13.922,
2735,10,388,2867855748,2026-07-14T15:43:03.504048+00:00,38.700143,3408,41,0202aaf001840d50005a5811460e29efbf1ffffffc2246cd1e00000fc0007ebfe9ed0737feebfff600,1,TX 41 seq=23891 rx_latency=1ms tx_dur=1ms,16.751,
2735,10,389,2867855749,2026-07-14T15:43:03.604040+00:00,38.800130,3508,41,0202aaf001850db4005a5811460e29efbf1ffffffc2246cd1e00000fc0007ebfe9ed0737feebfff600,1,TX 41 seq=23892 rx_latency=1ms tx_dur=1ms,18.458,
2735,10,390,2867855750,2026-07-14T15:43:03.704058+00:00,38.900174,3608,41,0202aaf001860e18005a5811460e29efbf1ffffffc2246cd1e00000fc0007ebfe9ed0737feebfff600,1,TX 41 seq=23893 rx_latency=1ms tx_dur=1ms,19.908,
2735,10,391,2867855751,2026-07-14T15:43:03.804044+00:00,39.000141,3708,41,0202aaf001870e7c005a5811460e29efbf1ffffffc2246cd1e00000fc0007ebfe9ed0737feebfff600,1,TX 41 seq=23894 rx_latency=1ms tx_dur=1ms,22.752,
2735,10,392,2867855752,2026-07-14T15:43:03.904046+00:00,39.100141,3808,41,0202aaf001880ee0005a5811460e29efbf1ffffffc2246cd1e00000fc0007ebfe9ed0737feebfff600,1,TX 41 seq=23895 rx_latency=1ms tx_dur=1ms,14.587,
2735,10,393,2867855753,2026-07-14T15:43:04.004046+00:00,39.200142,3908,41,0202aaf001890f44005a5811460e29efbf1ffffffc2246cd1e00000fc0007ebfe9ed0737feebfff600,1,TX 41 seq=23896 rx_latency=1ms tx_dur=1ms,16.310,
2735,10,394,2867855754,2026-07-14T15:43:04.104046+00:00,39.300139,4008,41,0202aaf0018a0fa8005a5811460e29efbf1ffffffc2246cd1e00000fc0007ebfe9ed0737feebfff600,1,TX 41 seq=23897 rx_latency=1ms tx_dur=1ms,17.832,
2735,10,395,2867855755,2026-07-14T15:43:04.204048+00:00,39.400146,4108,41,0202aaf0018b100c005a5811460e29efbf1ffffffc2246cd1e00000fc0007ebfe9ed0737feebfff600,1,TX 41 seq=23898 rx_latency=1ms tx_dur=1ms,20.646,
2735,10,396,2867855756,2026-07-14T15:43:04.304048+00:00,39.500143,4208,41,0202aaf0018c1070005a5811460e29efbf1ffffffc2246cd1e00000fc0007ebfe9ed0737feebfff600,1,TX 41 seq=23899 rx_latency=1ms tx_dur=1ms,22.390,
2735,10,397,2867855757,2026-07-14T15:43:04.404040+00:00,39.600131,4308,41,0202aaf0018d10d4005a5811460e29efbf1ffffffc2246cd1e00000fc0007ebfe9ed0737feebfff600,1,TX 41 seq=23900 rx_latency=1ms tx_dur=1ms,14.166,
2735,10,398,2867855758,2026-07-14T15:43:04.504046+00:00,39.700141,4408,41,0202aaf0018e1138005a5811460e29efbf1ffffffc2246cd1e00000fc0007ebfe9ed0737feebfff600,1,TX 41 seq=23901 rx_latency=1ms tx_dur=1ms,16.788,
2735,10,399,2867855759,2026-07-14T15:43:04.604039+00:00,39.800130,4508,41,0202aaf0018f119c005a5811460e29efbf1ffffffc2246cd1e00000fc0007ebfe9ed0737feebfff600,1,TX 41 seq=23902 rx_latency=1ms tx_dur=1ms,18.502,
2735,10,400,2867855760,2026-07-14T15:43:04.704054+00:00,39.900165,4608,41,0202aaf001901200005a5811460e29efbf1ffffffc2246cd1e00000fc0007ebfe9ed0737feebfff600,1,TX 41 seq=23903 rx_latency=1ms tx_dur=1ms,20.168,
2735,10,401,2867855761,2026-07-14T15:43:04.804050+00:00,40.000157,4708,41,0202aaf001911264005a5811460e29efbf1ffffffc2246cd1e00000fc0007ebfe9ed0737feebfff600,1,TX 41 seq=23904 rx_latency=1ms tx_dur=1ms,21.842,
2735,10,402,2867855762,2026-07-14T15:43:04.904048+00:00,40.100145,4808,41,0202aaf0019212c8005a5811460e29efbf1ffffffc2246cd1e00000fc0007ebfe9ed0737feebfff600,1,TX 41 seq=23905 rx_latency=1ms tx_dur=1ms,13.711,
2735,10,403,2867855763,2026-07-14T15:43:05.004046+00:00,40.200140,4908,41,0202aaf00193132c005a5811460e29efbf1ffffffc2246cd1e00000fc0007ebfe9ed0737feebfff600,1,TX 41 seq=23906 rx_latency=1ms tx_dur=1ms,16.346,
2735,10,404,2867855764,2026-07-14T15:43:05.104045+00:00,40.300138,5008,41,0202aaf001941390005a5811460e29efbf1ffffffc2246cd1e00000fc0007ebfe9ed0737feebfff600,1,TX 41 seq=23907 rx_latency=1ms tx_dur=1ms,18.077,
2735,10,405,2867855765,2026-07-14T15:43:05.204048+00:00,40.400147,5108,41,0202aaf0019513f4005a5811460e29efbf1ffffffc2246cd1e00000fc0007ebfe9ed0737feebfff600,1,TX 41 seq=23908 rx_latency=1ms tx_dur=1ms,19.781,
2735,10,406,2867855766,2026-07-14T15:43:05.304045+00:00,40.500142,5208,41,0202aaf001961458005a5811460e29efbf1ffffffc2246cd1e00000fc0007ebfe9ed0737feebfff600,1,TX 41 seq=23909 rx_latency=1ms tx_dur=1ms,22.611,
2735,10,407,2867855767,2026-07-14T15:43:05.404002+00:00,40.600094,5307,41,0202aaf0019714bb005a5811460e29efbf1ffffffc2246cd1e00000fc0007ebfe9ed0737feebfff600,1,TX 41 seq=23910 rx_latency=1ms tx_dur=1ms,14.227,
2735,10,408,2867855768,2026-07-14T15:43:05.504045+00:00,40.700141,5408,41,0202aaf001981520005a5811460e29efbf1ffffffc2246cd1e00000fc0007ebfe9ed0737feebfff600,1,TX 41 seq=23911 rx_latency=1ms tx_dur=1ms,15.928,
2735,10,409,2867855769,2026-07-14T15:43:05.604045+00:00,40.800139,5508,41,0202aaf001991584005a5811460e29efbf1ffffffc2246cd1e00000fc0007ebfe9ed0737feebfff600,1,TX 41 seq=23912 rx_latency=1ms tx_dur=1ms,18.759,
2735,10,410,2867855770,2026-07-14T15:43:05.704046+00:00,40.900140,5608,41,0202aaf0019a15e8005a5811460e29efbf1ffffffc2246cd1e00000fc0007ebfe9ed0737feebfff600,1,TX 41 seq=23913 rx_latency=1ms tx_dur=1ms,20.473,
2735,10,411,2867855771,2026-07-14T15:43:05.804028+00:00,41.000124,5708,41,0202aaf0019b164c005a5811460e29efbf1ffffffc2246cd1e00000fc0007ebfe9ed0737feebfff600,1,TX 41 seq=23914 rx_latency=1ms tx_dur=1ms,21.997,
2735,10,412,2867855772,2026-07-14T15:43:05.904045+00:00,41.100138,5808,41,0202aaf0019c16b0005a5811460e29efbf1ffffffc2246cd1e00000fc0007ebfe9ed0737feebfff600,1,TX 41 seq=23915 rx_latency=1ms tx_dur=1ms,13.752,
2735,10,413,2867855773,2026-07-14T15:43:06.004046+00:00,41.200138,5908,41,0202aaf0019d1714005a5811460e29efbf1ffffffc2246cd1e00000fc0007ebfe9ed0737feebfff600,1,TX 41 seq=23916 rx_latency=1ms tx_dur=1ms,16.617,
2735,10,414,2867855774,2026-07-14T15:43:06.104044+00:00,41.300137,6008,41,0202aaf0019e1778005a5811460e29efbf1ffffffc2246cd1e00000fc0007ebfe9ed0737feebfff600,1,TX 41 seq=23917 rx_latency=1ms tx_dur=1ms,18.323,
2735,10,415,2867855775,2026-07-14T15:43:06.204033+00:00,41.400126,6108,41,0202aaf0019f17dc005a5811460e29efbf1ffffffc2246cd1e00000fc0007ebfe9ed0737feebfff600,1,TX 41 seq=23918 rx_latency=1ms tx_dur=1ms,19.835,
2735,10,416,2867855776,2026-07-14T15:43:06.304045+00:00,41.500138,6208,41,0202aaf001a01840005a5811460e29efbf1ffffffc2246cd1e00000fc0007ebfe9ed0737feebfff600,1,TX 41 seq=23919 rx_latency=1ms tx_dur=1ms,22.859,
2735,10,417,2867855777,2026-07-14T15:43:06.404051+00:00,41.600163,6308,41,0202aaf001a118a4005a5811460e29efbf1ffffffc2246cd1e00000fc0007ebfe9ed0737feebfff600,1,TX 41 seq=23920 rx_latency=1ms tx_dur=1ms,14.331,
2735,10,418,2867855778,2026-07-14T15:43:06.504050+00:00,41.700151,6408,41,0202aaf001a21908005a5811460e29efbf1ffffffc2246cd1e00000fc0007ebfe9ed0737feebfff600,1,TX 41 seq=23921 rx_latency=1ms tx_dur=1ms,16.129,
2735,10,419,2867855779,2026-07-14T15:43:06.604048+00:00,41.800151,6508,41,0202aaf001a3196c005a5811460e29efbf1ffffffc2246cd1e00000fc0007ebfe9ed0737feebfff600,1,TX 41 seq=23922 rx_latency=1ms tx_dur=1ms,18.767,
2735,10,420,2867855780,2026-07-14T15:43:06.704054+00:00,41.900163,6608,41,0202aaf001a419d0005a5811460e29efbf1ffffffc2246cd1e00000fc0007ebfe9ed0737feebfff600,1,TX 41 seq=23923 rx_latency=1ms tx_dur=1ms,20.441,
2735,10,421,2867855781,2026-07-14T15:43:06.804049+00:00,42.000158,6708,41,0202aaf001a51a34005a5811460e29efbf1ffffffc2246cd1e00000fc0007ebfe9ed0737feebfff600,1,TX 41 seq=23924 rx_latency=1ms tx_dur=1ms,22.108,
2735,10,422,2867855782,2026-07-14T15:43:06.904052+00:00,42.100153,6808,41,0202aaf001a61a98005a5811460e29efbf1ffffffc2246cd1e00000fc0007ebfe9ed0737feebfff600,1,TX 41 seq=23925 rx_latency=1ms tx_dur=1ms,13.955,
2735,10,423,2867855783,2026-07-14T15:43:07.004049+00:00,42.200146,6908,41,0202aaf001a71afc005a5811460e29efbf1ffffffc2246cd1e00000fc0007ebfe9ed0737feebfff600,1,TX 41 seq=23926 rx_latency=1ms tx_dur=1ms,16.610,
2735,10,424,2867855784,2026-07-14T15:43:07.104048+00:00,42.300141,7008,41,0202aaf001a81b60005a5811460e29efbf1ffffffc2246cd1e00000fc0007ebfe9ed0737feebfff600,1,TX 41 seq=23927 rx_latency=1ms tx_dur=1ms,18.307,
2735,10,425,2867855785,2026-07-14T15:43:07.204048+00:00,42.400146,7108,41,0202aaf001a91bc4005a5811460e29efbf1ffffffc2246cd1e00000fc0007ebfe9ed0737feebfff600,1,TX 41 seq=23928 rx_latency=1ms tx_dur=1ms,20.061,
2735,10,426,2867855786,2026-07-14T15:43:07.304043+00:00,42.500137,7208,41,0202aaf001aa1c28005a5811460e29efbf1ffffffc2246cd1e00000fc0007ebfe9ed0737feebfff600,1,TX 41 seq=23929 rx_latency=1ms tx_dur=1ms,22.842,
2735,10,427,2867855787,2026-07-14T15:43:07.404048+00:00,42.600149,7308,41,0202aaf001ab1c8c005a5811460e29efbf1ffffffc2246cd1e00000fc0007ebfe9ed0737feebfff600,1,TX 41 seq=23930 rx_latency=1ms tx_dur=1ms,14.419,
2735,10,428,2867855788,2026-07-14T15:43:07.504049+00:00,42.700148,7408,41,0202aaf001ac1cf0005a5811460e29efbf1ffffffc2246cd1e00000fc0007ebfe9ed0737feebfff600,1,TX 41 seq=23931 rx_latency=1ms tx_dur=1ms,16.088,
2735,10,429,2867855789,2026-07-14T15:43:07.604043+00:00,42.800136,7508,41,0202aaf001ad1d54005a5811460e29efbf1ffffffc2246cd1e00000fc0007ebfe9ed0737feebfff600,1,TX 41 seq=23932 rx_latency=1ms tx_dur=1ms,17.975,
2735,10,430,2867855790,2026-07-14T15:43:07.704067+00:00,42.900195,7608,41,0202aaf001ae1db8005a5811460e29efbf1ffffffc2246cd1e00000fc0007ebfe9ed0737feebfff600,1,TX 41 seq=23933 rx_latency=1ms tx_dur=1ms,20.487,
2735,10,431,2867855791,2026-07-14T15:43:07.804049+00:00,43.000157,7708,41,0202aaf001af1e1c005a5811460e29efbf1ffffffc2246cd1e00000fc0007ebfe9ed0737feebfff600,1,TX 41 seq=23934 rx_latency=1ms tx_dur=1ms,22.255,
2735,10,432,2867855792,2026-07-14T15:43:07.904051+00:00,43.100152,7808,41,0202aaf001b01e80005a5811460e29efbf1ffffffc2246cd1e00000fc0007ebfe9ed0737feebfff600,1,TX 41 seq=23935 rx_latency=1ms tx_dur=1ms,13.946,
2735,10,433,2867855793,2026-07-14T15:43:08.004039+00:00,43.200130,7908,41,0202aaf001b11ee4005a5811460e29efbf1ffffffc2246cd1e00000fc0007ebfe9ed0737feebfff600,1,TX 41 seq=23936 rx_latency=1ms tx_dur=1ms,15.831,
2735,10,434,2867855794,2026-07-14T15:43:08.104045+00:00,43.300141,8008,41,0202aaf001b21f48005a5811460e29efbf1ffffffc2246cd1e00000fc0007ebfe9ed0737feebfff600,1,TX 41 seq=23937 rx_latency=1ms tx_dur=1ms,18.578,
2735,10,435,2867855795,2026-07-14T15:43:08.204045+00:00,43.400139,8108,41,0202aaf001b31fac005a5811460e29efbf1ffffffc2246cd1e00000fc0007ebfe9ed0737feebfff600,1,TX 41 seq=23938 rx_latency=1ms tx_dur=1ms,20.099,
2735,10,436,2867855796,2026-07-14T15:43:08.304046+00:00,43.500143,8208,41,0202aaf001b42010005a5811460e29efbf1ffffffc2246cd1e00000fc0007ebfe9ed0737feebfff600,1,TX 41 seq=23939 rx_latency=1ms tx_dur=1ms,21.800,
2735,10,437,2867855797,2026-07-14T15:43:08.404047+00:00,43.600143,8308,41,0202aaf001b52074005a5811460e29efbf1ffffffc2246cd1e00000fc0007ebfe9ed0737feebfff600,1,TX 41 seq=23940 rx_latency=1ms tx_dur=1ms,14.618,
2735,10,438,2867855798,2026-07-14T15:43:08.504041+00:00,43.700133,8408,41,0202aaf001b620d8005a5811460e29efbf1ffffffc2246cd1e00000fc0007ebfe9ed0737feebfff600,1,TX 41 seq=23941 rx_latency=1ms tx_dur=1ms,16.485,
2735,10,439,2867855799,2026-07-14T15:43:08.604045+00:00,43.800140,8508,41,0202aaf001b7213c005a5811460e29efbf1ffffffc2246cd1e00000fc0007ebfe9ed0737feebfff600,1,TX 41 seq=23942 rx_latency=1ms tx_dur=1ms,18.150,
2735,10,440,2867855800,2026-07-14T15:43:08.704044+00:00,43.900138,8608,41,0202aaf001b821a0005a5811460e29efbf1ffffffc2246cd1e00000fc0007ebfe9ed0737feebfff600,1,TX 41 seq=23943 rx_latency=1ms tx_dur=1ms,20.688,
2735,10,441,2867855801,2026-07-14T15:43:08.804019+00:00,44.000121,8708,41,0202aaf001b92204005a5811460e29efbf1ffffffc2246cd1e00000fc0007ebfe9ed0737feebfff600,1,TX 41 seq=23944 rx_latency=1ms tx_dur=1ms,22.546,
2735,10,442,2867855802,2026-07-14T15:43:08.904048+00:00,44.100148,8808,41,0202aaf001ba2268005a5811460e29efbf1ffffffc2246cd1e00000fc0007ebfe9ed0737feebfff600,1,TX 41 seq=23945 rx_latency=1ms tx_dur=1ms,14.198,
2735,10,443,2867855803,2026-07-14T15:43:09.004008+00:00,44.200099,8907,41,0202aaf001bb22cb005a5811460e29efbf1ffffffc2246cd1e00000fc0007ebfe9ed0737feebfff600,1,TX 41 seq=23946 rx_latency=1ms tx_dur=1ms,16.065,
2735,10,444,2867855804,2026-07-14T15:43:09.104045+00:00,44.300140,9008,41,0202aaf001bc2330005a5811460e29efbf1ffffffc2246cd1e00000fc0007ebfe9ed0737feebfff600,1,TX 41 seq=23947 rx_latency=1ms tx_dur=1ms,18.620,
2735,10,445,2867855805,2026-07-14T15:43:09.204046+00:00,44.400139,9108,41,0202aaf001bd2394005a5811460e29efbf1ffffffc2246cd1e00000fc0007ebfe9ed0737feebfff600,1,TX 41 seq=23948 rx_latency=1ms tx_dur=1ms,20.334,
2735,10,446,2867855806,2026-07-14T15:43:09.304039+00:00,44.500131,9208,41,0202aaf001be23f8005a5811460e29efbf1ffffffc2246cd1e00000fc0007ebfe9ed0737feebfff600,1,TX 41 seq=23949 rx_latency=1ms tx_dur=1ms,22.121,
2735,10,447,2867855807,2026-07-14T15:43:09.404047+00:00,44.600144,9308,41,0202aaf001bf245c005a5811460e29efbf1ffffffc2246cd1e00000fc0007ebfe9ed0737feebfff600,1,TX 41 seq=23950 rx_latency=1ms tx_dur=1ms,13.823,
2735,10,448,2867855808,2026-07-14T15:43:09.504041+00:00,44.700134,9408,41,0202aaf001c024c0005a5811460e29efbf1ffffffc2246cd1e00000fc0007ebfe9ed0737feebfff600,1,TX 41 seq=23951 rx_latency=1ms tx_dur=1ms,16.487,
2735,10,449,2867855809,2026-07-14T15:43:09.604045+00:00,44.800140,9508,41,0202aaf001c12524005a5811460e29efbf1ffffffc2246cd1e00000fc0007ebfe9ed0737feebfff600,1,TX 41 seq=23952 rx_latency=1ms tx_dur=1ms,18.178,
2735,10,450,2867855810,2026-07-14T15:43:09.704044+00:00,44.900138,9608,41,0202aaf001c22588005a5811460e29efbf1ffffffc2246cd1e00000fc0007ebfe9ed0737feebfff600,1,TX 41 seq=23953 rx_latency=1ms tx_dur=1ms,19.935,
2735,10,451,2867855811,2026-07-14T15:43:09.804051+00:00,45.000156,9708,41,0202aaf001c325ec005a5811460e29efbf1ffffffc2246cd1e00000fc0007ebfe9ed0737feebfff600,1,TX 41 seq=23954 rx_latency=1ms tx_dur=1ms,22.752,
2735,10,452,2867855812,2026-07-14T15:43:09.904049+00:00,45.100149,9808,41,0202aaf001c42650005a5811460e29efbf1ffffffc2246cd1e00000fc0007ebfe9ed0737feebfff600,1,TX 41 seq=23955 rx_latency=1ms tx_dur=1ms,14.282,
2735,10,453,2867855813,2026-07-14T15:43:10.004048+00:00,45.200143,9908,41,0202aaf001c526b4005a5811460e29efbf1ffffffc2246cd1e00000fc0007ebfe9ed0737feebfff600,1,TX 41 seq=23956 rx_latency=1ms tx_dur=1ms,16.015,
2735,10,454,2867855814,2026-07-14T15:43:10.104037+00:00,45.300127,10008,41,0202aaf001c62718005a5811460e29efbf1ffffffc2246cd1e00000fc0007ebfe9ed0737feebfff600,1,TX 41 seq=23957 rx_latency=1ms tx_dur=1ms,17.873,
2735,10,455,2867855815,2026-07-14T15:43:10.204049+00:00,45.400154,10108,41,0202aaf001c7277c005a5811460e29efbf1ffffffc2246cd1e00000fc0007ebfe9ed0737feebfff600,1,TX 41 seq=23958 rx_latency=1ms tx_dur=1ms,20.506,
2735,10,456,2867855816,2026-07-14T15:43:10.304043+00:00,45.500136,10208,41,0202aaf001c827e0005a5811460e29efbf1ffffffc2246cd1e00000fc0007ebfe9ed0737feebfff600,1,TX 41 seq=23959 rx_latency=1ms tx_dur=1ms,22.089,
2735,10,457,2867855817,2026-07-14T15:43:10.404046+00:00,45.600142,10308,41,0202aaf001c92844005a5811460e29efbf1ffffffc2246cd1e00000fc0007ebfe9ed0737feebfff600,1,TX 41 seq=23960 rx_latency=1ms tx_dur=1ms,13.844,
2735,10,458,2867855818,2026-07-14T15:43:10.504040+00:00,45.700133,10408,41,0202aaf001ca28a8005a5811460e29efbf1ffffffc2246cd1e00000fc0007ebfe9ed0737feebfff600,1,TX 41 seq=23961 rx_latency=1ms tx_dur=1ms,16.679,
2735,10,459,2867855819,2026-07-14T15:43:10.604046+00:00,45.800142,10508,41,0202aaf001cb290c005a5811460e29efbf1ffffffc2246cd1e00000fc0007ebfe9ed0737feebfff600,1,TX 41 seq=23962 rx_latency=1ms tx_dur=1ms,18.410,
2735,10,460,2867855820,2026-07-14T15:43:10.704038+00:00,45.900128,10608,41,0202aaf001cc2970005a5811460e29efbf1ffffffc2246cd1e00000fc0007ebfe9ed0737feebfff600,1,TX 41 seq=23963 rx_latency=1ms tx_dur=1ms,19.934,
2735,10,461,2867855821,2026-07-14T15:43:10.804046+00:00,46.000140,10708,41,0202aaf001cd29d4005a5811460e29efbf1ffffffc2246cd1e00000fc0007ebfe9ed0737feebfff600,1,TX 41 seq=23964 rx_latency=1ms tx_dur=1ms,22.836,
2735,10,462,2867855822,2026-07-14T15:43:10.904045+00:00,46.100149,10808,41,0202aaf001ce2a38005a5811460e29efbf1ffffffc2246cd1e00000fc0007ebfe9ed0737feebfff600,1,TX 41 seq=23965 rx_latency=1ms tx_dur=1ms,14.465,
2735,10,463,2867855823,2026-07-14T15:43:11.004048+00:00,46.200149,10908,41,0202aaf001cf2a9c005a5811460e29efbf1ffffffc2246cd1e00000fc0007ebfe9ed0737feebfff600,1,TX 41 seq=23966 rx_latency=1ms tx_dur=1ms,16.217,
2735,10,464,2867855824,2026-07-14T15:43:11.104045+00:00,46.300150,11008,41,0202aaf001d02b00005a5811460e29efbf1ffffffc2246cd1e00000fc0007ebfe9ed0737feebfff600,1,TX 41 seq=23967 rx_latency=1ms tx_dur=1ms,18.812,
2735,10,465,2867855825,2026-07-14T15:43:11.204049+00:00,46.400148,11108,41,0202aaf001d12b64005a5811460e29efbf1ffffffc2246cd1e00000fc0007ebfe9ed0737feebfff600,1,TX 41 seq=23968 rx_latency=1ms tx_dur=1ms,20.590,
2735,10,466,2867855826,2026-07-14T15:43:11.304058+00:00,46.500176,11208,41,0202aaf001d22bc8005a5811460e29efbf1ffffffc2246cd1e00000fc0007ebfe9ed0737feebfff600,1,TX 41 seq=23969 rx_latency=1ms tx_dur=1ms,22.179,
2735,10,467,2867855827,2026-07-14T15:43:11.404051+00:00,46.600154,11308,41,0202aaf001d32c2c005a5811460e29efbf1ffffffc2246cd1e00000fc0007ebfe9ed0737feebfff600,1,TX 41 seq=23970 rx_latency=1ms tx_dur=1ms,14.030,
2735,10,468,2867855828,2026-07-14T15:43:11.504042+00:00,46.700142,11408,41,0202aaf001d42c90005a5811460e29efbf1ffffffc2246cd1e00000fc0007ebfe9ed0737feebfff600,1,TX 41 seq=23971 rx_latency=1ms tx_dur=1ms,16.692,
2735,10,469,2867855829,2026-07-14T15:43:11.604049+00:00,46.800149,11508,41,0202aaf001d52cf4005a5811460e29efbf1ffffffc2246cd1e00000fc0007ebfe9ed0737feebfff600,1,TX 41 seq=23972 rx_latency=1ms tx_dur=1ms,18.418,
2735,10,470,2867855830,2026-07-14T15:43:11.704044+00:00,46.900143,11608,41,0202aaf001d62d58005a5811460e29efbf1ffffffc2246cd1e00000fc0007ebfe9ed0737feebfff600,1,TX 41 seq=23973 rx_latency=1ms tx_dur=1ms,20.116,
2735,10,471,2867855831,2026-07-14T15:43:11.804047+00:00,47.000145,11708,41,0202aaf001d72dbc005a5811460e29efbf1ffffffc2246cd1e00000fc0007ebfe9ed0737feebfff600,1,TX 41 seq=23974 rx_latency=1ms tx_dur=1ms,21.872,
2735,10,472,2867855832,2026-07-14T15:43:11.904039+00:00,47.100130,11808,41,0202aaf001d82e20005a5811460e29efbf1ffffffc2246cd1e00000fc0007ebfe9ed0737feebfff600,1,TX 41 seq=23975 rx_latency=1ms tx_dur=1ms,14.565,
2735,10,473,2867855833,2026-07-14T15:43:12.004048+00:00,47.200144,11908,41,0202aaf001d92e84005a5811460e29efbf1ffffffc2246cd1e00000fc0007ebfe9ed0737feebfff600,1,TX 41 seq=23976 rx_latency=1ms tx_dur=1ms,16.261,
2735,10,474,2867855834,2026-07-14T15:43:12.104053+00:00,47.300163,12008,41,0202aaf001da2ee8005a5811460e29efbf1ffffffc2246cd1e00000fc0007ebfe9ed0737feebfff600,1,TX 41 seq=23977 rx_latency=1ms tx_dur=1ms,17.944,
2735,10,475,2867855835,2026-07-14T15:43:12.204042+00:00,47.400134,12108,41,0202aaf001db2f4c005a5811460e29efbf1ffffffc2246cd1e00000fc0007ebfe9ed0737feebfff600,1,TX 41 seq=23978 rx_latency=1ms tx_dur=1ms,20.790,
2735,10,476,2867855836,2026-07-14T15:43:12.304046+00:00,47.500143,12208,41,0202aaf001dc2fb0005a5811460e29efbf1ffffffc2246cd1e00000fc0007ebfe9ed0737feebfff600,1,TX 41 seq=23979 rx_latency=1ms tx_dur=1ms,22.560,
2735,10,477,2867855837,2026-07-14T15:43:12.404043+00:00,47.600140,12308,41,0202aaf001dd3014005a5811460e29efbf1ffffffc2246cd1e00000fc0007ebfe9ed0737feebfff600,1,TX 41 seq=23980 rx_latency=1ms tx_dur=1ms,14.114,
2735,10,478,2867855838,2026-07-14T15:43:12.504050+00:00,47.700151,12408,41,0202aaf001de3078005a5811460e29efbf1ffffffc2246cd1e00000fc0007ebfe9ed0737feebfff600,1,TX 41 seq=23981 rx_latency=1ms tx_dur=1ms,15.816,
2735,10,479,2867855839,2026-07-14T15:43:12.604041+00:00,47.800138,12508,41,0202aaf001df30dc005a5811460e29efbf1ffffffc2246cd1e00000fc0007ebfe9ed0737feebfff600,1,TX 41 seq=23982 rx_latency=1ms tx_dur=1ms,18.632,
2735,10,480,2867855840,2026-07-14T15:43:12.704046+00:00,47.900143,12608,41,0202aaf001e03140005a5811460e29efbf1ffffffc2246cd1e00000fc0007ebfe9ed0737feebfff600,1,TX 41 seq=23983 rx_latency=1ms tx_dur=1ms,20.399,
2735,10,481,2867855841,2026-07-14T15:43:12.804038+00:00,48.000129,12708,41,0202aaf001e131a4005a5811460e29efbf1ffffffc2246cd1e00000fc0007ebfe9ed0737feebfff600,1,TX 41 seq=23984 rx_latency=1ms tx_dur=1ms,21.889,
2735,10,482,2867855842,2026-07-14T15:43:12.904046+00:00,48.100140,12808,41,0202aaf001e23208005a5811460e29efbf1ffffffc2246cd1e00000fc0007ebfe9ed0737feebfff600,1,TX 41 seq=23985 rx_latency=1ms tx_dur=1ms,14.818,
2735,10,483,2867855843,2026-07-14T15:43:13.004047+00:00,48.200140,12908,41,0202aaf001e3326c005a5811460e29efbf1ffffffc2246cd1e00000fc0007ebfe9ed0737feebfff600,1,TX 41 seq=23986 rx_latency=1ms tx_dur=1ms,16.509,
2735,10,484,2867855844,2026-07-14T15:43:13.104047+00:00,48.300143,13008,41,0202aaf001e432d0005a5811460e29efbf1ffffffc2246cd1e00000fc0007ebfe9ed0737feebfff600,1,TX 41 seq=23987 rx_latency=1ms tx_dur=1ms,18.233,
2735,10,485,2867855845,2026-07-14T15:43:13.204038+00:00,48.400128,13108,41,0202aaf001e53334005a5811460e29efbf1ffffffc2246cd1e00000fc0007ebfe9ed0737feebfff600,1,TX 41 seq=23988 rx_latency=1ms tx_dur=1ms,20.846,
2735,10,486,2867855846,2026-07-14T15:43:13.304054+00:00,48.500165,13208,41,0202aaf001e63398005a5811460e29efbf1ffffffc2246cd1e00000fc0007ebfe9ed0737feebfff600,1,TX 41 seq=23989 rx_latency=1ms tx_dur=1ms,22.512,
2735,10,487,2867855847,2026-07-14T15:43:13.404040+00:00,48.600135,13308,41,0202aaf001e733fc005a5811460e29efbf1ffffffc2246cd1e00000fc0007ebfe9ed0737feebfff600,1,TX 41 seq=23990 rx_latency=1ms tx_dur=1ms,14.351,
2735,10,488,2867855848,2026-07-14T15:43:13.504049+00:00,48.700151,13408,41,0202aaf001e83460005a5811460e29efbf1ffffffc2246cd1e00000fc0007ebfe9ed0737feebfff600,1,TX 41 seq=23991 rx_latency=1ms tx_dur=1ms,16.029,
2735,10,489,2867855849,2026-07-14T15:43:13.604040+00:00,48.800133,13508,41,0202aaf001e934c4005a5811460e29efbf1ffffffc2246cd1e00000fc0007ebfe9ed0737feebfff600,1,TX 41 seq=23992 rx_latency=1ms tx_dur=1ms,18.673,
2735,10,490,2867855850,2026-07-14T15:43:13.704067+00:00,48.900193,13608,41,0202aaf001ea3528005a5811460e29efbf1ffffffc2246cd1e00000fc0007ebfe9ed0737feebfff600,1,TX 41 seq=23993 rx_latency=1ms tx_dur=1ms,20.299,
2735,10,491,2867855851,2026-07-14T15:43:13.804043+00:00,49.000143,13708,41,0202aaf001eb358c005a5811460e29efbf1ffffffc2246cd1e00000fc0007ebfe9ed0737feebfff600,1,TX 41 seq=23994 rx_latency=1ms tx_dur=1ms,22.110,
2735,10,492,2867855852,2026-07-14T15:43:13.904048+00:00,49.100151,13808,41,0202aaf001ec35f0005a5811460e29efbf1ffffffc2246cd1e00000fc0007ebfe9ed0737feebfff600,1,TX 41 seq=23995 rx_latency=1ms tx_dur=1ms,13.893,
2735,10,493,2867855853,2026-07-14T15:43:14.004012+00:00,49.200109,13908,41,0202aaf001ed3654005a5811460e29efbf1ffffffc2246cd1e00000fc0007ebfe9ed0737feebfff600,1,TX 41 seq=23996 rx_latency=1ms tx_dur=1ms,16.568,
2735,10,494,2867855854,2026-07-14T15:43:14.104046+00:00,49.300141,14008,41,0202aaf001ee36b8005a5811460e29efbf1ffffffc2246cd1e00000fc0007ebfe9ed0737feebfff600,1,TX 41 seq=23997 rx_latency=1ms tx_dur=1ms,18.275,
2735,10,495,2867855855,2026-07-14T15:43:14.204039+00:00,49.400131,14108,41,0202aaf001ef371c005a5811460e29efbf1ffffffc2246cd1e00000fc0007ebfe9ed0737feebfff600,1,TX 41 seq=23998 rx_latency=1ms tx_dur=1ms,19.972,
2735,10,496,2867855856,2026-07-14T15:43:14.304046+00:00,49.500140,14208,41,0202aaf001f03780005a5811460e29efbf1ffffffc2246cd1e00000fc0007ebfe9ed0737feebfff600,1,TX 41 seq=23999 rx_latency=1ms tx_dur=1ms,22.829,
2735,10,497,2867855857,2026-07-14T15:43:14.404034+00:00,49.600123,14308,41,0202aaf001f137e4005a5811460e29efbf1ffffffc2246cd1e00000fc0007ebfe9ed0737feebfff600,1,TX 41 seq=24000 rx_latency=1ms tx_dur=1ms,14.409,
2735,10,498,2867855858,2026-07-14T15:43:14.504045+00:00,49.700140,14408,41,0202aaf001f23848005a5811460e29efbf1ffffffc2246cd1e00000fc0007ebfe9ed0737feebfff600,1,TX 41 seq=24001 rx_latency=1ms tx_dur=1ms,16.117,
2735,10,499,2867855859,2026-07-14T15:43:14.604014+00:00,49.800107,14508,41,0202aaf001f338ac005a5811460e29efbf1ffffffc2246cd1e00000fc0007ebfe9ed0737feebfff600,1,TX 41 seq=24002 rx_latency=1ms tx_dur=1ms,17.840,
2735,10,500,2867855860,2026-07-14T15:43:14.704047+00:00,49.900144,14608,41,0202aaf001f43910005a5811460e29efbf1ffffffc2246cd1e00000fc0007ebfe9ed0737feebfff600,1,TX 41 seq=24003 rx_latency=1ms tx_dur=1ms,20.657,
2735,10,501,2867855861,2026-07-14T15:43:14.804048+00:00,50.000153,14708,41,0202aaf001f53974005a5811460e29efbf1ffffffc2246cd1e00000fc0007ebfe9ed0737feebfff600,1,TX 41 seq=24004 rx_latency=1ms tx_dur=1ms,22.096,
2735,10,502,2867855862,2026-07-14T15:43:14.904049+00:00,50.100150,14808,41,0202aaf001f639d8005a5811460e29efbf1ffffffc2246cd1e00000fc0007ebfe9ed0737feebfff600,1,TX 41 seq=24005 rx_latency=1ms tx_dur=1ms,13.906,
2735,10,503,2867855863,2026-07-14T15:43:15.004054+00:00,50.200160,14908,41,0202aaf001f73a3c005a5811460e29efbf1ffffffc2246cd1e00000fc0007ebfe9ed0737feebfff600,1,TX 41 seq=24006 rx_latency=1ms tx_dur=1ms,16.732,
2735,10,504,2867855864,2026-07-14T15:43:15.104040+00:00,50.300134,15008,41,0202aaf001f83aa0005a5811460e29efbf1ffffffc2246cd1e00000fc0007ebfe9ed0737feebfff600,1,TX 41 seq=24007 rx_latency=1ms tx_dur=1ms,18.480,
2735,10,505,2867855865,2026-07-14T15:43:15.204047+00:00,50.400141,15108,41,0202aaf001f93b04005a5811460e29efbf1ffffffc2246cd1e00000fc0007ebfe9ed0737feebfff600,1,TX 41 seq=24008 rx_latency=1ms tx_dur=1ms,20.021,
2735,10,506,2867855866,2026-07-14T15:43:15.304041+00:00,50.500131,15208,41,0202aaf001fa3b68005a5811460e29efbf1ffffffc2246cd1e00000fc0007ebfe9ed0737feebfff600,1,TX 41 seq=24009 rx_latency=1ms tx_dur=1ms,22.847,
2735,10,507,2867855867,2026-07-14T15:43:15.404047+00:00,50.600143,15308,41,0202aaf001fb3bcc005a5811460e29efbf1ffffffc2246cd1e00000fc0007ebfe9ed0737feebfff600,1,TX 41 seq=24010 rx_latency=1ms tx_dur=1ms,14.613,
2735,10,508,2867855868,2026-07-14T15:43:15.504045+00:00,50.700139,15408,41,0202aaf001fc3c30005a5811460e29efbf1ffffffc2246cd1e00000fc0007ebfe9ed0737feebfff600,1,TX 41 seq=24011 rx_latency=1ms tx_dur=1ms,16.340,
2735,10,509,2867855869,2026-07-14T15:43:15.604046+00:00,50.800144,15508,41,0202aaf001fd3c94005a5811460e29efbf1ffffffc2246cd1e00000fc0007ebfe9ed0737feebfff600,1,TX 41 seq=24012 rx_latency=1ms tx_dur=1ms,17.848,
2735,10,510,2867855870,2026-07-14T15:43:15.704043+00:00,50.900142,15608,41,0202aaf001fe3cf8005a5811460e29efbf1ffffffc2246cd1e00000fc0007ebfe9ed0737feebfff600,1,TX 41 seq=24013 rx_latency=1ms tx_dur=1ms,20.639,
2735,10,511,2867855871,2026-07-14T15:43:15.804048+00:00,51.000145,15708,41,0202aaf001ff3d5c005a5811460e29efbf1ffffffc2246cd1e00000fc0007ebfe9ed0737feebfff600,1,TX 41 seq=24014 rx_latency=1ms tx_dur=1ms,22.418,
2735,10,512,2867855872,2026-07-14T15:43:15.904039+00:00,51.100129,15808,41,0202aaf002003dc0005a5811460e29efbf1ffffffc2246cd1e00000fc0007ebfe9ed0737feebfff600,1,TX 41 seq=24015 rx_latency=1ms tx_dur=1ms,14.203,
2735,10,513,2867855873,2026-07-14T15:43:16.004048+00:00,51.200142,15908,41,0202aaf002013e24005a5811460e29efbf1ffffffc2246cd1e00000fc0007ebfe9ed0737feebfff600,1,TX 41 seq=24016 rx_latency=1ms tx_dur=1ms,15.937,
2735,10,514,2867855874,2026-07-14T15:43:16.104040+00:00,51.300132,16008,41,0202aaf002023e88005a5811460e29efbf1ffffffc2246cd1e00000fc0007ebfe9ed0737feebfff600,1,TX 41 seq=24017 rx_latency=1ms tx_dur=1ms,18.519,
2735,10,515,2867855875,2026-07-14T15:43:16.204048+00:00,51.400142,16108,41,0202aaf002033eec005a5811460e29efbf1ffffffc2246cd1e00000fc0007ebfe9ed0737feebfff600,1,TX 41 seq=24018 rx_latency=1ms tx_dur=1ms,20.251,
2735,10,516,2867855876,2026-07-14T15:43:16.304038+00:00,51.500128,16208,41,0202aaf002043f50005a5811460e29efbf1ffffffc2246cd1e00000fc0007ebfe9ed0737feebfff600,1,TX 41 seq=24019 rx_latency=1ms tx_dur=1ms,21.957,
2735,10,517,2867855877,2026-07-14T15:43:16.404047+00:00,51.600141,16308,41,0202aaf002053fb4005a5811460e29efbf1ffffffc2246cd1e00000fc0007ebfe9ed0737feebfff600,1,TX 41 seq=24020 rx_latency=1ms tx_dur=1ms,13.761,
2735,10,518,2867855878,2026-07-14T15:43:16.504039+00:00,51.700128,16408,41,0202aaf002064018005a5811460e29efbf1ffffffc2246cd1e00000fc0007ebfe9ed0737feebfff600,1,TX 41 seq=24021 rx_latency=1ms tx_dur=1ms,16.396,
2735,10,519,2867855879,2026-07-14T15:43:16.604054+00:00,51.800164,16508,41,0202aaf00207407c005a5811460e29efbf1ffffffc2246cd1e00000fc0007ebfe9ed0737feebfff600,1,TX 41 seq=24022 rx_latency=1ms tx_dur=1ms,18.114,
2735,10,520,2867855880,2026-07-14T15:43:16.704046+00:00,51.900148,16608,41,0202aaf0020840e0005a5811460e29efbf1ffffffc2246cd1e00000fc0007ebfe9ed0737feebfff600,1,TX 41 seq=24023 rx_latency=1ms tx_dur=1ms,20.849,
2735,10,521,2867855881,2026-07-14T15:43:16.804049+00:00,52.000148,16708,41,0202aaf002094144005a5811460e29efbf1ffffffc2246cd1e00000fc0007ebfe9ed0737feebfff600,1,TX 41 seq=24024 rx_latency=1ms tx_dur=1ms,22.645,
2735,10,522,2867855882,2026-07-14T15:43:16.903994+00:00,52.100085,16807,41,0202aaf0020a41a7005a5811460e29efbf1ffffffc2246cd1e00000fc0007ebfe9ed0737feebfff600,1,TX 41 seq=24025 rx_latency=1ms tx_dur=1ms,14.281,
2735,10,523,2867855883,2026-07-14T15:43:17.004048+00:00,52.200145,16908,41,0202aaf0020b420c005a5811460e29efbf1ffffffc2246cd1e00000fc0007ebfe9ed0737feebfff600,1,TX 41 seq=24026 rx_latency=1ms tx_dur=1ms,15.936,
2735,10,524,2867855884,2026-07-14T15:43:17.104050+00:00,52.300148,17008,41,0202aaf0020c4270005a5811460e29efbf1ffffffc2246cd1e00000fc0007ebfe9ed0737feebfff600,1,TX 41 seq=24027 rx_latency=1ms tx_dur=1ms,18.791,
2735,10,525,2867855885,2026-07-14T15:43:17.204043+00:00,52.400136,17108,41,0202aaf0020d42d4005a5811460e29efbf1ffffffc2246cd1e00000fc0007ebfe9ed0737feebfff600,1,TX 41 seq=24028 rx_latency=1ms tx_dur=1ms,20.450,
2735,10,526,2867855886,2026-07-14T15:43:17.304047+00:00,52.500142,17208,41,0202aaf0020e4338005a5811460e29efbf1ffffffc2246cd1e00000fc0007ebfe9ed0737feebfff600,1,TX 41 seq=24029 rx_latency=1ms tx_dur=1ms,22.007,
2735,10,527,2867855887,2026-07-14T15:43:17.404057+00:00,52.600176,17308,41,0202aaf0020f439c005a5811460e29efbf1ffffffc2246cd1e00000fc0007ebfe9ed0737feebfff600,1,TX 41 seq=24030 rx_latency=1ms tx_dur=1ms,14.772,
2735,10,528,2867855888,2026-07-14T15:43:17.504050+00:00,52.700153,17408,41,0202aaf002104400005a5811460e29efbf1ffffffc2246cd1e00000fc0007ebfe9ed0737feebfff600,1,TX 41 seq=24031 rx_latency=1ms tx_dur=1ms,16.587,
2735,10,529,2867855889,2026-07-14T15:43:17.604044+00:00,52.800145,17508,41,0202aaf002114464005a5811460e29efbf1ffffffc2246cd1e00000fc0007ebfe9ed0737feebfff600,1,TX 41 seq=24032 rx_latency=1ms tx_dur=1ms,18.300,
2735,10,530,2867855890,2026-07-14T15:43:17.704050+00:00,52.900152,17608,41,0202aaf0021244c8005a5811460e29efbf1ffffffc2246cd1e00000fc0007ebfe9ed0737feebfff600,1,TX 41 seq=24033 rx_latency=1ms tx_dur=1ms,19.833,
2735,10,531,2867855891,2026-07-14T15:43:17.804021+00:00,53.000128,17708,41,0202aaf00213452c005a5811460e29efbf1ffffffc2246cd1e00000fc0007ebfe9ed0737feebfff600,1,TX 41 seq=24034 rx_latency=1ms tx_dur=1ms,22.602,
2735,10,532,2867855892,2026-07-14T15:43:17.904049+00:00,53.100149,17808,41,0202aaf002144590005a5811460e29efbf1ffffffc2246cd1e00000fc0007ebfe9ed0737feebfff600,1,TX 41 seq=24035 rx_latency=1ms tx_dur=1ms,14.426,
2735,10,533,2867855893,2026-07-14T15:43:18.004041+00:00,53.200133,17908,41,0202aaf0021545f4005a5811460e29efbf1ffffffc2246cd1e00000fc0007ebfe9ed0737feebfff600,1,TX 41 seq=24036 rx_latency=1ms tx_dur=1ms,16.162,
2735,10,534,2867855894,2026-07-14T15:43:18.104045+00:00,53.300142,18008,41,0202aaf002164658005a5811460e29efbf1ffffffc2246cd1e00000fc0007ebfe9ed0737feebfff600,1,TX 41 seq=24037 rx_latency=1ms tx_dur=1ms,18.824,
2735,10,535,2867855895,2026-07-14T15:43:18.204046+00:00,53.400147,18108,41,0202aaf0021746bc005a5811460e29efbf1ffffffc2246cd1e00000fc0007ebfe9ed0737feebfff600,1,TX 41 seq=24038 rx_latency=1ms tx_dur=1ms,20.460,
2735,10,536,2867855896,2026-07-14T15:43:18.304049+00:00,53.500151,18208,41,0202aaf002184720005a5811460e29efbf1ffffffc2246cd1e00000fc0007ebfe9ed0737feebfff600,1,TX 41 seq=24039 rx_latency=1ms tx_dur=1ms,22.231,
2735,10,537,2867855897,2026-07-14T15:43:18.404040+00:00,53.600132,18308,41,0202aaf002194784005a5811460e29efbf1ffffffc2246cd1e00000fc0007ebfe9ed0737feebfff600,1,TX 41 seq=24040 rx_latency=1ms tx_dur=1ms,14.026,
2735,10,538,2867855898,2026-07-14T15:43:18.504046+00:00,53.700142,18408,41,0202aaf0021a47e8005a5811460e29efbf1ffffffc2246cd1e00000fc0007ebfe9ed0737feebfff600,1,TX 41 seq=24041 rx_latency=1ms tx_dur=1ms,16.628,
2735,10,539,2867855899,2026-07-14T15:43:18.604027+00:00,53.800131,18508,41,0202aaf0021b484c005a5811460e29efbf1ffffffc2246cd1e00000fc0007ebfe9ed0737feebfff600,1,TX 41 seq=24042 rx_latency=1ms tx_dur=1ms,18.314,
2735,10,540,2867855900,2026-07-14T15:43:18.704052+00:00,53.900162,18608,41,0202aaf0021c48b0005a5811460e29efbf1ffffffc2246cd1e00000fc0007ebfe9ed0737feebfff600,1,TX 41 seq=24043 rx_latency=1ms tx_dur=1ms,20.036,
2735,10,541,2867855901,2026-07-14T15:43:18.804044+00:00,54.000144,18708,41,0202aaf0021d4914005a5811460e29efbf1ffffffc2246cd1e00000fc0007ebfe9ed0737feebfff600,1,TX 41 seq=24044 rx_latency=1ms tx_dur=1ms,22.863,
2735,10,542,2867855902,2026-07-14T15:43:18.904053+00:00,54.100160,18808,41,0202aaf0021e4978005a5811460e29efbf1ffffffc2246cd1e00000fc0007ebfe9ed0737feebfff600,1,TX 41 seq=24045 rx_latency=1ms tx_dur=1ms,14.425,
2735,10,543,2867855903,2026-07-14T15:43:19.004050+00:00,54.200146,18908,41,0202aaf0021f49dc005a5811460e29efbf1ffffffc2246cd1e00000fc0007ebfe9ed0737feebfff600,1,TX 41 seq=24046 rx_latency=1ms tx_dur=1ms,16.185,
2735,10,544,2867855904,2026-07-14T15:43:19.104046+00:00,54.300140,19008,41,0202aaf002204a40005a5811460e29efbf1ffffffc2246cd1e00000fc0007ebfe9ed0737feebfff600,1,TX 41 seq=24047 rx_latency=1ms tx_dur=1ms,17.917,
2735,10,545,2867855905,2026-07-14T15:43:19.204046+00:00,54.400142,19108,41,0202aaf002214aa4005a5811460e29efbf1ffffffc2246cd1e00000fc0007ebfe9ed0737feebfff600,1,TX 41 seq=24048 rx_latency=1ms tx_dur=1ms,20.754,
2735,10,546,2867855906,2026-07-14T15:43:19.304040+00:00,54.500131,19208,41,0202aaf002224b08005a5811460e29efbf1ffffffc2246cd1e00000fc0007ebfe9ed0737feebfff600,1,TX 41 seq=24049 rx_latency=1ms tx_dur=1ms,22.238,
2735,10,547,2867855907,2026-07-14T15:43:19.404046+00:00,54.600145,19308,41,0202aaf002234b6c005a5811460e29efbf1ffffffc2246cd1e00000fc0007ebfe9ed0737feebfff600,1,TX 41 seq=24050 rx_latency=1ms tx_dur=1ms,14.023,
2735,10,548,2867855908,2026-07-14T15:43:19.504046+00:00,54.700140,19408,41,0202aaf002244bd0005a5811460e29efbf1ffffffc2246cd1e00000fc0007ebfe9ed0737feebfff600,1,TX 41 seq=24051 rx_latency=1ms tx_dur=1ms,15.767,
2735,10,549,2867855909,2026-07-14T15:43:19.604045+00:00,54.800138,19508,41,0202aaf002254c34005a5811460e29efbf1ffffffc2246cd1e00000fc0007ebfe9ed0737feebfff600,1,TX 41 seq=24052 rx_latency=1ms tx_dur=1ms,18.620,
2735,10,550,2867855910,2026-07-14T15:43:19.704061+00:00,54.900184,19608,41,0202aaf002264c98005a5811460e29efbf1ffffffc2246cd1e00000fc0007ebfe9ed0737feebfff600,1,TX 41 seq=24053 rx_latency=1ms tx_dur=1ms,20.186,
2735,10,551,2867855911,2026-07-14T15:43:19.804017+00:00,55.000121,19708,41,0202aaf002274cfc005a5811460e29efbf1ffffffc2246cd1e00000fc0007ebfe9ed0737feebfff600,1,TX 41 seq=24054 rx_latency=1ms tx_dur=1ms,22.884,
2735,10,552,2867855912,2026-07-14T15:43:19.904054+00:00,55.100165,19808,41,0202aaf002284d60005a5811460e29efbf1ffffffc2246cd1e00000fc0007ebfe9ed0737feebfff600,1,TX 41 seq=24055 rx_latency=1ms tx_dur=1ms,14.666,
2735,10,553,2867855913,2026-07-14T15:43:20.004041+00:00,55.200135,19908,41,0202aaf002294dc4005a5811460e29efbf1ffffffc2246cd1e00000fc0007ebfe9ed0737feebfff600,1,TX 41 seq=24056 rx_latency=1ms tx_dur=1ms,16.436,
2735,10,554,2867855914,2026-07-14T15:43:20.104034+00:00,55.300129,20008,41,0202aaf0022a4e28005a5811460e29efbf1ffffffc2246cd1e00000fc0007ebfe9ed0737feebfff600,1,TX 41 seq=24057 rx_latency=1ms tx_dur=1ms,18.187,
2735,10,555,2867855915,2026-07-14T15:43:20.204043+00:00,55.400140,20108,41,0202aaf0022b4e8c005a5811460e29efbf1ffffffc2246cd1e00000fc0007ebfe9ed0737feebfff600,1,TX 41 seq=24058 rx_latency=1ms tx_dur=1ms,20.742,
2735,10,556,2867855916,2026-07-14T15:43:20.304047+00:00,55.500144,20208,41,0202aaf0022c4ef0005a5811460e29efbf1ffffffc2246cd1e00000fc0007ebfe9ed0737feebfff600,1,TX 41 seq=24059 rx_latency=1ms tx_dur=1ms,22.539,
2735,10,557,2867855917,2026-07-14T15:43:20.404040+00:00,55.600132,20308,41,0202aaf0022d4f54005a5811460e29efbf1ffffffc2246cd1e00000fc0007ebfe9ed0737feebfff600,1,TX 41 seq=24060 rx_latency=1ms tx_dur=1ms,14.280,
2735,10,558,2867855918,2026-07-14T15:43:20.504033+00:00,55.700130,20408,41,0202aaf0022e4fb8005a5811460e29efbf1ffffffc2246cd1e00000fc0007ebfe9ed0737feebfff600,1,TX 41 seq=24061 rx_latency=1ms tx_dur=1ms,16.010,
2735,10,559,2867855919,2026-07-14T15:43:20.604060+00:00,55.800182,20508,41,0202aaf0022f501c005a5811460e29efbf1ffffffc2246cd1e00000fc0007ebfe9ed0737feebfff600,1,TX 41 seq=24062 rx_latency=1ms tx_dur=1ms,18.492,
2735,10,560,2867855920,2026-07-14T15:43:20.704051+00:00,55.900156,20608,41,0202aaf002305080005a5811460e29efbf1ffffffc2246cd1e00000fc0007ebfe9ed0737feebfff600,1,TX 41 seq=24063 rx_latency=1ms tx_dur=1ms,20.310,
2735,10,561,2867855921,2026-07-14T15:43:20.804042+00:00,56.000135,20708,41,0202aaf0023150e4005a5811460e29efbf1ffffffc2246cd1e00000fc0007ebfe9ed0737feebfff600,1,TX 41 seq=24064 rx_latency=1ms tx_dur=1ms,22.035,
2735,10,562,2867855922,2026-07-14T15:43:20.904049+00:00,56.100150,20808,41,0202aaf002325148005a5811460e29efbf1ffffffc2246cd1e00000fc0007ebfe9ed0737feebfff600,1,TX 41 seq=24065 rx_latency=1ms tx_dur=1ms,13.815,
2735,10,563,2867855923,2026-07-14T15:43:21.004042+00:00,56.200134,20908,41,0202aaf0023351ac005a5811460e29efbf1ffffffc2246cd1e00000fc0007ebfe9ed0737feebfff600,1,TX 41 seq=24066 rx_latency=1ms tx_dur=1ms,16.464,
2735,10,564,2867855924,2026-07-14T15:43:21.104054+00:00,56.300166,21008,41,0202aaf002345210005a5811460e29efbf1ffffffc2246cd1e00000fc0007ebfe9ed0737feebfff600,1,TX 41 seq=24067 rx_latency=1ms tx_dur=1ms,18.123,
2735,10,565,2867855925,2026-07-14T15:43:21.204040+00:00,56.400134,21108,41,0202aaf002355274005a5811460e29efbf1ffffffc2246cd1e00000fc0007ebfe9ed0737feebfff600,1,TX 41 seq=24068 rx_latency=1ms tx_dur=1ms,19.891,
2735,10,566,2867855926,2026-07-14T15:43:21.304048+00:00,56.500143,21208,41,0202aaf0023652d8005a5811460e29efbf1ffffffc2246cd1e00000fc0007ebfe9ed0737feebfff600,1,TX 41 seq=24069 rx_latency=1ms tx_dur=1ms,22.741,
2735,10,567,2867855927,2026-07-14T15:43:21.404041+00:00,56.600131,21308,41,0202aaf00237533c005a5811460e29efbf1ffffffc2246cd1e00000fc0007ebfe9ed0737feebfff600,1,TX 41 seq=24070 rx_latency=1ms tx_dur=1ms,14.322,
2735,10,568,2867855928,2026-07-14T15:43:21.504049+00:00,56.700148,21408,41,0202aaf0023853a0005a5811460e29efbf1ffffffc2246cd1e00000fc0007ebfe9ed0737feebfff600,1,TX 41 seq=24071 rx_latency=1ms tx_dur=1ms,16.015,
2735,10,569,2867855929,2026-07-14T15:43:21.604007+00:00,56.800108,21507,41,0202aaf002395403005a5811460e29efbf1ffffffc2246cd1e00000fc0007ebfe9ed0737feebfff600,1,TX 41 seq=24072 rx_latency=1ms tx_dur=1ms,18.875,
2735,10,570,2867855930,2026-07-14T15:43:21.704050+00:00,56.900159,21608,41,0202aaf0023a5468005a5811460e29efbf1ffffffc2246cd1e00000fc0007ebfe9ed0737feebfff600,1,TX 41 seq=24073 rx_latency=1ms tx_dur=1ms,20.484,
2735,10,571,2867855931,2026-07-14T15:43:21.804051+00:00,57.000155,21708,41,0202aaf0023b54cc005a5811460e29efbf1ffffffc2246cd1e00000fc0007ebfe9ed0737feebfff600,1,TX 41 seq=24074 rx_latency=1ms tx_dur=1ms,22.100,
2735,10,572,2867855932,2026-07-14T15:43:21.904041+00:00,57.100136,21808,41,0202aaf0023c5530005a5811460e29efbf1ffffffc2246cd1e00000fc0007ebfe9ed0737feebfff600,1,TX 41 seq=24075 rx_latency=1ms tx_dur=1ms,13.870,
2735,10,573,2867855933,2026-07-14T15:43:22.004050+00:00,57.200148,21908,41,0202aaf0023d5594005a5811460e29efbf1ffffffc2246cd1e00000fc0007ebfe9ed0737feebfff600,1,TX 41 seq=24076 rx_latency=1ms tx_dur=1ms,16.698,
2735,10,574,2867855934,2026-07-14T15:43:22.104057+00:00,57.300170,22008,41,0202aaf0023e55f8005a5811460e29efbf1ffffffc2246cd1e00000fc0007ebfe9ed0737feebfff600,1,TX 41 seq=24077 rx_latency=1ms tx_dur=1ms,18.350,
2735,10,575,2867855935,2026-07-14T15:43:22.204044+00:00,57.400144,22108,41,0202aaf0023f565c005a5811460e29efbf1ffffffc2246cd1e00000fc0007ebfe9ed0737feebfff600,1,TX 41 seq=24078 rx_latency=1ms tx_dur=1ms,19.911,
2735,10,576,2867855936,2026-07-14T15:43:22.304063+00:00,57.500186,22208,41,0202aaf0024056c0005a5811460e29efbf1ffffffc2246cd1e00000fc0007ebfe9ed0737feebfff600,1,TX 41 seq=24079 rx_latency=1ms tx_dur=1ms,22.670,
2735,10,577,2867855937,2026-07-14T15:43:22.404045+00:00,57.600146,22308,41,0202aaf002415724005a5811460e29efbf1ffffffc2246cd1e00000fc0007ebfe9ed0737feebfff600,1,TX 41 seq=24080 rx_latency=1ms tx_dur=1ms,14.513,
2735,10,578,2867855938,2026-07-14T15:43:22.504048+00:00,57.700145,22408,41,0202aaf002425788005a5811460e29efbf1ffffffc2246cd1e00000fc0007ebfe9ed0737feebfff600,1,TX 41 seq=24081 rx_latency=1ms tx_dur=1ms,16.256,
2735,10,579,2867855939,2026-07-14T15:43:22.604043+00:00,57.800139,22508,41,0202aaf0024357ec005a5811460e29efbf1ffffffc2246cd1e00000fc0007ebfe9ed0737feebfff600,1,TX 41 seq=24082 rx_latency=1ms tx_dur=1ms,18.853,
2735,10,580,2867855940,2026-07-14T15:43:22.704050+00:00,57.900150,22608,41,0202aaf002445850005a5811460e29efbf1ffffffc2246cd1e00000fc0007ebfe9ed0737feebfff600,1,TX 41 seq=24083 rx_latency=1ms tx_dur=1ms,20.586,
2735,10,581,2867855941,2026-07-14T15:43:22.804043+00:00,58.000137,22708,41,0202aaf0024558b4005a5811460e29efbf1ffffffc2246cd1e00000fc0007ebfe9ed0737feebfff600,1,TX 41 seq=24084 rx_latency=1ms tx_dur=1ms,22.280,
2735,10,582,2867855942,2026-07-14T15:43:22.904049+00:00,58.100146,22808,41,0202aaf002465918005a5811460e29efbf1ffffffc2246cd1e00000fc0007ebfe9ed0737feebfff600,1,TX 41 seq=24085 rx_latency=1ms tx_dur=1ms,14.090,
2735,10,583,2867855943,2026-07-14T15:43:23.004047+00:00,58.200141,22908,41,0202aaf00247597c005a5811460e29efbf1ffffffc2246cd1e00000fc0007ebfe9ed0737feebfff600,1,TX 41 seq=24086 rx_latency=1ms tx_dur=1ms,16.725,
2735,10,584,2867855944,2026-07-14T15:43:23.104046+00:00,58.300139,23008,41,0202aaf0024859e0005a5811460e29efbf1ffffffc2246cd1e00000fc0007ebfe9ed0737feebfff600,1,TX 41 seq=24087 rx_latency=1ms tx_dur=1ms,18.454,
2735,10,585,2867855945,2026-07-14T15:43:23.204046+00:00,58.400141,23108,41,0202aaf002495a44005a5811460e29efbf1ffffffc2246cd1e00000fc0007ebfe9ed0737feebfff600,1,TX 41 seq=24088 rx_latency=1ms tx_dur=1ms,20.182,
2735,10,586,2867855946,2026-07-14T15:43:23.304040+00:00,58.500131,23208,41,0202aaf0024a5aa8005a5811460e29efbf1ffffffc2246cd1e00000fc0007ebfe9ed0737feebfff600,1,TX 41 seq=24089 rx_latency=1ms tx_dur=1ms,21.856,
2735,10,587,2867855947,2026-07-14T15:43:23.404016+00:00,58.600111,23308,41,0202aaf0024b5b0c005a5811460e29efbf1ffffffc2246cd1e00000fc0007ebfe9ed0737feebfff600,1,TX 41 seq=24090 rx_latency=1ms tx_dur=1ms,14.577,
2735,10,588,2867855948,2026-07-14T15:43:23.504045+00:00,58.700139,23408,41,0202aaf0024c5b70005a5811460e29efbf1ffffffc2246cd1e00000fc0007ebfe9ed0737feebfff600,1,TX 41 seq=24091 rx_latency=1ms tx_dur=1ms,16.296,
2735,10,589,2867855949,2026-07-14T15:43:23.604045+00:00,58.800138,23508,41,0202aaf0024d5bd4005a5811460e29efbf1ffffffc2246cd1e00000fc0007ebfe9ed0737feebfff600,1,TX 41 seq=24092 rx_latency=1ms tx_dur=1ms,18.024,
2735,10,590,2867855950,2026-07-14T15:43:23.704043+00:00,58.900138,23608,41,0202aaf0024e5c38005a5811460e29efbf1ffffffc2246cd1e00000fc0007ebfe9ed0737feebfff600,1,TX 41 seq=24093 rx_latency=1ms tx_dur=1ms,20.793,
2735,10,591,2867855951,2026-07-14T15:43:23.804048+00:00,59.000145,23708,41,0202aaf0024f5c9c005a5811460e29efbf1ffffffc2246cd1e00000fc0007ebfe9ed0737feebfff600,1,TX 41 seq=24094 rx_latency=1ms tx_dur=1ms,22.554,
2735,10,592,2867855952,2026-07-14T15:43:23.904002+00:00,59.100093,23807,41,0202aaf002505cff005a5811460e29efbf1ffffffc2246cd1e00000fc0007ebfe9ed0737feebfff600,1,TX 41 seq=24095 rx_latency=1ms tx_dur=1ms,14.175,
2735,10,593,2867855953,2026-07-14T15:43:24.004048+00:00,59.200142,23908,41,0202aaf002515d64005a5811460e29efbf1ffffffc2246cd1e00000fc0007ebfe9ed0737feebfff600,1,TX 41 seq=24096 rx_latency=1ms tx_dur=1ms,15.841,
2735,10,594,2867855954,2026-07-14T15:43:24.104045+00:00,59.300138,24008,41,0202aaf002525dc8005a5811460e29efbf1ffffffc2246cd1e00000fc0007ebfe9ed0737feebfff600,1,TX 41 seq=24097 rx_latency=1ms tx_dur=1ms,18.688,
2735,10,595,2867855955,2026-07-14T15:43:24.204045+00:00,59.400140,24108,41,0202aaf002535e2c005a5811460e29efbf1ffffffc2246cd1e00000fc0007ebfe9ed0737feebfff600,1,TX 41 seq=24098 rx_latency=1ms tx_dur=1ms,20.418,
2735,10,596,2867855956,2026-07-14T15:43:24.304010+00:00,59.500104,24208,41,0202aaf002545e90005a5811460e29efbf1ffffffc2246cd1e00000fc0007ebfe9ed0737feebfff600,1,TX 41 seq=24099 rx_latency=1ms tx_dur=1ms,21.961,
2735,10,597,2867855957,2026-07-14T15:43:24.404052+00:00,59.600160,24308,41,0202aaf002555ef4005a5811460e29efbf1ffffffc2246cd1e00000fc0007ebfe9ed0737feebfff600,1,TX 41 seq=24100 rx_latency=1ms tx_dur=1ms,14.757,
2735,10,598,2867855958,2026-07-14T15:43:24.504050+00:00,59.700149,24408,41,0202aaf002565f58005a5811460e29efbf1ffffffc2246cd1e00000fc0007ebfe9ed0737feebfff600,1,TX 41 seq=24101 rx_latency=1ms tx_dur=1ms,16.489,
2735,10,599,2867855959,2026-07-14T15:43:24.604047+00:00,59.800141,24508,41,0202aaf002575fbc005a5811460e29efbf1ffffffc2246cd1e00000fc0007ebfe9ed0737feebfff600,1,TX 41 seq=24102 rx_latency=1ms tx_dur=1ms,18.232,
2735,10,600,2867855960,2026-07-14T15:43:24.704015+00:00,59.900110,24608,41,0202aaf002586020005a5811460e29efbf1ffffffc2246cd1e00000fc0007ebfe9ed0737feebfff600,1,TX 41 seq=24103 rx_latency=1ms tx_dur=1ms,20.911,
2735,10,601,2867855961,2026-07-14T15:43:24.804049+00:00,60.000156,24708,41,0202aaf002596084005a5811460e29efbf1ffffffc2246cd1e00000fc0007ebfe9ed0737feebfff600,1,TX 41 seq=24104 rx_latency=1ms tx_dur=1ms,22.496,
2735,10,602,2867855962,2026-07-14T15:43:24.904036+00:00,60.100141,24808,41,0202aaf0025a60e8005a5811460e29efbf1ffffffc2246cd1e00000fc0007ebfe9ed0737feebfff600,1,TX 41 seq=24105 rx_latency=1ms tx_dur=1ms,14.336,
2735,10,603,2867855963,2026-07-14T15:43:25.004019+00:00,60.200115,24908,41,0202aaf0025b614c005a5811460e29efbf1ffffffc2246cd1e00000fc0007ebfe9ed0737feebfff600,1,TX 41 seq=24106 rx_latency=1ms tx_dur=1ms,16.096,
2735,10,604,2867855964,2026-07-14T15:43:25.104035+00:00,60.300129,25008,41,0202aaf0025c61b0005a5811460e29efbf1ffffffc2246cd1e00000fc0007ebfe9ed0737feebfff600,1,TX 41 seq=24107 rx_latency=1ms tx_dur=1ms,18.712,
2735,10,605,2867855965,2026-07-14T15:43:25.204048+00:00,60.400141,25108,41,0202aaf0025d6214005a5811460e29efbf1ffffffc2246cd1e00000fc0007ebfe9ed0737feebfff600,1,TX 41 seq=24108 rx_latency=1ms tx_dur=1ms,20.428,
2735,10,606,2867855966,2026-07-14T15:43:25.304015+00:00,60.500108,25208,41,0202aaf0025e6278005a5811460e29efbf1ffffffc2246cd1e00000fc0007ebfe9ed0737feebfff600,1,TX 41 seq=24109 rx_latency=1ms tx_dur=1ms,22.191,
2735,10,607,2867855967,2026-07-14T15:43:25.404055+00:00,60.600164,25308,41,0202aaf0025f62dc005a5811460e29efbf1ffffffc2246cd1e00000fc0007ebfe9ed0737feebfff600,1,TX 41 seq=24110 rx_latency=1ms tx_dur=1ms,13.796,
2735,10,608,2867855968,2026-07-14T15:43:25.504042+00:00,60.700137,25408,41,0202aaf002606340005a5811460e29efbf1ffffffc2246cd1e00000fc0007ebfe9ed0737feebfff600,1,TX 41 seq=24111 rx_latency=1ms tx_dur=1ms,16.602,
2735,10,609,2867855969,2026-07-14T15:43:25.604047+00:00,60.800144,25508,41,0202aaf0026163a4005a5811460e29efbf1ffffffc2246cd1e00000fc0007ebfe9ed0737feebfff600,1,TX 41 seq=24112 rx_latency=1ms tx_dur=1ms,18.273,
2735,10,610,2867855970,2026-07-14T15:43:25.704030+00:00,60.900153,25608,41,0202aaf002626408005a5811460e29efbf1ffffffc2246cd1e00000fc0007ebfe9ed0737feebfff600,1,TX 41 seq=24113 rx_latency=1ms tx_dur=1ms,19.800,
2735,10,611,2867855971,2026-07-14T15:43:25.804017+00:00,61.000115,25708,41,0202aaf00263646c005a5811460e29efbf1ffffffc2246cd1e00000fc0007ebfe9ed0737feebfff600,1,TX 41 seq=24114 rx_latency=1ms tx_dur=1ms,22.877,
2735,10,612,2867855972,2026-07-14T15:43:25.904050+00:00,61.100151,25808,41,0202aaf0026464d0005a5811460e29efbf1ffffffc2246cd1e00000fc0007ebfe9ed0737feebfff600,1,TX 41 seq=24115 rx_latency=1ms tx_dur=1ms,14.317,
2735,10,613,2867855973,2026-07-14T15:43:26.004047+00:00,61.200149,25908,41,0202aaf002656534005a5811460e29efbf1ffffffc2246cd1e00000fc0007ebfe9ed0737feebfff600,1,TX 41 seq=24116 rx_latency=1ms tx_dur=1ms,16.111,
2735,10,614,2867855974,2026-07-14T15:43:26.104004+00:00,61.300105,26007,41,0202aaf002666597005a5811460e29efbf1ffffffc2246cd1e00000fc0007ebfe9ed0737feebfff600,1,TX 41 seq=24117 rx_latency=1ms tx_dur=1ms,17.843,
2735,10,615,2867855975,2026-07-14T15:43:26.204046+00:00,61.400143,26108,41,0202aaf0026765fc005a5811460e29efbf1ffffffc2246cd1e00000fc0007ebfe9ed0737feebfff600,1,TX 41 seq=24118 rx_latency=1ms tx_dur=1ms,20.650,
2735,10,616,2867855976,2026-07-14T15:43:26.304047+00:00,61.500142,26208,41,0202aaf002686660005a5811460e29efbf1ffffffc2246cd1e00000fc0007ebfe9ed0737feebfff600,1,TX 41 seq=24119 rx_latency=1ms tx_dur=1ms,22.162,
2735,10,617,2867855977,2026-07-14T15:43:26.404044+00:00,61.600137,26308,41,0202aaf0026966c4005a5811460e29efbf1ffffffc2246cd1e00000fc0007ebfe9ed0737feebfff600,1,TX 41 seq=24120 rx_latency=1ms tx_dur=1ms,13.952,
2735,10,618,2867855978,2026-07-14T15:43:26.504032+00:00,61.700138,26408,41,0202aaf0026a6728005a5811460e29efbf1ffffffc2246cd1e00000fc0007ebfe9ed0737feebfff600,1,TX 41 seq=24121 rx_latency=1ms tx_dur=1ms,16.780,
2735,10,619,2867855979,2026-07-14T15:43:26.604048+00:00,61.800156,26508,41,0202aaf0026b678c005a5811460e29efbf1ffffffc2246cd1e00000fc0007ebfe9ed0737feebfff600,1,TX 41 seq=24122 rx_latency=1ms tx_dur=1ms,18.506,
2735,10,620,2867855980,2026-07-14T15:43:26.704049+00:00,61.900151,26608,41,0202aaf0026c67f0005a5811460e29efbf1ffffffc2246cd1e00000fc0007ebfe9ed0737feebfff600,1,TX 41 seq=24123 rx_latency=1ms tx_dur=1ms,19.998,
2735,10,621,2867855981,2026-07-14T15:43:26.804054+00:00,62.000160,26708,41,0202aaf0026d6854005a5811460e29efbf1ffffffc2246cd1e00000fc0007ebfe9ed0737feebfff600,1,TX 41 seq=24124 rx_latency=1ms tx_dur=1ms,22.741,
2735,10,622,2867855982,2026-07-14T15:43:26.904042+00:00,62.100135,26808,41,0202aaf0026e68b8005a5811460e29efbf1ffffffc2246cd1e00000fc0007ebfe9ed0737feebfff600,1,TX 41 seq=24125 rx_latency=1ms tx_dur=1ms,14.637,
2735,10,623,2867855983,2026-07-14T15:43:27.004048+00:00,62.200143,26908,41,0202aaf0026f691c005a5811460e29efbf1ffffffc2246cd1e00000fc0007ebfe9ed0737feebfff600,1,TX 41 seq=24126 rx_latency=1ms tx_dur=1ms,16.327,
2735,10,624,2867855984,2026-07-14T15:43:27.103992+00:00,62.300086,27007,41,0202aaf00270697f005a5811460e29efbf1ffffffc2246cd1e00000fc0007ebfe9ed0737feebfff600,1,TX 41 seq=24127 rx_latency=1ms tx_dur=1ms,17.933,
2735,10,625,2867855985,2026-07-14T15:43:27.204046+00:00,62.400144,27108,41,0202aaf0027169e4005a5811460e29efbf1ffffffc2246cd1e00000fc0007ebfe9ed0737feebfff600,1,TX 41 seq=24128 rx_latency=1ms tx_dur=1ms,20.651,
2735,10,626,2867855986,2026-07-14T15:43:27.303988+00:00,62.500080,27207,41,0202aaf002726a47005a5811460e29efbf1ffffffc2246cd1e00000fc0007ebfe9ed0737feebfff600,1,TX 41 seq=24129 rx_latency=1ms tx_dur=1ms,22.497,
2735,10,627,2867855987,2026-07-14T15:43:27.404047+00:00,62.600144,27308,41,0202aaf002736aac005a5811460e29efbf1ffffffc2246cd1e00000fc0007ebfe9ed0737feebfff600,1,TX 41 seq=24130 rx_latency=1ms tx_dur=1ms,14.156,
2735,10,628,2867855988,2026-07-14T15:43:27.504039+00:00,62.700131,27408,41,0202aaf002746b10005a5811460e29efbf1ffffffc2246cd1e00000fc0007ebfe9ed0737feebfff600,1,TX 41 seq=24131 rx_latency=1ms tx_dur=1ms,15.885,
2735,10,629,2867855989,2026-07-14T15:43:27.604046+00:00,62.800143,27508,41,0202aaf002756b74005a5811460e29efbf1ffffffc2246cd1e00000fc0007ebfe9ed0737feebfff600,1,TX 41 seq=24132 rx_latency=1ms tx_dur=1ms,18.519,
2735,10,630,2867855990,2026-07-14T15:43:27.704051+00:00,62.900152,27608,41,0202aaf002766bd8005a5811460e29efbf1ffffffc2246cd1e00000fc0007ebfe9ed0737feebfff600,1,TX 41 seq=24133 rx_latency=1ms tx_dur=1ms,20.264,
2735,10,631,2867855991,2026-07-14T15:43:27.804040+00:00,63.000134,27708,41,0202aaf002776c3c005a5811460e29efbf1ffffffc2246cd1e00000fc0007ebfe9ed0737feebfff600,1,TX 41 seq=24134 rx_latency=1ms tx_dur=1ms,21.985,
2735,10,632,2867855992,2026-07-14T15:43:27.904053+00:00,63.100163,27808,41,0202aaf002786ca0005a5811460e29efbf1ffffffc2246cd1e00000fc0007ebfe9ed0737feebfff600,1,TX 41 seq=24135 rx_latency=1ms tx_dur=1ms,14.760,
2735,10,633,2867855993,2026-07-14T15:43:28.004042+00:00,63.200136,27908,41,0202aaf002796d04005a5811460e29efbf1ffffffc2246cd1e00000fc0007ebfe9ed0737feebfff600,1,TX 41 seq=24136 rx_latency=1ms tx_dur=1ms,16.342,
2735,10,634,2867855994,2026-07-14T15:43:28.104047+00:00,63.300142,28008,41,0202aaf0027a6d68005a5811460e29efbf1ffffffc2246cd1e00000fc0007ebfe9ed0737feebfff600,1,TX 41 seq=24137 rx_latency=1ms tx_dur=1ms,18.074,
2735,10,635,2867855995,2026-07-14T15:43:28.204040+00:00,63.400130,28108,41,0202aaf0027b6dcc005a5811460e29efbf1ffffffc2246cd1e00000fc0007ebfe9ed0737feebfff600,1,TX 41 seq=24138 rx_latency=1ms tx_dur=1ms,20.886,
2735,10,636,2867855996,2026-07-14T15:43:28.304046+00:00,63.500140,28208,41,0202aaf0027c6e30005a5811460e29efbf1ffffffc2246cd1e00000fc0007ebfe9ed0737feebfff600,1,TX 41 seq=24139 rx_latency=1ms tx_dur=1ms,22.664,
2735,10,637,2867855997,2026-07-14T15:43:28.404040+00:00,63.600134,28308,41,0202aaf0027d6e94005a5811460e29efbf1ffffffc2246cd1e00000fc0007ebfe9ed0737feebfff600,1,TX 41 seq=24140 rx_latency=1ms tx_dur=1ms,14.190,
2735,10,638,2867855998,2026-07-14T15:43:28.504066+00:00,63.700190,28408,41,0202aaf0027e6ef8005a5811460e29efbf1ffffffc2246cd1e00000fc0007ebfe9ed0737feebfff600,1,TX 41 seq=24141 rx_latency=1ms tx_dur=1ms,15.804,
2735,10,639,2867855999,2026-07-14T15:43:28.604041+00:00,63.800138,28508,41,0202aaf0027f6f5c005a5811460e29efbf1ffffffc2246cd1e00000fc0007ebfe9ed0737feebfff600,1,TX 41 seq=24142 rx_latency=1ms tx_dur=1ms,18.707,
2735,10,640,2867856000,2026-07-14T15:43:28.704047+00:00,63.900144,28608,41,0202aaf002806fc0005a5811460e29efbf1ffffffc2246cd1e00000fc0007ebfe9ed0737feebfff600,1,TX 41 seq=24143 rx_latency=1ms tx_dur=1ms,20.471,
2735,10,641,2867856001,2026-07-14T15:43:28.804040+00:00,64.000131,28708,41,0202aaf002817024005a5811460e29efbf1ffffffc2246cd1e00000fc0007ebfe9ed0737feebfff600,1,TX 41 seq=24144 rx_latency=1ms tx_dur=1ms,21.958,
2735,10,642,2867856002,2026-07-14T15:43:28.904058+00:00,64.100173,28808,41,0202aaf002827088005a5811460e29efbf1ffffffc2246cd1e00000fc0007ebfe9ed0737feebfff600,1,TX 41 seq=24145 rx_latency=1ms tx_dur=1ms,14.774,
2735,10,643,2867856003,2026-07-14T15:43:29.004043+00:00,64.200140,28908,41,0202aaf0028370ec005a5811460e29efbf1ffffffc2246cd1e00000fc0007ebfe9ed0737feebfff600,1,TX 41 seq=24146 rx_latency=1ms tx_dur=1ms,16.562,
2735,10,644,2867856004,2026-07-14T15:43:29.104047+00:00,64.300143,29008,41,0202aaf002847150005a5811460e29efbf1ffffffc2246cd1e00000fc0007ebfe9ed0737feebfff600,1,TX 41 seq=24147 rx_latency=1ms tx_dur=1ms,18.308,
2735,10,645,2867856005,2026-07-14T15:43:29.204038+00:00,64.400130,29108,41,0202aaf0028571b4005a5811460e29efbf1ffffffc2246cd1e00000fc0007ebfe9ed0737feebfff600,1,TX 41 seq=24148 rx_latency=1ms tx_dur=1ms,20.912,
2735,10,646,2867856006,2026-07-14T15:43:29.304047+00:00,64.500143,29208,41,0202aaf002867218005a5811460e29efbf1ffffffc2246cd1e00000fc0007ebfe9ed0737feebfff600,1,TX 41 seq=24149 rx_latency=1ms tx_dur=1ms,22.664,
2735,10,647,2867856007,2026-07-14T15:43:29.404042+00:00,64.600139,29308,41,0202aaf00287727c005a5811460e29efbf1ffffffc2246cd1e00000fc0007ebfe9ed0737feebfff600,1,TX 41 seq=24150 rx_latency=1ms tx_dur=1ms,14.415,
2735,10,648,2867856008,2026-07-14T15:43:29.504047+00:00,64.700143,29408,41,0202aaf0028872e0005a5811460e29efbf1ffffffc2246cd1e00000fc0007ebfe9ed0737feebfff600,1,TX 41 seq=24151 rx_latency=1ms tx_dur=1ms,16.147,
2735,10,649,2867856009,2026-07-14T15:43:29.604039+00:00,64.800128,29508,41,0202aaf002897344005a5811460e29efbf1ffffffc2246cd1e00000fc0007ebfe9ed0737feebfff600,1,TX 41 seq=24152 rx_latency=1ms tx_dur=1ms,18.765,
2735,10,650,2867856010,2026-07-14T15:43:29.704046+00:00,64.900141,29608,41,0202aaf0028a73a8005a5811460e29efbf1ffffffc2246cd1e00000fc0007ebfe9ed0737feebfff600,1,TX 41 seq=24153 rx_latency=1ms tx_dur=1ms,20.497,
2735,10,651,2867856011,2026-07-14T15:43:29.804016+00:00,65.000108,29708,41,0202aaf0028b740c005a5811460e29efbf1ffffffc2246cd1e00000fc0007ebfe9ed0737feebfff600,1,TX 41 seq=24154 rx_latency=1ms tx_dur=1ms,22.195,
2735,10,652,2867856012,2026-07-14T15:43:29.904055+00:00,65.100165,29808,41,0202aaf0028c7470005a5811460e29efbf1ffffffc2246cd1e00000fc0007ebfe9ed0737feebfff600,1,TX 41 seq=24155 rx_latency=1ms tx_dur=1ms,13.920,
2735,10,653,2867856013,2026-07-14T15:43:30.004041+00:00,65.200136,29908,41,0202aaf0028d74d4005a5811460e29efbf1ffffffc2246cd1e00000fc0007ebfe9ed0737feebfff600,1,TX 41 seq=24156 rx_latency=1ms tx_dur=1ms,16.619,
2735,10,654,2867856014,2026-07-14T15:43:30.104047+00:00,65.300143,30008,41,0202aaf0028e7538005a5811460e29efbf1ffffffc2246cd1e00000fc0007ebfe9ed0737feebfff600,1,TX 41 seq=24157 rx_latency=1ms tx_dur=1ms,18.323,
2735,10,655,2867856015,2026-07-14T15:43:30.204039+00:00,65.400130,30108,41,0202aaf0028f759c005a5811460e29efbf1ffffffc2246cd1e00000fc0007ebfe9ed0737feebfff600,1,TX 41 seq=24158 rx_latency=1ms tx_dur=1ms,20.034,
2735,10,656,2867856016,2026-07-14T15:43:30.304046+00:00,65.500141,30208,41,0202aaf002907600005a5811460e29efbf1ffffffc2246cd1e00000fc0007ebfe9ed0737feebfff600,1,TX 41 seq=24159 rx_latency=1ms tx_dur=1ms,21.790,
2735,10,657,2867856017,2026-07-14T15:43:30.404041+00:00,65.600135,30308,41,0202aaf002917664005a5811460e29efbf1ffffffc2246cd1e00000fc0007ebfe9ed0737feebfff600,1,TX 41 seq=24160 rx_latency=1ms tx_dur=1ms,14.451,
2735,10,658,2867856018,2026-07-14T15:43:30.504046+00:00,65.700143,30408,41,0202aaf0029276c8005a5811460e29efbf1ffffffc2246cd1e00000fc0007ebfe9ed0737feebfff600,1,TX 41 seq=24161 rx_latency=1ms tx_dur=1ms,16.158,
2735,10,659,2867856019,2026-07-14T15:43:30.604041+00:00,65.800132,30508,41,0202aaf00293772c005a5811460e29efbf1ffffffc2246cd1e00000fc0007ebfe9ed0737feebfff600,1,TX 41 seq=24162 rx_latency=1ms tx_dur=1ms,17.871,
2735,10,660,2867856020,2026-07-14T15:43:30.704047+00:00,65.900142,30608,41,0202aaf002947790005a5811460e29efbf1ffffffc2246cd1e00000fc0007ebfe9ed0737feebfff600,1,TX 41 seq=24163 rx_latency=1ms tx_dur=1ms,20.727,
2735,10,661,2867856021,2026-07-14T15:43:30.804045+00:00,66.000143,30708,41,0202aaf0029577f4005a5811460e29efbf1ffffffc2246cd1e00000fc0007ebfe9ed0737feebfff600,1,TX 41 seq=24164 rx_latency=1ms tx_dur=1ms,22.179,
2735,10,662,2867856022,2026-07-14T15:43:30.904055+00:00,66.100165,30808,41,0202aaf002967858005a5811460e29efbf1ffffffc2246cd1e00000fc0007ebfe9ed0737feebfff600,1,TX 41 seq=24165 rx_latency=1ms tx_dur=1ms,13.954,
2735,10,663,2867856023,2026-07-14T15:43:31.004042+00:00,66.200137,30908,41,0202aaf0029778bc005a5811460e29efbf1ffffffc2246cd1e00000fc0007ebfe9ed0737feebfff600,1,TX 41 seq=24166 rx_latency=1ms tx_dur=1ms,16.826,
2735,10,664,2867856024,2026-07-14T15:43:31.104053+00:00,66.300159,31008,41,0202aaf002987920005a5811460e29efbf1ffffffc2246cd1e00000fc0007ebfe9ed0737feebfff600,1,TX 41 seq=24167 rx_latency=1ms tx_dur=1ms,18.530,
2735,10,665,2867856025,2026-07-14T15:43:31.204041+00:00,66.400135,31108,41,0202aaf002997984005a5811460e29efbf1ffffffc2246cd1e00000fc0007ebfe9ed0737feebfff600,1,TX 41 seq=24168 rx_latency=1ms tx_dur=1ms,20.045,
2735,10,666,2867856026,2026-07-14T15:43:31.304047+00:00,66.500143,31208,41,0202aaf0029a79e8005a5811460e29efbf1ffffffc2246cd1e00000fc0007ebfe9ed0737feebfff600,1,TX 41 seq=24169 rx_latency=1ms tx_dur=1ms,21.810,
2735,10,667,2867856027,2026-07-14T15:43:31.404025+00:00,66.600119,31308,41,0202aaf0029b7a4c005a5811460e29efbf1ffffffc2246cd1e00000fc0007ebfe9ed0737feebfff600,1,TX 41 seq=24170 rx_latency=1ms tx_dur=1ms,14.694,
2735,10,668,2867856028,2026-07-14T15:43:31.504047+00:00,66.700144,31408,41,0202aaf0029c7ab0005a5811460e29efbf1ffffffc2246cd1e00000fc0007ebfe9ed0737feebfff600,1,TX 41 seq=24171 rx_latency=1ms tx_dur=1ms,16.398,
2735,10,669,2867856029,2026-07-14T15:43:31.604041+00:00,66.800134,31508,41,0202aaf0029d7b14005a5811460e29efbf1ffffffc2246cd1e00000fc0007ebfe9ed0737feebfff600,1,TX 41 seq=24172 rx_latency=1ms tx_dur=1ms,18.119,
2735,10,670,2867856030,2026-07-14T15:43:31.704068+00:00,66.900196,31608,41,0202aaf0029e7b78005a5811460e29efbf1ffffffc2246cd1e00000fc0007ebfe9ed0737feebfff600,1,TX 41 seq=24173 rx_latency=1ms tx_dur=1ms,20.613,
2735,10,671,2867856031,2026-07-14T15:43:31.804043+00:00,67.000141,31708,41,0202aaf0029f7bdc005a5811460e29efbf1ffffffc2246cd1e00000fc0007ebfe9ed0737feebfff600,1,TX 41 seq=24174 rx_latency=1ms tx_dur=1ms,22.398,
2735,10,672,2867856032,2026-07-14T15:43:31.904049+00:00,67.100150,31808,41,0202aaf002a07c40005a5811460e29efbf1ffffffc2246cd1e00000fc0007ebfe9ed0737feebfff600,1,TX 41 seq=24175 rx_latency=1ms tx_dur=1ms,14.207,
2735,10,673,2867856033,2026-07-14T15:43:32.004043+00:00,67.200136,31908,41,0202aaf002a17ca4005a5811460e29efbf1ffffffc2246cd1e00000fc0007ebfe9ed0737feebfff600,1,TX 41 seq=24176 rx_latency=1ms tx_dur=1ms,15.960,
2735,10,674,2867856034,2026-07-14T15:43:32.104048+00:00,67.300150,32008,41,0202aaf002a27d08005a5811460e29efbf1ffffffc2246cd1e00000fc0007ebfe9ed0737feebfff600,1,TX 41 seq=24177 rx_latency=1ms tx_dur=1ms,18.595,
2735,10,675,2867856035,2026-07-14T15:43:32.204046+00:00,67.400152,32108,41,0202aaf002a37d6c005a5811460e29efbf1ffffffc2246cd1e00000fc0007ebfe9ed0737feebfff600,1,TX 41 seq=24178 rx_latency=1ms tx_dur=1ms,20.220,
2735,10,676,2867856036,2026-07-14T15:43:32.304047+00:00,67.500145,32208,41,0202aaf002a47dd0005a5811460e29efbf1ffffffc2246cd1e00000fc0007ebfe9ed0737feebfff600,1,TX 41 seq=24179 rx_latency=1ms tx_dur=1ms,23.214,
2735,10,677,2867856037,2026-07-14T15:43:32.404052+00:00,67.600164,32308,41,0202aaf002a57e34005a5811460e29efbf1ffffffc2246cd1e00000fc0007ebfe9ed0737feebfff600,1,TX 41 seq=24180 rx_latency=1ms tx_dur=1ms,14.800,
2735,10,678,2867856038,2026-07-14T15:43:32.504052+00:00,67.700157,32408,41,0202aaf002a67e98005a5811460e29efbf1ffffffc2246cd1e00000fc0007ebfe9ed0737feebfff600,1,TX 41 seq=24181 rx_latency=1ms tx_dur=1ms,16.383,
2735,10,679,2867856039,2026-07-14T15:43:32.604042+00:00,67.800136,32508,41,0202aaf002a77efc005a5811460e29efbf1ffffffc2246cd1e00000fc0007ebfe9ed0737feebfff600,1,TX 41 seq=24182 rx_latency=1ms tx_dur=1ms,18.133,
2735,10,680,2867856040,2026-07-14T15:43:32.704049+00:00,67.900150,32608,41,0202aaf002a87f60005a5811460e29efbf1ffffffc2246cd1e00000fc0007ebfe9ed0737feebfff600,1,TX 41 seq=24183 rx_latency=1ms tx_dur=1ms,19.879,
2735,10,681,2867856041,2026-07-14T15:43:32.804040+00:00,68.000132,32708,41,0202aaf002a97fc4005a5811460e29efbf1ffffffc2246cd1e00000fc0007ebfe9ed0737feebfff600,1,TX 41 seq=24184 rx_latency=1ms tx_dur=1ms,22.647,
2735,10,682,2867856042,2026-07-14T15:43:32.903997+00:00,68.100094,32807,41,0202aaf002aa8027005a5811460e29efbf1ffffffc2246cd1e00000fc0007ebfe9ed0737feebfff600,1,TX 41 seq=24185 rx_latency=1ms tx_dur=1ms,14.295,
2735,10,683,2867856043,2026-07-14T15:43:33.004041+00:00,68.200135,32908,41,0202aaf002ab808c005a5811460e29efbf1ffffffc2246cd1e00000fc0007ebfe9ed0737feebfff600,1,TX 41 seq=24186 rx_latency=1ms tx_dur=1ms,15.967,
2735,10,684,2867856044,2026-07-14T15:43:33.104048+00:00,68.300145,33008,41,0202aaf002ac80f0005a5811460e29efbf1ffffffc2246cd1e00000fc0007ebfe9ed0737feebfff600,1,TX 41 seq=24187 rx_latency=1ms tx_dur=1ms,18.811,
2735,10,685,2867856045,2026-07-14T15:43:33.204045+00:00,68.400147,33108,41,0202aaf002ad8154005a5811460e29efbf1ffffffc2246cd1e00000fc0007ebfe9ed0737feebfff600,1,TX 41 seq=24188 rx_latency=1ms tx_dur=1ms,20.472,
2735,10,686,2867856046,2026-07-14T15:43:33.304047+00:00,68.500144,33208,41,0202aaf002ae81b8005a5811460e29efbf1ffffffc2246cd1e00000fc0007ebfe9ed0737feebfff600,1,TX 41 seq=24189 rx_latency=1ms tx_dur=1ms,22.055,
2735,10,687,2867856047,2026-07-14T15:43:33.404040+00:00,68.600131,33308,41,0202aaf002af821c005a5811460e29efbf1ffffffc2246cd1e00000fc0007ebfe9ed0737feebfff600,1,TX 41 seq=24190 rx_latency=1ms tx_dur=1ms,13.843,
2735,10,688,2867856048,2026-07-14T15:43:33.504048+00:00,68.700145,33408,41,0202aaf002b08280005a5811460e29efbf1ffffffc2246cd1e00000fc0007ebfe9ed0737feebfff600,1,TX 41 seq=24191 rx_latency=1ms tx_dur=1ms,16.643,
2735,10,689,2867856049,2026-07-14T15:43:33.604040+00:00,68.800131,33508,41,0202aaf002b182e4005a5811460e29efbf1ffffffc2246cd1e00000fc0007ebfe9ed0737feebfff600,1,TX 41 seq=24192 rx_latency=1ms tx_dur=1ms,18.361,
2735,10,690,2867856050,2026-07-14T15:43:33.704047+00:00,68.900144,33608,41,0202aaf002b28348005a5811460e29efbf1ffffffc2246cd1e00000fc0007ebfe9ed0737feebfff600,1,TX 41 seq=24193 rx_latency=1ms tx_dur=1ms,19.917,
2735,10,691,2867856051,2026-07-14T15:43:33.804047+00:00,69.000157,33708,41,0202aaf002b383ac005a5811460e29efbf1ffffffc2246cd1e00000fc0007ebfe9ed0737feebfff600,1,TX 41 seq=24194 rx_latency=1ms tx_dur=1ms,22.612,
2735,10,692,2867856052,2026-07-14T15:43:33.903995+00:00,69.100099,33807,41,0202aaf002b4840f005a5811460e29efbf1ffffffc2246cd1e00000fc0007ebfe9ed0737feebfff600,1,TX 41 seq=24195 rx_latency=1ms tx_dur=1ms,14.515,
2735,10,693,2867856053,2026-07-14T15:43:34.004043+00:00,69.200138,33908,41,0202aaf002b58474005a5811460e29efbf1ffffffc2246cd1e00000fc0007ebfe9ed0737feebfff600,1,TX 41 seq=24196 rx_latency=1ms tx_dur=1ms,16.203,
2735,10,694,2867856054,2026-07-14T15:43:34.104046+00:00,69.300145,34008,41,0202aaf002b684d8005a5811460e29efbf1ffffffc2246cd1e00000fc0007ebfe9ed0737feebfff600,1,TX 41 seq=24197 rx_latency=1ms tx_dur=1ms,18.828,
2735,10,695,2867856055,2026-07-14T15:43:34.204047+00:00,69.400143,34108,41,0202aaf002b7853c005a5811460e29efbf1ffffffc2246cd1e00000fc0007ebfe9ed0737feebfff600,1,TX 41 seq=24198 rx_latency=1ms tx_dur=1ms,20.592,
2735,10,696,2867856056,2026-07-14T15:43:34.304049+00:00,69.500146,34208,41,0202aaf002b885a0005a5811460e29efbf1ffffffc2246cd1e00000fc0007ebfe9ed0737feebfff600,1,TX 41 seq=24199 rx_latency=1ms tx_dur=1ms,22.281,
2735,10,697,2867856057,2026-07-14T15:43:34.404047+00:00,69.600154,34308,41,0202aaf002b98604005a5811460e29efbf1ffffffc2246cd1e00000fc0007ebfe9ed0737feebfff600,1,TX 41 seq=24200 rx_latency=1ms tx_dur=1ms,14.015,
2735,10,698,2867856058,2026-07-14T15:43:34.504049+00:00,69.700151,34408,41,0202aaf002ba8668005a5811460e29efbf1ffffffc2246cd1e00000fc0007ebfe9ed0737feebfff600,1,TX 41 seq=24201 rx_latency=1ms tx_dur=1ms,16.652,
2735,10,699,2867856059,2026-07-14T15:43:34.604040+00:00,69.800131,34508,41,0202aaf002bb86cc005a5811460e29efbf1ffffffc2246cd1e00000fc0007ebfe9ed0737feebfff600,1,TX 41 seq=24202 rx_latency=1ms tx_dur=1ms,18.388,
2735,10,700,2867856060,2026-07-14T15:43:34.704046+00:00,69.900142,34608,41,0202aaf002bc8730005a5811460e29efbf1ffffffc2246cd1e00000fc0007ebfe9ed0737feebfff600,1,TX 41 seq=24203 rx_latency=1ms tx_dur=1ms,20.134,
2735,10,701,2867856061,2026-07-14T15:43:34.804027+00:00,70.000139,34708,41,0202aaf002bd8794005a5811460e29efbf1ffffffc2246cd1e00000fc0007ebfe9ed0737feebfff600,1,TX 41 seq=24204 rx_latency=1ms tx_dur=1ms,22.840,
2735,10,702,2867856062,2026-07-14T15:43:34.904050+00:00,70.100154,34808,41,0202aaf002be87f8005a5811460e29efbf1ffffffc2246cd1e00000fc0007ebfe9ed0737feebfff600,1,TX 41 seq=24205 rx_latency=1ms tx_dur=1ms,14.469,
2735,10,703,2867856063,2026-07-14T15:43:35.004049+00:00,70.200147,34908,41,0202aaf002bf885c005a5811460e29efbf1ffffffc2246cd1e00000fc0007ebfe9ed0737feebfff600,1,TX 41 seq=24206 rx_latency=1ms tx_dur=1ms,16.206,
2735,10,704,2867856064,2026-07-14T15:43:35.103987+00:00,70.300081,35007,41,0202aaf002c088bf005a5811460e29efbf1ffffffc2246cd1e00000fc0007ebfe9ed0737feebfff600,1,TX 41 seq=24207 rx_latency=1ms tx_dur=1ms,17.995,
2735,10,705,2867856065,2026-07-14T15:43:35.204048+00:00,70.400144,35108,41,0202aaf002c18924005a5811460e29efbf1ffffffc2246cd1e00000fc0007ebfe9ed0737feebfff600,1,TX 41 seq=24208 rx_latency=1ms tx_dur=1ms,20.796,
2735,10,706,2867856066,2026-07-14T15:43:35.304042+00:00,70.500137,35208,41,0202aaf002c28988005a5811460e29efbf1ffffffc2246cd1e00000fc0007ebfe9ed0737feebfff600,1,TX 41 seq=24209 rx_latency=1ms tx_dur=1ms,22.268,
2735,10,707,2867856067,2026-07-14T15:43:35.404056+00:00,70.600168,35308,41,0202aaf002c389ec005a5811460e29efbf1ffffffc2246cd1e00000fc0007ebfe9ed0737feebfff600,1,TX 41 seq=24210 rx_latency=1ms tx_dur=1ms,13.989,
2735,10,708,2867856068,2026-07-14T15:43:35.504043+00:00,70.700140,35408,41,0202aaf002c48a50005a5811460e29efbf1ffffffc2246cd1e00000fc0007ebfe9ed0737feebfff600,1,TX 41 seq=24211 rx_latency=1ms tx_dur=1ms,16.877,
2735,10,709,2867856069,2026-07-14T15:43:35.604058+00:00,70.800171,35508,41,0202aaf002c58ab4005a5811460e29efbf1ffffffc2246cd1e00000fc0007ebfe9ed0737feebfff600,1,TX 41 seq=24212 rx_latency=1ms tx_dur=1ms,18.559,
2735,10,710,2867856070,2026-07-14T15:43:35.704043+00:00,70.900142,35608,41,0202aaf002c68b18005a5811460e29efbf1ffffffc2246cd1e00000fc0007ebfe9ed0737feebfff600,1,TX 41 seq=24213 rx_latency=1ms tx_dur=1ms,20.327,
2735,10,711,2867856071,2026-07-14T15:43:35.804049+00:00,71.000148,35708,41,0202aaf002c78b7c005a5811460e29efbf1ffffffc2246cd1e00000fc0007ebfe9ed0737feebfff600,1,TX 41 seq=24214 rx_latency=1ms tx_dur=1ms,21.985,
2735,10,712,2867856072,2026-07-14T15:43:35.904043+00:00,71.100138,35808,41,0202aaf002c88be0005a5811460e29efbf1ffffffc2246cd1e00000fc0007ebfe9ed0737feebfff600,1,TX 41 seq=24215 rx_latency=1ms tx_dur=1ms,14.865,
2735,10,713,2867856073,2026-07-14T15:43:36.004048+00:00,71.200147,35908,41,0202aaf002c98c44005a5811460e29efbf1ffffffc2246cd1e00000fc0007ebfe9ed0737feebfff600,1,TX 41 seq=24216 rx_latency=1ms tx_dur=1ms,16.587,
2735,10,714,2867856074,2026-07-14T15:43:36.104042+00:00,71.300135,36008,41,0202aaf002ca8ca8005a5811460e29efbf1ffffffc2246cd1e00000fc0007ebfe9ed0737feebfff600,1,TX 41 seq=24217 rx_latency=1ms tx_dur=1ms,18.304,
2735,10,715,2867856075,2026-07-14T15:43:36.204048+00:00,71.400144,36108,41,0202aaf002cb8d0c005a5811460e29efbf1ffffffc2246cd1e00000fc0007ebfe9ed0737feebfff600,1,TX 41 seq=24218 rx_latency=1ms tx_dur=1ms,19.836,
2735,10,716,2867856076,2026-07-14T15:43:36.304039+00:00,71.500128,36208,41,0202aaf002cc8d70005a5811460e29efbf1ffffffc2246cd1e00000fc0007ebfe9ed0737feebfff600,1,TX 41 seq=24219 rx_latency=1ms tx_dur=1ms,22.630,
2735,10,717,2867856077,2026-07-14T15:43:36.404046+00:00,71.600139,36308,41,0202aaf002cd8dd4005a5811460e29efbf1ffffffc2246cd1e00000fc0007ebfe9ed0737feebfff600,1,TX 41 seq=24220 rx_latency=1ms tx_dur=1ms,14.439,
2735,10,718,2867856078,2026-07-14T15:43:36.504057+00:00,71.700179,36408,41,0202aaf002ce8e38005a5811460e29efbf1ffffffc2246cd1e00000fc0007ebfe9ed0737feebfff600,1,TX 41 seq=24221 rx_latency=1ms tx_dur=1ms,16.037,
2735,10,719,2867856079,2026-07-14T15:43:36.604052+00:00,71.800156,36508,41,0202aaf002cf8e9c005a5811460e29efbf1ffffffc2246cd1e00000fc0007ebfe9ed0737feebfff600,1,TX 41 seq=24222 rx_latency=1ms tx_dur=1ms,18.759,
2735,10,720,2867856080,2026-07-14T15:43:36.704051+00:00,71.900162,36608,41,0202aaf002d08f00005a5811460e29efbf1ffffffc2246cd1e00000fc0007ebfe9ed0737feebfff600,1,TX 41 seq=24223 rx_latency=1ms tx_dur=1ms,20.396,
2735,10,721,2867856081,2026-07-14T15:43:36.804051+00:00,72.000153,36708,41,0202aaf002d18f64005a5811460e29efbf1ffffffc2246cd1e00000fc0007ebfe9ed0737feebfff600,1,TX 41 seq=24224 rx_latency=1ms tx_dur=1ms,22.205,
2735,10,722,2867856082,2026-07-14T15:43:36.904041+00:00,72.100134,36808,41,0202aaf002d28fc8005a5811460e29efbf1ffffffc2246cd1e00000fc0007ebfe9ed0737feebfff600,1,TX 41 seq=24225 rx_latency=1ms tx_dur=1ms,13.998,
2735,10,723,2867856083,2026-07-14T15:43:37.004049+00:00,72.200149,36908,41,0202aaf002d3902c005a5811460e29efbf1ffffffc2246cd1e00000fc0007ebfe9ed0737feebfff600,1,TX 41 seq=24226 rx_latency=1ms tx_dur=1ms,16.598,
2735,10,724,2867856084,2026-07-14T15:43:37.104042+00:00,72.300135,37008,41,0202aaf002d49090005a5811460e29efbf1ffffffc2246cd1e00000fc0007ebfe9ed0737feebfff600,1,TX 41 seq=24227 rx_latency=1ms tx_dur=1ms,18.314,
2735,10,725,2867856085,2026-07-14T15:43:37.204052+00:00,72.400155,37108,41,0202aaf002d590f4005a5811460e29efbf1ffffffc2246cd1e00000fc0007ebfe9ed0737feebfff600,1,TX 41 seq=24228 rx_latency=1ms tx_dur=1ms,20.033,
2735,10,726,2867856086,2026-07-14T15:43:37.304040+00:00,72.500132,37208,41,0202aaf002d69158005a5811460e29efbf1ffffffc2246cd1e00000fc0007ebfe9ed0737feebfff600,1,TX 41 seq=24229 rx_latency=1ms tx_dur=1ms,22.846,
2735,10,727,2867856087,2026-07-14T15:43:37.404018+00:00,72.600114,37308,41,0202aaf002d791bc005a5811460e29efbf1ffffffc2246cd1e00000fc0007ebfe9ed0737feebfff600,1,TX 41 seq=24230 rx_latency=1ms tx_dur=1ms,14.475,
2735,10,728,2867856088,2026-07-14T15:43:37.504048+00:00,72.700143,37408,41,0202aaf002d89220005a5811460e29efbf1ffffffc2246cd1e00000fc0007ebfe9ed0737feebfff600,1,TX 41 seq=24231 rx_latency=1ms tx_dur=1ms,16.172,
2735,10,729,2867856089,2026-07-14T15:43:37.603996+00:00,72.800088,37507,41,0202aaf002d99283005a5811460e29efbf1ffffffc2246cd1e00000fc0007ebfe9ed0737feebfff600,1,TX 41 seq=24232 rx_latency=1ms tx_dur=1ms,17.925,
2735,10,730,2867856090,2026-07-14T15:43:37.704062+00:00,72.900183,37608,41,0202aaf002da92e8005a5811460e29efbf1ffffffc2246cd1e00000fc0007ebfe9ed0737feebfff600,1,TX 41 seq=24233 rx_latency=1ms tx_dur=1ms,20.629,
2735,10,731,2867856091,2026-07-14T15:43:37.804041+00:00,73.000135,37708,41,0202aaf002db934c005a5811460e29efbf1ffffffc2246cd1e00000fc0007ebfe9ed0737feebfff600,1,TX 41 seq=24234 rx_latency=1ms tx_dur=1ms,22.190,
2735,10,732,2867856092,2026-07-14T15:43:37.904047+00:00,73.100146,37808,41,0202aaf002dc93b0005a5811460e29efbf1ffffffc2246cd1e00000fc0007ebfe9ed0737feebfff600,1,TX 41 seq=24235 rx_latency=1ms tx_dur=1ms,14.002,
2735,10,733,2867856093,2026-07-14T15:43:38.004048+00:00,73.200144,37908,41,0202aaf002dd9414005a5811460e29efbf1ffffffc2246cd1e00000fc0007ebfe9ed0737feebfff600,1,TX 41 seq=24236 rx_latency=1ms tx_dur=1ms,16.846,
2735,10,734,2867856094,2026-07-14T15:43:38.104047+00:00,73.300153,38008,41,0202aaf002de9478005a5811460e29efbf1ffffffc2246cd1e00000fc0007ebfe9ed0737feebfff600,1,TX 41 seq=24237 rx_latency=1ms tx_dur=1ms,18.506,
2735,10,735,2867856095,2026-07-14T15:43:38.204006+00:00,73.400106,38107,41,0202aaf002df94db005a5811460e29efbf1ffffffc2246cd1e00000fc0007ebfe9ed0737feebfff600,1,TX 41 seq=24238 rx_latency=1ms tx_dur=1ms,20.098,
2735,10,736,2867856096,2026-07-14T15:43:38.304046+00:00,73.500151,38208,41,0202aaf002e09540005a5811460e29efbf1ffffffc2246cd1e00000fc0007ebfe9ed0737feebfff600,1,TX 41 seq=24239 rx_latency=1ms tx_dur=1ms,22.824,
2735,10,737,2867856097,2026-07-14T15:43:38.404033+00:00,73.600132,38308,41,0202aaf002e195a4005a5811460e29efbf1ffffffc2246cd1e00000fc0007ebfe9ed0737feebfff600,1,TX 41 seq=24240 rx_latency=1ms tx_dur=1ms,14.679,
2735,10,738,2867856098,2026-07-14T15:43:38.504046+00:00,73.700142,38408,41,0202aaf002e29608005a5811460e29efbf1ffffffc2246cd1e00000fc0007ebfe9ed0737feebfff600,1,TX 41 seq=24241 rx_latency=1ms tx_dur=1ms,16.404,
2735,10,739,2867856099,2026-07-14T15:43:38.604048+00:00,73.800144,38508,41,0202aaf002e3966c005a5811460e29efbf1ffffffc2246cd1e00000fc0007ebfe9ed0737feebfff600,1,TX 41 seq=24242 rx_latency=1ms tx_dur=1ms,18.126,
2735,10,740,2867856100,2026-07-14T15:43:38.704046+00:00,73.900143,38608,41,0202aaf002e496d0005a5811460e29efbf1ffffffc2246cd1e00000fc0007ebfe9ed0737feebfff600,1,TX 41 seq=24243 rx_latency=1ms tx_dur=1ms,19.777,
2735,10,741,2867856101,2026-07-14T15:43:38.804049+00:00,74.000150,38708,41,0202aaf002e59734005a5811460e29efbf1ffffffc2246cd1e00000fc0007ebfe9ed0737feebfff600,1,TX 41 seq=24244 rx_latency=1ms tx_dur=1ms,22.581,
2735,10,742,2867856102,2026-07-14T15:43:38.904035+00:00,74.100142,38808,41,0202aaf002e69798005a5811460e29efbf1ffffffc2246cd1e00000fc0007ebfe9ed0737feebfff600,1,TX 41 seq=24245 rx_latency=1ms tx_dur=1ms,14.336,
2735,10,743,2867856103,2026-07-14T15:43:39.004049+00:00,74.200146,38908,41,0202aaf002e797fc005a5811460e29efbf1ffffffc2246cd1e00000fc0007ebfe9ed0737feebfff600,1,TX 41 seq=24246 rx_latency=1ms tx_dur=1ms,16.075,
2735,10,744,2867856104,2026-07-14T15:43:39.104040+00:00,74.300135,39008,41,0202aaf002e89860005a5811460e29efbf1ffffffc2246cd1e00000fc0007ebfe9ed0737feebfff600,1,TX 41 seq=24247 rx_latency=1ms tx_dur=1ms,18.692,
2735,10,745,2867856105,2026-07-14T15:43:39.204048+00:00,74.400146,39108,41,0202aaf002e998c4005a5811460e29efbf1ffffffc2246cd1e00000fc0007ebfe9ed0737feebfff600,1,TX 41 seq=24248 rx_latency=1ms tx_dur=1ms,20.432,
2735,10,746,2867856106,2026-07-14T15:43:39.304019+00:00,74.500113,39208,41,0202aaf002ea9928005a5811460e29efbf1ffffffc2246cd1e00000fc0007ebfe9ed0737feebfff600,1,TX 41 seq=24249 rx_latency=1ms tx_dur=1ms,22.203,
2735,10,747,2867856107,2026-07-14T15:43:39.404047+00:00,74.600145,39308,41,0202aaf002eb998c005a5811460e29efbf1ffffffc2246cd1e00000fc0007ebfe9ed0737feebfff600,1,TX 41 seq=24250 rx_latency=1ms tx_dur=1ms,13.928,
2735,10,748,2867856108,2026-07-14T15:43:39.504010+00:00,74.700105,39408,41,0202aaf002ec99f0005a5811460e29efbf1ffffffc2246cd1e00000fc0007ebfe9ed0737feebfff600,1,TX 41 seq=24251 rx_latency=1ms tx_dur=1ms,16.610,
2735,10,749,2867856109,2026-07-14T15:43:39.604046+00:00,74.800142,39508,41,0202aaf002ed9a54005a5811460e29efbf1ffffffc2246cd1e00000fc0007ebfe9ed0737feebfff600,1,TX 41 seq=24252 rx_latency=1ms tx_dur=1ms,18.281,
2735,10,750,2867856110,2026-07-14T15:43:39.704041+00:00,74.900138,39608,41,0202aaf002ee9ab8005a5811460e29efbf1ffffffc2246cd1e00000fc0007ebfe9ed0737feebfff600,1,TX 41 seq=24253 rx_latency=1ms tx_dur=1ms,19.967,
2735,10,751,2867856111,2026-07-14T15:43:39.804047+00:00,75.000143,39708,41,0202aaf002ef9b1c005a5811460e29efbf1ffffffc2246cd1e00000fc0007ebfe9ed0737feebfff600,1,TX 41 seq=24254 rx_latency=1ms tx_dur=1ms,22.839,
2735,10,752,2867856112,2026-07-14T15:43:39.904046+00:00,75.100144,39808,41,0202aaf002f09b80005a5811460e29efbf1ffffffc2246cd1e00000fc0007ebfe9ed0737feebfff600,1,TX 41 seq=24255 rx_latency=1ms tx_dur=1ms,14.388,
2735,10,753,2867856113,2026-07-14T15:43:40.004055+00:00,75.200161,39908,41,0202aaf002f19be4005a5811460e29efbf1ffffffc2246cd1e00000fc0007ebfe9ed0737feebfff600,1,TX 41 seq=24256 rx_latency=1ms tx_dur=1ms,16.059,
2735,10,754,2867856114,2026-07-14T15:43:40.104034+00:00,75.300130,40008,41,0202aaf002f29c48005a5811460e29efbf1ffffffc2246cd1e00000fc0007ebfe9ed0737feebfff600,1,TX 41 seq=24257 rx_latency=1ms tx_dur=1ms,17.862,
2735,10,755,2867856115,2026-07-14T15:43:40.204013+00:00,75.400109,40108,41,0202aaf002f39cac005a5811460e29efbf1ffffffc2246cd1e00000fc0007ebfe9ed0737feebfff600,1,TX 41 seq=24258 rx_latency=1ms tx_dur=1ms,20.654,
2735,10,756,2867856116,2026-07-14T15:43:40.304046+00:00,75.500142,40208,41,0202aaf002f49d10005a5811460e29efbf1ffffffc2246cd1e00000fc0007ebfe9ed0737feebfff600,1,TX 41 seq=24259 rx_latency=1ms tx_dur=1ms,22.290,
2735,10,757,2867856117,2026-07-14T15:43:40.404051+00:00,75.600159,40308,41,0202aaf002f59d74005a5811460e29efbf1ffffffc2246cd1e00000fc0007ebfe9ed0737feebfff600,1,TX 41 seq=24260 rx_latency=1ms tx_dur=1ms,13.888,
2735,10,758,2867856118,2026-07-14T15:43:40.504050+00:00,75.700152,40408,41,0202aaf002f69dd8005a5811460e29efbf1ffffffc2246cd1e00000fc0007ebfe9ed0737feebfff600,1,TX 41 seq=24261 rx_latency=1ms tx_dur=1ms,16.757,
2735,10,759,2867856119,2026-07-14T15:43:40.604046+00:00,75.800145,40508,41,0202aaf002f79e3c005a5811460e29efbf1ffffffc2246cd1e00000fc0007ebfe9ed0737feebfff600,1,TX 41 seq=24262 rx_latency=1ms tx_dur=1ms,18.492,
2735,10,760,2867856120,2026-07-14T15:43:40.704048+00:00,75.900145,40608,41,0202aaf002f89ea0005a5811460e29efbf1ffffffc2246cd1e00000fc0007ebfe9ed0737feebfff600,1,TX 41 seq=24263 rx_latency=1ms tx_dur=1ms,21.175,
2735,10,761,2867856121,2026-07-14T15:43:40.804049+00:00,76.000156,40708,41,0202aaf002f99f04005a5811460e29efbf1ffffffc2246cd1e00000fc0007ebfe9ed0737feebfff600,1,TX 41 seq=24264 rx_latency=1ms tx_dur=1ms,22.775,
2735,10,762,2867856122,2026-07-14T15:43:40.904050+00:00,76.100149,40808,41,0202aaf002fa9f68005a5811460e29efbf1ffffffc2246cd1e00000fc0007ebfe9ed0737feebfff600,1,TX 41 seq=24265 rx_latency=1ms tx_dur=1ms,14.594,
2735,10,763,2867856123,2026-07-14T15:43:41.004047+00:00,76.200148,40908,41,0202aaf002fb9fcc005a5811460e29efbf1ffffffc2246cd1e00000fc0007ebfe9ed0737feebfff600,1,TX 41 seq=24266 rx_latency=1ms tx_dur=1ms,16.311,
2735,10,764,2867856124,2026-07-14T15:43:41.104045+00:00,76.300143,41008,41,0202aaf002fca030005a5811460e29efbf1ffffffc2246cd1e00000fc0007ebfe9ed0737feebfff600,1,TX 41 seq=24267 rx_latency=1ms tx_dur=1ms,17.852,
2735,10,765,2867856125,2026-07-14T15:43:41.204042+00:00,76.400139,41108,41,0202aaf002fda094005a5811460e29efbf1ffffffc2246cd1e00000fc0007ebfe9ed0737feebfff600,1,TX 41 seq=24268 rx_latency=1ms tx_dur=1ms,20.664,
2735,10,766,2867856126,2026-07-14T15:43:41.304050+00:00,76.500153,41208,41,0202aaf002fea0f8005a5811460e29efbf1ffffffc2246cd1e00000fc0007ebfe9ed0737feebfff600,1,TX 41 seq=24269 rx_latency=1ms tx_dur=1ms,22.392,
2735,10,767,2867856127,2026-07-14T15:43:41.404041+00:00,76.600133,41308,41,0202aaf002ffa15c005a5811460e29efbf1ffffffc2246cd1e00000fc0007ebfe9ed0737feebfff600,1,TX 41 seq=24270 rx_latency=1ms tx_dur=1ms,14.191,
2735,10,768,2867856128,2026-07-14T15:43:41.504050+00:00,76.700147,41408,41,0202aaf00300a1c0005a5811460e29efbf1ffffffc2246cd1e00000fc0007ebfe9ed0737feebfff600,1,TX 41 seq=24271 rx_latency=1ms tx_dur=1ms,15.907,
2735,10,769,2867856129,2026-07-14T15:43:41.604041+00:00,76.800142,41508,41,0202aaf00301a224005a5811460e29efbf1ffffffc2246cd1e00000fc0007ebfe9ed0737feebfff600,1,TX 41 seq=24272 rx_latency=1ms tx_dur=1ms,18.509,
2735,10,770,2867856130,2026-07-14T15:43:41.704041+00:00,76.900132,41608,41,0202aaf00302a288005a5811460e29efbf1ffffffc2246cd1e00000fc0007ebfe9ed0737feebfff600,1,TX 41 seq=24273 rx_latency=1ms tx_dur=1ms,20.341,
2735,10,771,2867856131,2026-07-14T15:43:41.804044+00:00,77.000140,41708,41,0202aaf00303a2ec005a5811460e29efbf1ffffffc2246cd1e00000fc0007ebfe9ed0737feebfff600,1,TX 41 seq=24274 rx_latency=1ms tx_dur=1ms,21.994,
2735,10,772,2867856132,2026-07-14T15:43:41.904046+00:00,77.100139,41808,41,0202aaf00304a350005a5811460e29efbf1ffffffc2246cd1e00000fc0007ebfe9ed0737feebfff600,1,TX 41 seq=24275 rx_latency=1ms tx_dur=1ms,13.760,
2735,10,773,2867856133,2026-07-14T15:43:42.004049+00:00,77.200147,41908,41,0202aaf00305a3b4005a5811460e29efbf1ffffffc2246cd1e00000fc0007ebfe9ed0737feebfff600,1,TX 41 seq=24276 rx_latency=1ms tx_dur=1ms,16.354,
2735,10,774,2867856134,2026-07-14T15:43:42.104048+00:00,77.300141,42008,41,0202aaf00306a418005a5811460e29efbf1ffffffc2246cd1e00000fc0007ebfe9ed0737feebfff600,1,TX 41 seq=24277 rx_latency=1ms tx_dur=1ms,18.122,
2735,10,775,2867856135,2026-07-14T15:43:42.204060+00:00,77.400175,42108,41,0202aaf00307a47c005a5811460e29efbf1ffffffc2246cd1e00000fc0007ebfe9ed0737feebfff600,1,TX 41 seq=24278 rx_latency=1ms tx_dur=1ms,20.742,
2735,10,776,2867856136,2026-07-14T15:43:42.304048+00:00,77.500143,42208,41,0202aaf00308a4e0005a5811460e29efbf1ffffffc2246cd1e00000fc0007ebfe9ed0737feebfff600,1,TX 41 seq=24279 rx_latency=1ms tx_dur=1ms,22.582,
2735,10,777,2867856137,2026-07-14T15:43:42.404042+00:00,77.600135,42308,41,0202aaf00309a544005a5811460e29efbf1ffffffc2246cd1e00000fc0007ebfe9ed0737feebfff600,1,TX 41 seq=24280 rx_latency=1ms tx_dur=1ms,14.280,
2735,10,778,2867856138,2026-07-14T15:43:42.504045+00:00,77.700140,42408,41,0202aaf0030aa5a8005a5811460e29efbf1ffffffc2246cd1e00000fc0007ebfe9ed0737feebfff600,1,TX 41 seq=24281 rx_latency=1ms tx_dur=1ms,15.932,
2735,10,779,2867856139,2026-07-14T15:43:42.603991+00:00,77.800086,42507,41,0202aaf0030ba60b005a5811460e29efbf1ffffffc2246cd1e00000fc0007ebfe9ed0737feebfff600,1,TX 41 seq=24282 rx_latency=1ms tx_dur=1ms,18.720,
2735,10,780,2867856140,2026-07-14T15:43:42.704042+00:00,77.900136,42608,41,0202aaf0030ca670005a5811460e29efbf1ffffffc2246cd1e00000fc0007ebfe9ed0737feebfff600,1,TX 41 seq=24283 rx_latency=1ms tx_dur=1ms,20.564,
2735,10,781,2867856141,2026-07-14T15:43:42.804047+00:00,78.000142,42708,41,0202aaf0030da6d4005a5811460e29efbf1ffffffc2246cd1e00000fc0007ebfe9ed0737feebfff600,1,TX 41 seq=24284 rx_latency=1ms tx_dur=1ms,21.908,
2735,10,782,2867856142,2026-07-14T15:43:42.904039+00:00,78.100128,42808,41,0202aaf0030ea738005a5811460e29efbf1ffffffc2246cd1e00000fc0007ebfe9ed0737feebfff600,1,TX 41 seq=24285 rx_latency=1ms tx_dur=1ms,13.869,
2735,10,783,2867856143,2026-07-14T15:43:43.004047+00:00,78.200140,42908,41,0202aaf0030fa79c005a5811460e29efbf1ffffffc2246cd1e00000fc0007ebfe9ed0737feebfff600,1,TX 41 seq=24286 rx_latency=1ms tx_dur=1ms,16.615,
2735,10,784,2867856144,2026-07-14T15:43:43.104045+00:00,78.300138,43008,41,0202aaf00310a800005a5811460e29efbf1ffffffc2246cd1e00000fc0007ebfe9ed0737feebfff600,1,TX 41 seq=24287 rx_latency=1ms tx_dur=1ms,18.278,
2735,10,785,2867856145,2026-07-14T15:43:43.204045+00:00,78.400149,43108,41,0202aaf00311a864005a5811460e29efbf1ffffffc2246cd1e00000fc0007ebfe9ed0737feebfff600,1,TX 41 seq=24288 rx_latency=1ms tx_dur=1ms,19.888,
2735,10,786,2867856146,2026-07-14T15:43:43.304048+00:00,78.500148,43208,41,0202aaf00312a8c8005a5811460e29efbf1ffffffc2246cd1e00000fc0007ebfe9ed0737feebfff600,1,TX 41 seq=24289 rx_latency=1ms tx_dur=1ms,22.555,
2735,10,787,2867856147,2026-07-14T15:43:43.404039+00:00,78.600128,43308,41,0202aaf00313a92c005a5811460e29efbf1ffffffc2246cd1e00000fc0007ebfe9ed0737feebfff600,1,TX 41 seq=24290 rx_latency=1ms tx_dur=1ms,14.537,
2735,10,788,2867856148,2026-07-14T15:43:43.504045+00:00,78.700139,43408,41,0202aaf00314a990005a5811460e29efbf1ffffffc2246cd1e00000fc0007ebfe9ed0737feebfff600,1,TX 41 seq=24291 rx_latency=1ms tx_dur=1ms,16.118,
2735,10,789,2867856149,2026-07-14T15:43:43.604038+00:00,78.800128,43508,41,0202aaf00315a9f4005a5811460e29efbf1ffffffc2246cd1e00000fc0007ebfe9ed0737feebfff600,1,TX 41 seq=24292 rx_latency=1ms tx_dur=1ms,18.913,
2735,10,790,2867856150,2026-07-14T15:43:43.704067+00:00,78.900194,43608,41,0202aaf00316aa58005a5811460e29efbf1ffffffc2246cd1e00000fc0007ebfe9ed0737feebfff600,1,TX 41 seq=24293 rx_latency=1ms tx_dur=1ms,20.295,
2735,10,791,2867856151,2026-07-14T15:43:43.804041+00:00,79.000137,43708,41,0202aaf00317aabc005a5811460e29efbf1ffffffc2246cd1e00000fc0007ebfe9ed0737feebfff600,1,TX 41 seq=24294 rx_latency=1ms tx_dur=1ms,22.291,
2735,10,792,2867856152,2026-07-14T15:43:43.904046+00:00,79.100144,43808,41,0202aaf00318ab20005a5811460e29efbf1ffffffc2246cd1e00000fc0007ebfe9ed0737feebfff600,1,TX 41 seq=24295 rx_latency=1ms tx_dur=1ms,13.972,
2735,10,793,2867856153,2026-07-14T15:43:44.004040+00:00,79.200132,43908,41,0202aaf00319ab84005a5811460e29efbf1ffffffc2246cd1e00000fc0007ebfe9ed0737feebfff600,1,TX 41 seq=24296 rx_latency=1ms tx_dur=1ms,16.737,
2735,10,794,2867856154,2026-07-14T15:43:44.104045+00:00,79.300141,44008,41,0202aaf0031aabe8005a5811460e29efbf1ffffffc2246cd1e00000fc0007ebfe9ed0737feebfff600,1,TX 41 seq=24297 rx_latency=1ms tx_dur=1ms,18.322,
2735,10,795,2867856155,2026-07-14T15:43:44.204032+00:00,79.400129,44108,41,0202aaf0031bac4c005a5811460e29efbf1ffffffc2246cd1e00000fc0007ebfe9ed0737feebfff600,1,TX 41 seq=24298 rx_latency=1ms tx_dur=1ms,20.115,
2735,10,796,2867856156,2026-07-14T15:43:44.304052+00:00,79.500157,44208,41,0202aaf0031cacb0005a5811460e29efbf1ffffffc2246cd1e00000fc0007ebfe9ed0737feebfff600,1,TX 41 seq=24299 rx_latency=1ms tx_dur=1ms,21.716,
2735,10,797,2867856157,2026-07-14T15:43:44.403998+00:00,79.600089,44307,41,0202aaf0031dad13005a5811460e29efbf1ffffffc2246cd1e00000fc0007ebfe9ed0737feebfff600,1,TX 41 seq=24300 rx_latency=1ms tx_dur=1ms,14.548,
2735,10,798,2867856158,2026-07-14T15:43:44.504046+00:00,79.700144,44408,41,0202aaf0031ead78005a5811460e29efbf1ffffffc2246cd1e00000fc0007ebfe9ed0737feebfff600,1,TX 41 seq=24301 rx_latency=1ms tx_dur=1ms,16.179,
2735,10,799,2867856159,2026-07-14T15:43:44.604039+00:00,79.800128,44508,41,0202aaf0031faddc005a5811460e29efbf1ffffffc2246cd1e00000fc0007ebfe9ed0737feebfff600,1,TX 41 seq=24302 rx_latency=1ms tx_dur=1ms,17.958,
2735,10,800,2867856160,2026-07-14T15:43:44.704046+00:00,79.900142,44608,41,0202aaf00320ae40005a5811460e29efbf1ffffffc2246cd1e00000fc0007ebfe9ed0737feebfff600,1,TX 41 seq=24303 rx_latency=1ms tx_dur=1ms,20.734,
2735,10,801,2867856161,2026-07-14T15:43:44.804047+00:00,80.000154,44708,41,0202aaf00321aea4005a5811460e29efbf1ffffffc2246cd1e00000fc0007ebfe9ed0737feebfff600,1,TX 41 seq=24304 rx_latency=1ms tx_dur=1ms,22.231,
2735,10,802,2867856162,2026-07-14T15:43:44.904048+00:00,80.100151,44808,41,0202aaf00322af08005a5811460e29efbf1ffffffc2246cd1e00000fc0007ebfe9ed0737feebfff600,1,TX 41 seq=24305 rx_latency=1ms tx_dur=1ms,13.984,
2735,10,803,2867856163,2026-07-14T15:43:45.004042+00:00,80.200136,44908,41,0202aaf00323af6c005a5811460e29efbf1ffffffc2246cd1e00000fc0007ebfe9ed0737feebfff600,1,TX 41 seq=24306 rx_latency=1ms tx_dur=1ms,16.856,
2735,10,804,2867856164,2026-07-14T15:43:45.104046+00:00,80.300140,45008,41,0202aaf00324afd0005a5811460e29efbf1ffffffc2246cd1e00000fc0007ebfe9ed0737feebfff600,1,TX 41 seq=24307 rx_latency=1ms tx_dur=1ms,18.606,
2735,10,805,2867856165,2026-07-14T15:43:45.204040+00:00,80.400133,45108,41,0202aaf00325b034005a5811460e29efbf1ffffffc2246cd1e00000fc0007ebfe9ed0737feebfff600,1,TX 41 seq=24308 rx_latency=1ms tx_dur=1ms,20.482,
2735,10,806,2867856166,2026-07-14T15:43:45.304017+00:00,80.500117,45208,41,0202aaf00326b098005a5811460e29efbf1ffffffc2246cd1e00000fc0007ebfe9ed0737feebfff600,1,TX 41 seq=24309 rx_latency=1ms tx_dur=1ms,21.964,
2735,10,807,2867856167,2026-07-14T15:43:45.404040+00:00,80.600131,45308,41,0202aaf00327b0fc005a5811460e29efbf1ffffffc2246cd1e00000fc0007ebfe9ed0737feebfff600,1,TX 41 seq=24310 rx_latency=1ms tx_dur=1ms,14.844,
2735,10,808,2867856168,2026-07-14T15:43:45.504058+00:00,80.700173,45408,41,0202aaf00328b160005a5811460e29efbf1ffffffc2246cd1e00000fc0007ebfe9ed0737feebfff600,1,TX 41 seq=24311 rx_latency=1ms tx_dur=1ms,16.489,
2735,10,809,2867856169,2026-07-14T15:43:45.604042+00:00,80.800134,45508,41,0202aaf00329b1c4005a5811460e29efbf1ffffffc2246cd1e00000fc0007ebfe9ed0737feebfff600,1,TX 41 seq=24312 rx_latency=1ms tx_dur=1ms,18.239,
2735,10,810,2867856170,2026-07-14T15:43:45.704047+00:00,80.900143,45608,41,0202aaf0032ab228005a5811460e29efbf1ffffffc2246cd1e00000fc0007ebfe9ed0737feebfff600,1,TX 41 seq=24313 rx_latency=1ms tx_dur=1ms,19.789,
2735,10,811,2867856171,2026-07-14T15:43:45.804047+00:00,81.000142,45708,41,0202aaf0032bb28c005a5811460e29efbf1ffffffc2246cd1e00000fc0007ebfe9ed0737feebfff600,1,TX 41 seq=24314 rx_latency=1ms tx_dur=1ms,22.635,
2735,10,812,2867856172,2026-07-14T15:43:45.904040+00:00,81.100130,45808,41,0202aaf0032cb2f0005a5811460e29efbf1ffffffc2246cd1e00000fc0007ebfe9ed0737feebfff600,1,TX 41 seq=24315 rx_latency=1ms tx_dur=1ms,14.395,
2735,10,813,2867856173,2026-07-14T15:43:46.004050+00:00,81.200148,45908,41,0202aaf0032db354005a5811460e29efbf1ffffffc2246cd1e00000fc0007ebfe9ed0737feebfff600,1,TX 41 seq=24316 rx_latency=1ms tx_dur=1ms,16.091,
2735,10,814,2867856174,2026-07-14T15:43:46.104041+00:00,81.300131,46008,41,0202aaf0032eb3b8005a5811460e29efbf1ffffffc2246cd1e00000fc0007ebfe9ed0737feebfff600,1,TX 41 seq=24317 rx_latency=1ms tx_dur=1ms,18.716,
2735,10,815,2867856175,2026-07-14T15:43:46.204048+00:00,81.400142,46108,41,0202aaf0032fb41c005a5811460e29efbf1ffffffc2246cd1e00000fc0007ebfe9ed0737feebfff600,1,TX 41 seq=24318 rx_latency=1ms tx_dur=1ms,20.448,
2735,10,816,2867856176,2026-07-14T15:43:46.304041+00:00,81.500134,46208,41,0202aaf00330b480005a5811460e29efbf1ffffffc2246cd1e00000fc0007ebfe9ed0737feebfff600,1,TX 41 seq=24319 rx_latency=1ms tx_dur=1ms,22.134,
2735,10,817,2867856177,2026-07-14T15:43:46.404048+00:00,81.600145,46308,41,0202aaf00331b4e4005a5811460e29efbf1ffffffc2246cd1e00000fc0007ebfe9ed0737feebfff600,1,TX 41 seq=24320 rx_latency=1ms tx_dur=1ms,13.943,
2735,10,818,2867856178,2026-07-14T15:43:46.504023+00:00,81.700130,46408,41,0202aaf00332b548005a5811460e29efbf1ffffffc2246cd1e00000fc0007ebfe9ed0737feebfff600,1,TX 41 seq=24321 rx_latency=1ms tx_dur=1ms,16.535,
2735,10,819,2867856179,2026-07-14T15:43:46.604048+00:00,81.800150,46508,41,0202aaf00333b5ac005a5811460e29efbf1ffffffc2246cd1e00000fc0007ebfe9ed0737feebfff600,1,TX 41 seq=24322 rx_latency=1ms tx_dur=1ms,18.272,
2735,10,820,2867856180,2026-07-14T15:43:46.704039+00:00,81.900132,46608,41,0202aaf00334b610005a5811460e29efbf1ffffffc2246cd1e00000fc0007ebfe9ed0737feebfff600,1,TX 41 seq=24323 rx_latency=1ms tx_dur=1ms,19.990,
2735,10,821,2867856181,2026-07-14T15:43:46.804046+00:00,82.000144,46708,41,0202aaf00335b674005a5811460e29efbf1ffffffc2246cd1e00000fc0007ebfe9ed0737feebfff600,1,TX 41 seq=24324 rx_latency=1ms tx_dur=1ms,21.744,
2735,10,822,2867856182,2026-07-14T15:43:46.904039+00:00,82.100129,46808,41,0202aaf00336b6d8005a5811460e29efbf1ffffffc2246cd1e00000fc0007ebfe9ed0737feebfff600,1,TX 41 seq=24325 rx_latency=1ms tx_dur=1ms,14.427,
2735,10,823,2867856183,2026-07-14T15:43:47.004049+00:00,82.200147,46908,41,0202aaf00337b73c005a5811460e29efbf1ffffffc2246cd1e00000fc0007ebfe9ed0737feebfff600,1,TX 41 seq=24326 rx_latency=1ms tx_dur=1ms,16.113,
2735,10,824,2867856184,2026-07-14T15:43:47.104038+00:00,82.300129,47008,41,0202aaf00338b7a0005a5811460e29efbf1ffffffc2246cd1e00000fc0007ebfe9ed0737feebfff600,1,TX 41 seq=24327 rx_latency=1ms tx_dur=1ms,17.842,
2735,10,825,2867856185,2026-07-14T15:43:47.204047+00:00,82.400143,47108,41,0202aaf00339b804005a5811460e29efbf1ffffffc2246cd1e00000fc0007ebfe9ed0737feebfff600,1,TX 41 seq=24328 rx_latency=1ms tx_dur=1ms,20.682,
2735,10,826,2867856186,2026-07-14T15:43:47.304009+00:00,82.500127,47207,41,0202aaf0033ab867005a5811460e29efbf1ffffffc2246cd1e00000fc0007ebfe9ed0737feebfff600,1,TX 41 seq=24329 rx_latency=1ms tx_dur=1ms,22.103,
2735,10,827,2867856187,2026-07-14T15:43:47.404050+00:00,82.600154,47308,41,0202aaf0033bb8cc005a5811460e29efbf1ffffffc2246cd1e00000fc0007ebfe9ed0737feebfff600,1,TX 41 seq=24330 rx_latency=1ms tx_dur=1ms,13.927,
2735,10,828,2867856188,2026-07-14T15:43:47.504042+00:00,82.700136,47408,41,0202aaf0033cb930005a5811460e29efbf1ffffffc2246cd1e00000fc0007ebfe9ed0737feebfff600,1,TX 41 seq=24331 rx_latency=1ms tx_dur=1ms,16.787,
2735,10,829,2867856189,2026-07-14T15:43:47.604046+00:00,82.800143,47508,41,0202aaf0033db994005a5811460e29efbf1ffffffc2246cd1e00000fc0007ebfe9ed0737feebfff600,1,TX 41 seq=24332 rx_latency=1ms tx_dur=1ms,18.519,
2735,10,830,2867856190,2026-07-14T15:43:47.704019+00:00,82.900132,47608,41,0202aaf0033eb9f8005a5811460e29efbf1ffffffc2246cd1e00000fc0007ebfe9ed0737feebfff600,1,TX 41 seq=24333 rx_latency=1ms tx_dur=1ms,19.963,
2735,10,831,2867856191,2026-07-14T15:43:47.804050+00:00,83.000151,47708,41,0202aaf0033fba5c005a5811460e29efbf1ffffffc2246cd1e00000fc0007ebfe9ed0737feebfff600,1,TX 41 seq=24334 rx_latency=1ms tx_dur=1ms,21.738,
2735,10,832,2867856192,2026-07-14T15:43:47.904039+00:00,83.100130,47808,41,0202aaf00340bac0005a5811460e29efbf1ffffffc2246cd1e00000fc0007ebfe9ed0737feebfff600,1,TX 41 seq=24335 rx_latency=1ms tx_dur=1ms,14.644,
2735,10,833,2867856193,2026-07-14T15:43:48.004048+00:00,83.200143,47908,41,0202aaf00341bb24005a5811460e29efbf1ffffffc2246cd1e00000fc0007ebfe9ed0737feebfff600,1,TX 41 seq=24336 rx_latency=1ms tx_dur=1ms,16.348,
2735,10,834,2867856194,2026-07-14T15:43:48.104046+00:00,83.300140,48008,41,0202aaf00342bb88005a5811460e29efbf1ffffffc2246cd1e00000fc0007ebfe9ed0737feebfff600,1,TX 41 seq=24337 rx_latency=1ms tx_dur=1ms,17.877,
2735,10,835,2867856195,2026-07-14T15:43:48.204048+00:00,83.400145,48108,41,0202aaf00343bbec005a5811460e29efbf1ffffffc2246cd1e00000fc0007ebfe9ed0737feebfff600,1,TX 41 seq=24338 rx_latency=1ms tx_dur=1ms,20.703,
2735,10,836,2867856196,2026-07-14T15:43:48.304042+00:00,83.500135,48208,41,0202aaf00344bc50005a5811460e29efbf1ffffffc2246cd1e00000fc0007ebfe9ed0737feebfff600,1,TX 41 seq=24339 rx_latency=1ms tx_dur=1ms,22.385,
2735,10,837,2867856197,2026-07-14T15:43:48.404046+00:00,83.600143,48308,41,0202aaf00345bcb4005a5811460e29efbf1ffffffc2246cd1e00000fc0007ebfe9ed0737feebfff600,1,TX 41 seq=24340 rx_latency=1ms tx_dur=1ms,14.186,
2735,10,838,2867856198,2026-07-14T15:43:48.504039+00:00,83.700128,48408,41,0202aaf00346bd18005a5811460e29efbf1ffffffc2246cd1e00000fc0007ebfe9ed0737feebfff600,1,TX 41 seq=24341 rx_latency=1ms tx_dur=1ms,16.058,
2735,10,839,2867856199,2026-07-14T15:43:48.604047+00:00,83.800142,48508,41,0202aaf00347bd7c005a5811460e29efbf1ffffffc2246cd1e00000fc0007ebfe9ed0737feebfff600,1,TX 41 seq=24342 rx_latency=1ms tx_dur=1ms,18.664,
2735,10,840,2867856200,2026-07-14T15:43:48.704040+00:00,83.900132,48608,41,0202aaf00348bde0005a5811460e29efbf1ffffffc2246cd1e00000fc0007ebfe9ed0737feebfff600,1,TX 41 seq=24343 rx_latency=1ms tx_dur=1ms,20.419,
2735,10,841,2867856201,2026-07-14T15:43:48.804054+00:00,84.000162,48708,41,0202aaf00349be44005a5811460e29efbf1ffffffc2246cd1e00000fc0007ebfe9ed0737feebfff600,1,TX 41 seq=24344 rx_latency=1ms tx_dur=1ms,22.079,
2735,10,842,2867856202,2026-07-14T15:43:48.904042+00:00,84.100137,48808,41,0202aaf0034abea8005a5811460e29efbf1ffffffc2246cd1e00000fc0007ebfe9ed0737feebfff600,1,TX 41 seq=24345 rx_latency=1ms tx_dur=1ms,13.881,
2735,10,843,2867856203,2026-07-14T15:43:49.004046+00:00,84.200142,48908,41,0202aaf0034bbf0c005a5811460e29efbf1ffffffc2246cd1e00000fc0007ebfe9ed0737feebfff600,1,TX 41 seq=24346 rx_latency=1ms tx_dur=1ms,16.502,
2735,10,844,2867856204,2026-07-14T15:43:49.104045+00:00,84.300138,49008,41,0202aaf0034cbf70005a5811460e29efbf1ffffffc2246cd1e00000fc0007ebfe9ed0737feebfff600,1,TX 41 seq=24347 rx_latency=1ms tx_dur=1ms,18.234,
2735,10,845,2867856205,2026-07-14T15:43:49.204018+00:00,84.400111,49108,41,0202aaf0034dbfd4005a5811460e29efbf1ffffffc2246cd1e00000fc0007ebfe9ed0737feebfff600,1,TX 41 seq=24348 rx_latency=1ms tx_dur=1ms,20.006,
2735,10,846,2867856206,2026-07-14T15:43:49.304042+00:00,84.500136,49208,41,0202aaf0034ec038005a5811460e29efbf1ffffffc2246cd1e00000fc0007ebfe9ed0737feebfff600,1,TX 41 seq=24349 rx_latency=1ms tx_dur=1ms,22.729,
2735,10,847,2867856207,2026-07-14T15:43:49.404012+00:00,84.600109,49308,41,0202aaf0034fc09c005a5811460e29efbf1ffffffc2246cd1e00000fc0007ebfe9ed0737feebfff600,1,TX 41 seq=24350 rx_latency=1ms tx_dur=1ms,14.357,
2735,10,848,2867856208,2026-07-14T15:43:49.504046+00:00,84.700142,49408,41,0202aaf00350c100005a5811460e29efbf1ffffffc2246cd1e00000fc0007ebfe9ed0737feebfff600,1,TX 41 seq=24351 rx_latency=1ms tx_dur=1ms,16.072,
2735,10,849,2867856209,2026-07-14T15:43:49.604040+00:00,84.800130,49508,41,0202aaf00351c164005a5811460e29efbf1ffffffc2246cd1e00000fc0007ebfe9ed0737feebfff600,1,TX 41 seq=24352 rx_latency=1ms tx_dur=1ms,18.894,
2735,10,850,2867856210,2026-07-14T15:43:49.704064+00:00,84.900189,49608,41,0202aaf00352c1c8005a5811460e29efbf1ffffffc2246cd1e00000fc0007ebfe9ed0737feebfff600,1,TX 41 seq=24353 rx_latency=1ms tx_dur=1ms,20.520,
2735,10,851,2867856211,2026-07-14T15:43:49.804050+00:00,85.000162,49708,41,0202aaf00353c22c005a5811460e29efbf1ffffffc2246cd1e00000fc0007ebfe9ed0737feebfff600,1,TX 41 seq=24354 rx_latency=1ms tx_dur=1ms,22.055,
2735,10,852,2867856212,2026-07-14T15:43:49.904051+00:00,85.100154,49808,41,0202aaf00354c290005a5811460e29efbf1ffffffc2246cd1e00000fc0007ebfe9ed0737feebfff600,1,TX 41 seq=24355 rx_latency=1ms tx_dur=1ms,13.876,
2735,10,853,2867856213,2026-07-14T15:43:50.004042+00:00,85.200137,49908,41,0202aaf00355c2f4005a5811460e29efbf1ffffffc2246cd1e00000fc0007ebfe9ed0737feebfff600,1,TX 41 seq=24356 rx_latency=1ms tx_dur=1ms,16.726,
2735,10,854,2867856214,2026-07-14T15:43:50.104047+00:00,85.300143,50008,41,0202aaf00356c358005a5811460e29efbf1ffffffc2246cd1e00000fc0007ebfe9ed0737feebfff600,1,TX 41 seq=24357 rx_latency=1ms tx_dur=1ms,18.466,
2735,10,855,2867856215,2026-07-14T15:43:50.204039+00:00,85.400128,50108,41,0202aaf00357c3bc005a5811460e29efbf1ffffffc2246cd1e00000fc0007ebfe9ed0737feebfff600,1,TX 41 seq=24358 rx_latency=1ms tx_dur=1ms,19.971,
2735,10,856,2867856216,2026-07-14T15:43:50.304047+00:00,85.500145,50208,41,0202aaf00358c420005a5811460e29efbf1ffffffc2246cd1e00000fc0007ebfe9ed0737feebfff600,1,TX 41 seq=24359 rx_latency=1ms tx_dur=1ms,22.804,
2735,10,857,2867856217,2026-07-14T15:43:50.404041+00:00,85.600136,50308,41,0202aaf00359c484005a5811460e29efbf1ffffffc2246cd1e00000fc0007ebfe9ed0737feebfff600,1,TX 41 seq=24360 rx_latency=1ms tx_dur=1ms,14.567,
2735,10,858,2867856218,2026-07-14T15:43:50.504048+00:00,85.700146,50408,41,0202aaf0035ac4e8005a5811460e29efbf1ffffffc2246cd1e00000fc0007ebfe9ed0737feebfff600,1,TX 41 seq=24361 rx_latency=1ms tx_dur=1ms,16.292,
2735,10,859,2867856219,2026-07-14T15:43:50.604042+00:00,85.800136,50508,41,0202aaf0035bc54c005a5811460e29efbf1ffffffc2246cd1e00000fc0007ebfe9ed0737feebfff600,1,TX 41 seq=24362 rx_latency=1ms tx_dur=1ms,17.804,
2735,10,860,2867856220,2026-07-14T15:43:50.704049+00:00,85.900144,50608,41,0202aaf0035cc5b0005a5811460e29efbf1ffffffc2246cd1e00000fc0007ebfe9ed0737feebfff600,1,TX 41 seq=24363 rx_latency=1ms tx_dur=1ms,20.648,
2735,10,861,2867856221,2026-07-14T15:43:50.804041+00:00,86.000131,50708,41,0202aaf0035dc614005a5811460e29efbf1ffffffc2246cd1e00000fc0007ebfe9ed0737feebfff600,1,TX 41 seq=24364 rx_latency=1ms tx_dur=1ms,22.335,
2735,10,862,2867856222,2026-07-14T15:43:50.904047+00:00,86.100144,50808,41,0202aaf0035ec678005a5811460e29efbf1ffffffc2246cd1e00000fc0007ebfe9ed0737feebfff600,1,TX 41 seq=24365 rx_latency=1ms tx_dur=1ms,14.131,
2735,10,863,2867856223,2026-07-14T15:43:51.004057+00:00,86.200171,50908,41,0202aaf0035fc6dc005a5811460e29efbf1ffffffc2246cd1e00000fc0007ebfe9ed0737feebfff600,1,TX 41 seq=24366 rx_latency=1ms tx_dur=1ms,16.684,
2735,10,864,2867856224,2026-07-14T15:43:51.104040+00:00,86.300133,51008,41,0202aaf00360c740005a5811460e29efbf1ffffffc2246cd1e00000fc0007ebfe9ed0737feebfff600,1,TX 41 seq=24367 rx_latency=1ms tx_dur=1ms,18.478,
2735,10,865,2867856225,2026-07-14T15:43:51.204030+00:00,86.400126,51108,41,0202aaf00361c7a4005a5811460e29efbf1ffffffc2246cd1e00000fc0007ebfe9ed0737feebfff600,1,TX 41 seq=24368 rx_latency=1ms tx_dur=1ms,20.244,
2735,10,866,2867856226,2026-07-14T15:43:51.304039+00:00,86.500129,51208,41,0202aaf00362c808005a5811460e29efbf1ffffffc2246cd1e00000fc0007ebfe9ed0737feebfff600,1,TX 41 seq=24369 rx_latency=1ms tx_dur=1ms,21.909,
2735,10,867,2867856227,2026-07-14T15:43:51.404022+00:00,86.600119,51308,41,0202aaf00363c86c005a5811460e29efbf1ffffffc2246cd1e00000fc0007ebfe9ed0737feebfff600,1,TX 41 seq=24370 rx_latency=1ms tx_dur=1ms,14.826,
2735,10,868,2867856228,2026-07-14T15:43:51.504044+00:00,86.700144,51408,41,0202aaf00364c8d0005a5811460e29efbf1ffffffc2246cd1e00000fc0007ebfe9ed0737feebfff600,1,TX 41 seq=24371 rx_latency=1ms tx_dur=1ms,16.298,
2735,10,869,2867856229,2026-07-14T15:43:51.604048+00:00,86.800145,51508,41,0202aaf00365c934005a5811460e29efbf1ffffffc2246cd1e00000fc0007ebfe9ed0737feebfff600,1,TX 41 seq=24372 rx_latency=1ms tx_dur=1ms,18.030,
2735,10,870,2867856230,2026-07-14T15:43:51.704041+00:00,86.900139,51608,41,0202aaf00366c998005a5811460e29efbf1ffffffc2246cd1e00000fc0007ebfe9ed0737feebfff600,1,TX 41 seq=24373 rx_latency=1ms tx_dur=1ms,20.827,
2735,10,871,2867856231,2026-07-14T15:43:51.804055+00:00,87.000170,51708,41,0202aaf00367c9fc005a5811460e29efbf1ffffffc2246cd1e00000fc0007ebfe9ed0737feebfff600,1,TX 41 seq=24374 rx_latency=1ms tx_dur=1ms,22.508,
2735,10,872,2867856232,2026-07-14T15:43:51.904042+00:00,87.100140,51808,41,0202aaf00368ca60005a5811460e29efbf1ffffffc2246cd1e00000fc0007ebfe9ed0737feebfff600,1,TX 41 seq=24375 rx_latency=1ms tx_dur=1ms,14.153,
2735,10,873,2867856233,2026-07-14T15:43:52.004036+00:00,87.200148,51908,41,0202aaf00369cac4005a5811460e29efbf1ffffffc2246cd1e00000fc0007ebfe9ed0737feebfff600,1,TX 41 seq=24376 rx_latency=1ms tx_dur=1ms,15.875,
2735,10,874,2867856234,2026-07-14T15:43:52.104041+00:00,87.300136,52008,41,0202aaf0036acb28005a5811460e29efbf1ffffffc2246cd1e00000fc0007ebfe9ed0737feebfff600,1,TX 41 seq=24377 rx_latency=1ms tx_dur=1ms,18.679,
2735,10,875,2867856235,2026-07-14T15:43:52.204047+00:00,87.400143,52108,41,0202aaf0036bcb8c005a5811460e29efbf1ffffffc2246cd1e00000fc0007ebfe9ed0737feebfff600,1,TX 41 seq=24378 rx_latency=1ms tx_dur=1ms,20.430,
2735,10,876,2867856236,2026-07-14T15:43:52.304042+00:00,87.500138,52208,41,0202aaf0036ccbf0005a5811460e29efbf1ffffffc2246cd1e00000fc0007ebfe9ed0737feebfff600,1,TX 41 seq=24379 rx_latency=1ms tx_dur=1ms,21.911,
2735,10,877,2867856237,2026-07-14T15:43:52.404063+00:00,87.600188,52308,41,0202aaf0036dcc54005a5811460e29efbf1ffffffc2246cd1e00000fc0007ebfe9ed0737feebfff600,1,TX 41 seq=24380 rx_latency=1ms tx_dur=1ms,14.713,
2735,10,878,2867856238,2026-07-14T15:43:52.504046+00:00,87.700150,52408,41,0202aaf0036eccb8005a5811460e29efbf1ffffffc2246cd1e00000fc0007ebfe9ed0737feebfff600,1,TX 41 seq=24381 rx_latency=1ms tx_dur=1ms,16.500,
2735,10,879,2867856239,2026-07-14T15:43:52.604049+00:00,87.800148,52508,41,0202aaf0036fcd1c005a5811460e29efbf1ffffffc2246cd1e00000fc0007ebfe9ed0737feebfff600,1,TX 41 seq=24382 rx_latency=1ms tx_dur=1ms,18.267,
2735,10,880,2867856240,2026-07-14T15:43:52.704038+00:00,87.900131,52608,41,0202aaf00370cd80005a5811460e29efbf1ffffffc2246cd1e00000fc0007ebfe9ed0737feebfff600,1,TX 41 seq=24383 rx_latency=1ms tx_dur=1ms,20.877,
2735,10,881,2867856241,2026-07-14T15:43:52.804049+00:00,88.000148,52708,41,0202aaf00371cde4005a5811460e29efbf1ffffffc2246cd1e00000fc0007ebfe9ed0737feebfff600,1,TX 41 seq=24384 rx_latency=1ms tx_dur=1ms,22.630,
2735,10,882,2867856242,2026-07-14T15:43:52.904003+00:00,88.100101,52807,41,0202aaf00372ce47005a5811460e29efbf1ffffffc2246cd1e00000fc0007ebfe9ed0737feebfff600,1,TX 41 seq=24385 rx_latency=1ms tx_dur=1ms,14.422,
2735,10,883,2867856243,2026-07-14T15:43:53.004049+00:00,88.200146,52908,41,0202aaf00373ceac005a5811460e29efbf1ffffffc2246cd1e00000fc0007ebfe9ed0737feebfff600,1,TX 41 seq=24386 rx_latency=1ms tx_dur=1ms,16.141,
2735,10,884,2867856244,2026-07-14T15:43:53.103995+00:00,88.300096,53007,41,0202aaf00374cf0f005a5811460e29efbf1ffffffc2246cd1e00000fc0007ebfe9ed0737feebfff600,1,TX 41 seq=24387 rx_latency=1ms tx_dur=1ms,18.728,
2735,10,885,2867856245,2026-07-14T15:43:53.204047+00:00,88.400145,53108,41,0202aaf00375cf74005a5811460e29efbf1ffffffc2246cd1e00000fc0007ebfe9ed0737feebfff600,1,TX 41 seq=24388 rx_latency=1ms tx_dur=1ms,20.458,
2735,10,886,2867856246,2026-07-14T15:43:53.303989+00:00,88.500084,53207,41,0202aaf00376cfd7005a5811460e29efbf1ffffffc2246cd1e00000fc0007ebfe9ed0737feebfff600,1,TX 41 seq=24389 rx_latency=1ms tx_dur=1ms,22.176,
2735,10,887,2867856247,2026-07-14T15:43:53.404046+00:00,88.600142,53308,41,0202aaf00377d03c005a5811460e29efbf1ffffffc2246cd1e00000fc0007ebfe9ed0737feebfff600,1,TX 41 seq=24390 rx_latency=1ms tx_dur=1ms,13.941,
2735,10,888,2867856248,2026-07-14T15:43:53.504041+00:00,88.700133,53408,41,0202aaf00378d0a0005a5811460e29efbf1ffffffc2246cd1e00000fc0007ebfe9ed0737feebfff600,1,TX 41 seq=24391 rx_latency=1ms tx_dur=1ms,16.583,
2735,10,889,2867856249,2026-07-14T15:43:53.604046+00:00,88.800145,53508,41,0202aaf00379d104005a5811460e29efbf1ffffffc2246cd1e00000fc0007ebfe9ed0737feebfff600,1,TX 41 seq=24392 rx_latency=1ms tx_dur=1ms,18.286,
2735,10,890,2867856250,2026-07-14T15:43:53.703984+00:00,88.900073,53607,41,0202aaf0037ad167005a5811460e29efbf1ffffffc2246cd1e00000fc0007ebfe9ed0737feebfff600,1,TX 41 seq=24393 rx_latency=1ms tx_dur=1ms,20.056,
2735,10,891,2867856251,2026-07-14T15:43:53.804035+00:00,89.000140,53708,41,0202aaf0037bd1cc005a5811460e29efbf1ffffffc2246cd1e00000fc0007ebfe9ed0737feebfff600,1,TX 41 seq=24394 rx_latency=1ms tx_dur=1ms,21.742,
2735,10,892,2867856252,2026-07-14T15:43:53.904039+00:00,89.100131,53808,41,0202aaf0037cd230005a5811460e29efbf1ffffffc2246cd1e00000fc0007ebfe9ed0737feebfff600,1,TX 41 seq=24395 rx_latency=1ms tx_dur=1ms,14.433,
2735,10,893,2867856253,2026-07-14T15:43:54.004048+00:00,89.200144,53908,41,0202aaf0037dd294005a5811460e29efbf1ffffffc2246cd1e00000fc0007ebfe9ed0737feebfff600,1,TX 41 seq=24396 rx_latency=1ms tx_dur=1ms,16.142,
2735,10,894,2867856254,2026-07-14T15:43:54.104047+00:00,89.300144,54008,41,0202aaf0037ed2f8005a5811460e29efbf1ffffffc2246cd1e00000fc0007ebfe9ed0737feebfff600,1,TX 41 seq=24397 rx_latency=1ms tx_dur=1ms,17.852,
2735,10,895,2867856255,2026-07-14T15:43:54.204046+00:00,89.400141,54108,41,0202aaf0037fd35c005a5811460e29efbf1ffffffc2246cd1e00000fc0007ebfe9ed0737feebfff600,1,TX 41 seq=24398 rx_latency=1ms tx_dur=1ms,20.699,
2735,10,896,2867856256,2026-07-14T15:43:54.304048+00:00,89.500154,54208,41,0202aaf00380d3c0005a5811460e29efbf1ffffffc2246cd1e00000fc0007ebfe9ed0737feebfff600,1,TX 41 seq=24399 rx_latency=1ms tx_dur=1ms,22.121,
2735,10,897,2867856257,2026-07-14T15:43:54.404048+00:00,89.600147,54308,41,0202aaf00381d424005a5811460e29efbf1ffffffc2246cd1e00000fc0007ebfe9ed0737feebfff600,1,TX 41 seq=24400 rx_latency=1ms tx_dur=1ms,13.957,
2735,10,898,2867856258,2026-07-14T15:43:54.504040+00:00,89.700135,54408,41,0202aaf00382d488005a5811460e29efbf1ffffffc2246cd1e00000fc0007ebfe9ed0737feebfff600,1,TX 41 seq=24401 rx_latency=1ms tx_dur=1ms,16.788,
2735,10,899,2867856259,2026-07-14T15:43:54.604047+00:00,89.800145,54508,41,0202aaf00383d4ec005a5811460e29efbf1ffffffc2246cd1e00000fc0007ebfe9ed0737feebfff600,1,TX 41 seq=24402 rx_latency=1ms tx_dur=1ms,18.517,
2735,10,900,2867856260,2026-07-14T15:43:54.704041+00:00,89.900132,54608,41,0202aaf00384d550005a5811460e29efbf1ffffffc2246cd1e00000fc0007ebfe9ed0737feebfff600,1,TX 41 seq=24403 rx_latency=1ms tx_dur=1ms,20.035,
2735,10,901,2867856261,2026-07-14T15:43:54.804057+00:00,90.000170,54708,41,0202aaf00385d5b4005a5811460e29efbf1ffffffc2246cd1e00000fc0007ebfe9ed0737feebfff600,1,TX 41 seq=24404 rx_latency=1ms tx_dur=1ms,21.709,
2735,10,902,2867856262,2026-07-14T15:43:54.904043+00:00,90.100140,54808,41,0202aaf00386d618005a5811460e29efbf1ffffffc2246cd1e00000fc0007ebfe9ed0737feebfff600,1,TX 41 seq=24405 rx_latency=1ms tx_dur=1ms,14.634,
2735,10,903,2867856263,2026-07-14T15:43:55.004050+00:00,90.200149,54908,41,0202aaf00387d67c005a5811460e29efbf1ffffffc2246cd1e00000fc0007ebfe9ed0737feebfff600,1,TX 41 seq=24406 rx_latency=1ms tx_dur=1ms,16.357,
2735,10,904,2867856264,2026-07-14T15:43:55.104047+00:00,90.300141,55008,41,0202aaf00388d6e0005a5811460e29efbf1ffffffc2246cd1e00000fc0007ebfe9ed0737feebfff600,1,TX 41 seq=24407 rx_latency=1ms tx_dur=1ms,18.213,
2735,10,905,2867856265,2026-07-14T15:43:55.204041+00:00,90.400138,55108,41,0202aaf00389d744005a5811460e29efbf1ffffffc2246cd1e00000fc0007ebfe9ed0737feebfff600,1,TX 41 seq=24408 rx_latency=1ms tx_dur=1ms,20.792,
2735,10,906,2867856266,2026-07-14T15:43:55.304053+00:00,90.500165,55208,41,0202aaf0038ad7a8005a5811460e29efbf1ffffffc2246cd1e00000fc0007ebfe9ed0737feebfff600,1,TX 41 seq=24409 rx_latency=1ms tx_dur=1ms,22.493,
2735,10,907,2867856267,2026-07-14T15:43:55.403996+00:00,90.600092,55307,41,0202aaf0038bd80b005a5811460e29efbf1ffffffc2246cd1e00000fc0007ebfe9ed0737feebfff600,1,TX 41 seq=24410 rx_latency=1ms tx_dur=1ms,14.373,
2735,10,908,2867856268,2026-07-14T15:43:55.504049+00:00,90.700149,55408,41,0202aaf0038cd870005a5811460e29efbf1ffffffc2246cd1e00000fc0007ebfe9ed0737feebfff600,1,TX 41 seq=24411 rx_latency=1ms tx_dur=1ms,16.039,
2735,10,909,2867856269,2026-07-14T15:43:55.604039+00:00,90.800133,55508,41,0202aaf0038dd8d4005a5811460e29efbf1ffffffc2246cd1e00000fc0007ebfe9ed0737feebfff600,1,TX 41 seq=24412 rx_latency=1ms tx_dur=1ms,18.672,
2735,10,910,2867856270,2026-07-14T15:43:55.704038+00:00,90.900161,55608,41,0202aaf0038ed938005a5811460e29efbf1ffffffc2246cd1e00000fc0007ebfe9ed0737feebfff600,1,TX 41 seq=24413 rx_latency=1ms tx_dur=1ms,20.272,
2735,10,911,2867856271,2026-07-14T15:43:55.804053+00:00,91.000158,55708,41,0202aaf0038fd99c005a5811460e29efbf1ffffffc2246cd1e00000fc0007ebfe9ed0737feebfff600,1,TX 41 seq=24414 rx_latency=1ms tx_dur=1ms,22.076,
2735,10,912,2867856272,2026-07-14T15:43:55.904041+00:00,91.100136,55808,41,0202aaf00390da00005a5811460e29efbf1ffffffc2246cd1e00000fc0007ebfe9ed0737feebfff600,1,TX 41 seq=24415 rx_latency=1ms tx_dur=1ms,13.905,
2735,10,913,2867856273,2026-07-14T15:43:56.004051+00:00,91.200155,55908,41,0202aaf00391da64005a5811460e29efbf1ffffffc2246cd1e00000fc0007ebfe9ed0737feebfff600,1,TX 41 seq=24416 rx_latency=1ms tx_dur=1ms,16.486,
2735,10,914,2867856274,2026-07-14T15:43:56.104040+00:00,91.300134,56008,41,0202aaf00392dac8005a5811460e29efbf1ffffffc2246cd1e00000fc0007ebfe9ed0737feebfff600,1,TX 41 seq=24417 rx_latency=1ms tx_dur=1ms,18.230,
2735,10,915,2867856275,2026-07-14T15:43:56.204049+00:00,91.400151,56108,41,0202aaf00393db2c005a5811460e29efbf1ffffffc2246cd1e00000fc0007ebfe9ed0737feebfff600,1,TX 41 seq=24418 rx_latency=1ms tx_dur=1ms,19.950,
2735,10,916,2867856276,2026-07-14T15:43:56.304041+00:00,91.500134,56208,41,0202aaf00394db90005a5811460e29efbf1ffffffc2246cd1e00000fc0007ebfe9ed0737feebfff600,1,TX 41 seq=24419 rx_latency=1ms tx_dur=1ms,22.743,
2735,10,917,2867856277,2026-07-14T15:43:56.404047+00:00,91.600144,56308,41,0202aaf00395dbf4005a5811460e29efbf1ffffffc2246cd1e00000fc0007ebfe9ed0737feebfff600,1,TX 41 seq=24420 rx_latency=1ms tx_dur=1ms,14.337,
2735,10,918,2867856278,2026-07-14T15:43:56.504055+00:00,91.700168,56408,41,0202aaf00396dc58005a5811460e29efbf1ffffffc2246cd1e00000fc0007ebfe9ed0737feebfff600,1,TX 41 seq=24421 rx_latency=1ms tx_dur=1ms,16.016,
2735,10,919,2867856279,2026-07-14T15:43:56.604041+00:00,91.800138,56508,41,0202aaf00397dcbc005a5811460e29efbf1ffffffc2246cd1e00000fc0007ebfe9ed0737feebfff600,1,TX 41 seq=24422 rx_latency=1ms tx_dur=1ms,17.776,
2735,10,920,2867856280,2026-07-14T15:43:56.704048+00:00,91.900144,56608,41,0202aaf00398dd20005a5811460e29efbf1ffffffc2246cd1e00000fc0007ebfe9ed0737feebfff600,1,TX 41 seq=24423 rx_latency=1ms tx_dur=1ms,20.632,
2735,10,921,2867856281,2026-07-14T15:43:56.804039+00:00,92.000130,56708,41,0202aaf00399dd84005a5811460e29efbf1ffffffc2246cd1e00000fc0007ebfe9ed0737feebfff600,1,TX 41 seq=24424 rx_latency=1ms tx_dur=1ms,22.157,
2735,10,922,2867856282,2026-07-14T15:43:56.904048+00:00,92.100144,56808,41,0202aaf0039adde8005a5811460e29efbf1ffffffc2246cd1e00000fc0007ebfe9ed0737feebfff600,1,TX 41 seq=24425 rx_latency=1ms tx_dur=1ms,13.904,
2735,10,923,2867856283,2026-07-14T15:43:57.004049+00:00,92.200148,56908,41,0202aaf0039bde4c005a5811460e29efbf1ffffffc2246cd1e00000fc0007ebfe9ed0737feebfff600,1,TX 41 seq=24426 rx_latency=1ms tx_dur=1ms,16.731,
2735,10,924,2867856284,2026-07-14T15:43:57.104045+00:00,92.300139,57008,41,0202aaf0039cdeb0005a5811460e29efbf1ffffffc2246cd1e00000fc0007ebfe9ed0737feebfff600,1,TX 41 seq=24427 rx_latency=1ms tx_dur=1ms,18.484,
2735,10,925,2867856285,2026-07-14T15:43:57.204046+00:00,92.400140,57108,41,0202aaf0039ddf14005a5811460e29efbf1ffffffc2246cd1e00000fc0007ebfe9ed0737feebfff600,1,TX 41 seq=24428 rx_latency=1ms tx_dur=1ms,19.999,
2735,10,926,2867856286,2026-07-14T15:43:57.304043+00:00,92.500135,57208,41,0202aaf0039edf78005a5811460e29efbf1ffffffc2246cd1e00000fc0007ebfe9ed0737feebfff600,1,TX 41 seq=24429 rx_latency=1ms tx_dur=1ms,22.945,
2735,10,927,2867856287,2026-07-14T15:43:57.404051+00:00,92.600159,57308,41,0202aaf0039fdfdc005a5811460e29efbf1ffffffc2246cd1e00000fc0007ebfe9ed0737feebfff600,1,TX 41 seq=24430 rx_latency=1ms tx_dur=1ms,14.507,
2735,10,928,2867856288,2026-07-14T15:43:57.504049+00:00,92.700150,57408,41,0202aaf003a0e040005a5811460e29efbf1ffffffc2246cd1e00000fc0007ebfe9ed0737feebfff600,1,TX 41 seq=24431 rx_latency=1ms tx_dur=1ms,16.281,
2735,10,929,2867856289,2026-07-14T15:43:57.604041+00:00,92.800136,57508,41,0202aaf003a1e0a4005a5811460e29efbf1ffffffc2246cd1e00000fc0007ebfe9ed0737feebfff600,1,TX 41 seq=24432 rx_latency=1ms tx_dur=1ms,17.807,
2735,10,930,2867856290,2026-07-14T15:43:57.704048+00:00,92.900146,57608,41,0202aaf003a2e108005a5811460e29efbf1ffffffc2246cd1e00000fc0007ebfe9ed0737feebfff600,1,TX 41 seq=24433 rx_latency=1ms tx_dur=1ms,20.651,
2735,10,931,2867856291,2026-07-14T15:43:57.804047+00:00,93.000141,57708,41,0202aaf003a3e16c005a5811460e29efbf1ffffffc2246cd1e00000fc0007ebfe9ed0737feebfff600,1,TX 41 seq=24434 rx_latency=1ms tx_dur=1ms,22.393,
2735,10,932,2867856292,2026-07-14T15:43:57.904045+00:00,93.100139,57808,41,0202aaf003a4e1d0005a5811460e29efbf1ffffffc2246cd1e00000fc0007ebfe9ed0737feebfff600,1,TX 41 seq=24435 rx_latency=1ms tx_dur=1ms,14.151,
2735,10,933,2867856293,2026-07-14T15:43:58.004047+00:00,93.200142,57908,41,0202aaf003a5e234005a5811460e29efbf1ffffffc2246cd1e00000fc0007ebfe9ed0737feebfff600,1,TX 41 seq=24436 rx_latency=1ms tx_dur=1ms,16.767,
2735,10,934,2867856294,2026-07-14T15:43:58.104040+00:00,93.300132,58008,41,0202aaf003a6e298005a5811460e29efbf1ffffffc2246cd1e00000fc0007ebfe9ed0737feebfff600,1,TX 41 seq=24437 rx_latency=1ms tx_dur=1ms,18.475,
2735,10,935,2867856295,2026-07-14T15:43:58.204046+00:00,93.400141,58108,41,0202aaf003a7e2fc005a5811460e29efbf1ffffffc2246cd1e00000fc0007ebfe9ed0737feebfff600,1,TX 41 seq=24438 rx_latency=1ms tx_dur=1ms,20.215,
2735,10,936,2867856296,2026-07-14T15:43:58.304045+00:00,93.500140,58208,41,0202aaf003a8e360005a5811460e29efbf1ffffffc2246cd1e00000fc0007ebfe9ed0737feebfff600,1,TX 41 seq=24439 rx_latency=1ms tx_dur=1ms,21.958,
2735,10,937,2867856297,2026-07-14T15:43:58.404045+00:00,93.600138,58308,41,0202aaf003a9e3c4005a5811460e29efbf1ffffffc2246cd1e00000fc0007ebfe9ed0737feebfff600,1,TX 41 seq=24440 rx_latency=1ms tx_dur=1ms,14.828,
2735,10,938,2867856298,2026-07-14T15:43:58.504047+00:00,93.700140,58408,41,0202aaf003aae428005a5811460e29efbf1ffffffc2246cd1e00000fc0007ebfe9ed0737feebfff600,1,TX 41 seq=24441 rx_latency=1ms tx_dur=1ms,16.351,
2735,10,939,2867856299,2026-07-14T15:43:58.604049+00:00,93.800154,58508,41,0202aaf003abe48c005a5811460e29efbf1ffffffc2246cd1e00000fc0007ebfe9ed0737feebfff600,1,TX 41 seq=24442 rx_latency=1ms tx_dur=1ms,17.993,
2735,10,940,2867856300,2026-07-14T15:43:58.704048+00:00,93.900147,58608,41,0202aaf003ace4f0005a5811460e29efbf1ffffffc2246cd1e00000fc0007ebfe9ed0737feebfff600,1,TX 41 seq=24443 rx_latency=1ms tx_dur=1ms,19.767,
2735,10,941,2867856301,2026-07-14T15:43:58.804047+00:00,94.000146,58708,41,0202aaf003ade554005a5811460e29efbf1ffffffc2246cd1e00000fc0007ebfe9ed0737feebfff600,1,TX 41 seq=24444 rx_latency=1ms tx_dur=1ms,22.534,
2735,10,942,2867856302,2026-07-14T15:43:58.904048+00:00,94.100146,58808,41,0202aaf003aee5b8005a5811460e29efbf1ffffffc2246cd1e00000fc0007ebfe9ed0737feebfff600,1,TX 41 seq=24445 rx_latency=1ms tx_dur=1ms,14.157,
2735,10,943,2867856303,2026-07-14T15:43:59.004054+00:00,94.200159,58908,41,0202aaf003afe61c005a5811460e29efbf1ffffffc2246cd1e00000fc0007ebfe9ed0737feebfff600,1,TX 41 seq=24446 rx_latency=1ms tx_dur=1ms,15.868,
2735,10,944,2867856304,2026-07-14T15:43:59.104046+00:00,94.300143,59008,41,0202aaf003b0e680005a5811460e29efbf1ffffffc2246cd1e00000fc0007ebfe9ed0737feebfff600,1,TX 41 seq=24447 rx_latency=1ms tx_dur=1ms,18.680,
2735,10,945,2867856305,2026-07-14T15:43:59.204049+00:00,94.400144,59108,41,0202aaf003b1e6e4005a5811460e29efbf1ffffffc2246cd1e00000fc0007ebfe9ed0737feebfff600,1,TX 41 seq=24448 rx_latency=1ms tx_dur=1ms,20.433,
2735,10,946,2867856306,2026-07-14T15:43:59.304049+00:00,94.500143,59208,41,0202aaf003b2e748005a5811460e29efbf1ffffffc2246cd1e00000fc0007ebfe9ed0737feebfff600,1,TX 41 seq=24449 rx_latency=1ms tx_dur=1ms,21.961,
2735,10,947,2867856307,2026-07-14T15:43:59.404047+00:00,94.600142,59308,41,0202aaf003b3e7ac005a5811460e29efbf1ffffffc2246cd1e00000fc0007ebfe9ed0737feebfff600,1,TX 41 seq=24450 rx_latency=1ms tx_dur=1ms,13.733,
2735,10,948,2867856308,2026-07-14T15:43:59.504046+00:00,94.700140,59408,41,0202aaf003b4e810005a5811460e29efbf1ffffffc2246cd1e00000fc0007ebfe9ed0737feebfff600,1,TX 41 seq=24451 rx_latency=1ms tx_dur=1ms,16.609,
2735,10,949,2867856309,2026-07-14T15:43:59.604056+00:00,94.800157,59508,41,0202aaf003b5e874005a5811460e29efbf1ffffffc2246cd1e00000fc0007ebfe9ed0737feebfff600,1,TX 41 seq=24452 rx_latency=1ms tx_dur=1ms,18.177,
2735,10,950,2867856310,2026-07-14T15:43:59.704044+00:00,94.900145,59608,41,0202aaf003b6e8d8005a5811460e29efbf1ffffffc2246cd1e00000fc0007ebfe9ed0737feebfff600,1,TX 41 seq=24453 rx_latency=1ms tx_dur=1ms,19.857,
2735,10,951,2867856311,2026-07-14T15:43:59.804034+00:00,95.000147,59708,41,0202aaf003b7e93c005a5811460e29efbf1ffffffc2246cd1e00000fc0007ebfe9ed0737feebfff600,1,TX 41 seq=24454 rx_latency=1ms tx_dur=1ms,22.475,
2735,10,952,2867856312,2026-07-14T15:43:59.904039+00:00,95.100133,59808,41,0202aaf003b8e9a0005a5811460e29efbf1ffffffc2246cd1e00000fc0007ebfe9ed0737feebfff600,1,TX 41 seq=24455 rx_latency=1ms tx_dur=1ms,14.478,
2735,10,953,2867856313,2026-07-14T15:44:00.004046+00:00,95.200144,59908,41,0202aaf003b9ea04005a5811460e29efbf1ffffffc2246cd1e00000fc0007ebfe9ed0737feebfff600,1,TX 41 seq=24456 rx_latency=1ms tx_dur=1ms,16.123,
2735,10,954,2867856314,2026-07-14T15:44:00.104047+00:00,95.300144,60008,41,0202aaf003baea68005a5811460e29efbf1ffffffc2246cd1e00000fc0007ebfe9ed0737feebfff600,1,TX 41 seq=24457 rx_latency=1ms tx_dur=1ms,18.656,
2735,10,955,2867856315,2026-07-14T15:44:00.204039+00:00,95.400130,60108,41,0202aaf003bbeacc005a5811460e29efbf1ffffffc2246cd1e00000fc0007ebfe9ed0737feebfff600,1,TX 41 seq=24458 rx_latency=1ms tx_dur=1ms,20.540,
2735,10,956,2867856316,2026-07-14T15:44:00.304048+00:00,95.500148,60208,41,0202aaf003bceb30005a5811460e29efbf1ffffffc2246cd1e00000fc0007ebfe9ed0737feebfff600,1,TX 41 seq=24459 rx_latency=1ms tx_dur=1ms,22.054,
2735,10,957,2867856317,2026-07-14T15:44:00.404040+00:00,95.600131,60308,41,0202aaf003bdeb94005a5811460e29efbf1ffffffc2246cd1e00000fc0007ebfe9ed0737feebfff600,1,TX 41 seq=24460 rx_latency=1ms tx_dur=1ms,14.022,
2735,10,958,2867856318,2026-07-14T15:44:00.504020+00:00,95.700119,60408,41,0202aaf003beebf8005a5811460e29efbf1ffffffc2246cd1e00000fc0007ebfe9ed0737feebfff600,1,TX 41 seq=24461 rx_latency=1ms tx_dur=1ms,16.567,
2735,10,959,2867856319,2026-07-14T15:44:00.604040+00:00,95.800133,60508,41,0202aaf003bfec5c005a5811460e29efbf1ffffffc2246cd1e00000fc0007ebfe9ed0737feebfff600,1,TX 41 seq=24462 rx_latency=1ms tx_dur=1ms,18.361,
2735,10,960,2867856320,2026-07-14T15:44:00.704013+00:00,95.900109,60608,41,0202aaf003c0ecc0005a5811460e29efbf1ffffffc2246cd1e00000fc0007ebfe9ed0737feebfff600,1,TX 41 seq=24463 rx_latency=1ms tx_dur=1ms,20.075,
2735,10,961,2867856321,2026-07-14T15:44:00.804054+00:00,96.000162,60708,41,0202aaf003c1ed24005a5811460e29efbf1ffffffc2246cd1e00000fc0007ebfe9ed0737feebfff600,1,TX 41 seq=24464 rx_latency=1ms tx_dur=1ms,21.712,
2735,10,962,2867856322,2026-07-14T15:44:00.904045+00:00,96.100143,60808,41,0202aaf003c2ed88005a5811460e29efbf1ffffffc2246cd1e00000fc0007ebfe9ed0737feebfff600,1,TX 41 seq=24465 rx_latency=1ms tx_dur=1ms,14.407,
2735,10,963,2867856323,2026-07-14T15:44:01.004039+00:00,96.200131,60908,41,0202aaf003c3edec005a5811460e29efbf1ffffffc2246cd1e00000fc0007ebfe9ed0737feebfff600,1,TX 41 seq=24466 rx_latency=1ms tx_dur=1ms,16.220,
2735,10,964,2867856324,2026-07-14T15:44:01.104046+00:00,96.300143,61008,41,0202aaf003c4ee50005a5811460e29efbf1ffffffc2246cd1e00000fc0007ebfe9ed0737feebfff600,1,TX 41 seq=24467 rx_latency=1ms tx_dur=1ms,17.843,
2735,10,965,2867856325,2026-07-14T15:44:01.204039+00:00,96.400130,61108,41,0202aaf003c5eeb4005a5811460e29efbf1ffffffc2246cd1e00000fc0007ebfe9ed0737feebfff600,1,TX 41 seq=24468 rx_latency=1ms tx_dur=1ms,20.765,
2735,10,966,2867856326,2026-07-14T15:44:01.304048+00:00,96.500147,61208,41,0202aaf003c6ef18005a5811460e29efbf1ffffffc2246cd1e00000fc0007ebfe9ed0737feebfff600,1,TX 41 seq=24469 rx_latency=1ms tx_dur=1ms,22.159,
2735,10,967,2867856327,2026-07-14T15:44:01.404039+00:00,96.600129,61308,41,0202aaf003c7ef7c005a5811460e29efbf1ffffffc2246cd1e00000fc0007ebfe9ed0737feebfff600,1,TX 41 seq=24470 rx_latency=1ms tx_dur=1ms,14.021,
2735,10,968,2867856328,2026-07-14T15:44:01.504023+00:00,96.700119,61408,41,0202aaf003c8efe0005a5811460e29efbf1ffffffc2246cd1e00000fc0007ebfe9ed0737feebfff600,1,TX 41 seq=24471 rx_latency=1ms tx_dur=1ms,16.855,
2735,10,969,2867856329,2026-07-14T15:44:01.604043+00:00,96.800136,61508,41,0202aaf003c9f044005a5811460e29efbf1ffffffc2246cd1e00000fc0007ebfe9ed0737feebfff600,1,TX 41 seq=24472 rx_latency=1ms tx_dur=1ms,18.591,
2735,10,970,2867856330,2026-07-14T15:44:01.704067+00:00,96.900194,61608,41,0202aaf003caf0a8005a5811460e29efbf1ffffffc2246cd1e00000fc0007ebfe9ed0737feebfff600,1,TX 41 seq=24473 rx_latency=1ms tx_dur=1ms,19.917,
2735,10,971,2867856331,2026-07-14T15:44:01.804042+00:00,97.000139,61708,41,0202aaf003cbf10c005a5811460e29efbf1ffffffc2246cd1e00000fc0007ebfe9ed0737feebfff600,1,TX 41 seq=24474 rx_latency=1ms tx_dur=1ms,21.792,
2735,10,972,2867856332,2026-07-14T15:44:01.904047+00:00,97.100143,61808,41,0202aaf003ccf170005a5811460e29efbf1ffffffc2246cd1e00000fc0007ebfe9ed0737feebfff600,1,TX 41 seq=24475 rx_latency=1ms tx_dur=1ms,14.638,
2735,10,973,2867856333,2026-07-14T15:44:02.004042+00:00,97.200134,61908,41,0202aaf003cdf1d4005a5811460e29efbf1ffffffc2246cd1e00000fc0007ebfe9ed0737feebfff600,1,TX 41 seq=24476 rx_latency=1ms tx_dur=1ms,16.376,
2735,10,974,2867856334,2026-07-14T15:44:02.104046+00:00,97.300141,62008,41,0202aaf003cef238005a5811460e29efbf1ffffffc2246cd1e00000fc0007ebfe9ed0737feebfff600,1,TX 41 seq=24477 rx_latency=1ms tx_dur=1ms,18.233,
2735,10,975,2867856335,2026-07-14T15:44:02.204044+00:00,97.400139,62108,41,0202aaf003cff29c005a5811460e29efbf1ffffffc2246cd1e00000fc0007ebfe9ed0737feebfff600,1,TX 41 seq=24478 rx_latency=1ms tx_dur=1ms,19.772,
2735,10,976,2867856336,2026-07-14T15:44:02.304046+00:00,97.500141,62208,41,0202aaf003d0f300005a5811460e29efbf1ffffffc2246cd1e00000fc0007ebfe9ed0737feebfff600,1,TX 41 seq=24479 rx_latency=1ms tx_dur=1ms,22.600,
2735,10,977,2867856337,2026-07-14T15:44:02.404043+00:00,97.600143,62308,41,0202aaf003d1f364005a5811460e29efbf1ffffffc2246cd1e00000fc0007ebfe9ed0737feebfff600,1,TX 41 seq=24480 rx_latency=1ms tx_dur=1ms,14.322,
2735,10,978,2867856338,2026-07-14T15:44:02.504040+00:00,97.700129,62408,41,0202aaf003d2f3c8005a5811460e29efbf1ffffffc2246cd1e00000fc0007ebfe9ed0737feebfff600,1,TX 41 seq=24481 rx_latency=1ms tx_dur=1ms,16.057,
2735,10,979,2867856339,2026-07-14T15:44:02.604045+00:00,97.800139,62508,41,0202aaf003d3f42c005a5811460e29efbf1ffffffc2246cd1e00000fc0007ebfe9ed0737feebfff600,1,TX 41 seq=24482 rx_latency=1ms tx_dur=1ms,18.690,
2735,10,980,2867856340,2026-07-14T15:44:02.704050+00:00,97.900162,62608,41,0202aaf003d4f490005a5811460e29efbf1ffffffc2246cd1e00000fc0007ebfe9ed0737feebfff600,1,TX 41 seq=24483 rx_latency=1ms tx_dur=1ms,20.327,
2735,10,981,2867856341,2026-07-14T15:44:02.804049+00:00,98.000150,62708,41,0202aaf003d5f4f4005a5811460e29efbf1ffffffc2246cd1e00000fc0007ebfe9ed0737feebfff600,1,TX 41 seq=24484 rx_latency=1ms tx_dur=1ms,22.137,
2735,10,982,2867856342,2026-07-14T15:44:02.904047+00:00,98.100142,62808,41,0202aaf003d6f558005a5811460e29efbf1ffffffc2246cd1e00000fc0007ebfe9ed0737feebfff600,1,TX 41 seq=24485 rx_latency=1ms tx_dur=1ms,13.908,
2735,10,983,2867856343,2026-07-14T15:44:03.004040+00:00,98.200132,62908,41,0202aaf003d7f5bc005a5811460e29efbf1ffffffc2246cd1e00000fc0007ebfe9ed0737feebfff600,1,TX 41 seq=24486 rx_latency=1ms tx_dur=1ms,16.528,
2735,10,984,2867856344,2026-07-14T15:44:03.104047+00:00,98.300142,63008,41,0202aaf003d8f620005a5811460e29efbf1ffffffc2246cd1e00000fc0007ebfe9ed0737feebfff600,1,TX 41 seq=24487 rx_latency=1ms tx_dur=1ms,18.246,
2735,10,985,2867856345,2026-07-14T15:44:03.204039+00:00,98.400135,63108,41,0202aaf003d9f684005a5811460e29efbf1ffffffc2246cd1e00000fc0007ebfe9ed0737feebfff600,1,TX 41 seq=24488 rx_latency=1ms tx_dur=1ms,19.942,
2735,10,986,2867856346,2026-07-14T15:44:03.304065+00:00,98.500190,63208,41,0202aaf003daf6e8005a5811460e29efbf1ffffffc2246cd1e00000fc0007ebfe9ed0737feebfff600,1,TX 41 seq=24489 rx_latency=1ms tx_dur=1ms,22.699,
2735,10,987,2867856347,2026-07-14T15:44:03.404035+00:00,98.600131,63308,41,0202aaf003dbf74c005a5811460e29efbf1ffffffc2246cd1e00000fc0007ebfe9ed0737feebfff600,1,TX 41 seq=24490 rx_latency=1ms tx_dur=1ms,14.371,
2735,10,988,2867856348,2026-07-14T15:44:03.504048+00:00,98.700144,63408,41,0202aaf003dcf7b0005a5811460e29efbf1ffffffc2246cd1e00000fc0007ebfe9ed0737feebfff600,1,TX 41 seq=24491 rx_latency=1ms tx_dur=1ms,16.080,
2735,10,989,2867856349,2026-07-14T15:44:03.604040+00:00,98.800130,63508,41,0202aaf003ddf814005a5811460e29efbf1ffffffc2246cd1e00000fc0007ebfe9ed0737feebfff600,1,TX 41 seq=24492 rx_latency=1ms tx_dur=1ms,17.811,
2735,10,990,2867856350,2026-07-14T15:44:03.704063+00:00,98.900185,63608,41,0202aaf003def878005a5811460e29efbf1ffffffc2246cd1e00000fc0007ebfe9ed0737feebfff600,1,TX 41 seq=24493 rx_latency=1ms tx_dur=1ms,20.544,
2735,10,991,2867856351,2026-07-14T15:44:03.804045+00:00,99.000145,63708,41,0202aaf003dff8dc005a5811460e29efbf1ffffffc2246cd1e00000fc0007ebfe9ed0737feebfff600,1,TX 41 seq=24494 rx_latency=1ms tx_dur=1ms,22.101,
2735,10,992,2867856352,2026-07-14T15:44:03.904048+00:00,99.100146,63808,41,0202aaf003e0f940005a5811460e29efbf1ffffffc2246cd1e00000fc0007ebfe9ed0737feebfff600,1,TX 41 seq=24495 rx_latency=1ms tx_dur=1ms,13.903,
2735,10,993,2867856353,2026-07-14T15:44:04.004040+00:00,99.200131,63908,41,0202aaf003e1f9a4005a5811460e29efbf1ffffffc2246cd1e00000fc0007ebfe9ed0737feebfff600,1,TX 41 seq=24496 rx_latency=1ms tx_dur=1ms,16.757,
2735,10,994,2867856354,2026-07-14T15:44:04.104046+00:00,99.300141,64008,41,0202aaf003e2fa08005a5811460e29efbf1ffffffc2246cd1e00000fc0007ebfe9ed0737feebfff600,1,TX 41 seq=24497 rx_latency=1ms tx_dur=1ms,18.483,
2735,10,995,2867856355,2026-07-14T15:44:04.204002+00:00,99.400098,64107,41,0202aaf003e3fa6b005a5811460e29efbf1ffffffc2246cd1e00000fc0007ebfe9ed0737feebfff600,1,TX 41 seq=24498 rx_latency=1ms tx_dur=1ms,19.998,
2735,10,996,2867856356,2026-07-14T15:44:04.304049+00:00,99.500145,64208,41,0202aaf003e4fad0005a5811460e29efbf1ffffffc2246cd1e00000fc0007ebfe9ed0737feebfff600,1,TX 41 seq=24499 rx_latency=1ms tx_dur=1ms,21.722,
2735,10,997,2867856357,2026-07-14T15:44:04.404021+00:00,99.600111,64308,41,0202aaf003e5fb34005a5811460e29efbf1ffffffc2246cd1e00000fc0007ebfe9ed0737feebfff600,1,TX 41 seq=24500 rx_latency=1ms tx_dur=1ms,14.634,
2735,10,998,2867856358,2026-07-14T15:44:04.504046+00:00,99.700140,64408,41,0202aaf003e6fb98005a5811460e29efbf1ffffffc2246cd1e00000fc0007ebfe9ed0737feebfff600,1,TX 41 seq=24501 rx_latency=1ms tx_dur=1ms,16.342,
2735,10,999,2867856359,2026-07-14T15:44:04.604040+00:00,99.800130,64508,41,0202aaf003e7fbfc005a5811460e29efbf1ffffffc2246cd1e00000fc0007ebfe9ed0737feebfff600,1,TX 41 seq=24502 rx_latency=1ms tx_dur=1ms,17.835,
2735,10,1000,2867856360,2026-07-14T15:44:04.704058+00:00,99.900174,64608,41,0202aaf003e8fc60005a5811460e29efbf1ffffffc2246cd1e00000fc0007ebfe9ed0737feebfff600,1,TX 41 seq=24503 rx_latency=1ms tx_dur=1ms,20.590,
