test_id,rate_hz,seq,station_id,sent_at,elapsed_s,generation_delta_time,payload_bytes,raw_hex,tx_ok,tx_ack,tx_latency_ms,serial_error
2736,10,1,2868903937,2026-07-14T15:45:41.890010+00:00,0.000368,30721,41,0202ab0000017801005a5811460e29efbf1ffffffc2246cd1e00000fc0007ebfe9ed0737feebfff600,1,TX 41 seq=24504 rx_latency=1ms tx_dur=1ms,23.518,
2736,10,2,2868903938,2026-07-14T15:45:47.706766+00:00,5.817060,36538,41,0202ab0000028eba005a5811460e29efbf1ffffffc2246cd1e00000fc0007ebfe9ed0737feebfff600,1,TX 41 seq=24505 rx_latency=1ms tx_dur=1ms,21.123,
2736,10,3,2868903939,2026-07-14T15:45:47.728738+00:00,5.839009,36560,41,0202ab0000038ed0005a5811460e29efbf1ffffffc2246cd1e00000fc0007ebfe9ed0737feebfff600,1,TX 41 seq=24506 rx_latency=1ms tx_dur=1ms,22.035,
2736,10,4,2868903940,2026-07-14T15:45:47.751496+00:00,5.861764,36583,41,0202ab0000048ee7005a5811460e29efbf1ffffffc2246cd1e00000fc0007ebfe9ed0737feebfff600,1,TX 41 seq=24507 rx_latency=1ms tx_dur=1ms,20.514,
2736,10,5,2868903941,2026-07-14T15:45:47.772772+00:00,5.883042,36604,41,0202ab0000058efc005a5811460e29efbf1ffffffc2246cd1e00000fc0007ebfe9ed0737feebfff600,1,TX 41 seq=24508 rx_latency=1ms tx_dur=1ms,22.027,
2736,10,6,2868903942,2026-07-14T15:45:47.795517+00:00,5.905789,36627,41,0202ab0000068f13005a5811460e29efbf1ffffffc2246cd1e00000fc0007ebfe9ed0737feebfff600,1,TX 41 seq=24509 rx_latency=1ms tx_dur=1ms,20.254,
2736,10,7,2868903943,2026-07-14T15:45:47.816534+00:00,5.926802,36648,41,0202ab0000078f28005a5811460e29efbf1ffffffc2246cd1e00000fc0007ebfe9ed0737feebfff600,1,TX 41 seq=24510 rx_latency=1ms tx_dur=1ms,22.022,
2736,10,8,2868903944,2026-07-14T15:45:47.839240+00:00,5.949507,36671,41,0202ab0000088f3f005a5811460e29efbf1ffffffc2246cd1e00000fc0007ebfe9ed0737feebfff600,1,TX 41 seq=24511 rx_latency=1ms tx_dur=1ms,21.459,
2736,10,9,2868903945,2026-07-14T15:45:47.861383+00:00,5.971649,36693,41,0202ab0000098f55005a5811460e29efbf1ffffffc2246cd1e00000fc0007ebfe9ed0737feebfff600,1,TX 41 seq=24512 rx_latency=1ms tx_dur=1ms,20.811,
2736,10,10,2868903946,2026-07-14T15:45:47.882881+00:00,5.993147,36714,41,0202ab00000a8f6a005a5811460e29efbf1ffffffc2246cd1e00000fc0007ebfe9ed0737feebfff600,1,TX 41 seq=24513 rx_latency=1ms tx_dur=1ms,21.741,
2736,10,11,2868903947,2026-07-14T15:45:47.905353+00:00,6.015632,36737,41,0202ab00000b8f81005a5811460e29efbf1ffffffc2246cd1e00000fc0007ebfe9ed0737feebfff600,1,TX 41 seq=24514 rx_latency=1ms tx_dur=1ms,20.481,
2736,10,12,2868903948,2026-07-14T15:45:47.926629+00:00,6.036900,36758,41,0202ab00000c8f96005a5811460e29efbf1ffffffc2246cd1e00000fc0007ebfe9ed0737feebfff600,1,TX 41 seq=24515 rx_latency=1ms tx_dur=1ms,21.833,
2736,10,13,2868903949,2026-07-14T15:45:47.948805+00:00,6.059054,36780,41,0202ab00000d8fac005a5811460e29efbf1ffffffc2246cd1e00000fc0007ebfe9ed0737feebfff600,1,TX 41 seq=24516 rx_latency=1ms tx_dur=1ms,22.277,
2736,10,14,2868903950,2026-07-14T15:45:47.971351+00:00,6.081598,36803,41,0202ab00000e8fc3005a5811460e29efbf1ffffffc2246cd1e00000fc0007ebfe9ed0737feebfff600,1,TX 41 seq=24517 rx_latency=1ms tx_dur=1ms,21.108,
2736,10,15,2868903951,2026-07-14T15:45:47.992712+00:00,6.102958,36824,41,0202ab00000f8fd8005a5811460e29efbf1ffffffc2246cd1e00000fc0007ebfe9ed0737feebfff600,1,TX 41 seq=24518 rx_latency=1ms tx_dur=1ms,21.385,
2736,10,16,2868903952,2026-07-14T15:45:48.014345+00:00,6.124591,36846,41,0202ab0000108fee005a5811460e29efbf1ffffffc2246cd1e00000fc0007ebfe9ed0737feebfff600,1,TX 41 seq=24519 rx_latency=1ms tx_dur=1ms,22.189,
2736,10,17,2868903953,2026-07-14T15:45:48.036783+00:00,6.147029,36868,41,0202ab0000119004005a5811460e29efbf1ffffffc2246cd1e00000fc0007ebfe9ed0737feebfff600,1,TX 41 seq=24520 rx_latency=1ms tx_dur=1ms,21.720,
2736,10,18,2868903954,2026-07-14T15:45:48.058748+00:00,6.168993,36890,41,0202ab000012901a005a5811460e29efbf1ffffffc2246cd1e00000fc0007ebfe9ed0737feebfff600,1,TX 41 seq=24521 rx_latency=1ms tx_dur=1ms,21.669,
2736,10,19,2868903955,2026-07-14T15:45:48.080662+00:00,6.190906,36912,41,0202ab0000139030005a5811460e29efbf1ffffffc2246cd1e00000fc0007ebfe9ed0737feebfff600,1,TX 41 seq=24522 rx_latency=1ms tx_dur=1ms,22.330,
2736,10,20,2868903956,2026-07-14T15:45:48.103236+00:00,6.213481,36935,41,0202ab0000149047005a5811460e29efbf1ffffffc2246cd1e00000fc0007ebfe9ed0737feebfff600,1,TX 41 seq=24523 rx_latency=1ms tx_dur=1ms,21.137,
2736,10,21,2868903957,2026-07-14T15:45:48.124644+00:00,6.234893,36956,41,0202ab000015905c005a5811460e29efbf1ffffffc2246cd1e00000fc0007ebfe9ed0737feebfff600,1,TX 41 seq=24524 rx_latency=1ms tx_dur=1ms,22.400,
2736,10,22,2868903958,2026-07-14T15:45:48.147316+00:00,6.257562,36979,41,0202ab0000169073005a5811460e29efbf1ffffffc2246cd1e00000fc0007ebfe9ed0737feebfff600,1,TX 41 seq=24525 rx_latency=1ms tx_dur=1ms,21.104,
2736,10,23,2868903959,2026-07-14T15:45:48.168674+00:00,6.278919,37000,41,0202ab0000179088005a5811460e29efbf1ffffffc2246cd1e00000fc0007ebfe9ed0737feebfff600,1,TX 41 seq=24526 rx_latency=1ms tx_dur=1ms,22.326,
2736,10,24,2868903960,2026-07-14T15:45:48.191247+00:00,6.301493,37023,41,0202ab000018909f005a5811460e29efbf1ffffffc2246cd1e00000fc0007ebfe9ed0737feebfff600,1,TX 41 seq=24527 rx_latency=1ms tx_dur=1ms,21.127,
2736,10,25,2868903961,2026-07-14T15:45:48.212623+00:00,6.322870,37044,41,0202ab00001990b4005a5811460e29efbf1ffffffc2246cd1e00000fc0007ebfe9ed0737feebfff600,1,TX 41 seq=24528 rx_latency=1ms tx_dur=1ms,22.445,
2736,10,26,2868903962,2026-07-14T15:45:48.235320+00:00,6.345565,37067,41,0202ab00001a90cb005a5811460e29efbf1ffffffc2246cd1e00000fc0007ebfe9ed0737feebfff600,1,TX 41 seq=24529 rx_latency=1ms tx_dur=1ms,21.119,
2736,10,27,2868903963,2026-07-14T15:45:48.256686+00:00,6.366931,37088,41,0202ab00001b90e0005a5811460e29efbf1ffffffc2246cd1e00000fc0007ebfe9ed0737feebfff600,1,TX 41 seq=24530 rx_latency=1ms tx_dur=1ms,21.380,
2736,10,28,2868903964,2026-07-14T15:45:48.278315+00:00,6.388560,37110,41,0202ab00001c90f6005a5811460e29efbf1ffffffc2246cd1e00000fc0007ebfe9ed0737feebfff600,1,TX 41 seq=24531 rx_latency=1ms tx_dur=1ms,21.854,
2736,10,29,2868903965,2026-07-14T15:45:48.300416+00:00,6.410662,37132,41,0202ab00001d910c005a5811460e29efbf1ffffffc2246cd1e00000fc0007ebfe9ed0737feebfff600,1,TX 41 seq=24532 rx_latency=1ms tx_dur=1ms,22.601,
2736,10,30,2868903966,2026-07-14T15:45:48.323261+00:00,6.433505,37155,41,0202ab00001e9123005a5811460e29efbf1ffffffc2246cd1e00000fc0007ebfe9ed0737feebfff600,1,TX 41 seq=24533 rx_latency=1ms tx_dur=1ms,21.124,
2736,10,31,2868903967,2026-07-14T15:45:48.344627+00:00,6.454872,37176,41,0202ab00001f9138005a5811460e29efbf1ffffffc2246cd1e00000fc0007ebfe9ed0737feebfff600,1,TX 41 seq=24534 rx_latency=1ms tx_dur=1ms,22.463,
2736,10,32,2868903968,2026-07-14T15:45:48.367335+00:00,6.477580,37199,41,0202ab000020914f005a5811460e29efbf1ffffffc2246cd1e00000fc0007ebfe9ed0737feebfff600,1,TX 41 seq=24535 rx_latency=1ms tx_dur=1ms,21.118,
2736,10,33,2868903969,2026-07-14T15:45:48.388700+00:00,6.498945,37220,41,0202ab0000219164005a5811460e29efbf1ffffffc2246cd1e00000fc0007ebfe9ed0737feebfff600,1,TX 41 seq=24536 rx_latency=1ms tx_dur=1ms,21.387,
2736,10,34,2868903970,2026-07-14T15:45:48.410343+00:00,6.520590,37242,41,0202ab000022917a005a5811460e29efbf1ffffffc2246cd1e00000fc0007ebfe9ed0737feebfff600,1,TX 41 seq=24537 rx_latency=1ms tx_dur=1ms,22.157,
2736,10,35,2868903971,2026-07-14T15:45:48.432769+00:00,6.543015,37264,41,0202ab0000239190005a5811460e29efbf1ffffffc2246cd1e00000fc0007ebfe9ed0737feebfff600,1,TX 41 seq=24538 rx_latency=1ms tx_dur=1ms,21.387,
2736,10,36,2868903972,2026-07-14T15:45:48.454406+00:00,6.564651,37286,41,0202ab00002491a6005a5811460e29efbf1ffffffc2246cd1e00000fc0007ebfe9ed0737feebfff600,1,TX 41 seq=24539 rx_latency=1ms tx_dur=1ms,22.189,
2736,10,37,2868903973,2026-07-14T15:45:48.476845+00:00,6.587090,37308,41,0202ab00002591bc005a5811460e29efbf1ffffffc2246cd1e00000fc0007ebfe9ed0737feebfff600,1,TX 41 seq=24540 rx_latency=1ms tx_dur=1ms,21.249,
2736,10,38,2868903974,2026-07-14T15:45:48.498344+00:00,6.608588,37330,41,0202ab00002691d2005a5811460e29efbf1ffffffc2246cd1e00000fc0007ebfe9ed0737feebfff600,1,TX 41 seq=24541 rx_latency=1ms tx_dur=1ms,21.856,
2736,10,39,2868903975,2026-07-14T15:45:48.520446+00:00,6.630690,37352,41,0202ab00002791e8005a5811460e29efbf1ffffffc2246cd1e00000fc0007ebfe9ed0737feebfff600,1,TX 41 seq=24542 rx_latency=1ms tx_dur=1ms,22.609,
2736,10,40,2868903976,2026-07-14T15:45:48.543319+00:00,6.653566,37375,41,0202ab00002891ff005a5811460e29efbf1ffffffc2246cd1e00000fc0007ebfe9ed0737feebfff600,1,TX 41 seq=24543 rx_latency=1ms tx_dur=1ms,21.094,
2736,10,41,2868903977,2026-07-14T15:45:48.564703+00:00,6.674956,37396,41,0202ab0000299214005a5811460e29efbf1ffffffc2246cd1e00000fc0007ebfe9ed0737feebfff600,1,TX 41 seq=24544 rx_latency=1ms tx_dur=1ms,21.312,
2736,10,42,2868903978,2026-07-14T15:45:48.586307+00:00,6.696554,37418,41,0202ab00002a922a005a5811460e29efbf1ffffffc2246cd1e00000fc0007ebfe9ed0737feebfff600,1,TX 41 seq=24545 rx_latency=1ms tx_dur=1ms,22.168,
2736,10,43,2868903979,2026-07-14T15:45:48.608734+00:00,6.718980,37440,41,0202ab00002b9240005a5811460e29efbf1ffffffc2246cd1e00000fc0007ebfe9ed0737feebfff600,1,TX 41 seq=24546 rx_latency=1ms tx_dur=1ms,22.316,
2736,10,44,2868903980,2026-07-14T15:45:48.631306+00:00,6.741553,37463,41,0202ab00002c9257005a5811460e29efbf1ffffffc2246cd1e00000fc0007ebfe9ed0737feebfff600,1,TX 41 seq=24547 rx_latency=1ms tx_dur=1ms,21.109,
2736,10,45,2868903981,2026-07-14T15:45:48.652671+00:00,6.762917,37484,41,0202ab00002d926c005a5811460e29efbf1ffffffc2246cd1e00000fc0007ebfe9ed0737feebfff600,1,TX 41 seq=24548 rx_latency=1ms tx_dur=1ms,21.387,
2736,10,46,2868903982,2026-07-14T15:45:48.674307+00:00,6.784551,37506,41,0202ab00002e9282005a5811460e29efbf1ffffffc2246cd1e00000fc0007ebfe9ed0737feebfff600,1,TX 41 seq=24549 rx_latency=1ms tx_dur=1ms,22.187,
2736,10,47,2868903983,2026-07-14T15:45:48.696739+00:00,6.806983,37528,41,0202ab00002f9298005a5811460e29efbf1ffffffc2246cd1e00000fc0007ebfe9ed0737feebfff600,1,TX 41 seq=24550 rx_latency=1ms tx_dur=1ms,22.328,
2736,10,48,2868903984,2026-07-14T15:45:48.719317+00:00,6.829563,37551,41,0202ab00003092af005a5811460e29efbf1ffffffc2246cd1e00000fc0007ebfe9ed0737feebfff600,1,TX 41 seq=24551 rx_latency=1ms tx_dur=1ms,21.150,
2736,10,49,2868903985,2026-07-14T15:45:48.740757+00:00,6.851013,37572,41,0202ab00003192c4005a5811460e29efbf1ffffffc2246cd1e00000fc0007ebfe9ed0737feebfff600,1,TX 41 seq=24552 rx_latency=1ms tx_dur=1ms,21.261,
2736,10,50,2868903986,2026-07-14T15:45:48.762331+00:00,6.872578,37594,41,0202ab00003292da005a5811460e29efbf1ffffffc2246cd1e00000fc0007ebfe9ed0737feebfff600,1,TX 41 seq=24553 rx_latency=1ms tx_dur=1ms,22.166,
2736,10,51,2868903987,2026-07-14T15:45:48.784757+00:00,6.895004,37616,41,0202ab00003392f0005a5811460e29efbf1ffffffc2246cd1e00000fc0007ebfe9ed0737feebfff600,1,TX 41 seq=24554 rx_latency=1ms tx_dur=1ms,22.315,
2736,10,52,2868903988,2026-07-14T15:45:48.807328+00:00,6.917573,37639,41,0202ab0000349307005a5811460e29efbf1ffffffc2246cd1e00000fc0007ebfe9ed0737feebfff600,1,TX 41 seq=24555 rx_latency=1ms tx_dur=1ms,21.108,
2736,10,53,2868903989,2026-07-14T15:45:48.828702+00:00,6.938949,37660,41,0202ab000035931c005a5811460e29efbf1ffffffc2246cd1e00000fc0007ebfe9ed0737feebfff600,1,TX 41 seq=24556 rx_latency=1ms tx_dur=1ms,21.364,
2736,10,54,2868903990,2026-07-14T15:45:48.850335+00:00,6.960580,37682,41,0202ab0000369332005a5811460e29efbf1ffffffc2246cd1e00000fc0007ebfe9ed0737feebfff600,1,TX 41 seq=24557 rx_latency=1ms tx_dur=1ms,22.172,
2736,10,55,2868903991,2026-07-14T15:45:48.872768+00:00,6.983014,37704,41,0202ab0000379348005a5811460e29efbf1ffffffc2246cd1e00000fc0007ebfe9ed0737feebfff600,1,TX 41 seq=24558 rx_latency=1ms tx_dur=1ms,22.316,
2736,10,56,2868903992,2026-07-14T15:45:48.895337+00:00,7.005581,37727,41,0202ab000038935f005a5811460e29efbf1ffffffc2246cd1e00000fc0007ebfe9ed0737feebfff600,1,TX 41 seq=24559 rx_latency=1ms tx_dur=1ms,21.121,
2736,10,57,2868903993,2026-07-14T15:45:48.916710+00:00,7.026958,37748,41,0202ab0000399374005a5811460e29efbf1ffffffc2246cd1e00000fc0007ebfe9ed0737feebfff600,1,TX 41 seq=24560 rx_latency=1ms tx_dur=1ms,21.386,
2736,10,58,2868903994,2026-07-14T15:45:48.938389+00:00,7.048640,37770,41,0202ab00003a938a005a5811460e29efbf1ffffffc2246cd1e00000fc0007ebfe9ed0737feebfff600,1,TX 41 seq=24561 rx_latency=1ms tx_dur=1ms,22.107,
2736,10,59,2868903995,2026-07-14T15:45:48.960792+00:00,7.071040,37792,41,0202ab00003b93a0005a5811460e29efbf1ffffffc2246cd1e00000fc0007ebfe9ed0737feebfff600,1,TX 41 seq=24562 rx_latency=1ms tx_dur=1ms,22.297,
2736,10,60,2868903996,2026-07-14T15:45:48.983373+00:00,7.093619,37815,41,0202ab00003c93b7005a5811460e29efbf1ffffffc2246cd1e00000fc0007ebfe9ed0737feebfff600,1,TX 41 seq=24563 rx_latency=1ms tx_dur=1ms,21.085,
2736,10,61,2868903997,2026-07-14T15:45:49.004718+00:00,7.114963,37836,41,0202ab00003d93cc005a5811460e29efbf1ffffffc2246cd1e00000fc0007ebfe9ed0737feebfff600,1,TX 41 seq=24564 rx_latency=1ms tx_dur=1ms,21.385,
2736,10,62,2868903998,2026-07-14T15:45:49.026352+00:00,7.136597,37858,41,0202ab00003e93e2005a5811460e29efbf1ffffffc2246cd1e00000fc0007ebfe9ed0737feebfff600,1,TX 41 seq=24565 rx_latency=1ms tx_dur=1ms,22.188,
2736,10,63,2868903999,2026-07-14T15:45:49.048786+00:00,7.159031,37880,41,0202ab00003f93f8005a5811460e29efbf1ffffffc2246cd1e00000fc0007ebfe9ed0737feebfff600,1,TX 41 seq=24566 rx_latency=1ms tx_dur=1ms,21.720,
2736,10,64,2868904000,2026-07-14T15:45:49.070753+00:00,7.180998,37902,41,0202ab000040940e005a5811460e29efbf1ffffffc2246cd1e00000fc0007ebfe9ed0737feebfff600,1,TX 41 seq=24567 rx_latency=1ms tx_dur=1ms,21.663,
2736,10,65,2868904001,2026-07-14T15:45:49.092666+00:00,7.202910,37924,41,0202ab0000419424005a5811460e29efbf1ffffffc2246cd1e00000fc0007ebfe9ed0737feebfff600,1,TX 41 seq=24568 rx_latency=1ms tx_dur=1ms,22.448,
2736,10,66,2868904002,2026-07-14T15:45:49.115359+00:00,7.225603,37947,41,0202ab000042943b005a5811460e29efbf1ffffffc2246cd1e00000fc0007ebfe9ed0737feebfff600,1,TX 41 seq=24569 rx_latency=1ms tx_dur=1ms,21.128,
2736,10,67,2868904003,2026-07-14T15:45:49.136733+00:00,7.246980,37968,41,0202ab0000439450005a5811460e29efbf1ffffffc2246cd1e00000fc0007ebfe9ed0737feebfff600,1,TX 41 seq=24570 rx_latency=1ms tx_dur=1ms,21.378,
2736,10,68,2868904004,2026-07-14T15:45:49.158370+00:00,7.268615,37990,41,0202ab0000449466005a5811460e29efbf1ffffffc2246cd1e00000fc0007ebfe9ed0737feebfff600,1,TX 41 seq=24571 rx_latency=1ms tx_dur=1ms,22.188,
2736,10,69,2868904005,2026-07-14T15:45:49.180807+00:00,7.291051,38012,41,0202ab000045947c005a5811460e29efbf1ffffffc2246cd1e00000fc0007ebfe9ed0737feebfff600,1,TX 41 seq=24572 rx_latency=1ms tx_dur=1ms,21.251,
2736,10,70,2868904006,2026-07-14T15:45:49.202306+00:00,7.312553,38034,41,0202ab0000469492005a5811460e29efbf1ffffffc2246cd1e00000fc0007ebfe9ed0737feebfff600,1,TX 41 seq=24573 rx_latency=1ms tx_dur=1ms,21.853,
2736,10,71,2868904007,2026-07-14T15:45:49.224423+00:00,7.334670,38056,41,0202ab00004794a8005a5811460e29efbf1ffffffc2246cd1e00000fc0007ebfe9ed0737feebfff600,1,TX 41 seq=24574 rx_latency=1ms tx_dur=1ms,22.584,
2736,10,72,2868904008,2026-07-14T15:45:49.247280+00:00,7.357526,38079,41,0202ab00004894bf005a5811460e29efbf1ffffffc2246cd1e00000fc0007ebfe9ed0737feebfff600,1,TX 41 seq=24575 rx_latency=1ms tx_dur=1ms,21.085,
2736,10,73,2868904009,2026-07-14T15:45:49.268625+00:00,7.378869,38100,41,0202ab00004994d4005a5811460e29efbf1ffffffc2246cd1e00000fc0007ebfe9ed0737feebfff600,1,TX 41 seq=24576 rx_latency=1ms tx_dur=1ms,22.458,
2736,10,74,2868904010,2026-07-14T15:45:49.291330+00:00,7.401574,38123,41,0202ab00004a94eb005a5811460e29efbf1ffffffc2246cd1e00000fc0007ebfe9ed0737feebfff600,1,TX 41 seq=24577 rx_latency=1ms tx_dur=1ms,21.121,
2736,10,75,2868904011,2026-07-14T15:45:49.312696+00:00,7.422940,38144,41,0202ab00004b9500005a5811460e29efbf1ffffffc2246cd1e00000fc0007ebfe9ed0737feebfff600,1,TX 41 seq=24578 rx_latency=1ms tx_dur=1ms,21.382,
2736,10,76,2868904012,2026-07-14T15:45:49.389837+00:00,7.500082,38221,41,0202ab00004c954d005a5811460e29efbf1ffffffc2246cd1e00000fc0007ebfe9ed0737feebfff600,1,TX 41 seq=24579 rx_latency=1ms tx_dur=1ms,16.538,
2736,10,77,2868904013,2026-07-14T15:45:49.489837+00:00,7.600085,38321,41,0202ab00004d95b1005a5811460e29efbf1ffffffc2246cd1e00000fc0007ebfe9ed0737feebfff600,1,TX 41 seq=24580 rx_latency=1ms tx_dur=1ms,18.972,
2736,10,78,2868904014,2026-07-14T15:45:49.589838+00:00,7.700085,38421,41,0202ab00004e9615005a5811460e29efbf1ffffffc2246cd1e00000fc0007ebfe9ed0737feebfff600,1,TX 41 seq=24581 rx_latency=1ms tx_dur=1ms,20.627,
2736,10,79,2868904015,2026-07-14T15:45:49.689852+00:00,7.800122,38521,41,0202ab00004f9679005a5811460e29efbf1ffffffc2246cd1e00000fc0007ebfe9ed0737feebfff600,1,TX 41 seq=24582 rx_latency=1ms tx_dur=1ms,22.321,
2736,10,80,2868904016,2026-07-14T15:45:49.789845+00:00,7.900108,38621,41,0202ab00005096dd005a5811460e29efbf1ffffffc2246cd1e00000fc0007ebfe9ed0737feebfff600,1,TX 41 seq=24583 rx_latency=1ms tx_dur=1ms,14.381,
2736,10,81,2868904017,2026-07-14T15:45:49.889839+00:00,8.000093,38721,41,0202ab0000519741005a5811460e29efbf1ffffffc2246cd1e00000fc0007ebfe9ed0737feebfff600,1,TX 41 seq=24584 rx_latency=1ms tx_dur=1ms,16.274,
2736,10,82,2868904018,2026-07-14T15:45:49.989838+00:00,8.100088,38821,41,0202ab00005297a5005a5811460e29efbf1ffffffc2246cd1e00000fc0007ebfe9ed0737feebfff600,1,TX 41 seq=24585 rx_latency=1ms tx_dur=1ms,18.823,
2736,10,83,2868904019,2026-07-14T15:45:50.089838+00:00,8.200085,38921,41,0202ab0000539809005a5811460e29efbf1ffffffc2246cd1e00000fc0007ebfe9ed0737feebfff600,1,TX 41 seq=24586 rx_latency=1ms tx_dur=1ms,20.895,
2736,10,84,2868904020,2026-07-14T15:45:50.189842+00:00,8.300104,39021,41,0202ab000054986d005a5811460e29efbf1ffffffc2246cd1e00000fc0007ebfe9ed0737feebfff600,1,TX 41 seq=24587 rx_latency=1ms tx_dur=1ms,22.221,
2736,10,85,2868904021,2026-07-14T15:45:50.289840+00:00,8.400094,39121,41,0202ab00005598d1005a5811460e29efbf1ffffffc2246cd1e00000fc0007ebfe9ed0737feebfff600,1,TX 41 seq=24588 rx_latency=1ms tx_dur=1ms,14.279,
2736,10,86,2868904022,2026-07-14T15:45:50.389838+00:00,8.500086,39221,41,0202ab0000569935005a5811460e29efbf1ffffffc2246cd1e00000fc0007ebfe9ed0737feebfff600,1,TX 41 seq=24589 rx_latency=1ms tx_dur=1ms,16.424,
2736,10,87,2868904023,2026-07-14T15:45:50.489837+00:00,8.600081,39321,41,0202ab0000579999005a5811460e29efbf1ffffffc2246cd1e00000fc0007ebfe9ed0737feebfff600,1,TX 41 seq=24590 rx_latency=1ms tx_dur=1ms,18.365,
2736,10,88,2868904024,2026-07-14T15:45:50.589837+00:00,8.700084,39421,41,0202ab00005899fd005a5811460e29efbf1ffffffc2246cd1e00000fc0007ebfe9ed0737feebfff600,1,TX 41 seq=24591 rx_latency=1ms tx_dur=1ms,21.206,
2736,10,89,2868904025,2026-07-14T15:45:50.689850+00:00,8.800109,39521,41,0202ab0000599a61005a5811460e29efbf1ffffffc2246cd1e00000fc0007ebfe9ed0737feebfff600,1,TX 41 seq=24592 rx_latency=1ms tx_dur=1ms,22.113,
2736,10,90,2868904026,2026-07-14T15:45:50.789871+00:00,8.900143,39621,41,0202ab00005a9ac5005a5811460e29efbf1ffffffc2246cd1e00000fc0007ebfe9ed0737feebfff600,1,TX 41 seq=24593 rx_latency=1ms tx_dur=1ms,14.627,
2736,10,91,2868904027,2026-07-14T15:45:50.889869+00:00,9.000139,39721,41,0202ab00005b9b29005a5811460e29efbf1ffffffc2246cd1e00000fc0007ebfe9ed0737feebfff600,1,TX 41 seq=24594 rx_latency=1ms tx_dur=1ms,17.013,
2736,10,92,2868904028,2026-07-14T15:45:50.989884+00:00,9.100180,39821,41,0202ab00005c9b8d005a5811460e29efbf1ffffffc2246cd1e00000fc0007ebfe9ed0737feebfff600,1,TX 41 seq=24595 rx_latency=1ms tx_dur=1ms,18.189,
2736,10,93,2868904029,2026-07-14T15:45:51.089865+00:00,9.200135,39921,41,0202ab00005d9bf1005a5811460e29efbf1ffffffc2246cd1e00000fc0007ebfe9ed0737feebfff600,1,TX 41 seq=24596 rx_latency=1ms tx_dur=1ms,20.002,
2736,10,94,2868904030,2026-07-14T15:45:51.189879+00:00,9.300168,40021,41,0202ab00005e9c55005a5811460e29efbf1ffffffc2246cd1e00000fc0007ebfe9ed0737feebfff600,1,TX 41 seq=24597 rx_latency=1ms tx_dur=1ms,22.792,
2736,10,95,2868904031,2026-07-14T15:45:51.289870+00:00,9.400146,40121,41,0202ab00005f9cb9005a5811460e29efbf1ffffffc2246cd1e00000fc0007ebfe9ed0737feebfff600,1,TX 41 seq=24598 rx_latency=1ms tx_dur=1ms,14.801,
2736,10,96,2868904032,2026-07-14T15:45:51.389892+00:00,9.500190,40221,41,0202ab0000609d1d005a5811460e29efbf1ffffffc2246cd1e00000fc0007ebfe9ed0737feebfff600,1,TX 41 seq=24599 rx_latency=1ms tx_dur=1ms,16.019,
2736,10,97,2868904033,2026-07-14T15:45:51.489795+00:00,9.600069,40321,41,0202ab0000619d81005a5811460e29efbf1ffffffc2246cd1e00000fc0007ebfe9ed0737feebfff600,1,TX 41 seq=24600 rx_latency=1ms tx_dur=1ms,19.023,
2736,10,98,2868904034,2026-07-14T15:45:51.589871+00:00,9.700145,40421,41,0202ab0000629de5005a5811460e29efbf1ffffffc2246cd1e00000fc0007ebfe9ed0737feebfff600,1,TX 41 seq=24601 rx_latency=1ms tx_dur=1ms,20.696,
2736,10,99,2868904035,2026-07-14T15:45:51.689867+00:00,9.800144,40521,41,0202ab0000639e49005a5811460e29efbf1ffffffc2246cd1e00000fc0007ebfe9ed0737feebfff600,1,TX 41 seq=24602 rx_latency=1ms tx_dur=1ms,22.559,
2736,10,100,2868904036,2026-07-14T15:45:51.789873+00:00,9.900148,40621,41,0202ab0000649ead005a5811460e29efbf1ffffffc2246cd1e00000fc0007ebfe9ed0737feebfff600,1,TX 41 seq=24603 rx_latency=1ms tx_dur=1ms,14.683,
2736,10,101,2868904037,2026-07-14T15:45:51.889875+00:00,10.000162,40721,41,0202ab0000659f11005a5811460e29efbf1ffffffc2246cd1e00000fc0007ebfe9ed0737feebfff600,1,TX 41 seq=24604 rx_latency=1ms tx_dur=1ms,16.904,
2736,10,102,2868904038,2026-07-14T15:45:51.989872+00:00,10.100149,40821,41,0202ab0000669f75005a5811460e29efbf1ffffffc2246cd1e00000fc0007ebfe9ed0737feebfff600,1,TX 41 seq=24605 rx_latency=1ms tx_dur=1ms,18.268,
2736,10,103,2868904039,2026-07-14T15:45:52.089864+00:00,10.200131,40921,41,0202ab0000679fd9005a5811460e29efbf1ffffffc2246cd1e00000fc0007ebfe9ed0737feebfff600,1,TX 41 seq=24606 rx_latency=1ms tx_dur=1ms,20.009,
2736,10,104,2868904040,2026-07-14T15:45:52.189871+00:00,10.300145,41021,41,0202ab000068a03d005a5811460e29efbf1ffffffc2246cd1e00000fc0007ebfe9ed0737feebfff600,1,TX 41 seq=24607 rx_latency=1ms tx_dur=1ms,22.874,
2736,10,105,2868904041,2026-07-14T15:45:52.289875+00:00,10.400158,41121,41,0202ab000069a0a1005a5811460e29efbf1ffffffc2246cd1e00000fc0007ebfe9ed0737feebfff600,1,TX 41 seq=24608 rx_latency=1ms tx_dur=1ms,14.768,
2736,10,106,2868904042,2026-07-14T15:45:52.389876+00:00,10.500156,41221,41,0202ab00006aa105005a5811460e29efbf1ffffffc2246cd1e00000fc0007ebfe9ed0737feebfff600,1,TX 41 seq=24609 rx_latency=1ms tx_dur=1ms,16.095,
2736,10,107,2868904043,2026-07-14T15:45:52.489871+00:00,10.600143,41321,41,0202ab00006ba169005a5811460e29efbf1ffffffc2246cd1e00000fc0007ebfe9ed0737feebfff600,1,TX 41 seq=24610 rx_latency=1ms tx_dur=1ms,18.969,
2736,10,108,2868904044,2026-07-14T15:45:52.589870+00:00,10.700144,41421,41,0202ab00006ca1cd005a5811460e29efbf1ffffffc2246cd1e00000fc0007ebfe9ed0737feebfff600,1,TX 41 seq=24611 rx_latency=1ms tx_dur=1ms,20.690,
2736,10,109,2868904045,2026-07-14T15:45:52.689871+00:00,10.800142,41521,41,0202ab00006da231005a5811460e29efbf1ffffffc2246cd1e00000fc0007ebfe9ed0737feebfff600,1,TX 41 seq=24612 rx_latency=1ms tx_dur=1ms,22.644,
2736,10,110,2868904046,2026-07-14T15:45:52.789865+00:00,10.900136,41621,41,0202ab00006ea295005a5811460e29efbf1ffffffc2246cd1e00000fc0007ebfe9ed0737feebfff600,1,TX 41 seq=24613 rx_latency=1ms tx_dur=1ms,14.564,
2736,10,111,2868904047,2026-07-14T15:45:52.889872+00:00,11.000145,41721,41,0202ab00006fa2f9005a5811460e29efbf1ffffffc2246cd1e00000fc0007ebfe9ed0737feebfff600,1,TX 41 seq=24614 rx_latency=1ms tx_dur=1ms,16.983,
2736,10,112,2868904048,2026-07-14T15:45:52.989869+00:00,11.100140,41821,41,0202ab000070a35d005a5811460e29efbf1ffffffc2246cd1e00000fc0007ebfe9ed0737feebfff600,1,TX 41 seq=24615 rx_latency=1ms tx_dur=1ms,18.250,
2736,10,113,2868904049,2026-07-14T15:45:53.089835+00:00,11.200104,41921,41,0202ab000071a3c1005a5811460e29efbf1ffffffc2246cd1e00000fc0007ebfe9ed0737feebfff600,1,TX 41 seq=24616 rx_latency=1ms tx_dur=1ms,20.128,
2736,10,114,2868904050,2026-07-14T15:45:53.189867+00:00,11.300136,42021,41,0202ab000072a425005a5811460e29efbf1ffffffc2246cd1e00000fc0007ebfe9ed0737feebfff600,1,TX 41 seq=24617 rx_latency=1ms tx_dur=1ms,22.461,
2736,10,115,2868904051,2026-07-14T15:45:53.289863+00:00,11.400129,42121,41,0202ab000073a489005a5811460e29efbf1ffffffc2246cd1e00000fc0007ebfe9ed0737feebfff600,1,TX 41 seq=24618 rx_latency=1ms tx_dur=1ms,14.937,
2736,10,116,2868904052,2026-07-14T15:45:53.389872+00:00,11.500147,42221,41,0202ab000074a4ed005a5811460e29efbf1ffffffc2246cd1e00000fc0007ebfe9ed0737feebfff600,1,TX 41 seq=24619 rx_latency=1ms tx_dur=1ms,16.625,
2736,10,117,2868904053,2026-07-14T15:45:53.489877+00:00,11.600164,42321,41,0202ab000075a551005a5811460e29efbf1ffffffc2246cd1e00000fc0007ebfe9ed0737feebfff600,1,TX 41 seq=24620 rx_latency=1ms tx_dur=1ms,18.295,
2736,10,118,2868904054,2026-07-14T15:45:53.589870+00:00,11.700145,42421,41,0202ab000076a5b5005a5811460e29efbf1ffffffc2246cd1e00000fc0007ebfe9ed0737feebfff600,1,TX 41 seq=24621 rx_latency=1ms tx_dur=1ms,20.307,
2736,10,119,2868904055,2026-07-14T15:45:53.689864+00:00,11.800131,42521,41,0202ab000077a619005a5811460e29efbf1ffffffc2246cd1e00000fc0007ebfe9ed0737feebfff600,1,TX 41 seq=24622 rx_latency=1ms tx_dur=1ms,22.112,
2736,10,120,2868904056,2026-07-14T15:45:53.789871+00:00,11.900144,42621,41,0202ab000078a67d005a5811460e29efbf1ffffffc2246cd1e00000fc0007ebfe9ed0737feebfff600,1,TX 41 seq=24623 rx_latency=1ms tx_dur=1ms,14.641,
2736,10,121,2868904057,2026-07-14T15:45:53.889872+00:00,12.000143,42721,41,0202ab000079a6e1005a5811460e29efbf1ffffffc2246cd1e00000fc0007ebfe9ed0737feebfff600,1,TX 41 seq=24624 rx_latency=1ms tx_dur=1ms,17.022,
2736,10,122,2868904058,2026-07-14T15:45:53.989877+00:00,12.100160,42821,41,0202ab00007aa745005a5811460e29efbf1ffffffc2246cd1e00000fc0007ebfe9ed0737feebfff600,1,TX 41 seq=24625 rx_latency=1ms tx_dur=1ms,18.264,
2736,10,123,2868904059,2026-07-14T15:45:54.089862+00:00,12.200132,42921,41,0202ab00007ba7a9005a5811460e29efbf1ffffffc2246cd1e00000fc0007ebfe9ed0737feebfff600,1,TX 41 seq=24626 rx_latency=1ms tx_dur=1ms,20.026,
2736,10,124,2868904060,2026-07-14T15:45:54.189870+00:00,12.300142,43021,41,0202ab00007ca80d005a5811460e29efbf1ffffffc2246cd1e00000fc0007ebfe9ed0737feebfff600,1,TX 41 seq=24627 rx_latency=1ms tx_dur=1ms,22.865,
2736,10,125,2868904061,2026-07-14T15:45:54.289865+00:00,12.400134,43121,41,0202ab00007da871005a5811460e29efbf1ffffffc2246cd1e00000fc0007ebfe9ed0737feebfff600,1,TX 41 seq=24628 rx_latency=1ms tx_dur=1ms,14.844,
2736,10,126,2868904062,2026-07-14T15:45:54.389871+00:00,12.500144,43221,41,0202ab00007ea8d5005a5811460e29efbf1ffffffc2246cd1e00000fc0007ebfe9ed0737feebfff600,1,TX 41 seq=24629 rx_latency=1ms tx_dur=1ms,16.671,
2736,10,127,2868904063,2026-07-14T15:45:54.489877+00:00,12.600159,43321,41,0202ab00007fa939005a5811460e29efbf1ffffffc2246cd1e00000fc0007ebfe9ed0737feebfff600,1,TX 41 seq=24630 rx_latency=1ms tx_dur=1ms,18.002,
2736,10,128,2868904064,2026-07-14T15:45:54.589889+00:00,12.700196,43421,41,0202ab000080a99d005a5811460e29efbf1ffffffc2246cd1e00000fc0007ebfe9ed0737feebfff600,1,TX 41 seq=24631 rx_latency=1ms tx_dur=1ms,20.403,
2736,10,129,2868904065,2026-07-14T15:45:54.689865+00:00,12.800137,43521,41,0202ab000081aa01005a5811460e29efbf1ffffffc2246cd1e00000fc0007ebfe9ed0737feebfff600,1,TX 41 seq=24632 rx_latency=1ms tx_dur=1ms,22.621,
2736,10,130,2868904066,2026-07-14T15:45:54.789871+00:00,12.900142,43621,41,0202ab000082aa65005a5811460e29efbf1ffffffc2246cd1e00000fc0007ebfe9ed0737feebfff600,1,TX 41 seq=24633 rx_latency=1ms tx_dur=1ms,14.761,
2736,10,131,2868904067,2026-07-14T15:45:54.889868+00:00,13.000137,43721,41,0202ab000083aac9005a5811460e29efbf1ffffffc2246cd1e00000fc0007ebfe9ed0737feebfff600,1,TX 41 seq=24634 rx_latency=1ms tx_dur=1ms,16.031,
2736,10,132,2868904068,2026-07-14T15:45:54.989872+00:00,13.100147,43821,41,0202ab000084ab2d005a5811460e29efbf1ffffffc2246cd1e00000fc0007ebfe9ed0737feebfff600,1,TX 41 seq=24635 rx_latency=1ms tx_dur=1ms,18.974,
2736,10,133,2868904069,2026-07-14T15:45:55.089869+00:00,13.200139,43921,41,0202ab000085ab91005a5811460e29efbf1ffffffc2246cd1e00000fc0007ebfe9ed0737feebfff600,1,TX 41 seq=24636 rx_latency=1ms tx_dur=1ms,20.249,
2736,10,134,2868904070,2026-07-14T15:45:55.189864+00:00,13.300130,44021,41,0202ab000086abf5005a5811460e29efbf1ffffffc2246cd1e00000fc0007ebfe9ed0737feebfff600,1,TX 41 seq=24637 rx_latency=1ms tx_dur=1ms,22.209,
2736,10,135,2868904071,2026-07-14T15:45:55.289870+00:00,13.400143,44121,41,0202ab000087ac59005a5811460e29efbf1ffffffc2246cd1e00000fc0007ebfe9ed0737feebfff600,1,TX 41 seq=24638 rx_latency=1ms tx_dur=1ms,14.699,
2736,10,136,2868904072,2026-07-14T15:45:55.389868+00:00,13.500140,44221,41,0202ab000088acbd005a5811460e29efbf1ffffffc2246cd1e00000fc0007ebfe9ed0737feebfff600,1,TX 41 seq=24639 rx_latency=1ms tx_dur=1ms,15.958,
2736,10,137,2868904073,2026-07-14T15:45:55.489867+00:00,13.600137,44321,41,0202ab000089ad21005a5811460e29efbf1ffffffc2246cd1e00000fc0007ebfe9ed0737feebfff600,1,TX 41 seq=24640 rx_latency=1ms tx_dur=1ms,18.922,
2736,10,138,2868904074,2026-07-14T15:45:55.589869+00:00,13.700139,44421,41,0202ab00008aad85005a5811460e29efbf1ffffffc2246cd1e00000fc0007ebfe9ed0737feebfff600,1,TX 41 seq=24641 rx_latency=1ms tx_dur=1ms,20.279,
2736,10,139,2868904075,2026-07-14T15:45:55.689883+00:00,13.800184,44521,41,0202ab00008bade9005a5811460e29efbf1ffffffc2246cd1e00000fc0007ebfe9ed0737feebfff600,1,TX 41 seq=24642 rx_latency=1ms tx_dur=1ms,22.488,
2736,10,140,2868904076,2026-07-14T15:45:55.789869+00:00,13.900149,44621,41,0202ab00008cae4d005a5811460e29efbf1ffffffc2246cd1e00000fc0007ebfe9ed0737feebfff600,1,TX 41 seq=24643 rx_latency=1ms tx_dur=1ms,14.522,
2736,10,141,2868904077,2026-07-14T15:45:55.889873+00:00,14.000151,44721,41,0202ab00008daeb1005a5811460e29efbf1ffffffc2246cd1e00000fc0007ebfe9ed0737feebfff600,1,TX 41 seq=24644 rx_latency=1ms tx_dur=1ms,16.968,
2736,10,142,2868904078,2026-07-14T15:45:55.989868+00:00,14.100141,44821,41,0202ab00008eaf15005a5811460e29efbf1ffffffc2246cd1e00000fc0007ebfe9ed0737feebfff600,1,TX 41 seq=24645 rx_latency=1ms tx_dur=1ms,18.248,
2736,10,143,2868904079,2026-07-14T15:45:56.089825+00:00,14.200093,44921,41,0202ab00008faf79005a5811460e29efbf1ffffffc2246cd1e00000fc0007ebfe9ed0737feebfff600,1,TX 41 seq=24646 rx_latency=1ms tx_dur=1ms,20.147,
2736,10,144,2868904080,2026-07-14T15:45:56.189873+00:00,14.300146,45021,41,0202ab000090afdd005a5811460e29efbf1ffffffc2246cd1e00000fc0007ebfe9ed0737feebfff600,1,TX 41 seq=24647 rx_latency=1ms tx_dur=1ms,22.561,
2736,10,145,2868904081,2026-07-14T15:45:56.289868+00:00,14.400143,45121,41,0202ab000091b041005a5811460e29efbf1ffffffc2246cd1e00000fc0007ebfe9ed0737feebfff600,1,TX 41 seq=24648 rx_latency=1ms tx_dur=1ms,15.084,
2736,10,146,2868904082,2026-07-14T15:45:56.389871+00:00,14.500142,45221,41,0202ab000092b0a5005a5811460e29efbf1ffffffc2246cd1e00000fc0007ebfe9ed0737feebfff600,1,TX 41 seq=24649 rx_latency=1ms tx_dur=1ms,16.142,
2736,10,147,2868904083,2026-07-14T15:45:56.489867+00:00,14.600138,45321,41,0202ab000093b109005a5811460e29efbf1ffffffc2246cd1e00000fc0007ebfe9ed0737feebfff600,1,TX 41 seq=24650 rx_latency=1ms tx_dur=1ms,18.100,
2736,10,148,2868904084,2026-07-14T15:45:56.589862+00:00,14.700129,45421,41,0202ab000094b16d005a5811460e29efbf1ffffffc2246cd1e00000fc0007ebfe9ed0737feebfff600,1,TX 41 seq=24651 rx_latency=1ms tx_dur=1ms,21.024,
2736,10,149,2868904085,2026-07-14T15:45:56.689872+00:00,14.800145,45521,41,0202ab000095b1d1005a5811460e29efbf1ffffffc2246cd1e00000fc0007ebfe9ed0737feebfff600,1,TX 41 seq=24652 rx_latency=1ms tx_dur=1ms,22.407,
2736,10,150,2868904086,2026-07-14T15:45:56.789870+00:00,14.900149,45621,41,0202ab000096b235005a5811460e29efbf1ffffffc2246cd1e00000fc0007ebfe9ed0737feebfff600,1,TX 41 seq=24653 rx_latency=1ms tx_dur=1ms,14.767,
2736,10,151,2868904087,2026-07-14T15:45:56.889872+00:00,15.000148,45721,41,0202ab000097b299005a5811460e29efbf1ffffffc2246cd1e00000fc0007ebfe9ed0737feebfff600,1,TX 41 seq=24654 rx_latency=1ms tx_dur=1ms,16.080,
2736,10,152,2868904088,2026-07-14T15:45:56.989812+00:00,15.100083,45821,41,0202ab000098b2fd005a5811460e29efbf1ffffffc2246cd1e00000fc0007ebfe9ed0737feebfff600,1,TX 41 seq=24655 rx_latency=1ms tx_dur=1ms,18.990,
2736,10,153,2868904089,2026-07-14T15:45:57.089868+00:00,15.200138,45921,41,0202ab000099b361005a5811460e29efbf1ffffffc2246cd1e00000fc0007ebfe9ed0737feebfff600,1,TX 41 seq=24656 rx_latency=1ms tx_dur=1ms,20.654,
2736,10,154,2868904090,2026-07-14T15:45:57.189868+00:00,15.300136,46021,41,0202ab00009ab3c5005a5811460e29efbf1ffffffc2246cd1e00000fc0007ebfe9ed0737feebfff600,1,TX 41 seq=24657 rx_latency=1ms tx_dur=1ms,22.591,
2736,10,155,2868904091,2026-07-14T15:45:57.289863+00:00,15.400132,46121,41,0202ab00009bb429005a5811460e29efbf1ffffffc2246cd1e00000fc0007ebfe9ed0737feebfff600,1,TX 41 seq=24658 rx_latency=1ms tx_dur=1ms,14.503,
2736,10,156,2868904092,2026-07-14T15:45:57.389880+00:00,15.500172,46221,41,0202ab00009cb48d005a5811460e29efbf1ffffffc2246cd1e00000fc0007ebfe9ed0737feebfff600,1,TX 41 seq=24659 rx_latency=1ms tx_dur=1ms,16.875,
2736,10,157,2868904093,2026-07-14T15:45:57.489874+00:00,15.600153,46321,41,0202ab00009db4f1005a5811460e29efbf1ffffffc2246cd1e00000fc0007ebfe9ed0737feebfff600,1,TX 41 seq=24660 rx_latency=1ms tx_dur=1ms,18.176,
2736,10,158,2868904094,2026-07-14T15:45:57.589810+00:00,15.700077,46421,41,0202ab00009eb555005a5811460e29efbf1ffffffc2246cd1e00000fc0007ebfe9ed0737feebfff600,1,TX 41 seq=24661 rx_latency=1ms tx_dur=1ms,20.106,
2736,10,159,2868904095,2026-07-14T15:45:57.689870+00:00,15.800142,46521,41,0202ab00009fb5b9005a5811460e29efbf1ffffffc2246cd1e00000fc0007ebfe9ed0737feebfff600,1,TX 41 seq=24662 rx_latency=1ms tx_dur=1ms,22.518,
2736,10,160,2868904096,2026-07-14T15:45:57.789797+00:00,15.900079,46621,41,0202ab0000a0b61d005a5811460e29efbf1ffffffc2246cd1e00000fc0007ebfe9ed0737feebfff600,1,TX 41 seq=24663 rx_latency=1ms tx_dur=1ms,14.953,
2736,10,161,2868904097,2026-07-14T15:45:57.889869+00:00,16.000143,46721,41,0202ab0000a1b681005a5811460e29efbf1ffffffc2246cd1e00000fc0007ebfe9ed0737feebfff600,1,TX 41 seq=24664 rx_latency=1ms tx_dur=1ms,16.743,
2736,10,162,2868904098,2026-07-14T15:45:57.989869+00:00,16.100138,46821,41,0202ab0000a2b6e5005a5811460e29efbf1ffffffc2246cd1e00000fc0007ebfe9ed0737feebfff600,1,TX 41 seq=24665 rx_latency=1ms tx_dur=1ms,18.028,
2736,10,163,2868904099,2026-07-14T15:45:58.089867+00:00,16.200136,46921,41,0202ab0000a3b749005a5811460e29efbf1ffffffc2246cd1e00000fc0007ebfe9ed0737feebfff600,1,TX 41 seq=24666 rx_latency=1ms tx_dur=1ms,20.429,
2736,10,164,2868904100,2026-07-14T15:45:58.189813+00:00,16.300081,47021,41,0202ab0000a4b7ad005a5811460e29efbf1ffffffc2246cd1e00000fc0007ebfe9ed0737feebfff600,1,TX 41 seq=24667 rx_latency=1ms tx_dur=1ms,22.209,
2736,10,165,2868904101,2026-07-14T15:45:58.289871+00:00,16.400144,47121,41,0202ab0000a5b811005a5811460e29efbf1ffffffc2246cd1e00000fc0007ebfe9ed0737feebfff600,1,TX 41 seq=24668 rx_latency=1ms tx_dur=1ms,13.901,
2736,10,166,2868904102,2026-07-14T15:45:58.389869+00:00,16.500141,47221,41,0202ab0000a6b875005a5811460e29efbf1ffffffc2246cd1e00000fc0007ebfe9ed0737feebfff600,1,TX 41 seq=24669 rx_latency=1ms tx_dur=1ms,16.992,
2736,10,167,2868904103,2026-07-14T15:45:58.489864+00:00,16.600135,47321,41,0202ab0000a7b8d9005a5811460e29efbf1ffffffc2246cd1e00000fc0007ebfe9ed0737feebfff600,1,TX 41 seq=24670 rx_latency=1ms tx_dur=1ms,18.929,
2736,10,168,2868904104,2026-07-14T15:45:58.589875+00:00,16.700158,47421,41,0202ab0000a8b93d005a5811460e29efbf1ffffffc2246cd1e00000fc0007ebfe9ed0737feebfff600,1,TX 41 seq=24671 rx_latency=1ms tx_dur=1ms,20.258,
2736,10,169,2868904105,2026-07-14T15:45:58.689870+00:00,16.800142,47521,41,0202ab0000a9b9a1005a5811460e29efbf1ffffffc2246cd1e00000fc0007ebfe9ed0737feebfff600,1,TX 41 seq=24672 rx_latency=1ms tx_dur=1ms,22.648,
2736,10,170,2868904106,2026-07-14T15:45:58.789863+00:00,16.900130,47621,41,0202ab0000aaba05005a5811460e29efbf1ffffffc2246cd1e00000fc0007ebfe9ed0737feebfff600,1,TX 41 seq=24673 rx_latency=1ms tx_dur=1ms,14.589,
2736,10,171,2868904107,2026-07-14T15:45:58.889873+00:00,17.000144,47721,41,0202ab0000abba69005a5811460e29efbf1ffffffc2246cd1e00000fc0007ebfe9ed0737feebfff600,1,TX 41 seq=24674 rx_latency=1ms tx_dur=1ms,17.003,
2736,10,172,2868904108,2026-07-14T15:45:58.989878+00:00,17.100164,47821,41,0202ab0000acbacd005a5811460e29efbf1ffffffc2246cd1e00000fc0007ebfe9ed0737feebfff600,1,TX 41 seq=24675 rx_latency=1ms tx_dur=1ms,18.219,
2736,10,173,2868904109,2026-07-14T15:45:59.089834+00:00,17.200103,47921,41,0202ab0000adbb31005a5811460e29efbf1ffffffc2246cd1e00000fc0007ebfe9ed0737feebfff600,1,TX 41 seq=24676 rx_latency=1ms tx_dur=1ms,20.144,
2736,10,174,2868904110,2026-07-14T15:45:59.189870+00:00,17.300141,48021,41,0202ab0000aebb95005a5811460e29efbf1ffffffc2246cd1e00000fc0007ebfe9ed0737feebfff600,1,TX 41 seq=24677 rx_latency=1ms tx_dur=1ms,22.495,
2736,10,175,2868904111,2026-07-14T15:45:59.289864+00:00,17.400129,48121,41,0202ab0000afbbf9005a5811460e29efbf1ffffffc2246cd1e00000fc0007ebfe9ed0737feebfff600,1,TX 41 seq=24678 rx_latency=1ms tx_dur=1ms,14.407,
2736,10,176,2868904112,2026-07-14T15:45:59.389868+00:00,17.500139,48221,41,0202ab0000b0bc5d005a5811460e29efbf1ffffffc2246cd1e00000fc0007ebfe9ed0737feebfff600,1,TX 41 seq=24679 rx_latency=1ms tx_dur=1ms,16.837,
2736,10,177,2868904113,2026-07-14T15:45:59.489867+00:00,17.600142,48321,41,0202ab0000b1bcc1005a5811460e29efbf1ffffffc2246cd1e00000fc0007ebfe9ed0737feebfff600,1,TX 41 seq=24680 rx_latency=1ms tx_dur=1ms,18.044,
2736,10,178,2868904114,2026-07-14T15:45:59.589872+00:00,17.700143,48421,41,0202ab0000b2bd25005a5811460e29efbf1ffffffc2246cd1e00000fc0007ebfe9ed0737feebfff600,1,TX 41 seq=24681 rx_latency=1ms tx_dur=1ms,20.489,
2736,10,179,2868904115,2026-07-14T15:45:59.689873+00:00,17.800149,48521,41,0202ab0000b3bd89005a5811460e29efbf1ffffffc2246cd1e00000fc0007ebfe9ed0737feebfff600,1,TX 41 seq=24682 rx_latency=1ms tx_dur=1ms,22.197,
2736,10,180,2868904116,2026-07-14T15:45:59.789870+00:00,17.900149,48621,41,0202ab0000b4bded005a5811460e29efbf1ffffffc2246cd1e00000fc0007ebfe9ed0737feebfff600,1,TX 41 seq=24683 rx_latency=1ms tx_dur=1ms,13.966,
2736,10,181,2868904117,2026-07-14T15:45:59.889849+00:00,18.000121,48721,41,0202ab0000b5be51005a5811460e29efbf1ffffffc2246cd1e00000fc0007ebfe9ed0737feebfff600,1,TX 41 seq=24684 rx_latency=1ms tx_dur=1ms,15.939,
2736,10,182,2868904118,2026-07-14T15:45:59.989875+00:00,18.100155,48821,41,0202ab0000b6beb5005a5811460e29efbf1ffffffc2246cd1e00000fc0007ebfe9ed0737feebfff600,1,TX 41 seq=24685 rx_latency=1ms tx_dur=1ms,18.296,
2736,10,183,2868904119,2026-07-14T15:46:00.089873+00:00,18.200146,48921,41,0202ab0000b7bf19005a5811460e29efbf1ffffffc2246cd1e00000fc0007ebfe9ed0737feebfff600,1,TX 41 seq=24686 rx_latency=1ms tx_dur=1ms,20.047,
2736,10,184,2868904120,2026-07-14T15:46:00.189869+00:00,18.300139,49021,41,0202ab0000b8bf7d005a5811460e29efbf1ffffffc2246cd1e00000fc0007ebfe9ed0737feebfff600,1,TX 41 seq=24687 rx_latency=1ms tx_dur=1ms,22.880,
2736,10,185,2868904121,2026-07-14T15:46:00.289869+00:00,18.400139,49121,41,0202ab0000b9bfe1005a5811460e29efbf1ffffffc2246cd1e00000fc0007ebfe9ed0737feebfff600,1,TX 41 seq=24688 rx_latency=1ms tx_dur=1ms,14.866,
2736,10,186,2868904122,2026-07-14T15:46:00.389868+00:00,18.500138,49221,41,0202ab0000bac045005a5811460e29efbf1ffffffc2246cd1e00000fc0007ebfe9ed0737feebfff600,1,TX 41 seq=24689 rx_latency=1ms tx_dur=1ms,16.704,
2736,10,187,2868904123,2026-07-14T15:46:00.489867+00:00,18.600141,49321,41,0202ab0000bbc0a9005a5811460e29efbf1ffffffc2246cd1e00000fc0007ebfe9ed0737feebfff600,1,TX 41 seq=24690 rx_latency=1ms tx_dur=1ms,18.070,
2736,10,188,2868904124,2026-07-14T15:46:00.589870+00:00,18.700141,49421,41,0202ab0000bcc10d005a5811460e29efbf1ffffffc2246cd1e00000fc0007ebfe9ed0737feebfff600,1,TX 41 seq=24691 rx_latency=1ms tx_dur=1ms,20.436,
2736,10,189,2868904125,2026-07-14T15:46:00.689869+00:00,18.800139,49521,41,0202ab0000bdc171005a5811460e29efbf1ffffffc2246cd1e00000fc0007ebfe9ed0737feebfff600,1,TX 41 seq=24692 rx_latency=1ms tx_dur=1ms,22.280,
2736,10,190,2868904126,2026-07-14T15:46:00.789868+00:00,18.900137,49621,41,0202ab0000bec1d5005a5811460e29efbf1ffffffc2246cd1e00000fc0007ebfe9ed0737feebfff600,1,TX 41 seq=24693 rx_latency=1ms tx_dur=1ms,14.788,
2736,10,191,2868904127,2026-07-14T15:46:00.889867+00:00,19.000136,49721,41,0202ab0000bfc239005a5811460e29efbf1ffffffc2246cd1e00000fc0007ebfe9ed0737feebfff600,1,TX 41 seq=24694 rx_latency=1ms tx_dur=1ms,16.045,
2736,10,192,2868904128,2026-07-14T15:46:00.989869+00:00,19.100138,49821,41,0202ab0000c0c29d005a5811460e29efbf1ffffffc2246cd1e00000fc0007ebfe9ed0737feebfff600,1,TX 41 seq=24695 rx_latency=1ms tx_dur=1ms,19.009,
2736,10,193,2868904129,2026-07-14T15:46:01.089874+00:00,19.200153,49921,41,0202ab0000c1c301005a5811460e29efbf1ffffffc2246cd1e00000fc0007ebfe9ed0737feebfff600,1,TX 41 seq=24696 rx_latency=1ms tx_dur=1ms,20.328,
2736,10,194,2868904130,2026-07-14T15:46:01.189813+00:00,19.300084,50021,41,0202ab0000c2c365005a5811460e29efbf1ffffffc2246cd1e00000fc0007ebfe9ed0737feebfff600,1,TX 41 seq=24697 rx_latency=1ms tx_dur=1ms,22.908,
2736,10,195,2868904131,2026-07-14T15:46:01.289869+00:00,19.400140,50121,41,0202ab0000c3c3c9005a5811460e29efbf1ffffffc2246cd1e00000fc0007ebfe9ed0737feebfff600,1,TX 41 seq=24698 rx_latency=1ms tx_dur=1ms,13.928,
2736,10,196,2868904132,2026-07-14T15:46:01.389868+00:00,19.500138,50221,41,0202ab0000c4c42d005a5811460e29efbf1ffffffc2246cd1e00000fc0007ebfe9ed0737feebfff600,1,TX 41 seq=24699 rx_latency=1ms tx_dur=1ms,16.998,
2736,10,197,2868904133,2026-07-14T15:46:01.489891+00:00,19.600189,50321,41,0202ab0000c5c491005a5811460e29efbf1ffffffc2246cd1e00000fc0007ebfe9ed0737feebfff600,1,TX 41 seq=24700 rx_latency=1ms tx_dur=1ms,18.066,
2736,10,198,2868904134,2026-07-14T15:46:01.589868+00:00,19.700144,50421,41,0202ab0000c6c4f5005a5811460e29efbf1ffffffc2246cd1e00000fc0007ebfe9ed0737feebfff600,1,TX 41 seq=24701 rx_latency=1ms tx_dur=1ms,20.032,
2736,10,199,2868904135,2026-07-14T15:46:01.689881+00:00,19.800180,50521,41,0202ab0000c7c559005a5811460e29efbf1ffffffc2246cd1e00000fc0007ebfe9ed0737feebfff600,1,TX 41 seq=24702 rx_latency=1ms tx_dur=1ms,22.624,
2736,10,200,2868904136,2026-07-14T15:46:01.789823+00:00,19.900095,50621,41,0202ab0000c8c5bd005a5811460e29efbf1ffffffc2246cd1e00000fc0007ebfe9ed0737feebfff600,1,TX 41 seq=24703 rx_latency=1ms tx_dur=1ms,14.914,
2736,10,201,2868904137,2026-07-14T15:46:01.889876+00:00,20.000160,50721,41,0202ab0000c9c621005a5811460e29efbf1ffffffc2246cd1e00000fc0007ebfe9ed0737feebfff600,1,TX 41 seq=24704 rx_latency=1ms tx_dur=1ms,16.001,
2736,10,202,2868904138,2026-07-14T15:46:01.989863+00:00,20.100133,50821,41,0202ab0000cac685005a5811460e29efbf1ffffffc2246cd1e00000fc0007ebfe9ed0737feebfff600,1,TX 41 seq=24705 rx_latency=1ms tx_dur=1ms,19.016,
2736,10,203,2868904139,2026-07-14T15:46:02.089879+00:00,20.200162,50921,41,0202ab0000cbc6e9005a5811460e29efbf1ffffffc2246cd1e00000fc0007ebfe9ed0737feebfff600,1,TX 41 seq=24706 rx_latency=1ms tx_dur=1ms,20.598,
2736,10,204,2868904140,2026-07-14T15:46:02.189872+00:00,20.300148,51021,41,0202ab0000ccc74d005a5811460e29efbf1ffffffc2246cd1e00000fc0007ebfe9ed0737feebfff600,1,TX 41 seq=24707 rx_latency=1ms tx_dur=1ms,22.624,
2736,10,205,2868904141,2026-07-14T15:46:02.289877+00:00,20.400159,51121,41,0202ab0000cdc7b1005a5811460e29efbf1ffffffc2246cd1e00000fc0007ebfe9ed0737feebfff600,1,TX 41 seq=24708 rx_latency=1ms tx_dur=1ms,13.915,
2736,10,206,2868904142,2026-07-14T15:46:02.389868+00:00,20.500142,51221,41,0202ab0000cec815005a5811460e29efbf1ffffffc2246cd1e00000fc0007ebfe9ed0737feebfff600,1,TX 41 seq=24709 rx_latency=1ms tx_dur=1ms,16.862,
2736,10,207,2868904143,2026-07-14T15:46:02.489870+00:00,20.600147,51321,41,0202ab0000cfc879005a5811460e29efbf1ffffffc2246cd1e00000fc0007ebfe9ed0737feebfff600,1,TX 41 seq=24710 rx_latency=1ms tx_dur=1ms,18.470,
2736,10,208,2868904144,2026-07-14T15:46:02.589865+00:00,20.700138,51421,41,0202ab0000d0c8dd005a5811460e29efbf1ffffffc2246cd1e00000fc0007ebfe9ed0737feebfff600,1,TX 41 seq=24711 rx_latency=1ms tx_dur=1ms,20.458,
2736,10,209,2868904145,2026-07-14T15:46:02.689866+00:00,20.800141,51521,41,0202ab0000d1c941005a5811460e29efbf1ffffffc2246cd1e00000fc0007ebfe9ed0737feebfff600,1,TX 41 seq=24712 rx_latency=1ms tx_dur=1ms,22.279,
2736,10,210,2868904146,2026-07-14T15:46:02.789870+00:00,20.900142,51621,41,0202ab0000d2c9a5005a5811460e29efbf1ffffffc2246cd1e00000fc0007ebfe9ed0737feebfff600,1,TX 41 seq=24713 rx_latency=1ms tx_dur=1ms,14.810,
2736,10,211,2868904147,2026-07-14T15:46:02.889868+00:00,21.000139,51721,41,0202ab0000d3ca09005a5811460e29efbf1ffffffc2246cd1e00000fc0007ebfe9ed0737feebfff600,1,TX 41 seq=24714 rx_latency=1ms tx_dur=1ms,16.125,
2736,10,212,2868904148,2026-07-14T15:46:02.989861+00:00,21.100128,51821,41,0202ab0000d4ca6d005a5811460e29efbf1ffffffc2246cd1e00000fc0007ebfe9ed0737feebfff600,1,TX 41 seq=24715 rx_latency=1ms tx_dur=1ms,19.073,
2736,10,213,2868904149,2026-07-14T15:46:03.089868+00:00,21.200139,51921,41,0202ab0000d5cad1005a5811460e29efbf1ffffffc2246cd1e00000fc0007ebfe9ed0737feebfff600,1,TX 41 seq=24716 rx_latency=1ms tx_dur=1ms,20.244,
2736,10,214,2868904150,2026-07-14T15:46:03.189861+00:00,21.300127,52021,41,0202ab0000d6cb35005a5811460e29efbf1ffffffc2246cd1e00000fc0007ebfe9ed0737feebfff600,1,TX 41 seq=24717 rx_latency=1ms tx_dur=1ms,22.179,
2736,10,215,2868904151,2026-07-14T15:46:03.289880+00:00,21.400167,52121,41,0202ab0000d7cb99005a5811460e29efbf1ffffffc2246cd1e00000fc0007ebfe9ed0737feebfff600,1,TX 41 seq=24718 rx_latency=1ms tx_dur=1ms,14.541,
2736,10,216,2868904152,2026-07-14T15:46:03.389870+00:00,21.500144,52221,41,0202ab0000d8cbfd005a5811460e29efbf1ffffffc2246cd1e00000fc0007ebfe9ed0737feebfff600,1,TX 41 seq=24719 rx_latency=1ms tx_dur=1ms,16.934,
2736,10,217,2868904153,2026-07-14T15:46:03.489873+00:00,21.600148,52321,41,0202ab0000d9cc61005a5811460e29efbf1ffffffc2246cd1e00000fc0007ebfe9ed0737feebfff600,1,TX 41 seq=24720 rx_latency=1ms tx_dur=1ms,18.271,
2736,10,218,2868904154,2026-07-14T15:46:03.589864+00:00,21.700131,52421,41,0202ab0000daccc5005a5811460e29efbf1ffffffc2246cd1e00000fc0007ebfe9ed0737feebfff600,1,TX 41 seq=24721 rx_latency=1ms tx_dur=1ms,20.001,
2736,10,219,2868904155,2026-07-14T15:46:03.689883+00:00,21.800175,52521,41,0202ab0000dbcd29005a5811460e29efbf1ffffffc2246cd1e00000fc0007ebfe9ed0737feebfff600,1,TX 41 seq=24722 rx_latency=1ms tx_dur=1ms,22.741,
2736,10,220,2868904156,2026-07-14T15:46:03.789837+00:00,21.900109,52621,41,0202ab0000dccd8d005a5811460e29efbf1ffffffc2246cd1e00000fc0007ebfe9ed0737feebfff600,1,TX 41 seq=24723 rx_latency=1ms tx_dur=1ms,14.833,
2736,10,221,2868904157,2026-07-14T15:46:03.889871+00:00,22.000146,52721,41,0202ab0000ddcdf1005a5811460e29efbf1ffffffc2246cd1e00000fc0007ebfe9ed0737feebfff600,1,TX 41 seq=24724 rx_latency=1ms tx_dur=1ms,16.100,
2736,10,222,2868904158,2026-07-14T15:46:03.989871+00:00,22.100142,52821,41,0202ab0000dece55005a5811460e29efbf1ffffffc2246cd1e00000fc0007ebfe9ed0737feebfff600,1,TX 41 seq=24725 rx_latency=1ms tx_dur=1ms,18.948,
2736,10,223,2868904159,2026-07-14T15:46:04.089869+00:00,22.200138,52921,41,0202ab0000dfceb9005a5811460e29efbf1ffffffc2246cd1e00000fc0007ebfe9ed0737feebfff600,1,TX 41 seq=24726 rx_latency=1ms tx_dur=1ms,20.690,
2736,10,224,2868904160,2026-07-14T15:46:04.189837+00:00,22.300109,53021,41,0202ab0000e0cf1d005a5811460e29efbf1ffffffc2246cd1e00000fc0007ebfe9ed0737feebfff600,1,TX 41 seq=24727 rx_latency=1ms tx_dur=1ms,22.587,
2736,10,225,2868904161,2026-07-14T15:46:04.289869+00:00,22.400142,53121,41,0202ab0000e1cf81005a5811460e29efbf1ffffffc2246cd1e00000fc0007ebfe9ed0737feebfff600,1,TX 41 seq=24728 rx_latency=1ms tx_dur=1ms,14.469,
2736,10,226,2868904162,2026-07-14T15:46:04.389870+00:00,22.500142,53221,41,0202ab0000e2cfe5005a5811460e29efbf1ffffffc2246cd1e00000fc0007ebfe9ed0737feebfff600,1,TX 41 seq=24729 rx_latency=1ms tx_dur=1ms,16.954,
2736,10,227,2868904163,2026-07-14T15:46:04.489868+00:00,22.600140,53321,41,0202ab0000e3d049005a5811460e29efbf1ffffffc2246cd1e00000fc0007ebfe9ed0737feebfff600,1,TX 41 seq=24730 rx_latency=1ms tx_dur=1ms,18.354,
2736,10,228,2868904164,2026-07-14T15:46:04.589875+00:00,22.700163,53421,41,0202ab0000e4d0ad005a5811460e29efbf1ffffffc2246cd1e00000fc0007ebfe9ed0737feebfff600,1,TX 41 seq=24731 rx_latency=1ms tx_dur=1ms,19.957,
2736,10,229,2868904165,2026-07-14T15:46:04.689872+00:00,22.800148,53521,41,0202ab0000e5d111005a5811460e29efbf1ffffffc2246cd1e00000fc0007ebfe9ed0737feebfff600,1,TX 41 seq=24732 rx_latency=1ms tx_dur=1ms,22.570,
2736,10,230,2868904166,2026-07-14T15:46:04.789871+00:00,22.900150,53621,41,0202ab0000e6d175005a5811460e29efbf1ffffffc2246cd1e00000fc0007ebfe9ed0737feebfff600,1,TX 41 seq=24733 rx_latency=1ms tx_dur=1ms,14.884,
2736,10,231,2868904167,2026-07-14T15:46:04.889872+00:00,23.000147,53721,41,0202ab0000e7d1d9005a5811460e29efbf1ffffffc2246cd1e00000fc0007ebfe9ed0737feebfff600,1,TX 41 seq=24734 rx_latency=1ms tx_dur=1ms,16.739,
2736,10,232,2868904168,2026-07-14T15:46:04.989869+00:00,23.100140,53821,41,0202ab0000e8d23d005a5811460e29efbf1ffffffc2246cd1e00000fc0007ebfe9ed0737feebfff600,1,TX 41 seq=24735 rx_latency=1ms tx_dur=1ms,18.024,
2736,10,233,2868904169,2026-07-14T15:46:05.089867+00:00,23.200138,53921,41,0202ab0000e9d2a1005a5811460e29efbf1ffffffc2246cd1e00000fc0007ebfe9ed0737feebfff600,1,TX 41 seq=24736 rx_latency=1ms tx_dur=1ms,20.409,
2736,10,234,2868904170,2026-07-14T15:46:05.189870+00:00,23.300143,54021,41,0202ab0000ead305005a5811460e29efbf1ffffffc2246cd1e00000fc0007ebfe9ed0737feebfff600,1,TX 41 seq=24737 rx_latency=1ms tx_dur=1ms,22.178,
2736,10,235,2868904171,2026-07-14T15:46:05.289864+00:00,23.400136,54121,41,0202ab0000ebd369005a5811460e29efbf1ffffffc2246cd1e00000fc0007ebfe9ed0737feebfff600,1,TX 41 seq=24738 rx_latency=1ms tx_dur=1ms,15.041,
2736,10,236,2868904172,2026-07-14T15:46:05.389868+00:00,23.500140,54221,41,0202ab0000ecd3cd005a5811460e29efbf1ffffffc2246cd1e00000fc0007ebfe9ed0737feebfff600,1,TX 41 seq=24739 rx_latency=1ms tx_dur=1ms,16.980,
2736,10,237,2868904173,2026-07-14T15:46:05.489862+00:00,23.600128,54321,41,0202ab0000edd431005a5811460e29efbf1ffffffc2246cd1e00000fc0007ebfe9ed0737feebfff600,1,TX 41 seq=24740 rx_latency=1ms tx_dur=1ms,18.295,
2736,10,238,2868904174,2026-07-14T15:46:05.589880+00:00,23.700167,54421,41,0202ab0000eed495005a5811460e29efbf1ffffffc2246cd1e00000fc0007ebfe9ed0737feebfff600,1,TX 41 seq=24741 rx_latency=1ms tx_dur=1ms,19.929,
2736,10,239,2868904175,2026-07-14T15:46:05.689866+00:00,23.800137,54521,41,0202ab0000efd4f9005a5811460e29efbf1ffffffc2246cd1e00000fc0007ebfe9ed0737feebfff600,1,TX 41 seq=24742 rx_latency=1ms tx_dur=1ms,22.810,
2736,10,240,2868904176,2026-07-14T15:46:05.789871+00:00,23.900142,54621,41,0202ab0000f0d55d005a5811460e29efbf1ffffffc2246cd1e00000fc0007ebfe9ed0737feebfff600,1,TX 41 seq=24743 rx_latency=1ms tx_dur=1ms,14.807,
2736,10,241,2868904177,2026-07-14T15:46:05.889863+00:00,24.000130,54721,41,0202ab0000f1d5c1005a5811460e29efbf1ffffffc2246cd1e00000fc0007ebfe9ed0737feebfff600,1,TX 41 seq=24744 rx_latency=1ms tx_dur=1ms,16.693,
2736,10,242,2868904178,2026-07-14T15:46:05.989869+00:00,24.100141,54821,41,0202ab0000f2d625005a5811460e29efbf1ffffffc2246cd1e00000fc0007ebfe9ed0737feebfff600,1,TX 41 seq=24745 rx_latency=1ms tx_dur=1ms,18.026,
2736,10,243,2868904179,2026-07-14T15:46:06.089873+00:00,24.200148,54921,41,0202ab0000f3d689005a5811460e29efbf1ffffffc2246cd1e00000fc0007ebfe9ed0737feebfff600,1,TX 41 seq=24746 rx_latency=1ms tx_dur=1ms,20.367,
2736,10,244,2868904180,2026-07-14T15:46:06.189838+00:00,24.300114,55021,41,0202ab0000f4d6ed005a5811460e29efbf1ffffffc2246cd1e00000fc0007ebfe9ed0737feebfff600,1,TX 41 seq=24747 rx_latency=1ms tx_dur=1ms,22.788,
2736,10,245,2868904181,2026-07-14T15:46:06.289803+00:00,24.400073,55121,41,0202ab0000f5d751005a5811460e29efbf1ffffffc2246cd1e00000fc0007ebfe9ed0737feebfff600,1,TX 41 seq=24748 rx_latency=1ms tx_dur=1ms,14.637,
2736,10,246,2868904182,2026-07-14T15:46:06.389871+00:00,24.500144,55221,41,0202ab0000f6d7b5005a5811460e29efbf1ffffffc2246cd1e00000fc0007ebfe9ed0737feebfff600,1,TX 41 seq=24749 rx_latency=1ms tx_dur=1ms,16.280,
2736,10,247,2868904183,2026-07-14T15:46:06.489870+00:00,24.600139,55321,41,0202ab0000f7d819005a5811460e29efbf1ffffffc2246cd1e00000fc0007ebfe9ed0737feebfff600,1,TX 41 seq=24750 rx_latency=1ms tx_dur=1ms,18.239,
2736,10,248,2868904184,2026-07-14T15:46:06.589875+00:00,24.700156,55421,41,0202ab0000f8d87d005a5811460e29efbf1ffffffc2246cd1e00000fc0007ebfe9ed0737feebfff600,1,TX 41 seq=24751 rx_latency=1ms tx_dur=1ms,20.027,
2736,10,249,2868904185,2026-07-14T15:46:06.689881+00:00,24.800168,55521,41,0202ab0000f9d8e1005a5811460e29efbf1ffffffc2246cd1e00000fc0007ebfe9ed0737feebfff600,1,TX 41 seq=24752 rx_latency=1ms tx_dur=1ms,22.466,
2736,10,250,2868904186,2026-07-14T15:46:06.789870+00:00,24.900150,55621,41,0202ab0000fad945005a5811460e29efbf1ffffffc2246cd1e00000fc0007ebfe9ed0737feebfff600,1,TX 41 seq=24753 rx_latency=1ms tx_dur=1ms,14.902,
2736,10,251,2868904187,2026-07-14T15:46:06.889873+00:00,25.000149,55721,41,0202ab0000fbd9a9005a5811460e29efbf1ffffffc2246cd1e00000fc0007ebfe9ed0737feebfff600,1,TX 41 seq=24754 rx_latency=1ms tx_dur=1ms,16.758,
2736,10,252,2868904188,2026-07-14T15:46:06.989870+00:00,25.100141,55821,41,0202ab0000fcda0d005a5811460e29efbf1ffffffc2246cd1e00000fc0007ebfe9ed0737feebfff600,1,TX 41 seq=24755 rx_latency=1ms tx_dur=1ms,18.080,
2736,10,253,2868904189,2026-07-14T15:46:07.089866+00:00,25.200136,55921,41,0202ab0000fdda71005a5811460e29efbf1ffffffc2246cd1e00000fc0007ebfe9ed0737feebfff600,1,TX 41 seq=24756 rx_latency=1ms tx_dur=1ms,20.443,
2736,10,254,2868904190,2026-07-14T15:46:07.189873+00:00,25.300149,56021,41,0202ab0000fedad5005a5811460e29efbf1ffffffc2246cd1e00000fc0007ebfe9ed0737feebfff600,1,TX 41 seq=24757 rx_latency=1ms tx_dur=1ms,22.170,
2736,10,255,2868904191,2026-07-14T15:46:07.289867+00:00,25.400138,56121,41,0202ab0000ffdb39005a5811460e29efbf1ffffffc2246cd1e00000fc0007ebfe9ed0737feebfff600,1,TX 41 seq=24758 rx_latency=1ms tx_dur=1ms,15.052,
2736,10,256,2868904192,2026-07-14T15:46:07.389871+00:00,25.500143,56221,41,0202ab000100db9d005a5811460e29efbf1ffffffc2246cd1e00000fc0007ebfe9ed0737feebfff600,1,TX 41 seq=24759 rx_latency=1ms tx_dur=1ms,16.985,
2736,10,257,2868904193,2026-07-14T15:46:07.489864+00:00,25.600131,56321,41,0202ab000101dc01005a5811460e29efbf1ffffffc2246cd1e00000fc0007ebfe9ed0737feebfff600,1,TX 41 seq=24760 rx_latency=1ms tx_dur=1ms,18.846,
2736,10,258,2868904194,2026-07-14T15:46:07.589877+00:00,25.700161,56421,41,0202ab000102dc65005a5811460e29efbf1ffffffc2246cd1e00000fc0007ebfe9ed0737feebfff600,1,TX 41 seq=24761 rx_latency=1ms tx_dur=1ms,20.154,
2736,10,259,2868904195,2026-07-14T15:46:07.689889+00:00,25.800193,56521,41,0202ab000103dcc9005a5811460e29efbf1ffffffc2246cd1e00000fc0007ebfe9ed0737feebfff600,1,TX 41 seq=24762 rx_latency=1ms tx_dur=1ms,22.542,
2736,10,260,2868904196,2026-07-14T15:46:07.789808+00:00,25.900090,56621,41,0202ab000104dd2d005a5811460e29efbf1ffffffc2246cd1e00000fc0007ebfe9ed0737feebfff600,1,TX 41 seq=24763 rx_latency=1ms tx_dur=1ms,14.889,
2736,10,261,2868904197,2026-07-14T15:46:07.889871+00:00,26.000147,56721,41,0202ab000105dd91005a5811460e29efbf1ffffffc2246cd1e00000fc0007ebfe9ed0737feebfff600,1,TX 41 seq=24764 rx_latency=1ms tx_dur=1ms,16.882,
2736,10,262,2868904198,2026-07-14T15:46:07.989871+00:00,26.100141,56821,41,0202ab000106ddf5005a5811460e29efbf1ffffffc2246cd1e00000fc0007ebfe9ed0737feebfff600,1,TX 41 seq=24765 rx_latency=1ms tx_dur=1ms,18.167,
2736,10,263,2868904199,2026-07-14T15:46:08.089865+00:00,26.200137,56921,41,0202ab000107de59005a5811460e29efbf1ffffffc2246cd1e00000fc0007ebfe9ed0737feebfff600,1,TX 41 seq=24766 rx_latency=1ms tx_dur=1ms,19.998,
2736,10,264,2868904200,2026-07-14T15:46:08.189870+00:00,26.300142,57021,41,0202ab000108debd005a5811460e29efbf1ffffffc2246cd1e00000fc0007ebfe9ed0737feebfff600,1,TX 41 seq=24767 rx_latency=1ms tx_dur=1ms,22.485,
2736,10,265,2868904201,2026-07-14T15:46:08.289869+00:00,26.400141,57121,41,0202ab000109df21005a5811460e29efbf1ffffffc2246cd1e00000fc0007ebfe9ed0737feebfff600,1,TX 41 seq=24768 rx_latency=1ms tx_dur=1ms,14.898,
2736,10,266,2868904202,2026-07-14T15:46:08.389869+00:00,26.500139,57221,41,0202ab00010adf85005a5811460e29efbf1ffffffc2246cd1e00000fc0007ebfe9ed0737feebfff600,1,TX 41 seq=24769 rx_latency=1ms tx_dur=1ms,16.727,
2736,10,267,2868904203,2026-07-14T15:46:08.489868+00:00,26.600137,57321,41,0202ab00010bdfe9005a5811460e29efbf1ffffffc2246cd1e00000fc0007ebfe9ed0737feebfff600,1,TX 41 seq=24770 rx_latency=1ms tx_dur=1ms,18.107,
2736,10,268,2868904204,2026-07-14T15:46:08.589870+00:00,26.700140,57421,41,0202ab00010ce04d005a5811460e29efbf1ffffffc2246cd1e00000fc0007ebfe9ed0737feebfff600,1,TX 41 seq=24771 rx_latency=1ms tx_dur=1ms,20.451,
2736,10,269,2868904205,2026-07-14T15:46:08.689863+00:00,26.800131,57521,41,0202ab00010de0b1005a5811460e29efbf1ffffffc2246cd1e00000fc0007ebfe9ed0737feebfff600,1,TX 41 seq=24772 rx_latency=1ms tx_dur=1ms,22.283,
2736,10,270,2868904206,2026-07-14T15:46:08.789870+00:00,26.900142,57621,41,0202ab00010ee115005a5811460e29efbf1ffffffc2246cd1e00000fc0007ebfe9ed0737feebfff600,1,TX 41 seq=24773 rx_latency=1ms tx_dur=1ms,14.853,
2736,10,271,2868904207,2026-07-14T15:46:08.889878+00:00,27.000161,57721,41,0202ab00010fe179005a5811460e29efbf1ffffffc2246cd1e00000fc0007ebfe9ed0737feebfff600,1,TX 41 seq=24774 rx_latency=1ms tx_dur=1ms,16.239,
2736,10,272,2868904208,2026-07-14T15:46:08.989871+00:00,27.100144,57821,41,0202ab000110e1dd005a5811460e29efbf1ffffffc2246cd1e00000fc0007ebfe9ed0737feebfff600,1,TX 41 seq=24775 rx_latency=1ms tx_dur=1ms,18.457,
2736,10,273,2868904209,2026-07-14T15:46:09.089871+00:00,27.200143,57921,41,0202ab000111e241005a5811460e29efbf1ffffffc2246cd1e00000fc0007ebfe9ed0737feebfff600,1,TX 41 seq=24776 rx_latency=1ms tx_dur=1ms,20.378,
2736,10,274,2868904210,2026-07-14T15:46:09.189864+00:00,27.300132,58021,41,0202ab000112e2a5005a5811460e29efbf1ffffffc2246cd1e00000fc0007ebfe9ed0737feebfff600,1,TX 41 seq=24777 rx_latency=1ms tx_dur=1ms,22.219,
2736,10,275,2868904211,2026-07-14T15:46:09.289869+00:00,27.400140,58121,41,0202ab000113e309005a5811460e29efbf1ffffffc2246cd1e00000fc0007ebfe9ed0737feebfff600,1,TX 41 seq=24778 rx_latency=1ms tx_dur=1ms,14.751,
2736,10,276,2868904212,2026-07-14T15:46:09.389870+00:00,27.500144,58221,41,0202ab000114e36d005a5811460e29efbf1ffffffc2246cd1e00000fc0007ebfe9ed0737feebfff600,1,TX 41 seq=24779 rx_latency=1ms tx_dur=1ms,16.004,
2736,10,277,2868904213,2026-07-14T15:46:09.489879+00:00,27.600173,58321,41,0202ab000115e3d1005a5811460e29efbf1ffffffc2246cd1e00000fc0007ebfe9ed0737feebfff600,1,TX 41 seq=24780 rx_latency=1ms tx_dur=1ms,18.312,
2736,10,278,2868904214,2026-07-14T15:46:09.589872+00:00,27.700148,58421,41,0202ab000116e435005a5811460e29efbf1ffffffc2246cd1e00000fc0007ebfe9ed0737feebfff600,1,TX 41 seq=24781 rx_latency=1ms tx_dur=1ms,20.122,
2736,10,279,2868904215,2026-07-14T15:46:09.689866+00:00,27.800137,58521,41,0202ab000117e499005a5811460e29efbf1ffffffc2246cd1e00000fc0007ebfe9ed0737feebfff600,1,TX 41 seq=24782 rx_latency=1ms tx_dur=1ms,22.921,
2736,10,280,2868904216,2026-07-14T15:46:09.789872+00:00,27.900147,58621,41,0202ab000118e4fd005a5811460e29efbf1ffffffc2246cd1e00000fc0007ebfe9ed0737feebfff600,1,TX 41 seq=24783 rx_latency=1ms tx_dur=1ms,14.946,
2736,10,281,2868904217,2026-07-14T15:46:09.889870+00:00,28.000152,58721,41,0202ab000119e561005a5811460e29efbf1ffffffc2246cd1e00000fc0007ebfe9ed0737feebfff600,1,TX 41 seq=24784 rx_latency=1ms tx_dur=1ms,16.776,
2736,10,282,2868904218,2026-07-14T15:46:09.989870+00:00,28.100144,58821,41,0202ab00011ae5c5005a5811460e29efbf1ffffffc2246cd1e00000fc0007ebfe9ed0737feebfff600,1,TX 41 seq=24785 rx_latency=1ms tx_dur=1ms,18.080,
2736,10,283,2868904219,2026-07-14T15:46:10.089863+00:00,28.200130,58921,41,0202ab00011be629005a5811460e29efbf1ffffffc2246cd1e00000fc0007ebfe9ed0737feebfff600,1,TX 41 seq=24786 rx_latency=1ms tx_dur=1ms,20.027,
2736,10,284,2868904220,2026-07-14T15:46:10.189871+00:00,28.300143,59021,41,0202ab00011ce68d005a5811460e29efbf1ffffffc2246cd1e00000fc0007ebfe9ed0737feebfff600,1,TX 41 seq=24787 rx_latency=1ms tx_dur=1ms,22.485,
2736,10,285,2868904221,2026-07-14T15:46:10.289867+00:00,28.400136,59121,41,0202ab00011de6f1005a5811460e29efbf1ffffffc2246cd1e00000fc0007ebfe9ed0737feebfff600,1,TX 41 seq=24788 rx_latency=1ms tx_dur=1ms,14.894,
2736,10,286,2868904222,2026-07-14T15:46:10.389871+00:00,28.500142,59221,41,0202ab00011ee755005a5811460e29efbf1ffffffc2246cd1e00000fc0007ebfe9ed0737feebfff600,1,TX 41 seq=24789 rx_latency=1ms tx_dur=1ms,16.721,
2736,10,287,2868904223,2026-07-14T15:46:10.489869+00:00,28.600138,59321,41,0202ab00011fe7b9005a5811460e29efbf1ffffffc2246cd1e00000fc0007ebfe9ed0737feebfff600,1,TX 41 seq=24790 rx_latency=1ms tx_dur=1ms,18.103,
2736,10,288,2868904224,2026-07-14T15:46:10.589868+00:00,28.700137,59421,41,0202ab000120e81d005a5811460e29efbf1ffffffc2246cd1e00000fc0007ebfe9ed0737feebfff600,1,TX 41 seq=24791 rx_latency=1ms tx_dur=1ms,20.477,
2736,10,289,2868904225,2026-07-14T15:46:10.689865+00:00,28.800133,59521,41,0202ab000121e881005a5811460e29efbf1ffffffc2246cd1e00000fc0007ebfe9ed0737feebfff600,1,TX 41 seq=24792 rx_latency=1ms tx_dur=1ms,22.294,
2736,10,290,2868904226,2026-07-14T15:46:10.789871+00:00,28.900144,59621,41,0202ab000122e8e5005a5811460e29efbf1ffffffc2246cd1e00000fc0007ebfe9ed0737feebfff600,1,TX 41 seq=24793 rx_latency=1ms tx_dur=1ms,14.714,
2736,10,291,2868904227,2026-07-14T15:46:10.889880+00:00,29.000173,59721,41,0202ab000123e949005a5811460e29efbf1ffffffc2246cd1e00000fc0007ebfe9ed0737feebfff600,1,TX 41 seq=24794 rx_latency=1ms tx_dur=1ms,15.925,
2736,10,292,2868904228,2026-07-14T15:46:10.989868+00:00,29.100139,59821,41,0202ab000124e9ad005a5811460e29efbf1ffffffc2246cd1e00000fc0007ebfe9ed0737feebfff600,1,TX 41 seq=24795 rx_latency=1ms tx_dur=1ms,18.815,
2736,10,293,2868904229,2026-07-14T15:46:11.089879+00:00,29.200167,59921,41,0202ab000125ea11005a5811460e29efbf1ffffffc2246cd1e00000fc0007ebfe9ed0737feebfff600,1,TX 41 seq=24796 rx_latency=1ms tx_dur=1ms,20.510,
2736,10,294,2868904230,2026-07-14T15:46:11.189853+00:00,29.300122,60021,41,0202ab000126ea75005a5811460e29efbf1ffffffc2246cd1e00000fc0007ebfe9ed0737feebfff600,1,TX 41 seq=24797 rx_latency=1ms tx_dur=1ms,22.459,
2736,10,295,2868904231,2026-07-14T15:46:11.289871+00:00,29.400142,60121,41,0202ab000127ead9005a5811460e29efbf1ffffffc2246cd1e00000fc0007ebfe9ed0737feebfff600,1,TX 41 seq=24798 rx_latency=1ms tx_dur=1ms,14.949,
2736,10,296,2868904232,2026-07-14T15:46:11.389816+00:00,29.500088,60221,41,0202ab000128eb3d005a5811460e29efbf1ffffffc2246cd1e00000fc0007ebfe9ed0737feebfff600,1,TX 41 seq=24799 rx_latency=1ms tx_dur=1ms,16.723,
2736,10,297,2868904233,2026-07-14T15:46:11.489869+00:00,29.600139,60321,41,0202ab000129eba1005a5811460e29efbf1ffffffc2246cd1e00000fc0007ebfe9ed0737feebfff600,1,TX 41 seq=24800 rx_latency=1ms tx_dur=1ms,18.402,
2736,10,298,2868904234,2026-07-14T15:46:11.589865+00:00,29.700133,60421,41,0202ab00012aec05005a5811460e29efbf1ffffffc2246cd1e00000fc0007ebfe9ed0737feebfff600,1,TX 41 seq=24801 rx_latency=1ms tx_dur=1ms,20.318,
2736,10,299,2868904235,2026-07-14T15:46:11.689868+00:00,29.800147,60521,41,0202ab00012bec69005a5811460e29efbf1ffffffc2246cd1e00000fc0007ebfe9ed0737feebfff600,1,TX 41 seq=24802 rx_latency=1ms tx_dur=1ms,22.756,
2736,10,300,2868904236,2026-07-14T15:46:11.789865+00:00,29.900137,60621,41,0202ab00012ceccd005a5811460e29efbf1ffffffc2246cd1e00000fc0007ebfe9ed0737feebfff600,1,TX 41 seq=24803 rx_latency=1ms tx_dur=1ms,14.530,
2736,10,301,2868904237,2026-07-14T15:46:11.889877+00:00,30.000162,60721,41,0202ab00012ded31005a5811460e29efbf1ffffffc2246cd1e00000fc0007ebfe9ed0737feebfff600,1,TX 41 seq=24804 rx_latency=1ms tx_dur=1ms,16.186,
2736,10,302,2868904238,2026-07-14T15:46:11.989865+00:00,30.100132,60821,41,0202ab00012eed95005a5811460e29efbf1ffffffc2246cd1e00000fc0007ebfe9ed0737feebfff600,1,TX 41 seq=24805 rx_latency=1ms tx_dur=1ms,18.164,
2736,10,303,2868904239,2026-07-14T15:46:12.089880+00:00,30.200167,60921,41,0202ab00012fedf9005a5811460e29efbf1ffffffc2246cd1e00000fc0007ebfe9ed0737feebfff600,1,TX 41 seq=24806 rx_latency=1ms tx_dur=1ms,20.512,
2736,10,304,2868904240,2026-07-14T15:46:12.189869+00:00,30.300145,61021,41,0202ab000130ee5d005a5811460e29efbf1ffffffc2246cd1e00000fc0007ebfe9ed0737feebfff600,1,TX 41 seq=24807 rx_latency=1ms tx_dur=1ms,22.248,
2736,10,305,2868904241,2026-07-14T15:46:12.289870+00:00,30.400142,61121,41,0202ab000131eec1005a5811460e29efbf1ffffffc2246cd1e00000fc0007ebfe9ed0737feebfff600,1,TX 41 seq=24808 rx_latency=1ms tx_dur=1ms,14.065,
2736,10,306,2868904242,2026-07-14T15:46:12.389870+00:00,30.500141,61221,41,0202ab000132ef25005a5811460e29efbf1ffffffc2246cd1e00000fc0007ebfe9ed0737feebfff600,1,TX 41 seq=24809 rx_latency=1ms tx_dur=1ms,16.022,
2736,10,307,2868904243,2026-07-14T15:46:12.489793+00:00,30.600062,61321,41,0202ab000133ef89005a5811460e29efbf1ffffffc2246cd1e00000fc0007ebfe9ed0737feebfff600,1,TX 41 seq=24810 rx_latency=1ms tx_dur=1ms,19.043,
2736,10,308,2868904244,2026-07-14T15:46:12.589873+00:00,30.700149,61421,41,0202ab000134efed005a5811460e29efbf1ffffffc2246cd1e00000fc0007ebfe9ed0737feebfff600,1,TX 41 seq=24811 rx_latency=1ms tx_dur=1ms,20.316,
2736,10,309,2868904245,2026-07-14T15:46:12.689873+00:00,30.800150,61521,41,0202ab000135f051005a5811460e29efbf1ffffffc2246cd1e00000fc0007ebfe9ed0737feebfff600,1,TX 41 seq=24812 rx_latency=1ms tx_dur=1ms,22.669,
2736,10,310,2868904246,2026-07-14T15:46:12.789845+00:00,30.900114,61621,41,0202ab000136f0b5005a5811460e29efbf1ffffffc2246cd1e00000fc0007ebfe9ed0737feebfff600,1,TX 41 seq=24813 rx_latency=1ms tx_dur=1ms,14.633,
2736,10,311,2868904247,2026-07-14T15:46:12.889870+00:00,31.000141,61721,41,0202ab000137f119005a5811460e29efbf1ffffffc2246cd1e00000fc0007ebfe9ed0737feebfff600,1,TX 41 seq=24814 rx_latency=1ms tx_dur=1ms,16.960,
2736,10,312,2868904248,2026-07-14T15:46:12.989863+00:00,31.100129,61821,41,0202ab000138f17d005a5811460e29efbf1ffffffc2246cd1e00000fc0007ebfe9ed0737feebfff600,1,TX 41 seq=24815 rx_latency=1ms tx_dur=1ms,18.244,
2736,10,313,2868904249,2026-07-14T15:46:13.089872+00:00,31.200146,61921,41,0202ab000139f1e1005a5811460e29efbf1ffffffc2246cd1e00000fc0007ebfe9ed0737feebfff600,1,TX 41 seq=24816 rx_latency=1ms tx_dur=1ms,19.979,
2736,10,314,2868904250,2026-07-14T15:46:13.189875+00:00,31.300155,62021,41,0202ab00013af245005a5811460e29efbf1ffffffc2246cd1e00000fc0007ebfe9ed0737feebfff600,1,TX 41 seq=24817 rx_latency=1ms tx_dur=1ms,22.711,
2736,10,315,2868904251,2026-07-14T15:46:13.289802+00:00,31.400083,62121,41,0202ab00013bf2a9005a5811460e29efbf1ffffffc2246cd1e00000fc0007ebfe9ed0737feebfff600,1,TX 41 seq=24818 rx_latency=1ms tx_dur=1ms,14.238,
2736,10,316,2868904252,2026-07-14T15:46:13.389873+00:00,31.500158,62221,41,0202ab00013cf30d005a5811460e29efbf1ffffffc2246cd1e00000fc0007ebfe9ed0737feebfff600,1,TX 41 seq=24819 rx_latency=1ms tx_dur=1ms,15.994,
2736,10,317,2868904253,2026-07-14T15:46:13.489873+00:00,31.600149,62321,41,0202ab00013df371005a5811460e29efbf1ffffffc2246cd1e00000fc0007ebfe9ed0737feebfff600,1,TX 41 seq=24820 rx_latency=1ms tx_dur=1ms,18.889,
2736,10,318,2868904254,2026-07-14T15:46:13.589863+00:00,31.700132,62421,41,0202ab00013ef3d5005a5811460e29efbf1ffffffc2246cd1e00000fc0007ebfe9ed0737feebfff600,1,TX 41 seq=24821 rx_latency=1ms tx_dur=1ms,20.611,
2736,10,319,2868904255,2026-07-14T15:46:13.689882+00:00,31.800177,62521,41,0202ab00013ff439005a5811460e29efbf1ffffffc2246cd1e00000fc0007ebfe9ed0737feebfff600,1,TX 41 seq=24822 rx_latency=1ms tx_dur=1ms,22.397,
2736,10,320,2868904256,2026-07-14T15:46:13.789872+00:00,31.900150,62621,41,0202ab000140f49d005a5811460e29efbf1ffffffc2246cd1e00000fc0007ebfe9ed0737feebfff600,1,TX 41 seq=24823 rx_latency=1ms tx_dur=1ms,14.998,
2736,10,321,2868904257,2026-07-14T15:46:13.889872+00:00,32.000146,62721,41,0202ab000141f501005a5811460e29efbf1ffffffc2246cd1e00000fc0007ebfe9ed0737feebfff600,1,TX 41 seq=24824 rx_latency=1ms tx_dur=1ms,16.725,
2736,10,322,2868904258,2026-07-14T15:46:13.989872+00:00,32.100143,62821,41,0202ab000142f565005a5811460e29efbf1ffffffc2246cd1e00000fc0007ebfe9ed0737feebfff600,1,TX 41 seq=24825 rx_latency=1ms tx_dur=1ms,18.471,
2736,10,323,2868904259,2026-07-14T15:46:14.089870+00:00,32.200139,62921,41,0202ab000143f5c9005a5811460e29efbf1ffffffc2246cd1e00000fc0007ebfe9ed0737feebfff600,1,TX 41 seq=24826 rx_latency=1ms tx_dur=1ms,20.409,
2736,10,324,2868904260,2026-07-14T15:46:14.189811+00:00,32.300078,63021,41,0202ab000144f62d005a5811460e29efbf1ffffffc2246cd1e00000fc0007ebfe9ed0737feebfff600,1,TX 41 seq=24827 rx_latency=1ms tx_dur=1ms,22.299,
2736,10,325,2868904261,2026-07-14T15:46:14.289874+00:00,32.400147,63121,41,0202ab000145f691005a5811460e29efbf1ffffffc2246cd1e00000fc0007ebfe9ed0737feebfff600,1,TX 41 seq=24828 rx_latency=1ms tx_dur=1ms,14.755,
2736,10,326,2868904262,2026-07-14T15:46:14.389869+00:00,32.500139,63221,41,0202ab000146f6f5005a5811460e29efbf1ffffffc2246cd1e00000fc0007ebfe9ed0737feebfff600,1,TX 41 seq=24829 rx_latency=1ms tx_dur=1ms,16.047,
2736,10,327,2868904263,2026-07-14T15:46:14.489818+00:00,32.600087,63321,41,0202ab000147f759005a5811460e29efbf1ffffffc2246cd1e00000fc0007ebfe9ed0737feebfff600,1,TX 41 seq=24830 rx_latency=1ms tx_dur=1ms,19.026,
2736,10,328,2868904264,2026-07-14T15:46:14.589876+00:00,32.700158,63421,41,0202ab000148f7bd005a5811460e29efbf1ffffffc2246cd1e00000fc0007ebfe9ed0737feebfff600,1,TX 41 seq=24831 rx_latency=1ms tx_dur=1ms,20.285,
2736,10,329,2868904265,2026-07-14T15:46:14.689807+00:00,32.800077,63521,41,0202ab000149f821005a5811460e29efbf1ffffffc2246cd1e00000fc0007ebfe9ed0737feebfff600,1,TX 41 seq=24832 rx_latency=1ms tx_dur=1ms,22.995,
2736,10,330,2868904266,2026-07-14T15:46:14.789871+00:00,32.900143,63621,41,0202ab00014af885005a5811460e29efbf1ffffffc2246cd1e00000fc0007ebfe9ed0737feebfff600,1,TX 41 seq=24833 rx_latency=1ms tx_dur=1ms,14.013,
2736,10,331,2868904267,2026-07-14T15:46:14.889870+00:00,33.000142,63721,41,0202ab00014bf8e9005a5811460e29efbf1ffffffc2246cd1e00000fc0007ebfe9ed0737feebfff600,1,TX 41 seq=24834 rx_latency=1ms tx_dur=1ms,15.955,
2736,10,332,2868904268,2026-07-14T15:46:14.989870+00:00,33.100141,63821,41,0202ab00014cf94d005a5811460e29efbf1ffffffc2246cd1e00000fc0007ebfe9ed0737feebfff600,1,TX 41 seq=24835 rx_latency=1ms tx_dur=1ms,18.918,
2736,10,333,2868904269,2026-07-14T15:46:15.089872+00:00,33.200145,63921,41,0202ab00014df9b1005a5811460e29efbf1ffffffc2246cd1e00000fc0007ebfe9ed0737feebfff600,1,TX 41 seq=24836 rx_latency=1ms tx_dur=1ms,20.262,
2736,10,334,2868904270,2026-07-14T15:46:15.189870+00:00,33.300142,64021,41,0202ab00014efa15005a5811460e29efbf1ffffffc2246cd1e00000fc0007ebfe9ed0737feebfff600,1,TX 41 seq=24837 rx_latency=1ms tx_dur=1ms,22.627,
2736,10,335,2868904271,2026-07-14T15:46:15.289862+00:00,33.400130,64121,41,0202ab00014ffa79005a5811460e29efbf1ffffffc2246cd1e00000fc0007ebfe9ed0737feebfff600,1,TX 41 seq=24838 rx_latency=1ms tx_dur=1ms,14.560,
2736,10,336,2868904272,2026-07-14T15:46:15.389870+00:00,33.500141,64221,41,0202ab000150fadd005a5811460e29efbf1ffffffc2246cd1e00000fc0007ebfe9ed0737feebfff600,1,TX 41 seq=24839 rx_latency=1ms tx_dur=1ms,16.997,
2736,10,337,2868904273,2026-07-14T15:46:15.489870+00:00,33.600141,64321,41,0202ab000151fb41005a5811460e29efbf1ffffffc2246cd1e00000fc0007ebfe9ed0737feebfff600,1,TX 41 seq=24840 rx_latency=1ms tx_dur=1ms,18.261,
2736,10,338,2868904274,2026-07-14T15:46:15.589857+00:00,33.700129,64421,41,0202ab000152fba5005a5811460e29efbf1ffffffc2246cd1e00000fc0007ebfe9ed0737feebfff600,1,TX 41 seq=24841 rx_latency=1ms tx_dur=1ms,20.104,
2736,10,339,2868904275,2026-07-14T15:46:15.689872+00:00,33.800148,64521,41,0202ab000153fc09005a5811460e29efbf1ffffffc2246cd1e00000fc0007ebfe9ed0737feebfff600,1,TX 41 seq=24842 rx_latency=1ms tx_dur=1ms,22.535,
2736,10,340,2868904276,2026-07-14T15:46:15.789810+00:00,33.900096,64621,41,0202ab000154fc6d005a5811460e29efbf1ffffffc2246cd1e00000fc0007ebfe9ed0737feebfff600,1,TX 41 seq=24843 rx_latency=1ms tx_dur=1ms,15.080,
2736,10,341,2868904277,2026-07-14T15:46:15.889872+00:00,34.000147,64721,41,0202ab000155fcd1005a5811460e29efbf1ffffffc2246cd1e00000fc0007ebfe9ed0737feebfff600,1,TX 41 seq=24844 rx_latency=1ms tx_dur=1ms,16.110,
2736,10,342,2868904278,2026-07-14T15:46:15.989870+00:00,34.100139,64821,41,0202ab000156fd35005a5811460e29efbf1ffffffc2246cd1e00000fc0007ebfe9ed0737feebfff600,1,TX 41 seq=24845 rx_latency=1ms tx_dur=1ms,18.106,
2736,10,343,2868904279,2026-07-14T15:46:16.089868+00:00,34.200137,64921,41,0202ab000157fd99005a5811460e29efbf1ffffffc2246cd1e00000fc0007ebfe9ed0737feebfff600,1,TX 41 seq=24846 rx_latency=1ms tx_dur=1ms,20.484,
2736,10,344,2868904280,2026-07-14T15:46:16.189870+00:00,34.300139,65021,41,0202ab000158fdfd005a5811460e29efbf1ffffffc2246cd1e00000fc0007ebfe9ed0737feebfff600,1,TX 41 seq=24847 rx_latency=1ms tx_dur=1ms,22.209,
2736,10,345,2868904281,2026-07-14T15:46:16.289872+00:00,34.400144,65121,41,0202ab000159fe61005a5811460e29efbf1ffffffc2246cd1e00000fc0007ebfe9ed0737feebfff600,1,TX 41 seq=24848 rx_latency=1ms tx_dur=1ms,13.949,
2736,10,346,2868904282,2026-07-14T15:46:16.389869+00:00,34.500138,65221,41,0202ab00015afec5005a5811460e29efbf1ffffffc2246cd1e00000fc0007ebfe9ed0737feebfff600,1,TX 41 seq=24849 rx_latency=1ms tx_dur=1ms,17.013,
2736,10,347,2868904283,2026-07-14T15:46:16.489869+00:00,34.600139,65321,41,0202ab00015bff29005a5811460e29efbf1ffffffc2246cd1e00000fc0007ebfe9ed0737feebfff600,1,TX 41 seq=24850 rx_latency=1ms tx_dur=1ms,18.310,
2736,10,348,2868904284,2026-07-14T15:46:16.589869+00:00,34.700138,65421,41,0202ab00015cff8d005a5811460e29efbf1ffffffc2246cd1e00000fc0007ebfe9ed0737feebfff600,1,TX 41 seq=24851 rx_latency=1ms tx_dur=1ms,20.051,
2736,10,349,2868904285,2026-07-14T15:46:16.689870+00:00,34.800139,65521,41,0202ab00015dfff1005a5811460e29efbf1ffffffc2246cd1e00000fc0007ebfe9ed0737feebfff600,1,TX 41 seq=24852 rx_latency=1ms tx_dur=1ms,22.878,
2736,10,350,2868904286,2026-07-14T15:46:16.789876+00:00,34.900157,85,41,0202ab00015e0055005a5811460e29efbf1ffffffc2246cd1e00000fc0007ebfe9ed0737feebfff600,1,TX 41 seq=24853 rx_latency=1ms tx_dur=1ms,14.817,
2736,10,351,2868904287,2026-07-14T15:46:16.889866+00:00,35.000138,185,41,0202ab00015f00b9005a5811460e29efbf1ffffffc2246cd1e00000fc0007ebfe9ed0737feebfff600,1,TX 41 seq=24854 rx_latency=1ms tx_dur=1ms,16.695,
2736,10,352,2868904288,2026-07-14T15:46:16.989871+00:00,35.100142,285,41,0202ab000160011d005a5811460e29efbf1ffffffc2246cd1e00000fc0007ebfe9ed0737feebfff600,1,TX 41 seq=24855 rx_latency=1ms tx_dur=1ms,18.045,
2736,10,353,2868904289,2026-07-14T15:46:17.089868+00:00,35.200138,385,41,0202ab0001610181005a5811460e29efbf1ffffffc2246cd1e00000fc0007ebfe9ed0737feebfff600,1,TX 41 seq=24856 rx_latency=1ms tx_dur=1ms,20.423,
2736,10,354,2868904290,2026-07-14T15:46:17.189803+00:00,35.300069,485,41,0202ab00016201e5005a5811460e29efbf1ffffffc2246cd1e00000fc0007ebfe9ed0737feebfff600,1,TX 41 seq=24857 rx_latency=1ms tx_dur=1ms,22.318,
2736,10,355,2868904291,2026-07-14T15:46:17.289868+00:00,35.400143,585,41,0202ab0001630249005a5811460e29efbf1ffffffc2246cd1e00000fc0007ebfe9ed0737feebfff600,1,TX 41 seq=24858 rx_latency=1ms tx_dur=1ms,14.765,
2736,10,356,2868904292,2026-07-14T15:46:17.389868+00:00,35.500139,685,41,0202ab00016402ad005a5811460e29efbf1ffffffc2246cd1e00000fc0007ebfe9ed0737feebfff600,1,TX 41 seq=24859 rx_latency=1ms tx_dur=1ms,16.037,
2736,10,357,2868904293,2026-07-14T15:46:17.489864+00:00,35.600130,785,41,0202ab0001650311005a5811460e29efbf1ffffffc2246cd1e00000fc0007ebfe9ed0737feebfff600,1,TX 41 seq=24860 rx_latency=1ms tx_dur=1ms,18.986,
2736,10,358,2868904294,2026-07-14T15:46:17.589869+00:00,35.700140,885,41,0202ab0001660375005a5811460e29efbf1ffffffc2246cd1e00000fc0007ebfe9ed0737feebfff600,1,TX 41 seq=24861 rx_latency=1ms tx_dur=1ms,20.345,
2736,10,359,2868904295,2026-07-14T15:46:17.689869+00:00,35.800139,985,41,0202ab00016703d9005a5811460e29efbf1ffffffc2246cd1e00000fc0007ebfe9ed0737feebfff600,1,TX 41 seq=24862 rx_latency=1ms tx_dur=1ms,22.952,
2736,10,360,2868904296,2026-07-14T15:46:17.789872+00:00,35.900145,1085,41,0202ab000168043d005a5811460e29efbf1ffffffc2246cd1e00000fc0007ebfe9ed0737feebfff600,1,TX 41 seq=24863 rx_latency=1ms tx_dur=1ms,14.024,
2736,10,361,2868904297,2026-07-14T15:46:17.889877+00:00,36.000157,1185,41,0202ab00016904a1005a5811460e29efbf1ffffffc2246cd1e00000fc0007ebfe9ed0737feebfff600,1,TX 41 seq=24864 rx_latency=1ms tx_dur=1ms,15.950,
2736,10,362,2868904298,2026-07-14T15:46:17.989869+00:00,36.100145,1285,41,0202ab00016a0505005a5811460e29efbf1ffffffc2246cd1e00000fc0007ebfe9ed0737feebfff600,1,TX 41 seq=24865 rx_latency=1ms tx_dur=1ms,18.884,
2736,10,363,2868904299,2026-07-14T15:46:18.089873+00:00,36.200147,1385,41,0202ab00016b0569005a5811460e29efbf1ffffffc2246cd1e00000fc0007ebfe9ed0737feebfff600,1,TX 41 seq=24866 rx_latency=1ms tx_dur=1ms,20.276,
2736,10,364,2868904300,2026-07-14T15:46:18.189869+00:00,36.300140,1485,41,0202ab00016c05cd005a5811460e29efbf1ffffffc2246cd1e00000fc0007ebfe9ed0737feebfff600,1,TX 41 seq=24867 rx_latency=1ms tx_dur=1ms,22.646,
2736,10,365,2868904301,2026-07-14T15:46:18.289864+00:00,36.400131,1585,41,0202ab00016d0631005a5811460e29efbf1ffffffc2246cd1e00000fc0007ebfe9ed0737feebfff600,1,TX 41 seq=24868 rx_latency=1ms tx_dur=1ms,14.579,
2736,10,366,2868904302,2026-07-14T15:46:18.389873+00:00,36.500147,1685,41,0202ab00016e0695005a5811460e29efbf1ffffffc2246cd1e00000fc0007ebfe9ed0737feebfff600,1,TX 41 seq=24869 rx_latency=1ms tx_dur=1ms,16.986,
2736,10,367,2868904303,2026-07-14T15:46:18.489870+00:00,36.600140,1785,41,0202ab00016f06f9005a5811460e29efbf1ffffffc2246cd1e00000fc0007ebfe9ed0737feebfff600,1,TX 41 seq=24870 rx_latency=1ms tx_dur=1ms,18.261,
2736,10,368,2868904304,2026-07-14T15:46:18.589863+00:00,36.700130,1885,41,0202ab000170075d005a5811460e29efbf1ffffffc2246cd1e00000fc0007ebfe9ed0737feebfff600,1,TX 41 seq=24871 rx_latency=1ms tx_dur=1ms,20.113,
2736,10,369,2868904305,2026-07-14T15:46:18.689872+00:00,36.800153,1985,41,0202ab00017107c1005a5811460e29efbf1ffffffc2246cd1e00000fc0007ebfe9ed0737feebfff600,1,TX 41 seq=24872 rx_latency=1ms tx_dur=1ms,22.355,
2736,10,370,2868904306,2026-07-14T15:46:18.789874+00:00,36.900149,2085,41,0202ab0001720825005a5811460e29efbf1ffffffc2246cd1e00000fc0007ebfe9ed0737feebfff600,1,TX 41 seq=24873 rx_latency=1ms tx_dur=1ms,14.888,
2736,10,371,2868904307,2026-07-14T15:46:18.889872+00:00,37.000147,2185,41,0202ab0001730889005a5811460e29efbf1ffffffc2246cd1e00000fc0007ebfe9ed0737feebfff600,1,TX 41 seq=24874 rx_latency=1ms tx_dur=1ms,16.620,
2736,10,372,2868904308,2026-07-14T15:46:18.989869+00:00,37.100138,2285,41,0202ab00017408ed005a5811460e29efbf1ffffffc2246cd1e00000fc0007ebfe9ed0737feebfff600,1,TX 41 seq=24875 rx_latency=1ms tx_dur=1ms,18.366,
2736,10,373,2868904309,2026-07-14T15:46:19.089870+00:00,37.200139,2385,41,0202ab0001750951005a5811460e29efbf1ffffffc2246cd1e00000fc0007ebfe9ed0737feebfff600,1,TX 41 seq=24876 rx_latency=1ms tx_dur=1ms,20.329,
2736,10,374,2868904310,2026-07-14T15:46:19.189873+00:00,37.300148,2485,41,0202ab00017609b5005a5811460e29efbf1ffffffc2246cd1e00000fc0007ebfe9ed0737feebfff600,1,TX 41 seq=24877 rx_latency=1ms tx_dur=1ms,22.590,
2736,10,375,2868904311,2026-07-14T15:46:19.289866+00:00,37.400133,2585,41,0202ab0001770a19005a5811460e29efbf1ffffffc2246cd1e00000fc0007ebfe9ed0737feebfff600,1,TX 41 seq=24878 rx_latency=1ms tx_dur=1ms,14.546,
2736,10,376,2868904312,2026-07-14T15:46:19.389878+00:00,37.500149,2685,41,0202ab0001780a7d005a5811460e29efbf1ffffffc2246cd1e00000fc0007ebfe9ed0737feebfff600,1,TX 41 seq=24879 rx_latency=1ms tx_dur=1ms,16.132,
2736,10,377,2868904313,2026-07-14T15:46:19.489890+00:00,37.600182,2785,41,0202ab0001790ae1005a5811460e29efbf1ffffffc2246cd1e00000fc0007ebfe9ed0737feebfff600,1,TX 41 seq=24880 rx_latency=1ms tx_dur=1ms,17.986,
2736,10,378,2868904314,2026-07-14T15:46:19.589862+00:00,37.700129,2885,41,0202ab00017a0b45005a5811460e29efbf1ffffffc2246cd1e00000fc0007ebfe9ed0737feebfff600,1,TX 41 seq=24881 rx_latency=1ms tx_dur=1ms,20.044,
2736,10,379,2868904315,2026-07-14T15:46:19.689893+00:00,37.800195,2985,41,0202ab00017b0ba9005a5811460e29efbf1ffffffc2246cd1e00000fc0007ebfe9ed0737feebfff600,1,TX 41 seq=24882 rx_latency=1ms tx_dur=1ms,22.237,
2736,10,380,2868904316,2026-07-14T15:46:19.789865+00:00,37.900139,3085,41,0202ab00017c0c0d005a5811460e29efbf1ffffffc2246cd1e00000fc0007ebfe9ed0737feebfff600,1,TX 41 seq=24883 rx_latency=1ms tx_dur=1ms,14.923,
2736,10,381,2868904317,2026-07-14T15:46:19.889872+00:00,38.000148,3185,41,0202ab00017d0c71005a5811460e29efbf1ffffffc2246cd1e00000fc0007ebfe9ed0737feebfff600,1,TX 41 seq=24884 rx_latency=1ms tx_dur=1ms,16.672,
2736,10,382,2868904318,2026-07-14T15:46:19.989870+00:00,38.100143,3285,41,0202ab00017e0cd5005a5811460e29efbf1ffffffc2246cd1e00000fc0007ebfe9ed0737feebfff600,1,TX 41 seq=24885 rx_latency=1ms tx_dur=1ms,18.061,
2736,10,383,2868904319,2026-07-14T15:46:20.089868+00:00,38.200139,3385,41,0202ab00017f0d39005a5811460e29efbf1ffffffc2246cd1e00000fc0007ebfe9ed0737feebfff600,1,TX 41 seq=24886 rx_latency=1ms tx_dur=1ms,20.437,
2736,10,384,2868904320,2026-07-14T15:46:20.189872+00:00,38.300146,3485,41,0202ab0001800d9d005a5811460e29efbf1ffffffc2246cd1e00000fc0007ebfe9ed0737feebfff600,1,TX 41 seq=24887 rx_latency=1ms tx_dur=1ms,22.176,
2736,10,385,2868904321,2026-07-14T15:46:20.289862+00:00,38.400130,3585,41,0202ab0001810e01005a5811460e29efbf1ffffffc2246cd1e00000fc0007ebfe9ed0737feebfff600,1,TX 41 seq=24888 rx_latency=1ms tx_dur=1ms,14.757,
2736,10,386,2868904322,2026-07-14T15:46:20.389869+00:00,38.500140,3685,41,0202ab0001820e65005a5811460e29efbf1ffffffc2246cd1e00000fc0007ebfe9ed0737feebfff600,1,TX 41 seq=24889 rx_latency=1ms tx_dur=1ms,15.980,
2736,10,387,2868904323,2026-07-14T15:46:20.489868+00:00,38.600138,3785,41,0202ab0001830ec9005a5811460e29efbf1ffffffc2246cd1e00000fc0007ebfe9ed0737feebfff600,1,TX 41 seq=24890 rx_latency=1ms tx_dur=1ms,18.821,
2736,10,388,2868904324,2026-07-14T15:46:20.589869+00:00,38.700138,3885,41,0202ab0001840f2d005a5811460e29efbf1ffffffc2246cd1e00000fc0007ebfe9ed0737feebfff600,1,TX 41 seq=24891 rx_latency=1ms tx_dur=1ms,20.463,
2736,10,389,2868904325,2026-07-14T15:46:20.689864+00:00,38.800131,3985,41,0202ab0001850f91005a5811460e29efbf1ffffffc2246cd1e00000fc0007ebfe9ed0737feebfff600,1,TX 41 seq=24892 rx_latency=1ms tx_dur=1ms,22.526,
2736,10,390,2868904326,2026-07-14T15:46:20.789824+00:00,38.900094,4085,41,0202ab0001860ff5005a5811460e29efbf1ffffffc2246cd1e00000fc0007ebfe9ed0737feebfff600,1,TX 41 seq=24893 rx_latency=1ms tx_dur=1ms,14.948,
2736,10,391,2868904327,2026-07-14T15:46:20.889871+00:00,39.000154,4185,41,0202ab0001871059005a5811460e29efbf1ffffffc2246cd1e00000fc0007ebfe9ed0737feebfff600,1,TX 41 seq=24894 rx_latency=1ms tx_dur=1ms,16.646,
2736,10,392,2868904328,2026-07-14T15:46:20.989874+00:00,39.100150,4285,41,0202ab00018810bd005a5811460e29efbf1ffffffc2246cd1e00000fc0007ebfe9ed0737feebfff600,1,TX 41 seq=24895 rx_latency=1ms tx_dur=1ms,18.336,
2736,10,393,2868904329,2026-07-14T15:46:21.089863+00:00,39.200131,4385,41,0202ab0001891121005a5811460e29efbf1ffffffc2246cd1e00000fc0007ebfe9ed0737feebfff600,1,TX 41 seq=24896 rx_latency=1ms tx_dur=1ms,20.358,
2736,10,394,2868904330,2026-07-14T15:46:21.189868+00:00,39.300139,4485,41,0202ab00018a1185005a5811460e29efbf1ffffffc2246cd1e00000fc0007ebfe9ed0737feebfff600,1,TX 41 seq=24897 rx_latency=1ms tx_dur=1ms,22.751,
2736,10,395,2868904331,2026-07-14T15:46:21.289869+00:00,39.400139,4585,41,0202ab00018b11e9005a5811460e29efbf1ffffffc2246cd1e00000fc0007ebfe9ed0737feebfff600,1,TX 41 seq=24898 rx_latency=1ms tx_dur=1ms,14.471,
2736,10,396,2868904332,2026-07-14T15:46:21.389866+00:00,39.500136,4685,41,0202ab00018c124d005a5811460e29efbf1ffffffc2246cd1e00000fc0007ebfe9ed0737feebfff600,1,TX 41 seq=24899 rx_latency=1ms tx_dur=1ms,16.284,
2736,10,397,2868904333,2026-07-14T15:46:21.489871+00:00,39.600144,4785,41,0202ab00018d12b1005a5811460e29efbf1ffffffc2246cd1e00000fc0007ebfe9ed0737feebfff600,1,TX 41 seq=24900 rx_latency=1ms tx_dur=1ms,18.188,
2736,10,398,2868904334,2026-07-14T15:46:21.589863+00:00,39.700128,4885,41,0202ab00018e1315005a5811460e29efbf1ffffffc2246cd1e00000fc0007ebfe9ed0737feebfff600,1,TX 41 seq=24901 rx_latency=1ms tx_dur=1ms,20.056,
2736,10,399,2868904335,2026-07-14T15:46:21.689869+00:00,39.800139,4985,41,0202ab00018f1379005a5811460e29efbf1ffffffc2246cd1e00000fc0007ebfe9ed0737feebfff600,1,TX 41 seq=24902 rx_latency=1ms tx_dur=1ms,22.477,
2736,10,400,2868904336,2026-07-14T15:46:21.789867+00:00,39.900146,5085,41,0202ab00019013dd005a5811460e29efbf1ffffffc2246cd1e00000fc0007ebfe9ed0737feebfff600,1,TX 41 seq=24903 rx_latency=1ms tx_dur=1ms,14.821,
2736,10,401,2868904337,2026-07-14T15:46:21.889878+00:00,40.000166,5185,41,0202ab0001911441005a5811460e29efbf1ffffffc2246cd1e00000fc0007ebfe9ed0737feebfff600,1,TX 41 seq=24904 rx_latency=1ms tx_dur=1ms,16.133,
2736,10,402,2868904338,2026-07-14T15:46:21.989869+00:00,40.100148,5285,41,0202ab00019214a5005a5811460e29efbf1ffffffc2246cd1e00000fc0007ebfe9ed0737feebfff600,1,TX 41 seq=24905 rx_latency=1ms tx_dur=1ms,18.974,
2736,10,403,2868904339,2026-07-14T15:46:22.089872+00:00,40.200146,5385,41,0202ab0001931509005a5811460e29efbf1ffffffc2246cd1e00000fc0007ebfe9ed0737feebfff600,1,TX 41 seq=24906 rx_latency=1ms tx_dur=1ms,20.747,
2736,10,404,2868904340,2026-07-14T15:46:22.189869+00:00,40.300138,5485,41,0202ab000194156d005a5811460e29efbf1ffffffc2246cd1e00000fc0007ebfe9ed0737feebfff600,1,TX 41 seq=24907 rx_latency=1ms tx_dur=1ms,22.684,
2736,10,405,2868904341,2026-07-14T15:46:22.289865+00:00,40.400134,5585,41,0202ab00019515d1005a5811460e29efbf1ffffffc2246cd1e00000fc0007ebfe9ed0737feebfff600,1,TX 41 seq=24908 rx_latency=1ms tx_dur=1ms,14.569,
2736,10,406,2868904342,2026-07-14T15:46:22.389870+00:00,40.500141,5685,41,0202ab0001961635005a5811460e29efbf1ffffffc2246cd1e00000fc0007ebfe9ed0737feebfff600,1,TX 41 seq=24909 rx_latency=1ms tx_dur=1ms,17.018,
2736,10,407,2868904343,2026-07-14T15:46:22.489869+00:00,40.600142,5785,41,0202ab0001971699005a5811460e29efbf1ffffffc2246cd1e00000fc0007ebfe9ed0737feebfff600,1,TX 41 seq=24910 rx_latency=1ms tx_dur=1ms,18.266,
2736,10,408,2868904344,2026-07-14T15:46:22.589882+00:00,40.700178,5885,41,0202ab00019816fd005a5811460e29efbf1ffffffc2246cd1e00000fc0007ebfe9ed0737feebfff600,1,TX 41 seq=24911 rx_latency=1ms tx_dur=1ms,20.544,
2736,10,409,2868904345,2026-07-14T15:46:22.689832+00:00,40.800102,5985,41,0202ab0001991761005a5811460e29efbf1ffffffc2246cd1e00000fc0007ebfe9ed0737feebfff600,1,TX 41 seq=24912 rx_latency=1ms tx_dur=1ms,22.442,
2736,10,410,2868904346,2026-07-14T15:46:22.789871+00:00,40.900147,6085,41,0202ab00019a17c5005a5811460e29efbf1ffffffc2246cd1e00000fc0007ebfe9ed0737feebfff600,1,TX 41 seq=24913 rx_latency=1ms tx_dur=1ms,14.150,
2736,10,411,2868904347,2026-07-14T15:46:22.889847+00:00,41.000113,6185,41,0202ab00019b1829005a5811460e29efbf1ffffffc2246cd1e00000fc0007ebfe9ed0737feebfff600,1,TX 41 seq=24914 rx_latency=1ms tx_dur=1ms,16.276,
2736,10,412,2868904348,2026-07-14T15:46:22.989867+00:00,41.100154,6285,41,0202ab00019c188d005a5811460e29efbf1ffffffc2246cd1e00000fc0007ebfe9ed0737feebfff600,1,TX 41 seq=24915 rx_latency=1ms tx_dur=1ms,18.345,
2736,10,413,2868904349,2026-07-14T15:46:23.089870+00:00,41.200147,6385,41,0202ab00019d18f1005a5811460e29efbf1ffffffc2246cd1e00000fc0007ebfe9ed0737feebfff600,1,TX 41 seq=24916 rx_latency=1ms tx_dur=1ms,20.253,
2736,10,414,2868904350,2026-07-14T15:46:23.189871+00:00,41.300145,6485,41,0202ab00019e1955005a5811460e29efbf1ffffffc2246cd1e00000fc0007ebfe9ed0737feebfff600,1,TX 41 seq=24917 rx_latency=1ms tx_dur=1ms,22.718,
2736,10,415,2868904351,2026-07-14T15:46:23.289862+00:00,41.400129,6585,41,0202ab00019f19b9005a5811460e29efbf1ffffffc2246cd1e00000fc0007ebfe9ed0737feebfff600,1,TX 41 seq=24918 rx_latency=1ms tx_dur=1ms,14.514,
2736,10,416,2868904352,2026-07-14T15:46:23.389890+00:00,41.500188,6685,41,0202ab0001a01a1d005a5811460e29efbf1ffffffc2246cd1e00000fc0007ebfe9ed0737feebfff600,1,TX 41 seq=24919 rx_latency=1ms tx_dur=1ms,16.087,
2736,10,417,2868904353,2026-07-14T15:46:23.489856+00:00,41.600134,6785,41,0202ab0001a11a81005a5811460e29efbf1ffffffc2246cd1e00000fc0007ebfe9ed0737feebfff600,1,TX 41 seq=24920 rx_latency=1ms tx_dur=1ms,18.171,
2736,10,418,2868904354,2026-07-14T15:46:23.589871+00:00,41.700148,6885,41,0202ab0001a21ae5005a5811460e29efbf1ffffffc2246cd1e00000fc0007ebfe9ed0737feebfff600,1,TX 41 seq=24921 rx_latency=1ms tx_dur=1ms,20.521,
2736,10,419,2868904355,2026-07-14T15:46:23.689866+00:00,41.800139,6985,41,0202ab0001a31b49005a5811460e29efbf1ffffffc2246cd1e00000fc0007ebfe9ed0737feebfff600,1,TX 41 seq=24922 rx_latency=1ms tx_dur=1ms,22.226,
2736,10,420,2868904356,2026-07-14T15:46:23.789869+00:00,41.900141,7085,41,0202ab0001a41bad005a5811460e29efbf1ffffffc2246cd1e00000fc0007ebfe9ed0737feebfff600,1,TX 41 seq=24923 rx_latency=1ms tx_dur=1ms,14.051,
2736,10,421,2868904357,2026-07-14T15:46:23.889869+00:00,42.000139,7185,41,0202ab0001a51c11005a5811460e29efbf1ffffffc2246cd1e00000fc0007ebfe9ed0737feebfff600,1,TX 41 seq=24924 rx_latency=1ms tx_dur=1ms,15.992,
2736,10,422,2868904358,2026-07-14T15:46:23.989872+00:00,42.100147,7285,41,0202ab0001a61c75005a5811460e29efbf1ffffffc2246cd1e00000fc0007ebfe9ed0737feebfff600,1,TX 41 seq=24925 rx_latency=1ms tx_dur=1ms,18.931,
2736,10,423,2868904359,2026-07-14T15:46:24.089865+00:00,42.200138,7385,41,0202ab0001a71cd9005a5811460e29efbf1ffffffc2246cd1e00000fc0007ebfe9ed0737feebfff600,1,TX 41 seq=24926 rx_latency=1ms tx_dur=1ms,20.289,
2736,10,424,2868904360,2026-07-14T15:46:24.189883+00:00,42.300171,7485,41,0202ab0001a81d3d005a5811460e29efbf1ffffffc2246cd1e00000fc0007ebfe9ed0737feebfff600,1,TX 41 seq=24927 rx_latency=1ms tx_dur=1ms,22.595,
2736,10,425,2868904361,2026-07-14T15:46:24.289865+00:00,42.400133,7585,41,0202ab0001a91da1005a5811460e29efbf1ffffffc2246cd1e00000fc0007ebfe9ed0737feebfff600,1,TX 41 seq=24928 rx_latency=1ms tx_dur=1ms,14.583,
2736,10,426,2868904362,2026-07-14T15:46:24.389870+00:00,42.500139,7685,41,0202ab0001aa1e05005a5811460e29efbf1ffffffc2246cd1e00000fc0007ebfe9ed0737feebfff600,1,TX 41 seq=24929 rx_latency=1ms tx_dur=1ms,17.019,
2736,10,427,2868904363,2026-07-14T15:46:24.489871+00:00,42.600142,7785,41,0202ab0001ab1e69005a5811460e29efbf1ffffffc2246cd1e00000fc0007ebfe9ed0737feebfff600,1,TX 41 seq=24930 rx_latency=1ms tx_dur=1ms,18.512,
2736,10,428,2868904364,2026-07-14T15:46:24.589869+00:00,42.700139,7885,41,0202ab0001ac1ecd005a5811460e29efbf1ffffffc2246cd1e00000fc0007ebfe9ed0737feebfff600,1,TX 41 seq=24931 rx_latency=1ms tx_dur=1ms,20.678,
2736,10,429,2868904365,2026-07-14T15:46:24.689872+00:00,42.800148,7985,41,0202ab0001ad1f31005a5811460e29efbf1ffffffc2246cd1e00000fc0007ebfe9ed0737feebfff600,1,TX 41 seq=24932 rx_latency=1ms tx_dur=1ms,22.584,
2736,10,430,2868904366,2026-07-14T15:46:24.789864+00:00,42.900131,8085,41,0202ab0001ae1f95005a5811460e29efbf1ffffffc2246cd1e00000fc0007ebfe9ed0737feebfff600,1,TX 41 seq=24933 rx_latency=1ms tx_dur=1ms,14.527,
2736,10,431,2868904367,2026-07-14T15:46:24.889870+00:00,43.000141,8185,41,0202ab0001af1ff9005a5811460e29efbf1ffffffc2246cd1e00000fc0007ebfe9ed0737feebfff600,1,TX 41 seq=24934 rx_latency=1ms tx_dur=1ms,16.947,
2736,10,432,2868904368,2026-07-14T15:46:24.989869+00:00,43.100138,8285,41,0202ab0001b0205d005a5811460e29efbf1ffffffc2246cd1e00000fc0007ebfe9ed0737feebfff600,1,TX 41 seq=24935 rx_latency=1ms tx_dur=1ms,18.222,
2736,10,433,2868904369,2026-07-14T15:46:25.089864+00:00,43.200132,8385,41,0202ab0001b120c1005a5811460e29efbf1ffffffc2246cd1e00000fc0007ebfe9ed0737feebfff600,1,TX 41 seq=24936 rx_latency=1ms tx_dur=1ms,20.062,
2736,10,434,2868904370,2026-07-14T15:46:25.189873+00:00,43.300156,8485,41,0202ab0001b22125005a5811460e29efbf1ffffffc2246cd1e00000fc0007ebfe9ed0737feebfff600,1,TX 41 seq=24937 rx_latency=1ms tx_dur=1ms,22.479,
2736,10,435,2868904371,2026-07-14T15:46:25.289865+00:00,43.400136,8585,41,0202ab0001b32189005a5811460e29efbf1ffffffc2246cd1e00000fc0007ebfe9ed0737feebfff600,1,TX 41 seq=24938 rx_latency=1ms tx_dur=1ms,14.925,
2736,10,436,2868904372,2026-07-14T15:46:25.389869+00:00,43.500139,8685,41,0202ab0001b421ed005a5811460e29efbf1ffffffc2246cd1e00000fc0007ebfe9ed0737feebfff600,1,TX 41 seq=24939 rx_latency=1ms tx_dur=1ms,16.776,
2736,10,437,2868904373,2026-07-14T15:46:25.489868+00:00,43.600140,8785,41,0202ab0001b52251005a5811460e29efbf1ffffffc2246cd1e00000fc0007ebfe9ed0737feebfff600,1,TX 41 seq=24940 rx_latency=1ms tx_dur=1ms,18.034,
2736,10,438,2868904374,2026-07-14T15:46:25.589863+00:00,43.700128,8885,41,0202ab0001b622b5005a5811460e29efbf1ffffffc2246cd1e00000fc0007ebfe9ed0737feebfff600,1,TX 41 seq=24941 rx_latency=1ms tx_dur=1ms,20.426,
2736,10,439,2868904375,2026-07-14T15:46:25.689888+00:00,43.800187,8985,41,0202ab0001b72319005a5811460e29efbf1ffffffc2246cd1e00000fc0007ebfe9ed0737feebfff600,1,TX 41 seq=24942 rx_latency=1ms tx_dur=1ms,22.043,
2736,10,440,2868904376,2026-07-14T15:46:25.789865+00:00,43.900138,9085,41,0202ab0001b8237d005a5811460e29efbf1ffffffc2246cd1e00000fc0007ebfe9ed0737feebfff600,1,TX 41 seq=24943 rx_latency=1ms tx_dur=1ms,14.006,
2736,10,441,2868904377,2026-07-14T15:46:25.889870+00:00,44.000152,9185,41,0202ab0001b923e1005a5811460e29efbf1ffffffc2246cd1e00000fc0007ebfe9ed0737feebfff600,1,TX 41 seq=24944 rx_latency=1ms tx_dur=1ms,16.942,
2736,10,442,2868904378,2026-07-14T15:46:25.989873+00:00,44.100150,9285,41,0202ab0001ba2445005a5811460e29efbf1ffffffc2246cd1e00000fc0007ebfe9ed0737feebfff600,1,TX 41 seq=24945 rx_latency=1ms tx_dur=1ms,18.255,
2736,10,443,2868904379,2026-07-14T15:46:26.089860+00:00,44.200130,9385,41,0202ab0001bb24a9005a5811460e29efbf1ffffffc2246cd1e00000fc0007ebfe9ed0737feebfff600,1,TX 41 seq=24946 rx_latency=1ms tx_dur=1ms,19.987,
2736,10,444,2868904380,2026-07-14T15:46:26.189873+00:00,44.300152,9485,41,0202ab0001bc250d005a5811460e29efbf1ffffffc2246cd1e00000fc0007ebfe9ed0737feebfff600,1,TX 41 seq=24947 rx_latency=1ms tx_dur=1ms,22.905,
2736,10,445,2868904381,2026-07-14T15:46:26.289869+00:00,44.400145,9585,41,0202ab0001bd2571005a5811460e29efbf1ffffffc2246cd1e00000fc0007ebfe9ed0737feebfff600,1,TX 41 seq=24948 rx_latency=1ms tx_dur=1ms,14.803,
2736,10,446,2868904382,2026-07-14T15:46:26.389874+00:00,44.500152,9685,41,0202ab0001be25d5005a5811460e29efbf1ffffffc2246cd1e00000fc0007ebfe9ed0737feebfff600,1,TX 41 seq=24949 rx_latency=1ms tx_dur=1ms,16.081,
2736,10,447,2868904383,2026-07-14T15:46:26.489864+00:00,44.600132,9785,41,0202ab0001bf2639005a5811460e29efbf1ffffffc2246cd1e00000fc0007ebfe9ed0737feebfff600,1,TX 41 seq=24950 rx_latency=1ms tx_dur=1ms,18.928,
2736,10,448,2868904384,2026-07-14T15:46:26.589869+00:00,44.700140,9885,41,0202ab0001c0269d005a5811460e29efbf1ffffffc2246cd1e00000fc0007ebfe9ed0737feebfff600,1,TX 41 seq=24951 rx_latency=1ms tx_dur=1ms,20.668,
2736,10,449,2868904385,2026-07-14T15:46:26.689871+00:00,44.800144,9985,41,0202ab0001c12701005a5811460e29efbf1ffffffc2246cd1e00000fc0007ebfe9ed0737feebfff600,1,TX 41 seq=24952 rx_latency=1ms tx_dur=1ms,22.637,
2736,10,450,2868904386,2026-07-14T15:46:26.789825+00:00,44.900095,10085,41,0202ab0001c22765005a5811460e29efbf1ffffffc2246cd1e00000fc0007ebfe9ed0737feebfff600,1,TX 41 seq=24953 rx_latency=1ms tx_dur=1ms,14.557,
2736,10,451,2868904387,2026-07-14T15:46:26.889871+00:00,45.000143,10185,41,0202ab0001c327c9005a5811460e29efbf1ffffffc2246cd1e00000fc0007ebfe9ed0737feebfff600,1,TX 41 seq=24954 rx_latency=1ms tx_dur=1ms,16.958,
2736,10,452,2868904388,2026-07-14T15:46:26.989869+00:00,45.100138,10285,41,0202ab0001c4282d005a5811460e29efbf1ffffffc2246cd1e00000fc0007ebfe9ed0737feebfff600,1,TX 41 seq=24955 rx_latency=1ms tx_dur=1ms,18.232,
2736,10,453,2868904389,2026-07-14T15:46:27.089864+00:00,45.200132,10385,41,0202ab0001c52891005a5811460e29efbf1ffffffc2246cd1e00000fc0007ebfe9ed0737feebfff600,1,TX 41 seq=24956 rx_latency=1ms tx_dur=1ms,20.070,
2736,10,454,2868904390,2026-07-14T15:46:27.189871+00:00,45.300143,10485,41,0202ab0001c628f5005a5811460e29efbf1ffffffc2246cd1e00000fc0007ebfe9ed0737feebfff600,1,TX 41 seq=24957 rx_latency=1ms tx_dur=1ms,22.515,
2736,10,455,2868904391,2026-07-14T15:46:27.289829+00:00,45.400098,10585,41,0202ab0001c72959005a5811460e29efbf1ffffffc2246cd1e00000fc0007ebfe9ed0737feebfff600,1,TX 41 seq=24958 rx_latency=1ms tx_dur=1ms,14.978,
2736,10,456,2868904392,2026-07-14T15:46:27.389805+00:00,45.500075,10685,41,0202ab0001c829bd005a5811460e29efbf1ffffffc2246cd1e00000fc0007ebfe9ed0737feebfff600,1,TX 41 seq=24959 rx_latency=1ms tx_dur=1ms,16.845,
2736,10,457,2868904393,2026-07-14T15:46:27.489884+00:00,45.600180,10785,41,0202ab0001c92a21005a5811460e29efbf1ffffffc2246cd1e00000fc0007ebfe9ed0737feebfff600,1,TX 41 seq=24960 rx_latency=1ms tx_dur=1ms,18.048,
2736,10,458,2868904394,2026-07-14T15:46:27.589865+00:00,45.700136,10885,41,0202ab0001ca2a85005a5811460e29efbf1ffffffc2246cd1e00000fc0007ebfe9ed0737feebfff600,1,TX 41 seq=24961 rx_latency=1ms tx_dur=1ms,20.625,
2736,10,459,2868904395,2026-07-14T15:46:27.689875+00:00,45.800155,10985,41,0202ab0001cb2ae9005a5811460e29efbf1ffffffc2246cd1e00000fc0007ebfe9ed0737feebfff600,1,TX 41 seq=24962 rx_latency=1ms tx_dur=1ms,22.743,
2736,10,460,2868904396,2026-07-14T15:46:27.789858+00:00,45.900126,11085,41,0202ab0001cc2b4d005a5811460e29efbf1ffffffc2246cd1e00000fc0007ebfe9ed0737feebfff600,1,TX 41 seq=24963 rx_latency=1ms tx_dur=1ms,14.758,
2736,10,461,2868904397,2026-07-14T15:46:27.889868+00:00,46.000138,11185,41,0202ab0001cd2bb1005a5811460e29efbf1ffffffc2246cd1e00000fc0007ebfe9ed0737feebfff600,1,TX 41 seq=24964 rx_latency=1ms tx_dur=1ms,16.053,
2736,10,462,2868904398,2026-07-14T15:46:27.989867+00:00,46.100138,11285,41,0202ab0001ce2c15005a5811460e29efbf1ffffffc2246cd1e00000fc0007ebfe9ed0737feebfff600,1,TX 41 seq=24965 rx_latency=1ms tx_dur=1ms,18.865,
2736,10,463,2868904399,2026-07-14T15:46:28.089873+00:00,46.200147,11385,41,0202ab0001cf2c79005a5811460e29efbf1ffffffc2246cd1e00000fc0007ebfe9ed0737feebfff600,1,TX 41 seq=24966 rx_latency=1ms tx_dur=1ms,20.596,
2736,10,464,2868904400,2026-07-14T15:46:28.189820+00:00,46.300089,11485,41,0202ab0001d02cdd005a5811460e29efbf1ffffffc2246cd1e00000fc0007ebfe9ed0737feebfff600,1,TX 41 seq=24967 rx_latency=1ms tx_dur=1ms,22.573,
2736,10,465,2868904401,2026-07-14T15:46:28.289869+00:00,46.400140,11585,41,0202ab0001d12d41005a5811460e29efbf1ffffffc2246cd1e00000fc0007ebfe9ed0737feebfff600,1,TX 41 seq=24968 rx_latency=1ms tx_dur=1ms,14.546,
2736,10,466,2868904402,2026-07-14T15:46:28.389868+00:00,46.500138,11685,41,0202ab0001d22da5005a5811460e29efbf1ffffffc2246cd1e00000fc0007ebfe9ed0737feebfff600,1,TX 41 seq=24969 rx_latency=1ms tx_dur=1ms,16.918,
2736,10,467,2868904403,2026-07-14T15:46:28.489886+00:00,46.600172,11785,41,0202ab0001d32e09005a5811460e29efbf1ffffffc2246cd1e00000fc0007ebfe9ed0737feebfff600,1,TX 41 seq=24970 rx_latency=1ms tx_dur=1ms,18.148,
2736,10,468,2868904404,2026-07-14T15:46:28.589869+00:00,46.700145,11885,41,0202ab0001d42e6d005a5811460e29efbf1ffffffc2246cd1e00000fc0007ebfe9ed0737feebfff600,1,TX 41 seq=24971 rx_latency=1ms tx_dur=1ms,20.984,
2736,10,469,2868904405,2026-07-14T15:46:28.689872+00:00,46.800145,11985,41,0202ab0001d52ed1005a5811460e29efbf1ffffffc2246cd1e00000fc0007ebfe9ed0737feebfff600,1,TX 41 seq=24972 rx_latency=1ms tx_dur=1ms,22.765,
2736,10,470,2868904406,2026-07-14T15:46:28.789855+00:00,46.900121,12085,41,0202ab0001d62f35005a5811460e29efbf1ffffffc2246cd1e00000fc0007ebfe9ed0737feebfff600,1,TX 41 seq=24973 rx_latency=1ms tx_dur=1ms,14.771,
2736,10,471,2868904407,2026-07-14T15:46:28.889869+00:00,47.000140,12185,41,0202ab0001d72f99005a5811460e29efbf1ffffffc2246cd1e00000fc0007ebfe9ed0737feebfff600,1,TX 41 seq=24974 rx_latency=1ms tx_dur=1ms,16.052,
2736,10,472,2868904408,2026-07-14T15:46:28.989819+00:00,47.100094,12285,41,0202ab0001d82ffd005a5811460e29efbf1ffffffc2246cd1e00000fc0007ebfe9ed0737feebfff600,1,TX 41 seq=24975 rx_latency=1ms tx_dur=1ms,18.944,
2736,10,473,2868904409,2026-07-14T15:46:29.089866+00:00,47.200136,12385,41,0202ab0001d93061005a5811460e29efbf1ffffffc2246cd1e00000fc0007ebfe9ed0737feebfff600,1,TX 41 seq=24976 rx_latency=1ms tx_dur=1ms,20.587,
2736,10,474,2868904410,2026-07-14T15:46:29.189818+00:00,47.300092,12485,41,0202ab0001da30c5005a5811460e29efbf1ffffffc2246cd1e00000fc0007ebfe9ed0737feebfff600,1,TX 41 seq=24977 rx_latency=1ms tx_dur=1ms,22.597,
2736,10,475,2868904411,2026-07-14T15:46:29.289863+00:00,47.400130,12585,41,0202ab0001db3129005a5811460e29efbf1ffffffc2246cd1e00000fc0007ebfe9ed0737feebfff600,1,TX 41 seq=24978 rx_latency=1ms tx_dur=1ms,14.480,
2736,10,476,2868904412,2026-07-14T15:46:29.389870+00:00,47.500141,12685,41,0202ab0001dc318d005a5811460e29efbf1ffffffc2246cd1e00000fc0007ebfe9ed0737feebfff600,1,TX 41 seq=24979 rx_latency=1ms tx_dur=1ms,16.910,
2736,10,477,2868904413,2026-07-14T15:46:29.489867+00:00,47.600137,12785,41,0202ab0001dd31f1005a5811460e29efbf1ffffffc2246cd1e00000fc0007ebfe9ed0737feebfff600,1,TX 41 seq=24980 rx_latency=1ms tx_dur=1ms,18.205,
2736,10,478,2868904414,2026-07-14T15:46:29.589866+00:00,47.700136,12885,41,0202ab0001de3255005a5811460e29efbf1ffffffc2246cd1e00000fc0007ebfe9ed0737feebfff600,1,TX 41 seq=24981 rx_latency=1ms tx_dur=1ms,19.996,
2736,10,479,2868904415,2026-07-14T15:46:29.689883+00:00,47.800177,12985,41,0202ab0001df32b9005a5811460e29efbf1ffffffc2246cd1e00000fc0007ebfe9ed0737feebfff600,1,TX 41 seq=24982 rx_latency=1ms tx_dur=1ms,22.383,
2736,10,480,2868904416,2026-07-14T15:46:29.789800+00:00,47.900077,13085,41,0202ab0001e0331d005a5811460e29efbf1ffffffc2246cd1e00000fc0007ebfe9ed0737feebfff600,1,TX 41 seq=24983 rx_latency=1ms tx_dur=1ms,14.938,
2736,10,481,2868904417,2026-07-14T15:46:29.889869+00:00,48.000141,13185,41,0202ab0001e13381005a5811460e29efbf1ffffffc2246cd1e00000fc0007ebfe9ed0737feebfff600,1,TX 41 seq=24984 rx_latency=1ms tx_dur=1ms,16.718,
2736,10,482,2868904418,2026-07-14T15:46:29.989869+00:00,48.100140,13285,41,0202ab0001e233e5005a5811460e29efbf1ffffffc2246cd1e00000fc0007ebfe9ed0737feebfff600,1,TX 41 seq=24985 rx_latency=1ms tx_dur=1ms,18.091,
2736,10,483,2868904419,2026-07-14T15:46:30.089863+00:00,48.200133,13385,41,0202ab0001e33449005a5811460e29efbf1ffffffc2246cd1e00000fc0007ebfe9ed0737feebfff600,1,TX 41 seq=24986 rx_latency=1ms tx_dur=1ms,20.465,
2736,10,484,2868904420,2026-07-14T15:46:30.189866+00:00,48.300140,13485,41,0202ab0001e434ad005a5811460e29efbf1ffffffc2246cd1e00000fc0007ebfe9ed0737feebfff600,1,TX 41 seq=24987 rx_latency=1ms tx_dur=1ms,22.261,
2736,10,485,2868904421,2026-07-14T15:46:30.289870+00:00,48.400142,13585,41,0202ab0001e53511005a5811460e29efbf1ffffffc2246cd1e00000fc0007ebfe9ed0737feebfff600,1,TX 41 seq=24988 rx_latency=1ms tx_dur=1ms,14.793,
2736,10,486,2868904422,2026-07-14T15:46:30.389868+00:00,48.500138,13685,41,0202ab0001e63575005a5811460e29efbf1ffffffc2246cd1e00000fc0007ebfe9ed0737feebfff600,1,TX 41 seq=24989 rx_latency=1ms tx_dur=1ms,16.300,
2736,10,487,2868904423,2026-07-14T15:46:30.489869+00:00,48.600139,13785,41,0202ab0001e735d9005a5811460e29efbf1ffffffc2246cd1e00000fc0007ebfe9ed0737feebfff600,1,TX 41 seq=24990 rx_latency=1ms tx_dur=1ms,18.533,
2736,10,488,2868904424,2026-07-14T15:46:30.589875+00:00,48.700158,13885,41,0202ab0001e8363d005a5811460e29efbf1ffffffc2246cd1e00000fc0007ebfe9ed0737feebfff600,1,TX 41 seq=24991 rx_latency=1ms tx_dur=1ms,20.252,
2736,10,489,2868904425,2026-07-14T15:46:30.689873+00:00,48.800152,13985,41,0202ab0001e936a1005a5811460e29efbf1ffffffc2246cd1e00000fc0007ebfe9ed0737feebfff600,1,TX 41 seq=24992 rx_latency=1ms tx_dur=1ms,22.355,
2736,10,490,2868904426,2026-07-14T15:46:30.789870+00:00,48.900147,14085,41,0202ab0001ea3705005a5811460e29efbf1ffffffc2246cd1e00000fc0007ebfe9ed0737feebfff600,1,TX 41 seq=24993 rx_latency=1ms tx_dur=1ms,14.715,
2736,10,491,2868904427,2026-07-14T15:46:30.889872+00:00,49.000144,14185,41,0202ab0001eb3769005a5811460e29efbf1ffffffc2246cd1e00000fc0007ebfe9ed0737feebfff600,1,TX 41 seq=24994 rx_latency=1ms tx_dur=1ms,16.049,
2736,10,492,2868904428,2026-07-14T15:46:30.989814+00:00,49.100083,14285,41,0202ab0001ec37cd005a5811460e29efbf1ffffffc2246cd1e00000fc0007ebfe9ed0737feebfff600,1,TX 41 seq=24995 rx_latency=1ms tx_dur=1ms,18.967,
2736,10,493,2868904429,2026-07-14T15:46:31.089869+00:00,49.200138,14385,41,0202ab0001ed3831005a5811460e29efbf1ffffffc2246cd1e00000fc0007ebfe9ed0737feebfff600,1,TX 41 seq=24996 rx_latency=1ms tx_dur=1ms,20.637,
2736,10,494,2868904430,2026-07-14T15:46:31.189871+00:00,49.300143,14485,41,0202ab0001ee3895005a5811460e29efbf1ffffffc2246cd1e00000fc0007ebfe9ed0737feebfff600,1,TX 41 seq=24997 rx_latency=1ms tx_dur=1ms,22.548,
2736,10,495,2868904431,2026-07-14T15:46:31.289864+00:00,49.400134,14585,41,0202ab0001ef38f9005a5811460e29efbf1ffffffc2246cd1e00000fc0007ebfe9ed0737feebfff600,1,TX 41 seq=24998 rx_latency=1ms tx_dur=1ms,14.467,
2736,10,496,2868904432,2026-07-14T15:46:31.389870+00:00,49.500141,14685,41,0202ab0001f0395d005a5811460e29efbf1ffffffc2246cd1e00000fc0007ebfe9ed0737feebfff600,1,TX 41 seq=24999 rx_latency=1ms tx_dur=1ms,16.911,
2736,10,497,2868904433,2026-07-14T15:46:31.489868+00:00,49.600138,14785,41,0202ab0001f139c1005a5811460e29efbf1ffffffc2246cd1e00000fc0007ebfe9ed0737feebfff600,1,TX 41 seq=25000 rx_latency=1ms tx_dur=1ms,18.175,
2736,10,498,2868904434,2026-07-14T15:46:31.589869+00:00,49.700138,14885,41,0202ab0001f23a25005a5811460e29efbf1ffffffc2246cd1e00000fc0007ebfe9ed0737feebfff600,1,TX 41 seq=25001 rx_latency=1ms tx_dur=1ms,20.011,
2736,10,499,2868904435,2026-07-14T15:46:31.689888+00:00,49.800189,14985,41,0202ab0001f33a89005a5811460e29efbf1ffffffc2246cd1e00000fc0007ebfe9ed0737feebfff600,1,TX 41 seq=25002 rx_latency=1ms tx_dur=1ms,22.365,
2736,10,500,2868904436,2026-07-14T15:46:31.789871+00:00,49.900151,15085,41,0202ab0001f43aed005a5811460e29efbf1ffffffc2246cd1e00000fc0007ebfe9ed0737feebfff600,1,TX 41 seq=25003 rx_latency=1ms tx_dur=1ms,14.847,
2736,10,501,2868904437,2026-07-14T15:46:31.889819+00:00,50.000106,15185,41,0202ab0001f53b51005a5811460e29efbf1ffffffc2246cd1e00000fc0007ebfe9ed0737feebfff600,1,TX 41 seq=25004 rx_latency=1ms tx_dur=1ms,16.714,
2736,10,502,2868904438,2026-07-14T15:46:31.989870+00:00,50.100144,15285,41,0202ab0001f63bb5005a5811460e29efbf1ffffffc2246cd1e00000fc0007ebfe9ed0737feebfff600,1,TX 41 seq=25005 rx_latency=1ms tx_dur=1ms,18.088,
2736,10,503,2868904439,2026-07-14T15:46:32.089872+00:00,50.200143,15385,41,0202ab0001f73c19005a5811460e29efbf1ffffffc2246cd1e00000fc0007ebfe9ed0737feebfff600,1,TX 41 seq=25006 rx_latency=1ms tx_dur=1ms,20.455,
2736,10,504,2868904440,2026-07-14T15:46:32.189864+00:00,50.300135,15485,41,0202ab0001f83c7d005a5811460e29efbf1ffffffc2246cd1e00000fc0007ebfe9ed0737feebfff600,1,TX 41 seq=25007 rx_latency=1ms tx_dur=1ms,22.281,
2736,10,505,2868904441,2026-07-14T15:46:32.289874+00:00,50.400152,15585,41,0202ab0001f93ce1005a5811460e29efbf1ffffffc2246cd1e00000fc0007ebfe9ed0737feebfff600,1,TX 41 seq=25008 rx_latency=1ms tx_dur=1ms,14.786,
2736,10,506,2868904442,2026-07-14T15:46:32.389875+00:00,50.500153,15685,41,0202ab0001fa3d45005a5811460e29efbf1ffffffc2246cd1e00000fc0007ebfe9ed0737feebfff600,1,TX 41 seq=25009 rx_latency=1ms tx_dur=1ms,16.279,
2736,10,507,2868904443,2026-07-14T15:46:32.489869+00:00,50.600143,15785,41,0202ab0001fb3da9005a5811460e29efbf1ffffffc2246cd1e00000fc0007ebfe9ed0737feebfff600,1,TX 41 seq=25010 rx_latency=1ms tx_dur=1ms,18.461,
2736,10,508,2868904444,2026-07-14T15:46:32.589868+00:00,50.700151,15885,41,0202ab0001fc3e0d005a5811460e29efbf1ffffffc2246cd1e00000fc0007ebfe9ed0737feebfff600,1,TX 41 seq=25011 rx_latency=1ms tx_dur=1ms,20.311,
2736,10,509,2868904445,2026-07-14T15:46:32.689874+00:00,50.800150,15985,41,0202ab0001fd3e71005a5811460e29efbf1ffffffc2246cd1e00000fc0007ebfe9ed0737feebfff600,1,TX 41 seq=25012 rx_latency=1ms tx_dur=1ms,22.212,
2736,10,510,2868904446,2026-07-14T15:46:32.789871+00:00,50.900144,16085,41,0202ab0001fe3ed5005a5811460e29efbf1ffffffc2246cd1e00000fc0007ebfe9ed0737feebfff600,1,TX 41 seq=25013 rx_latency=1ms tx_dur=1ms,14.727,
2736,10,511,2868904447,2026-07-14T15:46:32.889868+00:00,51.000136,16185,41,0202ab0001ff3f39005a5811460e29efbf1ffffffc2246cd1e00000fc0007ebfe9ed0737feebfff600,1,TX 41 seq=25014 rx_latency=1ms tx_dur=1ms,16.020,
2736,10,512,2868904448,2026-07-14T15:46:32.989879+00:00,51.100165,16285,41,0202ab0002003f9d005a5811460e29efbf1ffffffc2246cd1e00000fc0007ebfe9ed0737feebfff600,1,TX 41 seq=25015 rx_latency=1ms tx_dur=1ms,18.905,
2736,10,513,2868904449,2026-07-14T15:46:33.089870+00:00,51.200145,16385,41,0202ab0002014001005a5811460e29efbf1ffffffc2246cd1e00000fc0007ebfe9ed0737feebfff600,1,TX 41 seq=25016 rx_latency=1ms tx_dur=1ms,20.311,
2736,10,514,2868904450,2026-07-14T15:46:33.189868+00:00,51.300140,16485,41,0202ab0002024065005a5811460e29efbf1ffffffc2246cd1e00000fc0007ebfe9ed0737feebfff600,1,TX 41 seq=25017 rx_latency=1ms tx_dur=1ms,22.690,
2736,10,515,2868904451,2026-07-14T15:46:33.289865+00:00,51.400134,16585,41,0202ab00020340c9005a5811460e29efbf1ffffffc2246cd1e00000fc0007ebfe9ed0737feebfff600,1,TX 41 seq=25018 rx_latency=1ms tx_dur=1ms,14.599,
2736,10,516,2868904452,2026-07-14T15:46:33.389870+00:00,51.500140,16685,41,0202ab000204412d005a5811460e29efbf1ffffffc2246cd1e00000fc0007ebfe9ed0737feebfff600,1,TX 41 seq=25019 rx_latency=1ms tx_dur=1ms,16.944,
2736,10,517,2868904453,2026-07-14T15:46:33.489872+00:00,51.600146,16785,41,0202ab0002054191005a5811460e29efbf1ffffffc2246cd1e00000fc0007ebfe9ed0737feebfff600,1,TX 41 seq=25020 rx_latency=1ms tx_dur=1ms,18.222,
2736,10,518,2868904454,2026-07-14T15:46:33.589793+00:00,51.700063,16885,41,0202ab00020641f5005a5811460e29efbf1ffffffc2246cd1e00000fc0007ebfe9ed0737feebfff600,1,TX 41 seq=25021 rx_latency=1ms tx_dur=1ms,20.042,
2736,10,519,2868904455,2026-07-14T15:46:33.689867+00:00,51.800136,16985,41,0202ab0002074259005a5811460e29efbf1ffffffc2246cd1e00000fc0007ebfe9ed0737feebfff600,1,TX 41 seq=25022 rx_latency=1ms tx_dur=1ms,22.797,
2736,10,520,2868904456,2026-07-14T15:46:33.789874+00:00,51.900159,17085,41,0202ab00020842bd005a5811460e29efbf1ffffffc2246cd1e00000fc0007ebfe9ed0737feebfff600,1,TX 41 seq=25023 rx_latency=1ms tx_dur=1ms,14.813,
2736,10,521,2868904457,2026-07-14T15:46:33.889872+00:00,52.000147,17185,41,0202ab0002094321005a5811460e29efbf1ffffffc2246cd1e00000fc0007ebfe9ed0737feebfff600,1,TX 41 seq=25024 rx_latency=1ms tx_dur=1ms,16.215,
2736,10,522,2868904458,2026-07-14T15:46:33.989876+00:00,52.100161,17285,41,0202ab00020a4385005a5811460e29efbf1ffffffc2246cd1e00000fc0007ebfe9ed0737feebfff600,1,TX 41 seq=25025 rx_latency=1ms tx_dur=1ms,18.357,
2736,10,523,2868904459,2026-07-14T15:46:34.089875+00:00,52.200153,17385,41,0202ab00020b43e9005a5811460e29efbf1ffffffc2246cd1e00000fc0007ebfe9ed0737feebfff600,1,TX 41 seq=25026 rx_latency=1ms tx_dur=1ms,20.298,
2736,10,524,2868904460,2026-07-14T15:46:34.189863+00:00,52.300133,17485,41,0202ab00020c444d005a5811460e29efbf1ffffffc2246cd1e00000fc0007ebfe9ed0737feebfff600,1,TX 41 seq=25027 rx_latency=1ms tx_dur=1ms,22.176,
2736,10,525,2868904461,2026-07-14T15:46:34.289874+00:00,52.400153,17585,41,0202ab00020d44b1005a5811460e29efbf1ffffffc2246cd1e00000fc0007ebfe9ed0737feebfff600,1,TX 41 seq=25028 rx_latency=1ms tx_dur=1ms,14.657,
2736,10,526,2868904462,2026-07-14T15:46:34.389870+00:00,52.500139,17685,41,0202ab00020e4515005a5811460e29efbf1ffffffc2246cd1e00000fc0007ebfe9ed0737feebfff600,1,TX 41 seq=25029 rx_latency=1ms tx_dur=1ms,17.057,
2736,10,527,2868904463,2026-07-14T15:46:34.489870+00:00,52.600143,17785,41,0202ab00020f4579005a5811460e29efbf1ffffffc2246cd1e00000fc0007ebfe9ed0737feebfff600,1,TX 41 seq=25030 rx_latency=1ms tx_dur=1ms,18.890,
2736,10,528,2868904464,2026-07-14T15:46:34.589871+00:00,52.700142,17885,41,0202ab00021045dd005a5811460e29efbf1ffffffc2246cd1e00000fc0007ebfe9ed0737feebfff600,1,TX 41 seq=25031 rx_latency=1ms tx_dur=1ms,20.265,
2736,10,529,2868904465,2026-07-14T15:46:34.689868+00:00,52.800137,17985,41,0202ab0002114641005a5811460e29efbf1ffffffc2246cd1e00000fc0007ebfe9ed0737feebfff600,1,TX 41 seq=25032 rx_latency=1ms tx_dur=1ms,22.637,
2736,10,530,2868904466,2026-07-14T15:46:34.789856+00:00,52.900122,18085,41,0202ab00021246a5005a5811460e29efbf1ffffffc2246cd1e00000fc0007ebfe9ed0737feebfff600,1,TX 41 seq=25033 rx_latency=1ms tx_dur=1ms,14.613,
2736,10,531,2868904467,2026-07-14T15:46:34.889879+00:00,53.000164,18185,41,0202ab0002134709005a5811460e29efbf1ffffffc2246cd1e00000fc0007ebfe9ed0737feebfff600,1,TX 41 seq=25034 rx_latency=1ms tx_dur=1ms,16.926,
2736,10,532,2868904468,2026-07-14T15:46:34.989869+00:00,53.100142,18285,41,0202ab000214476d005a5811460e29efbf1ffffffc2246cd1e00000fc0007ebfe9ed0737feebfff600,1,TX 41 seq=25035 rx_latency=1ms tx_dur=1ms,18.248,
2736,10,533,2868904469,2026-07-14T15:46:35.089829+00:00,53.200103,18385,41,0202ab00021547d1005a5811460e29efbf1ffffffc2246cd1e00000fc0007ebfe9ed0737feebfff600,1,TX 41 seq=25036 rx_latency=1ms tx_dur=1ms,20.096,
2736,10,534,2868904470,2026-07-14T15:46:35.189871+00:00,53.300142,18485,41,0202ab0002164835005a5811460e29efbf1ffffffc2246cd1e00000fc0007ebfe9ed0737feebfff600,1,TX 41 seq=25037 rx_latency=1ms tx_dur=1ms,22.553,
2736,10,535,2868904471,2026-07-14T15:46:35.289863+00:00,53.400134,18585,41,0202ab0002174899005a5811460e29efbf1ffffffc2246cd1e00000fc0007ebfe9ed0737feebfff600,1,TX 41 seq=25038 rx_latency=1ms tx_dur=1ms,15.116,
2736,10,536,2868904472,2026-07-14T15:46:35.389874+00:00,53.500150,18685,41,0202ab00021848fd005a5811460e29efbf1ffffffc2246cd1e00000fc0007ebfe9ed0737feebfff600,1,TX 41 seq=25039 rx_latency=1ms tx_dur=1ms,16.105,
2736,10,537,2868904473,2026-07-14T15:46:35.489815+00:00,53.600109,18785,41,0202ab0002194961005a5811460e29efbf1ffffffc2246cd1e00000fc0007ebfe9ed0737feebfff600,1,TX 41 seq=25040 rx_latency=1ms tx_dur=1ms,17.999,
2736,10,538,2868904474,2026-07-14T15:46:35.589874+00:00,53.700151,18885,41,0202ab00021a49c5005a5811460e29efbf1ffffffc2246cd1e00000fc0007ebfe9ed0737feebfff600,1,TX 41 seq=25041 rx_latency=1ms tx_dur=1ms,20.427,
2736,10,539,2868904475,2026-07-14T15:46:35.689868+00:00,53.800144,18985,41,0202ab00021b4a29005a5811460e29efbf1ffffffc2246cd1e00000fc0007ebfe9ed0737feebfff600,1,TX 41 seq=25042 rx_latency=1ms tx_dur=1ms,22.132,
2736,10,540,2868904476,2026-07-14T15:46:35.789872+00:00,53.900146,19085,41,0202ab00021c4a8d005a5811460e29efbf1ffffffc2246cd1e00000fc0007ebfe9ed0737feebfff600,1,TX 41 seq=25043 rx_latency=1ms tx_dur=1ms,13.950,
2736,10,541,2868904477,2026-07-14T15:46:35.889871+00:00,54.000142,19185,41,0202ab00021d4af1005a5811460e29efbf1ffffffc2246cd1e00000fc0007ebfe9ed0737feebfff600,1,TX 41 seq=25044 rx_latency=1ms tx_dur=1ms,17.009,
2736,10,542,2868904478,2026-07-14T15:46:35.989869+00:00,54.100140,19285,41,0202ab00021e4b55005a5811460e29efbf1ffffffc2246cd1e00000fc0007ebfe9ed0737feebfff600,1,TX 41 seq=25045 rx_latency=1ms tx_dur=1ms,18.311,
2736,10,543,2868904479,2026-07-14T15:46:36.089870+00:00,54.200141,19385,41,0202ab00021f4bb9005a5811460e29efbf1ffffffc2246cd1e00000fc0007ebfe9ed0737feebfff600,1,TX 41 seq=25046 rx_latency=1ms tx_dur=1ms,20.023,
2736,10,544,2868904480,2026-07-14T15:46:36.189870+00:00,54.300141,19485,41,0202ab0002204c1d005a5811460e29efbf1ffffffc2246cd1e00000fc0007ebfe9ed0737feebfff600,1,TX 41 seq=25047 rx_latency=1ms tx_dur=1ms,22.851,
2736,10,545,2868904481,2026-07-14T15:46:36.289874+00:00,54.400157,19585,41,0202ab0002214c81005a5811460e29efbf1ffffffc2246cd1e00000fc0007ebfe9ed0737feebfff600,1,TX 41 seq=25048 rx_latency=1ms tx_dur=1ms,14.788,
2736,10,546,2868904482,2026-07-14T15:46:36.389872+00:00,54.500149,19685,41,0202ab0002224ce5005a5811460e29efbf1ffffffc2246cd1e00000fc0007ebfe9ed0737feebfff600,1,TX 41 seq=25049 rx_latency=1ms tx_dur=1ms,16.782,
2736,10,547,2868904483,2026-07-14T15:46:36.489870+00:00,54.600141,19785,41,0202ab0002234d49005a5811460e29efbf1ffffffc2246cd1e00000fc0007ebfe9ed0737feebfff600,1,TX 41 seq=25050 rx_latency=1ms tx_dur=1ms,18.099,
2736,10,548,2868904484,2026-07-14T15:46:36.589862+00:00,54.700129,19885,41,0202ab0002244dad005a5811460e29efbf1ffffffc2246cd1e00000fc0007ebfe9ed0737feebfff600,1,TX 41 seq=25051 rx_latency=1ms tx_dur=1ms,20.462,
2736,10,549,2868904485,2026-07-14T15:46:36.689880+00:00,54.800167,19985,41,0202ab0002254e11005a5811460e29efbf1ffffffc2246cd1e00000fc0007ebfe9ed0737feebfff600,1,TX 41 seq=25052 rx_latency=1ms tx_dur=1ms,22.128,
2736,10,550,2868904486,2026-07-14T15:46:36.789866+00:00,54.900139,20085,41,0202ab0002264e75005a5811460e29efbf1ffffffc2246cd1e00000fc0007ebfe9ed0737feebfff600,1,TX 41 seq=25053 rx_latency=1ms tx_dur=1ms,13.968,
2736,10,551,2868904487,2026-07-14T15:46:36.889870+00:00,55.000142,20185,41,0202ab0002274ed9005a5811460e29efbf1ffffffc2246cd1e00000fc0007ebfe9ed0737feebfff600,1,TX 41 seq=25054 rx_latency=1ms tx_dur=1ms,16.995,
2736,10,552,2868904488,2026-07-14T15:46:36.989863+00:00,55.100129,20285,41,0202ab0002284f3d005a5811460e29efbf1ffffffc2246cd1e00000fc0007ebfe9ed0737feebfff600,1,TX 41 seq=25055 rx_latency=1ms tx_dur=1ms,18.866,
2736,10,553,2868904489,2026-07-14T15:46:37.089871+00:00,55.200142,20385,41,0202ab0002294fa1005a5811460e29efbf1ffffffc2246cd1e00000fc0007ebfe9ed0737feebfff600,1,TX 41 seq=25056 rx_latency=1ms tx_dur=1ms,20.219,
2736,10,554,2868904490,2026-07-14T15:46:37.189870+00:00,55.300143,20485,41,0202ab00022a5005005a5811460e29efbf1ffffffc2246cd1e00000fc0007ebfe9ed0737feebfff600,1,TX 41 seq=25057 rx_latency=1ms tx_dur=1ms,22.574,
2736,10,555,2868904491,2026-07-14T15:46:37.289867+00:00,55.400146,20585,41,0202ab00022b5069005a5811460e29efbf1ffffffc2246cd1e00000fc0007ebfe9ed0737feebfff600,1,TX 41 seq=25058 rx_latency=1ms tx_dur=1ms,15.019,
2736,10,556,2868904492,2026-07-14T15:46:37.389871+00:00,55.500145,20685,41,0202ab00022c50cd005a5811460e29efbf1ffffffc2246cd1e00000fc0007ebfe9ed0737feebfff600,1,TX 41 seq=25059 rx_latency=1ms tx_dur=1ms,16.726,
2736,10,557,2868904493,2026-07-14T15:46:37.489869+00:00,55.600140,20785,41,0202ab00022d5131005a5811460e29efbf1ffffffc2246cd1e00000fc0007ebfe9ed0737feebfff600,1,TX 41 seq=25060 rx_latency=1ms tx_dur=1ms,18.477,
2736,10,558,2868904494,2026-07-14T15:46:37.589864+00:00,55.700129,20885,41,0202ab00022e5195005a5811460e29efbf1ffffffc2246cd1e00000fc0007ebfe9ed0737feebfff600,1,TX 41 seq=25061 rx_latency=1ms tx_dur=1ms,20.385,
2736,10,559,2868904495,2026-07-14T15:46:37.689880+00:00,55.800168,20985,41,0202ab00022f51f9005a5811460e29efbf1ffffffc2246cd1e00000fc0007ebfe9ed0737feebfff600,1,TX 41 seq=25062 rx_latency=1ms tx_dur=1ms,22.754,
2736,10,560,2868904496,2026-07-14T15:46:37.789867+00:00,55.900140,21085,41,0202ab000230525d005a5811460e29efbf1ffffffc2246cd1e00000fc0007ebfe9ed0737feebfff600,1,TX 41 seq=25063 rx_latency=1ms tx_dur=1ms,14.603,
2736,10,561,2868904497,2026-07-14T15:46:37.889872+00:00,56.000144,21185,41,0202ab00023152c1005a5811460e29efbf1ffffffc2246cd1e00000fc0007ebfe9ed0737feebfff600,1,TX 41 seq=25064 rx_latency=1ms tx_dur=1ms,16.308,
2736,10,562,2868904498,2026-07-14T15:46:37.989870+00:00,56.100139,21285,41,0202ab0002325325005a5811460e29efbf1ffffffc2246cd1e00000fc0007ebfe9ed0737feebfff600,1,TX 41 seq=25065 rx_latency=1ms tx_dur=1ms,18.257,
2736,10,563,2868904499,2026-07-14T15:46:38.089833+00:00,56.200101,21385,41,0202ab0002335389005a5811460e29efbf1ffffffc2246cd1e00000fc0007ebfe9ed0737feebfff600,1,TX 41 seq=25066 rx_latency=1ms tx_dur=1ms,20.130,
2736,10,564,2868904500,2026-07-14T15:46:38.189867+00:00,56.300136,21485,41,0202ab00023453ed005a5811460e29efbf1ffffffc2246cd1e00000fc0007ebfe9ed0737feebfff600,1,TX 41 seq=25067 rx_latency=1ms tx_dur=1ms,22.466,
2736,10,565,2868904501,2026-07-14T15:46:38.289872+00:00,56.400145,21585,41,0202ab0002355451005a5811460e29efbf1ffffffc2246cd1e00000fc0007ebfe9ed0737feebfff600,1,TX 41 seq=25068 rx_latency=1ms tx_dur=1ms,14.848,
2736,10,566,2868904502,2026-07-14T15:46:38.389866+00:00,56.500134,21685,41,0202ab00023654b5005a5811460e29efbf1ffffffc2246cd1e00000fc0007ebfe9ed0737feebfff600,1,TX 41 seq=25069 rx_latency=1ms tx_dur=1ms,16.706,
2736,10,567,2868904503,2026-07-14T15:46:38.489870+00:00,56.600143,21785,41,0202ab0002375519005a5811460e29efbf1ffffffc2246cd1e00000fc0007ebfe9ed0737feebfff600,1,TX 41 seq=25070 rx_latency=1ms tx_dur=1ms,18.343,
2736,10,568,2868904504,2026-07-14T15:46:38.589874+00:00,56.700157,21885,41,0202ab000238557d005a5811460e29efbf1ffffffc2246cd1e00000fc0007ebfe9ed0737feebfff600,1,TX 41 seq=25071 rx_latency=1ms tx_dur=1ms,20.140,
2736,10,569,2868904505,2026-07-14T15:46:38.689863+00:00,56.800131,21985,41,0202ab00023955e1005a5811460e29efbf1ffffffc2246cd1e00000fc0007ebfe9ed0737feebfff600,1,TX 41 seq=25072 rx_latency=1ms tx_dur=1ms,22.208,
2736,10,570,2868904506,2026-07-14T15:46:38.789869+00:00,56.900139,22085,41,0202ab00023a5645005a5811460e29efbf1ffffffc2246cd1e00000fc0007ebfe9ed0737feebfff600,1,TX 41 seq=25073 rx_latency=1ms tx_dur=1ms,14.636,
2736,10,571,2868904507,2026-07-14T15:46:38.889869+00:00,57.000141,22185,41,0202ab00023b56a9005a5811460e29efbf1ffffffc2246cd1e00000fc0007ebfe9ed0737feebfff600,1,TX 41 seq=25074 rx_latency=1ms tx_dur=1ms,17.021,
2736,10,572,2868904508,2026-07-14T15:46:38.989866+00:00,57.100134,22285,41,0202ab00023c570d005a5811460e29efbf1ffffffc2246cd1e00000fc0007ebfe9ed0737feebfff600,1,TX 41 seq=25075 rx_latency=1ms tx_dur=1ms,18.996,
2736,10,573,2868904509,2026-07-14T15:46:39.089868+00:00,57.200140,22385,41,0202ab00023d5771005a5811460e29efbf1ffffffc2246cd1e00000fc0007ebfe9ed0737feebfff600,1,TX 41 seq=25076 rx_latency=1ms tx_dur=1ms,20.341,
2736,10,574,2868904510,2026-07-14T15:46:39.189868+00:00,57.300138,22485,41,0202ab00023e57d5005a5811460e29efbf1ffffffc2246cd1e00000fc0007ebfe9ed0737feebfff600,1,TX 41 seq=25077 rx_latency=1ms tx_dur=1ms,22.725,
2736,10,575,2868904511,2026-07-14T15:46:39.289868+00:00,57.400137,22585,41,0202ab00023f5839005a5811460e29efbf1ffffffc2246cd1e00000fc0007ebfe9ed0737feebfff600,1,TX 41 seq=25078 rx_latency=1ms tx_dur=1ms,14.564,
2736,10,576,2868904512,2026-07-14T15:46:39.389878+00:00,57.500170,22685,41,0202ab000240589d005a5811460e29efbf1ffffffc2246cd1e00000fc0007ebfe9ed0737feebfff600,1,TX 41 seq=25079 rx_latency=1ms tx_dur=1ms,15.927,
2736,10,577,2868904513,2026-07-14T15:46:39.489872+00:00,57.600148,22785,41,0202ab0002415901005a5811460e29efbf1ffffffc2246cd1e00000fc0007ebfe9ed0737feebfff600,1,TX 41 seq=25080 rx_latency=1ms tx_dur=1ms,18.365,
2736,10,578,2868904514,2026-07-14T15:46:39.589870+00:00,57.700153,22885,41,0202ab0002425965005a5811460e29efbf1ffffffc2246cd1e00000fc0007ebfe9ed0737feebfff600,1,TX 41 seq=25081 rx_latency=1ms tx_dur=1ms,20.608,
2736,10,579,2868904515,2026-07-14T15:46:39.689872+00:00,57.800151,22985,41,0202ab00024359c9005a5811460e29efbf1ffffffc2246cd1e00000fc0007ebfe9ed0737feebfff600,1,TX 41 seq=25082 rx_latency=1ms tx_dur=1ms,22.434,
2736,10,580,2868904516,2026-07-14T15:46:39.789864+00:00,57.900131,23085,41,0202ab0002445a2d005a5811460e29efbf1ffffffc2246cd1e00000fc0007ebfe9ed0737feebfff600,1,TX 41 seq=25083 rx_latency=1ms tx_dur=1ms,14.447,
2736,10,581,2868904517,2026-07-14T15:46:39.889868+00:00,58.000142,23185,41,0202ab0002455a91005a5811460e29efbf1ffffffc2246cd1e00000fc0007ebfe9ed0737feebfff600,1,TX 41 seq=25084 rx_latency=1ms tx_dur=1ms,16.861,
2736,10,582,2868904518,2026-07-14T15:46:39.989869+00:00,58.100139,23285,41,0202ab0002465af5005a5811460e29efbf1ffffffc2246cd1e00000fc0007ebfe9ed0737feebfff600,1,TX 41 seq=25085 rx_latency=1ms tx_dur=1ms,18.127,
2736,10,583,2868904519,2026-07-14T15:46:40.089864+00:00,58.200133,23385,41,0202ab0002475b59005a5811460e29efbf1ffffffc2246cd1e00000fc0007ebfe9ed0737feebfff600,1,TX 41 seq=25086 rx_latency=1ms tx_dur=1ms,20.038,
2736,10,584,2868904520,2026-07-14T15:46:40.189868+00:00,58.300139,23485,41,0202ab0002485bbd005a5811460e29efbf1ffffffc2246cd1e00000fc0007ebfe9ed0737feebfff600,1,TX 41 seq=25087 rx_latency=1ms tx_dur=1ms,22.456,
2736,10,585,2868904521,2026-07-14T15:46:40.289869+00:00,58.400138,23585,41,0202ab0002495c21005a5811460e29efbf1ffffffc2246cd1e00000fc0007ebfe9ed0737feebfff600,1,TX 41 seq=25088 rx_latency=1ms tx_dur=1ms,14.918,
2736,10,586,2868904522,2026-07-14T15:46:40.389863+00:00,58.500131,23685,41,0202ab00024a5c85005a5811460e29efbf1ffffffc2246cd1e00000fc0007ebfe9ed0737feebfff600,1,TX 41 seq=25089 rx_latency=1ms tx_dur=1ms,16.727,
2736,10,587,2868904523,2026-07-14T15:46:40.489868+00:00,58.600140,23785,41,0202ab00024b5ce9005a5811460e29efbf1ffffffc2246cd1e00000fc0007ebfe9ed0737feebfff600,1,TX 41 seq=25090 rx_latency=1ms tx_dur=1ms,18.067,
2736,10,588,2868904524,2026-07-14T15:46:40.589874+00:00,58.700158,23885,41,0202ab00024c5d4d005a5811460e29efbf1ffffffc2246cd1e00000fc0007ebfe9ed0737feebfff600,1,TX 41 seq=25091 rx_latency=1ms tx_dur=1ms,20.375,
2736,10,589,2868904525,2026-07-14T15:46:40.689864+00:00,58.800132,23985,41,0202ab00024d5db1005a5811460e29efbf1ffffffc2246cd1e00000fc0007ebfe9ed0737feebfff600,1,TX 41 seq=25092 rx_latency=1ms tx_dur=1ms,22.313,
2736,10,590,2868904526,2026-07-14T15:46:40.789878+00:00,58.900164,24085,41,0202ab00024e5e15005a5811460e29efbf1ffffffc2246cd1e00000fc0007ebfe9ed0737feebfff600,1,TX 41 seq=25093 rx_latency=1ms tx_dur=1ms,14.709,
2736,10,591,2868904527,2026-07-14T15:46:40.889865+00:00,59.000136,24185,41,0202ab00024f5e79005a5811460e29efbf1ffffffc2246cd1e00000fc0007ebfe9ed0737feebfff600,1,TX 41 seq=25094 rx_latency=1ms tx_dur=1ms,16.020,
2736,10,592,2868904528,2026-07-14T15:46:40.989870+00:00,59.100145,24285,41,0202ab0002505edd005a5811460e29efbf1ffffffc2246cd1e00000fc0007ebfe9ed0737feebfff600,1,TX 41 seq=25095 rx_latency=1ms tx_dur=1ms,18.968,
2736,10,593,2868904529,2026-07-14T15:46:41.089871+00:00,59.200143,24385,41,0202ab0002515f41005a5811460e29efbf1ffffffc2246cd1e00000fc0007ebfe9ed0737feebfff600,1,TX 41 seq=25096 rx_latency=1ms tx_dur=1ms,20.363,
2736,10,594,2868904530,2026-07-14T15:46:41.189801+00:00,59.300070,24485,41,0202ab0002525fa5005a5811460e29efbf1ffffffc2246cd1e00000fc0007ebfe9ed0737feebfff600,1,TX 41 seq=25097 rx_latency=1ms tx_dur=1ms,23.051,
2736,10,595,2868904531,2026-07-14T15:46:41.289870+00:00,59.400143,24585,41,0202ab0002536009005a5811460e29efbf1ffffffc2246cd1e00000fc0007ebfe9ed0737feebfff600,1,TX 41 seq=25098 rx_latency=1ms tx_dur=1ms,14.029,
2736,10,596,2868904532,2026-07-14T15:46:41.389863+00:00,59.500133,24685,41,0202ab000254606d005a5811460e29efbf1ffffffc2246cd1e00000fc0007ebfe9ed0737feebfff600,1,TX 41 seq=25099 rx_latency=1ms tx_dur=1ms,17.071,
2736,10,597,2868904533,2026-07-14T15:46:41.489872+00:00,59.600145,24785,41,0202ab00025560d1005a5811460e29efbf1ffffffc2246cd1e00000fc0007ebfe9ed0737feebfff600,1,TX 41 seq=25100 rx_latency=1ms tx_dur=1ms,18.904,
2736,10,598,2868904534,2026-07-14T15:46:41.589865+00:00,59.700135,24885,41,0202ab0002566135005a5811460e29efbf1ffffffc2246cd1e00000fc0007ebfe9ed0737feebfff600,1,TX 41 seq=25101 rx_latency=1ms tx_dur=1ms,20.132,
2736,10,599,2868904535,2026-07-14T15:46:41.689870+00:00,59.800141,24985,41,0202ab0002576199005a5811460e29efbf1ffffffc2246cd1e00000fc0007ebfe9ed0737feebfff600,1,TX 41 seq=25102 rx_latency=1ms tx_dur=1ms,22.577,
2736,10,600,2868904536,2026-07-14T15:46:41.789873+00:00,59.900158,25085,41,0202ab00025861fd005a5811460e29efbf1ffffffc2246cd1e00000fc0007ebfe9ed0737feebfff600,1,TX 41 seq=25103 rx_latency=1ms tx_dur=1ms,14.297,
2736,10,601,2868904537,2026-07-14T15:46:41.889871+00:00,60.000151,25185,41,0202ab0002596261005a5811460e29efbf1ffffffc2246cd1e00000fc0007ebfe9ed0737feebfff600,1,TX 41 seq=25104 rx_latency=1ms tx_dur=1ms,16.036,
2736,10,602,2868904538,2026-07-14T15:46:41.989873+00:00,60.100151,25285,41,0202ab00025a62c5005a5811460e29efbf1ffffffc2246cd1e00000fc0007ebfe9ed0737feebfff600,1,TX 41 seq=25105 rx_latency=1ms tx_dur=1ms,18.110,
2736,10,603,2868904539,2026-07-14T15:46:42.089863+00:00,60.200131,25385,41,0202ab00025b6329005a5811460e29efbf1ffffffc2246cd1e00000fc0007ebfe9ed0737feebfff600,1,TX 41 seq=25106 rx_latency=1ms tx_dur=1ms,20.734,
2736,10,604,2868904540,2026-07-14T15:46:42.189872+00:00,60.300147,25485,41,0202ab00025c638d005a5811460e29efbf1ffffffc2246cd1e00000fc0007ebfe9ed0737feebfff600,1,TX 41 seq=25107 rx_latency=1ms tx_dur=1ms,22.861,
2736,10,605,2868904541,2026-07-14T15:46:42.289850+00:00,60.400120,25585,41,0202ab00025d63f1005a5811460e29efbf1ffffffc2246cd1e00000fc0007ebfe9ed0737feebfff600,1,TX 41 seq=25108 rx_latency=1ms tx_dur=1ms,14.866,
2736,10,606,2868904542,2026-07-14T15:46:42.389870+00:00,60.500145,25685,41,0202ab00025e6455005a5811460e29efbf1ffffffc2246cd1e00000fc0007ebfe9ed0737feebfff600,1,TX 41 seq=25109 rx_latency=1ms tx_dur=1ms,16.685,
2736,10,607,2868904543,2026-07-14T15:46:42.489871+00:00,60.600145,25785,41,0202ab00025f64b9005a5811460e29efbf1ffffffc2246cd1e00000fc0007ebfe9ed0737feebfff600,1,TX 41 seq=25110 rx_latency=1ms tx_dur=1ms,18.053,
2736,10,608,2868904544,2026-07-14T15:46:42.589872+00:00,60.700147,25885,41,0202ab000260651d005a5811460e29efbf1ffffffc2246cd1e00000fc0007ebfe9ed0737feebfff600,1,TX 41 seq=25111 rx_latency=1ms tx_dur=1ms,20.441,
2736,10,609,2868904545,2026-07-14T15:46:42.689869+00:00,60.800145,25985,41,0202ab0002616581005a5811460e29efbf1ffffffc2246cd1e00000fc0007ebfe9ed0737feebfff600,1,TX 41 seq=25112 rx_latency=1ms tx_dur=1ms,22.213,
2736,10,610,2868904546,2026-07-14T15:46:42.789871+00:00,60.900144,26085,41,0202ab00026265e5005a5811460e29efbf1ffffffc2246cd1e00000fc0007ebfe9ed0737feebfff600,1,TX 41 seq=25113 rx_latency=1ms tx_dur=1ms,14.765,
2736,10,611,2868904547,2026-07-14T15:46:42.889865+00:00,61.000137,26185,41,0202ab0002636649005a5811460e29efbf1ffffffc2246cd1e00000fc0007ebfe9ed0737feebfff600,1,TX 41 seq=25114 rx_latency=1ms tx_dur=1ms,16.053,
2736,10,612,2868904548,2026-07-14T15:46:42.989864+00:00,61.100130,26285,41,0202ab00026466ad005a5811460e29efbf1ffffffc2246cd1e00000fc0007ebfe9ed0737feebfff600,1,TX 41 seq=25115 rx_latency=1ms tx_dur=1ms,19.011,
2736,10,613,2868904549,2026-07-14T15:46:43.089870+00:00,61.200140,26385,41,0202ab0002656711005a5811460e29efbf1ffffffc2246cd1e00000fc0007ebfe9ed0737feebfff600,1,TX 41 seq=25116 rx_latency=1ms tx_dur=1ms,20.271,
2736,10,614,2868904550,2026-07-14T15:46:43.189865+00:00,61.300133,26485,41,0202ab0002666775005a5811460e29efbf1ffffffc2246cd1e00000fc0007ebfe9ed0737feebfff600,1,TX 41 seq=25117 rx_latency=1ms tx_dur=1ms,22.624,
2736,10,615,2868904551,2026-07-14T15:46:43.289868+00:00,61.400139,26585,41,0202ab00026767d9005a5811460e29efbf1ffffffc2246cd1e00000fc0007ebfe9ed0737feebfff600,1,TX 41 seq=25118 rx_latency=1ms tx_dur=1ms,14.412,
2736,10,616,2868904552,2026-07-14T15:46:43.389868+00:00,61.500137,26685,41,0202ab000268683d005a5811460e29efbf1ffffffc2246cd1e00000fc0007ebfe9ed0737feebfff600,1,TX 41 seq=25119 rx_latency=1ms tx_dur=1ms,16.231,
2736,10,617,2868904553,2026-07-14T15:46:43.489873+00:00,61.600157,26785,41,0202ab00026968a1005a5811460e29efbf1ffffffc2246cd1e00000fc0007ebfe9ed0737feebfff600,1,TX 41 seq=25120 rx_latency=1ms tx_dur=1ms,17.955,
2736,10,618,2868904554,2026-07-14T15:46:43.589871+00:00,61.700146,26885,41,0202ab00026a6905005a5811460e29efbf1ffffffc2246cd1e00000fc0007ebfe9ed0737feebfff600,1,TX 41 seq=25121 rx_latency=1ms tx_dur=1ms,20.485,
2736,10,619,2868904555,2026-07-14T15:46:43.689885+00:00,61.800183,26985,41,0202ab00026b6969005a5811460e29efbf1ffffffc2246cd1e00000fc0007ebfe9ed0737feebfff600,1,TX 41 seq=25122 rx_latency=1ms tx_dur=1ms,22.043,
2736,10,620,2868904556,2026-07-14T15:46:43.789867+00:00,61.900140,27085,41,0202ab00026c69cd005a5811460e29efbf1ffffffc2246cd1e00000fc0007ebfe9ed0737feebfff600,1,TX 41 seq=25123 rx_latency=1ms tx_dur=1ms,13.992,
2736,10,621,2868904557,2026-07-14T15:46:43.889872+00:00,62.000153,27185,41,0202ab00026d6a31005a5811460e29efbf1ffffffc2246cd1e00000fc0007ebfe9ed0737feebfff600,1,TX 41 seq=25124 rx_latency=1ms tx_dur=1ms,15.886,
2736,10,622,2868904558,2026-07-14T15:46:43.989863+00:00,62.100133,27285,41,0202ab00026e6a95005a5811460e29efbf1ffffffc2246cd1e00000fc0007ebfe9ed0737feebfff600,1,TX 41 seq=25125 rx_latency=1ms tx_dur=1ms,18.874,
2736,10,623,2868904559,2026-07-14T15:46:44.089870+00:00,62.200141,27385,41,0202ab00026f6af9005a5811460e29efbf1ffffffc2246cd1e00000fc0007ebfe9ed0737feebfff600,1,TX 41 seq=25126 rx_latency=1ms tx_dur=1ms,20.231,
2736,10,624,2868904560,2026-07-14T15:46:44.189870+00:00,62.300145,27485,41,0202ab0002706b5d005a5811460e29efbf1ffffffc2246cd1e00000fc0007ebfe9ed0737feebfff600,1,TX 41 seq=25127 rx_latency=1ms tx_dur=1ms,22.590,
2736,10,625,2868904561,2026-07-14T15:46:44.289864+00:00,62.400131,27585,41,0202ab0002716bc1005a5811460e29efbf1ffffffc2246cd1e00000fc0007ebfe9ed0737feebfff600,1,TX 41 seq=25128 rx_latency=1ms tx_dur=1ms,14.519,
2736,10,626,2868904562,2026-07-14T15:46:44.389870+00:00,62.500139,27685,41,0202ab0002726c25005a5811460e29efbf1ffffffc2246cd1e00000fc0007ebfe9ed0737feebfff600,1,TX 41 seq=25129 rx_latency=1ms tx_dur=1ms,16.956,
2736,10,627,2868904563,2026-07-14T15:46:44.489869+00:00,62.600142,27785,41,0202ab0002736c89005a5811460e29efbf1ffffffc2246cd1e00000fc0007ebfe9ed0737feebfff600,1,TX 41 seq=25130 rx_latency=1ms tx_dur=1ms,18.209,
2736,10,628,2868904564,2026-07-14T15:46:44.589864+00:00,62.700132,27885,41,0202ab0002746ced005a5811460e29efbf1ffffffc2246cd1e00000fc0007ebfe9ed0737feebfff600,1,TX 41 seq=25131 rx_latency=1ms tx_dur=1ms,20.058,
2736,10,629,2868904565,2026-07-14T15:46:44.689872+00:00,62.800147,27985,41,0202ab0002756d51005a5811460e29efbf1ffffffc2246cd1e00000fc0007ebfe9ed0737feebfff600,1,TX 41 seq=25132 rx_latency=1ms tx_dur=1ms,22.522,
2736,10,630,2868904566,2026-07-14T15:46:44.789856+00:00,62.900134,28085,41,0202ab0002766db5005a5811460e29efbf1ffffffc2246cd1e00000fc0007ebfe9ed0737feebfff600,1,TX 41 seq=25133 rx_latency=1ms tx_dur=1ms,14.912,
2736,10,631,2868904567,2026-07-14T15:46:44.889870+00:00,63.000150,28185,41,0202ab0002776e19005a5811460e29efbf1ffffffc2246cd1e00000fc0007ebfe9ed0737feebfff600,1,TX 41 seq=25134 rx_latency=1ms tx_dur=1ms,16.753,
2736,10,632,2868904568,2026-07-14T15:46:44.989872+00:00,63.100147,28285,41,0202ab0002786e7d005a5811460e29efbf1ffffffc2246cd1e00000fc0007ebfe9ed0737feebfff600,1,TX 41 seq=25135 rx_latency=1ms tx_dur=1ms,18.125,
2736,10,633,2868904569,2026-07-14T15:46:45.089807+00:00,63.200080,28385,41,0202ab0002796ee1005a5811460e29efbf1ffffffc2246cd1e00000fc0007ebfe9ed0737feebfff600,1,TX 41 seq=25136 rx_latency=1ms tx_dur=1ms,20.678,
2736,10,634,2868904570,2026-07-14T15:46:45.189870+00:00,63.300141,28485,41,0202ab00027a6f45005a5811460e29efbf1ffffffc2246cd1e00000fc0007ebfe9ed0737feebfff600,1,TX 41 seq=25137 rx_latency=1ms tx_dur=1ms,22.775,
2736,10,635,2868904571,2026-07-14T15:46:45.289872+00:00,63.400142,28585,41,0202ab00027b6fa9005a5811460e29efbf1ffffffc2246cd1e00000fc0007ebfe9ed0737feebfff600,1,TX 41 seq=25138 rx_latency=1ms tx_dur=1ms,14.772,
2736,10,636,2868904572,2026-07-14T15:46:45.389866+00:00,63.500135,28685,41,0202ab00027c700d005a5811460e29efbf1ffffffc2246cd1e00000fc0007ebfe9ed0737feebfff600,1,TX 41 seq=25139 rx_latency=1ms tx_dur=1ms,16.738,
2736,10,637,2868904573,2026-07-14T15:46:45.489871+00:00,63.600146,28785,41,0202ab00027d7071005a5811460e29efbf1ffffffc2246cd1e00000fc0007ebfe9ed0737feebfff600,1,TX 41 seq=25140 rx_latency=1ms tx_dur=1ms,18.066,
2736,10,638,2868904574,2026-07-14T15:46:45.589868+00:00,63.700141,28885,41,0202ab00027e70d5005a5811460e29efbf1ffffffc2246cd1e00000fc0007ebfe9ed0737feebfff600,1,TX 41 seq=25141 rx_latency=1ms tx_dur=1ms,20.445,
2736,10,639,2868904575,2026-07-14T15:46:45.689862+00:00,63.800129,28985,41,0202ab00027f7139005a5811460e29efbf1ffffffc2246cd1e00000fc0007ebfe9ed0737feebfff600,1,TX 41 seq=25142 rx_latency=1ms tx_dur=1ms,22.283,
2736,10,640,2868904576,2026-07-14T15:46:45.789871+00:00,63.900143,29085,41,0202ab000280719d005a5811460e29efbf1ffffffc2246cd1e00000fc0007ebfe9ed0737feebfff600,1,TX 41 seq=25143 rx_latency=1ms tx_dur=1ms,14.771,
2736,10,641,2868904577,2026-07-14T15:46:45.889869+00:00,64.000152,29185,41,0202ab0002817201005a5811460e29efbf1ffffffc2246cd1e00000fc0007ebfe9ed0737feebfff600,1,TX 41 seq=25144 rx_latency=1ms tx_dur=1ms,16.254,
2736,10,642,2868904578,2026-07-14T15:46:45.989871+00:00,64.100144,29285,41,0202ab0002827265005a5811460e29efbf1ffffffc2246cd1e00000fc0007ebfe9ed0737feebfff600,1,TX 41 seq=25145 rx_latency=1ms tx_dur=1ms,18.428,
2736,10,643,2868904579,2026-07-14T15:46:46.089870+00:00,64.200141,29385,41,0202ab00028372c9005a5811460e29efbf1ffffffc2246cd1e00000fc0007ebfe9ed0737feebfff600,1,TX 41 seq=25146 rx_latency=1ms tx_dur=1ms,20.368,
2736,10,644,2868904580,2026-07-14T15:46:46.189863+00:00,64.300130,29485,41,0202ab000284732d005a5811460e29efbf1ffffffc2246cd1e00000fc0007ebfe9ed0737feebfff600,1,TX 41 seq=25147 rx_latency=1ms tx_dur=1ms,22.220,
2736,10,645,2868904581,2026-07-14T15:46:46.289870+00:00,64.400140,29585,41,0202ab0002857391005a5811460e29efbf1ffffffc2246cd1e00000fc0007ebfe9ed0737feebfff600,1,TX 41 seq=25148 rx_latency=1ms tx_dur=1ms,14.732,
2736,10,646,2868904582,2026-07-14T15:46:46.389869+00:00,64.500141,29685,41,0202ab00028673f5005a5811460e29efbf1ffffffc2246cd1e00000fc0007ebfe9ed0737feebfff600,1,TX 41 seq=25149 rx_latency=1ms tx_dur=1ms,15.981,
2736,10,647,2868904583,2026-07-14T15:46:46.489864+00:00,64.600134,29785,41,0202ab0002877459005a5811460e29efbf1ffffffc2246cd1e00000fc0007ebfe9ed0737feebfff600,1,TX 41 seq=25150 rx_latency=1ms tx_dur=1ms,18.930,
2736,10,648,2868904584,2026-07-14T15:46:46.589869+00:00,64.700141,29885,41,0202ab00028874bd005a5811460e29efbf1ffffffc2246cd1e00000fc0007ebfe9ed0737feebfff600,1,TX 41 seq=25151 rx_latency=1ms tx_dur=1ms,20.292,
2736,10,649,2868904585,2026-07-14T15:46:46.689869+00:00,64.800139,29985,41,0202ab0002897521005a5811460e29efbf1ffffffc2246cd1e00000fc0007ebfe9ed0737feebfff600,1,TX 41 seq=25152 rx_latency=1ms tx_dur=1ms,22.677,
2736,10,650,2868904586,2026-07-14T15:46:46.789818+00:00,64.900085,30085,41,0202ab00028a7585005a5811460e29efbf1ffffffc2246cd1e00000fc0007ebfe9ed0737feebfff600,1,TX 41 seq=25153 rx_latency=1ms tx_dur=1ms,14.645,
2736,10,651,2868904587,2026-07-14T15:46:46.889870+00:00,65.000139,30185,41,0202ab00028b75e9005a5811460e29efbf1ffffffc2246cd1e00000fc0007ebfe9ed0737feebfff600,1,TX 41 seq=25154 rx_latency=1ms tx_dur=1ms,17.024,
2736,10,652,2868904588,2026-07-14T15:46:46.989869+00:00,65.100138,30285,41,0202ab00028c764d005a5811460e29efbf1ffffffc2246cd1e00000fc0007ebfe9ed0737feebfff600,1,TX 41 seq=25155 rx_latency=1ms tx_dur=1ms,18.523,
2736,10,653,2868904589,2026-07-14T15:46:47.089870+00:00,65.200142,30385,41,0202ab00028d76b1005a5811460e29efbf1ffffffc2246cd1e00000fc0007ebfe9ed0737feebfff600,1,TX 41 seq=25156 rx_latency=1ms tx_dur=1ms,20.691,
2736,10,654,2868904590,2026-07-14T15:46:47.189869+00:00,65.300147,30485,41,0202ab00028e7715005a5811460e29efbf1ffffffc2246cd1e00000fc0007ebfe9ed0737feebfff600,1,TX 41 seq=25157 rx_latency=1ms tx_dur=1ms,22.510,
2736,10,655,2868904591,2026-07-14T15:46:47.289871+00:00,65.400142,30585,41,0202ab00028f7779005a5811460e29efbf1ffffffc2246cd1e00000fc0007ebfe9ed0737feebfff600,1,TX 41 seq=25158 rx_latency=1ms tx_dur=1ms,14.482,
2736,10,656,2868904592,2026-07-14T15:46:47.389871+00:00,65.500141,30685,41,0202ab00029077dd005a5811460e29efbf1ffffffc2246cd1e00000fc0007ebfe9ed0737feebfff600,1,TX 41 seq=25159 rx_latency=1ms tx_dur=1ms,16.965,
2736,10,657,2868904593,2026-07-14T15:46:47.489868+00:00,65.600137,30785,41,0202ab0002917841005a5811460e29efbf1ffffffc2246cd1e00000fc0007ebfe9ed0737feebfff600,1,TX 41 seq=25160 rx_latency=1ms tx_dur=1ms,18.319,
2736,10,658,2868904594,2026-07-14T15:46:47.589874+00:00,65.700157,30885,41,0202ab00029278a5005a5811460e29efbf1ffffffc2246cd1e00000fc0007ebfe9ed0737feebfff600,1,TX 41 seq=25161 rx_latency=1ms tx_dur=1ms,19.981,
2736,10,659,2868904595,2026-07-14T15:46:47.689879+00:00,65.800163,30985,41,0202ab0002937909005a5811460e29efbf1ffffffc2246cd1e00000fc0007ebfe9ed0737feebfff600,1,TX 41 seq=25162 rx_latency=1ms tx_dur=1ms,22.473,
2736,10,660,2868904596,2026-07-14T15:46:47.789864+00:00,65.900134,31085,41,0202ab000294796d005a5811460e29efbf1ffffffc2246cd1e00000fc0007ebfe9ed0737feebfff600,1,TX 41 seq=25163 rx_latency=1ms tx_dur=1ms,14.942,
2736,10,661,2868904597,2026-07-14T15:46:47.889871+00:00,66.000143,31185,41,0202ab00029579d1005a5811460e29efbf1ffffffc2246cd1e00000fc0007ebfe9ed0737feebfff600,1,TX 41 seq=25164 rx_latency=1ms tx_dur=1ms,16.766,
2736,10,662,2868904598,2026-07-14T15:46:47.989870+00:00,66.100142,31285,41,0202ab0002967a35005a5811460e29efbf1ffffffc2246cd1e00000fc0007ebfe9ed0737feebfff600,1,TX 41 seq=25165 rx_latency=1ms tx_dur=1ms,18.039,
2736,10,663,2868904599,2026-07-14T15:46:48.089865+00:00,66.200134,31385,41,0202ab0002977a99005a5811460e29efbf1ffffffc2246cd1e00000fc0007ebfe9ed0737feebfff600,1,TX 41 seq=25166 rx_latency=1ms tx_dur=1ms,20.430,
2736,10,664,2868904600,2026-07-14T15:46:48.189877+00:00,66.300166,31485,41,0202ab0002987afd005a5811460e29efbf1ffffffc2246cd1e00000fc0007ebfe9ed0737feebfff600,1,TX 41 seq=25167 rx_latency=1ms tx_dur=1ms,22.088,
2736,10,665,2868904601,2026-07-14T15:46:48.289865+00:00,66.400136,31585,41,0202ab0002997b61005a5811460e29efbf1ffffffc2246cd1e00000fc0007ebfe9ed0737feebfff600,1,TX 41 seq=25168 rx_latency=1ms tx_dur=1ms,15.046,
2736,10,666,2868904602,2026-07-14T15:46:48.389871+00:00,66.500143,31685,41,0202ab00029a7bc5005a5811460e29efbf1ffffffc2246cd1e00000fc0007ebfe9ed0737feebfff600,1,TX 41 seq=25169 rx_latency=1ms tx_dur=1ms,16.997,
2736,10,667,2868904603,2026-07-14T15:46:48.489864+00:00,66.600129,31785,41,0202ab00029b7c29005a5811460e29efbf1ffffffc2246cd1e00000fc0007ebfe9ed0737feebfff600,1,TX 41 seq=25170 rx_latency=1ms tx_dur=1ms,18.851,
2736,10,668,2868904604,2026-07-14T15:46:48.589870+00:00,66.700143,31885,41,0202ab00029c7c8d005a5811460e29efbf1ffffffc2246cd1e00000fc0007ebfe9ed0737feebfff600,1,TX 41 seq=25171 rx_latency=1ms tx_dur=1ms,20.182,
2736,10,669,2868904605,2026-07-14T15:46:48.689878+00:00,66.800161,31985,41,0202ab00029d7cf1005a5811460e29efbf1ffffffc2246cd1e00000fc0007ebfe9ed0737feebfff600,1,TX 41 seq=25172 rx_latency=1ms tx_dur=1ms,22.492,
2736,10,670,2868904606,2026-07-14T15:46:48.789870+00:00,66.900152,32085,41,0202ab00029e7d55005a5811460e29efbf1ffffffc2246cd1e00000fc0007ebfe9ed0737feebfff600,1,TX 41 seq=25173 rx_latency=1ms tx_dur=1ms,14.964,
2736,10,671,2868904607,2026-07-14T15:46:48.889871+00:00,67.000145,32185,41,0202ab00029f7db9005a5811460e29efbf1ffffffc2246cd1e00000fc0007ebfe9ed0737feebfff600,1,TX 41 seq=25174 rx_latency=1ms tx_dur=1ms,16.709,
2736,10,672,2868904608,2026-07-14T15:46:48.989872+00:00,67.100152,32285,41,0202ab0002a07e1d005a5811460e29efbf1ffffffc2246cd1e00000fc0007ebfe9ed0737feebfff600,1,TX 41 seq=25175 rx_latency=1ms tx_dur=1ms,18.385,
2736,10,673,2868904609,2026-07-14T15:46:49.089832+00:00,67.200108,32385,41,0202ab0002a17e81005a5811460e29efbf1ffffffc2246cd1e00000fc0007ebfe9ed0737feebfff600,1,TX 41 seq=25176 rx_latency=1ms tx_dur=1ms,20.426,
2736,10,674,2868904610,2026-07-14T15:46:49.189874+00:00,67.300156,32485,41,0202ab0002a27ee5005a5811460e29efbf1ffffffc2246cd1e00000fc0007ebfe9ed0737feebfff600,1,TX 41 seq=25177 rx_latency=1ms tx_dur=1ms,22.161,
2736,10,675,2868904611,2026-07-14T15:46:49.289880+00:00,67.400168,32585,41,0202ab0002a37f49005a5811460e29efbf1ffffffc2246cd1e00000fc0007ebfe9ed0737feebfff600,1,TX 41 seq=25178 rx_latency=1ms tx_dur=1ms,14.657,
2736,10,676,2868904612,2026-07-14T15:46:49.389870+00:00,67.500144,32685,41,0202ab0002a47fad005a5811460e29efbf1ffffffc2246cd1e00000fc0007ebfe9ed0737feebfff600,1,TX 41 seq=25179 rx_latency=1ms tx_dur=1ms,15.977,
2736,10,677,2868904613,2026-07-14T15:46:49.489863+00:00,67.600130,32785,41,0202ab0002a58011005a5811460e29efbf1ffffffc2246cd1e00000fc0007ebfe9ed0737feebfff600,1,TX 41 seq=25180 rx_latency=1ms tx_dur=1ms,18.962,
2736,10,678,2868904614,2026-07-14T15:46:49.589871+00:00,67.700145,32885,41,0202ab0002a68075005a5811460e29efbf1ffffffc2246cd1e00000fc0007ebfe9ed0737feebfff600,1,TX 41 seq=25181 rx_latency=1ms tx_dur=1ms,20.299,
2736,10,679,2868904615,2026-07-14T15:46:49.689890+00:00,67.800192,32985,41,0202ab0002a780d9005a5811460e29efbf1ffffffc2246cd1e00000fc0007ebfe9ed0737feebfff600,1,TX 41 seq=25182 rx_latency=1ms tx_dur=1ms,22.556,
2736,10,680,2868904616,2026-07-14T15:46:49.789835+00:00,67.900120,33085,41,0202ab0002a8813d005a5811460e29efbf1ffffffc2246cd1e00000fc0007ebfe9ed0737feebfff600,1,TX 41 seq=25183 rx_latency=1ms tx_dur=1ms,14.576,
2736,10,681,2868904617,2026-07-14T15:46:49.889871+00:00,68.000148,33185,41,0202ab0002a981a1005a5811460e29efbf1ffffffc2246cd1e00000fc0007ebfe9ed0737feebfff600,1,TX 41 seq=25184 rx_latency=1ms tx_dur=1ms,16.996,
2736,10,682,2868904618,2026-07-14T15:46:49.989871+00:00,68.100145,33285,41,0202ab0002aa8205005a5811460e29efbf1ffffffc2246cd1e00000fc0007ebfe9ed0737feebfff600,1,TX 41 seq=25185 rx_latency=1ms tx_dur=1ms,18.377,
2736,10,683,2868904619,2026-07-14T15:46:50.089869+00:00,68.200141,33385,41,0202ab0002ab8269005a5811460e29efbf1ffffffc2246cd1e00000fc0007ebfe9ed0737feebfff600,1,TX 41 seq=25186 rx_latency=1ms tx_dur=1ms,20.541,
2736,10,684,2868904620,2026-07-14T15:46:50.189871+00:00,68.300143,33485,41,0202ab0002ac82cd005a5811460e29efbf1ffffffc2246cd1e00000fc0007ebfe9ed0737feebfff600,1,TX 41 seq=25187 rx_latency=1ms tx_dur=1ms,22.519,
2736,10,685,2868904621,2026-07-14T15:46:50.289865+00:00,68.400137,33585,41,0202ab0002ad8331005a5811460e29efbf1ffffffc2246cd1e00000fc0007ebfe9ed0737feebfff600,1,TX 41 seq=25188 rx_latency=1ms tx_dur=1ms,14.404,
2736,10,686,2868904622,2026-07-14T15:46:50.389878+00:00,68.500165,33685,41,0202ab0002ae8395005a5811460e29efbf1ffffffc2246cd1e00000fc0007ebfe9ed0737feebfff600,1,TX 41 seq=25189 rx_latency=1ms tx_dur=1ms,16.790,
2736,10,687,2868904623,2026-07-14T15:46:50.489870+00:00,68.600144,33785,41,0202ab0002af83f9005a5811460e29efbf1ffffffc2246cd1e00000fc0007ebfe9ed0737feebfff600,1,TX 41 seq=25190 rx_latency=1ms tx_dur=1ms,18.097,
2736,10,688,2868904624,2026-07-14T15:46:50.589865+00:00,68.700136,33885,41,0202ab0002b0845d005a5811460e29efbf1ffffffc2246cd1e00000fc0007ebfe9ed0737feebfff600,1,TX 41 seq=25191 rx_latency=1ms tx_dur=1ms,21.039,
2736,10,689,2868904625,2026-07-14T15:46:50.689871+00:00,68.800145,33985,41,0202ab0002b184c1005a5811460e29efbf1ffffffc2246cd1e00000fc0007ebfe9ed0737feebfff600,1,TX 41 seq=25192 rx_latency=1ms tx_dur=1ms,22.408,
2736,10,690,2868904626,2026-07-14T15:46:50.789868+00:00,68.900139,34085,41,0202ab0002b28525005a5811460e29efbf1ffffffc2246cd1e00000fc0007ebfe9ed0737feebfff600,1,TX 41 seq=25193 rx_latency=1ms tx_dur=1ms,14.828,
2736,10,691,2868904627,2026-07-14T15:46:50.889869+00:00,69.000141,34185,41,0202ab0002b38589005a5811460e29efbf1ffffffc2246cd1e00000fc0007ebfe9ed0737feebfff600,1,TX 41 seq=25194 rx_latency=1ms tx_dur=1ms,16.770,
2736,10,692,2868904628,2026-07-14T15:46:50.989868+00:00,69.100137,34285,41,0202ab0002b485ed005a5811460e29efbf1ffffffc2246cd1e00000fc0007ebfe9ed0737feebfff600,1,TX 41 seq=25195 rx_latency=1ms tx_dur=1ms,18.061,
2736,10,693,2868904629,2026-07-14T15:46:51.089869+00:00,69.200139,34385,41,0202ab0002b58651005a5811460e29efbf1ffffffc2246cd1e00000fc0007ebfe9ed0737feebfff600,1,TX 41 seq=25196 rx_latency=1ms tx_dur=1ms,20.456,
2736,10,694,2868904630,2026-07-14T15:46:51.189862+00:00,69.300131,34485,41,0202ab0002b686b5005a5811460e29efbf1ffffffc2246cd1e00000fc0007ebfe9ed0737feebfff600,1,TX 41 seq=25197 rx_latency=1ms tx_dur=1ms,22.185,
2736,10,695,2868904631,2026-07-14T15:46:51.289868+00:00,69.400136,34585,41,0202ab0002b78719005a5811460e29efbf1ffffffc2246cd1e00000fc0007ebfe9ed0737feebfff600,1,TX 41 seq=25198 rx_latency=1ms tx_dur=1ms,13.953,
2736,10,696,2868904632,2026-07-14T15:46:51.389818+00:00,69.500090,34685,41,0202ab0002b8877d005a5811460e29efbf1ffffffc2246cd1e00000fc0007ebfe9ed0737feebfff600,1,TX 41 seq=25199 rx_latency=1ms tx_dur=1ms,16.031,
2736,10,697,2868904633,2026-07-14T15:46:51.489871+00:00,69.600147,34785,41,0202ab0002b987e1005a5811460e29efbf1ffffffc2246cd1e00000fc0007ebfe9ed0737feebfff600,1,TX 41 seq=25200 rx_latency=1ms tx_dur=1ms,18.243,
2736,10,698,2868904634,2026-07-14T15:46:51.589874+00:00,69.700155,34885,41,0202ab0002ba8845005a5811460e29efbf1ffffffc2246cd1e00000fc0007ebfe9ed0737feebfff600,1,TX 41 seq=25201 rx_latency=1ms tx_dur=1ms,19.983,
2736,10,699,2868904635,2026-07-14T15:46:51.689866+00:00,69.800141,34985,41,0202ab0002bb88a9005a5811460e29efbf1ffffffc2246cd1e00000fc0007ebfe9ed0737feebfff600,1,TX 41 seq=25202 rx_latency=1ms tx_dur=1ms,22.789,
2736,10,700,2868904636,2026-07-14T15:46:51.789818+00:00,69.900092,35085,41,0202ab0002bc890d005a5811460e29efbf1ffffffc2246cd1e00000fc0007ebfe9ed0737feebfff600,1,TX 41 seq=25203 rx_latency=1ms tx_dur=1ms,14.912,
2736,10,701,2868904637,2026-07-14T15:46:51.889874+00:00,70.000160,35185,41,0202ab0002bd8971005a5811460e29efbf1ffffffc2246cd1e00000fc0007ebfe9ed0737feebfff600,1,TX 41 seq=25204 rx_latency=1ms tx_dur=1ms,16.060,
2736,10,702,2868904638,2026-07-14T15:46:51.989875+00:00,70.100152,35285,41,0202ab0002be89d5005a5811460e29efbf1ffffffc2246cd1e00000fc0007ebfe9ed0737feebfff600,1,TX 41 seq=25205 rx_latency=1ms tx_dur=1ms,18.928,
2736,10,703,2868904639,2026-07-14T15:46:52.089867+00:00,70.200140,35385,41,0202ab0002bf8a39005a5811460e29efbf1ffffffc2246cd1e00000fc0007ebfe9ed0737feebfff600,1,TX 41 seq=25206 rx_latency=1ms tx_dur=1ms,20.627,
2736,10,704,2868904640,2026-07-14T15:46:52.189871+00:00,70.300144,35485,41,0202ab0002c08a9d005a5811460e29efbf1ffffffc2246cd1e00000fc0007ebfe9ed0737feebfff600,1,TX 41 seq=25207 rx_latency=1ms tx_dur=1ms,22.617,
2736,10,705,2868904641,2026-07-14T15:46:52.289862+00:00,70.400129,35585,41,0202ab0002c18b01005a5811460e29efbf1ffffffc2246cd1e00000fc0007ebfe9ed0737feebfff600,1,TX 41 seq=25208 rx_latency=1ms tx_dur=1ms,14.556,
2736,10,706,2868904642,2026-07-14T15:46:52.389872+00:00,70.500146,35685,41,0202ab0002c28b65005a5811460e29efbf1ffffffc2246cd1e00000fc0007ebfe9ed0737feebfff600,1,TX 41 seq=25209 rx_latency=1ms tx_dur=1ms,16.965,
2736,10,707,2868904643,2026-07-14T15:46:52.489885+00:00,70.600183,35785,41,0202ab0002c38bc9005a5811460e29efbf1ffffffc2246cd1e00000fc0007ebfe9ed0737feebfff600,1,TX 41 seq=25210 rx_latency=1ms tx_dur=1ms,18.080,
2736,10,708,2868904644,2026-07-14T15:46:52.589870+00:00,70.700150,35885,41,0202ab0002c48c2d005a5811460e29efbf1ffffffc2246cd1e00000fc0007ebfe9ed0737feebfff600,1,TX 41 seq=25211 rx_latency=1ms tx_dur=1ms,20.015,
2736,10,709,2868904645,2026-07-14T15:46:52.689874+00:00,70.800151,35985,41,0202ab0002c58c91005a5811460e29efbf1ffffffc2246cd1e00000fc0007ebfe9ed0737feebfff600,1,TX 41 seq=25212 rx_latency=1ms tx_dur=1ms,22.528,
2736,10,710,2868904646,2026-07-14T15:46:52.789800+00:00,70.900072,36085,41,0202ab0002c68cf5005a5811460e29efbf1ffffffc2246cd1e00000fc0007ebfe9ed0737feebfff600,1,TX 41 seq=25213 rx_latency=1ms tx_dur=1ms,15.024,
2736,10,711,2868904647,2026-07-14T15:46:52.889869+00:00,71.000138,36185,41,0202ab0002c78d59005a5811460e29efbf1ffffffc2246cd1e00000fc0007ebfe9ed0737feebfff600,1,TX 41 seq=25214 rx_latency=1ms tx_dur=1ms,16.788,
2736,10,712,2868904648,2026-07-14T15:46:52.989871+00:00,71.100144,36285,41,0202ab0002c88dbd005a5811460e29efbf1ffffffc2246cd1e00000fc0007ebfe9ed0737feebfff600,1,TX 41 seq=25215 rx_latency=1ms tx_dur=1ms,18.069,
2736,10,713,2868904649,2026-07-14T15:46:53.089870+00:00,71.200142,36385,41,0202ab0002c98e21005a5811460e29efbf1ffffffc2246cd1e00000fc0007ebfe9ed0737feebfff600,1,TX 41 seq=25216 rx_latency=1ms tx_dur=1ms,20.444,
2736,10,714,2868904650,2026-07-14T15:46:53.189835+00:00,71.300106,36485,41,0202ab0002ca8e85005a5811460e29efbf1ffffffc2246cd1e00000fc0007ebfe9ed0737feebfff600,1,TX 41 seq=25217 rx_latency=1ms tx_dur=1ms,22.214,
2736,10,715,2868904651,2026-07-14T15:46:53.289868+00:00,71.400137,36585,41,0202ab0002cb8ee9005a5811460e29efbf1ffffffc2246cd1e00000fc0007ebfe9ed0737feebfff600,1,TX 41 seq=25218 rx_latency=1ms tx_dur=1ms,13.950,
2736,10,716,2868904652,2026-07-14T15:46:53.389805+00:00,71.500074,36685,41,0202ab0002cc8f4d005a5811460e29efbf1ffffffc2246cd1e00000fc0007ebfe9ed0737feebfff600,1,TX 41 seq=25219 rx_latency=1ms tx_dur=1ms,17.074,
2736,10,717,2868904653,2026-07-14T15:46:53.489869+00:00,71.600139,36785,41,0202ab0002cd8fb1005a5811460e29efbf1ffffffc2246cd1e00000fc0007ebfe9ed0737feebfff600,1,TX 41 seq=25220 rx_latency=1ms tx_dur=1ms,18.305,
2736,10,718,2868904654,2026-07-14T15:46:53.589871+00:00,71.700142,36885,41,0202ab0002ce9015005a5811460e29efbf1ffffffc2246cd1e00000fc0007ebfe9ed0737feebfff600,1,TX 41 seq=25221 rx_latency=1ms tx_dur=1ms,20.006,
2736,10,719,2868904655,2026-07-14T15:46:53.689877+00:00,71.800163,36985,41,0202ab0002cf9079005a5811460e29efbf1ffffffc2246cd1e00000fc0007ebfe9ed0737feebfff600,1,TX 41 seq=25222 rx_latency=1ms tx_dur=1ms,22.783,
2736,10,720,2868904656,2026-07-14T15:46:53.789867+00:00,71.900139,37085,41,0202ab0002d090dd005a5811460e29efbf1ffffffc2246cd1e00000fc0007ebfe9ed0737feebfff600,1,TX 41 seq=25223 rx_latency=1ms tx_dur=1ms,14.822,
2736,10,721,2868904657,2026-07-14T15:46:53.889871+00:00,72.000143,37185,41,0202ab0002d19141005a5811460e29efbf1ffffffc2246cd1e00000fc0007ebfe9ed0737feebfff600,1,TX 41 seq=25224 rx_latency=1ms tx_dur=1ms,16.791,
2736,10,722,2868904658,2026-07-14T15:46:53.989868+00:00,72.100139,37285,41,0202ab0002d291a5005a5811460e29efbf1ffffffc2246cd1e00000fc0007ebfe9ed0737feebfff600,1,TX 41 seq=25225 rx_latency=1ms tx_dur=1ms,18.094,
2736,10,723,2868904659,2026-07-14T15:46:54.089869+00:00,72.200139,37385,41,0202ab0002d39209005a5811460e29efbf1ffffffc2246cd1e00000fc0007ebfe9ed0737feebfff600,1,TX 41 seq=25226 rx_latency=1ms tx_dur=1ms,20.462,
2736,10,724,2868904660,2026-07-14T15:46:54.189838+00:00,72.300112,37485,41,0202ab0002d4926d005a5811460e29efbf1ffffffc2246cd1e00000fc0007ebfe9ed0737feebfff600,1,TX 41 seq=25227 rx_latency=1ms tx_dur=1ms,22.201,
2736,10,725,2868904661,2026-07-14T15:46:54.289869+00:00,72.400139,37585,41,0202ab0002d592d1005a5811460e29efbf1ffffffc2246cd1e00000fc0007ebfe9ed0737feebfff600,1,TX 41 seq=25228 rx_latency=1ms tx_dur=1ms,13.953,
2736,10,726,2868904662,2026-07-14T15:46:54.389813+00:00,72.500084,37685,41,0202ab0002d69335005a5811460e29efbf1ffffffc2246cd1e00000fc0007ebfe9ed0737feebfff600,1,TX 41 seq=25229 rx_latency=1ms tx_dur=1ms,17.053,
2736,10,727,2868904663,2026-07-14T15:46:54.489877+00:00,72.600160,37785,41,0202ab0002d79399005a5811460e29efbf1ffffffc2246cd1e00000fc0007ebfe9ed0737feebfff600,1,TX 41 seq=25230 rx_latency=1ms tx_dur=1ms,18.249,
2736,10,728,2868904664,2026-07-14T15:46:54.589871+00:00,72.700144,37885,41,0202ab0002d893fd005a5811460e29efbf1ffffffc2246cd1e00000fc0007ebfe9ed0737feebfff600,1,TX 41 seq=25231 rx_latency=1ms tx_dur=1ms,20.024,
2736,10,729,2868904665,2026-07-14T15:46:54.689879+00:00,72.800166,37985,41,0202ab0002d99461005a5811460e29efbf1ffffffc2246cd1e00000fc0007ebfe9ed0737feebfff600,1,TX 41 seq=25232 rx_latency=1ms tx_dur=1ms,22.801,
2736,10,730,2868904666,2026-07-14T15:46:54.789869+00:00,72.900147,38085,41,0202ab0002da94c5005a5811460e29efbf1ffffffc2246cd1e00000fc0007ebfe9ed0737feebfff600,1,TX 41 seq=25233 rx_latency=1ms tx_dur=1ms,14.794,
2736,10,731,2868904667,2026-07-14T15:46:54.889872+00:00,73.000145,38185,41,0202ab0002db9529005a5811460e29efbf1ffffffc2246cd1e00000fc0007ebfe9ed0737feebfff600,1,TX 41 seq=25234 rx_latency=1ms tx_dur=1ms,16.772,
2736,10,732,2868904668,2026-07-14T15:46:54.989869+00:00,73.100140,38285,41,0202ab0002dc958d005a5811460e29efbf1ffffffc2246cd1e00000fc0007ebfe9ed0737feebfff600,1,TX 41 seq=25235 rx_latency=1ms tx_dur=1ms,18.100,
2736,10,733,2868904669,2026-07-14T15:46:55.089869+00:00,73.200139,38385,41,0202ab0002dd95f1005a5811460e29efbf1ffffffc2246cd1e00000fc0007ebfe9ed0737feebfff600,1,TX 41 seq=25236 rx_latency=1ms tx_dur=1ms,20.474,
2736,10,734,2868904670,2026-07-14T15:46:55.189853+00:00,73.300125,38485,41,0202ab0002de9655005a5811460e29efbf1ffffffc2246cd1e00000fc0007ebfe9ed0737feebfff600,1,TX 41 seq=25237 rx_latency=1ms tx_dur=1ms,22.209,
2736,10,735,2868904671,2026-07-14T15:46:55.289869+00:00,73.400140,38585,41,0202ab0002df96b9005a5811460e29efbf1ffffffc2246cd1e00000fc0007ebfe9ed0737feebfff600,1,TX 41 seq=25238 rx_latency=1ms tx_dur=1ms,13.949,
2736,10,736,2868904672,2026-07-14T15:46:55.389851+00:00,73.500121,38685,41,0202ab0002e0971d005a5811460e29efbf1ffffffc2246cd1e00000fc0007ebfe9ed0737feebfff600,1,TX 41 seq=25239 rx_latency=1ms tx_dur=1ms,17.029,
2736,10,737,2868904673,2026-07-14T15:46:55.489890+00:00,73.600188,38785,41,0202ab0002e19781005a5811460e29efbf1ffffffc2246cd1e00000fc0007ebfe9ed0737feebfff600,1,TX 41 seq=25240 rx_latency=1ms tx_dur=1ms,18.161,
2736,10,738,2868904674,2026-07-14T15:46:55.589866+00:00,73.700140,38885,41,0202ab0002e297e5005a5811460e29efbf1ffffffc2246cd1e00000fc0007ebfe9ed0737feebfff600,1,TX 41 seq=25241 rx_latency=1ms tx_dur=1ms,19.990,
2736,10,739,2868904675,2026-07-14T15:46:55.689878+00:00,73.800171,38985,41,0202ab0002e39849005a5811460e29efbf1ffffffc2246cd1e00000fc0007ebfe9ed0737feebfff600,1,TX 41 seq=25242 rx_latency=1ms tx_dur=1ms,22.751,
2736,10,740,2868904676,2026-07-14T15:46:55.789864+00:00,73.900150,39085,41,0202ab0002e498ad005a5811460e29efbf1ffffffc2246cd1e00000fc0007ebfe9ed0737feebfff600,1,TX 41 seq=25243 rx_latency=1ms tx_dur=1ms,14.780,
2736,10,741,2868904677,2026-07-14T15:46:55.889866+00:00,74.000138,39185,41,0202ab0002e59911005a5811460e29efbf1ffffffc2246cd1e00000fc0007ebfe9ed0737feebfff600,1,TX 41 seq=25244 rx_latency=1ms tx_dur=1ms,16.684,
2736,10,742,2868904678,2026-07-14T15:46:55.989871+00:00,74.100143,39285,41,0202ab0002e69975005a5811460e29efbf1ffffffc2246cd1e00000fc0007ebfe9ed0737feebfff600,1,TX 41 seq=25245 rx_latency=1ms tx_dur=1ms,18.031,
2736,10,743,2868904679,2026-07-14T15:46:56.089868+00:00,74.200139,39385,41,0202ab0002e799d9005a5811460e29efbf1ffffffc2246cd1e00000fc0007ebfe9ed0737feebfff600,1,TX 41 seq=25246 rx_latency=1ms tx_dur=1ms,20.408,
2736,10,744,2868904680,2026-07-14T15:46:56.189833+00:00,74.300101,39485,41,0202ab0002e89a3d005a5811460e29efbf1ffffffc2246cd1e00000fc0007ebfe9ed0737feebfff600,1,TX 41 seq=25247 rx_latency=1ms tx_dur=1ms,22.308,
2736,10,745,2868904681,2026-07-14T15:46:56.289866+00:00,74.400137,39585,41,0202ab0002e99aa1005a5811460e29efbf1ffffffc2246cd1e00000fc0007ebfe9ed0737feebfff600,1,TX 41 seq=25248 rx_latency=1ms tx_dur=1ms,14.646,
2736,10,746,2868904682,2026-07-14T15:46:56.389872+00:00,74.500144,39685,41,0202ab0002ea9b05005a5811460e29efbf1ffffffc2246cd1e00000fc0007ebfe9ed0737feebfff600,1,TX 41 seq=25249 rx_latency=1ms tx_dur=1ms,15.957,
2736,10,747,2868904683,2026-07-14T15:46:56.489870+00:00,74.600140,39785,41,0202ab0002eb9b69005a5811460e29efbf1ffffffc2246cd1e00000fc0007ebfe9ed0737feebfff600,1,TX 41 seq=25250 rx_latency=1ms tx_dur=1ms,18.798,
2736,10,748,2868904684,2026-07-14T15:46:56.589874+00:00,74.700155,39885,41,0202ab0002ec9bcd005a5811460e29efbf1ffffffc2246cd1e00000fc0007ebfe9ed0737feebfff600,1,TX 41 seq=25251 rx_latency=1ms tx_dur=1ms,20.461,
2736,10,749,2868904685,2026-07-14T15:46:56.689871+00:00,74.800142,39985,41,0202ab0002ed9c31005a5811460e29efbf1ffffffc2246cd1e00000fc0007ebfe9ed0737feebfff600,1,TX 41 seq=25252 rx_latency=1ms tx_dur=1ms,22.558,
2736,10,750,2868904686,2026-07-14T15:46:56.789793+00:00,74.900065,40085,41,0202ab0002ee9c95005a5811460e29efbf1ffffffc2246cd1e00000fc0007ebfe9ed0737feebfff600,1,TX 41 seq=25253 rx_latency=1ms tx_dur=1ms,15.266,
2736,10,751,2868904687,2026-07-14T15:46:56.889871+00:00,75.000141,40185,41,0202ab0002ef9cf9005a5811460e29efbf1ffffffc2246cd1e00000fc0007ebfe9ed0737feebfff600,1,TX 41 seq=25254 rx_latency=1ms tx_dur=1ms,16.252,
2736,10,752,2868904688,2026-07-14T15:46:56.989871+00:00,75.100140,40285,41,0202ab0002f09d5d005a5811460e29efbf1ffffffc2246cd1e00000fc0007ebfe9ed0737feebfff600,1,TX 41 seq=25255 rx_latency=1ms tx_dur=1ms,18.193,
2736,10,753,2868904689,2026-07-14T15:46:57.089872+00:00,75.200144,40385,41,0202ab0002f19dc1005a5811460e29efbf1ffffffc2246cd1e00000fc0007ebfe9ed0737feebfff600,1,TX 41 seq=25256 rx_latency=1ms tx_dur=1ms,20.016,
2736,10,754,2868904690,2026-07-14T15:46:57.189869+00:00,75.300138,40485,41,0202ab0002f29e25005a5811460e29efbf1ffffffc2246cd1e00000fc0007ebfe9ed0737feebfff600,1,TX 41 seq=25257 rx_latency=1ms tx_dur=1ms,22.502,
2736,10,755,2868904691,2026-07-14T15:46:57.289870+00:00,75.400140,40585,41,0202ab0002f39e89005a5811460e29efbf1ffffffc2246cd1e00000fc0007ebfe9ed0737feebfff600,1,TX 41 seq=25258 rx_latency=1ms tx_dur=1ms,14.903,
2736,10,756,2868904692,2026-07-14T15:46:57.389869+00:00,75.500138,40685,41,0202ab0002f49eed005a5811460e29efbf1ffffffc2246cd1e00000fc0007ebfe9ed0737feebfff600,1,TX 41 seq=25259 rx_latency=1ms tx_dur=1ms,16.746,
2736,10,757,2868904693,2026-07-14T15:46:57.489870+00:00,75.600144,40785,41,0202ab0002f59f51005a5811460e29efbf1ffffffc2246cd1e00000fc0007ebfe9ed0737feebfff600,1,TX 41 seq=25260 rx_latency=1ms tx_dur=1ms,18.054,
2736,10,758,2868904694,2026-07-14T15:46:57.589862+00:00,75.700127,40885,41,0202ab0002f69fb5005a5811460e29efbf1ffffffc2246cd1e00000fc0007ebfe9ed0737feebfff600,1,TX 41 seq=25261 rx_latency=1ms tx_dur=1ms,20.565,
2736,10,759,2868904695,2026-07-14T15:46:57.689869+00:00,75.800141,40985,41,0202ab0002f7a019005a5811460e29efbf1ffffffc2246cd1e00000fc0007ebfe9ed0737feebfff600,1,TX 41 seq=25262 rx_latency=1ms tx_dur=1ms,22.315,
2736,10,760,2868904696,2026-07-14T15:46:57.789876+00:00,75.900161,41085,41,0202ab0002f8a07d005a5811460e29efbf1ffffffc2246cd1e00000fc0007ebfe9ed0737feebfff600,1,TX 41 seq=25263 rx_latency=1ms tx_dur=1ms,14.769,
2736,10,761,2868904697,2026-07-14T15:46:57.889869+00:00,76.000141,41185,41,0202ab0002f9a0e1005a5811460e29efbf1ffffffc2246cd1e00000fc0007ebfe9ed0737feebfff600,1,TX 41 seq=25264 rx_latency=1ms tx_dur=1ms,16.186,
2736,10,762,2868904698,2026-07-14T15:46:57.989868+00:00,76.100138,41285,41,0202ab0002faa145005a5811460e29efbf1ffffffc2246cd1e00000fc0007ebfe9ed0737feebfff600,1,TX 41 seq=25265 rx_latency=1ms tx_dur=1ms,18.358,
2736,10,763,2868904699,2026-07-14T15:46:58.089868+00:00,76.200136,41385,41,0202ab0002fba1a9005a5811460e29efbf1ffffffc2246cd1e00000fc0007ebfe9ed0737feebfff600,1,TX 41 seq=25266 rx_latency=1ms tx_dur=1ms,20.257,
2736,10,764,2868904700,2026-07-14T15:46:58.189863+00:00,76.300127,41485,41,0202ab0002fca20d005a5811460e29efbf1ffffffc2246cd1e00000fc0007ebfe9ed0737feebfff600,1,TX 41 seq=25267 rx_latency=1ms tx_dur=1ms,22.195,
2736,10,765,2868904701,2026-07-14T15:46:58.289871+00:00,76.400146,41585,41,0202ab0002fda271005a5811460e29efbf1ffffffc2246cd1e00000fc0007ebfe9ed0737feebfff600,1,TX 41 seq=25268 rx_latency=1ms tx_dur=1ms,14.618,
2736,10,766,2868904702,2026-07-14T15:46:58.389864+00:00,76.500129,41685,41,0202ab0002fea2d5005a5811460e29efbf1ffffffc2246cd1e00000fc0007ebfe9ed0737feebfff600,1,TX 41 seq=25269 rx_latency=1ms tx_dur=1ms,17.074,
2736,10,767,2868904703,2026-07-14T15:46:58.489869+00:00,76.600139,41785,41,0202ab0002ffa339005a5811460e29efbf1ffffffc2246cd1e00000fc0007ebfe9ed0737feebfff600,1,TX 41 seq=25270 rx_latency=1ms tx_dur=1ms,18.289,
2736,10,768,2868904704,2026-07-14T15:46:58.589862+00:00,76.700127,41885,41,0202ab000300a39d005a5811460e29efbf1ffffffc2246cd1e00000fc0007ebfe9ed0737feebfff600,1,TX 41 seq=25271 rx_latency=1ms tx_dur=1ms,20.094,
2736,10,769,2868904705,2026-07-14T15:46:58.689870+00:00,76.800139,41985,41,0202ab000301a401005a5811460e29efbf1ffffffc2246cd1e00000fc0007ebfe9ed0737feebfff600,1,TX 41 seq=25272 rx_latency=1ms tx_dur=1ms,22.842,
2736,10,770,2868904706,2026-07-14T15:46:58.789869+00:00,76.900146,42085,41,0202ab000302a465005a5811460e29efbf1ffffffc2246cd1e00000fc0007ebfe9ed0737feebfff600,1,TX 41 seq=25273 rx_latency=1ms tx_dur=1ms,14.822,
2736,10,771,2868904707,2026-07-14T15:46:58.889870+00:00,77.000145,42185,41,0202ab000303a4c9005a5811460e29efbf1ffffffc2246cd1e00000fc0007ebfe9ed0737feebfff600,1,TX 41 seq=25274 rx_latency=1ms tx_dur=1ms,16.680,
2736,10,772,2868904708,2026-07-14T15:46:58.989870+00:00,77.100141,42285,41,0202ab000304a52d005a5811460e29efbf1ffffffc2246cd1e00000fc0007ebfe9ed0737feebfff600,1,TX 41 seq=25275 rx_latency=1ms tx_dur=1ms,18.077,
2736,10,773,2868904709,2026-07-14T15:46:59.089867+00:00,77.200135,42385,41,0202ab000305a591005a5811460e29efbf1ffffffc2246cd1e00000fc0007ebfe9ed0737feebfff600,1,TX 41 seq=25276 rx_latency=1ms tx_dur=1ms,20.472,
2736,10,774,2868904710,2026-07-14T15:46:59.189861+00:00,77.300128,42485,41,0202ab000306a5f5005a5811460e29efbf1ffffffc2246cd1e00000fc0007ebfe9ed0737feebfff600,1,TX 41 seq=25277 rx_latency=1ms tx_dur=1ms,22.310,
2736,10,775,2868904711,2026-07-14T15:46:59.289871+00:00,77.400143,42585,41,0202ab000307a659005a5811460e29efbf1ffffffc2246cd1e00000fc0007ebfe9ed0737feebfff600,1,TX 41 seq=25278 rx_latency=1ms tx_dur=1ms,14.751,
2736,10,776,2868904712,2026-07-14T15:46:59.389862+00:00,77.500128,42685,41,0202ab000308a6bd005a5811460e29efbf1ffffffc2246cd1e00000fc0007ebfe9ed0737feebfff600,1,TX 41 seq=25279 rx_latency=1ms tx_dur=1ms,16.032,
2736,10,777,2868904713,2026-07-14T15:46:59.489869+00:00,77.600139,42785,41,0202ab000309a721005a5811460e29efbf1ffffffc2246cd1e00000fc0007ebfe9ed0737feebfff600,1,TX 41 seq=25280 rx_latency=1ms tx_dur=1ms,18.985,
2736,10,778,2868904714,2026-07-14T15:46:59.589866+00:00,77.700135,42885,41,0202ab00030aa785005a5811460e29efbf1ffffffc2246cd1e00000fc0007ebfe9ed0737feebfff600,1,TX 41 seq=25281 rx_latency=1ms tx_dur=1ms,20.262,
2736,10,779,2868904715,2026-07-14T15:46:59.689871+00:00,77.800147,42985,41,0202ab00030ba7e9005a5811460e29efbf1ffffffc2246cd1e00000fc0007ebfe9ed0737feebfff600,1,TX 41 seq=25282 rx_latency=1ms tx_dur=1ms,22.665,
2736,10,780,2868904716,2026-07-14T15:46:59.789863+00:00,77.900133,43085,41,0202ab00030ca84d005a5811460e29efbf1ffffffc2246cd1e00000fc0007ebfe9ed0737feebfff600,1,TX 41 seq=25283 rx_latency=1ms tx_dur=1ms,14.421,
2736,10,781,2868904717,2026-07-14T15:46:59.889869+00:00,78.000142,43185,41,0202ab00030da8b1005a5811460e29efbf1ffffffc2246cd1e00000fc0007ebfe9ed0737feebfff600,1,TX 41 seq=25284 rx_latency=1ms tx_dur=1ms,16.128,
2736,10,782,2868904718,2026-07-14T15:46:59.989863+00:00,78.100128,43285,41,0202ab00030ea915005a5811460e29efbf1ffffffc2246cd1e00000fc0007ebfe9ed0737feebfff600,1,TX 41 seq=25285 rx_latency=1ms tx_dur=1ms,18.138,
2736,10,783,2868904719,2026-07-14T15:47:00.089874+00:00,78.200156,43385,41,0202ab00030fa979005a5811460e29efbf1ffffffc2246cd1e00000fc0007ebfe9ed0737feebfff600,1,TX 41 seq=25286 rx_latency=1ms tx_dur=1ms,20.421,
2736,10,784,2868904720,2026-07-14T15:47:00.189870+00:00,78.300141,43485,41,0202ab000310a9dd005a5811460e29efbf1ffffffc2246cd1e00000fc0007ebfe9ed0737feebfff600,1,TX 41 seq=25287 rx_latency=1ms tx_dur=1ms,22.190,
2736,10,785,2868904721,2026-07-14T15:47:00.289868+00:00,78.400138,43585,41,0202ab000311aa41005a5811460e29efbf1ffffffc2246cd1e00000fc0007ebfe9ed0737feebfff600,1,TX 41 seq=25288 rx_latency=1ms tx_dur=1ms,13.971,
2736,10,786,2868904722,2026-07-14T15:47:00.389861+00:00,78.500128,43685,41,0202ab000312aaa5005a5811460e29efbf1ffffffc2246cd1e00000fc0007ebfe9ed0737feebfff600,1,TX 41 seq=25289 rx_latency=1ms tx_dur=1ms,17.025,
2736,10,787,2868904723,2026-07-14T15:47:00.489870+00:00,78.600142,43785,41,0202ab000313ab09005a5811460e29efbf1ffffffc2246cd1e00000fc0007ebfe9ed0737feebfff600,1,TX 41 seq=25290 rx_latency=1ms tx_dur=1ms,18.306,
2736,10,788,2868904724,2026-07-14T15:47:00.589864+00:00,78.700132,43885,41,0202ab000314ab6d005a5811460e29efbf1ffffffc2246cd1e00000fc0007ebfe9ed0737feebfff600,1,TX 41 seq=25291 rx_latency=1ms tx_dur=1ms,20.025,
2736,10,789,2868904725,2026-07-14T15:47:00.689869+00:00,78.800139,43985,41,0202ab000315abd1005a5811460e29efbf1ffffffc2246cd1e00000fc0007ebfe9ed0737feebfff600,1,TX 41 seq=25292 rx_latency=1ms tx_dur=1ms,22.870,
2736,10,790,2868904726,2026-07-14T15:47:00.789863+00:00,78.900128,44085,41,0202ab000316ac35005a5811460e29efbf1ffffffc2246cd1e00000fc0007ebfe9ed0737feebfff600,1,TX 41 seq=25293 rx_latency=1ms tx_dur=1ms,14.863,
2736,10,791,2868904727,2026-07-14T15:47:00.889871+00:00,79.000145,44185,41,0202ab000317ac99005a5811460e29efbf1ffffffc2246cd1e00000fc0007ebfe9ed0737feebfff600,1,TX 41 seq=25294 rx_latency=1ms tx_dur=1ms,16.129,
2736,10,792,2868904728,2026-07-14T15:47:00.989870+00:00,79.100141,44285,41,0202ab000318acfd005a5811460e29efbf1ffffffc2246cd1e00000fc0007ebfe9ed0737feebfff600,1,TX 41 seq=25295 rx_latency=1ms tx_dur=1ms,18.992,
2736,10,793,2868904729,2026-07-14T15:47:01.089877+00:00,79.200164,44385,41,0202ab000319ad61005a5811460e29efbf1ffffffc2246cd1e00000fc0007ebfe9ed0737feebfff600,1,TX 41 seq=25296 rx_latency=1ms tx_dur=1ms,20.655,
2736,10,794,2868904730,2026-07-14T15:47:01.189865+00:00,79.300134,44485,41,0202ab00031aadc5005a5811460e29efbf1ffffffc2246cd1e00000fc0007ebfe9ed0737feebfff600,1,TX 41 seq=25297 rx_latency=1ms tx_dur=1ms,22.594,
2736,10,795,2868904731,2026-07-14T15:47:01.289868+00:00,79.400140,44585,41,0202ab00031bae29005a5811460e29efbf1ffffffc2246cd1e00000fc0007ebfe9ed0737feebfff600,1,TX 41 seq=25298 rx_latency=1ms tx_dur=1ms,14.524,
2736,10,796,2868904732,2026-07-14T15:47:01.389869+00:00,79.500141,44685,41,0202ab00031cae8d005a5811460e29efbf1ffffffc2246cd1e00000fc0007ebfe9ed0737feebfff600,1,TX 41 seq=25299 rx_latency=1ms tx_dur=1ms,16.998,
2736,10,797,2868904733,2026-07-14T15:47:01.489883+00:00,79.600181,44785,41,0202ab00031daef1005a5811460e29efbf1ffffffc2246cd1e00000fc0007ebfe9ed0737feebfff600,1,TX 41 seq=25300 rx_latency=1ms tx_dur=1ms,18.143,
2736,10,798,2868904734,2026-07-14T15:47:01.589867+00:00,79.700143,44885,41,0202ab00031eaf55005a5811460e29efbf1ffffffc2246cd1e00000fc0007ebfe9ed0737feebfff600,1,TX 41 seq=25301 rx_latency=1ms tx_dur=1ms,20.077,
2736,10,799,2868904735,2026-07-14T15:47:01.689890+00:00,79.800192,44985,41,0202ab00031fafb9005a5811460e29efbf1ffffffc2246cd1e00000fc0007ebfe9ed0737feebfff600,1,TX 41 seq=25302 rx_latency=1ms tx_dur=1ms,22.448,
2736,10,800,2868904736,2026-07-14T15:47:01.789866+00:00,79.900137,45085,41,0202ab000320b01d005a5811460e29efbf1ffffffc2246cd1e00000fc0007ebfe9ed0737feebfff600,1,TX 41 seq=25303 rx_latency=1ms tx_dur=1ms,15.126,
2736,10,801,2868904737,2026-07-14T15:47:01.889878+00:00,80.000166,45185,41,0202ab000321b081005a5811460e29efbf1ffffffc2246cd1e00000fc0007ebfe9ed0737feebfff600,1,TX 41 seq=25304 rx_latency=1ms tx_dur=1ms,16.068,
2736,10,802,2868904738,2026-07-14T15:47:01.989864+00:00,80.100133,45285,41,0202ab000322b0e5005a5811460e29efbf1ffffffc2246cd1e00000fc0007ebfe9ed0737feebfff600,1,TX 41 seq=25305 rx_latency=1ms tx_dur=1ms,18.035,
2736,10,803,2868904739,2026-07-14T15:47:02.089879+00:00,80.200166,45385,41,0202ab000323b149005a5811460e29efbf1ffffffc2246cd1e00000fc0007ebfe9ed0737feebfff600,1,TX 41 seq=25306 rx_latency=1ms tx_dur=1ms,20.410,
2736,10,804,2868904740,2026-07-14T15:47:02.189867+00:00,80.300143,45485,41,0202ab000324b1ad005a5811460e29efbf1ffffffc2246cd1e00000fc0007ebfe9ed0737feebfff600,1,TX 41 seq=25307 rx_latency=1ms tx_dur=1ms,22.141,
2736,10,805,2868904741,2026-07-14T15:47:02.289869+00:00,80.400144,45585,41,0202ab000325b211005a5811460e29efbf1ffffffc2246cd1e00000fc0007ebfe9ed0737feebfff600,1,TX 41 seq=25308 rx_latency=1ms tx_dur=1ms,13.967,
2736,10,806,2868904742,2026-07-14T15:47:02.389811+00:00,80.500083,45685,41,0202ab000326b275005a5811460e29efbf1ffffffc2246cd1e00000fc0007ebfe9ed0737feebfff600,1,TX 41 seq=25309 rx_latency=1ms tx_dur=1ms,17.076,
2736,10,807,2868904743,2026-07-14T15:47:02.489868+00:00,80.600139,45785,41,0202ab000327b2d9005a5811460e29efbf1ffffffc2246cd1e00000fc0007ebfe9ed0737feebfff600,1,TX 41 seq=25310 rx_latency=1ms tx_dur=1ms,18.853,
2736,10,808,2868904744,2026-07-14T15:47:02.589873+00:00,80.700153,45885,41,0202ab000328b33d005a5811460e29efbf1ffffffc2246cd1e00000fc0007ebfe9ed0737feebfff600,1,TX 41 seq=25311 rx_latency=1ms tx_dur=1ms,20.194,
2736,10,809,2868904745,2026-07-14T15:47:02.689865+00:00,80.800135,45985,41,0202ab000329b3a1005a5811460e29efbf1ffffffc2246cd1e00000fc0007ebfe9ed0737feebfff600,1,TX 41 seq=25312 rx_latency=1ms tx_dur=1ms,22.526,
2736,10,810,2868904746,2026-07-14T15:47:02.789868+00:00,80.900142,46085,41,0202ab00032ab405005a5811460e29efbf1ffffffc2246cd1e00000fc0007ebfe9ed0737feebfff600,1,TX 41 seq=25313 rx_latency=1ms tx_dur=1ms,14.456,
2736,10,811,2868904747,2026-07-14T15:47:02.889865+00:00,81.000137,46185,41,0202ab00032bb469005a5811460e29efbf1ffffffc2246cd1e00000fc0007ebfe9ed0737feebfff600,1,TX 41 seq=25314 rx_latency=1ms tx_dur=1ms,16.950,
2736,10,812,2868904748,2026-07-14T15:47:02.989870+00:00,81.100144,46285,41,0202ab00032cb4cd005a5811460e29efbf1ffffffc2246cd1e00000fc0007ebfe9ed0737feebfff600,1,TX 41 seq=25315 rx_latency=1ms tx_dur=1ms,18.204,
2736,10,813,2868904749,2026-07-14T15:47:03.089863+00:00,81.200131,46385,41,0202ab00032db531005a5811460e29efbf1ffffffc2246cd1e00000fc0007ebfe9ed0737feebfff600,1,TX 41 seq=25316 rx_latency=1ms tx_dur=1ms,20.051,
2736,10,814,2868904750,2026-07-14T15:47:03.189867+00:00,81.300137,46485,41,0202ab00032eb595005a5811460e29efbf1ffffffc2246cd1e00000fc0007ebfe9ed0737feebfff600,1,TX 41 seq=25317 rx_latency=1ms tx_dur=1ms,22.518,
2736,10,815,2868904751,2026-07-14T15:47:03.289874+00:00,81.400159,46585,41,0202ab00032fb5f9005a5811460e29efbf1ffffffc2246cd1e00000fc0007ebfe9ed0737feebfff600,1,TX 41 seq=25318 rx_latency=1ms tx_dur=1ms,14.872,
2736,10,816,2868904752,2026-07-14T15:47:03.389865+00:00,81.500138,46685,41,0202ab000330b65d005a5811460e29efbf1ffffffc2246cd1e00000fc0007ebfe9ed0737feebfff600,1,TX 41 seq=25319 rx_latency=1ms tx_dur=1ms,16.772,
2736,10,817,2868904753,2026-07-14T15:47:03.489869+00:00,81.600141,46785,41,0202ab000331b6c1005a5811460e29efbf1ffffffc2246cd1e00000fc0007ebfe9ed0737feebfff600,1,TX 41 seq=25320 rx_latency=1ms tx_dur=1ms,18.132,
2736,10,818,2868904754,2026-07-14T15:47:03.589868+00:00,81.700141,46885,41,0202ab000332b725005a5811460e29efbf1ffffffc2246cd1e00000fc0007ebfe9ed0737feebfff600,1,TX 41 seq=25321 rx_latency=1ms tx_dur=1ms,20.724,
2736,10,819,2868904755,2026-07-14T15:47:03.689883+00:00,81.800173,46985,41,0202ab000333b789005a5811460e29efbf1ffffffc2246cd1e00000fc0007ebfe9ed0737feebfff600,1,TX 41 seq=25322 rx_latency=1ms tx_dur=1ms,22.802,
2736,10,820,2868904756,2026-07-14T15:47:03.789866+00:00,81.900140,47085,41,0202ab000334b7ed005a5811460e29efbf1ffffffc2246cd1e00000fc0007ebfe9ed0737feebfff600,1,TX 41 seq=25323 rx_latency=1ms tx_dur=1ms,14.842,
2736,10,821,2868904757,2026-07-14T15:47:03.889873+00:00,82.000148,47185,41,0202ab000335b851005a5811460e29efbf1ffffffc2246cd1e00000fc0007ebfe9ed0737feebfff600,1,TX 41 seq=25324 rx_latency=1ms tx_dur=1ms,16.679,
2736,10,822,2868904758,2026-07-14T15:47:03.989869+00:00,82.100141,47285,41,0202ab000336b8b5005a5811460e29efbf1ffffffc2246cd1e00000fc0007ebfe9ed0737feebfff600,1,TX 41 seq=25325 rx_latency=1ms tx_dur=1ms,18.061,
2736,10,823,2868904759,2026-07-14T15:47:04.089870+00:00,82.200140,47385,41,0202ab000337b919005a5811460e29efbf1ffffffc2246cd1e00000fc0007ebfe9ed0737feebfff600,1,TX 41 seq=25326 rx_latency=1ms tx_dur=1ms,20.434,
2736,10,824,2868904760,2026-07-14T15:47:04.189866+00:00,82.300136,47485,41,0202ab000338b97d005a5811460e29efbf1ffffffc2246cd1e00000fc0007ebfe9ed0737feebfff600,1,TX 41 seq=25327 rx_latency=1ms tx_dur=1ms,22.259,
2736,10,825,2868904761,2026-07-14T15:47:04.289870+00:00,82.400143,47585,41,0202ab000339b9e1005a5811460e29efbf1ffffffc2246cd1e00000fc0007ebfe9ed0737feebfff600,1,TX 41 seq=25328 rx_latency=1ms tx_dur=1ms,14.799,
2736,10,826,2868904762,2026-07-14T15:47:04.389876+00:00,82.500158,47685,41,0202ab00033aba45005a5811460e29efbf1ffffffc2246cd1e00000fc0007ebfe9ed0737feebfff600,1,TX 41 seq=25329 rx_latency=1ms tx_dur=1ms,15.991,
2736,10,827,2868904763,2026-07-14T15:47:04.489864+00:00,82.600132,47785,41,0202ab00033bbaa9005a5811460e29efbf1ffffffc2246cd1e00000fc0007ebfe9ed0737feebfff600,1,TX 41 seq=25330 rx_latency=1ms tx_dur=1ms,18.998,
2736,10,828,2868904764,2026-07-14T15:47:04.589870+00:00,82.700141,47885,41,0202ab00033cbb0d005a5811460e29efbf1ffffffc2246cd1e00000fc0007ebfe9ed0737feebfff600,1,TX 41 seq=25331 rx_latency=1ms tx_dur=1ms,20.243,
2736,10,829,2868904765,2026-07-14T15:47:04.689864+00:00,82.800131,47985,41,0202ab00033dbb71005a5811460e29efbf1ffffffc2246cd1e00000fc0007ebfe9ed0737feebfff600,1,TX 41 seq=25332 rx_latency=1ms tx_dur=1ms,22.671,
2736,10,830,2868904766,2026-07-14T15:47:04.789877+00:00,82.900161,48085,41,0202ab00033ebbd5005a5811460e29efbf1ffffffc2246cd1e00000fc0007ebfe9ed0737feebfff600,1,TX 41 seq=25333 rx_latency=1ms tx_dur=1ms,14.366,
2736,10,831,2868904767,2026-07-14T15:47:04.889872+00:00,83.000147,48185,41,0202ab00033fbc39005a5811460e29efbf1ffffffc2246cd1e00000fc0007ebfe9ed0737feebfff600,1,TX 41 seq=25334 rx_latency=1ms tx_dur=1ms,16.121,
2736,10,832,2868904768,2026-07-14T15:47:04.989865+00:00,83.100136,48285,41,0202ab000340bc9d005a5811460e29efbf1ffffffc2246cd1e00000fc0007ebfe9ed0737feebfff600,1,TX 41 seq=25335 rx_latency=1ms tx_dur=1ms,18.041,
2736,10,833,2868904769,2026-07-14T15:47:05.089872+00:00,83.200146,48385,41,0202ab000341bd01005a5811460e29efbf1ffffffc2246cd1e00000fc0007ebfe9ed0737feebfff600,1,TX 41 seq=25336 rx_latency=1ms tx_dur=1ms,20.473,
2736,10,834,2868904770,2026-07-14T15:47:05.189863+00:00,83.300129,48485,41,0202ab000342bd65005a5811460e29efbf1ffffffc2246cd1e00000fc0007ebfe9ed0737feebfff600,1,TX 41 seq=25337 rx_latency=1ms tx_dur=1ms,22.196,
2736,10,835,2868904771,2026-07-14T15:47:05.289873+00:00,83.400147,48585,41,0202ab000343bdc9005a5811460e29efbf1ffffffc2246cd1e00000fc0007ebfe9ed0737feebfff600,1,TX 41 seq=25338 rx_latency=1ms tx_dur=1ms,13.973,
2736,10,836,2868904772,2026-07-14T15:47:05.389856+00:00,83.500139,48685,41,0202ab000344be2d005a5811460e29efbf1ffffffc2246cd1e00000fc0007ebfe9ed0737feebfff600,1,TX 41 seq=25339 rx_latency=1ms tx_dur=1ms,17.010,
2736,10,837,2868904773,2026-07-14T15:47:05.489870+00:00,83.600145,48785,41,0202ab000345be91005a5811460e29efbf1ffffffc2246cd1e00000fc0007ebfe9ed0737feebfff600,1,TX 41 seq=25340 rx_latency=1ms tx_dur=1ms,18.306,
2736,10,838,2868904774,2026-07-14T15:47:05.589886+00:00,83.700189,48885,41,0202ab000346bef5005a5811460e29efbf1ffffffc2246cd1e00000fc0007ebfe9ed0737feebfff600,1,TX 41 seq=25341 rx_latency=1ms tx_dur=1ms,19.923,
2736,10,839,2868904775,2026-07-14T15:47:05.689866+00:00,83.800139,48985,41,0202ab000347bf59005a5811460e29efbf1ffffffc2246cd1e00000fc0007ebfe9ed0737feebfff600,1,TX 41 seq=25342 rx_latency=1ms tx_dur=1ms,22.822,
2736,10,840,2868904776,2026-07-14T15:47:05.789872+00:00,83.900149,49085,41,0202ab000348bfbd005a5811460e29efbf1ffffffc2246cd1e00000fc0007ebfe9ed0737feebfff600,1,TX 41 seq=25343 rx_latency=1ms tx_dur=1ms,14.851,
2736,10,841,2868904777,2026-07-14T15:47:05.889872+00:00,84.000150,49185,41,0202ab000349c021005a5811460e29efbf1ffffffc2246cd1e00000fc0007ebfe9ed0737feebfff600,1,TX 41 seq=25344 rx_latency=1ms tx_dur=1ms,16.681,
2736,10,842,2868904778,2026-07-14T15:47:05.989871+00:00,84.100145,49285,41,0202ab00034ac085005a5811460e29efbf1ffffffc2246cd1e00000fc0007ebfe9ed0737feebfff600,1,TX 41 seq=25345 rx_latency=1ms tx_dur=1ms,18.061,
2736,10,843,2868904779,2026-07-14T15:47:06.089869+00:00,84.200140,49385,41,0202ab00034bc0e9005a5811460e29efbf1ffffffc2246cd1e00000fc0007ebfe9ed0737feebfff600,1,TX 41 seq=25346 rx_latency=1ms tx_dur=1ms,20.439,
2736,10,844,2868904780,2026-07-14T15:47:06.189862+00:00,84.300129,49485,41,0202ab00034cc14d005a5811460e29efbf1ffffffc2246cd1e00000fc0007ebfe9ed0737feebfff600,1,TX 41 seq=25347 rx_latency=1ms tx_dur=1ms,22.274,
2736,10,845,2868904781,2026-07-14T15:47:06.289871+00:00,84.400149,49585,41,0202ab00034dc1b1005a5811460e29efbf1ffffffc2246cd1e00000fc0007ebfe9ed0737feebfff600,1,TX 41 seq=25348 rx_latency=1ms tx_dur=1ms,14.766,
2736,10,846,2868904782,2026-07-14T15:47:06.389871+00:00,84.500145,49685,41,0202ab00034ec215005a5811460e29efbf1ffffffc2246cd1e00000fc0007ebfe9ed0737feebfff600,1,TX 41 seq=25349 rx_latency=1ms tx_dur=1ms,16.071,
2736,10,847,2868904783,2026-07-14T15:47:06.489812+00:00,84.600095,49785,41,0202ab00034fc279005a5811460e29efbf1ffffffc2246cd1e00000fc0007ebfe9ed0737feebfff600,1,TX 41 seq=25350 rx_latency=1ms tx_dur=1ms,19.006,
2736,10,848,2868904784,2026-07-14T15:47:06.589871+00:00,84.700144,49885,41,0202ab000350c2dd005a5811460e29efbf1ffffffc2246cd1e00000fc0007ebfe9ed0737feebfff600,1,TX 41 seq=25351 rx_latency=1ms tx_dur=1ms,20.235,
2736,10,849,2868904785,2026-07-14T15:47:06.689869+00:00,84.800149,49985,41,0202ab000351c341005a5811460e29efbf1ffffffc2246cd1e00000fc0007ebfe9ed0737feebfff600,1,TX 41 seq=25352 rx_latency=1ms tx_dur=1ms,22.586,
2736,10,850,2868904786,2026-07-14T15:47:06.789879+00:00,84.900165,50085,41,0202ab000352c3a5005a5811460e29efbf1ffffffc2246cd1e00000fc0007ebfe9ed0737feebfff600,1,TX 41 seq=25353 rx_latency=1ms tx_dur=1ms,14.358,
2736,10,851,2868904787,2026-07-14T15:47:06.889868+00:00,85.000142,50185,41,0202ab000353c409005a5811460e29efbf1ffffffc2246cd1e00000fc0007ebfe9ed0737feebfff600,1,TX 41 seq=25354 rx_latency=1ms tx_dur=1ms,16.137,
2736,10,852,2868904788,2026-07-14T15:47:06.989872+00:00,85.100149,50285,41,0202ab000354c46d005a5811460e29efbf1ffffffc2246cd1e00000fc0007ebfe9ed0737feebfff600,1,TX 41 seq=25355 rx_latency=1ms tx_dur=1ms,18.062,
2736,10,853,2868904789,2026-07-14T15:47:07.089867+00:00,85.200136,50385,41,0202ab000355c4d1005a5811460e29efbf1ffffffc2246cd1e00000fc0007ebfe9ed0737feebfff600,1,TX 41 seq=25356 rx_latency=1ms tx_dur=1ms,21.037,
2736,10,854,2868904790,2026-07-14T15:47:07.189872+00:00,85.300147,50485,41,0202ab000356c535005a5811460e29efbf1ffffffc2246cd1e00000fc0007ebfe9ed0737feebfff600,1,TX 41 seq=25357 rx_latency=1ms tx_dur=1ms,22.402,
2736,10,855,2868904791,2026-07-14T15:47:07.289869+00:00,85.400141,50585,41,0202ab000357c599005a5811460e29efbf1ffffffc2246cd1e00000fc0007ebfe9ed0737feebfff600,1,TX 41 seq=25358 rx_latency=1ms tx_dur=1ms,14.808,
2736,10,856,2868904792,2026-07-14T15:47:07.389868+00:00,85.500138,50685,41,0202ab000358c5fd005a5811460e29efbf1ffffffc2246cd1e00000fc0007ebfe9ed0737feebfff600,1,TX 41 seq=25359 rx_latency=1ms tx_dur=1ms,16.649,
2736,10,857,2868904793,2026-07-14T15:47:07.489871+00:00,85.600147,50785,41,0202ab000359c661005a5811460e29efbf1ffffffc2246cd1e00000fc0007ebfe9ed0737feebfff600,1,TX 41 seq=25360 rx_latency=1ms tx_dur=1ms,18.000,
2736,10,858,2868904794,2026-07-14T15:47:07.589870+00:00,85.700142,50885,41,0202ab00035ac6c5005a5811460e29efbf1ffffffc2246cd1e00000fc0007ebfe9ed0737feebfff600,1,TX 41 seq=25361 rx_latency=1ms tx_dur=1ms,20.377,
2736,10,859,2868904795,2026-07-14T15:47:07.689871+00:00,85.800151,50985,41,0202ab00035bc729005a5811460e29efbf1ffffffc2246cd1e00000fc0007ebfe9ed0737feebfff600,1,TX 41 seq=25362 rx_latency=1ms tx_dur=1ms,22.765,
2736,10,860,2868904796,2026-07-14T15:47:07.789865+00:00,85.900132,51085,41,0202ab00035cc78d005a5811460e29efbf1ffffffc2246cd1e00000fc0007ebfe9ed0737feebfff600,1,TX 41 seq=25363 rx_latency=1ms tx_dur=1ms,14.590,
2736,10,861,2868904797,2026-07-14T15:47:07.889870+00:00,86.000143,51185,41,0202ab00035dc7f1005a5811460e29efbf1ffffffc2246cd1e00000fc0007ebfe9ed0737feebfff600,1,TX 41 seq=25364 rx_latency=1ms tx_dur=1ms,16.275,
2736,10,862,2868904798,2026-07-14T15:47:07.989871+00:00,86.100145,51285,41,0202ab00035ec855005a5811460e29efbf1ffffffc2246cd1e00000fc0007ebfe9ed0737feebfff600,1,TX 41 seq=25365 rx_latency=1ms tx_dur=1ms,18.205,
2736,10,863,2868904799,2026-07-14T15:47:08.089863+00:00,86.200132,51385,41,0202ab00035fc8b9005a5811460e29efbf1ffffffc2246cd1e00000fc0007ebfe9ed0737feebfff600,1,TX 41 seq=25366 rx_latency=1ms tx_dur=1ms,20.054,
2736,10,864,2868904800,2026-07-14T15:47:08.189870+00:00,86.300141,51485,41,0202ab000360c91d005a5811460e29efbf1ffffffc2246cd1e00000fc0007ebfe9ed0737feebfff600,1,TX 41 seq=25367 rx_latency=1ms tx_dur=1ms,22.534,
2736,10,865,2868904801,2026-07-14T15:47:08.289807+00:00,86.400080,51585,41,0202ab000361c981005a5811460e29efbf1ffffffc2246cd1e00000fc0007ebfe9ed0737feebfff600,1,TX 41 seq=25368 rx_latency=1ms tx_dur=1ms,14.992,
2736,10,866,2868904802,2026-07-14T15:47:08.389869+00:00,86.500140,51685,41,0202ab000362c9e5005a5811460e29efbf1ffffffc2246cd1e00000fc0007ebfe9ed0737feebfff600,1,TX 41 seq=25369 rx_latency=1ms tx_dur=1ms,16.780,
2736,10,867,2868904803,2026-07-14T15:47:08.489865+00:00,86.600135,51785,41,0202ab000363ca49005a5811460e29efbf1ffffffc2246cd1e00000fc0007ebfe9ed0737feebfff600,1,TX 41 seq=25370 rx_latency=1ms tx_dur=1ms,18.038,
2736,10,868,2868904804,2026-07-14T15:47:08.589865+00:00,86.700136,51885,41,0202ab000364caad005a5811460e29efbf1ffffffc2246cd1e00000fc0007ebfe9ed0737feebfff600,1,TX 41 seq=25371 rx_latency=1ms tx_dur=1ms,20.402,
2736,10,869,2868904805,2026-07-14T15:47:08.689869+00:00,86.800141,51985,41,0202ab000365cb11005a5811460e29efbf1ffffffc2246cd1e00000fc0007ebfe9ed0737feebfff600,1,TX 41 seq=25372 rx_latency=1ms tx_dur=1ms,22.158,
2736,10,870,2868904806,2026-07-14T15:47:08.789868+00:00,86.900138,52085,41,0202ab000366cb75005a5811460e29efbf1ffffffc2246cd1e00000fc0007ebfe9ed0737feebfff600,1,TX 41 seq=25373 rx_latency=1ms tx_dur=1ms,15.088,
2736,10,871,2868904807,2026-07-14T15:47:08.889875+00:00,87.000155,52185,41,0202ab000367cbd9005a5811460e29efbf1ffffffc2246cd1e00000fc0007ebfe9ed0737feebfff600,1,TX 41 seq=25374 rx_latency=1ms tx_dur=1ms,16.936,
2736,10,872,2868904808,2026-07-14T15:47:08.989846+00:00,87.100151,52285,41,0202ab000368cc3d005a5811460e29efbf1ffffffc2246cd1e00000fc0007ebfe9ed0737feebfff600,1,TX 41 seq=25375 rx_latency=1ms tx_dur=1ms,18.200,
2736,10,873,2868904809,2026-07-14T15:47:09.089868+00:00,87.200142,52385,41,0202ab000369cca1005a5811460e29efbf1ffffffc2246cd1e00000fc0007ebfe9ed0737feebfff600,1,TX 41 seq=25376 rx_latency=1ms tx_dur=1ms,21.060,
2736,10,874,2868904810,2026-07-14T15:47:09.189872+00:00,87.300151,52485,41,0202ab00036acd05005a5811460e29efbf1ffffffc2246cd1e00000fc0007ebfe9ed0737feebfff600,1,TX 41 seq=25377 rx_latency=1ms tx_dur=1ms,22.802,
2736,10,875,2868904811,2026-07-14T15:47:09.289864+00:00,87.400132,52585,41,0202ab00036bcd69005a5811460e29efbf1ffffffc2246cd1e00000fc0007ebfe9ed0737feebfff600,1,TX 41 seq=25378 rx_latency=1ms tx_dur=1ms,14.819,
2736,10,876,2868904812,2026-07-14T15:47:09.389872+00:00,87.500150,52685,41,0202ab00036ccdcd005a5811460e29efbf1ffffffc2246cd1e00000fc0007ebfe9ed0737feebfff600,1,TX 41 seq=25379 rx_latency=1ms tx_dur=1ms,16.093,
2736,10,877,2868904813,2026-07-14T15:47:09.489846+00:00,87.600118,52785,41,0202ab00036dce31005a5811460e29efbf1ffffffc2246cd1e00000fc0007ebfe9ed0737feebfff600,1,TX 41 seq=25380 rx_latency=1ms tx_dur=1ms,18.979,
2736,10,878,2868904814,2026-07-14T15:47:09.589866+00:00,87.700136,52885,41,0202ab00036ece95005a5811460e29efbf1ffffffc2246cd1e00000fc0007ebfe9ed0737feebfff600,1,TX 41 seq=25381 rx_latency=1ms tx_dur=1ms,20.653,
2736,10,879,2868904815,2026-07-14T15:47:09.689807+00:00,87.800080,52985,41,0202ab00036fcef9005a5811460e29efbf1ffffffc2246cd1e00000fc0007ebfe9ed0737feebfff600,1,TX 41 seq=25382 rx_latency=1ms tx_dur=1ms,22.680,
2736,10,880,2868904816,2026-07-14T15:47:09.789861+00:00,87.900127,53085,41,0202ab000370cf5d005a5811460e29efbf1ffffffc2246cd1e00000fc0007ebfe9ed0737feebfff600,1,TX 41 seq=25383 rx_latency=1ms tx_dur=1ms,14.549,
2736,10,881,2868904817,2026-07-14T15:47:09.889880+00:00,88.000167,53185,41,0202ab000371cfc1005a5811460e29efbf1ffffffc2246cd1e00000fc0007ebfe9ed0737feebfff600,1,TX 41 seq=25384 rx_latency=1ms tx_dur=1ms,16.892,
2736,10,882,2868904818,2026-07-14T15:47:09.989869+00:00,88.100141,53285,41,0202ab000372d025005a5811460e29efbf1ffffffc2246cd1e00000fc0007ebfe9ed0737feebfff600,1,TX 41 seq=25385 rx_latency=1ms tx_dur=1ms,18.223,
2736,10,883,2868904819,2026-07-14T15:47:10.089865+00:00,88.200134,53385,41,0202ab000373d089005a5811460e29efbf1ffffffc2246cd1e00000fc0007ebfe9ed0737feebfff600,1,TX 41 seq=25386 rx_latency=1ms tx_dur=1ms,20.068,
2736,10,884,2868904820,2026-07-14T15:47:10.189871+00:00,88.300143,53485,41,0202ab000374d0ed005a5811460e29efbf1ffffffc2246cd1e00000fc0007ebfe9ed0737feebfff600,1,TX 41 seq=25387 rx_latency=1ms tx_dur=1ms,22.534,
2736,10,885,2868904821,2026-07-14T15:47:10.289812+00:00,88.400082,53585,41,0202ab000375d151005a5811460e29efbf1ffffffc2246cd1e00000fc0007ebfe9ed0737feebfff600,1,TX 41 seq=25388 rx_latency=1ms tx_dur=1ms,14.999,
2736,10,886,2868904822,2026-07-14T15:47:10.389799+00:00,88.500074,53685,41,0202ab000376d1b5005a5811460e29efbf1ffffffc2246cd1e00000fc0007ebfe9ed0737feebfff600,1,TX 41 seq=25389 rx_latency=1ms tx_dur=1ms,16.834,
2736,10,887,2868904823,2026-07-14T15:47:10.489869+00:00,88.600141,53785,41,0202ab000377d219005a5811460e29efbf1ffffffc2246cd1e00000fc0007ebfe9ed0737feebfff600,1,TX 41 seq=25390 rx_latency=1ms tx_dur=1ms,18.080,
2736,10,888,2868904824,2026-07-14T15:47:10.589864+00:00,88.700133,53885,41,0202ab000378d27d005a5811460e29efbf1ffffffc2246cd1e00000fc0007ebfe9ed0737feebfff600,1,TX 41 seq=25391 rx_latency=1ms tx_dur=1ms,20.430,
2736,10,889,2868904825,2026-07-14T15:47:10.689870+00:00,88.800142,53985,41,0202ab000379d2e1005a5811460e29efbf1ffffffc2246cd1e00000fc0007ebfe9ed0737feebfff600,1,TX 41 seq=25392 rx_latency=1ms tx_dur=1ms,22.186,
2736,10,890,2868904826,2026-07-14T15:47:10.789867+00:00,88.900141,54085,41,0202ab00037ad345005a5811460e29efbf1ffffffc2246cd1e00000fc0007ebfe9ed0737feebfff600,1,TX 41 seq=25393 rx_latency=1ms tx_dur=1ms,15.048,
2736,10,891,2868904827,2026-07-14T15:47:10.889882+00:00,89.000173,54185,41,0202ab00037bd3a9005a5811460e29efbf1ffffffc2246cd1e00000fc0007ebfe9ed0737feebfff600,1,TX 41 seq=25394 rx_latency=1ms tx_dur=1ms,15.921,
2736,10,892,2868904828,2026-07-14T15:47:10.989871+00:00,89.100152,54285,41,0202ab00037cd40d005a5811460e29efbf1ffffffc2246cd1e00000fc0007ebfe9ed0737feebfff600,1,TX 41 seq=25395 rx_latency=1ms tx_dur=1ms,18.433,
2736,10,893,2868904829,2026-07-14T15:47:11.089852+00:00,89.200131,54385,41,0202ab00037dd471005a5811460e29efbf1ffffffc2246cd1e00000fc0007ebfe9ed0737feebfff600,1,TX 41 seq=25396 rx_latency=1ms tx_dur=1ms,20.590,
2736,10,894,2868904830,2026-07-14T15:47:11.189865+00:00,89.300134,54485,41,0202ab00037ed4d5005a5811460e29efbf1ffffffc2246cd1e00000fc0007ebfe9ed0737feebfff600,1,TX 41 seq=25397 rx_latency=1ms tx_dur=1ms,22.484,
2736,10,895,2868904831,2026-07-14T15:47:11.289870+00:00,89.400142,54585,41,0202ab00037fd539005a5811460e29efbf1ffffffc2246cd1e00000fc0007ebfe9ed0737feebfff600,1,TX 41 seq=25398 rx_latency=1ms tx_dur=1ms,14.991,
2736,10,896,2868904832,2026-07-14T15:47:11.389807+00:00,89.500081,54685,41,0202ab000380d59d005a5811460e29efbf1ffffffc2246cd1e00000fc0007ebfe9ed0737feebfff600,1,TX 41 seq=25399 rx_latency=1ms tx_dur=1ms,16.792,
2736,10,897,2868904833,2026-07-14T15:47:11.489872+00:00,89.600147,54785,41,0202ab000381d601005a5811460e29efbf1ffffffc2246cd1e00000fc0007ebfe9ed0737feebfff600,1,TX 41 seq=25400 rx_latency=1ms tx_dur=1ms,18.431,
2736,10,898,2868904834,2026-07-14T15:47:11.589871+00:00,89.700143,54885,41,0202ab000382d665005a5811460e29efbf1ffffffc2246cd1e00000fc0007ebfe9ed0737feebfff600,1,TX 41 seq=25401 rx_latency=1ms tx_dur=1ms,20.385,
2736,10,899,2868904835,2026-07-14T15:47:11.689831+00:00,89.800107,54985,41,0202ab000383d6c9005a5811460e29efbf1ffffffc2246cd1e00000fc0007ebfe9ed0737feebfff600,1,TX 41 seq=25402 rx_latency=1ms tx_dur=1ms,22.248,
2736,10,900,2868904836,2026-07-14T15:47:11.789869+00:00,89.900140,55085,41,0202ab000384d72d005a5811460e29efbf1ffffffc2246cd1e00000fc0007ebfe9ed0737feebfff600,1,TX 41 seq=25403 rx_latency=1ms tx_dur=1ms,14.742,
2736,10,901,2868904837,2026-07-14T15:47:11.889879+00:00,90.000164,55185,41,0202ab000385d791005a5811460e29efbf1ffffffc2246cd1e00000fc0007ebfe9ed0737feebfff600,1,TX 41 seq=25404 rx_latency=1ms tx_dur=1ms,15.953,
2736,10,902,2868904838,2026-07-14T15:47:11.989866+00:00,90.100138,55285,41,0202ab000386d7f5005a5811460e29efbf1ffffffc2246cd1e00000fc0007ebfe9ed0737feebfff600,1,TX 41 seq=25405 rx_latency=1ms tx_dur=1ms,18.953,
2736,10,903,2868904839,2026-07-14T15:47:12.089879+00:00,90.200166,55385,41,0202ab000387d859005a5811460e29efbf1ffffffc2246cd1e00000fc0007ebfe9ed0737feebfff600,1,TX 41 seq=25406 rx_latency=1ms tx_dur=1ms,20.243,
2736,10,904,2868904840,2026-07-14T15:47:12.189867+00:00,90.300141,55485,41,0202ab000388d8bd005a5811460e29efbf1ffffffc2246cd1e00000fc0007ebfe9ed0737feebfff600,1,TX 41 seq=25407 rx_latency=1ms tx_dur=1ms,22.605,
2736,10,905,2868904841,2026-07-14T15:47:12.289869+00:00,90.400142,55585,41,0202ab000389d921005a5811460e29efbf1ffffffc2246cd1e00000fc0007ebfe9ed0737feebfff600,1,TX 41 seq=25408 rx_latency=1ms tx_dur=1ms,14.543,
2736,10,906,2868904842,2026-07-14T15:47:12.389868+00:00,90.500139,55685,41,0202ab00038ad985005a5811460e29efbf1ffffffc2246cd1e00000fc0007ebfe9ed0737feebfff600,1,TX 41 seq=25409 rx_latency=1ms tx_dur=1ms,17.034,
2736,10,907,2868904843,2026-07-14T15:47:12.489889+00:00,90.600186,55785,41,0202ab00038bd9e9005a5811460e29efbf1ffffffc2246cd1e00000fc0007ebfe9ed0737feebfff600,1,TX 41 seq=25410 rx_latency=1ms tx_dur=1ms,18.412,
2736,10,908,2868904844,2026-07-14T15:47:12.589872+00:00,90.700151,55885,41,0202ab00038cda4d005a5811460e29efbf1ffffffc2246cd1e00000fc0007ebfe9ed0737feebfff600,1,TX 41 seq=25411 rx_latency=1ms tx_dur=1ms,20.616,
2736,10,909,2868904845,2026-07-14T15:47:12.689871+00:00,90.800144,55985,41,0202ab00038ddab1005a5811460e29efbf1ffffffc2246cd1e00000fc0007ebfe9ed0737feebfff600,1,TX 41 seq=25412 rx_latency=1ms tx_dur=1ms,22.612,
2736,10,910,2868904846,2026-07-14T15:47:12.789864+00:00,90.900131,56085,41,0202ab00038edb15005a5811460e29efbf1ffffffc2246cd1e00000fc0007ebfe9ed0737feebfff600,1,TX 41 seq=25413 rx_latency=1ms tx_dur=1ms,14.545,
2736,10,911,2868904847,2026-07-14T15:47:12.889870+00:00,91.000140,56185,41,0202ab00038fdb79005a5811460e29efbf1ffffffc2246cd1e00000fc0007ebfe9ed0737feebfff600,1,TX 41 seq=25414 rx_latency=1ms tx_dur=1ms,16.973,
2736,10,912,2868904848,2026-07-14T15:47:12.989870+00:00,91.100139,56285,41,0202ab000390dbdd005a5811460e29efbf1ffffffc2246cd1e00000fc0007ebfe9ed0737feebfff600,1,TX 41 seq=25415 rx_latency=1ms tx_dur=1ms,18.240,
2736,10,913,2868904849,2026-07-14T15:47:13.089833+00:00,91.200101,56385,41,0202ab000391dc41005a5811460e29efbf1ffffffc2246cd1e00000fc0007ebfe9ed0737feebfff600,1,TX 41 seq=25416 rx_latency=1ms tx_dur=1ms,20.197,
2736,10,914,2868904850,2026-07-14T15:47:13.189871+00:00,91.300151,56485,41,0202ab000392dca5005a5811460e29efbf1ffffffc2246cd1e00000fc0007ebfe9ed0737feebfff600,1,TX 41 seq=25417 rx_latency=1ms tx_dur=1ms,22.484,
2736,10,915,2868904851,2026-07-14T15:47:13.289875+00:00,91.400150,56585,41,0202ab000393dd09005a5811460e29efbf1ffffffc2246cd1e00000fc0007ebfe9ed0737feebfff600,1,TX 41 seq=25418 rx_latency=1ms tx_dur=1ms,14.938,
2736,10,916,2868904852,2026-07-14T15:47:13.389809+00:00,91.500081,56685,41,0202ab000394dd6d005a5811460e29efbf1ffffffc2246cd1e00000fc0007ebfe9ed0737feebfff600,1,TX 41 seq=25419 rx_latency=1ms tx_dur=1ms,16.844,
2736,10,917,2868904853,2026-07-14T15:47:13.489870+00:00,91.600141,56785,41,0202ab000395ddd1005a5811460e29efbf1ffffffc2246cd1e00000fc0007ebfe9ed0737feebfff600,1,TX 41 seq=25420 rx_latency=1ms tx_dur=1ms,18.070,
2736,10,918,2868904854,2026-07-14T15:47:13.589871+00:00,91.700143,56885,41,0202ab000396de35005a5811460e29efbf1ffffffc2246cd1e00000fc0007ebfe9ed0737feebfff600,1,TX 41 seq=25421 rx_latency=1ms tx_dur=1ms,20.442,
2736,10,919,2868904855,2026-07-14T15:47:13.689883+00:00,91.800178,56985,41,0202ab000397de99005a5811460e29efbf1ffffffc2246cd1e00000fc0007ebfe9ed0737feebfff600,1,TX 41 seq=25422 rx_latency=1ms tx_dur=1ms,22.035,
2736,10,920,2868904856,2026-07-14T15:47:13.789873+00:00,91.900148,57085,41,0202ab000398defd005a5811460e29efbf1ffffffc2246cd1e00000fc0007ebfe9ed0737feebfff600,1,TX 41 seq=25423 rx_latency=1ms tx_dur=1ms,15.048,
2736,10,921,2868904857,2026-07-14T15:47:13.889870+00:00,92.000140,57185,41,0202ab000399df61005a5811460e29efbf1ffffffc2246cd1e00000fc0007ebfe9ed0737feebfff600,1,TX 41 seq=25424 rx_latency=1ms tx_dur=1ms,16.992,
2736,10,922,2868904858,2026-07-14T15:47:13.989869+00:00,92.100139,57285,41,0202ab00039adfc5005a5811460e29efbf1ffffffc2246cd1e00000fc0007ebfe9ed0737feebfff600,1,TX 41 seq=25425 rx_latency=1ms tx_dur=1ms,18.291,
2736,10,923,2868904859,2026-07-14T15:47:14.089837+00:00,92.200107,57385,41,0202ab00039be029005a5811460e29efbf1ffffffc2246cd1e00000fc0007ebfe9ed0737feebfff600,1,TX 41 seq=25426 rx_latency=1ms tx_dur=1ms,20.051,
2736,10,924,2868904860,2026-07-14T15:47:14.189870+00:00,92.300149,57485,41,0202ab00039ce08d005a5811460e29efbf1ffffffc2246cd1e00000fc0007ebfe9ed0737feebfff600,1,TX 41 seq=25427 rx_latency=1ms tx_dur=1ms,22.772,
2736,10,925,2868904861,2026-07-14T15:47:14.289872+00:00,92.400146,57585,41,0202ab00039de0f1005a5811460e29efbf1ffffffc2246cd1e00000fc0007ebfe9ed0737feebfff600,1,TX 41 seq=25428 rx_latency=1ms tx_dur=1ms,14.811,
2736,10,926,2868904862,2026-07-14T15:47:14.389868+00:00,92.500137,57685,41,0202ab00039ee155005a5811460e29efbf1ffffffc2246cd1e00000fc0007ebfe9ed0737feebfff600,1,TX 41 seq=25429 rx_latency=1ms tx_dur=1ms,16.680,
2736,10,927,2868904863,2026-07-14T15:47:14.489869+00:00,92.600139,57785,41,0202ab00039fe1b9005a5811460e29efbf1ffffffc2246cd1e00000fc0007ebfe9ed0737feebfff600,1,TX 41 seq=25430 rx_latency=1ms tx_dur=1ms,18.046,
2736,10,928,2868904864,2026-07-14T15:47:14.589868+00:00,92.700138,57885,41,0202ab0003a0e21d005a5811460e29efbf1ffffffc2246cd1e00000fc0007ebfe9ed0737feebfff600,1,TX 41 seq=25431 rx_latency=1ms tx_dur=1ms,20.399,
2736,10,929,2868904865,2026-07-14T15:47:14.689865+00:00,92.800135,57985,41,0202ab0003a1e281005a5811460e29efbf1ffffffc2246cd1e00000fc0007ebfe9ed0737feebfff600,1,TX 41 seq=25432 rx_latency=1ms tx_dur=1ms,22.225,
2736,10,930,2868904866,2026-07-14T15:47:14.789870+00:00,92.900142,58085,41,0202ab0003a2e2e5005a5811460e29efbf1ffffffc2246cd1e00000fc0007ebfe9ed0737feebfff600,1,TX 41 seq=25433 rx_latency=1ms tx_dur=1ms,14.755,
2736,10,931,2868904867,2026-07-14T15:47:14.889870+00:00,93.000139,58185,41,0202ab0003a3e349005a5811460e29efbf1ffffffc2246cd1e00000fc0007ebfe9ed0737feebfff600,1,TX 41 seq=25434 rx_latency=1ms tx_dur=1ms,16.019,
2736,10,932,2868904868,2026-07-14T15:47:14.989868+00:00,93.100136,58285,41,0202ab0003a4e3ad005a5811460e29efbf1ffffffc2246cd1e00000fc0007ebfe9ed0737feebfff600,1,TX 41 seq=25435 rx_latency=1ms tx_dur=1ms,18.973,
2736,10,933,2868904869,2026-07-14T15:47:15.089868+00:00,93.200137,58385,41,0202ab0003a5e411005a5811460e29efbf1ffffffc2246cd1e00000fc0007ebfe9ed0737feebfff600,1,TX 41 seq=25436 rx_latency=1ms tx_dur=1ms,20.335,
2736,10,934,2868904870,2026-07-14T15:47:15.189871+00:00,93.300142,58485,41,0202ab0003a6e475005a5811460e29efbf1ffffffc2246cd1e00000fc0007ebfe9ed0737feebfff600,1,TX 41 seq=25437 rx_latency=1ms tx_dur=1ms,22.683,
2736,10,935,2868904871,2026-07-14T15:47:15.289866+00:00,93.400134,58585,41,0202ab0003a7e4d9005a5811460e29efbf1ffffffc2246cd1e00000fc0007ebfe9ed0737feebfff600,1,TX 41 seq=25438 rx_latency=1ms tx_dur=1ms,14.608,
2736,10,936,2868904872,2026-07-14T15:47:15.389880+00:00,93.500168,58685,41,0202ab0003a8e53d005a5811460e29efbf1ffffffc2246cd1e00000fc0007ebfe9ed0737feebfff600,1,TX 41 seq=25439 rx_latency=1ms tx_dur=1ms,16.982,
2736,10,937,2868904873,2026-07-14T15:47:15.489870+00:00,93.600142,58785,41,0202ab0003a9e5a1005a5811460e29efbf1ffffffc2246cd1e00000fc0007ebfe9ed0737feebfff600,1,TX 41 seq=25440 rx_latency=1ms tx_dur=1ms,18.309,
2736,10,938,2868904874,2026-07-14T15:47:15.589871+00:00,93.700142,58885,41,0202ab0003aae605005a5811460e29efbf1ffffffc2246cd1e00000fc0007ebfe9ed0737feebfff600,1,TX 41 seq=25441 rx_latency=1ms tx_dur=1ms,20.116,
2736,10,939,2868904875,2026-07-14T15:47:15.689867+00:00,93.800139,58985,41,0202ab0003abe669005a5811460e29efbf1ffffffc2246cd1e00000fc0007ebfe9ed0737feebfff600,1,TX 41 seq=25442 rx_latency=1ms tx_dur=1ms,22.617,
2736,10,940,2868904876,2026-07-14T15:47:15.789870+00:00,93.900142,59085,41,0202ab0003ace6cd005a5811460e29efbf1ffffffc2246cd1e00000fc0007ebfe9ed0737feebfff600,1,TX 41 seq=25443 rx_latency=1ms tx_dur=1ms,15.130,
2736,10,941,2868904877,2026-07-14T15:47:15.889872+00:00,94.000144,59185,41,0202ab0003ade731005a5811460e29efbf1ffffffc2246cd1e00000fc0007ebfe9ed0737feebfff600,1,TX 41 seq=25444 rx_latency=1ms tx_dur=1ms,16.171,
2736,10,942,2868904878,2026-07-14T15:47:15.989870+00:00,94.100139,59285,41,0202ab0003aee795005a5811460e29efbf1ffffffc2246cd1e00000fc0007ebfe9ed0737feebfff600,1,TX 41 seq=25445 rx_latency=1ms tx_dur=1ms,18.126,
2736,10,943,2868904879,2026-07-14T15:47:16.089870+00:00,94.200137,59385,41,0202ab0003afe7f9005a5811460e29efbf1ffffffc2246cd1e00000fc0007ebfe9ed0737feebfff600,1,TX 41 seq=25446 rx_latency=1ms tx_dur=1ms,20.540,
2736,10,944,2868904880,2026-07-14T15:47:16.189878+00:00,94.300149,59485,41,0202ab0003b0e85d005a5811460e29efbf1ffffffc2246cd1e00000fc0007ebfe9ed0737feebfff600,1,TX 41 seq=25447 rx_latency=1ms tx_dur=1ms,22.133,
2736,10,945,2868904881,2026-07-14T15:47:16.289872+00:00,94.400138,59585,41,0202ab0003b1e8c1005a5811460e29efbf1ffffffc2246cd1e00000fc0007ebfe9ed0737feebfff600,1,TX 41 seq=25448 rx_latency=1ms tx_dur=1ms,14.083,
2736,10,946,2868904882,2026-07-14T15:47:16.389883+00:00,94.500163,59685,41,0202ab0003b2e925005a5811460e29efbf1ffffffc2246cd1e00000fc0007ebfe9ed0737feebfff600,1,TX 41 seq=25449 rx_latency=1ms tx_dur=1ms,15.908,
2736,10,947,2868904883,2026-07-14T15:47:16.489897+00:00,94.600170,59785,41,0202ab0003b3e989005a5811460e29efbf1ffffffc2246cd1e00000fc0007ebfe9ed0737feebfff600,1,TX 41 seq=25450 rx_latency=1ms tx_dur=1ms,18.340,
2736,10,948,2868904884,2026-07-14T15:47:16.589943+00:00,94.700221,59885,41,0202ab0003b4e9ed005a5811460e29efbf1ffffffc2246cd1e00000fc0007ebfe9ed0737feebfff600,1,TX 41 seq=25451 rx_latency=1ms tx_dur=1ms,19.909,
2736,10,949,2868904885,2026-07-14T15:47:16.689863+00:00,94.800129,59985,41,0202ab0003b5ea51005a5811460e29efbf1ffffffc2246cd1e00000fc0007ebfe9ed0737feebfff600,1,TX 41 seq=25452 rx_latency=1ms tx_dur=1ms,23.016,
2736,10,950,2868904886,2026-07-14T15:47:16.789868+00:00,94.900138,60085,41,0202ab0003b6eab5005a5811460e29efbf1ffffffc2246cd1e00000fc0007ebfe9ed0737feebfff600,1,TX 41 seq=25453 rx_latency=1ms tx_dur=1ms,14.916,
2736,10,951,2868904887,2026-07-14T15:47:16.889870+00:00,95.000142,60185,41,0202ab0003b7eb19005a5811460e29efbf1ffffffc2246cd1e00000fc0007ebfe9ed0737feebfff600,1,TX 41 seq=25454 rx_latency=1ms tx_dur=1ms,16.732,
2736,10,952,2868904888,2026-07-14T15:47:16.989866+00:00,95.100137,60285,41,0202ab0003b8eb7d005a5811460e29efbf1ffffffc2246cd1e00000fc0007ebfe9ed0737feebfff600,1,TX 41 seq=25455 rx_latency=1ms tx_dur=1ms,18.112,
2736,10,953,2868904889,2026-07-14T15:47:17.089866+00:00,95.200136,60385,41,0202ab0003b9ebe1005a5811460e29efbf1ffffffc2246cd1e00000fc0007ebfe9ed0737feebfff600,1,TX 41 seq=25456 rx_latency=1ms tx_dur=1ms,20.485,
2736,10,954,2868904890,2026-07-14T15:47:17.189869+00:00,95.300139,60485,41,0202ab0003baec45005a5811460e29efbf1ffffffc2246cd1e00000fc0007ebfe9ed0737feebfff600,1,TX 41 seq=25457 rx_latency=1ms tx_dur=1ms,22.318,
2736,10,955,2868904891,2026-07-14T15:47:17.289865+00:00,95.400135,60585,41,0202ab0003bbeca9005a5811460e29efbf1ffffffc2246cd1e00000fc0007ebfe9ed0737feebfff600,1,TX 41 seq=25458 rx_latency=1ms tx_dur=1ms,14.763,
2736,10,956,2868904892,2026-07-14T15:47:17.389868+00:00,95.500140,60685,41,0202ab0003bced0d005a5811460e29efbf1ffffffc2246cd1e00000fc0007ebfe9ed0737feebfff600,1,TX 41 seq=25459 rx_latency=1ms tx_dur=1ms,16.011,
2736,10,957,2868904893,2026-07-14T15:47:17.489871+00:00,95.600149,60785,41,0202ab0003bded71005a5811460e29efbf1ffffffc2246cd1e00000fc0007ebfe9ed0737feebfff600,1,TX 41 seq=25460 rx_latency=1ms tx_dur=1ms,18.860,
2736,10,958,2868904894,2026-07-14T15:47:17.589875+00:00,95.700155,60885,41,0202ab0003beedd5005a5811460e29efbf1ffffffc2246cd1e00000fc0007ebfe9ed0737feebfff600,1,TX 41 seq=25461 rx_latency=1ms tx_dur=1ms,20.528,
2736,10,959,2868904895,2026-07-14T15:47:17.689870+00:00,95.800142,60985,41,0202ab0003bfee39005a5811460e29efbf1ffffffc2246cd1e00000fc0007ebfe9ed0737feebfff600,1,TX 41 seq=25462 rx_latency=1ms tx_dur=1ms,22.514,
2736,10,960,2868904896,2026-07-14T15:47:17.789866+00:00,95.900137,61085,41,0202ab0003c0ee9d005a5811460e29efbf1ffffffc2246cd1e00000fc0007ebfe9ed0737feebfff600,1,TX 41 seq=25463 rx_latency=1ms tx_dur=1ms,14.981,
2736,10,961,2868904897,2026-07-14T15:47:17.889811+00:00,96.000079,61185,41,0202ab0003c1ef01005a5811460e29efbf1ffffffc2246cd1e00000fc0007ebfe9ed0737feebfff600,1,TX 41 seq=25464 rx_latency=1ms tx_dur=1ms,16.794,
2736,10,962,2868904898,2026-07-14T15:47:17.989869+00:00,96.100140,61285,41,0202ab0003c2ef65005a5811460e29efbf1ffffffc2246cd1e00000fc0007ebfe9ed0737feebfff600,1,TX 41 seq=25465 rx_latency=1ms tx_dur=1ms,18.450,
2736,10,963,2868904899,2026-07-14T15:47:18.089870+00:00,96.200141,61385,41,0202ab0003c3efc9005a5811460e29efbf1ffffffc2246cd1e00000fc0007ebfe9ed0737feebfff600,1,TX 41 seq=25466 rx_latency=1ms tx_dur=1ms,20.384,
2736,10,964,2868904900,2026-07-14T15:47:18.189863+00:00,96.300128,61485,41,0202ab0003c4f02d005a5811460e29efbf1ffffffc2246cd1e00000fc0007ebfe9ed0737feebfff600,1,TX 41 seq=25467 rx_latency=1ms tx_dur=1ms,22.268,
2736,10,965,2868904901,2026-07-14T15:47:18.289870+00:00,96.400143,61585,41,0202ab0003c5f091005a5811460e29efbf1ffffffc2246cd1e00000fc0007ebfe9ed0737feebfff600,1,TX 41 seq=25468 rx_latency=1ms tx_dur=1ms,14.702,
2736,10,966,2868904902,2026-07-14T15:47:18.389864+00:00,96.500131,61685,41,0202ab0003c6f0f5005a5811460e29efbf1ffffffc2246cd1e00000fc0007ebfe9ed0737feebfff600,1,TX 41 seq=25469 rx_latency=1ms tx_dur=1ms,17.093,
2736,10,967,2868904903,2026-07-14T15:47:18.489890+00:00,96.600189,61785,41,0202ab0003c7f159005a5811460e29efbf1ffffffc2246cd1e00000fc0007ebfe9ed0737feebfff600,1,TX 41 seq=25470 rx_latency=1ms tx_dur=1ms,18.254,
2736,10,968,2868904904,2026-07-14T15:47:18.589868+00:00,96.700145,61885,41,0202ab0003c8f1bd005a5811460e29efbf1ffffffc2246cd1e00000fc0007ebfe9ed0737feebfff600,1,TX 41 seq=25471 rx_latency=1ms tx_dur=1ms,20.095,
2736,10,969,2868904905,2026-07-14T15:47:18.689881+00:00,96.800171,61985,41,0202ab0003c9f221005a5811460e29efbf1ffffffc2246cd1e00000fc0007ebfe9ed0737feebfff600,1,TX 41 seq=25472 rx_latency=1ms tx_dur=1ms,22.836,
2736,10,970,2868904906,2026-07-14T15:47:18.789866+00:00,96.900139,62085,41,0202ab0003caf285005a5811460e29efbf1ffffffc2246cd1e00000fc0007ebfe9ed0737feebfff600,1,TX 41 seq=25473 rx_latency=1ms tx_dur=1ms,14.890,
2736,10,971,2868904907,2026-07-14T15:47:18.889870+00:00,97.000144,62185,41,0202ab0003cbf2e9005a5811460e29efbf1ffffffc2246cd1e00000fc0007ebfe9ed0737feebfff600,1,TX 41 seq=25474 rx_latency=1ms tx_dur=1ms,16.726,
2736,10,972,2868904908,2026-07-14T15:47:18.989871+00:00,97.100142,62285,41,0202ab0003ccf34d005a5811460e29efbf1ffffffc2246cd1e00000fc0007ebfe9ed0737feebfff600,1,TX 41 seq=25475 rx_latency=1ms tx_dur=1ms,18.148,
2736,10,973,2868904909,2026-07-14T15:47:19.089802+00:00,97.200075,62385,41,0202ab0003cdf3b1005a5811460e29efbf1ffffffc2246cd1e00000fc0007ebfe9ed0737feebfff600,1,TX 41 seq=25476 rx_latency=1ms tx_dur=1ms,20.553,
2736,10,974,2868904910,2026-07-14T15:47:19.189864+00:00,97.300136,62485,41,0202ab0003cef415005a5811460e29efbf1ffffffc2246cd1e00000fc0007ebfe9ed0737feebfff600,1,TX 41 seq=25477 rx_latency=1ms tx_dur=1ms,22.348,
2736,10,975,2868904911,2026-07-14T15:47:19.289869+00:00,97.400144,62585,41,0202ab0003cff479005a5811460e29efbf1ffffffc2246cd1e00000fc0007ebfe9ed0737feebfff600,1,TX 41 seq=25478 rx_latency=1ms tx_dur=1ms,14.812,
2736,10,976,2868904912,2026-07-14T15:47:19.389864+00:00,97.500131,62685,41,0202ab0003d0f4dd005a5811460e29efbf1ffffffc2246cd1e00000fc0007ebfe9ed0737feebfff600,1,TX 41 seq=25479 rx_latency=1ms tx_dur=1ms,16.247,
2736,10,977,2868904913,2026-07-14T15:47:19.489869+00:00,97.600140,62785,41,0202ab0003d1f541005a5811460e29efbf1ffffffc2246cd1e00000fc0007ebfe9ed0737feebfff600,1,TX 41 seq=25480 rx_latency=1ms tx_dur=1ms,18.366,
2736,10,978,2868904914,2026-07-14T15:47:19.589864+00:00,97.700132,62885,41,0202ab0003d2f5a5005a5811460e29efbf1ffffffc2246cd1e00000fc0007ebfe9ed0737feebfff600,1,TX 41 seq=25481 rx_latency=1ms tx_dur=1ms,20.248,
2736,10,979,2868904915,2026-07-14T15:47:19.689894+00:00,97.800197,62985,41,0202ab0003d3f609005a5811460e29efbf1ffffffc2246cd1e00000fc0007ebfe9ed0737feebfff600,1,TX 41 seq=25482 rx_latency=1ms tx_dur=1ms,22.617,
2736,10,980,2868904916,2026-07-14T15:47:19.789814+00:00,97.900087,63085,41,0202ab0003d4f66d005a5811460e29efbf1ffffffc2246cd1e00000fc0007ebfe9ed0737feebfff600,1,TX 41 seq=25483 rx_latency=1ms tx_dur=1ms,14.523,
2736,10,981,2868904917,2026-07-14T15:47:19.889871+00:00,98.000144,63185,41,0202ab0003d5f6d1005a5811460e29efbf1ffffffc2246cd1e00000fc0007ebfe9ed0737feebfff600,1,TX 41 seq=25484 rx_latency=1ms tx_dur=1ms,16.190,
2736,10,982,2868904918,2026-07-14T15:47:19.989863+00:00,98.100128,63285,41,0202ab0003d6f735005a5811460e29efbf1ffffffc2246cd1e00000fc0007ebfe9ed0737feebfff600,1,TX 41 seq=25485 rx_latency=1ms tx_dur=1ms,18.114,
2736,10,983,2868904919,2026-07-14T15:47:20.089870+00:00,98.200142,63385,41,0202ab0003d7f799005a5811460e29efbf1ffffffc2246cd1e00000fc0007ebfe9ed0737feebfff600,1,TX 41 seq=25486 rx_latency=1ms tx_dur=1ms,20.526,
2736,10,984,2868904920,2026-07-14T15:47:20.189867+00:00,98.300138,63485,41,0202ab0003d8f7fd005a5811460e29efbf1ffffffc2246cd1e00000fc0007ebfe9ed0737feebfff600,1,TX 41 seq=25487 rx_latency=1ms tx_dur=1ms,22.219,
2736,10,985,2868904921,2026-07-14T15:47:20.289873+00:00,98.400147,63585,41,0202ab0003d9f861005a5811460e29efbf1ffffffc2246cd1e00000fc0007ebfe9ed0737feebfff600,1,TX 41 seq=25488 rx_latency=1ms tx_dur=1ms,14.021,
2736,10,986,2868904922,2026-07-14T15:47:20.389864+00:00,98.500133,63685,41,0202ab0003daf8c5005a5811460e29efbf1ffffffc2246cd1e00000fc0007ebfe9ed0737feebfff600,1,TX 41 seq=25489 rx_latency=1ms tx_dur=1ms,17.065,
2736,10,987,2868904923,2026-07-14T15:47:20.489869+00:00,98.600139,63785,41,0202ab0003dbf929005a5811460e29efbf1ffffffc2246cd1e00000fc0007ebfe9ed0737feebfff600,1,TX 41 seq=25490 rx_latency=1ms tx_dur=1ms,18.925,
2736,10,988,2868904924,2026-07-14T15:47:20.589870+00:00,98.700140,63885,41,0202ab0003dcf98d005a5811460e29efbf1ffffffc2246cd1e00000fc0007ebfe9ed0737feebfff600,1,TX 41 seq=25491 rx_latency=1ms tx_dur=1ms,20.279,
2736,10,989,2868904925,2026-07-14T15:47:20.689868+00:00,98.800138,63985,41,0202ab0003ddf9f1005a5811460e29efbf1ffffffc2246cd1e00000fc0007ebfe9ed0737feebfff600,1,TX 41 seq=25492 rx_latency=1ms tx_dur=1ms,22.649,
2736,10,990,2868904926,2026-07-14T15:47:20.789864+00:00,98.900130,64085,41,0202ab0003defa55005a5811460e29efbf1ffffffc2246cd1e00000fc0007ebfe9ed0737feebfff600,1,TX 41 seq=25493 rx_latency=1ms tx_dur=1ms,14.575,
2736,10,991,2868904927,2026-07-14T15:47:20.889880+00:00,99.000167,64185,41,0202ab0003dffab9005a5811460e29efbf1ffffffc2246cd1e00000fc0007ebfe9ed0737feebfff600,1,TX 41 seq=25494 rx_latency=1ms tx_dur=1ms,16.949,
2736,10,992,2868904928,2026-07-14T15:47:20.989863+00:00,99.100136,64285,41,0202ab0003e0fb1d005a5811460e29efbf1ffffffc2246cd1e00000fc0007ebfe9ed0737feebfff600,1,TX 41 seq=25495 rx_latency=1ms tx_dur=1ms,18.233,
2736,10,993,2868904929,2026-07-14T15:47:21.089870+00:00,99.200144,64385,41,0202ab0003e1fb81005a5811460e29efbf1ffffffc2246cd1e00000fc0007ebfe9ed0737feebfff600,1,TX 41 seq=25496 rx_latency=1ms tx_dur=1ms,20.090,
2736,10,994,2868904930,2026-07-14T15:47:21.189869+00:00,99.300139,64485,41,0202ab0003e2fbe5005a5811460e29efbf1ffffffc2246cd1e00000fc0007ebfe9ed0737feebfff600,1,TX 41 seq=25497 rx_latency=1ms tx_dur=1ms,22.470,
2736,10,995,2868904931,2026-07-14T15:47:21.289858+00:00,99.400126,64585,41,0202ab0003e3fc49005a5811460e29efbf1ffffffc2246cd1e00000fc0007ebfe9ed0737feebfff600,1,TX 41 seq=25498 rx_latency=1ms tx_dur=1ms,14.520,
2736,10,996,2868904932,2026-07-14T15:47:21.389875+00:00,99.500154,64685,41,0202ab0003e4fcad005a5811460e29efbf1ffffffc2246cd1e00000fc0007ebfe9ed0737feebfff600,1,TX 41 seq=25499 rx_latency=1ms tx_dur=1ms,16.908,
2736,10,997,2868904933,2026-07-14T15:47:21.489868+00:00,99.600140,64785,41,0202ab0003e5fd11005a5811460e29efbf1ffffffc2246cd1e00000fc0007ebfe9ed0737feebfff600,1,TX 41 seq=25500 rx_latency=1ms tx_dur=1ms,18.349,
2736,10,998,2868904934,2026-07-14T15:47:21.589873+00:00,99.700158,64885,41,0202ab0003e6fd75005a5811460e29efbf1ffffffc2246cd1e00000fc0007ebfe9ed0737feebfff600,1,TX 41 seq=25501 rx_latency=1ms tx_dur=1ms,21.058,
2736,10,999,2868904935,2026-07-14T15:47:21.689875+00:00,99.800150,64985,41,0202ab0003e7fdd9005a5811460e29efbf1ffffffc2246cd1e00000fc0007ebfe9ed0737feebfff600,1,TX 41 seq=25502 rx_latency=1ms tx_dur=1ms,22.538,
2736,10,1000,2868904936,2026-07-14T15:47:21.789870+00:00,99.900148,65085,41,0202ab0003e8fe3d005a5811460e29efbf1ffffffc2246cd1e00000fc0007ebfe9ed0737feebfff600,1,TX 41 seq=25503 rx_latency=1ms tx_dur=1ms,14.865,
